frontier campaign
date: 2026-09-25T08:15:51+03:00
host: arz
commit: cc97350
table: frontier-1m
lexindex: 4.5.0
kernel: Linux 7.2.7-200.fc44.x86_64 x86_64
cpu: AMD Ryzen 7 5800HS with Radeon Graphics
cores/threads: 8 / 16
caches: L2 512 KiB, L3 16384 KiB
governor: powersave
transparent hugepages: always [madvise] never
compiler: c++ (GCC) 16.2.1 20260819 (Red Hat 16.2.1-2)
rustc: rustc 1.98.1 (48a229cea 2026-09-01)
load at start: 1.56 0.97 0.64
memory: 38.6 GiB total, 35.2 available
swap in use: 0 MiB
memory layout: not read (needs root)
rounds: 3, even rounds in the reverse order
quiet before each process: under 1.0 busy CPUs for 1 s
clock ticks: 100
address space cap: 28000000 KB
timeout: 1800 s a process
pin c2: 92c1b861456b https://github.com/alexztc/C2
pin c2/lib/sdsl-lite: 4312ea9c9370 https://github.com/vgteam/sdsl-lite
pin c2/lib/ds2i: 4f46606cc077 https://github.com/aboffa/ds2i (modified: compact_elias_fano.hpp,succinct)
pin c2/lib/sux: 5944f6b5c1c7 https://github.com/vigna/sux (modified: sux/util/Vector.hpp)
pin c2/lib/fsst: e638d4cf8c26 https://github.com/cwida/fsst
pin c2/baseline_marisa/marisa: e54f296bb52d https://github.com/s-yata/marisa-trie
pin c2/baseline_ctriepp/ctriepp: 52d2c16a7bb6 https://gitlab.com/ofek.gila1/ctriepp
pin xcdat: 2451441dcc09 https://github.com/kampersanda/xcdat
pin c2/lib/ds2i/succinct: ea74747a8b1c (gitlink)
pin c2/lib/sdsl-lite/external/googletest: 71815bbf7de6 (gitlink)
pin c2/lib/sdsl-lite/external/libdivsufsort: 0f24acd8de20 (gitlink)
pin coco adapted headers: ee860d4b1e62 https://github.com/aboffa/CoCo-trie (by sha256)

##### words-full (479823 lines, 4953557 bytes)   round 1/3   2026-09-25T08:15:51+03:00
--- lexindex dict32   load 1.43 0.95 0.63
479823 keys
lexindex DictIndex block 32: build 53 ms, size 1.304 MiB (2.850 B/key), latency cold 201.7 ns, then mean 199.2 / min 198.7 ns
52.671,1.304057,201.687
[time 0.61 s, user 0.68 s, sys 0.06 s, maxrss 73860 KB]
[busy 78 jiffies]
[exit 0]
--- lexindex dict256   load 1.43 0.95 0.63
479823 keys
lexindex DictIndex block 256: build 50 ms, size 1.206 MiB (2.635 B/key), latency cold 237.9 ns, then mean 233.9 / min 233.6 ns
50.477,1.205790,237.875
[time 0.68 s, user 0.76 s, sys 0.05 s, maxrss 74204 KB]
[busy 83 jiffies]
[exit 0]
--- lexindex dict1024   load 1.43 0.95 0.63
479823 keys
lexindex DictIndex block 1024: build 61 ms, size 1.150 MiB (2.513 B/key), latency cold 293.1 ns, then mean 291.6 / min 290.3 ns
60.594,1.150117,293.080
[time 0.79 s, user 0.83 s, sys 0.05 s, maxrss 64740 KB]
[busy 91 jiffies]
[exit 0]
--- lexindex routed32   load 1.32 0.93 0.63
479823 keys
lexindex DictIndex block 32 routed: build 52 ms, size 1.533 MiB (3.350 B/key), latency cold 179.3 ns, then mean 177.8 / min 176.2 ns
51.507,1.532863,179.323
[time 0.57 s, user 0.63 s, sys 0.07 s, maxrss 73572 KB]
[busy 74 jiffies]
[exit 0]
--- lexindex routed256   load 1.32 0.93 0.63
479823 keys
lexindex DictIndex block 256 routed: build 52 ms, size 1.435 MiB (3.135 B/key), latency cold 166.0 ns, then mean 163.1 / min 162.8 ns
52.026,1.434671,165.951
[time 0.54 s, user 0.62 s, sys 0.06 s, maxrss 73724 KB]
[busy 71 jiffies]
[exit 0]
--- lexindex routed1024   load 1.32 0.93 0.63
479823 keys
lexindex DictIndex block 1024 routed: build 60 ms, size 1.265 MiB (2.764 B/key), latency cold 190.3 ns, then mean 190.6 / min 187.7 ns
59.878,1.264619,190.326
[time 0.59 s, user 0.64 s, sys 0.04 s, maxrss 64864 KB]
[busy 70 jiffies]
[exit 0]
--- lexindex string   load 1.21 0.92 0.63
479823 keys
lexindex StringIndex: build 138 ms, size 2.724 MiB (5.953 B/key), latency cold 149.6 ns, then mean 148.8 / min 148.5 ns
138.221,2.724010,149.642
[time 0.59 s, user 0.56 s, sys 0.03 s, maxrss 64600 KB]
[busy 62 jiffies]
[exit 0]
--- lexindex hashed0   load 1.21 0.92 0.63
479823 keys
lexindex HashedDictIndex closed: build 93 ms, size 2.403 MiB (5.252 B/key), latency cold 14.7 ns, then mean 12.0 / min 11.9 ns
93.096,2.403296,14.733
[time 0.29 s, user 0.37 s, sys 0.07 s, maxrss 73836 KB]
[busy 47 jiffies]
[exit 0]
--- lexindex hashed8   load 1.21 0.92 0.63
479823 keys
lexindex HashedDictIndex fp=8: build 93 ms, size 2.861 MiB (6.252 B/key), latency cold 17.1 ns, then mean 14.7 / min 14.7 ns
92.687,2.860890,17.057
[time 0.29 s, user 0.38 s, sys 0.07 s, maxrss 78196 KB]
[busy 47 jiffies]
[exit 0]
--- lexindex hashed16   load 1.21 0.92 0.63
479823 keys
lexindex HashedDictIndex fp=16: build 93 ms, size 3.318 MiB (7.252 B/key), latency cold 19.6 ns, then mean 15.1 / min 14.9 ns
93.060,3.318485,19.638
[time 0.30 s, user 0.38 s, sys 0.07 s, maxrss 73980 KB]
[busy 49 jiffies]
[exit 0]
--- lexindex da   load 1.11 0.90 0.62
479823 keys
lexindex DoubleArrayIndex: build 418 ms, size 11.176 MiB (24.422 B/key), latency cold 90.1 ns, then mean 60.9 / min 60.2 ns
418.125,11.175512,90.119
[time 0.72 s, user 0.66 s, sys 0.05 s, maxrss 78380 KB]
[busy 74 jiffies]
[exit 0]
--- c2 case 0 rec 0   load 1.11 0.90 0.62
[TEST C2-FST]
Processing dataset...
Done!
Building trie...
Done!
build time: 71.023788 ms (148.020808 ns per key)
space cost: 1.889297 MB (44.282271% of original size 4.266485 MB)
Querying trie...
Done!
total time: 122.753419 ms, avg latency: 255.830627 ns
topology: 0.420059 MB, link: 0.189988 MB, data: 1.279249 MB
--- Unary Path Analysis (FST, cutoff=4) ---
  shared unary steps in main trie: 150595
  terminal suffixes: inplace=193950 (avg len=1.79)  links=60939 (23.9% of terminal)
  link len: avg=4.24  max=35  total_chars=258586
  link length distribution (len:count):  4:25346  5:15798  6:9608  7:4976  8:2612  9:1355  10:653  11:330  12:137  13:65  14:25  15:11  16:9  17:6  18:2  19:3  20:1  21:1  36:1
71.023788,1.889297,255.830627
[PASSED]
[time 0.37 s, user 0.34 s, sys 0.02 s, maxrss 48560 KB]
[busy 41 jiffies]
[exit 0]
--- c2 case 0 rec 1   load 1.11 0.90 0.62
[TEST C2-FST]
Processing dataset...
Done!
Building trie...
trie size: 0.142362 MB
Done!
build time: 74.614856 ms (155.504959 ns per key)
space cost: 1.889297 MB (44.282271% of original size 4.266485 MB)
Querying trie...
Done!
total time: 121.769830 ms, avg latency: 253.780727 ns
topology: 0.420059 MB, link: 0.189988 MB, data: 1.279249 MB
--- Unary Path Analysis (FST, cutoff=4) ---
  shared unary steps in main trie: 150595
  terminal suffixes: inplace=193950 (avg len=1.79)  links=60939 (23.9% of terminal)
  link len: avg=4.24  max=35  total_chars=258586
  link length distribution (len:count):  4:25346  5:15798  6:9608  7:4976  8:2612  9:1355  10:653  11:330  12:137  13:65  14:25  15:11  16:9  17:6  18:2  19:3  20:1  21:1  36:1
74.614856,1.889297,253.780727
[PASSED]
[time 0.37 s, user 0.33 s, sys 0.03 s, maxrss 48476 KB]
[busy 38 jiffies]
[exit 0]
--- c2 case 0 rec 2   load 1.02 0.89 0.62
[TEST C2-FST]
Processing dataset...
Done!
Building trie...
trie size: 0.142362 MB
Done!
build time: 74.541659 ms (155.352409 ns per key)
space cost: 1.889297 MB (44.282271% of original size 4.266485 MB)
Querying trie...
Done!
total time: 122.448515 ms, avg latency: 255.195176 ns
topology: 0.420059 MB, link: 0.189988 MB, data: 1.279249 MB
--- Unary Path Analysis (FST, cutoff=4) ---
  shared unary steps in main trie: 150595
  terminal suffixes: inplace=193950 (avg len=1.79)  links=60939 (23.9% of terminal)
  link len: avg=4.24  max=35  total_chars=258586
  link length distribution (len:count):  4:25346  5:15798  6:9608  7:4976  8:2612  9:1355  10:653  11:330  12:137  13:65  14:25  15:11  16:9  17:6  18:2  19:3  20:1  21:1  36:1
74.541659,1.889297,255.195176
[PASSED]
[time 0.37 s, user 0.34 s, sys 0.02 s, maxrss 48852 KB]
[busy 39 jiffies]
[exit 0]
--- c2 case 1 rec 0   load 1.02 0.89 0.62
[TEST C2-CoCo(LOUDS-Sparse)]
Processing dataset...
Done!
Building trie...
Done!
build time: 411.774487 ms (858.179968 ns per key)
space cost: 2.136750 MB (50.082199% of original size 4.266485 MB)
Querying trie...
Done!
total time: 196.563762 ms, avg latency: 409.658899 ns
topology: 0.195229 MB, link: 0.520357 MB, data: 1.421164 MB
411.774487,2.136750,409.658899
[PASSED]
[time 0.78 s, user 0.72 s, sys 0.05 s, maxrss 97840 KB]
[busy 81 jiffies]
[exit 0]
--- c2 case 1 rec 1   load 1.02 0.89 0.62
[TEST C2-CoCo(LOUDS-Sparse)]
Processing dataset...
Done!
Building trie...
trie size: 0.142362 MB
Done!
build time: 414.919818 ms (864.735159 ns per key)
space cost: 2.136750 MB (50.082199% of original size 4.266485 MB)
Querying trie...
Done!
total time: 198.081115 ms, avg latency: 412.821217 ns
topology: 0.195229 MB, link: 0.520357 MB, data: 1.421164 MB
414.919818,2.136750,412.821217
[PASSED]
[time 0.79 s, user 0.72 s, sys 0.06 s, maxrss 97556 KB]
[busy 86 jiffies]
[exit 0]
--- c2 case 1 rec 2   load 0.94 0.87 0.62
[TEST C2-CoCo(LOUDS-Sparse)]
Processing dataset...
Done!
Building trie...
trie size: 0.142362 MB
Done!
build time: 414.939936 ms (864.777087 ns per key)
space cost: 2.136750 MB (50.082199% of original size 4.266485 MB)
Querying trie...
Done!
total time: 196.652660 ms, avg latency: 409.844172 ns
topology: 0.195229 MB, link: 0.520357 MB, data: 1.421164 MB
414.939936,2.136750,409.844172
[PASSED]
[time 0.78 s, user 0.73 s, sys 0.05 s, maxrss 98120 KB]
[busy 80 jiffies]
[exit 0]
--- c2 case 2 rec 0   load 0.94 0.87 0.62
[TEST C2-MARISA]
Processing dataset...
Done!
Building trie...
trie size: 1.224291 MB
Done!
build time: 109.655936 ms (228.534139 ns per key)
space cost: 1.753984 MB (41.110759% of original size 4.266485 MB)
Querying trie...
Done!
total time: 97.642910 ms, avg latency: 203.497769 ns
topology: 0.405689 MB, link: 0.420969 MB, data: 0.917072 MB
--- Unary Path Analysis (Marisa, cutoff=3) ---
  branches: 742737  |  single-char: 411656 (55.4%)  short-unary: 124451 (16.8%)  links: 206630 (27.8%)
  link len: avg=4.35  max=37  total_chars=898820
  link length distribution (len:count):  3:81252  4:55503  5:30038  6:18037  7:10646  8:5519  9:2885  10:1442  11:688  12:346  13:146  14:66  15:26  16:12  17:9  18:7  19:2  20:3  21:1  22:1  37:1
  short unary avg len: 2.00
109.655936,1.753984,203.497769
[PASSED]
[time 0.38 s, user 0.33 s, sys 0.03 s, maxrss 62696 KB]
[busy 38 jiffies]
[exit 0]
--- c2 case 2 rec 1   load 0.94 0.87 0.62
[TEST C2-MARISA]
Processing dataset...
Done!
Building trie...
trie size: 1.224291 MB
trie size: 0.455650 MB
Done!
build time: 112.464193 ms (234.386832 ns per key)
space cost: 1.692706 MB (39.674487% of original size 4.266485 MB)
Querying trie...
Done!
total time: 104.411160 ms, avg latency: 217.603491 ns
topology: 0.426247 MB, link: 0.398585 MB, data: 0.857620 MB
--- Unary Path Analysis (Marisa, cutoff=3) ---
  branches: 742737  |  single-char: 411656 (55.4%)  short-unary: 124451 (16.8%)  links: 206630 (27.8%)
  link len: avg=4.35  max=37  total_chars=898820
  link length distribution (len:count):  3:81252  4:55503  5:30038  6:18037  7:10646  8:5519  9:2885  10:1442  11:688  12:346  13:146  14:66  15:26  16:12  17:9  18:7  19:2  20:3  21:1  22:1  37:1
  short unary avg len: 2.00
112.464193,1.692706,217.603491
[PASSED]
[time 0.39 s, user 0.34 s, sys 0.04 s, maxrss 62796 KB]
[busy 43 jiffies]
[exit 0]
--- c2 case 2 rec 2   load 0.94 0.87 0.62
[TEST C2-MARISA]
Processing dataset...
Done!
Building trie...
trie size: 1.224291 MB
trie size: 0.455650 MB
trie size: 0.007228 MB
Done!
build time: 112.284986 ms (234.013347 ns per key)
space cost: 1.692706 MB (39.674487% of original size 4.266485 MB)
Querying trie...
Done!
total time: 105.057715 ms, avg latency: 218.950978 ns
topology: 0.426247 MB, link: 0.398585 MB, data: 0.857620 MB
--- Unary Path Analysis (Marisa, cutoff=3) ---
  branches: 742737  |  single-char: 411656 (55.4%)  short-unary: 124451 (16.8%)  links: 206630 (27.8%)
  link len: avg=4.35  max=37  total_chars=898820
  link length distribution (len:count):  3:81252  4:55503  5:30038  6:18037  7:10646  8:5519  9:2885  10:1442  11:688  12:346  13:146  14:66  15:26  16:12  17:9  18:7  19:2  20:3  21:1  22:1  37:1
  short unary avg len: 2.00
112.284986,1.692706,218.950978
[PASSED]
[time 0.39 s, user 0.35 s, sys 0.04 s, maxrss 62912 KB]
[busy 39 jiffies]
[exit 0]
--- c2 case 3 rec 0   load 0.95 0.88 0.62
[TEST FST]
Processing dataset...
Done!
Building trie...
Done!
build time: 178.708380 ms (372.446465 ns per key)
space cost: 2.144493 MB (50.263695% of original size 4.266485 MB)
Querying trie...
Done!
total time: 200.001764 ms, avg latency: 416.824046 ns
not implemented
178.708380,2.144493,416.824046
[PASSED]
[time 0.54 s, user 0.51 s, sys 0.03 s, maxrss 41052 KB]
[busy 56 jiffies]
[exit 0]
--- c2 case 4 rec 0   load 0.95 0.88 0.62
[TEST COCO]
Processing dataset...
Done!
Building trie...
num nodes = 100870, average depth = 2.907644
ef = 0.002379, pa = 0.381531, bv = 0.002558, de = 0.468484
efr = 0.010370, par = 0.134639, bvr = 0.000020, der = 0.000020
Done!
build time: 1563.505162 ms (3258.503994 ns per key)
space cost: 2.485874 MB (58.265159% of original size 4.266485 MB)
Querying trie...
Done!
total time: 163.940958 ms, avg latency: 341.669653 ns
not implemented
1563.505162,2.485874,341.669653
[PASSED]
[time 1.95 s, user 1.54 s, sys 0.39 s, maxrss 920256 KB]
[busy 202 jiffies]
[exit 0]
--- c2 case 5 rec 0   load 0.87 0.86 0.62
[TEST MARISA]
Processing dataset...
Done!
Building trie...
Done!
build time: 150.580401 ms (313.824892 ns per key)
space cost: 1.546566 MB (36.249182% of original size 4.266485 MB)
Querying trie...
Done!
total time: 145.055839 ms, avg latency: 302.311142 ns
not implemented
150.580401,1.546566,302.311142
[PASSED]
[time 0.46 s, user 0.42 s, sys 0.03 s, maxrss 62856 KB]
[busy 48 jiffies]
[exit 0]
--- c2 case 5 rec 1   load 0.87 0.86 0.62
[TEST MARISA]
Processing dataset...
Done!
Building trie...
Done!
build time: 154.341489 ms (321.663382 ns per key)
space cost: 1.371034 MB (32.134968% of original size 4.266485 MB)
Querying trie...
Done!
total time: 163.985782 ms, avg latency: 341.763071 ns
not implemented
154.341489,1.371034,341.763071
[PASSED]
[time 0.49 s, user 0.45 s, sys 0.03 s, maxrss 63132 KB]
[busy 50 jiffies]
[exit 0]
--- c2 case 5 rec 2   load 0.87 0.86 0.62
[TEST MARISA]
Processing dataset...
Done!
Building trie...
Done!
build time: 152.349667 ms (317.512222 ns per key)
space cost: 1.362252 MB (31.929145% of original size 4.266485 MB)
Querying trie...
Done!
total time: 163.423295 ms, avg latency: 340.590791 ns
not implemented
152.349667,1.362252,340.590791
[PASSED]
[time 0.48 s, user 0.44 s, sys 0.03 s, maxrss 63388 KB]
[busy 51 jiffies]
[exit 0]
--- c2 case 6 rec 0   load 0.80 0.85 0.61
[TEST PDT]
Processing dataset...
Done!
Building trie...
dict size: 35774, stream size: 975943
Done!
build time: 333.478493 ms (695.003143 ns per key)
space cost: 1.577207 MB (36.967352% of original size 4.266485 MB)
Querying trie...
Done!
total time: 204.672220 ms, avg latency: 426.557752 ns
not implemented
333.478493,1.577207,426.557752
[PASSED]
[time 0.71 s, user 0.67 s, sys 0.03 s, maxrss 52924 KB]
[busy 73 jiffies]
[exit 0]
--- c2 case 7 rec 0   load 0.80 0.85 0.61
[TEST ART]
Processing dataset...
Done!
Building trie...
Done!
build time: 45.714056 ms (95.272748 ns per key)
space cost: 16.425407 MB (384.986859% of original size 4.266485 MB)
Querying trie...
Done!
total time: 80.959038 ms, avg latency: 168.726881 ns
not implemented
45.714056,16.425407,168.726881
[PASSED]
[time 0.29 s, user 0.26 s, sys 0.02 s, maxrss 62096 KB]
[busy 30 jiffies]
[exit 0]
--- c2 case 8 rec 0   load 0.80 0.85 0.61
[TEST CART]
Processing dataset...
Done!
Building trie...
Done!
build time: 68.692858 ms (143.162912 ns per key)
space cost: 7.328448 MB (171.767812% of original size 4.266485 MB)
Querying trie...
Done!
total time: 100.618753 ms, avg latency: 209.699729 ns
not implemented
68.692858,7.328448,209.699729
[PASSED]
[time 0.33 s, user 0.30 s, sys 0.03 s, maxrss 61860 KB]
[busy 37 jiffies]
[exit 0]
--- xcdat 7   load 0.80 0.85 0.61
build time: 105.648895 ms
space cost: 2.721505 MiB (63.787990% of original size 4.266485 MiB)
avg latency: 105.583378 ns
105.648895,2.721505,105.583378
[time 0.32 s, user 0.28 s, sys 0.03 s, maxrss 52136 KB]
[busy 32 jiffies]
[exit 0]
--- xcdat 8   load 0.82 0.85 0.61
build time: 94.640058 ms
space cost: 2.597720 MiB (60.886655% of original size 4.266485 MiB)
avg latency: 107.528980 ns
94.640058,2.597720,107.528980
[time 0.31 s, user 0.27 s, sys 0.03 s, maxrss 51764 KB]
[busy 31 jiffies]
[exit 0]
--- xcdat 15   load 0.82 0.85 0.61
build time: 105.514803 ms
space cost: 3.340850 MiB (78.304499% of original size 4.266485 MiB)
avg latency: 76.499163 ns
105.514803,3.340850,76.499163
[time 0.31 s, user 0.26 s, sys 0.04 s, maxrss 58364 KB]
[busy 33 jiffies]
[exit 0]
--- xcdat 16   load 0.82 0.85 0.61
build time: 95.563003 ms
space cost: 3.550420 MiB (83.216503% of original size 4.266485 MiB)
avg latency: 82.604008 ns
95.563003,3.550420,82.604008
[time 0.30 s, user 0.26 s, sys 0.03 s, maxrss 58368 KB]
[busy 31 jiffies]
[exit 0]

##### dna-1000000 (1000000 lines, 25000000 bytes)   round 1/3   2026-09-25T08:16:41+03:00
--- lexindex dict32   load 0.75 0.83 0.61
1000000 keys
lexindex DictIndex block 32: build 101 ms, size 4.768 MiB (5.000 B/key), latency cold 317.3 ns, then mean 312.8 / min 311.6 ns
100.989,4.768131,317.325
[time 1.84 s, user 2.38 s, sys 0.17 s, maxrss 186060 KB]
[busy 258 jiffies]
[exit 0]
--- lexindex dict256   load 0.75 0.83 0.61
1000000 keys
lexindex DictIndex block 256: build 103 ms, size 4.172 MiB (4.375 B/key), latency cold 315.0 ns, then mean 305.5 / min 304.1 ns
103.245,4.172320,315.038
[time 1.80 s, user 2.35 s, sys 0.17 s, maxrss 174060 KB]
[busy 261 jiffies]
[exit 0]
--- lexindex dict1024   load 0.69 0.82 0.61
1000000 keys
lexindex DictIndex block 1024: build 106 ms, size 4.035 MiB (4.231 B/key), latency cold 339.9 ns, then mean 333.9 / min 332.4 ns
106.085,4.034555,339.930
[time 1.92 s, user 2.20 s, sys 0.11 s, maxrss 155140 KB]
[busy 238 jiffies]
[exit 0]
--- lexindex routed32   load 0.69 0.82 0.61
1000000 keys
lexindex DictIndex block 32 routed: build 104 ms, size 5.245 MiB (5.500 B/key), latency cold 299.1 ns, then mean 287.7 / min 285.3 ns
103.806,5.244968,299.054
[time 1.76 s, user 2.30 s, sys 0.18 s, maxrss 181636 KB]
[busy 265 jiffies]
[exit 0]
--- lexindex routed256   load 0.72 0.82 0.61
1000000 keys
lexindex DictIndex block 256 routed: build 105 ms, size 4.649 MiB (4.875 B/key), latency cold 254.6 ns, then mean 253.9 / min 249.8 ns
105.090,4.649249,254.639
[time 1.60 s, user 2.16 s, sys 0.17 s, maxrss 173560 KB]
[busy 241 jiffies]
[exit 0]
--- lexindex routed1024   load 0.72 0.82 0.61
1000000 keys
lexindex DictIndex block 1024 routed: build 105 ms, size 4.273 MiB (4.481 B/key), latency cold 263.3 ns, then mean 259.6 / min 259.3 ns
104.730,4.273081,263.283
[time 1.62 s, user 1.89 s, sys 0.13 s, maxrss 163456 KB]
[busy 207 jiffies]
[exit 0]
--- lexindex string   load 0.74 0.83 0.61
1000000 keys
lexindex StringIndex: build 1097 ms, size 16.920 MiB (17.741 B/key), latency cold 433.6 ns, then mean 418.7 / min 414.0 ns
1097.339,16.919603,433.626
[time 3.26 s, user 3.15 s, sys 0.09 s, maxrss 164936 KB]
[busy 332 jiffies]
[exit 0]
--- lexindex hashed0   load 0.76 0.83 0.62
1000000 keys
lexindex HashedDictIndex closed: build 202 ms, size 6.786 MiB (7.115 B/key), latency cold 43.7 ns, then mean 42.5 / min 41.5 ns
201.701,6.785599,43.719
[time 0.84 s, user 1.44 s, sys 0.18 s, maxrss 174676 KB]
[busy 166 jiffies]
[exit 0]
--- lexindex hashed8   load 0.76 0.83 0.62
1000000 keys
lexindex HashedDictIndex fp=8: build 204 ms, size 7.739 MiB (8.115 B/key), latency cold 57.3 ns, then mean 58.4 / min 56.1 ns
203.911,7.739273,57.331
[time 0.90 s, user 1.50 s, sys 0.18 s, maxrss 173424 KB]
[busy 173 jiffies]
[exit 0]
--- lexindex hashed16   load 0.76 0.83 0.62
1000000 keys
lexindex HashedDictIndex fp=16: build 199 ms, size 8.693 MiB (9.115 B/key), latency cold 58.9 ns, then mean 57.9 / min 56.8 ns
199.010,8.692947,58.931
[time 0.91 s, user 1.49 s, sys 0.16 s, maxrss 174004 KB]
[busy 170 jiffies]
[exit 0]
--- lexindex da   load 0.78 0.83 0.62
1000000 keys
lexindex DoubleArrayIndex refused: format error: double-array: the trie needs more than 8 388 608 slots; bases are 23 bits
Command exited with non-zero status 3
[time 1.89 s, user 1.65 s, sys 0.23 s, maxrss 458440 KB]
[busy 196 jiffies]
[exit 3]
--- c2 case 0 rec 0   load 0.78 0.83 0.62
[TEST C2-FST]
Processing dataset...
Done!
Building trie...
Done!
build time: 1415.527753 ms (1415.527753 ns per key)
space cost: 11.502727 MB (50.256179% of original size 22.888184 MB)
Querying trie...
Done!
total time: 406.633046 ms, avg latency: 406.633046 ns
topology: 0.892128 MB, link: 2.893083 MB, data: 7.717516 MB
--- Unary Path Analysis (FST, cutoff=4) ---
  shared unary steps in main trie: 98146
  terminal suffixes: inplace=2 (avg len=3.00)  links=999998 (100.0% of terminal)
  link len: avg=12.12  max=15  total_chars=12118007
  link length distribution (len:count):  4:2  5:10  6:40  7:176  8:732  9:2727  10:11261  11:42928  12:153933  13:402475  14:363824  15:21889  16:1
1415.527753,11.502727,406.633046
[PASSED]
[time 2.51 s, user 2.35 s, sys 0.15 s, maxrss 255988 KB]
[busy 258 jiffies]
[exit 0]
--- c2 case 0 rec 1   load 0.80 0.84 0.62
[TEST C2-FST]
Processing dataset...
Done!
Building trie...
trie size: 5.258043 MB
Done!
build time: 2123.103179 ms (2123.103179 ns per key)
space cost: 11.502727 MB (50.256179% of original size 22.888184 MB)
Querying trie...
Done!
total time: 402.959362 ms, avg latency: 402.959362 ns
topology: 0.892128 MB, link: 2.893083 MB, data: 7.717516 MB
--- Unary Path Analysis (FST, cutoff=4) ---
  shared unary steps in main trie: 98146
  terminal suffixes: inplace=2 (avg len=3.00)  links=999998 (100.0% of terminal)
  link len: avg=12.12  max=15  total_chars=12118007
  link length distribution (len:count):  4:2  5:10  6:40  7:176  8:732  9:2727  10:11261  11:42928  12:153933  13:402475  14:363824  15:21889  16:1
2123.103179,11.502727,402.959362
[PASSED]
[time 3.24 s, user 3.04 s, sys 0.17 s, maxrss 284324 KB]
[busy 331 jiffies]
[exit 0]
--- c2 case 0 rec 2   load 0.81 0.84 0.62
[TEST C2-FST]
Processing dataset...
Done!
Building trie...
trie size: 5.258043 MB
Done!
build time: 2134.686932 ms (2134.686932 ns per key)
space cost: 11.502727 MB (50.256179% of original size 22.888184 MB)
Querying trie...
Done!
total time: 408.054829 ms, avg latency: 408.054829 ns
topology: 0.892128 MB, link: 2.893083 MB, data: 7.717516 MB
--- Unary Path Analysis (FST, cutoff=4) ---
  shared unary steps in main trie: 98146
  terminal suffixes: inplace=2 (avg len=3.00)  links=999998 (100.0% of terminal)
  link len: avg=12.12  max=15  total_chars=12118007
  link length distribution (len:count):  4:2  5:10  6:40  7:176  8:732  9:2727  10:11261  11:42928  12:153933  13:402475  14:363824  15:21889  16:1
2134.686932,11.502727,408.054829
[PASSED]
[time 3.24 s, user 3.05 s, sys 0.17 s, maxrss 284172 KB]
[busy 329 jiffies]
[exit 0]
--- c2 case 1 rec 0   load 0.83 0.84 0.62
[TEST C2-CoCo(LOUDS-Sparse)]
Processing dataset...
Done!
Building trie...
Done!
build time: 1976.785474 ms (1976.785474 ns per key)
space cost: 9.777104 MB (42.716818% of original size 22.888184 MB)
Querying trie...
Done!
total time: 447.413657 ms, avg latency: 447.413657 ns
topology: 0.343521 MB, link: 3.029230 MB, data: 6.404353 MB
1976.785474,9.777104,447.413657
[PASSED]
[time 3.11 s, user 2.90 s, sys 0.19 s, maxrss 385788 KB]
[busy 317 jiffies]
[exit 0]
--- c2 case 1 rec 1   load 0.76 0.83 0.62
[TEST C2-CoCo(LOUDS-Sparse)]
Processing dataset...
Done!
Building trie...
trie size: 5.258043 MB
Done!
build time: 2700.981254 ms (2700.981254 ns per key)
space cost: 9.777104 MB (42.716818% of original size 22.888184 MB)
Querying trie...
Done!
total time: 476.540222 ms, avg latency: 476.540222 ns
topology: 0.343521 MB, link: 3.029230 MB, data: 6.404353 MB
2700.981254,9.777104,476.540222
[PASSED]
[time 3.86 s, user 3.64 s, sys 0.21 s, maxrss 413936 KB]
[busy 395 jiffies]
[exit 0]
--- c2 case 1 rec 2   load 0.70 0.81 0.62
[TEST C2-CoCo(LOUDS-Sparse)]
Processing dataset...
Done!
Building trie...
trie size: 5.258043 MB
Done!
build time: 2671.543383 ms (2671.543383 ns per key)
space cost: 9.777104 MB (42.716818% of original size 22.888184 MB)
Querying trie...
Done!
total time: 452.509325 ms, avg latency: 452.509325 ns
topology: 0.343521 MB, link: 3.029230 MB, data: 6.404353 MB
2671.543383,9.777104,452.509325
[PASSED]
[time 3.81 s, user 3.60 s, sys 0.18 s, maxrss 414180 KB]
[busy 391 jiffies]
[exit 0]
--- c2 case 2 rec 0   load 0.64 0.80 0.61
[TEST C2-MARISA]
Processing dataset...
Done!
Building trie...
trie size: 2.428399 MB
Done!
build time: 1319.406282 ms (1319.406282 ns per key)
space cost: 10.748939 MB (46.962829% of original size 22.888184 MB)
Querying trie...
Done!
total time: 380.190956 ms, avg latency: 380.190956 ns
topology: 0.804615 MB, link: 2.791285 MB, data: 7.132531 MB
--- Unary Path Analysis (Marisa, cutoff=3) ---
  branches: 1681124  |  single-char: 605889 (36.0%)  short-unary: 58000 (3.5%)  links: 1017235 (60.5%)
  link len: avg=13.94  max=17  total_chars=14175392
  link length distribution (len:count):  3:13001  4:3156  5:812  6:209  7:97  8:186  9:733  10:2730  11:11261  12:42928  13:153933  14:402475  15:363824  16:21889  17:1
  short unary avg len: 2.00
1319.406282,10.748939,380.190956
[PASSED]
[time 2.39 s, user 2.23 s, sys 0.14 s, maxrss 252564 KB]
[busy 244 jiffies]
[exit 0]
--- c2 case 2 rec 1   load 0.64 0.80 0.61
[TEST C2-MARISA]
Processing dataset...
Done!
Building trie...
trie size: 2.428399 MB
trie size: 5.162292 MB
Done!
build time: 2207.947020 ms (2207.947020 ns per key)
space cost: 10.748939 MB (46.962829% of original size 22.888184 MB)
Querying trie...
Done!
total time: 375.173095 ms, avg latency: 375.173095 ns
topology: 0.804615 MB, link: 2.791285 MB, data: 7.132531 MB
--- Unary Path Analysis (Marisa, cutoff=3) ---
  branches: 1681124  |  single-char: 605889 (36.0%)  short-unary: 58000 (3.5%)  links: 1017235 (60.5%)
  link len: avg=13.94  max=17  total_chars=14175392
  link length distribution (len:count):  3:13001  4:3156  5:812  6:209  7:97  8:186  9:733  10:2730  11:11261  12:42928  13:153933  14:402475  15:363824  16:21889  17:1
  short unary avg len: 2.00
2207.947020,10.748939,375.173095
[PASSED]
[time 3.30 s, user 3.09 s, sys 0.19 s, maxrss 285336 KB]
[busy 337 jiffies]
[exit 0]
--- c2 case 2 rec 2   load 0.67 0.80 0.62
[TEST C2-MARISA]
Processing dataset...
Done!
Building trie...
trie size: 2.428399 MB
trie size: 5.162292 MB
Done!
build time: 2206.132219 ms (2206.132219 ns per key)
space cost: 10.748939 MB (46.962829% of original size 22.888184 MB)
Querying trie...
Done!
total time: 378.158156 ms, avg latency: 378.158156 ns
topology: 0.804615 MB, link: 2.791285 MB, data: 7.132531 MB
--- Unary Path Analysis (Marisa, cutoff=3) ---
  branches: 1681124  |  single-char: 605889 (36.0%)  short-unary: 58000 (3.5%)  links: 1017235 (60.5%)
  link len: avg=13.94  max=17  total_chars=14175392
  link length distribution (len:count):  3:13001  4:3156  5:812  6:209  7:97  8:186  9:733  10:2730  11:11261  12:42928  13:153933  14:402475  15:363824  16:21889  17:1
  short unary avg len: 2.00
2206.132219,10.748939,378.158156
[PASSED]
[time 3.30 s, user 3.07 s, sys 0.22 s, maxrss 285300 KB]
[busy 339 jiffies]
[exit 0]
--- c2 case 3 rec 0   load 0.70 0.81 0.62
[TEST FST]
Processing dataset...
Done!
Building trie...
Done!
build time: 941.835690 ms (941.835690 ns per key)
space cost: 18.082896 MB (79.005379% of original size 22.888184 MB)
Querying trie...
Done!
total time: 550.375351 ms, avg latency: 550.375351 ns
not implemented
941.835690,18.082896,550.375351
[PASSED]
[time 2.20 s, user 2.08 s, sys 0.11 s, maxrss 179208 KB]
[busy 224 jiffies]
[exit 0]
--- c2 case 4 rec 0   load 0.64 0.79 0.62
[TEST COCO]
Processing dataset...
Done!
Building trie...
num nodes = 65537, average depth = 14.999878
ef = 0.000000, pa = 0.000000, bv = 0.000000, de = 0.000015
efr = 0.000015, par = 0.999969, bvr = 0.000000, der = 0.000000
Done!
build time: 22247.069238 ms (22247.069238 ns per key)
space cost: 5.857979 MB (25.593899% of original size 22.888184 MB)
Querying trie...
Done!
total time: 353.885464 ms, avg latency: 353.885464 ns
not implemented
22247.069238,5.857979,353.885464
[PASSED]
[time 24.19 s, user 18.50 s, sys 5.59 s, maxrss 13623484 KB]
[busy 2475 jiffies]
[exit 0]
--- c2 case 5 rec 0   load 0.77 0.81 0.63
[TEST MARISA]
Processing dataset...
Done!
Building trie...
Done!
build time: 673.746316 ms (673.746316 ns per key)
space cost: 18.867507 MB (82.433396% of original size 22.888184 MB)
Querying trie...
Done!
total time: 533.232661 ms, avg latency: 533.232661 ns
not implemented
673.746316,18.867507,533.232661
[PASSED]
[time 1.90 s, user 1.77 s, sys 0.12 s, maxrss 222944 KB]
[busy 194 jiffies]
[exit 0]
--- c2 case 5 rec 1   load 0.77 0.81 0.63
[TEST MARISA]
Processing dataset...
Done!
Building trie...
Done!
build time: 945.573815 ms (945.573815 ns per key)
space cost: 7.640043 MB (33.379858% of original size 22.888184 MB)
Querying trie...
Done!
total time: 726.561967 ms, avg latency: 726.561967 ns
not implemented
945.573815,7.640043,726.561967
[PASSED]
[time 2.38 s, user 2.21 s, sys 0.15 s, maxrss 222140 KB]
[busy 244 jiffies]
[exit 0]
--- c2 case 5 rec 2   load 0.79 0.81 0.63
[TEST MARISA]
Processing dataset...
Done!
Building trie...
Done!
build time: 943.583906 ms (943.583906 ns per key)
space cost: 7.210847 MB (31.504671% of original size 22.888184 MB)
Querying trie...
Done!
total time: 786.599602 ms, avg latency: 786.599602 ns
not implemented
943.583906,7.210847,786.599602
[PASSED]
[time 2.41 s, user 2.26 s, sys 0.14 s, maxrss 222092 KB]
[busy 248 jiffies]
[exit 0]
--- c2 case 6 rec 0   load 0.72 0.80 0.63
[TEST PDT]
Processing dataset...
Done!
Building trie...
dict size: 151324, stream size: 6218209
Done!
build time: 2873.245897 ms (2873.245897 ns per key)
space cost: 7.350519 MB (32.114908% of original size 22.888184 MB)
Querying trie...
Done!
total time: 755.247804 ms, avg latency: 755.247804 ns
not implemented
2873.245897,7.350519,755.247804
[PASSED]
[time 4.32 s, user 4.15 s, sys 0.15 s, maxrss 213024 KB]
[busy 440 jiffies]
[exit 0]
--- c2 case 7 rec 0   load 0.74 0.80 0.63
[TEST ART]
Processing dataset...
Done!
Building trie...
Done!
build time: 190.457369 ms (190.457369 ns per key)
space cost: 33.278465 MB (145.395833% of original size 22.888184 MB)
Querying trie...
Done!
total time: 413.831958 ms, avg latency: 413.831958 ns
not implemented
190.457369,33.278465,413.831958
[PASSED]
[time 1.33 s, user 1.23 s, sys 0.10 s, maxrss 222968 KB]
[busy 136 jiffies]
[exit 0]
--- c2 case 8 rec 0   load 0.74 0.80 0.63
[TEST CART]
Processing dataset...
Done!
Building trie...
Done!
build time: 241.436207 ms (241.436207 ns per key)
space cost: 15.643999 MB (68.349675% of original size 22.888184 MB)
Querying trie...
Done!
total time: 450.334727 ms, avg latency: 450.334727 ns
not implemented
241.436207,15.643999,450.334727
[PASSED]
[time 1.42 s, user 1.31 s, sys 0.10 s, maxrss 214404 KB]
[busy 147 jiffies]
[exit 0]
--- xcdat 7   load 0.68 0.79 0.63
build time: 822.470044 ms
space cost: 19.789600 MiB (86.462083% of original size 22.888184 MiB)
avg latency: 294.437397 ns
822.470044,19.789600,294.437397
[time 1.83 s, user 1.70 s, sys 0.11 s, maxrss 180504 KB]
[busy 188 jiffies]
[exit 0]
--- xcdat 8   load 0.68 0.79 0.63
build time: 789.565406 ms
space cost: 19.685819 MiB (86.008654% of original size 22.888184 MiB)
avg latency: 293.926938 ns
789.565406,19.685819,293.926938
[time 1.80 s, user 1.68 s, sys 0.11 s, maxrss 180472 KB]
[busy 184 jiffies]
[exit 0]
--- xcdat 15   load 0.71 0.79 0.63
build time: 816.148120 ms
space cost: 21.414997 MiB (93.563550% of original size 22.888184 MiB)
avg latency: 271.810228 ns
816.148120,21.414997,271.810228
[time 1.80 s, user 1.67 s, sys 0.12 s, maxrss 182308 KB]
[busy 185 jiffies]
[exit 0]
--- xcdat 16   load 0.71 0.79 0.63
build time: 793.724544 ms
space cost: 21.935129 MiB (95.836042% of original size 22.888184 MiB)
avg latency: 292.514162 ns
793.724544,21.935129,292.514162
[time 1.78 s, user 1.66 s, sys 0.11 s, maxrss 182648 KB]
[busy 182 jiffies]
[exit 0]

##### domains-1000000 (1000000 lines, 14782044 bytes)   round 1/3   2026-09-25T08:18:48+03:00
--- lexindex dict32   load 0.73 0.80 0.63
1000000 keys
lexindex DictIndex block 32: build 205 ms, size 4.599 MiB (4.822 B/key), latency cold 286.8 ns, then mean 284.3 / min 278.0 ns
204.820,4.598972,286.782
[time 1.80 s, user 3.10 s, sys 0.25 s, maxrss 236896 KB]
[busy 345 jiffies]
[exit 0]
--- lexindex dict256   load 0.67 0.78 0.63
1000000 keys
lexindex DictIndex block 256: build 209 ms, size 4.291 MiB (4.500 B/key), latency cold 303.5 ns, then mean 297.2 / min 296.5 ns
208.714,4.291158,303.496
[time 1.86 s, user 3.14 s, sys 0.22 s, maxrss 237860 KB]
[busy 346 jiffies]
[exit 0]
--- lexindex dict1024   load 0.67 0.78 0.63
1000000 keys
lexindex DictIndex block 1024: build 220 ms, size 4.160 MiB (4.363 B/key), latency cold 367.0 ns, then mean 362.1 / min 361.0 ns
220.463,4.160439,367.038
[time 2.13 s, user 2.92 s, sys 0.16 s, maxrss 213448 KB]
[busy 320 jiffies]
[exit 0]
--- lexindex routed32   load 0.70 0.79 0.63
1000000 keys
lexindex DictIndex block 32 routed: build 207 ms, size 5.076 MiB (5.322 B/key), latency cold 258.4 ns, then mean 246.5 / min 243.8 ns
207.042,5.075809,258.448
[time 1.67 s, user 3.02 s, sys 0.23 s, maxrss 237668 KB]
[busy 332 jiffies]
[exit 0]
--- lexindex routed256   load 0.70 0.79 0.63
1000000 keys
lexindex DictIndex block 256 routed: build 207 ms, size 4.768 MiB (5.000 B/key), latency cold 229.0 ns, then mean 211.9 / min 211.5 ns
206.793,4.768086,229.031
[time 1.54 s, user 2.92 s, sys 0.22 s, maxrss 238512 KB]
[busy 325 jiffies]
[exit 0]
--- lexindex routed1024   load 0.72 0.79 0.63
1000000 keys
lexindex DictIndex block 1024 routed: build 219 ms, size 4.399 MiB (4.613 B/key), latency cold 249.5 ns, then mean 242.8 / min 239.9 ns
219.363,4.398964,249.536
[time 1.66 s, user 2.48 s, sys 0.14 s, maxrss 214288 KB]
[busy 267 jiffies]
[exit 0]
--- lexindex string   load 0.72 0.79 0.63
1000000 keys
lexindex StringIndex: build 572 ms, size 10.017 MiB (10.504 B/key), latency cold 208.7 ns, then mean 199.9 / min 198.6 ns
572.019,10.017015,208.680
[time 1.83 s, user 1.75 s, sys 0.07 s, maxrss 136020 KB]
[busy 186 jiffies]
[exit 0]
--- lexindex hashed0   load 0.75 0.80 0.64
1000000 keys
lexindex HashedDictIndex closed: build 295 ms, size 6.905 MiB (7.240 B/key), latency cold 27.6 ns, then mean 19.8 / min 19.6 ns
294.859,6.904865,27.622
[time 0.84 s, user 2.23 s, sys 0.21 s, maxrss 248112 KB]
[busy 252 jiffies]
[exit 0]
--- lexindex hashed8   load 0.75 0.80 0.64
1000000 keys
lexindex HashedDictIndex fp=8: build 293 ms, size 7.859 MiB (8.240 B/key), latency cold 32.3 ns, then mean 26.0 / min 24.4 ns
293.287,7.858540,32.327
[time 0.86 s, user 2.25 s, sys 0.21 s, maxrss 248408 KB]
[busy 253 jiffies]
[exit 0]
--- lexindex hashed16   load 0.69 0.78 0.63
1000000 keys
lexindex HashedDictIndex fp=16: build 295 ms, size 8.812 MiB (9.240 B/key), latency cold 33.5 ns, then mean 25.4 / min 25.2 ns
295.292,8.812214,33.501
[time 0.87 s, user 2.29 s, sys 0.22 s, maxrss 250332 KB]
[busy 260 jiffies]
[exit 0]
--- lexindex da   load 0.69 0.78 0.63
1000000 keys
lexindex DoubleArrayIndex: build 2898 ms, size 62.183 MiB (65.204 B/key), latency cold 599.8 ns, then mean 564.8 / min 563.8 ns
2898.020,62.183310,599.803
[time 5.64 s, user 5.43 s, sys 0.18 s, maxrss 275904 KB]
[busy 575 jiffies]
[exit 0]
--- c2 case 0 rec 0   load 0.71 0.79 0.63
[TEST C2-FST]
Processing dataset...
Done!
Building trie...
Done!
build time: 617.453519 ms (617.453519 ns per key)
space cost: 6.917822 MB (52.632701% of original size 13.143581 MB)
Querying trie...
Done!
total time: 339.124149 ms, avg latency: 339.124149 ns
topology: 0.942398 MB, link: 2.041207 MB, data: 3.934216 MB
--- Unary Path Analysis (FST, cutoff=4) ---
  shared unary steps in main trie: 268333
  terminal suffixes: inplace=220500 (avg len=1.97)  links=754948 (77.4% of terminal)
  link len: avg=6.76  max=63  total_chars=5105329
  link length distribution (len:count):  4:91687  5:111663  6:114934  7:103953  8:85177  9:68086  10:51456  11:37502  12:26935  13:19286  14:13392  15:9281  16:6718  17:4599  18:3138  19:2143  20:1561  21:980  22:717  23:511  24:315  25:289  26:154  27:98  28:76  29:70  30:38  31:24  32:35  33:24  34:15  35:9  36:12  37:9  38:5  39:5  40:5  41:8  42:4  43:7  45:3  46:1  48:1  50:1  52:4  54:2  55:1  56:5  57:4  59:2  63:2  64:1
617.453519,6.917822,339.124149
[PASSED]
[time 1.39 s, user 1.27 s, sys 0.11 s, maxrss 183140 KB]
[busy 142 jiffies]
[exit 0]
--- c2 case 0 rec 1   load 0.82 0.81 0.64
[TEST C2-FST]
Processing dataset...
Done!
Building trie...
trie size: 2.171301 MB
Done!
build time: 700.918148 ms (700.918148 ns per key)
space cost: 6.261899 MB (47.642258% of original size 13.143581 MB)
Querying trie...
Done!
total time: 385.983007 ms, avg latency: 385.983007 ns
topology: 1.096256 MB, link: 1.933458 MB, data: 3.232184 MB
--- Unary Path Analysis (FST, cutoff=4) ---
  shared unary steps in main trie: 268333
  terminal suffixes: inplace=220500 (avg len=1.97)  links=754948 (77.4% of terminal)
  link len: avg=6.76  max=63  total_chars=5105329
  link length distribution (len:count):  4:91687  5:111663  6:114934  7:103953  8:85177  9:68086  10:51456  11:37502  12:26935  13:19286  14:13392  15:9281  16:6718  17:4599  18:3138  19:2143  20:1561  21:980  22:717  23:511  24:315  25:289  26:154  27:98  28:76  29:70  30:38  31:24  32:35  33:24  34:15  35:9  36:12  37:9  38:5  39:5  40:5  41:8  42:4  43:7  45:3  46:1  48:1  50:1  52:4  54:2  55:1  56:5  57:4  59:2  63:2  64:1
700.918148,6.261899,385.983007
[PASSED]
[time 1.52 s, user 1.40 s, sys 0.11 s, maxrss 183164 KB]
[busy 156 jiffies]
[exit 0]
--- c2 case 0 rec 2   load 0.82 0.81 0.64
[TEST C2-FST]
Processing dataset...
Done!
Building trie...
trie size: 2.171301 MB
trie size: 0.145336 MB
Done!
build time: 712.285768 ms (712.285768 ns per key)
space cost: 6.261899 MB (47.642258% of original size 13.143581 MB)
Querying trie...
Done!
total time: 391.552718 ms, avg latency: 391.552718 ns
topology: 1.096256 MB, link: 1.933458 MB, data: 3.232184 MB
--- Unary Path Analysis (FST, cutoff=4) ---
  shared unary steps in main trie: 268333
  terminal suffixes: inplace=220500 (avg len=1.97)  links=754948 (77.4% of terminal)
  link len: avg=6.76  max=63  total_chars=5105329
  link length distribution (len:count):  4:91687  5:111663  6:114934  7:103953  8:85177  9:68086  10:51456  11:37502  12:26935  13:19286  14:13392  15:9281  16:6718  17:4599  18:3138  19:2143  20:1561  21:980  22:717  23:511  24:315  25:289  26:154  27:98  28:76  29:70  30:38  31:24  32:35  33:24  34:15  35:9  36:12  37:9  38:5  39:5  40:5  41:8  42:4  43:7  45:3  46:1  48:1  50:1  52:4  54:2  55:1  56:5  57:4  59:2  63:2  64:1
712.285768,6.261899,391.552718
[PASSED]
[time 1.54 s, user 1.43 s, sys 0.10 s, maxrss 182980 KB]
[busy 156 jiffies]
[exit 0]
--- c2 case 1 rec 0   load 0.83 0.81 0.64
[TEST C2-CoCo(LOUDS-Sparse)]
Processing dataset...
Done!
Building trie...
Done!
build time: 1329.741151 ms (1329.741151 ns per key)
space cost: 6.955368 MB (52.918365% of original size 13.143581 MB)
Querying trie...
Done!
total time: 481.720087 ms, avg latency: 481.720087 ns
topology: 0.405121 MB, link: 2.743303 MB, data: 3.806944 MB
1329.741151,6.955368,481.720087
[PASSED]
[time 2.23 s, user 2.03 s, sys 0.18 s, maxrss 326816 KB]
[busy 228 jiffies]
[exit 0]
--- c2 case 1 rec 1   load 0.83 0.81 0.64
[TEST C2-CoCo(LOUDS-Sparse)]
Processing dataset...
Done!
Building trie...
trie size: 2.171301 MB
Done!
build time: 1408.557982 ms (1408.557982 ns per key)
space cost: 6.299446 MB (47.927923% of original size 13.143581 MB)
Querying trie...
Done!
total time: 533.661154 ms, avg latency: 533.661154 ns
topology: 0.558979 MB, link: 2.635554 MB, data: 3.104912 MB
1408.557982,6.299446,533.661154
[PASSED]
[time 2.37 s, user 2.19 s, sys 0.17 s, maxrss 326736 KB]
[busy 241 jiffies]
[exit 0]
--- c2 case 1 rec 2   load 0.85 0.81 0.65
[TEST C2-CoCo(LOUDS-Sparse)]
Processing dataset...
Done!
Building trie...
trie size: 2.171301 MB
trie size: 0.145336 MB
Done!
build time: 1404.356113 ms (1404.356113 ns per key)
space cost: 6.299446 MB (47.927923% of original size 13.143581 MB)
Querying trie...
Done!
total time: 531.201930 ms, avg latency: 531.201930 ns
topology: 0.558979 MB, link: 2.635554 MB, data: 3.104912 MB
1404.356113,6.299446,531.201930
[PASSED]
[time 2.37 s, user 2.20 s, sys 0.16 s, maxrss 326948 KB]
[busy 242 jiffies]
[exit 0]
--- c2 case 2 rec 0   load 0.86 0.82 0.65
[TEST C2-MARISA]
Processing dataset...
Done!
Building trie...
trie size: 2.220281 MB
Done!
build time: 682.477781 ms (682.477781 ns per key)
space cost: 6.286226 MB (47.827347% of original size 13.143581 MB)
Querying trie...
Done!
total time: 262.788718 ms, avg latency: 262.788718 ns
topology: 0.735279 MB, link: 2.419176 MB, data: 3.111263 MB
--- Unary Path Analysis (Marisa, cutoff=3) ---
  branches: 1529804  |  single-char: 445053 (29.1%)  short-unary: 119280 (7.8%)  links: 965471 (63.1%)
  link len: avg=7.67  max=65  total_chars=7409785
  link length distribution (len:count):  3:106346  4:81524  5:100388  6:117171  7:118183  8:106006  9:86378  10:68801  11:51930  12:37786  13:27091  14:19390  15:13458  16:9322  17:6753  18:4616  19:3149  20:2153  21:1566  22:983  23:724  24:512  25:321  26:290  27:155  28:98  29:77  30:70  31:40  32:24  33:35  34:24  35:16  36:9  37:12  38:9  39:5  40:5  41:5  42:8  43:4  44:7  46:3  47:1  49:1  51:1  53:4  55:2  56:1  57:5  58:4  60:2  64:2  65:1
  short unary avg len: 2.00
682.477781,6.286226,262.788718
[PASSED]
[time 1.37 s, user 1.24 s, sys 0.11 s, maxrss 205960 KB]
[busy 140 jiffies]
[exit 0]
--- c2 case 2 rec 1   load 0.86 0.82 0.65
[TEST C2-MARISA]
Processing dataset...
Done!
Building trie...
trie size: 2.220281 MB
trie size: 2.823213 MB
Done!
build time: 777.354204 ms (777.354204 ns per key)
space cost: 5.413679 MB (41.188767% of original size 13.143581 MB)
Querying trie...
Done!
total time: 318.134866 ms, avg latency: 318.134866 ns
topology: 0.947487 MB, link: 2.305346 MB, data: 2.140338 MB
--- Unary Path Analysis (Marisa, cutoff=3) ---
  branches: 1529804  |  single-char: 445053 (29.1%)  short-unary: 119280 (7.8%)  links: 965471 (63.1%)
  link len: avg=7.67  max=65  total_chars=7409785
  link length distribution (len:count):  3:106346  4:81524  5:100388  6:117171  7:118183  8:106006  9:86378  10:68801  11:51930  12:37786  13:27091  14:19390  15:13458  16:9322  17:6753  18:4616  19:3149  20:2153  21:1566  22:983  23:724  24:512  25:321  26:290  27:155  28:98  29:77  30:70  31:40  32:24  33:35  34:24  35:16  36:9  37:12  38:9  39:5  40:5  41:5  42:8  43:4  44:7  46:3  47:1  49:1  51:1  53:4  55:2  56:1  57:5  58:4  60:2  64:2  65:1
  short unary avg len: 2.00
777.354204,5.413679,318.134866
[PASSED]
[time 1.53 s, user 1.40 s, sys 0.11 s, maxrss 206136 KB]
[busy 156 jiffies]
[exit 0]
--- c2 case 2 rec 2   load 0.87 0.82 0.65
[TEST C2-MARISA]
Processing dataset...
Done!
Building trie...
trie size: 2.220281 MB
trie size: 2.823213 MB
trie size: 0.214430 MB
Done!
build time: 799.631393 ms (799.631393 ns per key)
space cost: 5.413679 MB (41.188767% of original size 13.143581 MB)
Querying trie...
Done!
total time: 328.578580 ms, avg latency: 328.578580 ns
topology: 0.947487 MB, link: 2.305346 MB, data: 2.140338 MB
--- Unary Path Analysis (Marisa, cutoff=3) ---
  branches: 1529804  |  single-char: 445053 (29.1%)  short-unary: 119280 (7.8%)  links: 965471 (63.1%)
  link len: avg=7.67  max=65  total_chars=7409785
  link length distribution (len:count):  3:106346  4:81524  5:100388  6:117171  7:118183  8:106006  9:86378  10:68801  11:51930  12:37786  13:27091  14:19390  15:13458  16:9322  17:6753  18:4616  19:3149  20:2153  21:1566  22:983  23:724  24:512  25:321  26:290  27:155  28:98  29:77  30:70  31:40  32:24  33:35  34:24  35:16  36:9  37:12  38:9  39:5  40:5  41:5  42:8  43:4  44:7  46:3  47:1  49:1  51:1  53:4  55:2  56:1  57:5  58:4  60:2  64:2  65:1
  short unary avg len: 2.00
799.631393,5.413679,328.578580
[PASSED]
[time 1.56 s, user 1.44 s, sys 0.11 s, maxrss 206196 KB]
[busy 161 jiffies]
[exit 0]
--- c2 case 3 rec 0   load 0.87 0.82 0.65
[TEST FST]
Processing dataset...
Done!
Building trie...
Done!
build time: 602.494476 ms (602.494476 ns per key)
space cost: 6.751218 MB (51.365131% of original size 13.143581 MB)
Querying trie...
Done!
total time: 437.884529 ms, avg latency: 437.884529 ns
not implemented
602.494476,6.751218,437.884529
[PASSED]
[time 1.46 s, user 1.38 s, sys 0.06 s, maxrss 95180 KB]
[busy 150 jiffies]
[exit 0]
--- c2 case 4 rec 0   load 0.88 0.82 0.65
[TEST COCO]
Processing dataset...
Done!
Building trie...
num nodes = 310886, average depth = 6.283062
ef = 0.001168, pa = 0.211653, bv = 0.000885, de = 0.651638
efr = 0.002046, par = 0.129141, bvr = 0.000006, der = 0.003464
Done!
build time: 10209.182415 ms (10209.182415 ns per key)
space cost: 9.668336 MB (73.559374% of original size 13.143581 MB)
Querying trie...
Done!
total time: 412.470062 ms, avg latency: 412.470062 ns
not implemented
10209.182415,9.668336,412.470062
[PASSED]
[time 11.44 s, user 8.86 s, sys 2.53 s, maxrss 6138060 KB]
[busy 1166 jiffies]
[exit 0]
--- c2 case 5 rec 0   load 0.90 0.83 0.66
[TEST MARISA]
Processing dataset...
Done!
Building trie...
Done!
build time: 481.072721 ms (481.072721 ns per key)
space cost: 6.885828 MB (52.389283% of original size 13.143581 MB)
Querying trie...
Done!
total time: 379.193794 ms, avg latency: 379.193794 ns
not implemented
481.072721,6.885828,379.193794
[PASSED]
[time 1.29 s, user 1.17 s, sys 0.12 s, maxrss 172600 KB]
[busy 132 jiffies]
[exit 0]
--- c2 case 5 rec 1   load 0.91 0.83 0.66
[TEST MARISA]
Processing dataset...
Done!
Building trie...
Done!
build time: 538.586403 ms (538.586403 ns per key)
space cost: 4.826345 MB (36.720170% of original size 13.143581 MB)
Querying trie...
Done!
total time: 510.020400 ms, avg latency: 510.020400 ns
not implemented
538.586403,4.826345,510.020400
[PASSED]
[time 1.47 s, user 1.36 s, sys 0.10 s, maxrss 172592 KB]
[busy 151 jiffies]
[exit 0]
--- c2 case 5 rec 2   load 0.91 0.83 0.66
[TEST MARISA]
Processing dataset...
Done!
Building trie...
Done!
build time: 556.763425 ms (556.763425 ns per key)
space cost: 4.647946 MB (35.362861% of original size 13.143581 MB)
Querying trie...
Done!
total time: 536.342706 ms, avg latency: 536.342706 ns
not implemented
556.763425,4.647946,536.342706
[PASSED]
[time 1.52 s, user 1.41 s, sys 0.10 s, maxrss 172552 KB]
[busy 154 jiffies]
[exit 0]
--- c2 case 6 rec 0   load 0.92 0.84 0.66
[TEST PDT]
Processing dataset...
Done!
Building trie...
dict size: 155466, stream size: 4016746
Done!
build time: 1892.178903 ms (1892.178903 ns per key)
space cost: 5.254991 MB (39.981421% of original size 13.143581 MB)
Querying trie...
Done!
total time: 516.134575 ms, avg latency: 516.134575 ns
not implemented
1892.178903,5.254991,516.134575
[PASSED]
[time 2.83 s, user 2.73 s, sys 0.08 s, maxrss 152604 KB]
[busy 289 jiffies]
[exit 0]
--- c2 case 7 rec 0   load 0.84 0.82 0.66
[TEST ART]
Processing dataset...
Done!
Building trie...
Done!
build time: 109.550338 ms (109.550338 ns per key)
space cost: 31.580688 MB (240.274607% of original size 13.143581 MB)
Querying trie...
Done!
total time: 250.358110 ms, avg latency: 250.358110 ns
not implemented
109.550338,31.580688,250.358110
[PASSED]
[time 0.78 s, user 0.71 s, sys 0.06 s, maxrss 136172 KB]
[busy 81 jiffies]
[exit 0]
--- c2 case 8 rec 0   load 0.84 0.82 0.66
[TEST CART]
Processing dataset...
Done!
Building trie...
Done!
build time: 153.897870 ms (153.897870 ns per key)
space cost: 13.831998 MB (105.237663% of original size 13.143581 MB)
Querying trie...
Done!
total time: 313.576217 ms, avg latency: 313.576217 ns
not implemented
153.897870,13.831998,313.576217
[PASSED]
[time 0.90 s, user 0.84 s, sys 0.06 s, maxrss 134152 KB]
[busy 92 jiffies]
[exit 0]
--- xcdat 7   load 0.84 0.82 0.66
build time: 520.585523 ms
space cost: 9.017626 MiB (68.608590% of original size 13.143581 MiB)
avg latency: 174.234461 ns
520.585523,9.017626,174.234461
[time 1.14 s, user 1.04 s, sys 0.09 s, maxrss 139900 KB]
[busy 119 jiffies]
[exit 0]
--- xcdat 8   load 0.85 0.82 0.66
build time: 488.121562 ms
space cost: 8.488643 MiB (64.583940% of original size 13.143581 MiB)
avg latency: 169.571916 ns
488.121562,8.488643,169.571916
[time 1.10 s, user 1.01 s, sys 0.08 s, maxrss 139756 KB]
[busy 112 jiffies]
[exit 0]
--- xcdat 15   load 0.85 0.82 0.66
build time: 506.064824 ms
space cost: 9.847433 MiB (74.921993% of original size 13.143581 MiB)
avg latency: 148.173899 ns
506.064824,9.847433,148.173899
[time 1.10 s, user 1.00 s, sys 0.08 s, maxrss 139508 KB]
[busy 112 jiffies]
[exit 0]
--- xcdat 16   load 0.79 0.81 0.65
build time: 485.534819 ms
space cost: 10.260450 MiB (78.064342% of original size 13.143581 MiB)
avg latency: 152.256574 ns
485.534819,10.260450,152.256574
[time 1.08 s, user 0.99 s, sys 0.09 s, maxrss 139600 KB]
[busy 110 jiffies]
[exit 0]

##### idents-1000000 (1000000 lines, 17569522 bytes)   round 1/3   2026-09-25T08:20:23+03:00
--- lexindex dict32   load 0.79 0.81 0.65
1000000 keys
lexindex DictIndex block 32: build 251 ms, size 5.150 MiB (5.400 B/key), latency cold 346.6 ns, then mean 335.0 / min 332.7 ns
250.629,5.149525,346.556
[time 2.09 s, user 3.45 s, sys 0.21 s, maxrss 245028 KB]
[busy 377 jiffies]
[exit 0]
--- lexindex dict256   load 0.72 0.80 0.65
1000000 keys
lexindex DictIndex block 256: build 258 ms, size 4.794 MiB (5.027 B/key), latency cold 357.7 ns, then mean 349.6 / min 348.4 ns
257.571,4.794402,357.678
[time 2.16 s, user 3.54 s, sys 0.23 s, maxrss 244896 KB]
[busy 385 jiffies]
[exit 0]
--- lexindex dict1024   load 0.72 0.80 0.65
1000000 keys
lexindex DictIndex block 1024: build 275 ms, size 4.635 MiB (4.860 B/key), latency cold 420.6 ns, then mean 417.1 / min 416.3 ns
275.429,4.634645,420.623
[time 2.43 s, user 3.31 s, sys 0.17 s, maxrss 235408 KB]
[busy 353 jiffies]
[exit 0]
--- lexindex routed32   load 0.75 0.80 0.65
1000000 keys
lexindex DictIndex block 32 routed: build 253 ms, size 5.626 MiB (5.900 B/key), latency cold 310.6 ns, then mean 308.1 / min 304.4 ns
253.003,5.626362,310.556
[time 1.97 s, user 3.33 s, sys 0.21 s, maxrss 245836 KB]
[busy 364 jiffies]
[exit 0]
--- lexindex routed256   load 0.68 0.79 0.65
1000000 keys
lexindex DictIndex block 256 routed: build 259 ms, size 5.271 MiB (5.527 B/key), latency cold 292.5 ns, then mean 287.1 / min 286.2 ns
258.835,5.271331,292.545
[time 1.89 s, user 3.32 s, sys 0.21 s, maxrss 245376 KB]
[busy 362 jiffies]
[exit 0]
--- lexindex routed1024   load 0.68 0.79 0.65
1000000 keys
lexindex DictIndex block 1024 routed: build 274 ms, size 4.873 MiB (5.110 B/key), latency cold 327.2 ns, then mean 321.5 / min 321.0 ns
274.391,4.873170,327.209
[time 2.05 s, user 2.94 s, sys 0.18 s, maxrss 234640 KB]
[busy 321 jiffies]
[exit 0]
--- lexindex string   load 0.71 0.79 0.65
1000000 keys
lexindex StringIndex: build 598 ms, size 9.621 MiB (10.089 B/key), latency cold 248.8 ns, then mean 235.9 / min 235.1 ns
597.958,9.621364,248.818
[time 2.03 s, user 1.94 s, sys 0.07 s, maxrss 146844 KB]
[busy 209 jiffies]
[exit 0]
--- lexindex hashed0   load 0.71 0.79 0.65
1000000 keys
lexindex HashedDictIndex closed: build 359 ms, size 7.408 MiB (7.768 B/key), latency cold 35.3 ns, then mean 30.1 / min 29.6 ns
359.362,7.408405,35.322
[time 0.97 s, user 2.46 s, sys 0.22 s, maxrss 248948 KB]
[busy 278 jiffies]
[exit 0]
--- lexindex hashed8   load 0.73 0.79 0.65
1000000 keys
lexindex HashedDictIndex fp=8: build 356 ms, size 8.362 MiB (8.768 B/key), latency cold 41.0 ns, then mean 36.0 / min 35.7 ns
356.186,8.362080,41.017
[time 0.99 s, user 2.49 s, sys 0.22 s, maxrss 249096 KB]
[busy 279 jiffies]
[exit 0]
--- lexindex hashed16   load 0.73 0.79 0.65
1000000 keys
lexindex HashedDictIndex fp=16: build 356 ms, size 9.316 MiB (9.768 B/key), latency cold 42.2 ns, then mean 37.2 / min 37.0 ns
356.383,9.315754,42.249
[time 0.99 s, user 2.45 s, sys 0.24 s, maxrss 254028 KB]
[busy 276 jiffies]
[exit 0]
--- lexindex da   load 0.67 0.78 0.65
1000000 keys
lexindex DoubleArrayIndex: build 2587 ms, size 57.087 MiB (59.860 B/key), latency cold 716.1 ns, then mean 679.6 / min 669.6 ns
2586.647,57.086805,716.088
[time 5.82 s, user 5.60 s, sys 0.19 s, maxrss 269928 KB]
[busy 592 jiffies]
[exit 0]
--- c2 case 0 rec 0   load 0.70 0.78 0.65
[TEST C2-FST]
Processing dataset...
Done!
Building trie...
Done!
build time: 539.321265 ms (539.321265 ns per key)
space cost: 7.689586 MB (48.662327% of original size 15.801928 MB)
Querying trie...
Done!
total time: 462.415897 ms, avg latency: 462.415897 ns
topology: 1.065430 MB, link: 1.308976 MB, data: 5.315180 MB
--- Unary Path Analysis (FST, cutoff=4) ---
  shared unary steps in main trie: 867425
  terminal suffixes: inplace=228819 (avg len=2.12)  links=441434 (65.9% of terminal)
  link len: avg=9.49  max=2370  total_chars=4189664
  link length distribution (len:count):  4:76627  5:51488  6:45151  7:37358  8:31909  9:27077  10:23240  11:20333  12:17528  13:14251  14:12152  15:10600  16:8656  17:7441  18:5953  19:5050  20:4404  21:3491  22:2961  23:2494  24:2088  25:1693  26:1542  27:2862  28:3159  29:978  30:1046  31:5827  32:8054  33:556  34:479  35:449  36:385  37:237  38:218  39:200  40:169  41:158  42:128  43:138  44:139  45:102  46:86  47:84  48:98  49:89  50:50  51:76  52:71  53:81  54:65  55:77  56:94  57:109  58:136  59:196  60:305  61:337  62:22  63:7  64:10  65:18  66:16  67:12  68:9  69:17  70:11  71:14  72:16  73:30  74:18  75:39  76:18  77:12  78:9  79:12  80:11  81:6  82:5  83:7  84:10  85:7  86:12  87:15  88:14  89:35  90:43  91:58  92:54  93:3  94:5  95:6  96:4  97:1  99:4  100:6  101:3  103:2  104:2  105:1  106:3  107:3  109:2  110:1  111:2  112:4  113:1  114:1  115:1  116:1  117:1  118:3  119:1  120:3  121:2  122:1  123:3  124:1  127:2  128:1  129:4  130:1  131:1  135:2  136:1  140:1  142:1  147:1  149:1  150:1  153:2  159:1  168:1  176:2  181:1  184:1  185:1  186:1  188:1  197:1  211:1  219:1  226:1  245:1  246:1  247:2  248:1  249:5  250:7  251:5  252:3  253:1  272:1  382:1  506:1  507:2  508:1  512:1  520:2  649:1  956:1  1018:1  2371:1
539.321265,7.689586,462.415897
[PASSED]
[time 1.50 s, user 1.39 s, sys 0.10 s, maxrss 154696 KB]
[busy 154 jiffies]
[exit 0]
--- c2 case 0 rec 1   load 0.70 0.78 0.65
[TEST C2-FST]
Processing dataset...
Done!
Building trie...
trie size: 1.502977 MB
Done!
build time: 636.422950 ms (636.422950 ns per key)
space cost: 6.915090 MB (43.761051% of original size 15.801928 MB)
Querying trie...
Done!
total time: 507.191492 ms, avg latency: 507.191492 ns
topology: 1.233204 MB, link: 1.320040 MB, data: 4.361846 MB
--- Unary Path Analysis (FST, cutoff=4) ---
  shared unary steps in main trie: 867425
  terminal suffixes: inplace=228819 (avg len=2.12)  links=441434 (65.9% of terminal)
  link len: avg=9.49  max=2370  total_chars=4189664
  link length distribution (len:count):  4:76627  5:51488  6:45151  7:37358  8:31909  9:27077  10:23240  11:20333  12:17528  13:14251  14:12152  15:10600  16:8656  17:7441  18:5953  19:5050  20:4404  21:3491  22:2961  23:2494  24:2088  25:1693  26:1542  27:2862  28:3159  29:978  30:1046  31:5827  32:8054  33:556  34:479  35:449  36:385  37:237  38:218  39:200  40:169  41:158  42:128  43:138  44:139  45:102  46:86  47:84  48:98  49:89  50:50  51:76  52:71  53:81  54:65  55:77  56:94  57:109  58:136  59:196  60:305  61:337  62:22  63:7  64:10  65:18  66:16  67:12  68:9  69:17  70:11  71:14  72:16  73:30  74:18  75:39  76:18  77:12  78:9  79:12  80:11  81:6  82:5  83:7  84:10  85:7  86:12  87:15  88:14  89:35  90:43  91:58  92:54  93:3  94:5  95:6  96:4  97:1  99:4  100:6  101:3  103:2  104:2  105:1  106:3  107:3  109:2  110:1  111:2  112:4  113:1  114:1  115:1  116:1  117:1  118:3  119:1  120:3  121:2  122:1  123:3  124:1  127:2  128:1  129:4  130:1  131:1  135:2  136:1  140:1  142:1  147:1  149:1  150:1  153:2  159:1  168:1  176:2  181:1  184:1  185:1  186:1  188:1  197:1  211:1  219:1  226:1  245:1  246:1  247:2  248:1  249:5  250:7  251:5  252:3  253:1  272:1  382:1  506:1  507:2  508:1  512:1  520:2  649:1  956:1  1018:1  2371:1
636.422950,6.915090,507.191492
[PASSED]
[time 1.65 s, user 1.53 s, sys 0.11 s, maxrss 154420 KB]
[busy 170 jiffies]
[exit 0]
--- c2 case 0 rec 2   load 0.73 0.79 0.65
[TEST C2-FST]
Processing dataset...
Done!
Building trie...
trie size: 1.502977 MB
trie size: 0.331999 MB
Done!
build time: 674.429160 ms (674.429160 ns per key)
space cost: 6.915090 MB (43.761051% of original size 15.801928 MB)
Querying trie...
Done!
total time: 492.248199 ms, avg latency: 492.248199 ns
topology: 1.233204 MB, link: 1.320040 MB, data: 4.361846 MB
--- Unary Path Analysis (FST, cutoff=4) ---
  shared unary steps in main trie: 867425
  terminal suffixes: inplace=228819 (avg len=2.12)  links=441434 (65.9% of terminal)
  link len: avg=9.49  max=2370  total_chars=4189664
  link length distribution (len:count):  4:76627  5:51488  6:45151  7:37358  8:31909  9:27077  10:23240  11:20333  12:17528  13:14251  14:12152  15:10600  16:8656  17:7441  18:5953  19:5050  20:4404  21:3491  22:2961  23:2494  24:2088  25:1693  26:1542  27:2862  28:3159  29:978  30:1046  31:5827  32:8054  33:556  34:479  35:449  36:385  37:237  38:218  39:200  40:169  41:158  42:128  43:138  44:139  45:102  46:86  47:84  48:98  49:89  50:50  51:76  52:71  53:81  54:65  55:77  56:94  57:109  58:136  59:196  60:305  61:337  62:22  63:7  64:10  65:18  66:16  67:12  68:9  69:17  70:11  71:14  72:16  73:30  74:18  75:39  76:18  77:12  78:9  79:12  80:11  81:6  82:5  83:7  84:10  85:7  86:12  87:15  88:14  89:35  90:43  91:58  92:54  93:3  94:5  95:6  96:4  97:1  99:4  100:6  101:3  103:2  104:2  105:1  106:3  107:3  109:2  110:1  111:2  112:4  113:1  114:1  115:1  116:1  117:1  118:3  119:1  120:3  121:2  122:1  123:3  124:1  127:2  128:1  129:4  130:1  131:1  135:2  136:1  140:1  142:1  147:1  149:1  150:1  153:2  159:1  168:1  176:2  181:1  184:1  185:1  186:1  188:1  197:1  211:1  219:1  226:1  245:1  246:1  247:2  248:1  249:5  250:7  251:5  252:3  253:1  272:1  382:1  506:1  507:2  508:1  512:1  520:2  649:1  956:1  1018:1  2371:1
674.429160,6.915090,492.248199
[PASSED]
[time 1.67 s, user 1.56 s, sys 0.10 s, maxrss 154424 KB]
[busy 173 jiffies]
[exit 0]
--- c2 case 1 rec 0   load 0.67 0.78 0.65
[TEST C2-CoCo(LOUDS-Sparse)]
Processing dataset...
Done!
Building trie...
Done!
build time: 1916.430013 ms (1916.430013 ns per key)
space cost: 7.851791 MB (49.688819% of original size 15.801928 MB)
Querying trie...
Done!
total time: 570.697500 ms, avg latency: 570.697500 ns
topology: 0.418465 MB, link: 2.132715 MB, data: 5.300611 MB
1916.430013,7.851791,570.697500
[PASSED]
[time 2.98 s, user 2.80 s, sys 0.16 s, maxrss 310736 KB]
[busy 303 jiffies]
[exit 0]
--- c2 case 1 rec 1   load 0.67 0.78 0.65
[TEST C2-CoCo(LOUDS-Sparse)]
Processing dataset...
Done!
Building trie...
trie size: 1.502977 MB
Done!
build time: 2009.346622 ms (2009.346622 ns per key)
space cost: 7.077295 MB (44.787543% of original size 15.801928 MB)
Querying trie...
Done!
total time: 622.584966 ms, avg latency: 622.584966 ns
topology: 0.586239 MB, link: 2.143779 MB, data: 4.347277 MB
2009.346622,7.077295,622.584966
[PASSED]
[time 3.11 s, user 2.95 s, sys 0.14 s, maxrss 310492 KB]
[busy 315 jiffies]
[exit 0]
--- c2 case 1 rec 2   load 0.69 0.78 0.65
[TEST C2-CoCo(LOUDS-Sparse)]
Processing dataset...
Done!
Building trie...
trie size: 1.502977 MB
trie size: 0.331999 MB
Done!
build time: 2045.398627 ms (2045.398627 ns per key)
space cost: 7.077295 MB (44.787543% of original size 15.801928 MB)
Querying trie...
Done!
total time: 613.825839 ms, avg latency: 613.825839 ns
topology: 0.586239 MB, link: 2.143779 MB, data: 4.347277 MB
2045.398627,7.077295,613.825839
[PASSED]
[time 3.15 s, user 2.97 s, sys 0.17 s, maxrss 310732 KB]
[busy 322 jiffies]
[exit 0]
--- c2 case 2 rec 0   load 0.72 0.78 0.65
[TEST C2-MARISA]
Processing dataset...
Done!
Building trie...
trie size: 2.270097 MB
Done!
build time: 606.993394 ms (606.993394 ns per key)
space cost: 7.011691 MB (44.372378% of original size 15.801928 MB)
Querying trie...
Done!
total time: 325.917467 ms, avg latency: 325.917467 ns
topology: 0.751881 MB, link: 1.982347 MB, data: 4.256955 MB
--- Unary Path Analysis (Marisa, cutoff=3) ---
  branches: 1422581  |  single-char: 551890 (38.8%)  short-unary: 115667 (8.1%)  links: 755024 (53.1%)
  link len: avg=8.77  max=2372  total_chars=6624040
  link length distribution (len:count):  3:105528  4:121910  5:97474  6:66582  7:57085  8:45533  9:37849  10:31975  11:26876  12:23163  13:19820  14:16116  15:13775  16:11928  17:9756  18:8336  19:6634  20:5552  21:4837  22:3831  23:3236  24:2773  25:2292  26:1859  27:1695  28:2977  29:3248  30:1048  31:1122  32:5884  33:8094  34:587  35:508  36:468  37:402  38:249  39:231  40:207  41:175  42:162  43:138  44:148  45:142  46:106  47:87  48:88  49:101  50:90  51:51  52:78  53:71  54:83  55:67  56:79  57:94  58:109  59:138  60:196  61:305  62:337  63:26  64:9  65:10  66:21  67:20  68:12  69:11  70:17  71:11  72:14  73:16  74:32  75:19  76:39  77:18  78:13  79:10  80:14  81:11  82:6  83:5  84:8  85:10  86:7  87:12  88:15  89:14  90:35  91:43  92:58  93:54  94:3  95:5  96:6  97:4  98:1  100:4  101:6  102:3  104:3  105:2  106:1  107:3  108:3  110:2  111:3  112:2  113:4  114:1  115:1  116:1  117:1  118:1  119:3  120:1  121:3  122:2  123:1  124:3  125:1  128:2  129:1  130:4  131:1  132:1  136:2  137:1  141:1  143:1  148:1  150:1  151:1  154:2  160:1  169:1  177:2  182:1  185:1  186:1  187:1  189:1  195:1  198:1  212:1  220:1  227:1  246:1  247:1  248:2  249:1  250:5  251:7  252:5  253:3  254:1  255:1  273:1  383:1  507:1  508:2  509:1  513:1  521:2  647:1  650:1  957:1  1019:1  1023:1  2372:1
  short unary avg len: 2.00
606.993394,7.011691,325.917467
[PASSED]
[time 1.44 s, user 1.30 s, sys 0.13 s, maxrss 191668 KB]
[busy 160 jiffies]
[exit 0]
--- c2 case 2 rec 1   load 0.72 0.78 0.65
[TEST C2-MARISA]
Processing dataset...
Done!
Building trie...
trie size: 2.270097 MB
trie size: 2.365652 MB
Done!
build time: 730.063339 ms (730.063339 ns per key)
space cost: 5.935715 MB (37.563232% of original size 15.801928 MB)
Querying trie...
Done!
total time: 410.150220 ms, avg latency: 410.150220 ns
topology: 0.970436 MB, link: 1.946986 MB, data: 2.997785 MB
--- Unary Path Analysis (Marisa, cutoff=3) ---
  branches: 1422581  |  single-char: 551890 (38.8%)  short-unary: 115667 (8.1%)  links: 755024 (53.1%)
  link len: avg=8.77  max=2372  total_chars=6624040
  link length distribution (len:count):  3:105528  4:121910  5:97474  6:66582  7:57085  8:45533  9:37849  10:31975  11:26876  12:23163  13:19820  14:16116  15:13775  16:11928  17:9756  18:8336  19:6634  20:5552  21:4837  22:3831  23:3236  24:2773  25:2292  26:1859  27:1695  28:2977  29:3248  30:1048  31:1122  32:5884  33:8094  34:587  35:508  36:468  37:402  38:249  39:231  40:207  41:175  42:162  43:138  44:148  45:142  46:106  47:87  48:88  49:101  50:90  51:51  52:78  53:71  54:83  55:67  56:79  57:94  58:109  59:138  60:196  61:305  62:337  63:26  64:9  65:10  66:21  67:20  68:12  69:11  70:17  71:11  72:14  73:16  74:32  75:19  76:39  77:18  78:13  79:10  80:14  81:11  82:6  83:5  84:8  85:10  86:7  87:12  88:15  89:14  90:35  91:43  92:58  93:54  94:3  95:5  96:6  97:4  98:1  100:4  101:6  102:3  104:3  105:2  106:1  107:3  108:3  110:2  111:3  112:2  113:4  114:1  115:1  116:1  117:1  118:1  119:3  120:1  121:3  122:2  123:1  124:3  125:1  128:2  129:1  130:4  131:1  132:1  136:2  137:1  141:1  143:1  148:1  150:1  151:1  154:2  160:1  169:1  177:2  182:1  185:1  186:1  187:1  189:1  195:1  198:1  212:1  220:1  227:1  246:1  247:1  248:2  249:1  250:5  251:7  252:5  253:3  254:1  255:1  273:1  383:1  507:1  508:2  509:1  513:1  521:2  647:1  650:1  957:1  1019:1  1023:1  2372:1
  short unary avg len: 2.00
730.063339,5.935715,410.150220
[PASSED]
[time 1.64 s, user 1.51 s, sys 0.12 s, maxrss 191724 KB]
[busy 171 jiffies]
[exit 0]
--- c2 case 2 rec 2   load 0.74 0.79 0.65
[TEST C2-MARISA]
Processing dataset...
Done!
Building trie...
trie size: 2.270097 MB
trie size: 2.365652 MB
trie size: 0.409595 MB
Done!
build time: 775.215342 ms (775.215342 ns per key)
space cost: 5.935715 MB (37.563232% of original size 15.801928 MB)
Querying trie...
Done!
total time: 409.485861 ms, avg latency: 409.485861 ns
topology: 0.970436 MB, link: 1.946986 MB, data: 2.997785 MB
--- Unary Path Analysis (Marisa, cutoff=3) ---
  branches: 1422581  |  single-char: 551890 (38.8%)  short-unary: 115667 (8.1%)  links: 755024 (53.1%)
  link len: avg=8.77  max=2372  total_chars=6624040
  link length distribution (len:count):  3:105528  4:121910  5:97474  6:66582  7:57085  8:45533  9:37849  10:31975  11:26876  12:23163  13:19820  14:16116  15:13775  16:11928  17:9756  18:8336  19:6634  20:5552  21:4837  22:3831  23:3236  24:2773  25:2292  26:1859  27:1695  28:2977  29:3248  30:1048  31:1122  32:5884  33:8094  34:587  35:508  36:468  37:402  38:249  39:231  40:207  41:175  42:162  43:138  44:148  45:142  46:106  47:87  48:88  49:101  50:90  51:51  52:78  53:71  54:83  55:67  56:79  57:94  58:109  59:138  60:196  61:305  62:337  63:26  64:9  65:10  66:21  67:20  68:12  69:11  70:17  71:11  72:14  73:16  74:32  75:19  76:39  77:18  78:13  79:10  80:14  81:11  82:6  83:5  84:8  85:10  86:7  87:12  88:15  89:14  90:35  91:43  92:58  93:54  94:3  95:5  96:6  97:4  98:1  100:4  101:6  102:3  104:3  105:2  106:1  107:3  108:3  110:2  111:3  112:2  113:4  114:1  115:1  116:1  117:1  118:1  119:3  120:1  121:3  122:2  123:1  124:3  125:1  128:2  129:1  130:4  131:1  132:1  136:2  137:1  141:1  143:1  148:1  150:1  151:1  154:2  160:1  169:1  177:2  182:1  185:1  186:1  187:1  189:1  195:1  198:1  212:1  220:1  227:1  246:1  247:1  248:2  249:1  250:5  251:7  252:5  253:3  254:1  255:1  273:1  383:1  507:1  508:2  509:1  513:1  521:2  647:1  650:1  957:1  1019:1  1023:1  2372:1
  short unary avg len: 2.00
775.215342,5.935715,409.485861
[PASSED]
[time 1.68 s, user 1.55 s, sys 0.11 s, maxrss 191792 KB]
[busy 172 jiffies]
[exit 0]
--- c2 case 3 rec 0   load 0.68 0.77 0.65
[TEST FST]
Processing dataset...
Done!
Building trie...
Done!
build time: 630.942348 ms (630.942348 ns per key)
space cost: 8.221326 MB (52.027361% of original size 15.801928 MB)
Querying trie...
Done!
total time: 721.593486 ms, avg latency: 721.593486 ns
not implemented
630.942348,8.221326,721.593486
[PASSED]
[time 1.85 s, user 1.78 s, sys 0.06 s, maxrss 110892 KB]
[busy 188 jiffies]
[exit 0]
--- c2 case 4 rec 0   load 0.68 0.77 0.65
[TEST COCO]
Processing dataset...
Done!
Building trie...
num nodes = 399248, average depth = 7.939321
ef = 0.000363, pa = 0.211826, bv = 0.005743, de = 0.595417
efr = 0.002081, par = 0.107439, bvr = 0.000498, der = 0.076632
Done!
build time: 13063.908752 ms (13063.908752 ns per key)
space cost: 9.456138 MB (59.841676% of original size 15.801928 MB)
Querying trie...
Done!
total time: 507.485396 ms, avg latency: 507.485396 ns
not implemented
13063.908752,9.456138,507.485396
[PASSED]
[time 14.53 s, user 11.49 s, sys 2.98 s, maxrss 7164532 KB]
[busy 1479 jiffies]
[exit 0]
--- c2 case 5 rec 0   load 0.75 0.79 0.66
[TEST MARISA]
Processing dataset...
Done!
Building trie...
Done!
build time: 446.168249 ms (446.168249 ns per key)
space cost: 6.900187 MB (43.666745% of original size 15.801928 MB)
Querying trie...
Done!
total time: 448.772037 ms, avg latency: 448.772037 ns
not implemented
446.168249,6.900187,448.772037
[PASSED]
[time 1.39 s, user 1.28 s, sys 0.10 s, maxrss 154576 KB]
[busy 142 jiffies]
[exit 0]
--- c2 case 5 rec 1   load 0.77 0.79 0.66
[TEST MARISA]
Processing dataset...
Done!
Building trie...
Done!
build time: 505.051238 ms (505.051238 ns per key)
space cost: 5.376669 MB (34.025399% of original size 15.801928 MB)
Querying trie...
Done!
total time: 624.091122 ms, avg latency: 624.091122 ns
not implemented
505.051238,5.376669,624.091122
[PASSED]
[time 1.61 s, user 1.52 s, sys 0.08 s, maxrss 153996 KB]
[busy 165 jiffies]
[exit 0]
--- c2 case 5 rec 2   load 0.77 0.79 0.66
[TEST MARISA]
Processing dataset...
Done!
Building trie...
Done!
build time: 524.537354 ms (524.537354 ns per key)
space cost: 5.101574 MB (32.284504% of original size 15.801928 MB)
Querying trie...
Done!
total time: 686.262757 ms, avg latency: 686.262757 ns
not implemented
524.537354,5.101574,686.262757
[PASSED]
[time 1.69 s, user 1.59 s, sys 0.09 s, maxrss 154220 KB]
[busy 172 jiffies]
[exit 0]
--- c2 case 6 rec 0   load 0.79 0.79 0.66
[TEST PDT]
Processing dataset...
Done!
Building trie...
dict size: 159382, stream size: 4661413
Done!
build time: 2507.567885 ms (2507.567885 ns per key)
space cost: 5.873528 MB (37.169690% of original size 15.801928 MB)
Querying trie...
Done!
total time: 576.835456 ms, avg latency: 576.835456 ns
not implemented
2507.567885,5.873528,576.835456
[PASSED]
[time 3.56 s, user 3.45 s, sys 0.09 s, maxrss 164388 KB]
[busy 364 jiffies]
[exit 0]
--- c2 case 7 rec 0   load 0.81 0.80 0.66
[TEST ART]
Processing dataset...
Done!
Building trie...
Done!
build time: 177.425648 ms (177.425648 ns per key)
space cost: 32.581932 MB (206.189605% of original size 15.801928 MB)
Querying trie...
Done!
total time: 499.046662 ms, avg latency: 499.046662 ns
not implemented
177.425648,32.581932,499.046662
[PASSED]
[time 1.18 s, user 1.08 s, sys 0.09 s, maxrss 156116 KB]
[busy 120 jiffies]
[exit 0]
--- c2 case 8 rec 0   load 0.81 0.80 0.66
[TEST CART]
Processing dataset...
Done!
Building trie...
Done!
build time: 226.685684 ms (226.685684 ns per key)
space cost: 15.394894 MB (97.424150% of original size 15.801928 MB)
Querying trie...
Done!
total time: 545.846641 ms, avg latency: 545.846641 ns
not implemented
226.685684,15.394894,545.846641
[PASSED]
[time 1.29 s, user 1.21 s, sys 0.07 s, maxrss 146304 KB]
[busy 133 jiffies]
[exit 0]
--- xcdat 7   load 0.74 0.78 0.66
build time: 498.648894 ms
space cost: 10.636815 MiB (67.313402% of original size 15.801928 MiB)
avg latency: 209.638126 ns
498.648894,10.636815,209.638126
[time 1.22 s, user 1.10 s, sys 0.11 s, maxrss 178140 KB]
[busy 123 jiffies]
[exit 0]
--- xcdat 8   load 0.74 0.78 0.66
build time: 453.666905 ms
space cost: 10.202523 MiB (64.565055% of original size 15.801928 MiB)
avg latency: 204.509278 ns
453.666905,10.202523,204.509278
[time 1.16 s, user 1.05 s, sys 0.10 s, maxrss 178008 KB]
[busy 122 jiffies]
[exit 0]
--- xcdat 15   load 0.68 0.77 0.65
build time: 476.502904 ms
space cost: 12.607800 MiB (79.786472% of original size 15.801928 MiB)
avg latency: 176.914776 ns
476.502904,12.607800,176.914776
[time 1.16 s, user 1.04 s, sys 0.11 s, maxrss 178080 KB]
[busy 120 jiffies]
[exit 0]
--- xcdat 16   load 0.68 0.77 0.65
build time: 445.314031 ms
space cost: 13.179976 MiB (83.407397% of original size 15.801928 MiB)
avg latency: 194.962307 ns
445.314031,13.179976,194.962307
[time 1.14 s, user 1.04 s, sys 0.09 s, maxrss 178180 KB]
[busy 116 jiffies]
[exit 0]

##### numeric-1000000 (1000000 lines, 6888890 bytes)   round 1/3   2026-09-25T08:22:10+03:00
--- lexindex dict32   load 0.68 0.77 0.65
1000000 keys
lexindex DictIndex block 32: build 72 ms, size 1.160 MiB (1.216 B/key), latency cold 225.9 ns, then mean 226.3 / min 225.8 ns
72.050,1.159871,225.934
[time 1.38 s, user 1.66 s, sys 0.13 s, maxrss 137556 KB]
[busy 183 jiffies]
[exit 0]
--- lexindex dict256   load 0.71 0.77 0.66
1000000 keys
lexindex DictIndex block 256: build 72 ms, size 0.964 MiB (1.011 B/key), latency cold 243.2 ns, then mean 243.1 / min 242.8 ns
72.122,0.964076,243.157
[time 1.45 s, user 1.72 s, sys 0.14 s, maxrss 138132 KB]
[busy 190 jiffies]
[exit 0]
--- lexindex dict1024   load 0.71 0.77 0.66
1000000 keys
lexindex DictIndex block 1024: build 70 ms, size 0.875 MiB (0.918 B/key), latency cold 260.7 ns, then mean 260.3 / min 259.8 ns
70.445,0.875449,260.721
[time 1.52 s, user 1.62 s, sys 0.10 s, maxrss 125864 KB]
[busy 175 jiffies]
[exit 0]
--- lexindex routed32   load 0.73 0.78 0.66
1000000 keys
lexindex DictIndex block 32 routed: build 73 ms, size 1.637 MiB (1.716 B/key), latency cold 198.5 ns, then mean 196.9 / min 196.3 ns
73.429,1.636708,198.524
[time 1.26 s, user 1.54 s, sys 0.13 s, maxrss 136028 KB]
[busy 172 jiffies]
[exit 0]
--- lexindex routed256   load 0.73 0.78 0.66
1000000 keys
lexindex DictIndex block 256 routed: build 76 ms, size 1.441 MiB (1.511 B/key), latency cold 176.1 ns, then mean 175.7 / min 175.6 ns
76.253,1.441005,176.075
[time 1.18 s, user 1.45 s, sys 0.15 s, maxrss 138156 KB]
[busy 168 jiffies]
[exit 0]
--- lexindex routed1024   load 0.75 0.78 0.66
1000000 keys
lexindex DictIndex block 1024 routed: build 71 ms, size 1.114 MiB (1.168 B/key), latency cold 176.4 ns, then mean 175.4 / min 174.6 ns
71.249,1.113975,176.352
[time 1.18 s, user 1.31 s, sys 0.09 s, maxrss 128652 KB]
[busy 145 jiffies]
[exit 0]
--- lexindex string   load 0.75 0.78 0.66
1000000 keys
lexindex StringIndex: build 134 ms, size 0.000 MiB (0.000 B/key), latency cold 83.6 ns, then mean 84.1 / min 84.0 ns
134.365,0.000287,83.622
[time 0.87 s, user 0.81 s, sys 0.05 s, maxrss 115340 KB]
[busy 90 jiffies]
[exit 0]
--- lexindex hashed0   load 0.69 0.77 0.66
1000000 keys
lexindex HashedDictIndex closed: build 162 ms, size 3.578 MiB (3.752 B/key), latency cold 14.0 ns, then mean 12.0 / min 12.0 ns
162.495,3.577960,13.998
[time 0.62 s, user 0.93 s, sys 0.17 s, maxrss 144252 KB]
[busy 117 jiffies]
[exit 0]
--- lexindex hashed8   load 0.69 0.77 0.66
1000000 keys
lexindex HashedDictIndex fp=8: build 160 ms, size 4.532 MiB (4.752 B/key), latency cold 19.0 ns, then mean 16.2 / min 16.0 ns
159.506,4.531634,19.011
[time 0.64 s, user 0.97 s, sys 0.14 s, maxrss 147496 KB]
[busy 114 jiffies]
[exit 0]
--- lexindex hashed16   load 0.69 0.77 0.66
1000000 keys
lexindex HashedDictIndex fp=16: build 161 ms, size 5.485 MiB (5.752 B/key), latency cold 20.1 ns, then mean 16.1 / min 16.0 ns
160.921,5.485309,20.112
[time 0.64 s, user 0.96 s, sys 0.15 s, maxrss 154924 KB]
[busy 115 jiffies]
[exit 0]
--- lexindex da   load 0.64 0.76 0.65
1000000 keys
lexindex DoubleArrayIndex: build 264 ms, size 7.630 MiB (8.000 B/key), latency cold 30.5 ns, then mean 21.5 / min 21.3 ns
264.359,7.629574,30.454
[time 0.76 s, user 0.69 s, sys 0.07 s, maxrss 123520 KB]
[busy 78 jiffies]
[exit 0]
--- c2 case 0 rec 0   load 0.64 0.76 0.65
timeout: the monitored command dumped core
Command terminated by signal 11
[time 0.37 s, user 0.25 s, sys 0.04 s, maxrss 83944 KB]
[busy 40 jiffies]
[exit 139]
--- c2 case 0 rec 1   load 0.64 0.76 0.65
timeout: the monitored command dumped core
Command terminated by signal 11
[time 0.36 s, user 0.25 s, sys 0.05 s, maxrss 83812 KB]
[busy 39 jiffies]
[exit 139]
--- c2 case 0 rec 2   load 0.64 0.76 0.65
timeout: the monitored command dumped core
Command terminated by signal 11
[time 0.37 s, user 0.25 s, sys 0.05 s, maxrss 83960 KB]
[busy 38 jiffies]
[exit 139]
--- c2 case 1 rec 0   load 0.67 0.76 0.65
timeout: the monitored command dumped core
Command terminated by signal 11
[time 0.40 s, user 0.28 s, sys 0.06 s, maxrss 83980 KB]
[busy 45 jiffies]
[exit 139]
--- c2 case 1 rec 1   load 0.67 0.76 0.65
timeout: the monitored command dumped core
Command terminated by signal 11
[time 0.38 s, user 0.28 s, sys 0.05 s, maxrss 83988 KB]
[busy 42 jiffies]
[exit 139]
--- c2 case 1 rec 2   load 0.67 0.76 0.65
timeout: the monitored command dumped core
Command terminated by signal 11
[time 0.40 s, user 0.29 s, sys 0.04 s, maxrss 84040 KB]
[busy 45 jiffies]
[exit 139]
--- c2 case 2 rec 0   load 0.61 0.75 0.65
timeout: the monitored command dumped core
Command terminated by signal 11
[time 0.37 s, user 0.26 s, sys 0.05 s, maxrss 83944 KB]
[busy 38 jiffies]
[exit 139]
--- c2 case 2 rec 1   load 0.61 0.75 0.65
timeout: the monitored command dumped core
Command terminated by signal 11
[time 0.37 s, user 0.25 s, sys 0.05 s, maxrss 83912 KB]
[busy 40 jiffies]
[exit 139]
--- c2 case 2 rec 2   load 0.61 0.75 0.65
timeout: the monitored command dumped core
Command terminated by signal 11
[time 0.35 s, user 0.24 s, sys 0.05 s, maxrss 83840 KB]
[busy 39 jiffies]
[exit 139]
--- c2 case 3 rec 0   load 0.61 0.75 0.65
[TEST FST]
Processing dataset...
Done!
Building trie...
Done!
build time: 219.324527 ms (219.324527 ns per key)
space cost: 1.445107 MB (25.731589% of original size 5.616083 MB)
Querying trie...
Done!
total time: 245.469850 ms, avg latency: 245.469850 ns
not implemented
219.324527,1.445107,245.469850
[PASSED]
[time 0.79 s, user 0.73 s, sys 0.05 s, maxrss 73572 KB]
[busy 80 jiffies]
[exit 0]
--- c2 case 4 rec 0   load 0.64 0.75 0.65
[TEST COCO]
Processing dataset...
Done!
Building trie...
num nodes = 9001, average depth = 1.000222
ef = 0.000000, pa = 0.000000, bv = 0.000111, de = 0.999889
efr = 0.000000, par = 0.000000, bvr = 0.000000, der = 0.000000
Done!
build time: 685.091765 ms (685.091765 ns per key)
space cost: 0.497188 MB (8.852927% of original size 5.616083 MB)
Querying trie...
Done!
total time: 224.733523 ms, avg latency: 224.733523 ns
not implemented
685.091765,0.497188,224.733523
[PASSED]
[time 1.24 s, user 1.01 s, sys 0.22 s, maxrss 494680 KB]
[busy 125 jiffies]
[exit 0]
--- c2 case 5 rec 0   load 0.64 0.75 0.65
[TEST MARISA]
Processing dataset...
Done!
Building trie...
Done!
build time: 146.094509 ms (146.094509 ns per key)
space cost: 1.565816 MB (27.880925% of original size 5.616083 MB)
Querying trie...
Done!
total time: 184.549669 ms, avg latency: 184.549669 ns
not implemented
146.094509,1.565816,184.549669
[PASSED]
[time 0.65 s, user 0.57 s, sys 0.07 s, maxrss 108260 KB]
[busy 68 jiffies]
[exit 0]
--- c2 case 5 rec 1   load 0.59 0.74 0.65
[TEST MARISA]
Processing dataset...
Done!
Building trie...
Done!
build time: 139.028106 ms (139.028106 ns per key)
space cost: 1.565816 MB (27.880925% of original size 5.616083 MB)
Querying trie...
Done!
total time: 183.152281 ms, avg latency: 183.152281 ns
not implemented
139.028106,1.565816,183.152281
[PASSED]
[time 0.64 s, user 0.57 s, sys 0.06 s, maxrss 108448 KB]
[busy 65 jiffies]
[exit 0]
--- c2 case 5 rec 2   load 0.59 0.74 0.65
[TEST MARISA]
Processing dataset...
Done!
Building trie...
Done!
build time: 140.292614 ms (140.292614 ns per key)
space cost: 1.565816 MB (27.880925% of original size 5.616083 MB)
Querying trie...
Done!
total time: 182.748390 ms, avg latency: 182.748390 ns
not implemented
140.292614,1.565816,182.748390
[PASSED]
[time 0.64 s, user 0.58 s, sys 0.06 s, maxrss 108244 KB]
[busy 68 jiffies]
[exit 0]
--- c2 case 6 rec 0   load 0.59 0.74 0.65
[TEST PDT]
Processing dataset...
Done!
Building trie...
dict size: 92, stream size: 296698
Done!
build time: 106.846798 ms (106.846798 ns per key)
space cost: 1.559100 MB (27.761344% of original size 5.616083 MB)
Querying trie...
Done!
total time: 388.178952 ms, avg latency: 388.178952 ns
not implemented
106.846798,1.559100,388.178952
[PASSED]
[time 0.81 s, user 0.76 s, sys 0.04 s, maxrss 89852 KB]
[busy 81 jiffies]
[exit 0]
--- c2 case 7 rec 0   load 0.55 0.73 0.64
[TEST ART]
Processing dataset...
Done!
Building trie...
Done!
build time: 54.297222 ms (54.297222 ns per key)
space cost: 20.065308 MB (357.282951% of original size 5.616083 MB)
Querying trie...
Done!
total time: 72.055118 ms, avg latency: 72.055118 ns
not implemented
54.297222,20.065308,72.055118
[PASSED]
[time 0.44 s, user 0.38 s, sys 0.05 s, maxrss 103252 KB]
[busy 46 jiffies]
[exit 0]
--- c2 case 8 rec 0   load 0.55 0.73 0.64
[TEST CART]
Processing dataset...
Done!
Building trie...
Done!
build time: 70.037913 ms (70.037913 ns per key)
space cost: 11.262885 MB (200.546979% of original size 5.616083 MB)
Querying trie...
Done!
total time: 86.496765 ms, avg latency: 86.496765 ns
not implemented
70.037913,11.262885,86.496765
[PASSED]
[time 0.48 s, user 0.43 s, sys 0.05 s, maxrss 104948 KB]
[busy 50 jiffies]
[exit 0]
--- xcdat 7   load 0.55 0.73 0.64
build time: 271.606588 ms
space cost: 5.285287 MiB (94.109841% of original size 5.616083 MiB)
avg latency: 83.128600 ns
271.606588,5.285287,83.128600
[time 0.68 s, user 0.61 s, sys 0.06 s, maxrss 90420 KB]
[busy 72 jiffies]
[exit 0]
--- xcdat 8   load 0.50 0.71 0.64
build time: 183.253291 ms
space cost: 4.607934 MiB (82.048892% of original size 5.616083 MiB)
avg latency: 94.409801 ns
183.253291,4.607934,94.409801
[time 0.61 s, user 0.55 s, sys 0.05 s, maxrss 90236 KB]
[busy 64 jiffies]
[exit 0]
--- xcdat 15   load 0.50 0.71 0.64
build time: 207.725206 ms
space cost: 6.727912 MiB (119.797228% of original size 5.616083 MiB)
avg latency: 52.674269 ns
207.725206,6.727912,52.674269
[time 0.59 s, user 0.52 s, sys 0.06 s, maxrss 90260 KB]
[busy 60 jiffies]
[exit 0]
--- xcdat 16   load 0.50 0.71 0.64
build time: 181.735164 ms
space cost: 7.181439 MiB (127.872740% of original size 5.616083 MiB)
avg latency: 67.177894 ns
181.735164,7.181439,67.177894
[time 0.57 s, user 0.51 s, sys 0.05 s, maxrss 90412 KB]
[busy 59 jiffies]
[exit 0]

##### opaque-1000000 (1000000 lines, 17000000 bytes)   round 1/3   2026-09-25T08:23:06+03:00
--- lexindex dict32   load 0.46 0.70 0.64
1000000 keys
lexindex DictIndex block 32: build 126 ms, size 10.145 MiB (10.638 B/key), latency cold 315.4 ns, then mean 313.9 / min 311.2 ns
126.347,10.144960,315.448
[time 1.80 s, user 2.45 s, sys 0.29 s, maxrss 166840 KB]
[busy 283 jiffies]
[exit 0]
--- lexindex dict256   load 0.46 0.70 0.64
1000000 keys
lexindex DictIndex block 256: build 125 ms, size 9.917 MiB (10.399 B/key), latency cold 340.8 ns, then mean 326.4 / min 324.2 ns
125.050,9.916968,340.825
[time 1.88 s, user 2.53 s, sys 0.26 s, maxrss 170060 KB]
[busy 289 jiffies]
[exit 0]
--- lexindex dict1024   load 0.42 0.69 0.63
1000000 keys
lexindex DictIndex block 1024: build 126 ms, size 9.814 MiB (10.291 B/key), latency cold 361.9 ns, then mean 360.2 / min 359.6 ns
125.720,9.813874,361.852
[time 1.99 s, user 2.35 s, sys 0.16 s, maxrss 153512 KB]
[busy 258 jiffies]
[exit 0]
--- lexindex routed32   load 0.42 0.69 0.63
1000000 keys
lexindex DictIndex block 32 routed: build 127 ms, size 10.622 MiB (11.138 B/key), latency cold 310.7 ns, then mean 303.9 / min 301.2 ns
126.578,10.621798,310.690
[time 1.78 s, user 2.42 s, sys 0.28 s, maxrss 169204 KB]
[busy 278 jiffies]
[exit 0]
--- lexindex routed256   load 0.47 0.70 0.64
1000000 keys
lexindex DictIndex block 256 routed: build 132 ms, size 10.394 MiB (10.899 B/key), latency cold 278.4 ns, then mean 276.5 / min 272.2 ns
131.663,10.393897,278.438
[time 1.67 s, user 2.34 s, sys 0.29 s, maxrss 172704 KB]
[busy 271 jiffies]
[exit 0]
--- lexindex routed1024   load 0.47 0.70 0.64
1000000 keys
lexindex DictIndex block 1024 routed: build 124 ms, size 10.052 MiB (10.541 B/key), latency cold 293.2 ns, then mean 293.5 / min 292.8 ns
124.219,10.052400,293.218
[time 1.72 s, user 2.07 s, sys 0.16 s, maxrss 151888 KB]
[busy 226 jiffies]
[exit 0]
--- lexindex string   load 0.51 0.70 0.64
1000000 keys
lexindex StringIndex: build 1044 ms, size 20.443 MiB (21.436 B/key), latency cold 291.3 ns, then mean 282.3 / min 279.6 ns
1043.977,20.442799,291.327
[time 2.60 s, user 2.51 s, sys 0.08 s, maxrss 152776 KB]
[busy 268 jiffies]
[exit 0]
--- lexindex hashed0   load 0.47 0.69 0.63
1000000 keys
lexindex HashedDictIndex closed: build 222 ms, size 12.530 MiB (13.139 B/key), latency cold 44.9 ns, then mean 44.0 / min 43.8 ns
222.038,12.530238,44.905
[time 0.82 s, user 1.54 s, sys 0.27 s, maxrss 171076 KB]
[busy 186 jiffies]
[exit 0]
--- lexindex hashed8   load 0.47 0.69 0.63
1000000 keys
lexindex HashedDictIndex fp=8: build 223 ms, size 13.484 MiB (14.139 B/key), latency cold 55.3 ns, then mean 53.9 / min 52.7 ns
222.515,13.483912,55.328
[time 0.86 s, user 1.56 s, sys 0.25 s, maxrss 169584 KB]
[busy 185 jiffies]
[exit 0]
--- lexindex hashed16   load 0.47 0.69 0.63
1000000 keys
lexindex HashedDictIndex fp=16: build 222 ms, size 14.438 MiB (15.139 B/key), latency cold 57.0 ns, then mean 56.2 / min 55.0 ns
222.312,14.437587,56.950
[time 0.87 s, user 1.58 s, sys 0.29 s, maxrss 170252 KB]
[busy 191 jiffies]
[exit 0]
--- lexindex da   load 0.51 0.69 0.64
1000000 keys
lexindex DoubleArrayIndex refused: format error: double-array: the trie needs more than 8 388 608 slots; bases are 23 bits
Command exited with non-zero status 3
[time 5.88 s, user 5.65 s, sys 0.20 s, maxrss 392704 KB]
[busy 597 jiffies]
[exit 3]
--- c2 case 0 rec 0   load 0.55 0.70 0.64
[TEST C2-FST]
Processing dataset...
Done!
Building trie...
Done!
build time: 1075.368946 ms (1075.368946 ns per key)
space cost: 16.922257 MB (110.901706% of original size 15.258789 MB)
Querying trie...
Done!
total time: 386.021080 ms, avg latency: 386.021080 ns
topology: 0.743332 MB, link: 3.012292 MB, data: 13.166634 MB
--- Unary Path Analysis (FST, cutoff=4) ---
  shared unary steps in main trie: 1041
  terminal suffixes: inplace=0 (avg len=0.00)  links=1000000 (100.0% of terminal)
  link len: avg=10.96  max=12  total_chars=10963783
  link length distribution (len:count):  9:6  10:856  11:56569  12:920487  13:22082
1075.368946,16.922257,386.021080
[PASSED]
[time 2.10 s, user 1.94 s, sys 0.14 s, maxrss 250188 KB]
[busy 215 jiffies]
[exit 0]
--- c2 case 0 rec 1   load 0.59 0.71 0.64
[TEST C2-FST]
Processing dataset...
Done!
Building trie...
trie size: 4.316751 MB
Done!
build time: 1950.230217 ms (1950.230217 ns per key)
space cost: 16.922257 MB (110.901706% of original size 15.258789 MB)
Querying trie...
Done!
total time: 384.481196 ms, avg latency: 384.481196 ns
topology: 0.743332 MB, link: 3.012292 MB, data: 13.166634 MB
--- Unary Path Analysis (FST, cutoff=4) ---
  shared unary steps in main trie: 1041
  terminal suffixes: inplace=0 (avg len=0.00)  links=1000000 (100.0% of terminal)
  link len: avg=10.96  max=12  total_chars=10963783
  link length distribution (len:count):  9:6  10:856  11:56569  12:920487  13:22082
1950.230217,16.922257,384.481196
[PASSED]
[time 2.98 s, user 2.76 s, sys 0.20 s, maxrss 311660 KB]
[busy 306 jiffies]
[exit 0]
--- c2 case 0 rec 2   load 0.54 0.69 0.64
[TEST C2-FST]
Processing dataset...
Done!
Building trie...
trie size: 4.316751 MB
Done!
build time: 1950.760845 ms (1950.760845 ns per key)
space cost: 16.922257 MB (110.901706% of original size 15.258789 MB)
Querying trie...
Done!
total time: 387.537799 ms, avg latency: 387.537799 ns
topology: 0.743332 MB, link: 3.012292 MB, data: 13.166634 MB
--- Unary Path Analysis (FST, cutoff=4) ---
  shared unary steps in main trie: 1041
  terminal suffixes: inplace=0 (avg len=0.00)  links=1000000 (100.0% of terminal)
  link len: avg=10.96  max=12  total_chars=10963783
  link length distribution (len:count):  9:6  10:856  11:56569  12:920487  13:22082
1950.760845,16.922257,387.537799
[PASSED]
[time 2.99 s, user 2.76 s, sys 0.21 s, maxrss 311296 KB]
[busy 305 jiffies]
[exit 0]
--- c2 case 1 rec 0   load 0.54 0.69 0.64
[TEST C2-CoCo(LOUDS-Sparse)]
Processing dataset...
Done!
Building trie...
Done!
build time: 1340.323851 ms (1340.323851 ns per key)
space cost: 16.089285 MB (105.442735% of original size 15.258789 MB)
Querying trie...
Done!
total time: 519.485108 ms, avg latency: 519.485108 ns
topology: 0.346626 MB, link: 3.175570 MB, data: 12.567089 MB
1340.323851,16.089285,519.485108
[PASSED]
[time 2.50 s, user 2.32 s, sys 0.17 s, maxrss 357320 KB]
[busy 255 jiffies]
[exit 0]
--- c2 case 1 rec 1   load 0.58 0.70 0.64
[TEST C2-CoCo(LOUDS-Sparse)]
Processing dataset...
Done!
Building trie...
trie size: 4.316751 MB
Done!
build time: 2204.132806 ms (2204.132806 ns per key)
space cost: 16.089285 MB (105.442735% of original size 15.258789 MB)
Querying trie...
Done!
total time: 516.963750 ms, avg latency: 516.963750 ns
topology: 0.346626 MB, link: 3.175570 MB, data: 12.567089 MB
2204.132806,16.089285,516.963750
[PASSED]
[time 3.36 s, user 3.12 s, sys 0.22 s, maxrss 418948 KB]
[busy 343 jiffies]
[exit 0]
--- c2 case 1 rec 2   load 0.61 0.70 0.64
[TEST C2-CoCo(LOUDS-Sparse)]
Processing dataset...
Done!
Building trie...
trie size: 4.316751 MB
Done!
build time: 2195.464145 ms (2195.464145 ns per key)
space cost: 16.089285 MB (105.442735% of original size 15.258789 MB)
Querying trie...
Done!
total time: 518.305852 ms, avg latency: 518.305852 ns
topology: 0.346626 MB, link: 3.175570 MB, data: 12.567089 MB
2195.464145,16.089285,518.305852
[PASSED]
[time 3.36 s, user 3.12 s, sys 0.22 s, maxrss 418852 KB]
[busy 344 jiffies]
[exit 0]
--- c2 case 2 rec 0   load 0.64 0.71 0.64
[TEST C2-MARISA]
Processing dataset...
Done!
Building trie...
trie size: 1.836515 MB
Done!
build time: 964.140780 ms (964.140780 ns per key)
space cost: 16.609414 MB (108.851456% of original size 15.258789 MB)
Querying trie...
Done!
total time: 326.866179 ms, avg latency: 326.866179 ns
topology: 0.607349 MB, link: 2.863268 MB, data: 13.118289 MB
--- Unary Path Analysis (Marisa, cutoff=3) ---
  branches: 1267337  |  single-char: 266306 (21.0%)  short-unary: 1021 (0.1%)  links: 1000010 (78.9%)
  link len: avg=12.96  max=14  total_chars=12963813
  link length distribution (len:count):  3:10  10:6  11:856  12:56569  13:920487  14:22082
  short unary avg len: 2.00
964.140780,16.609414,326.866179
[PASSED]
[time 1.94 s, user 1.80 s, sys 0.12 s, maxrss 236828 KB]
[busy 200 jiffies]
[exit 0]
--- c2 case 2 rec 1   load 0.64 0.71 0.64
[TEST C2-MARISA]
Processing dataset...
Done!
Building trie...
trie size: 1.836515 MB
trie size: 4.316792 MB
Done!
build time: 1984.164570 ms (1984.164570 ns per key)
space cost: 16.609414 MB (108.851456% of original size 15.258789 MB)
Querying trie...
Done!
total time: 322.344813 ms, avg latency: 322.344813 ns
topology: 0.607349 MB, link: 2.863268 MB, data: 13.118289 MB
--- Unary Path Analysis (Marisa, cutoff=3) ---
  branches: 1267337  |  single-char: 266306 (21.0%)  short-unary: 1021 (0.1%)  links: 1000010 (78.9%)
  link len: avg=12.96  max=14  total_chars=12963813
  link length distribution (len:count):  3:10  10:6  11:856  12:56569  13:920487  14:22082
  short unary avg len: 2.00
1984.164570,16.609414,322.344813
[PASSED]
[time 2.94 s, user 2.75 s, sys 0.17 s, maxrss 283508 KB]
[busy 299 jiffies]
[exit 0]
--- c2 case 2 rec 2   load 0.67 0.71 0.64
[TEST C2-MARISA]
Processing dataset...
Done!
Building trie...
trie size: 1.836515 MB
trie size: 4.316792 MB
Done!
build time: 1988.788220 ms (1988.788220 ns per key)
space cost: 16.609414 MB (108.851456% of original size 15.258789 MB)
Querying trie...
Done!
total time: 320.780773 ms, avg latency: 320.780773 ns
topology: 0.607349 MB, link: 2.863268 MB, data: 13.118289 MB
--- Unary Path Analysis (Marisa, cutoff=3) ---
  branches: 1267337  |  single-char: 266306 (21.0%)  short-unary: 1021 (0.1%)  links: 1000010 (78.9%)
  link len: avg=12.96  max=14  total_chars=12963813
  link length distribution (len:count):  3:10  10:6  11:856  12:56569  13:920487  14:22082
  short unary avg len: 2.00
1988.788220,16.609414,320.780773
[PASSED]
[time 2.95 s, user 2.75 s, sys 0.18 s, maxrss 283868 KB]
[busy 302 jiffies]
[exit 0]
--- c2 case 3 rec 0   load 0.70 0.72 0.65
[TEST FST]
Processing dataset...
Done!
Building trie...
Done!
build time: 649.215741 ms (649.215741 ns per key)
space cost: 16.760878 MB (109.844088% of original size 15.258789 MB)
Querying trie...
Done!
total time: 336.285903 ms, avg latency: 336.285903 ns
not implemented
649.215741,16.760878,336.285903
[PASSED]
[time 1.64 s, user 1.56 s, sys 0.07 s, maxrss 147044 KB]
[busy 169 jiffies]
[exit 0]
--- c2 case 4 rec 0   load 0.64 0.71 0.64
[TEST COCO]
Processing dataset...
Done!
Building trie...
num nodes = 4097, average depth = 12.997071
ef = 0.000000, pa = 0.000000, bv = 0.000000, de = 0.000000
efr = 0.000000, par = 0.999756, bvr = 0.000244, der = 0.000000
Done!
build time: 17179.450088 ms (17179.450088 ns per key)
space cost: 10.595579 MB (69.439184% of original size 15.258789 MB)
Querying trie...
Done!
total time: 495.294938 ms, avg latency: 495.294938 ns
not implemented
17179.450088,10.595579,495.294938
[PASSED]
[time 19.07 s, user 14.32 s, sys 4.66 s, maxrss 11388840 KB]
[busy 1940 jiffies]
[exit 0]
--- c2 case 5 rec 0   load 0.66 0.71 0.64
[TEST MARISA]
Processing dataset...
Done!
Building trie...
Done!
build time: 464.849512 ms (464.849512 ns per key)
space cost: 17.200768 MB (112.726950% of original size 15.258789 MB)
Querying trie...
Done!
total time: 452.459467 ms, avg latency: 452.459467 ns
not implemented
464.849512,17.200768,452.459467
[PASSED]
[time 1.55 s, user 1.44 s, sys 0.10 s, maxrss 194992 KB]
[busy 157 jiffies]
[exit 0]
--- c2 case 5 rec 1   load 0.66 0.71 0.64
[TEST MARISA]
Processing dataset...
Done!
Building trie...
Done!
build time: 733.120764 ms (733.120764 ns per key)
space cost: 17.634758 MB (115.571150% of original size 15.258789 MB)
Querying trie...
Done!
total time: 677.363148 ms, avg latency: 677.363148 ns
not implemented
733.120764,17.634758,677.363148
[PASSED]
[time 2.05 s, user 1.93 s, sys 0.11 s, maxrss 185776 KB]
[busy 210 jiffies]
[exit 0]
--- c2 case 5 rec 2   load 0.61 0.70 0.64
[TEST MARISA]
Processing dataset...
Done!
Building trie...
Done!
build time: 940.860910 ms (940.860910 ns per key)
space cost: 17.949429 MB (117.633375% of original size 15.258789 MB)
Querying trie...
Done!
total time: 965.134588 ms, avg latency: 965.134588 ns
not implemented
940.860910,17.949429,965.134588
[PASSED]
[time 2.57 s, user 2.42 s, sys 0.13 s, maxrss 225496 KB]
[busy 264 jiffies]
[exit 0]
--- c2 case 6 rec 0   load 0.61 0.70 0.64
[TEST PDT]
Processing dataset...
Done!
Building trie...
dict size: 177882, stream size: 12826382
Done!
build time: 15744.778690 ms (15744.778690 ns per key)
space cost: 13.677892 MB (89.639431% of original size 15.258789 MB)
Querying trie...
Done!
total time: 588.776047 ms, avg latency: 588.776047 ns
not implemented
15744.778690,13.677892,588.776047
[PASSED]
[time 16.97 s, user 16.70 s, sys 0.19 s, maxrss 361140 KB]
[busy 1744 jiffies]
[exit 0]
--- c2 case 7 rec 0   load 0.72 0.72 0.65
[TEST ART]
Processing dataset...
Done!
Building trie...
Done!
build time: 135.311892 ms (135.311892 ns per key)
space cost: 30.301407 MB (198.583300% of original size 15.258789 MB)
Querying trie...
Done!
total time: 177.809237 ms, avg latency: 177.809237 ns
not implemented
135.311892,30.301407,177.809237
[PASSED]
[time 0.99 s, user 0.89 s, sys 0.09 s, maxrss 178940 KB]
[busy 106 jiffies]
[exit 0]
--- c2 case 8 rec 0   load 0.72 0.72 0.65
[TEST CART]
Processing dataset...
Done!
Building trie...
Done!
build time: 156.493158 ms (156.493158 ns per key)
space cost: 11.383729 MB (74.604406% of original size 15.258789 MB)
Querying trie...
Done!
total time: 226.168548 ms, avg latency: 226.168548 ns
not implemented
156.493158,11.383729,226.168548
[PASSED]
[time 1.04 s, user 0.95 s, sys 0.08 s, maxrss 160840 KB]
[busy 106 jiffies]
[exit 0]
--- xcdat 7   load 0.74 0.72 0.65
build time: 664.260284 ms
space cost: 19.932177 MiB (130.627512% of original size 15.258789 MiB)
avg latency: 223.461491 ns
664.260284,19.932177,223.461491
[time 1.55 s, user 1.44 s, sys 0.10 s, maxrss 173072 KB]
[busy 158 jiffies]
[exit 0]
--- xcdat 8   load 0.74 0.72 0.65
build time: 634.840836 ms
space cost: 18.565336 MiB (121.669787% of original size 15.258789 MiB)
avg latency: 214.462640 ns
634.840836,18.565336,214.462640
[time 1.53 s, user 1.41 s, sys 0.10 s, maxrss 179608 KB]
[busy 159 jiffies]
[exit 0]
--- xcdat 15   load 0.77 0.73 0.65
build time: 651.948937 ms
space cost: 19.094490 MiB (125.137650% of original size 15.258789 MiB)
avg latency: 201.570271 ns
651.948937,19.094490,201.570271
[time 1.53 s, user 1.42 s, sys 0.10 s, maxrss 181108 KB]
[busy 156 jiffies]
[exit 0]
--- xcdat 16   load 0.77 0.73 0.65
build time: 631.403586 ms
space cost: 19.227987 MiB (126.012538% of original size 15.258789 MiB)
avg latency: 207.964628 ns
631.403586,19.227987,207.964628
[time 1.50 s, user 1.40 s, sys 0.09 s, maxrss 180124 KB]
[busy 153 jiffies]
[exit 0]

##### paths-1000000 (1000000 lines, 59358139 bytes)   round 1/3   2026-09-25T08:25:18+03:00
--- lexindex dict32   load 0.78 0.73 0.65
1000000 keys
lexindex DictIndex block 32: build 296 ms, size 7.889 MiB (8.272 B/key), latency cold 556.3 ns, then mean 554.8 / min 542.4 ns
296.321,7.888713,556.277
[time 3.11 s, user 4.96 s, sys 0.29 s, maxrss 338436 KB]
[busy 537 jiffies]
[exit 0]
--- lexindex dict256   load 0.72 0.72 0.65
1000000 keys
lexindex DictIndex block 256: build 307 ms, size 6.536 MiB (6.854 B/key), latency cold 566.0 ns, then mean 563.3 / min 552.4 ns
307.143,6.536199,565.986
[time 3.15 s, user 5.08 s, sys 0.28 s, maxrss 334012 KB]
[busy 547 jiffies]
[exit 0]
--- lexindex dict1024   load 0.66 0.71 0.65
1000000 keys
lexindex DictIndex block 1024: build 335 ms, size 6.209 MiB (6.511 B/key), latency cold 610.6 ns, then mean 602.1 / min 598.9 ns
335.089,6.209176,610.561
[time 3.35 s, user 4.53 s, sys 0.24 s, maxrss 334952 KB]
[busy 487 jiffies]
[exit 0]
--- lexindex routed32   load 0.66 0.71 0.65
1000000 keys
lexindex DictIndex block 32 routed: build 300 ms, size 8.366 MiB (8.772 B/key), latency cold 536.6 ns, then mean 523.0 / min 520.1 ns
300.442,8.365550,536.576
[time 3.01 s, user 4.92 s, sys 0.28 s, maxrss 339688 KB]
[busy 529 jiffies]
[exit 0]
--- lexindex routed256   load 0.69 0.71 0.65
1000000 keys
lexindex DictIndex block 256 routed: build 307 ms, size 7.013 MiB (7.354 B/key), latency cold 538.8 ns, then mean 534.0 / min 530.4 ns
307.244,7.013127,538.849
[time 3.06 s, user 4.99 s, sys 0.29 s, maxrss 334636 KB]
[busy 540 jiffies]
[exit 0]
--- lexindex routed1024   load 0.72 0.72 0.65
1000000 keys
lexindex DictIndex block 1024 routed: build 332 ms, size 6.448 MiB (6.761 B/key), latency cold 587.6 ns, then mean 578.3 / min 575.5 ns
331.916,6.447701,587.579
[time 3.26 s, user 4.43 s, sys 0.25 s, maxrss 335880 KB]
[busy 479 jiffies]
[exit 0]
--- lexindex string   load 0.74 0.72 0.65
1000000 keys
lexindex StringIndex: build 872 ms, size 10.366 MiB (10.870 B/key), latency cold 496.0 ns, then mean 483.2 / min 481.7 ns
871.881,10.366158,496.004
[time 3.40 s, user 3.27 s, sys 0.12 s, maxrss 235632 KB]
[busy 349 jiffies]
[exit 0]
--- lexindex hashed0   load 0.76 0.73 0.65
1000000 keys
lexindex HashedDictIndex closed: build 429 ms, size 9.149 MiB (9.594 B/key), latency cold 59.6 ns, then mean 58.7 / min 58.6 ns
429.350,9.149382,59.632
[time 1.26 s, user 3.28 s, sys 0.28 s, maxrss 336504 KB]
[busy 366 jiffies]
[exit 0]
--- lexindex hashed8   load 0.76 0.73 0.65
1000000 keys
lexindex HashedDictIndex fp=8: build 425 ms, size 10.103 MiB (10.594 B/key), latency cold 72.5 ns, then mean 70.8 / min 70.6 ns
424.638,10.103056,72.519
[time 1.30 s, user 3.26 s, sys 0.27 s, maxrss 338232 KB]
[busy 364 jiffies]
[exit 0]
--- lexindex hashed16   load 0.70 0.72 0.65
1000000 keys
lexindex HashedDictIndex fp=16: build 431 ms, size 11.057 MiB (11.594 B/key), latency cold 73.8 ns, then mean 70.4 / min 70.2 ns
430.944,11.056730,73.758
[time 1.31 s, user 3.25 s, sys 0.31 s, maxrss 339444 KB]
[busy 364 jiffies]
[exit 0]
--- lexindex da   load 0.70 0.72 0.65
1000000 keys
lexindex DoubleArrayIndex refused: format error: double-array: the trie needs more than 8 388 608 slots; bases are 23 bits
Command exited with non-zero status 3
[time 4.01 s, user 3.70 s, sys 0.29 s, maxrss 495624 KB]
[busy 410 jiffies]
[exit 3]
--- c2 case 0 rec 0   load 0.72 0.72 0.65
[TEST C2-FST]
Processing dataset...
Done!
Building trie...
Done!
build time: 1124.048953 ms (1124.048953 ns per key)
space cost: 10.677848 MB (19.185901% of original size 55.654658 MB)
Querying trie...
Done!
total time: 1200.697960 ms, avg latency: 1200.697960 ns
topology: 1.512909 MB, link: 2.183862 MB, data: 6.981077 MB
--- Unary Path Analysis (FST, cutoff=4) ---
  shared unary steps in main trie: 1983898
  terminal suffixes: inplace=155036 (avg len=2.03)  links=775026 (83.3% of terminal)
  link len: avg=9.81  max=128  total_chars=7602444
  link length distribution (len:count):  4:63662  5:73939  6:69531  7:88678  8:71526  9:52778  10:51773  11:44074  12:39713  13:31763  14:26712  15:22182  16:18455  17:22937  18:16541  19:12402  20:10319  21:8136  22:6539  23:6401  24:4377  25:3649  26:3160  27:3721  28:2559  29:1865  30:1985  31:1339  32:1222  33:997  34:1398  35:1349  36:841  37:575  38:604  39:530  40:470  41:758  42:1158  43:1471  44:308  45:277  46:258  47:317  48:236  49:197  50:181  51:216  52:108  53:92  54:67  55:72  56:56  57:66  58:37  59:33  60:19  61:34  62:14  63:20  64:25  65:11  66:17  67:20  68:11  69:14  70:14  71:20  72:13  73:15  74:14  75:14  76:8  77:11  78:18  79:34  80:20  81:7  82:8  83:2  85:4  86:2  87:2  88:1  90:2  91:4  92:1  93:2  96:2  97:1  98:1  99:3  102:1  104:1  108:1  110:1  111:1  129:3
1124.048953,10.677848,1200.697960
[PASSED]
[time 3.12 s, user 2.93 s, sys 0.18 s, maxrss 258316 KB]
[busy 319 jiffies]
[exit 0]
--- c2 case 0 rec 1   load 0.75 0.73 0.65
[TEST C2-FST]
Processing dataset...
Done!
Building trie...
trie size: 2.433954 MB
Done!
build time: 1286.231871 ms (1286.231871 ns per key)
space cost: 9.494965 MB (17.060503% of original size 55.654658 MB)
Querying trie...
Done!
total time: 1350.327049 ms, avg latency: 1350.327049 ns
topology: 1.739155 MB, link: 2.123735 MB, data: 5.632074 MB
--- Unary Path Analysis (FST, cutoff=4) ---
  shared unary steps in main trie: 1983898
  terminal suffixes: inplace=155036 (avg len=2.03)  links=775026 (83.3% of terminal)
  link len: avg=9.81  max=128  total_chars=7602444
  link length distribution (len:count):  4:63662  5:73939  6:69531  7:88678  8:71526  9:52778  10:51773  11:44074  12:39713  13:31763  14:26712  15:22182  16:18455  17:22937  18:16541  19:12402  20:10319  21:8136  22:6539  23:6401  24:4377  25:3649  26:3160  27:3721  28:2559  29:1865  30:1985  31:1339  32:1222  33:997  34:1398  35:1349  36:841  37:575  38:604  39:530  40:470  41:758  42:1158  43:1471  44:308  45:277  46:258  47:317  48:236  49:197  50:181  51:216  52:108  53:92  54:67  55:72  56:56  57:66  58:37  59:33  60:19  61:34  62:14  63:20  64:25  65:11  66:17  67:20  68:11  69:14  70:14  71:20  72:13  73:15  74:14  75:14  76:8  77:11  78:18  79:34  80:20  81:7  82:8  83:2  85:4  86:2  87:2  88:1  90:2  91:4  92:1  93:2  96:2  97:1  98:1  99:3  102:1  104:1  108:1  110:1  111:1  129:3
1286.231871,9.494965,1350.327049
[PASSED]
[time 3.44 s, user 3.24 s, sys 0.18 s, maxrss 258132 KB]
[busy 354 jiffies]
[exit 0]
--- c2 case 0 rec 2   load 0.77 0.73 0.66
[TEST C2-FST]
Processing dataset...
Done!
Building trie...
trie size: 2.433954 MB
trie size: 0.408309 MB
Done!
build time: 1329.596966 ms (1329.596966 ns per key)
space cost: 9.494965 MB (17.060503% of original size 55.654658 MB)
Querying trie...
Done!
total time: 1342.819411 ms, avg latency: 1342.819411 ns
topology: 1.739155 MB, link: 2.123735 MB, data: 5.632074 MB
--- Unary Path Analysis (FST, cutoff=4) ---
  shared unary steps in main trie: 1983898
  terminal suffixes: inplace=155036 (avg len=2.03)  links=775026 (83.3% of terminal)
  link len: avg=9.81  max=128  total_chars=7602444
  link length distribution (len:count):  4:63662  5:73939  6:69531  7:88678  8:71526  9:52778  10:51773  11:44074  12:39713  13:31763  14:26712  15:22182  16:18455  17:22937  18:16541  19:12402  20:10319  21:8136  22:6539  23:6401  24:4377  25:3649  26:3160  27:3721  28:2559  29:1865  30:1985  31:1339  32:1222  33:997  34:1398  35:1349  36:841  37:575  38:604  39:530  40:470  41:758  42:1158  43:1471  44:308  45:277  46:258  47:317  48:236  49:197  50:181  51:216  52:108  53:92  54:67  55:72  56:56  57:66  58:37  59:33  60:19  61:34  62:14  63:20  64:25  65:11  66:17  67:20  68:11  69:14  70:14  71:20  72:13  73:15  74:14  75:14  76:8  77:11  78:18  79:34  80:20  81:7  82:8  83:2  85:4  86:2  87:2  88:1  90:2  91:4  92:1  93:2  96:2  97:1  98:1  99:3  102:1  104:1  108:1  110:1  111:1  129:3
1329.596966,9.494965,1342.819411
[PASSED]
[time 3.47 s, user 3.27 s, sys 0.18 s, maxrss 258248 KB]
[busy 355 jiffies]
[exit 0]
--- c2 case 1 rec 0   load 0.78 0.74 0.66
[TEST C2-CoCo(LOUDS-Sparse)]
Processing dataset...
Done!
Building trie...
Done!
build time: 3911.323324 ms (3911.323324 ns per key)
space cost: 10.850550 MB (19.496212% of original size 55.654658 MB)
Querying trie...
Done!
total time: 1148.249417 ms, avg latency: 1148.249417 ns
topology: 0.452286 MB, link: 3.359728 MB, data: 7.038537 MB
3911.323324,10.850550,1148.249417
[PASSED]
[time 5.86 s, user 5.54 s, sys 0.29 s, maxrss 511464 KB]
[busy 597 jiffies]
[exit 0]
--- c2 case 1 rec 1   load 0.80 0.74 0.66
[TEST C2-CoCo(LOUDS-Sparse)]
Processing dataset...
Done!
Building trie...
trie size: 2.433954 MB
Done!
build time: 4079.096406 ms (4079.096406 ns per key)
space cost: 9.667667 MB (17.370814% of original size 55.654658 MB)
Querying trie...
Done!
total time: 1253.708769 ms, avg latency: 1253.708769 ns
topology: 0.678532 MB, link: 3.299602 MB, data: 5.689534 MB
4079.096406,9.667667,1253.708769
[PASSED]
[time 6.14 s, user 5.84 s, sys 0.28 s, maxrss 512104 KB]
[busy 627 jiffies]
[exit 0]
--- c2 case 1 rec 2   load 0.75 0.73 0.66
[TEST C2-CoCo(LOUDS-Sparse)]
Processing dataset...
Done!
Building trie...
trie size: 2.433954 MB
trie size: 0.408309 MB
Done!
build time: 4092.311968 ms (4092.311968 ns per key)
space cost: 9.667667 MB (17.370814% of original size 55.654658 MB)
Querying trie...
Done!
total time: 1239.859947 ms, avg latency: 1239.859947 ns
topology: 0.678532 MB, link: 3.299602 MB, data: 5.689534 MB
4092.311968,9.667667,1239.859947
[PASSED]
[time 6.14 s, user 5.85 s, sys 0.26 s, maxrss 511856 KB]
[busy 625 jiffies]
[exit 0]
--- c2 case 2 rec 0   load 0.77 0.74 0.66
[TEST C2-MARISA]
Processing dataset...
Done!
Building trie...
trie size: 2.379500 MB
Done!
build time: 1253.569346 ms (1253.569346 ns per key)
space cost: 9.142673 MB (16.427506% of original size 55.654658 MB)
Querying trie...
Done!
total time: 629.538579 ms, avg latency: 629.538579 ns
topology: 0.788380 MB, link: 3.028383 MB, data: 5.305402 MB
--- Unary Path Analysis (Marisa, cutoff=3) ---
  branches: 1624370  |  single-char: 364657 (22.4%)  short-unary: 105835 (6.5%)  links: 1153878 (71.0%)
  link len: avg=10.16  max=130  total_chars=11724159
  link length distribution (len:count):  3:86064  4:95323  5:99308  6:104992  7:95461  8:108108  9:90737  10:64624  11:60242  12:50948  13:45360  14:36727  15:31143  16:26922  17:21639  18:24976  19:18225  20:13819  21:11536  22:9190  23:7326  24:7075  25:5058  26:4084  27:3561  28:4082  29:2881  30:2128  31:2425  32:1998  33:1765  34:1248  35:1581  36:1516  37:1026  38:745  39:954  40:1077  41:823  42:929  43:1258  44:1550  45:383  46:326  47:319  48:359  49:278  50:229  51:212  52:245  53:136  54:111  55:80  56:86  57:71  58:74  59:40  60:37  61:20  62:40  63:19  64:21  65:31  66:12  67:22  68:22  69:12  70:15  71:16  72:21  73:14  74:16  75:15  76:14  77:8  78:13  79:18  80:34  81:21  82:7  83:8  84:2  86:4  87:2  88:3  89:2  90:1  91:3  92:4  93:1  94:2  97:2  98:1  99:1  100:3  103:1  105:1  109:1  111:1  112:1  130:3
  short unary avg len: 2.00
1253.569346,9.142673,629.538579
[PASSED]
[time 2.69 s, user 2.50 s, sys 0.18 s, maxrss 246576 KB]
[busy 277 jiffies]
[exit 0]
--- c2 case 2 rec 1   load 0.79 0.74 0.66
[TEST C2-MARISA]
Processing dataset...
Done!
Building trie...
trie size: 2.379500 MB
trie size: 3.728127 MB
Done!
build time: 1495.282245 ms (1495.282245 ns per key)
space cost: 7.584204 MB (13.627258% of original size 55.654658 MB)
Querying trie...
Done!
total time: 978.222089 ms, avg latency: 978.222089 ns
topology: 1.114113 MB, link: 3.112300 MB, data: 3.337283 MB
--- Unary Path Analysis (Marisa, cutoff=3) ---
  branches: 1624370  |  single-char: 364657 (22.4%)  short-unary: 105835 (6.5%)  links: 1153878 (71.0%)
  link len: avg=10.16  max=130  total_chars=11724159
  link length distribution (len:count):  3:86064  4:95323  5:99308  6:104992  7:95461  8:108108  9:90737  10:64624  11:60242  12:50948  13:45360  14:36727  15:31143  16:26922  17:21639  18:24976  19:18225  20:13819  21:11536  22:9190  23:7326  24:7075  25:5058  26:4084  27:3561  28:4082  29:2881  30:2128  31:2425  32:1998  33:1765  34:1248  35:1581  36:1516  37:1026  38:745  39:954  40:1077  41:823  42:929  43:1258  44:1550  45:383  46:326  47:319  48:359  49:278  50:229  51:212  52:245  53:136  54:111  55:80  56:86  57:71  58:74  59:40  60:37  61:20  62:40  63:19  64:21  65:31  66:12  67:22  68:22  69:12  70:15  71:16  72:21  73:14  74:16  75:15  76:14  77:8  78:13  79:18  80:34  81:21  82:7  83:8  84:2  86:4  87:2  88:3  89:2  90:1  91:3  92:4  93:1  94:2  97:2  98:1  99:1  100:3  103:1  105:1  109:1  111:1  112:1  130:3
  short unary avg len: 2.00
1495.282245,7.584204,978.222089
[PASSED]
[time 3.27 s, user 3.10 s, sys 0.16 s, maxrss 231116 KB]
[busy 333 jiffies]
[exit 0]
--- c2 case 2 rec 2   load 0.73 0.73 0.66
[TEST C2-MARISA]
Processing dataset...
Done!
Building trie...
trie size: 2.379500 MB
trie size: 3.728127 MB
trie size: 0.593370 MB
Done!
build time: 1563.641435 ms (1563.641435 ns per key)
space cost: 7.584204 MB (13.627258% of original size 55.654658 MB)
Querying trie...
Done!
total time: 977.067890 ms, avg latency: 977.067890 ns
topology: 1.114113 MB, link: 3.112300 MB, data: 3.337283 MB
--- Unary Path Analysis (Marisa, cutoff=3) ---
  branches: 1624370  |  single-char: 364657 (22.4%)  short-unary: 105835 (6.5%)  links: 1153878 (71.0%)
  link len: avg=10.16  max=130  total_chars=11724159
  link length distribution (len:count):  3:86064  4:95323  5:99308  6:104992  7:95461  8:108108  9:90737  10:64624  11:60242  12:50948  13:45360  14:36727  15:31143  16:26922  17:21639  18:24976  19:18225  20:13819  21:11536  22:9190  23:7326  24:7075  25:5058  26:4084  27:3561  28:4082  29:2881  30:2128  31:2425  32:1998  33:1765  34:1248  35:1581  36:1516  37:1026  38:745  39:954  40:1077  41:823  42:929  43:1258  44:1550  45:383  46:326  47:319  48:359  49:278  50:229  51:212  52:245  53:136  54:111  55:80  56:86  57:71  58:74  59:40  60:37  61:20  62:40  63:19  64:21  65:31  66:12  67:22  68:22  69:12  70:15  71:16  72:21  73:14  74:16  75:15  76:14  77:8  78:13  79:18  80:34  81:21  82:7  83:8  84:2  86:4  87:2  88:3  89:2  90:1  91:3  92:4  93:1  94:2  97:2  98:1  99:1  100:3  103:1  105:1  109:1  111:1  112:1  130:3
  short unary avg len: 2.00
1563.641435,7.584204,977.067890
[PASSED]
[time 3.39 s, user 3.21 s, sys 0.16 s, maxrss 231068 KB]
[busy 386 jiffies]
[exit 0]
--- c2 case 3 rec 0   load 0.73 0.73 0.66
[TEST FST]
Processing dataset...
Done!
Building trie...
Done!
build time: 1714.654625 ms (1714.654625 ns per key)
space cost: 10.595835 MB (19.038541% of original size 55.654658 MB)
Querying trie...
Done!
total time: 2200.088916 ms, avg latency: 2200.088916 ns
not implemented
1714.654625,10.595835,2200.088916
[PASSED]
[time 4.72 s, user 4.57 s, sys 0.13 s, maxrss 223872 KB]
[busy 481 jiffies]
[exit 0]
--- c2 case 4 rec 0   load 0.69 0.72 0.66
[TEST COCO]
Processing dataset...
Done!
Building trie...
num nodes = 402454, average depth = 9.995585
ef = 0.000169, pa = 0.212941, bv = 0.000770, de = 0.549568
efr = 0.000959, par = 0.190315, bvr = 0.000032, der = 0.045245
Done!
build time: 23962.378178 ms (23962.378178 ns per key)
space cost: 14.335197 MB (25.757407% of original size 55.654658 MB)
Querying trie...
Done!
total time: 1099.085816 ms, avg latency: 1099.085816 ns
not implemented
23962.378178,14.335197,1099.085816
[PASSED]
[time 26.66 s, user 21.30 s, sys 5.25 s, maxrss 12688768 KB]
[busy 2720 jiffies]
[exit 0]
--- c2 case 5 rec 0   load 0.80 0.74 0.67
[TEST MARISA]
Processing dataset...
Done!
Building trie...
Done!
build time: 897.899690 ms (897.899690 ns per key)
space cost: 9.765432 MB (17.546478% of original size 55.654658 MB)
Querying trie...
Done!
total time: 758.836404 ms, avg latency: 758.836404 ns
not implemented
897.899690,9.765432,758.836404
[PASSED]
[time 2.42 s, user 2.25 s, sys 0.16 s, maxrss 279396 KB]
[busy 249 jiffies]
[exit 0]
--- c2 case 5 rec 1   load 0.81 0.75 0.67
[TEST MARISA]
Processing dataset...
Done!
Building trie...
Done!
build time: 1029.415463 ms (1029.415463 ns per key)
space cost: 6.956338 MB (12.499112% of original size 55.654658 MB)
Querying trie...
Done!
total time: 1268.084742 ms, avg latency: 1268.084742 ns
not implemented
1029.415463,6.956338,1268.084742
[PASSED]
[time 3.06 s, user 2.91 s, sys 0.14 s, maxrss 279316 KB]
[busy 313 jiffies]
[exit 0]
--- c2 case 5 rec 2   load 0.75 0.74 0.66
[TEST MARISA]
Processing dataset...
Done!
Building trie...
Done!
build time: 1064.036788 ms (1064.036788 ns per key)
space cost: 6.472832 MB (11.630350% of original size 55.654658 MB)
Querying trie...
Done!
total time: 1458.708081 ms, avg latency: 1458.708081 ns
not implemented
1064.036788,6.472832,1458.708081
[PASSED]
[time 3.29 s, user 3.11 s, sys 0.17 s, maxrss 279448 KB]
[busy 337 jiffies]
[exit 0]
--- c2 case 6 rec 0   load 0.69 0.72 0.66
[TEST PDT]
Processing dataset...
Done!
Building trie...
dict size: 155232, stream size: 6622105
Done!
build time: 2674.417427 ms (2674.417427 ns per key)
space cost: 7.739431 MB (13.906170% of original size 55.654658 MB)
Querying trie...
Done!
total time: 839.699960 ms, avg latency: 839.699960 ns
not implemented
2674.417427,7.739431,839.699960
[PASSED]
[time 4.30 s, user 4.12 s, sys 0.16 s, maxrss 229388 KB]
[busy 440 jiffies]
[exit 0]
--- c2 case 7 rec 0   load 0.63 0.71 0.66
[TEST ART]
Processing dataset...
Done!
Building trie...
Done!
build time: 279.234042 ms (279.234042 ns per key)
space cost: 35.506813 MB (63.798457% of original size 55.654658 MB)
Querying trie...
Done!
total time: 614.933374 ms, avg latency: 614.933374 ns
not implemented
279.234042,35.506813,614.933374
[PASSED]
[time 1.70 s, user 1.55 s, sys 0.14 s, maxrss 311076 KB]
[busy 175 jiffies]
[exit 0]
--- c2 case 8 rec 0   load 0.63 0.71 0.66
[TEST CART]
Processing dataset...
Done!
Building trie...
Done!
build time: 341.483201 ms (341.483201 ns per key)
space cost: 18.037062 MB (32.408898% of original size 55.654658 MB)
Querying trie...
Done!
total time: 657.933784 ms, avg latency: 657.933784 ns
not implemented
341.483201,18.037062,657.933784
[PASSED]
[time 1.82 s, user 1.67 s, sys 0.14 s, maxrss 300716 KB]
[busy 188 jiffies]
[exit 0]
--- xcdat 7   load 0.66 0.72 0.66
build time: 938.121207 ms
space cost: 14.567592 MiB (26.174973% of original size 55.654658 MiB)
avg latency: 471.378759 ns
938.121207,14.567592,471.378759
[time 2.20 s, user 2.03 s, sys 0.16 s, maxrss 234064 KB]
[busy 226 jiffies]
[exit 0]
--- xcdat 8   load 0.66 0.72 0.66
build time: 886.820131 ms
space cost: 14.422580 MiB (25.914416% of original size 55.654658 MiB)
avg latency: 472.129811 ns
886.820131,14.422580,472.129811
[time 2.15 s, user 1.96 s, sys 0.17 s, maxrss 234124 KB]
[busy 220 jiffies]
[exit 0]
--- xcdat 15   load 0.69 0.72 0.66
build time: 937.370967 ms
space cost: 18.773955 MiB (33.732945% of original size 55.654658 MiB)
avg latency: 437.847373 ns
937.370967,18.773955,437.847373
[time 2.17 s, user 1.99 s, sys 0.17 s, maxrss 237228 KB]
[busy 221 jiffies]
[exit 0]
--- xcdat 16   load 0.63 0.71 0.66
build time: 888.265667 ms
space cost: 19.772616 MiB (35.527334% of original size 55.654658 MiB)
avg latency: 462.371274 ns
888.265667,19.772616,462.371274
[time 2.14 s, user 1.97 s, sys 0.16 s, maxrss 237576 KB]
[busy 219 jiffies]
[exit 0]

##### pypi-full (895600 lines, 12836944 bytes)   round 1/3   2026-09-25T08:27:55+03:00
--- lexindex dict32   load 0.63 0.71 0.66
895600 keys
lexindex DictIndex block 32: build 168 ms, size 3.820 MiB (4.472 B/key), latency cold 302.0 ns, then mean 287.6 / min 286.8 ns
168.040,3.819597,301.972
[time 1.62 s, user 2.52 s, sys 0.16 s, maxrss 206724 KB]
[busy 275 jiffies]
[exit 0]
--- lexindex dict256   load 0.66 0.71 0.66
895600 keys
lexindex DictIndex block 256: build 170 ms, size 3.556 MiB (4.163 B/key), latency cold 310.8 ns, then mean 305.0 / min 303.7 ns
170.347,3.555855,310.770
[time 1.67 s, user 2.59 s, sys 0.16 s, maxrss 206120 KB]
[busy 281 jiffies]
[exit 0]
--- lexindex dict1024   load 0.66 0.71 0.66
895600 keys
lexindex DictIndex block 1024: build 189 ms, size 3.437 MiB (4.024 B/key), latency cold 377.1 ns, then mean 376.8 / min 374.5 ns
189.199,3.436601,377.112
[time 1.95 s, user 2.49 s, sys 0.13 s, maxrss 187596 KB]
[busy 269 jiffies]
[exit 0]
--- lexindex routed32   load 0.69 0.72 0.66
895600 keys
lexindex DictIndex block 32 routed: build 170 ms, size 4.247 MiB (4.972 B/key), latency cold 271.2 ns, then mean 263.5 / min 258.7 ns
170.428,4.246660,271.249
[time 1.53 s, user 2.41 s, sys 0.17 s, maxrss 207000 KB]
[busy 269 jiffies]
[exit 0]
--- lexindex routed256   load 0.69 0.72 0.66
895600 keys
lexindex DictIndex block 256 routed: build 171 ms, size 3.983 MiB (4.663 B/key), latency cold 253.3 ns, then mean 234.2 / min 232.6 ns
171.064,3.982979,253.276
[time 1.44 s, user 2.35 s, sys 0.15 s, maxrss 207584 KB]
[busy 260 jiffies]
[exit 0]
--- lexindex routed1024   load 0.72 0.72 0.66
895600 keys
lexindex DictIndex block 1024 routed: build 193 ms, size 3.650 MiB (4.274 B/key), latency cold 273.0 ns, then mean 269.9 / min 265.0 ns
192.758,3.650224,273.004
[time 1.57 s, user 2.12 s, sys 0.14 s, maxrss 189632 KB]
[busy 233 jiffies]
[exit 0]
--- lexindex string   load 0.72 0.72 0.66
895600 keys
lexindex StringIndex: build 468 ms, size 8.534 MiB (9.992 B/key), latency cold 212.8 ns, then mean 206.9 / min 206.4 ns
467.548,8.534456,212.755
[time 1.61 s, user 1.55 s, sys 0.05 s, maxrss 123588 KB]
[busy 166 jiffies]
[exit 0]
--- lexindex hashed0   load 0.74 0.73 0.66
895600 keys
lexindex HashedDictIndex closed: build 250 ms, size 5.897 MiB (6.904 B/key), latency cold 27.9 ns, then mean 19.6 / min 19.3 ns
249.847,5.897046,27.879
[time 0.73 s, user 1.66 s, sys 0.18 s, maxrss 214192 KB]
[busy 186 jiffies]
[exit 0]
--- lexindex hashed8   load 0.74 0.73 0.66
895600 keys
lexindex HashedDictIndex fp=8: build 255 ms, size 6.751 MiB (7.904 B/key), latency cold 32.8 ns, then mean 24.3 / min 22.6 ns
254.509,6.751157,32.819
[time 0.76 s, user 1.68 s, sys 0.17 s, maxrss 215408 KB]
[busy 192 jiffies]
[exit 0]
--- lexindex hashed16   load 0.68 0.72 0.66
895600 keys
lexindex HashedDictIndex fp=16: build 250 ms, size 7.605 MiB (8.904 B/key), latency cold 34.3 ns, then mean 24.5 / min 23.7 ns
249.993,7.605268,34.270
[time 0.76 s, user 1.70 s, sys 0.17 s, maxrss 216636 KB]
[busy 193 jiffies]
[exit 0]
--- lexindex da   load 0.68 0.72 0.66
895600 keys
lexindex DoubleArrayIndex: build 2172 ms, size 41.584 MiB (48.687 B/key), latency cold 479.4 ns, then mean 441.6 / min 441.2 ns
2171.842,41.583891,479.353
[time 4.18 s, user 4.00 s, sys 0.16 s, maxrss 209908 KB]
[busy 430 jiffies]
[exit 0]
--- c2 case 0 rec 0   load 0.70 0.72 0.66
[TEST C2-FST]
Processing dataset...
Done!
Building trie...
Done!
build time: 409.500698 ms (457.236152 ns per key)
space cost: 5.600983 MB (49.182538% of original size 11.388153 MB)
Querying trie...
Done!
total time: 320.288766 ms, avg latency: 357.624795 ns
topology: 0.856544 MB, link: 1.156816 MB, data: 3.587623 MB
--- Unary Path Analysis (FST, cutoff=4) ---
  shared unary steps in main trie: 346869
  terminal suffixes: inplace=290212 (avg len=1.99)  links=407890 (58.4% of terminal)
  link len: avg=7.08  max=176  total_chars=2886275
  link length distribution (len:count):  4:75217  5:66403  6:54145  7:41199  8:34065  9:27491  10:20897  11:17025  12:14758  13:12079  14:9477  15:7348  16:5933  17:4527  18:3618  19:2821  20:2157  21:1675  22:1346  23:1100  24:876  25:726  26:556  27:430  28:362  29:398  30:314  31:175  32:150  33:104  34:105  35:76  36:46  37:52  38:48  39:27  40:25  41:13  42:21  43:16  44:7  45:10  46:6  47:5  48:10  49:1  50:4  51:5  52:2  53:2  54:2  55:1  56:5  57:3  60:2  62:2  63:1  64:3  65:2  67:1  68:3  71:1  75:1  77:2  82:1  86:1  99:2  106:1  113:1  153:1  177:1
409.500698,5.600983,357.624795
[PASSED]
[time 1.12 s, user 1.04 s, sys 0.08 s, maxrss 130436 KB]
[busy 116 jiffies]
[exit 0]
--- c2 case 0 rec 1   load 0.65 0.71 0.66
[TEST C2-FST]
Processing dataset...
Done!
Building trie...
trie size: 1.308683 MB
Done!
build time: 457.800545 ms (511.166308 ns per key)
space cost: 5.164801 MB (45.352399% of original size 11.388153 MB)
Querying trie...
Done!
total time: 358.856606 ms, avg latency: 400.688484 ns
topology: 0.984890 MB, link: 1.153795 MB, data: 3.026115 MB
--- Unary Path Analysis (FST, cutoff=4) ---
  shared unary steps in main trie: 346869
  terminal suffixes: inplace=290212 (avg len=1.99)  links=407890 (58.4% of terminal)
  link len: avg=7.08  max=176  total_chars=2886275
  link length distribution (len:count):  4:75217  5:66403  6:54145  7:41199  8:34065  9:27491  10:20897  11:17025  12:14758  13:12079  14:9477  15:7348  16:5933  17:4527  18:3618  19:2821  20:2157  21:1675  22:1346  23:1100  24:876  25:726  26:556  27:430  28:362  29:398  30:314  31:175  32:150  33:104  34:105  35:76  36:46  37:52  38:48  39:27  40:25  41:13  42:21  43:16  44:7  45:10  46:6  47:5  48:10  49:1  50:4  51:5  52:2  53:2  54:2  55:1  56:5  57:3  60:2  62:2  63:1  64:3  65:2  67:1  68:3  71:1  75:1  77:2  82:1  86:1  99:2  106:1  113:1  153:1  177:1
457.800545,5.164801,400.688484
[PASSED]
[time 1.21 s, user 1.11 s, sys 0.08 s, maxrss 130524 KB]
[busy 122 jiffies]
[exit 0]
--- c2 case 0 rec 2   load 0.65 0.71 0.66
[TEST C2-FST]
Processing dataset...
Done!
Building trie...
trie size: 1.308683 MB
trie size: 0.188839 MB
Done!
build time: 473.764953 ms (528.991685 ns per key)
space cost: 5.164801 MB (45.352399% of original size 11.388153 MB)
Querying trie...
Done!
total time: 361.904994 ms, avg latency: 404.092222 ns
topology: 0.984890 MB, link: 1.153795 MB, data: 3.026115 MB
--- Unary Path Analysis (FST, cutoff=4) ---
  shared unary steps in main trie: 346869
  terminal suffixes: inplace=290212 (avg len=1.99)  links=407890 (58.4% of terminal)
  link len: avg=7.08  max=176  total_chars=2886275
  link length distribution (len:count):  4:75217  5:66403  6:54145  7:41199  8:34065  9:27491  10:20897  11:17025  12:14758  13:12079  14:9477  15:7348  16:5933  17:4527  18:3618  19:2821  20:2157  21:1675  22:1346  23:1100  24:876  25:726  26:556  27:430  28:362  29:398  30:314  31:175  32:150  33:104  34:105  35:76  36:46  37:52  38:48  39:27  40:25  41:13  42:21  43:16  44:7  45:10  46:6  47:5  48:10  49:1  50:4  51:5  52:2  53:2  54:2  55:1  56:5  57:3  60:2  62:2  63:1  64:3  65:2  67:1  68:3  71:1  75:1  77:2  82:1  86:1  99:2  106:1  113:1  153:1  177:1
473.764953,5.164801,404.092222
[PASSED]
[time 1.23 s, user 1.14 s, sys 0.08 s, maxrss 130576 KB]
[busy 127 jiffies]
[exit 0]
--- c2 case 1 rec 0   load 0.65 0.71 0.66
[TEST C2-CoCo(LOUDS-Sparse)]
Processing dataset...
Done!
Building trie...
Done!
build time: 1180.505607 ms (1318.117024 ns per key)
space cost: 5.931293 MB (52.083012% of original size 11.388153 MB)
Querying trie...
Done!
total time: 479.277321 ms, avg latency: 535.146629 ns
topology: 0.367439 MB, link: 1.827341 MB, data: 3.736513 MB
1180.505607,5.931293,535.146629
[PASSED]
[time 2.04 s, user 1.91 s, sys 0.11 s, maxrss 253128 KB]
[busy 211 jiffies]
[exit 0]
--- c2 case 1 rec 1   load 0.68 0.71 0.66
[TEST C2-CoCo(LOUDS-Sparse)]
Processing dataset...
Done!
Building trie...
trie size: 1.308683 MB
Done!
build time: 1248.838438 ms (1394.415406 ns per key)
space cost: 5.495111 MB (48.252874% of original size 11.388153 MB)
Querying trie...
Done!
total time: 518.230917 ms, avg latency: 578.641042 ns
topology: 0.495785 MB, link: 1.824321 MB, data: 3.175006 MB
1248.838438,5.495111,578.641042
[PASSED]
[time 2.14 s, user 2.02 s, sys 0.11 s, maxrss 253180 KB]
[busy 219 jiffies]
[exit 0]
--- c2 case 1 rec 2   load 0.62 0.70 0.66
[TEST C2-CoCo(LOUDS-Sparse)]
Processing dataset...
Done!
Building trie...
trie size: 1.308683 MB
trie size: 0.188839 MB
Done!
build time: 1259.175371 ms (1405.957315 ns per key)
space cost: 5.495111 MB (48.252874% of original size 11.388153 MB)
Querying trie...
Done!
total time: 512.299371 ms, avg latency: 572.018056 ns
topology: 0.495785 MB, link: 1.824321 MB, data: 3.175006 MB
1259.175371,5.495111,572.018056
[PASSED]
[time 2.15 s, user 2.02 s, sys 0.12 s, maxrss 252860 KB]
[busy 221 jiffies]
[exit 0]
--- c2 case 2 rec 0   load 0.62 0.70 0.66
[TEST C2-MARISA]
Processing dataset...
Done!
Building trie...
trie size: 2.048235 MB
Done!
build time: 486.335484 ms (543.027561 ns per key)
space cost: 5.176098 MB (45.451601% of original size 11.388153 MB)
Querying trie...
Done!
total time: 230.427062 ms, avg latency: 257.287921 ns
topology: 0.677906 MB, link: 1.695078 MB, data: 2.782606 MB
--- Unary Path Analysis (Marisa, cutoff=3) ---
  branches: 1299053  |  single-char: 486988 (37.5%)  short-unary: 135839 (10.5%)  links: 676226 (52.1%)
  link len: avg=7.04  max=178  total_chars=4759844
  link length distribution (len:count):  3:129138  4:106899  5:84856  6:73131  7:58892  8:44392  9:36260  10:29010  11:21889  12:17780  13:15419  14:12564  15:9815  16:7584  17:6145  18:4698  19:3717  20:2895  21:2218  22:1723  23:1373  24:1124  25:897  26:746  27:568  28:440  29:369  30:404  31:318  32:179  33:153  34:107  35:105  36:76  37:46  38:54  39:48  40:27  41:26  42:13  43:21  44:16  45:7  46:10  47:6  48:5  49:10  50:2  51:4  52:5  53:2  54:2  55:2  56:1  57:5  58:3  61:2  63:2  64:1  65:3  66:2  68:2  69:3  72:1  76:1  78:2  83:1  87:1  100:2  107:1  114:1  154:1  178:1
  short unary avg len: 2.00
486.335484,5.176098,257.287921
[PASSED]
[time 1.09 s, user 0.99 s, sys 0.08 s, maxrss 159688 KB]
[busy 109 jiffies]
[exit 0]
--- c2 case 2 rec 1   load 0.65 0.71 0.66
[TEST C2-MARISA]
Processing dataset...
Done!
Building trie...
trie size: 2.048235 MB
trie size: 2.033304 MB
Done!
build time: 569.159663 ms (635.506546 ns per key)
space cost: 4.556563 MB (40.011434% of original size 11.388153 MB)
Querying trie...
Done!
total time: 285.876113 ms, avg latency: 319.200662 ns
topology: 0.845192 MB, link: 1.658626 MB, data: 2.032238 MB
--- Unary Path Analysis (Marisa, cutoff=3) ---
  branches: 1299053  |  single-char: 486988 (37.5%)  short-unary: 135839 (10.5%)  links: 676226 (52.1%)
  link len: avg=7.04  max=178  total_chars=4759844
  link length distribution (len:count):  3:129138  4:106899  5:84856  6:73131  7:58892  8:44392  9:36260  10:29010  11:21889  12:17780  13:15419  14:12564  15:9815  16:7584  17:6145  18:4698  19:3717  20:2895  21:2218  22:1723  23:1373  24:1124  25:897  26:746  27:568  28:440  29:369  30:404  31:318  32:179  33:153  34:107  35:105  36:76  37:46  38:54  39:48  40:27  41:26  42:13  43:21  44:16  45:7  46:10  47:6  48:5  49:10  50:2  51:4  52:5  53:2  54:2  55:2  56:1  57:5  58:3  61:2  63:2  64:1  65:3  66:2  68:2  69:3  72:1  76:1  78:2  83:1  87:1  100:2  107:1  114:1  154:1  178:1
  short unary avg len: 2.00
569.159663,4.556563,319.200662
[PASSED]
[time 1.25 s, user 1.15 s, sys 0.09 s, maxrss 159636 KB]
[busy 128 jiffies]
[exit 0]
--- c2 case 2 rec 2   load 0.65 0.71 0.66
[TEST C2-MARISA]
Processing dataset...
Done!
Building trie...
trie size: 2.048235 MB
trie size: 2.033304 MB
trie size: 0.241896 MB
Done!
build time: 598.048667 ms (667.763139 ns per key)
space cost: 4.556563 MB (40.011434% of original size 11.388153 MB)
Querying trie...
Done!
total time: 287.895117 ms, avg latency: 321.455021 ns
topology: 0.845192 MB, link: 1.658626 MB, data: 2.032238 MB
--- Unary Path Analysis (Marisa, cutoff=3) ---
  branches: 1299053  |  single-char: 486988 (37.5%)  short-unary: 135839 (10.5%)  links: 676226 (52.1%)
  link len: avg=7.04  max=178  total_chars=4759844
  link length distribution (len:count):  3:129138  4:106899  5:84856  6:73131  7:58892  8:44392  9:36260  10:29010  11:21889  12:17780  13:15419  14:12564  15:9815  16:7584  17:6145  18:4698  19:3717  20:2895  21:2218  22:1723  23:1373  24:1124  25:897  26:746  27:568  28:440  29:369  30:404  31:318  32:179  33:153  34:107  35:105  36:76  37:46  38:54  39:48  40:27  41:26  42:13  43:21  44:16  45:7  46:10  47:6  48:5  49:10  50:2  51:4  52:5  53:2  54:2  55:2  56:1  57:5  58:3  61:2  63:2  64:1  65:3  66:2  68:2  69:3  72:1  76:1  78:2  83:1  87:1  100:2  107:1  114:1  154:1  178:1
  short unary avg len: 2.00
598.048667,4.556563,321.455021
[PASSED]
[time 1.28 s, user 1.17 s, sys 0.10 s, maxrss 159880 KB]
[busy 135 jiffies]
[exit 0]
--- c2 case 3 rec 0   load 0.60 0.69 0.65
[TEST FST]
Processing dataset...
Done!
Building trie...
Done!
build time: 507.382712 ms (566.528263 ns per key)
space cost: 5.913843 MB (51.929783% of original size 11.388153 MB)
Querying trie...
Done!
total time: 484.697506 ms, avg latency: 541.198644 ns
not implemented
507.382712,5.913843,541.198644
[PASSED]
[time 1.38 s, user 1.31 s, sys 0.06 s, maxrss 87300 KB]
[busy 141 jiffies]
[exit 0]
--- c2 case 4 rec 0   load 0.60 0.69 0.65
[TEST COCO]
Processing dataset...
Done!
Building trie...
num nodes = 377711, average depth = 5.232855
ef = 0.000439, pa = 0.203121, bv = 0.001033, de = 0.703067
efr = 0.002123, par = 0.078563, bvr = 0.000029, der = 0.011625
Done!
build time: 7692.821970 ms (8589.573437 ns per key)
space cost: 7.712429 MB (67.723262% of original size 11.388153 MB)
Querying trie...
Done!
total time: 435.363746 ms, avg latency: 486.114053 ns
not implemented
7692.821970,7.712429,486.114053
[PASSED]
[time 8.80 s, user 6.89 s, sys 1.87 s, maxrss 4372788 KB]
[busy 899 jiffies]
[exit 0]
--- c2 case 5 rec 0   load 0.66 0.70 0.66
[TEST MARISA]
Processing dataset...
Done!
Building trie...
Done!
build time: 385.428856 ms (430.358258 ns per key)
space cost: 5.346809 MB (46.950628% of original size 11.388153 MB)
Querying trie...
Done!
total time: 339.144295 ms, avg latency: 378.678311 ns
not implemented
385.428856,5.346809,378.678311
[PASSED]
[time 1.12 s, user 1.03 s, sys 0.08 s, maxrss 132784 KB]
[busy 116 jiffies]
[exit 0]
--- c2 case 5 rec 1   load 0.61 0.69 0.65
[TEST MARISA]
Processing dataset...
Done!
Building trie...
Done!
build time: 433.459948 ms (483.988330 ns per key)
space cost: 4.061914 MB (35.667895% of original size 11.388153 MB)
Querying trie...
Done!
total time: 456.134575 ms, avg latency: 509.306136 ns
not implemented
433.459948,4.061914,509.306136
[PASSED]
[time 1.27 s, user 1.18 s, sys 0.08 s, maxrss 132768 KB]
[busy 129 jiffies]
[exit 0]
--- c2 case 5 rec 2   load 0.61 0.69 0.65
[TEST MARISA]
Processing dataset...
Done!
Building trie...
Done!
build time: 433.188909 ms (483.685696 ns per key)
space cost: 3.852798 MB (33.831627% of original size 11.388153 MB)
Querying trie...
Done!
total time: 488.047140 ms, avg latency: 544.938745 ns
not implemented
433.188909,3.852798,544.938745
[PASSED]
[time 1.31 s, user 1.22 s, sys 0.08 s, maxrss 132724 KB]
[busy 136 jiffies]
[exit 0]
--- c2 case 6 rec 0   load 0.61 0.69 0.65
[TEST PDT]
Processing dataset...
Done!
Building trie...
dict size: 158882, stream size: 3197544
Done!
build time: 1502.905940 ms (1678.099531 ns per key)
space cost: 4.343886 MB (38.143906% of original size 11.388153 MB)
Querying trie...
Done!
total time: 457.927495 ms, avg latency: 511.308056 ns
not implemented
1502.905940,4.343886,511.308056
[PASSED]
[time 2.36 s, user 2.26 s, sys 0.09 s, maxrss 139528 KB]
[busy 239 jiffies]
[exit 0]
--- c2 case 7 rec 0   load 0.64 0.70 0.66
[TEST ART]
Processing dataset...
Done!
Building trie...
Done!
build time: 103.710166 ms (115.799649 ns per key)
space cost: 28.831062 MB (253.167148% of original size 11.388153 MB)
Querying trie...
Done!
total time: 255.421427 ms, avg latency: 285.195877 ns
not implemented
103.710166,28.831062,285.195877
[PASSED]
[time 0.75 s, user 0.68 s, sys 0.06 s, maxrss 124640 KB]
[busy 77 jiffies]
[exit 0]
--- c2 case 8 rec 0   load 0.64 0.70 0.66
[TEST CART]
Processing dataset...
Done!
Building trie...
Done!
build time: 138.487213 ms (154.630653 ns per key)
space cost: 12.769355 MB (112.128409% of original size 11.388153 MB)
Querying trie...
Done!
total time: 312.274737 ms, avg latency: 348.676571 ns
not implemented
138.487213,12.769355,348.676571
[PASSED]
[time 0.85 s, user 0.78 s, sys 0.06 s, maxrss 121424 KB]
[busy 89 jiffies]
[exit 0]
--- xcdat 7   load 0.67 0.70 0.66
build time: 370.417740 ms
space cost: 7.492425 MiB (65.791397% of original size 11.388153 MiB)
avg latency: 163.192923 ns
370.417740,7.492425,163.192923
[time 0.92 s, user 0.83 s, sys 0.08 s, maxrss 125600 KB]
[busy 93 jiffies]
[exit 0]
--- xcdat 8   load 0.67 0.70 0.66
build time: 347.528039 ms
space cost: 7.110240 MiB (62.435409% of original size 11.388153 MiB)
avg latency: 169.794845 ns
347.528039,7.110240,169.794845
[time 0.90 s, user 0.81 s, sys 0.08 s, maxrss 125744 KB]
[busy 91 jiffies]
[exit 0]
--- xcdat 15   load 0.62 0.69 0.65
build time: 364.728840 ms
space cost: 8.468211 MiB (74.359829% of original size 11.388153 MiB)
avg latency: 134.487892 ns
364.728840,8.468211,134.487892
[time 0.88 s, user 0.81 s, sys 0.07 s, maxrss 125632 KB]
[busy 91 jiffies]
[exit 0]
--- xcdat 16   load 0.62 0.69 0.65
build time: 349.220158 ms
space cost: 8.846028 MiB (77.677462% of original size 11.388153 MiB)
avg latency: 141.021371 ns
349.220158,8.846028,141.021371
[time 0.87 s, user 0.78 s, sys 0.08 s, maxrss 125704 KB]
[busy 89 jiffies]
[exit 0]

##### titles-en-1000000 (1000000 lines, 21984647 bytes)   round 1/3   2026-09-25T08:29:20+03:00
--- lexindex dict32   load 0.62 0.69 0.65
1000000 keys
lexindex DictIndex block 32: build 387 ms, size 7.447 MiB (7.809 B/key), latency cold 375.0 ns, then mean 369.1 / min 365.0 ns
386.804,7.446899,374.975
[time 2.36 s, user 4.74 s, sys 0.36 s, maxrss 274548 KB]
[busy 521 jiffies]
[exit 0]
--- lexindex dict256   load 0.65 0.70 0.66
1000000 keys
lexindex DictIndex block 256: build 393 ms, size 7.029 MiB (7.370 B/key), latency cold 393.5 ns, then mean 392.7 / min 390.2 ns
393.244,7.028672,393.514
[time 2.45 s, user 4.89 s, sys 0.41 s, maxrss 272964 KB]
[busy 544 jiffies]
[exit 0]
--- lexindex dict1024   load 0.68 0.70 0.66
1000000 keys
lexindex DictIndex block 1024: build 428 ms, size 6.878 MiB (7.212 B/key), latency cold 451.0 ns, then mean 445.8 / min 442.2 ns
428.484,6.877800,450.973
[time 2.71 s, user 4.26 s, sys 0.28 s, maxrss 276896 KB]
[busy 463 jiffies]
[exit 0]
--- lexindex routed32   load 0.68 0.70 0.66
1000000 keys
lexindex DictIndex block 32 routed: build 392 ms, size 7.924 MiB (8.309 B/key), latency cold 343.9 ns, then mean 337.2 / min 334.3 ns
391.568,7.923737,343.850
[time 2.23 s, user 4.68 s, sys 0.39 s, maxrss 275148 KB]
[busy 519 jiffies]
[exit 0]
--- lexindex routed256   load 0.70 0.71 0.66
1000000 keys
lexindex DictIndex block 256 routed: build 396 ms, size 7.506 MiB (7.870 B/key), latency cold 317.8 ns, then mean 309.4 / min 306.5 ns
396.043,7.505601,317.752
[time 2.14 s, user 4.66 s, sys 0.42 s, maxrss 274712 KB]
[busy 520 jiffies]
[exit 0]
--- lexindex routed1024   load 0.73 0.71 0.66
1000000 keys
lexindex DictIndex block 1024 routed: build 425 ms, size 7.116 MiB (7.462 B/key), latency cold 349.6 ns, then mean 347.6 / min 341.5 ns
425.178,7.116325,349.568
[time 2.31 s, user 3.87 s, sys 0.26 s, maxrss 283216 KB]
[busy 424 jiffies]
[exit 0]
--- lexindex string   load 0.73 0.71 0.66
1000000 keys
lexindex StringIndex: build 971 ms, size 16.482 MiB (17.283 B/key), latency cold 331.0 ns, then mean 324.8 / min 321.9 ns
970.962,16.482312,331.024
[time 2.75 s, user 2.66 s, sys 0.08 s, maxrss 164184 KB]
[busy 282 jiffies]
[exit 0]
--- lexindex hashed0   load 0.75 0.72 0.66
1000000 keys
lexindex HashedDictIndex closed: build 513 ms, size 9.642 MiB (10.110 B/key), latency cold 42.1 ns, then mean 39.7 / min 38.9 ns
513.241,9.642032,42.101
[time 1.16 s, user 3.79 s, sys 0.38 s, maxrss 276880 KB]
[busy 425 jiffies]
[exit 0]
--- lexindex hashed8   load 0.69 0.71 0.66
1000000 keys
lexindex HashedDictIndex fp=8: build 512 ms, size 10.596 MiB (11.110 B/key), latency cold 49.5 ns, then mean 46.2 / min 46.0 ns
512.119,10.595706,49.526
[time 1.20 s, user 3.78 s, sys 0.39 s, maxrss 276856 KB]
[busy 426 jiffies]
[exit 0]
--- lexindex hashed16   load 0.69 0.71 0.66
1000000 keys
lexindex HashedDictIndex fp=16: build 505 ms, size 11.549 MiB (12.110 B/key), latency cold 50.9 ns, then mean 47.4 / min 46.9 ns
505.238,11.549380,50.939
[time 1.19 s, user 3.72 s, sys 0.40 s, maxrss 276864 KB]
[busy 426 jiffies]
[exit 0]
--- lexindex da   load 0.63 0.69 0.66
1000000 keys
lexindex DoubleArrayIndex refused: format error: double-array: the trie needs more than 8 388 608 slots; bases are 23 bits
Command exited with non-zero status 3
[time 3.89 s, user 3.62 s, sys 0.26 s, maxrss 395696 KB]
[busy 396 jiffies]
[exit 3]
--- c2 case 0 rec 0   load 0.63 0.69 0.66
[TEST C2-FST]
Processing dataset...
Done!
Building trie...
Done!
build time: 1014.793187 ms (1014.793187 ns per key)
space cost: 11.326162 MB (56.595386% of original size 20.012519 MB)
Querying trie...
Done!
total time: 470.629422 ms, avg latency: 470.629422 ns
topology: 1.047974 MB, link: 2.330659 MB, data: 7.947530 MB
--- Unary Path Analysis (FST, cutoff=4) ---
  shared unary steps in main trie: 632648
  terminal suffixes: inplace=148307 (avg len=2.14)  links=794871 (84.3% of terminal)
  link len: avg=12.03  max=232  total_chars=9558452
  link length distribution (len:count):  4:67686  5:69275  6:65423  7:58787  8:51921  9:47544  10:42795  11:38054  12:34227  13:30736  14:30694  15:28260  16:25308  17:22807  18:19264  19:17586  20:15912  21:14224  22:12066  23:10759  24:9477  25:8347  26:7925  27:7112  28:6113  29:5746  30:5072  31:4462  32:3927  33:3658  34:3228  35:2847  36:2644  37:2353  38:2038  39:1870  40:1644  41:1489  42:1315  43:1143  44:928  45:846  46:722  47:679  48:610  49:543  50:459  51:451  52:342  53:339  54:284  55:273  56:239  57:215  58:214  59:177  60:158  61:140  62:127  63:109  64:95  65:79  66:80  67:78  68:75  69:69  70:68  71:54  72:51  73:42  74:46  75:42  76:35  77:41  78:38  79:39  80:21  81:18  82:21  83:19  84:14  85:18  86:14  87:15  88:11  89:14  90:13  91:7  92:5  93:8  94:7  95:5  96:8  97:8  98:5  99:7  100:11  101:5  102:6  103:3  104:3  105:3  106:5  107:4  108:5  109:1  110:2  111:6  112:1  113:1  114:1  115:4  116:1  118:1  119:2  121:2  123:2  125:1  126:1  128:1  129:1  131:1  132:2  134:1  135:1  136:1  137:3  138:1  139:1  141:2  145:1  152:1  154:1  156:1  159:3  165:1  168:1  174:1  175:1  179:1  181:1  199:1  201:1  202:1  204:1  207:1  216:1  217:1  219:1  233:1
1014.793187,11.326162,470.629422
[PASSED]
[time 2.05 s, user 1.92 s, sys 0.12 s, maxrss 185580 KB]
[busy 209 jiffies]
[exit 0]
--- c2 case 0 rec 1   load 0.58 0.68 0.65
[TEST C2-FST]
Processing dataset...
Done!
Building trie...
trie size: 3.096522 MB
Done!
build time: 1324.546506 ms (1324.546506 ns per key)
space cost: 9.522977 MB (47.585099% of original size 20.012519 MB)
Querying trie...
Done!
total time: 586.202258 ms, avg latency: 586.202258 ns
topology: 1.448536 MB, link: 2.515947 MB, data: 5.558494 MB
--- Unary Path Analysis (FST, cutoff=4) ---
  shared unary steps in main trie: 632648
  terminal suffixes: inplace=148307 (avg len=2.14)  links=794871 (84.3% of terminal)
  link len: avg=12.03  max=232  total_chars=9558452
  link length distribution (len:count):  4:67686  5:69275  6:65423  7:58787  8:51921  9:47544  10:42795  11:38054  12:34227  13:30736  14:30694  15:28260  16:25308  17:22807  18:19264  19:17586  20:15912  21:14224  22:12066  23:10759  24:9477  25:8347  26:7925  27:7112  28:6113  29:5746  30:5072  31:4462  32:3927  33:3658  34:3228  35:2847  36:2644  37:2353  38:2038  39:1870  40:1644  41:1489  42:1315  43:1143  44:928  45:846  46:722  47:679  48:610  49:543  50:459  51:451  52:342  53:339  54:284  55:273  56:239  57:215  58:214  59:177  60:158  61:140  62:127  63:109  64:95  65:79  66:80  67:78  68:75  69:69  70:68  71:54  72:51  73:42  74:46  75:42  76:35  77:41  78:38  79:39  80:21  81:18  82:21  83:19  84:14  85:18  86:14  87:15  88:11  89:14  90:13  91:7  92:5  93:8  94:7  95:5  96:8  97:8  98:5  99:7  100:11  101:5  102:6  103:3  104:3  105:3  106:5  107:4  108:5  109:1  110:2  111:6  112:1  113:1  114:1  115:4  116:1  118:1  119:2  121:2  123:2  125:1  126:1  128:1  129:1  131:1  132:2  134:1  135:1  136:1  137:3  138:1  139:1  141:2  145:1  152:1  154:1  156:1  159:3  165:1  168:1  174:1  175:1  179:1  181:1  199:1  201:1  202:1  204:1  207:1  216:1  217:1  219:1  233:1
1324.546506,9.522977,586.202258
[PASSED]
[time 2.48 s, user 2.34 s, sys 0.13 s, maxrss 180600 KB]
[busy 255 jiffies]
[exit 0]
--- c2 case 0 rec 2   load 0.62 0.69 0.65
[TEST C2-FST]
Processing dataset...
Done!
Building trie...
trie size: 3.096522 MB
trie size: 0.887704 MB
Done!
build time: 1447.874755 ms (1447.874755 ns per key)
space cost: 9.522977 MB (47.585099% of original size 20.012519 MB)
Querying trie...
Done!
total time: 592.463332 ms, avg latency: 592.463332 ns
topology: 1.448536 MB, link: 2.515947 MB, data: 5.558494 MB
--- Unary Path Analysis (FST, cutoff=4) ---
  shared unary steps in main trie: 632648
  terminal suffixes: inplace=148307 (avg len=2.14)  links=794871 (84.3% of terminal)
  link len: avg=12.03  max=232  total_chars=9558452
  link length distribution (len:count):  4:67686  5:69275  6:65423  7:58787  8:51921  9:47544  10:42795  11:38054  12:34227  13:30736  14:30694  15:28260  16:25308  17:22807  18:19264  19:17586  20:15912  21:14224  22:12066  23:10759  24:9477  25:8347  26:7925  27:7112  28:6113  29:5746  30:5072  31:4462  32:3927  33:3658  34:3228  35:2847  36:2644  37:2353  38:2038  39:1870  40:1644  41:1489  42:1315  43:1143  44:928  45:846  46:722  47:679  48:610  49:543  50:459  51:451  52:342  53:339  54:284  55:273  56:239  57:215  58:214  59:177  60:158  61:140  62:127  63:109  64:95  65:79  66:80  67:78  68:75  69:69  70:68  71:54  72:51  73:42  74:46  75:42  76:35  77:41  78:38  79:39  80:21  81:18  82:21  83:19  84:14  85:18  86:14  87:15  88:11  89:14  90:13  91:7  92:5  93:8  94:7  95:5  96:8  97:8  98:5  99:7  100:11  101:5  102:6  103:3  104:3  105:3  106:5  107:4  108:5  109:1  110:2  111:6  112:1  113:1  114:1  115:4  116:1  118:1  119:2  121:2  123:2  125:1  126:1  128:1  129:1  131:1  132:2  134:1  135:1  136:1  137:3  138:1  139:1  141:2  145:1  152:1  154:1  156:1  159:3  165:1  168:1  174:1  175:1  179:1  181:1  199:1  201:1  202:1  204:1  207:1  216:1  217:1  219:1  233:1
1447.874755,9.522977,592.463332
[PASSED]
[time 2.60 s, user 2.46 s, sys 0.12 s, maxrss 180776 KB]
[busy 267 jiffies]
[exit 0]
--- c2 case 1 rec 0   load 0.57 0.68 0.65
[TEST C2-CoCo(LOUDS-Sparse)]
Processing dataset...
Done!
Building trie...
Done!
build time: 2096.616617 ms (2096.616617 ns per key)
space cost: 12.265971 MB (61.291488% of original size 20.012519 MB)
Querying trie...
Done!
total time: 727.815653 ms, avg latency: 727.815653 ns
topology: 0.432648 MB, link: 3.282862 MB, data: 8.550461 MB
2096.616617,12.265971,727.815653
[PASSED]
[time 3.38 s, user 3.19 s, sys 0.17 s, maxrss 358032 KB]
[busy 346 jiffies]
[exit 0]
--- c2 case 1 rec 1   load 0.57 0.68 0.65
[TEST C2-CoCo(LOUDS-Sparse)]
Processing dataset...
Done!
Building trie...
trie size: 3.096522 MB
Done!
build time: 2406.067158 ms (2406.067158 ns per key)
space cost: 10.462785 MB (52.281201% of original size 20.012519 MB)
Querying trie...
Done!
total time: 838.101024 ms, avg latency: 838.101024 ns
topology: 0.833210 MB, link: 3.468150 MB, data: 6.161425 MB
2406.067158,10.462785,838.101024
[PASSED]
[time 3.80 s, user 3.59 s, sys 0.19 s, maxrss 345008 KB]
[busy 388 jiffies]
[exit 0]
--- c2 case 1 rec 2   load 0.60 0.68 0.65
[TEST C2-CoCo(LOUDS-Sparse)]
Processing dataset...
Done!
Building trie...
trie size: 3.096522 MB
trie size: 0.887704 MB
Done!
build time: 2506.034120 ms (2506.034120 ns per key)
space cost: 10.462785 MB (52.281201% of original size 20.012519 MB)
Querying trie...
Done!
total time: 840.839341 ms, avg latency: 840.839341 ns
topology: 0.833210 MB, link: 3.468150 MB, data: 6.161425 MB
2506.034120,10.462785,840.839341
[PASSED]
[time 3.91 s, user 3.73 s, sys 0.17 s, maxrss 344828 KB]
[busy 397 jiffies]
[exit 0]
--- c2 case 2 rec 0   load 0.63 0.69 0.65
[TEST C2-MARISA]
Processing dataset...
Done!
Building trie...
trie size: 2.238578 MB
Done!
build time: 1019.392168 ms (1019.392168 ns per key)
space cost: 10.766413 MB (53.798389% of original size 20.012519 MB)
Querying trie...
Done!
total time: 353.724026 ms, avg latency: 353.724026 ns
topology: 0.741383 MB, link: 2.768053 MB, data: 7.236469 MB
--- Unary Path Analysis (Marisa, cutoff=3) ---
  branches: 1523874  |  single-char: 417651 (27.4%)  short-unary: 97461 (6.4%)  links: 1008762 (66.2%)
  link len: avg=12.11  max=234  total_chars=12215333
  link length distribution (len:count):  3:76859  4:82017  5:81216  6:79010  7:72564  8:64127  9:55531  10:50303  11:44703  12:39548  13:35394  14:31778  15:31462  16:28952  17:25995  18:23521  19:19840  20:18044  21:16382  22:14569  23:12399  24:11015  25:9715  26:8556  27:8141  28:7267  29:6255  30:5853  31:5207  32:4578  33:4049  34:3736  35:3293  36:2910  37:2688  38:2423  39:2074  40:1908  41:1670  42:1511  43:1333  44:1158  45:939  46:855  47:728  48:689  49:615  50:544  51:465  52:457  53:344  54:344  55:284  56:276  57:242  58:216  59:216  60:177  61:159  62:140  63:127  64:109  65:95  66:79  67:80  68:79  69:75  70:69  71:69  72:55  73:51  74:42  75:46  76:42  77:35  78:41  79:38  80:39  81:21  82:18  83:21  84:19  85:14  86:18  87:14  88:15  89:11  90:14  91:13  92:7  93:5  94:8  95:7  96:5  97:9  98:8  99:5  100:7  101:11  102:5  103:6  104:3  105:3  106:3  107:5  108:4  109:5  110:1  111:2  112:6  113:1  114:1  115:1  116:4  117:1  119:1  120:2  122:2  124:2  126:1  127:1  129:1  130:1  132:1  133:2  135:1  136:1  137:1  138:3  139:1  140:1  142:2  146:1  153:1  155:1  157:1  160:3  166:1  169:1  175:1  176:1  180:1  182:1  200:1  202:1  203:1  205:1  208:1  217:1  218:1  220:1  234:1
  short unary avg len: 2.00
1019.392168,10.766413,353.724026
[PASSED]
[time 1.93 s, user 1.78 s, sys 0.14 s, maxrss 201780 KB]
[busy 197 jiffies]
[exit 0]
--- c2 case 2 rec 1   load 0.66 0.69 0.66
[TEST C2-MARISA]
Processing dataset...
Done!
Building trie...
trie size: 2.238578 MB
trie size: 3.821277 MB
Done!
build time: 1382.827698 ms (1382.827698 ns per key)
space cost: 8.586061 MB (42.903452% of original size 20.012519 MB)
Querying trie...
Done!
total time: 504.325715 ms, avg latency: 504.325715 ns
topology: 1.213478 MB, link: 2.963206 MB, data: 4.388869 MB
--- Unary Path Analysis (Marisa, cutoff=3) ---
  branches: 1523874  |  single-char: 417651 (27.4%)  short-unary: 97461 (6.4%)  links: 1008762 (66.2%)
  link len: avg=12.11  max=234  total_chars=12215333
  link length distribution (len:count):  3:76859  4:82017  5:81216  6:79010  7:72564  8:64127  9:55531  10:50303  11:44703  12:39548  13:35394  14:31778  15:31462  16:28952  17:25995  18:23521  19:19840  20:18044  21:16382  22:14569  23:12399  24:11015  25:9715  26:8556  27:8141  28:7267  29:6255  30:5853  31:5207  32:4578  33:4049  34:3736  35:3293  36:2910  37:2688  38:2423  39:2074  40:1908  41:1670  42:1511  43:1333  44:1158  45:939  46:855  47:728  48:689  49:615  50:544  51:465  52:457  53:344  54:344  55:284  56:276  57:242  58:216  59:216  60:177  61:159  62:140  63:127  64:109  65:95  66:79  67:80  68:79  69:75  70:69  71:69  72:55  73:51  74:42  75:46  76:42  77:35  78:41  79:38  80:39  81:21  82:18  83:21  84:19  85:14  86:18  87:14  88:15  89:11  90:14  91:13  92:7  93:5  94:8  95:7  96:5  97:9  98:8  99:5  100:7  101:11  102:5  103:6  104:3  105:3  106:3  107:5  108:4  109:5  110:1  111:2  112:6  113:1  114:1  115:1  116:4  117:1  119:1  120:2  122:2  124:2  126:1  127:1  129:1  130:1  132:1  133:2  135:1  136:1  137:1  138:3  139:1  140:1  142:2  146:1  153:1  155:1  157:1  160:3  166:1  169:1  175:1  176:1  180:1  182:1  200:1  202:1  203:1  205:1  208:1  217:1  218:1  220:1  234:1
  short unary avg len: 2.00
1382.827698,8.586061,504.325715
[PASSED]
[time 2.46 s, user 2.31 s, sys 0.13 s, maxrss 197276 KB]
[busy 256 jiffies]
[exit 0]
--- c2 case 2 rec 2   load 0.61 0.68 0.65
[TEST C2-MARISA]
Processing dataset...
Done!
Building trie...
trie size: 2.238578 MB
trie size: 3.821277 MB
trie size: 1.037524 MB
Done!
build time: 1542.244596 ms (1542.244596 ns per key)
space cost: 8.586061 MB (42.903452% of original size 20.012519 MB)
Querying trie...
Done!
total time: 494.644587 ms, avg latency: 494.644587 ns
topology: 1.213478 MB, link: 2.963206 MB, data: 4.388869 MB
--- Unary Path Analysis (Marisa, cutoff=3) ---
  branches: 1523874  |  single-char: 417651 (27.4%)  short-unary: 97461 (6.4%)  links: 1008762 (66.2%)
  link len: avg=12.11  max=234  total_chars=12215333
  link length distribution (len:count):  3:76859  4:82017  5:81216  6:79010  7:72564  8:64127  9:55531  10:50303  11:44703  12:39548  13:35394  14:31778  15:31462  16:28952  17:25995  18:23521  19:19840  20:18044  21:16382  22:14569  23:12399  24:11015  25:9715  26:8556  27:8141  28:7267  29:6255  30:5853  31:5207  32:4578  33:4049  34:3736  35:3293  36:2910  37:2688  38:2423  39:2074  40:1908  41:1670  42:1511  43:1333  44:1158  45:939  46:855  47:728  48:689  49:615  50:544  51:465  52:457  53:344  54:344  55:284  56:276  57:242  58:216  59:216  60:177  61:159  62:140  63:127  64:109  65:95  66:79  67:80  68:79  69:75  70:69  71:69  72:55  73:51  74:42  75:46  76:42  77:35  78:41  79:38  80:39  81:21  82:18  83:21  84:19  85:14  86:18  87:14  88:15  89:11  90:14  91:13  92:7  93:5  94:8  95:7  96:5  97:9  98:8  99:5  100:7  101:11  102:5  103:6  104:3  105:3  106:3  107:5  108:4  109:5  110:1  111:2  112:6  113:1  114:1  115:1  116:4  117:1  119:1  120:2  122:2  124:2  126:1  127:1  129:1  130:1  132:1  133:2  135:1  136:1  137:1  138:3  139:1  140:1  142:2  146:1  153:1  155:1  157:1  160:3  166:1  169:1  175:1  176:1  180:1  182:1  200:1  202:1  203:1  205:1  208:1  217:1  218:1  220:1  234:1
  short unary avg len: 2.00
1542.244596,8.586061,494.644587
[PASSED]
[time 2.61 s, user 2.44 s, sys 0.15 s, maxrss 197188 KB]
[busy 269 jiffies]
[exit 0]
--- c2 case 3 rec 0   load 0.61 0.68 0.65
[TEST FST]
Processing dataset...
Done!
Building trie...
Done!
build time: 786.685682 ms (786.685682 ns per key)
space cost: 12.223534 MB (61.079436% of original size 20.012519 MB)
Querying trie...
Done!
total time: 684.800864 ms, avg latency: 684.800864 ns
not implemented
786.685682,12.223534,684.800864
[PASSED]
[time 2.04 s, user 1.95 s, sys 0.08 s, maxrss 131104 KB]
[busy 208 jiffies]
[exit 0]
--- c2 case 4 rec 0   load 0.64 0.69 0.65
terminate called after throwing an instance of 'std::runtime_error'
  what():  Sequence is not sorted
timeout: the monitored command dumped core
Command terminated by signal 6
[time 22.28 s, user 16.39 s, sys 5.74 s, maxrss 13650500 KB]
[busy 2278 jiffies]
[exit 134]
--- c2 case 5 rec 0   load 0.68 0.70 0.66
[TEST MARISA]
Processing dataset...
Done!
Building trie...
Done!
build time: 597.056435 ms (597.056435 ns per key)
space cost: 12.537066 MB (62.646119% of original size 20.012519 MB)
Querying trie...
Done!
total time: 498.559606 ms, avg latency: 498.559606 ns
not implemented
597.056435,12.537066,498.559606
[PASSED]
[time 1.67 s, user 1.53 s, sys 0.13 s, maxrss 195128 KB]
[busy 171 jiffies]
[exit 0]
--- c2 case 5 rec 1   load 0.68 0.70 0.66
[TEST MARISA]
Processing dataset...
Done!
Building trie...
Done!
build time: 764.373282 ms (764.373282 ns per key)
space cost: 8.680676 MB (43.376231% of original size 20.012519 MB)
Querying trie...
Done!
total time: 775.800060 ms, avg latency: 775.800060 ns
not implemented
764.373282,8.680676,775.800060
[PASSED]
[time 2.10 s, user 1.96 s, sys 0.13 s, maxrss 195200 KB]
[busy 215 jiffies]
[exit 0]
--- c2 case 5 rec 2   load 0.71 0.70 0.66
[TEST MARISA]
Processing dataset...
Done!
Building trie...
Done!
build time: 814.649745 ms (814.649745 ns per key)
space cost: 7.806685 MB (39.009010% of original size 20.012519 MB)
Querying trie...
Done!
total time: 900.873324 ms, avg latency: 900.873324 ns
not implemented
814.649745,7.806685,900.873324
[PASSED]
[time 2.29 s, user 2.16 s, sys 0.12 s, maxrss 194984 KB]
[busy 237 jiffies]
[exit 0]
--- c2 case 6 rec 0   load 0.71 0.70 0.66
[TEST PDT]
Processing dataset...
Done!
Building trie...
dict size: 157446, stream size: 7395682
Done!
build time: 3392.980767 ms (3392.980767 ns per key)
space cost: 8.479283 MB (42.369895% of original size 20.012519 MB)
Querying trie...
Done!
total time: 635.510466 ms, avg latency: 635.510466 ns
not implemented
3392.980767,8.479283,635.510466
[PASSED]
[time 4.59 s, user 4.42 s, sys 0.15 s, maxrss 256736 KB]
[busy 471 jiffies]
[exit 0]
--- c2 case 7 rec 0   load 0.67 0.69 0.66
[TEST ART]
Processing dataset...
Done!
Building trie...
Done!
build time: 160.840784 ms (160.840784 ns per key)
space cost: 32.696541 MB (163.380437% of original size 20.012519 MB)
Querying trie...
Done!
total time: 390.555176 ms, avg latency: 390.555176 ns
not implemented
160.840784,32.696541,390.555176
[PASSED]
[time 1.13 s, user 1.04 s, sys 0.08 s, maxrss 176412 KB]
[busy 113 jiffies]
[exit 0]
--- c2 case 8 rec 0   load 0.67 0.69 0.66
[TEST CART]
Processing dataset...
Done!
Building trie...
Done!
build time: 210.010035 ms (210.010035 ns per key)
space cost: 14.850546 MB (74.206280% of original size 20.012519 MB)
Querying trie...
Done!
total time: 459.006059 ms, avg latency: 459.006059 ns
not implemented
210.010035,14.850546,459.006059
[PASSED]
[time 1.24 s, user 1.15 s, sys 0.08 s, maxrss 163840 KB]
[busy 130 jiffies]
[exit 0]
--- xcdat 7   load 0.67 0.69 0.66
build time: 630.152484 ms
space cost: 14.813288 MiB (74.020106% of original size 20.012519 MiB)
avg latency: 257.080511 ns
630.152484,14.813288,257.080511
[time 1.47 s, user 1.36 s, sys 0.10 s, maxrss 161728 KB]
[busy 150 jiffies]
[exit 0]
--- xcdat 8   load 0.70 0.70 0.66
build time: 604.278060 ms
space cost: 14.333878 MiB (71.624555% of original size 20.012519 MiB)
avg latency: 256.323568 ns
604.278060,14.333878,256.323568
[time 1.44 s, user 1.32 s, sys 0.10 s, maxrss 161380 KB]
[busy 149 jiffies]
[exit 0]
--- xcdat 15   load 0.70 0.70 0.66
build time: 628.543480 ms
space cost: 16.333202 MiB (81.614925% of original size 20.012519 MiB)
avg latency: 234.623820 ns
628.543480,16.333202,234.623820
[time 1.45 s, user 1.35 s, sys 0.09 s, maxrss 163736 KB]
[busy 146 jiffies]
[exit 0]
--- xcdat 16   load 0.72 0.70 0.66
build time: 602.842050 ms
space cost: 16.875467 MiB (84.324554% of original size 20.012519 MiB)
avg latency: 249.057610 ns
602.842050,16.875467,249.057610
[time 1.44 s, user 1.33 s, sys 0.09 s, maxrss 164744 KB]
[busy 148 jiffies]
[exit 0]

##### titles-ru-1000000 (1000000 lines, 36819661 bytes)   round 1/3   2026-09-25T08:31:26+03:00
--- lexindex dict32   load 0.72 0.70 0.66
1000000 keys
lexindex DictIndex block 32: build 312 ms, size 6.963 MiB (7.302 B/key), latency cold 445.7 ns, then mean 441.5 / min 440.4 ns
312.228,6.963340,445.741
[time 2.66 s, user 4.84 s, sys 0.27 s, maxrss 302068 KB]
[busy 520 jiffies]
[exit 0]
--- lexindex dict256   load 0.75 0.71 0.66
1000000 keys
lexindex DictIndex block 256: build 330 ms, size 6.544 MiB (6.862 B/key), latency cold 485.9 ns, then mean 480.2 / min 478.1 ns
329.987,6.543816,485.899
[time 2.82 s, user 5.10 s, sys 0.31 s, maxrss 300264 KB]
[busy 552 jiffies]
[exit 0]
--- lexindex dict1024   load 0.77 0.71 0.67
1000000 keys
lexindex DictIndex block 1024: build 342 ms, size 6.388 MiB (6.698 B/key), latency cold 532.1 ns, then mean 522.7 / min 521.8 ns
342.359,6.387671,532.087
[time 3.02 s, user 4.46 s, sys 0.24 s, maxrss 303896 KB]
[busy 482 jiffies]
[exit 0]
--- lexindex routed32   load 0.79 0.72 0.67
1000000 keys
lexindex DictIndex block 32 routed: build 323 ms, size 7.440 MiB (7.802 B/key), latency cold 432.0 ns, then mean 419.0 / min 414.2 ns
323.341,7.440177,432.021
[time 2.58 s, user 4.82 s, sys 0.29 s, maxrss 302884 KB]
[busy 519 jiffies]
[exit 0]
--- lexindex routed256   load 0.79 0.72 0.67
1000000 keys
lexindex DictIndex block 256 routed: build 341 ms, size 7.021 MiB (7.362 B/key), latency cold 405.2 ns, then mean 400.9 / min 398.3 ns
340.829,7.020744,405.170
[time 2.52 s, user 4.88 s, sys 0.31 s, maxrss 301296 KB]
[busy 528 jiffies]
[exit 0]
--- lexindex routed1024   load 0.80 0.72 0.67
1000000 keys
lexindex DictIndex block 1024 routed: build 342 ms, size 6.626 MiB (6.948 B/key), latency cold 442.1 ns, then mean 432.6 / min 431.7 ns
342.406,6.626197,442.138
[time 2.67 s, user 4.11 s, sys 0.24 s, maxrss 303560 KB]
[busy 446 jiffies]
[exit 0]
--- lexindex string   load 0.82 0.73 0.67
1000000 keys
lexindex StringIndex: build 1465 ms, size 30.276 MiB (31.746 B/key), latency cold 555.0 ns, then mean 548.7 / min 546.0 ns
1464.718,30.275526,554.979
[time 4.24 s, user 4.12 s, sys 0.10 s, maxrss 213368 KB]
[busy 430 jiffies]
[exit 0]
--- lexindex hashed0   load 0.83 0.73 0.67
1000000 keys
lexindex HashedDictIndex closed: build 505 ms, size 9.157 MiB (9.602 B/key), latency cold 53.0 ns, then mean 52.0 / min 51.8 ns
504.738,9.157313,53.027
[time 1.29 s, user 3.65 s, sys 0.32 s, maxrss 303652 KB]
[busy 411 jiffies]
[exit 0]
--- lexindex hashed8   load 0.83 0.73 0.67
1000000 keys
lexindex HashedDictIndex fp=8: build 502 ms, size 10.111 MiB (10.602 B/key), latency cold 63.0 ns, then mean 61.5 / min 61.4 ns
502.101,10.110988,62.974
[time 1.32 s, user 3.69 s, sys 0.31 s, maxrss 304364 KB]
[busy 409 jiffies]
[exit 0]
--- lexindex hashed16   load 0.85 0.74 0.68
1000000 keys
lexindex HashedDictIndex fp=16: build 507 ms, size 11.065 MiB (11.602 B/key), latency cold 65.3 ns, then mean 63.7 / min 63.4 ns
506.665,11.064662,65.293
[time 1.34 s, user 3.75 s, sys 0.32 s, maxrss 306112 KB]
[busy 420 jiffies]
[exit 0]
--- lexindex da   load 0.85 0.74 0.68
1000000 keys
lexindex DoubleArrayIndex refused: format error: double-array: the trie needs more than 8 388 608 slots; bases are 23 bits
Command exited with non-zero status 3
[time 3.64 s, user 3.40 s, sys 0.22 s, maxrss 382604 KB]
[busy 372 jiffies]
[exit 3]
--- c2 case 0 rec 0   load 0.86 0.74 0.68
[TEST C2-FST]
Processing dataset...
Done!
Building trie...
Done!
build time: 1267.809685 ms (1267.809685 ns per key)
space cost: 13.454716 MB (39.387006% of original size 34.160291 MB)
Querying trie...
Done!
total time: 721.449541 ms, avg latency: 721.449541 ns
topology: 1.316696 MB, link: 2.448647 MB, data: 9.689372 MB
--- Unary Path Analysis (FST, cutoff=4) ---
  shared unary steps in main trie: 1444849
  terminal suffixes: inplace=70261 (avg len=2.02)  links=837902 (92.3% of terminal)
  link len: avg=18.90  max=238  total_chars=15835418
  link length distribution (len:count):  4:38002  5:25136  6:46678  7:25626  8:51081  9:27061  10:49555  11:26346  12:44099  13:24737  14:35638  15:24081  16:29538  17:19279  18:25434  19:16078  20:16463  21:14405  22:12877  23:14367  24:11738  25:15079  26:11391  27:16946  28:11354  29:17411  30:12058  31:16873  32:11600  33:15555  34:11210  35:12790  36:9994  37:10106  38:7923  39:7962  40:6648  41:5829  42:4930  43:4945  44:3895  45:3528  46:3382  47:2749  48:2598  49:2269  50:2117  51:1901  52:1753  53:1665  54:1553  55:1449  56:1305  57:1145  58:1092  59:1004  60:875  61:848  62:788  63:815  64:741  65:605  66:640  67:594  68:554  69:512  70:530  71:482  72:415  73:428  74:424  75:368  76:310  77:349  78:289  79:299  80:274  81:267  82:209  83:198  84:204  85:187  86:188  87:169  88:154  89:148  90:143  91:149  92:108  93:110  94:105  95:111  96:95  97:79  98:91  99:85  100:98  101:68  102:61  103:57  104:50  105:52  106:54  107:61  108:50  109:62  110:44  111:43  112:42  113:44  114:37  115:29  116:42  117:29  118:35  119:28  120:37  121:28  122:24  123:19  124:19  125:31  126:29  127:26  128:15  129:19  130:30  131:11  132:22  133:9  134:11  135:14  136:17  137:15  138:6  139:7  140:14  141:16  142:8  143:9  144:14  145:12  146:8  147:11  148:7  149:9  150:6  151:12  152:9  153:13  154:7  155:5  156:6  157:3  158:8  159:4  160:7  161:11  162:5  163:11  164:3  165:5  166:7  167:4  168:4  169:6  170:3  171:4  172:3  173:9  174:4  175:1  176:4  177:5  178:6  179:4  180:4  181:2  182:6  183:7  184:4  185:2  186:3  187:2  188:2  190:1  191:1  192:3  193:3  194:2  196:2  197:2  198:4  200:1  202:1  205:2  207:2  208:1  210:2  212:2  213:1  217:2  218:2  220:1  222:1  228:2  234:1  239:1
1267.809685,13.454716,721.449541
[PASSED]
[time 2.70 s, user 2.57 s, sys 0.11 s, maxrss 226636 KB]
[busy 278 jiffies]
[exit 0]
--- c2 case 0 rec 1   load 0.87 0.75 0.68
[TEST C2-FST]
Processing dataset...
Done!
Building trie...
trie size: 3.233313 MB
Done!
build time: 1658.120682 ms (1658.120682 ns per key)
space cost: 10.950089 MB (32.055021% of original size 34.160291 MB)
Querying trie...
Done!
total time: 732.459686 ms, avg latency: 732.459686 ns
topology: 1.728611 MB, link: 2.656099 MB, data: 6.565378 MB
--- Unary Path Analysis (FST, cutoff=4) ---
  shared unary steps in main trie: 1444849
  terminal suffixes: inplace=70261 (avg len=2.02)  links=837902 (92.3% of terminal)
  link len: avg=18.90  max=238  total_chars=15835418
  link length distribution (len:count):  4:38002  5:25136  6:46678  7:25626  8:51081  9:27061  10:49555  11:26346  12:44099  13:24737  14:35638  15:24081  16:29538  17:19279  18:25434  19:16078  20:16463  21:14405  22:12877  23:14367  24:11738  25:15079  26:11391  27:16946  28:11354  29:17411  30:12058  31:16873  32:11600  33:15555  34:11210  35:12790  36:9994  37:10106  38:7923  39:7962  40:6648  41:5829  42:4930  43:4945  44:3895  45:3528  46:3382  47:2749  48:2598  49:2269  50:2117  51:1901  52:1753  53:1665  54:1553  55:1449  56:1305  57:1145  58:1092  59:1004  60:875  61:848  62:788  63:815  64:741  65:605  66:640  67:594  68:554  69:512  70:530  71:482  72:415  73:428  74:424  75:368  76:310  77:349  78:289  79:299  80:274  81:267  82:209  83:198  84:204  85:187  86:188  87:169  88:154  89:148  90:143  91:149  92:108  93:110  94:105  95:111  96:95  97:79  98:91  99:85  100:98  101:68  102:61  103:57  104:50  105:52  106:54  107:61  108:50  109:62  110:44  111:43  112:42  113:44  114:37  115:29  116:42  117:29  118:35  119:28  120:37  121:28  122:24  123:19  124:19  125:31  126:29  127:26  128:15  129:19  130:30  131:11  132:22  133:9  134:11  135:14  136:17  137:15  138:6  139:7  140:14  141:16  142:8  143:9  144:14  145:12  146:8  147:11  148:7  149:9  150:6  151:12  152:9  153:13  154:7  155:5  156:6  157:3  158:8  159:4  160:7  161:11  162:5  163:11  164:3  165:5  166:7  167:4  168:4  169:6  170:3  171:4  172:3  173:9  174:4  175:1  176:4  177:5  178:6  179:4  180:4  181:2  182:6  183:7  184:4  185:2  186:3  187:2  188:2  190:1  191:1  192:3  193:3  194:2  196:2  197:2  198:4  200:1  202:1  205:2  207:2  208:1  210:2  212:2  213:1  217:2  218:2  220:1  222:1  228:2  234:1  239:1
1658.120682,10.950089,732.459686
[PASSED]
[time 3.11 s, user 2.97 s, sys 0.12 s, maxrss 215700 KB]
[busy 318 jiffies]
[exit 0]
--- c2 case 0 rec 2   load 0.88 0.75 0.68
[TEST C2-FST]
Processing dataset...
Done!
Building trie...
trie size: 3.233313 MB
trie size: 0.910584 MB
Done!
build time: 1802.570406 ms (1802.570406 ns per key)
space cost: 10.950089 MB (32.055021% of original size 34.160291 MB)
Querying trie...
Done!
total time: 733.435370 ms, avg latency: 733.435370 ns
topology: 1.728611 MB, link: 2.656099 MB, data: 6.565378 MB
--- Unary Path Analysis (FST, cutoff=4) ---
  shared unary steps in main trie: 1444849
  terminal suffixes: inplace=70261 (avg len=2.02)  links=837902 (92.3% of terminal)
  link len: avg=18.90  max=238  total_chars=15835418
  link length distribution (len:count):  4:38002  5:25136  6:46678  7:25626  8:51081  9:27061  10:49555  11:26346  12:44099  13:24737  14:35638  15:24081  16:29538  17:19279  18:25434  19:16078  20:16463  21:14405  22:12877  23:14367  24:11738  25:15079  26:11391  27:16946  28:11354  29:17411  30:12058  31:16873  32:11600  33:15555  34:11210  35:12790  36:9994  37:10106  38:7923  39:7962  40:6648  41:5829  42:4930  43:4945  44:3895  45:3528  46:3382  47:2749  48:2598  49:2269  50:2117  51:1901  52:1753  53:1665  54:1553  55:1449  56:1305  57:1145  58:1092  59:1004  60:875  61:848  62:788  63:815  64:741  65:605  66:640  67:594  68:554  69:512  70:530  71:482  72:415  73:428  74:424  75:368  76:310  77:349  78:289  79:299  80:274  81:267  82:209  83:198  84:204  85:187  86:188  87:169  88:154  89:148  90:143  91:149  92:108  93:110  94:105  95:111  96:95  97:79  98:91  99:85  100:98  101:68  102:61  103:57  104:50  105:52  106:54  107:61  108:50  109:62  110:44  111:43  112:42  113:44  114:37  115:29  116:42  117:29  118:35  119:28  120:37  121:28  122:24  123:19  124:19  125:31  126:29  127:26  128:15  129:19  130:30  131:11  132:22  133:9  134:11  135:14  136:17  137:15  138:6  139:7  140:14  141:16  142:8  143:9  144:14  145:12  146:8  147:11  148:7  149:9  150:6  151:12  152:9  153:13  154:7  155:5  156:6  157:3  158:8  159:4  160:7  161:11  162:5  163:11  164:3  165:5  166:7  167:4  168:4  169:6  170:3  171:4  172:3  173:9  174:4  175:1  176:4  177:5  178:6  179:4  180:4  181:2  182:6  183:7  184:4  185:2  186:3  187:2  188:2  190:1  191:1  192:3  193:3  194:2  196:2  197:2  198:4  200:1  202:1  205:2  207:2  208:1  210:2  212:2  213:1  217:2  218:2  220:1  222:1  228:2  234:1  239:1
1802.570406,10.950089,733.435370
[PASSED]
[time 3.25 s, user 3.09 s, sys 0.14 s, maxrss 215108 KB]
[busy 335 jiffies]
[exit 0]
--- c2 case 1 rec 0   load 0.89 0.76 0.68
[TEST C2-CoCo(LOUDS-Sparse)]
Processing dataset...
Done!
Building trie...
Done!
build time: 3445.169374 ms (3445.169374 ns per key)
space cost: 14.618523 MB (42.793905% of original size 34.160291 MB)
Querying trie...
Done!
total time: 989.779386 ms, avg latency: 989.779386 ns
topology: 0.472511 MB, link: 3.816133 MB, data: 10.329878 MB
3445.169374,14.618523,989.779386
[PASSED]
[time 5.13 s, user 4.89 s, sys 0.21 s, maxrss 445704 KB]
[busy 524 jiffies]
[exit 0]
--- c2 case 1 rec 1   load 0.90 0.76 0.69
[TEST C2-CoCo(LOUDS-Sparse)]
Processing dataset...
Done!
Building trie...
trie size: 3.233313 MB
Done!
build time: 3807.768321 ms (3807.768321 ns per key)
space cost: 12.113895 MB (35.461921% of original size 34.160291 MB)
Querying trie...
Done!
total time: 1005.819876 ms, avg latency: 1005.819876 ns
topology: 0.884426 MB, link: 4.023585 MB, data: 7.205884 MB
3807.768321,12.113895,1005.819876
[PASSED]
[time 5.52 s, user 5.26 s, sys 0.22 s, maxrss 432496 KB]
[busy 561 jiffies]
[exit 0]
--- c2 case 1 rec 2   load 0.91 0.77 0.69
[TEST C2-CoCo(LOUDS-Sparse)]
Processing dataset...
Done!
Building trie...
trie size: 3.233313 MB
trie size: 0.910584 MB
Done!
build time: 3952.525404 ms (3952.525404 ns per key)
space cost: 12.113895 MB (35.461921% of original size 34.160291 MB)
Querying trie...
Done!
total time: 1003.313746 ms, avg latency: 1003.313746 ns
topology: 0.884426 MB, link: 4.023585 MB, data: 7.205884 MB
3952.525404,12.113895,1003.313746
[PASSED]
[time 5.65 s, user 5.40 s, sys 0.23 s, maxrss 432536 KB]
[busy 575 jiffies]
[exit 0]
--- c2 case 2 rec 0   load 0.84 0.76 0.69
[TEST C2-MARISA]
Processing dataset...
Done!
Building trie...
trie size: 2.484302 MB
Done!
build time: 1204.218356 ms (1204.218356 ns per key)
space cost: 12.012337 MB (35.164621% of original size 34.160291 MB)
Querying trie...
Done!
total time: 513.710464 ms, avg latency: 513.710464 ns
topology: 0.823292 MB, link: 2.965906 MB, data: 8.202631 MB
--- Unary Path Analysis (Marisa, cutoff=3) ---
  branches: 1657128  |  single-char: 447774 (27.0%)  short-unary: 128432 (7.8%)  links: 1080922 (65.2%)
  link len: avg=17.77  max=240  total_chars=19212544
  link length distribution (len:count):  3:87321  4:48292  5:58975  6:36358  7:58121  8:33015  9:59626  10:32247  11:55687  12:30072  13:49121  14:27545  15:39628  16:26319  17:32373  18:20972  19:27510  20:17247  21:17760  22:15297  23:13707  24:14933  25:12396  26:15583  27:11863  28:17395  29:11704  30:17896  31:12395  32:17216  33:11862  34:15819  35:11459  36:13046  37:10194  38:10344  39:8104  40:8139  41:6769  42:6000  43:5033  44:5077  45:3963  46:3720  47:3456  48:2871  49:2663  50:2321  51:2168  52:1981  53:1813  54:1693  55:1597  56:1488  57:1344  58:1172  59:1122  60:1025  61:904  62:871  63:814  64:834  65:767  66:626  67:663  68:607  69:568  70:524  71:545  72:489  73:428  74:436  75:441  76:375  77:319  78:357  79:299  80:304  81:282  82:274  83:213  84:203  85:208  86:189  87:193  88:179  89:159  90:153  91:146  92:153  93:110  94:115  95:107  96:113  97:98  98:81  99:92  100:91  101:100  102:69  103:62  104:60  105:53  106:53  107:55  108:63  109:50  110:63  111:44  112:45  113:43  114:49  115:38  116:32  117:45  118:31  119:36  120:28  121:37  122:28  123:24  124:20  125:19  126:32  127:29  128:26  129:15  130:19  131:30  132:11  133:22  134:9  135:11  136:14  137:18  138:15  139:6  140:8  141:14  142:16  143:8  144:10  145:14  146:12  147:8  148:11  149:7  150:9  151:6  152:12  153:9  154:13  155:7  156:5  157:6  158:3  159:8  160:4  161:7  162:11  163:6  164:11  165:3  166:5  167:7  168:4  169:5  170:6  171:3  172:4  173:3  174:9  175:4  176:1  177:4  178:5  179:7  180:4  181:4  182:2  183:6  184:7  185:4  186:2  187:3  188:2  189:2  191:1  192:1  193:3  194:3  195:2  197:2  198:2  199:4  201:1  203:1  206:2  208:2  209:1  211:2  213:2  214:1  218:2  219:2  221:1  223:1  229:2  235:1  240:1
  short unary avg len: 2.00
1204.218356,12.012337,513.710464
[PASSED]
[time 2.42 s, user 2.26 s, sys 0.15 s, maxrss 243624 KB]
[busy 247 jiffies]
[exit 0]
--- c2 case 2 rec 1   load 0.84 0.76 0.69
[TEST C2-MARISA]
Processing dataset...
Done!
Building trie...
trie size: 2.484302 MB
trie size: 4.015308 MB
Done!
build time: 1627.889728 ms (1627.889728 ns per key)
space cost: 9.221785 MB (26.995627% of original size 34.160291 MB)
Querying trie...
Done!
total time: 396.422635 ms, avg latency: 396.422635 ns
topology: 1.302711 MB, link: 3.189349 MB, data: 4.709216 MB
--- Unary Path Analysis (Marisa, cutoff=3) ---
  branches: 1657128  |  single-char: 447774 (27.0%)  short-unary: 128432 (7.8%)  links: 1080922 (65.2%)
  link len: avg=17.77  max=240  total_chars=19212544
  link length distribution (len:count):  3:87321  4:48292  5:58975  6:36358  7:58121  8:33015  9:59626  10:32247  11:55687  12:30072  13:49121  14:27545  15:39628  16:26319  17:32373  18:20972  19:27510  20:17247  21:17760  22:15297  23:13707  24:14933  25:12396  26:15583  27:11863  28:17395  29:11704  30:17896  31:12395  32:17216  33:11862  34:15819  35:11459  36:13046  37:10194  38:10344  39:8104  40:8139  41:6769  42:6000  43:5033  44:5077  45:3963  46:3720  47:3456  48:2871  49:2663  50:2321  51:2168  52:1981  53:1813  54:1693  55:1597  56:1488  57:1344  58:1172  59:1122  60:1025  61:904  62:871  63:814  64:834  65:767  66:626  67:663  68:607  69:568  70:524  71:545  72:489  73:428  74:436  75:441  76:375  77:319  78:357  79:299  80:304  81:282  82:274  83:213  84:203  85:208  86:189  87:193  88:179  89:159  90:153  91:146  92:153  93:110  94:115  95:107  96:113  97:98  98:81  99:92  100:91  101:100  102:69  103:62  104:60  105:53  106:53  107:55  108:63  109:50  110:63  111:44  112:45  113:43  114:49  115:38  116:32  117:45  118:31  119:36  120:28  121:37  122:28  123:24  124:20  125:19  126:32  127:29  128:26  129:15  130:19  131:30  132:11  133:22  134:9  135:11  136:14  137:18  138:15  139:6  140:8  141:14  142:16  143:8  144:10  145:14  146:12  147:8  148:11  149:7  150:9  151:6  152:12  153:9  154:13  155:7  156:5  157:6  158:3  159:8  160:4  161:7  162:11  163:6  164:11  165:3  166:5  167:7  168:4  169:5  170:6  171:3  172:4  173:3  174:9  175:4  176:1  177:4  178:5  179:7  180:4  181:4  182:2  183:6  184:7  185:4  186:2  187:3  188:2  189:2  191:1  192:1  193:3  194:3  195:2  197:2  198:2  199:4  201:1  203:1  206:2  208:2  209:1  211:2  213:2  214:1  218:2  219:2  221:1  223:1  229:2  235:1  240:1
  short unary avg len: 2.00
1627.889728,9.221785,396.422635
[PASSED]
[time 2.74 s, user 2.57 s, sys 0.15 s, maxrss 227224 KB]
[busy 278 jiffies]
[exit 0]
--- c2 case 2 rec 2   load 0.86 0.76 0.69
[TEST C2-MARISA]
Processing dataset...
Done!
Building trie...
trie size: 2.484302 MB
trie size: 4.015308 MB
trie size: 1.015766 MB
Done!
build time: 1780.327819 ms (1780.327819 ns per key)
space cost: 8.714260 MB (25.509912% of original size 34.160291 MB)
Querying trie...
Done!
total time: 400.257453 ms, avg latency: 400.257453 ns
topology: 1.481594 MB, link: 3.266720 MB, data: 3.945438 MB
--- Unary Path Analysis (Marisa, cutoff=3) ---
  branches: 1657128  |  single-char: 447774 (27.0%)  short-unary: 128432 (7.8%)  links: 1080922 (65.2%)
  link len: avg=17.77  max=240  total_chars=19212544
  link length distribution (len:count):  3:87321  4:48292  5:58975  6:36358  7:58121  8:33015  9:59626  10:32247  11:55687  12:30072  13:49121  14:27545  15:39628  16:26319  17:32373  18:20972  19:27510  20:17247  21:17760  22:15297  23:13707  24:14933  25:12396  26:15583  27:11863  28:17395  29:11704  30:17896  31:12395  32:17216  33:11862  34:15819  35:11459  36:13046  37:10194  38:10344  39:8104  40:8139  41:6769  42:6000  43:5033  44:5077  45:3963  46:3720  47:3456  48:2871  49:2663  50:2321  51:2168  52:1981  53:1813  54:1693  55:1597  56:1488  57:1344  58:1172  59:1122  60:1025  61:904  62:871  63:814  64:834  65:767  66:626  67:663  68:607  69:568  70:524  71:545  72:489  73:428  74:436  75:441  76:375  77:319  78:357  79:299  80:304  81:282  82:274  83:213  84:203  85:208  86:189  87:193  88:179  89:159  90:153  91:146  92:153  93:110  94:115  95:107  96:113  97:98  98:81  99:92  100:91  101:100  102:69  103:62  104:60  105:53  106:53  107:55  108:63  109:50  110:63  111:44  112:45  113:43  114:49  115:38  116:32  117:45  118:31  119:36  120:28  121:37  122:28  123:24  124:20  125:19  126:32  127:29  128:26  129:15  130:19  131:30  132:11  133:22  134:9  135:11  136:14  137:18  138:15  139:6  140:8  141:14  142:16  143:8  144:10  145:14  146:12  147:8  148:11  149:7  150:9  151:6  152:12  153:9  154:13  155:7  156:5  157:6  158:3  159:8  160:4  161:7  162:11  163:6  164:11  165:3  166:5  167:7  168:4  169:5  170:6  171:3  172:4  173:3  174:9  175:4  176:1  177:4  178:5  179:7  180:4  181:4  182:2  183:6  184:7  185:4  186:2  187:3  188:2  189:2  191:1  192:1  193:3  194:3  195:2  197:2  198:2  199:4  201:1  203:1  206:2  208:2  209:1  211:2  213:2  214:1  218:2  219:2  221:1  223:1  229:2  235:1  240:1
  short unary avg len: 2.00
1780.327819,8.714260,400.257453
[PASSED]
[time 2.89 s, user 2.73 s, sys 0.14 s, maxrss 227196 KB]
[busy 296 jiffies]
[exit 0]
--- c2 case 3 rec 0   load 0.87 0.77 0.69
[TEST FST]
Processing dataset...
Done!
Building trie...
Done!
build time: 1141.296915 ms (1141.296915 ns per key)
space cost: 15.406425 MB (45.100393% of original size 34.160291 MB)
Querying trie...
Done!
total time: 1190.756983 ms, avg latency: 1190.756983 ns
not implemented
1141.296915,15.406425,1190.756983
[PASSED]
[time 3.04 s, user 2.93 s, sys 0.10 s, maxrss 177508 KB]
[busy 309 jiffies]
[exit 0]
--- c2 case 4 rec 0   load 0.80 0.75 0.69
terminate called after throwing an instance of 'std::runtime_error'
  what():  Sequence is not sorted
timeout: the monitored command dumped core
Command terminated by signal 6
[time 46.93 s, user 35.54 s, sys 11.13 s, maxrss 26677052 KB]
[busy 4831 jiffies]
[exit 134]
--- c2 case 5 rec 0   load 0.91 0.79 0.70
[TEST MARISA]
Processing dataset...
Done!
Building trie...
Done!
build time: 740.604876 ms (740.604876 ns per key)
space cost: 14.925114 MB (43.691413% of original size 34.160291 MB)
Querying trie...
Done!
total time: 684.856178 ms, avg latency: 684.856178 ns
not implemented
740.604876,14.925114,684.856178
[PASSED]
[time 2.12 s, user 1.96 s, sys 0.14 s, maxrss 231160 KB]
[busy 217 jiffies]
[exit 0]
--- c2 case 5 rec 1   load 0.91 0.79 0.70
[TEST MARISA]
Processing dataset...
Done!
Building trie...
Done!
build time: 962.244320 ms (962.244320 ns per key)
space cost: 9.445531 MB (27.650616% of original size 34.160291 MB)
Querying trie...
Done!
total time: 1081.976515 ms, avg latency: 1081.976515 ns
not implemented
962.244320,9.445531,1081.976515
[PASSED]
[time 2.74 s, user 2.59 s, sys 0.14 s, maxrss 231472 KB]
[busy 282 jiffies]
[exit 0]
--- c2 case 5 rec 2   load 0.84 0.78 0.70
[TEST MARISA]
Processing dataset...
Done!
Building trie...
Done!
build time: 990.105529 ms (990.105529 ns per key)
space cost: 8.209226 MB (24.031487% of original size 34.160291 MB)
Querying trie...
Done!
total time: 1245.636317 ms, avg latency: 1245.636317 ns
not implemented
990.105529,8.209226,1245.636317
[PASSED]
[time 2.93 s, user 2.78 s, sys 0.13 s, maxrss 231368 KB]
[busy 300 jiffies]
[exit 0]
--- c2 case 6 rec 0   load 0.84 0.78 0.70
[TEST PDT]
Processing dataset...
Done!
Building trie...
dict size: 149058, stream size: 8676288
Done!
build time: 2754.892817 ms (2754.892817 ns per key)
space cost: 9.692565 MB (28.373778% of original size 34.160291 MB)
Querying trie...
Done!
total time: 772.395161 ms, avg latency: 772.395161 ns
not implemented
2754.892817,9.692565,772.395161
[PASSED]
[time 4.23 s, user 4.02 s, sys 0.19 s, maxrss 238272 KB]
[busy 433 jiffies]
[exit 0]
--- c2 case 7 rec 0   load 0.85 0.78 0.70
[TEST ART]
Processing dataset...
Done!
Building trie...
Done!
build time: 231.435708 ms (231.435708 ns per key)
space cost: 37.032776 MB (108.408843% of original size 34.160291 MB)
Querying trie...
Done!
total time: 577.326160 ms, avg latency: 577.326160 ns
not implemented
231.435708,37.032776,577.326160
[PASSED]
[time 1.53 s, user 1.39 s, sys 0.13 s, maxrss 239252 KB]
[busy 156 jiffies]
[exit 0]
--- c2 case 8 rec 0   load 0.87 0.79 0.70
[TEST CART]
Processing dataset...
Done!
Building trie...
Done!
build time: 292.456155 ms (292.456155 ns per key)
space cost: 17.935776 MB (52.504752% of original size 34.160291 MB)
Querying trie...
Done!
total time: 649.852283 ms, avg latency: 649.852283 ns
not implemented
292.456155,17.935776,649.852283
[PASSED]
[time 1.67 s, user 1.54 s, sys 0.11 s, maxrss 228476 KB]
[busy 172 jiffies]
[exit 0]
--- xcdat 7   load 0.80 0.77 0.70
build time: 828.448110 ms
space cost: 18.793670 MiB (55.016129% of original size 34.160291 MiB)
avg latency: 384.494244 ns
828.448110,18.793670,384.494244
[time 1.92 s, user 1.75 s, sys 0.15 s, maxrss 207324 KB]
[busy 195 jiffies]
[exit 0]
--- xcdat 8   load 0.80 0.77 0.70
build time: 770.460995 ms
space cost: 18.486019 MiB (54.115521% of original size 34.160291 MiB)
avg latency: 366.030118 ns
770.460995,18.486019,366.030118
[time 1.86 s, user 1.71 s, sys 0.14 s, maxrss 207212 KB]
[busy 194 jiffies]
[exit 0]
--- xcdat 15   load 0.73 0.76 0.70
build time: 818.541269 ms
space cost: 22.013930 MiB (64.443041% of original size 34.160291 MiB)
avg latency: 360.671905 ns
818.541269,22.013930,360.671905
[time 1.89 s, user 1.74 s, sys 0.14 s, maxrss 213576 KB]
[busy 193 jiffies]
[exit 0]
--- xcdat 16   load 0.73 0.76 0.70
build time: 772.794691 ms
space cost: 22.860906 MiB (66.922456% of original size 34.160291 MiB)
avg latency: 377.373709 ns
772.794691,22.860906,377.373709
[time 1.86 s, user 1.69 s, sys 0.16 s, maxrss 213456 KB]
[busy 191 jiffies]
[exit 0]

##### titles-zh-1000000 (1000000 lines, 17871822 bytes)   round 1/3   2026-09-25T08:34:13+03:00
--- lexindex dict32   load 0.75 0.77 0.70
1000000 keys
lexindex DictIndex block 32: build 277 ms, size 5.823 MiB (6.105 B/key), latency cold 357.0 ns, then mean 353.7 / min 348.0 ns
277.399,5.822630,356.993
[time 2.19 s, user 3.78 s, sys 0.27 s, maxrss 258252 KB]
[busy 418 jiffies]
[exit 0]
--- lexindex dict256   load 0.75 0.77 0.70
1000000 keys
lexindex DictIndex block 256: build 285 ms, size 5.580 MiB (5.851 B/key), latency cold 374.9 ns, then mean 370.2 / min 369.0 ns
285.018,5.580144,374.854
[time 2.27 s, user 3.89 s, sys 0.28 s, maxrss 259752 KB]
[busy 423 jiffies]
[exit 0]
--- lexindex dict1024   load 0.77 0.77 0.70
1000000 keys
lexindex DictIndex block 1024: build 293 ms, size 5.423 MiB (5.687 B/key), latency cold 444.3 ns, then mean 441.9 / min 438.9 ns
293.221,5.423172,444.281
[time 2.56 s, user 3.47 s, sys 0.22 s, maxrss 249020 KB]
[busy 380 jiffies]
[exit 0]
--- lexindex routed32   load 0.79 0.77 0.70
1000000 keys
lexindex DictIndex block 32 routed: build 283 ms, size 6.299 MiB (6.605 B/key), latency cold 332.4 ns, then mean 324.8 / min 317.9 ns
282.608,6.299467,332.449
[time 2.09 s, user 3.68 s, sys 0.29 s, maxrss 257396 KB]
[busy 412 jiffies]
[exit 0]
--- lexindex routed256   load 0.79 0.77 0.70
1000000 keys
lexindex DictIndex block 256 routed: build 287 ms, size 6.057 MiB (6.351 B/key), latency cold 299.5 ns, then mean 290.8 / min 286.6 ns
286.699,6.057073,299.490
[time 1.96 s, user 3.59 s, sys 0.27 s, maxrss 261904 KB]
[busy 396 jiffies]
[exit 0]
--- lexindex routed1024   load 0.81 0.78 0.70
1000000 keys
lexindex DictIndex block 1024 routed: build 296 ms, size 5.662 MiB (5.937 B/key), latency cold 337.8 ns, then mean 323.7 / min 322.1 ns
296.180,5.661697,337.805
[time 2.12 s, user 3.03 s, sys 0.22 s, maxrss 248200 KB]
[busy 334 jiffies]
[exit 0]
--- lexindex string   load 0.83 0.78 0.71
1000000 keys
lexindex StringIndex: build 741 ms, size 16.712 MiB (17.523 B/key), latency cold 285.0 ns, then mean 275.8 / min 275.0 ns
740.965,16.711605,284.962
[time 2.35 s, user 2.25 s, sys 0.09 s, maxrss 152780 KB]
[busy 240 jiffies]
[exit 0]
--- lexindex hashed0   load 0.83 0.78 0.71
1000000 keys
lexindex HashedDictIndex closed: build 406 ms, size 8.194 MiB (8.592 B/key), latency cold 34.2 ns, then mean 29.0 / min 28.1 ns
406.109,8.193651,34.222
[time 1.02 s, user 2.72 s, sys 0.29 s, maxrss 261700 KB]
[busy 306 jiffies]
[exit 0]
--- lexindex hashed8   load 0.84 0.78 0.71
1000000 keys
lexindex HashedDictIndex fp=8: build 404 ms, size 9.147 MiB (9.592 B/key), latency cold 39.8 ns, then mean 34.9 / min 34.4 ns
403.791,9.147326,39.831
[time 1.06 s, user 2.74 s, sys 0.30 s, maxrss 261736 KB]
[busy 316 jiffies]
[exit 0]
--- lexindex hashed16   load 0.84 0.78 0.71
1000000 keys
lexindex HashedDictIndex fp=16: build 405 ms, size 10.101 MiB (10.592 B/key), latency cold 42.2 ns, then mean 35.7 / min 34.8 ns
404.795,10.101000,42.168
[time 1.05 s, user 2.73 s, sys 0.29 s, maxrss 263000 KB]
[busy 312 jiffies]
[exit 0]
--- lexindex da   load 0.77 0.77 0.70
1000000 keys
lexindex DoubleArrayIndex: build 3745 ms, size 31.692 MiB (33.232 B/key), latency cold 234.6 ns, then mean 226.5 / min 225.9 ns
3745.419,31.692200,234.584
[time 5.15 s, user 4.99 s, sys 0.14 s, maxrss 191976 KB]
[busy 528 jiffies]
[exit 0]
--- c2 case 0 rec 0   load 0.79 0.78 0.71
[TEST C2-FST]
Processing dataset...
Done!
Building trie...
Done!
build time: 662.260898 ms (662.260898 ns per key)
space cost: 9.315402 MB (57.894796% of original size 16.090223 MB)
Querying trie...
Done!
total time: 417.999562 ms, avg latency: 417.999562 ns
topology: 1.013481 MB, link: 1.860200 MB, data: 6.441721 MB
--- Unary Path Analysis (FST, cutoff=4) ---
  shared unary steps in main trie: 533155
  terminal suffixes: inplace=237541 (avg len=1.85)  links=651614 (73.3% of terminal)
  link len: avg=9.49  max=219  total_chars=6184530
  link length distribution (len:count):  4:101787  5:75109  6:33236  7:70197  8:54797  9:28682  10:45020  11:39800  12:18111  13:26128  14:25316  15:13287  16:18412  17:17629  18:7811  19:11663  20:10322  21:4897  22:7909  23:6587  24:3201  25:5027  26:3953  27:2124  28:3009  29:2707  30:1318  31:2090  32:1807  33:932  34:1302  35:1246  36:576  37:856  38:792  39:335  40:596  41:485  42:228  43:398  44:289  45:126  46:187  47:184  48:83  49:123  50:115  51:56  52:76  53:79  54:43  55:73  56:58  57:28  58:35  59:27  60:9  61:32  62:19  63:18  64:20  65:11  66:19  67:16  68:13  69:6  70:14  71:16  72:6  73:9  74:5  75:5  76:7  77:5  78:2  79:17  80:2  81:7  82:8  83:7  84:3  85:7  86:7  87:3  88:3  89:2  90:4  91:3  92:3  93:1  94:1  95:3  96:5  97:1  98:4  101:2  102:1  103:1  104:1  106:2  107:1  112:2  113:1  115:1  116:1  120:1  121:1  122:1  124:1  130:1  138:1  148:1  151:1  155:2  184:1  188:1  204:1  220:1
662.260898,9.315402,417.999562
[PASSED]
[time 1.57 s, user 1.46 s, sys 0.10 s, maxrss 186192 KB]
[busy 163 jiffies]
[exit 0]
--- c2 case 0 rec 1   load 0.79 0.78 0.71
[TEST C2-FST]
Processing dataset...
Done!
Building trie...
trie size: 2.382156 MB
Done!
build time: 831.674747 ms (831.674747 ns per key)
space cost: 7.814046 MB (48.563937% of original size 16.090223 MB)
Querying trie...
Done!
total time: 427.581091 ms, avg latency: 427.581091 ns
topology: 1.289776 MB, link: 2.002253 MB, data: 4.522017 MB
--- Unary Path Analysis (FST, cutoff=4) ---
  shared unary steps in main trie: 533155
  terminal suffixes: inplace=237541 (avg len=1.85)  links=651614 (73.3% of terminal)
  link len: avg=9.49  max=219  total_chars=6184530
  link length distribution (len:count):  4:101787  5:75109  6:33236  7:70197  8:54797  9:28682  10:45020  11:39800  12:18111  13:26128  14:25316  15:13287  16:18412  17:17629  18:7811  19:11663  20:10322  21:4897  22:7909  23:6587  24:3201  25:5027  26:3953  27:2124  28:3009  29:2707  30:1318  31:2090  32:1807  33:932  34:1302  35:1246  36:576  37:856  38:792  39:335  40:596  41:485  42:228  43:398  44:289  45:126  46:187  47:184  48:83  49:123  50:115  51:56  52:76  53:79  54:43  55:73  56:58  57:28  58:35  59:27  60:9  61:32  62:19  63:18  64:20  65:11  66:19  67:16  68:13  69:6  70:14  71:16  72:6  73:9  74:5  75:5  76:7  77:5  78:2  79:17  80:2  81:7  82:8  83:7  84:3  85:7  86:7  87:3  88:3  89:2  90:4  91:3  92:3  93:1  94:1  95:3  96:5  97:1  98:4  101:2  102:1  103:1  104:1  106:2  107:1  112:2  113:1  115:1  116:1  120:1  121:1  122:1  124:1  130:1  138:1  148:1  151:1  155:2  184:1  188:1  204:1  220:1
831.674747,7.814046,427.581091
[PASSED]
[time 1.75 s, user 1.62 s, sys 0.11 s, maxrss 186128 KB]
[busy 178 jiffies]
[exit 0]
--- c2 case 0 rec 2   load 0.81 0.78 0.71
[TEST C2-FST]
Processing dataset...
Done!
Building trie...
trie size: 2.382156 MB
trie size: 0.519189 MB
Done!
build time: 889.158809 ms (889.158809 ns per key)
space cost: 7.814046 MB (48.563937% of original size 16.090223 MB)
Querying trie...
Done!
total time: 428.489989 ms, avg latency: 428.489989 ns
topology: 1.289776 MB, link: 2.002253 MB, data: 4.522017 MB
--- Unary Path Analysis (FST, cutoff=4) ---
  shared unary steps in main trie: 533155
  terminal suffixes: inplace=237541 (avg len=1.85)  links=651614 (73.3% of terminal)
  link len: avg=9.49  max=219  total_chars=6184530
  link length distribution (len:count):  4:101787  5:75109  6:33236  7:70197  8:54797  9:28682  10:45020  11:39800  12:18111  13:26128  14:25316  15:13287  16:18412  17:17629  18:7811  19:11663  20:10322  21:4897  22:7909  23:6587  24:3201  25:5027  26:3953  27:2124  28:3009  29:2707  30:1318  31:2090  32:1807  33:932  34:1302  35:1246  36:576  37:856  38:792  39:335  40:596  41:485  42:228  43:398  44:289  45:126  46:187  47:184  48:83  49:123  50:115  51:56  52:76  53:79  54:43  55:73  56:58  57:28  58:35  59:27  60:9  61:32  62:19  63:18  64:20  65:11  66:19  67:16  68:13  69:6  70:14  71:16  72:6  73:9  74:5  75:5  76:7  77:5  78:2  79:17  80:2  81:7  82:8  83:7  84:3  85:7  86:7  87:3  88:3  89:2  90:4  91:3  92:3  93:1  94:1  95:3  96:5  97:1  98:4  101:2  102:1  103:1  104:1  106:2  107:1  112:2  113:1  115:1  116:1  120:1  121:1  122:1  124:1  130:1  138:1  148:1  151:1  155:2  184:1  188:1  204:1  220:1
889.158809,7.814046,428.489989
[PASSED]
[time 1.81 s, user 1.68 s, sys 0.12 s, maxrss 186180 KB]
[busy 187 jiffies]
[exit 0]
--- c2 case 1 rec 0   load 0.74 0.77 0.70
[TEST C2-CoCo(LOUDS-Sparse)]
Processing dataset...
Done!
Building trie...
Done!
build time: 1613.549313 ms (1613.549313 ns per key)
space cost: 10.076944 MB (62.627748% of original size 16.090223 MB)
Querying trie...
Done!
total time: 620.695585 ms, avg latency: 620.695585 ns
topology: 0.428116 MB, link: 2.771456 MB, data: 6.877373 MB
1613.549313,10.076944,620.695585
[PASSED]
[time 2.73 s, user 2.53 s, sys 0.18 s, maxrss 343660 KB]
[busy 277 jiffies]
[exit 0]
--- c2 case 1 rec 1   load 0.74 0.77 0.70
[TEST C2-CoCo(LOUDS-Sparse)]
Processing dataset...
Done!
Building trie...
trie size: 2.382156 MB
Done!
build time: 1785.648878 ms (1785.648878 ns per key)
space cost: 8.575588 MB (53.296888% of original size 16.090223 MB)
Querying trie...
Done!
total time: 633.392269 ms, avg latency: 633.392269 ns
topology: 0.704411 MB, link: 2.913508 MB, data: 4.957669 MB
1785.648878,8.575588,633.392269
[PASSED]
[time 2.92 s, user 2.71 s, sys 0.20 s, maxrss 343704 KB]
[busy 296 jiffies]
[exit 0]
--- c2 case 1 rec 2   load 0.76 0.77 0.71
[TEST C2-CoCo(LOUDS-Sparse)]
Processing dataset...
Done!
Building trie...
trie size: 2.382156 MB
trie size: 0.519189 MB
Done!
build time: 1852.770566 ms (1852.770566 ns per key)
space cost: 8.575588 MB (53.296888% of original size 16.090223 MB)
Querying trie...
Done!
total time: 635.973541 ms, avg latency: 635.973541 ns
topology: 0.704411 MB, link: 2.913508 MB, data: 4.957669 MB
1852.770566,8.575588,635.973541
[PASSED]
[time 2.99 s, user 2.80 s, sys 0.17 s, maxrss 343660 KB]
[busy 309 jiffies]
[exit 0]
--- c2 case 2 rec 0   load 0.78 0.77 0.71
[TEST C2-MARISA]
Processing dataset...
Done!
Building trie...
trie size: 2.376703 MB
Done!
build time: 722.886325 ms (722.886325 ns per key)
space cost: 9.316646 MB (57.902525% of original size 16.090223 MB)
Querying trie...
Done!
total time: 320.494308 ms, avg latency: 320.494308 ns
topology: 0.787403 MB, link: 2.444094 MB, data: 6.064641 MB
--- Unary Path Analysis (Marisa, cutoff=3) ---
  branches: 1581104  |  single-char: 512959 (32.4%)  short-unary: 177539 (11.2%)  links: 890606 (56.3%)
  link len: avg=9.57  max=221  total_chars=8521548
  link length distribution (len:count):  3:117743  4:70413  5:118917  6:85174  7:37680  8:75877  9:57977  10:30193  11:47337  12:41279  13:18765  14:27062  15:25994  16:13620  17:18901  18:18001  19:8082  20:11948  21:10483  22:5017  23:8072  24:6695  25:3249  26:5099  27:4017  28:2164  29:3054  30:2749  31:1341  32:2116  33:1821  34:942  35:1314  36:1256  37:587  38:865  39:798  40:341  41:600  42:486  43:231  44:401  45:290  46:126  47:187  48:184  49:84  50:123  51:115  52:56  53:77  54:82  55:43  56:74  57:60  58:29  59:35  60:27  61:10  62:32  63:19  64:19  65:20  66:11  67:19  68:16  69:13  70:6  71:14  72:16  73:6  74:9  75:5  76:5  77:7  78:5  79:2  80:17  81:2  82:7  83:8  84:7  85:3  86:7  87:7  88:3  89:3  90:2  91:4  92:3  93:3  94:1  95:1  96:4  97:5  98:1  99:4  102:2  103:1  104:1  105:1  107:2  108:1  113:2  114:1  116:1  117:1  121:1  122:1  123:1  125:1  131:1  139:1  149:1  152:1  156:2  185:1  189:1  205:1  221:1
  short unary avg len: 2.00
722.886325,9.316646,320.494308
[PASSED]
[time 1.52 s, user 1.39 s, sys 0.12 s, maxrss 216356 KB]
[busy 155 jiffies]
[exit 0]
--- c2 case 2 rec 1   load 0.78 0.77 0.71
[TEST C2-MARISA]
Processing dataset...
Done!
Building trie...
trie size: 2.376703 MB
trie size: 3.200656 MB
Done!
build time: 940.714470 ms (940.714470 ns per key)
space cost: 7.215687 MB (44.845163% of original size 16.090223 MB)
Querying trie...
Done!
total time: 284.291043 ms, avg latency: 284.291043 ns
topology: 1.146584 MB, link: 2.476871 MB, data: 3.571725 MB
--- Unary Path Analysis (Marisa, cutoff=3) ---
  branches: 1581104  |  single-char: 512959 (32.4%)  short-unary: 177539 (11.2%)  links: 890606 (56.3%)
  link len: avg=9.57  max=221  total_chars=8521548
  link length distribution (len:count):  3:117743  4:70413  5:118917  6:85174  7:37680  8:75877  9:57977  10:30193  11:47337  12:41279  13:18765  14:27062  15:25994  16:13620  17:18901  18:18001  19:8082  20:11948  21:10483  22:5017  23:8072  24:6695  25:3249  26:5099  27:4017  28:2164  29:3054  30:2749  31:1341  32:2116  33:1821  34:942  35:1314  36:1256  37:587  38:865  39:798  40:341  41:600  42:486  43:231  44:401  45:290  46:126  47:187  48:184  49:84  50:123  51:115  52:56  53:77  54:82  55:43  56:74  57:60  58:29  59:35  60:27  61:10  62:32  63:19  64:19  65:20  66:11  67:19  68:16  69:13  70:6  71:14  72:16  73:6  74:9  75:5  76:5  77:7  78:5  79:2  80:17  81:2  82:7  83:8  84:7  85:3  86:7  87:7  88:3  89:3  90:2  91:4  92:3  93:3  94:1  95:1  96:4  97:5  98:1  99:4  102:2  103:1  104:1  105:1  107:2  108:1  113:2  114:1  116:1  117:1  121:1  122:1  123:1  125:1  131:1  139:1  149:1  152:1  156:2  185:1  189:1  205:1  221:1
  short unary avg len: 2.00
940.714470,7.215687,284.291043
[PASSED]
[time 1.72 s, user 1.57 s, sys 0.14 s, maxrss 216464 KB]
[busy 176 jiffies]
[exit 0]
--- c2 case 2 rec 2   load 0.80 0.78 0.71
[TEST C2-MARISA]
Processing dataset...
Done!
Building trie...
trie size: 2.376703 MB
trie size: 3.200656 MB
trie size: 0.643222 MB
Done!
build time: 1022.670339 ms (1022.670339 ns per key)
space cost: 7.215687 MB (44.845163% of original size 16.090223 MB)
Querying trie...
Done!
total time: 286.253972 ms, avg latency: 286.253972 ns
topology: 1.146584 MB, link: 2.476871 MB, data: 3.571725 MB
--- Unary Path Analysis (Marisa, cutoff=3) ---
  branches: 1581104  |  single-char: 512959 (32.4%)  short-unary: 177539 (11.2%)  links: 890606 (56.3%)
  link len: avg=9.57  max=221  total_chars=8521548
  link length distribution (len:count):  3:117743  4:70413  5:118917  6:85174  7:37680  8:75877  9:57977  10:30193  11:47337  12:41279  13:18765  14:27062  15:25994  16:13620  17:18901  18:18001  19:8082  20:11948  21:10483  22:5017  23:8072  24:6695  25:3249  26:5099  27:4017  28:2164  29:3054  30:2749  31:1341  32:2116  33:1821  34:942  35:1314  36:1256  37:587  38:865  39:798  40:341  41:600  42:486  43:231  44:401  45:290  46:126  47:187  48:184  49:84  50:123  51:115  52:56  53:77  54:82  55:43  56:74  57:60  58:29  59:35  60:27  61:10  62:32  63:19  64:19  65:20  66:11  67:19  68:16  69:13  70:6  71:14  72:16  73:6  74:9  75:5  76:5  77:7  78:5  79:2  80:17  81:2  82:7  83:8  84:7  85:3  86:7  87:7  88:3  89:3  90:2  91:4  92:3  93:3  94:1  95:1  96:4  97:5  98:1  99:4  102:2  103:1  104:1  105:1  107:2  108:1  113:2  114:1  116:1  117:1  121:1  122:1  123:1  125:1  131:1  139:1  149:1  152:1  156:2  185:1  189:1  205:1  221:1
  short unary avg len: 2.00
1022.670339,7.215687,286.253972
[PASSED]
[time 1.80 s, user 1.65 s, sys 0.14 s, maxrss 216300 KB]
[busy 188 jiffies]
[exit 0]
--- c2 case 3 rec 0   load 0.80 0.78 0.71
[TEST FST]
Processing dataset...
Done!
Building trie...
Done!
build time: 660.414138 ms (660.414138 ns per key)
space cost: 9.251146 MB (57.495450% of original size 16.090223 MB)
Querying trie...
Done!
total time: 600.862499 ms, avg latency: 600.862499 ns
not implemented
660.414138,9.251146,600.862499
[PASSED]
[time 1.76 s, user 1.66 s, sys 0.08 s, maxrss 110676 KB]
[busy 179 jiffies]
[exit 0]
--- c2 case 4 rec 0   load 0.82 0.78 0.71
terminate called after throwing an instance of 'std::runtime_error'
  what():  Sequence is not sorted
timeout: the monitored command dumped core
Command terminated by signal 6
[time 13.81 s, user 9.99 s, sys 3.69 s, maxrss 8765316 KB]
[busy 1413 jiffies]
[exit 134]
--- c2 case 5 rec 0   load 0.86 0.79 0.72
[TEST MARISA]
Processing dataset...
Done!
Building trie...
Done!
build time: 524.823691 ms (524.823691 ns per key)
space cost: 9.064179 MB (56.333459% of original size 16.090223 MB)
Querying trie...
Done!
total time: 450.740781 ms, avg latency: 450.740781 ns
not implemented
524.823691,9.064179,450.740781
[PASSED]
[time 1.47 s, user 1.36 s, sys 0.10 s, maxrss 182200 KB]
[busy 153 jiffies]
[exit 0]
--- c2 case 5 rec 1   load 0.86 0.79 0.72
[TEST MARISA]
Processing dataset...
Done!
Building trie...
Done!
build time: 640.374332 ms (640.374332 ns per key)
space cost: 6.703102 MB (41.659472% of original size 16.090223 MB)
Querying trie...
Done!
total time: 678.004950 ms, avg latency: 678.004950 ns
not implemented
640.374332,6.703102,678.004950
[PASSED]
[time 1.80 s, user 1.67 s, sys 0.11 s, maxrss 182332 KB]
[busy 186 jiffies]
[exit 0]
--- c2 case 5 rec 2   load 0.87 0.80 0.72
[TEST MARISA]
Processing dataset...
Done!
Building trie...
Done!
build time: 672.919361 ms (672.919361 ns per key)
space cost: 6.233802 MB (38.742793% of original size 16.090223 MB)
Querying trie...
Done!
total time: 757.022014 ms, avg latency: 757.022014 ns
not implemented
672.919361,6.233802,757.022014
[PASSED]
[time 1.90 s, user 1.79 s, sys 0.11 s, maxrss 182252 KB]
[busy 196 jiffies]
[exit 0]
--- c2 case 6 rec 0   load 0.80 0.78 0.72
[TEST PDT]
Processing dataset...
Done!
Building trie...
dict size: 161960, stream size: 6363323
Done!
build time: 3075.579941 ms (3075.579941 ns per key)
space cost: 7.499054 MB (46.606276% of original size 16.090223 MB)
Querying trie...
Done!
total time: 605.842959 ms, avg latency: 605.842959 ns
not implemented
3075.579941,7.499054,605.842959
[PASSED]
[time 4.17 s, user 4.05 s, sys 0.10 s, maxrss 166704 KB]
[busy 427 jiffies]
[exit 0]
--- c2 case 7 rec 0   load 0.74 0.77 0.71
[TEST ART]
Processing dataset...
Done!
Building trie...
Done!
build time: 131.159929 ms (131.159929 ns per key)
space cost: 33.565483 MB (208.607938% of original size 16.090223 MB)
Querying trie...
Done!
total time: 341.334398 ms, avg latency: 341.334398 ns
not implemented
131.159929,33.565483,341.334398
[PASSED]
[time 0.98 s, user 0.89 s, sys 0.08 s, maxrss 155684 KB]
[busy 100 jiffies]
[exit 0]
--- c2 case 8 rec 0   load 0.74 0.77 0.71
[TEST CART]
Processing dataset...
Done!
Building trie...
Done!
build time: 190.387389 ms (190.387389 ns per key)
space cost: 15.100161 MB (93.846806% of original size 16.090223 MB)
Querying trie...
Done!
total time: 416.946543 ms, avg latency: 416.946543 ns
not implemented
190.387389,15.100161,416.946543
[PASSED]
[time 1.11 s, user 1.02 s, sys 0.09 s, maxrss 146792 KB]
[busy 117 jiffies]
[exit 0]
--- xcdat 7   load 0.68 0.76 0.71
build time: 553.092924 ms
space cost: 11.666194 MiB (72.504860% of original size 16.090223 MiB)
avg latency: 220.914485 ns
553.092924,11.666194,220.914485
[time 1.27 s, user 1.18 s, sys 0.08 s, maxrss 148032 KB]
[busy 131 jiffies]
[exit 0]
--- xcdat 8   load 0.68 0.76 0.71
build time: 510.011251 ms
space cost: 11.129195 MiB (69.167438% of original size 16.090223 MiB)
avg latency: 223.347528 ns
510.011251,11.129195,223.347528
[time 1.24 s, user 1.13 s, sys 0.09 s, maxrss 148084 KB]
[busy 127 jiffies]
[exit 0]
--- xcdat 15   load 0.68 0.76 0.71
build time: 528.827847 ms
space cost: 12.949578 MiB (80.481035% of original size 16.090223 MiB)
avg latency: 186.767525 ns
528.827847,12.949578,186.767525
[time 1.22 s, user 1.12 s, sys 0.09 s, maxrss 148416 KB]
[busy 123 jiffies]
[exit 0]
--- xcdat 16   load 0.70 0.76 0.71
build time: 512.147977 ms
space cost: 13.463712 MiB (83.676351% of original size 16.090223 MiB)
avg latency: 201.892452 ns
512.147977,13.463712,201.892452
[time 1.21 s, user 1.11 s, sys 0.09 s, maxrss 149168 KB]
[busy 125 jiffies]
[exit 0]

##### urls-1000000 (1000000 lines, 53361181 bytes)   round 1/3   2026-09-25T08:36:00+03:00
--- lexindex dict32   load 0.70 0.76 0.71
1000000 keys
lexindex DictIndex block 32: build 409 ms, size 8.414 MiB (8.823 B/key), latency cold 420.8 ns, then mean 419.3 / min 413.7 ns
408.582,8.414411,420.812
[time 2.67 s, user 5.34 s, sys 0.39 s, maxrss 325792 KB]
[busy 583 jiffies]
[exit 0]
--- lexindex dict256   load 0.73 0.77 0.71
1000000 keys
lexindex DictIndex block 256: build 421 ms, size 7.163 MiB (7.511 B/key), latency cold 451.4 ns, then mean 447.6 / min 446.9 ns
420.803,7.163084,451.412
[time 2.80 s, user 5.53 s, sys 0.39 s, maxrss 323328 KB]
[busy 610 jiffies]
[exit 0]
--- lexindex dict1024   load 0.75 0.77 0.71
1000000 keys
lexindex DictIndex block 1024: build 445 ms, size 6.934 MiB (7.271 B/key), latency cold 503.6 ns, then mean 502.4 / min 500.6 ns
445.397,6.934203,503.645
[time 3.04 s, user 4.74 s, sys 0.32 s, maxrss 335148 KB]
[busy 519 jiffies]
[exit 0]
--- lexindex routed32   load 0.69 0.76 0.71
1000000 keys
lexindex DictIndex block 32 routed: build 410 ms, size 8.891 MiB (9.323 B/key), latency cold 404.8 ns, then mean 398.0 / min 394.3 ns
409.945,8.891248,404.755
[time 2.60 s, user 5.30 s, sys 0.38 s, maxrss 326336 KB]
[busy 581 jiffies]
[exit 0]
--- lexindex routed256   load 0.69 0.76 0.71
1000000 keys
lexindex DictIndex block 256 routed: build 421 ms, size 7.640 MiB (8.011 B/key), latency cold 384.4 ns, then mean 378.6 / min 377.3 ns
421.145,7.640013,384.442
[time 2.52 s, user 5.27 s, sys 0.40 s, maxrss 322932 KB]
[busy 578 jiffies]
[exit 0]
--- lexindex routed1024   load 0.71 0.76 0.71
1000000 keys
lexindex DictIndex block 1024 routed: build 446 ms, size 7.173 MiB (7.521 B/key), latency cold 407.4 ns, then mean 403.3 / min 402.3 ns
445.510,7.172729,407.354
[time 2.65 s, user 4.35 s, sys 0.31 s, maxrss 332188 KB]
[busy 479 jiffies]
[exit 0]
--- lexindex string   load 0.74 0.77 0.71
1000000 keys
lexindex StringIndex: build 1095 ms, size 16.099 MiB (16.881 B/key), latency cold 436.1 ns, then mean 418.0 / min 412.7 ns
1095.048,16.099341,436.096
[time 3.36 s, user 3.25 s, sys 0.10 s, maxrss 220356 KB]
[busy 343 jiffies]
[exit 0]
--- lexindex hashed0   load 0.68 0.75 0.71
1000000 keys
lexindex HashedDictIndex closed: build 540 ms, size 9.777 MiB (10.251 B/key), latency cold 57.8 ns, then mean 56.8 / min 56.6 ns
540.115,9.776591,57.796
[time 1.34 s, user 4.15 s, sys 0.39 s, maxrss 323788 KB]
[busy 462 jiffies]
[exit 0]
--- lexindex hashed8   load 0.68 0.75 0.71
1000000 keys
lexindex HashedDictIndex fp=8: build 542 ms, size 10.730 MiB (11.251 B/key), latency cold 69.2 ns, then mean 68.4 / min 67.9 ns
541.969,10.730266,69.249
[time 1.40 s, user 4.22 s, sys 0.40 s, maxrss 324572 KB]
[busy 476 jiffies]
[exit 0]
--- lexindex hashed16   load 0.62 0.74 0.71
1000000 keys
lexindex HashedDictIndex fp=16: build 536 ms, size 11.684 MiB (12.251 B/key), latency cold 72.8 ns, then mean 69.5 / min 69.4 ns
536.156,11.683940,72.810
[time 1.39 s, user 4.16 s, sys 0.41 s, maxrss 327044 KB]
[busy 468 jiffies]
[exit 0]
--- lexindex da   load 0.62 0.74 0.71
1000000 keys
lexindex DoubleArrayIndex refused: format error: double-array: the trie needs more than 8 388 608 slots; bases are 23 bits
Command exited with non-zero status 3
[time 4.76 s, user 4.41 s, sys 0.32 s, maxrss 512224 KB]
[busy 486 jiffies]
[exit 3]
--- c2 case 0 rec 0   load 0.65 0.74 0.71
[TEST C2-FST]
Processing dataset...
Done!
Building trie...
Done!
build time: 1203.596364 ms (1203.596364 ns per key)
space cost: 11.640069 MB (23.310202% of original size 49.935513 MB)
Querying trie...
Done!
total time: 802.552119 ms, avg latency: 802.552119 ns
topology: 1.074997 MB, link: 2.347375 MB, data: 8.217697 MB
--- Unary Path Analysis (FST, cutoff=4) ---
  shared unary steps in main trie: 711966
  terminal suffixes: inplace=143732 (avg len=2.14)  links=800966 (84.8% of terminal)
  link len: avg=13.15  max=596  total_chars=10531952
  link length distribution (len:count):  4:63058  5:62039  6:59659  7:54131  8:47449  9:44821  10:40952  11:37727  12:34320  13:30594  14:29226  15:26885  16:26206  17:21450  18:19914  19:21120  20:19131  21:16702  22:14529  23:13405  24:12440  25:10970  26:9615  27:8669  28:7752  29:7002  30:6267  31:5704  32:4931  33:4493  34:4087  35:3562  36:3323  37:3007  38:2533  39:2401  40:2145  41:1856  42:1793  43:1565  44:1379  45:1246  46:1005  47:985  48:849  49:826  50:642  51:609  52:482  53:442  54:385  55:389  56:339  57:263  58:263  59:238  60:228  61:217  62:184  63:166  64:151  65:119  66:125  67:156  68:131  69:105  70:94  71:74  72:74  73:77  74:67  75:66  76:74  77:39  78:49  79:44  80:45  81:42  82:48  83:36  84:31  85:34  86:39  87:18  88:23  89:15  90:18  91:31  92:24  93:20  94:16  95:16  96:16  97:12  98:16  99:14  100:17  101:16  102:2  103:18  104:4  105:3  106:10  107:11  108:9  109:19  110:13  111:7  112:6  113:5  114:3  115:8  116:5  117:6  118:7  119:10  120:11  121:9  122:10  123:8  124:9  125:7  126:5  127:7  128:18  129:5  130:4  131:10  132:3  133:4  134:4  135:4  136:3  137:4  139:2  140:3  141:2  142:2  143:4  144:7  145:1  146:5  147:5  148:1  149:4  150:4  152:1  153:6  154:3  155:1  156:2  157:1  158:1  159:1  161:2  162:1  163:2  164:1  165:1  166:1  167:3  168:3  170:1  174:1  177:2  180:3  182:2  183:1  184:2  188:1  189:3  190:1  191:1  192:1  193:1  194:1  195:2  199:1  202:2  204:2  206:1  207:1  209:2  211:1  213:1  215:2  219:1  220:1  222:1  224:1  225:1  226:1  229:1  233:1  236:1  238:2  240:1  241:1  246:1  247:1  249:1  252:1  254:1  256:1  260:1  264:1  271:1  311:1  337:1  383:1  506:1  597:1
1203.596364,11.640069,802.552119
[PASSED]
[time 2.79 s, user 2.61 s, sys 0.17 s, maxrss 231316 KB]
[busy 286 jiffies]
[exit 0]
--- c2 case 0 rec 1   load 0.68 0.75 0.71
[TEST C2-FST]
Processing dataset...
Done!
Building trie...
trie size: 3.124794 MB
Done!
build time: 1561.093260 ms (1561.093260 ns per key)
space cost: 9.773470 MB (19.572183% of original size 49.935513 MB)
Querying trie...
Done!
total time: 952.692282 ms, avg latency: 952.692282 ns
topology: 1.480076 MB, link: 2.557474 MB, data: 5.735920 MB
--- Unary Path Analysis (FST, cutoff=4) ---
  shared unary steps in main trie: 711966
  terminal suffixes: inplace=143732 (avg len=2.14)  links=800966 (84.8% of terminal)
  link len: avg=13.15  max=596  total_chars=10531952
  link length distribution (len:count):  4:63058  5:62039  6:59659  7:54131  8:47449  9:44821  10:40952  11:37727  12:34320  13:30594  14:29226  15:26885  16:26206  17:21450  18:19914  19:21120  20:19131  21:16702  22:14529  23:13405  24:12440  25:10970  26:9615  27:8669  28:7752  29:7002  30:6267  31:5704  32:4931  33:4493  34:4087  35:3562  36:3323  37:3007  38:2533  39:2401  40:2145  41:1856  42:1793  43:1565  44:1379  45:1246  46:1005  47:985  48:849  49:826  50:642  51:609  52:482  53:442  54:385  55:389  56:339  57:263  58:263  59:238  60:228  61:217  62:184  63:166  64:151  65:119  66:125  67:156  68:131  69:105  70:94  71:74  72:74  73:77  74:67  75:66  76:74  77:39  78:49  79:44  80:45  81:42  82:48  83:36  84:31  85:34  86:39  87:18  88:23  89:15  90:18  91:31  92:24  93:20  94:16  95:16  96:16  97:12  98:16  99:14  100:17  101:16  102:2  103:18  104:4  105:3  106:10  107:11  108:9  109:19  110:13  111:7  112:6  113:5  114:3  115:8  116:5  117:6  118:7  119:10  120:11  121:9  122:10  123:8  124:9  125:7  126:5  127:7  128:18  129:5  130:4  131:10  132:3  133:4  134:4  135:4  136:3  137:4  139:2  140:3  141:2  142:2  143:4  144:7  145:1  146:5  147:5  148:1  149:4  150:4  152:1  153:6  154:3  155:1  156:2  157:1  158:1  159:1  161:2  162:1  163:2  164:1  165:1  166:1  167:3  168:3  170:1  174:1  177:2  180:3  182:2  183:1  184:2  188:1  189:3  190:1  191:1  192:1  193:1  194:1  195:2  199:1  202:2  204:2  206:1  207:1  209:2  211:1  213:1  215:2  219:1  220:1  222:1  224:1  225:1  226:1  229:1  233:1  236:1  238:2  240:1  241:1  246:1  247:1  249:1  252:1  254:1  256:1  260:1  264:1  271:1  311:1  337:1  383:1  506:1  597:1
1561.093260,9.773470,952.692282
[PASSED]
[time 3.32 s, user 3.12 s, sys 0.19 s, maxrss 228212 KB]
[busy 339 jiffies]
[exit 0]
--- c2 case 0 rec 2   load 0.71 0.75 0.71
[TEST C2-FST]
Processing dataset...
Done!
Building trie...
trie size: 3.124794 MB
trie size: 0.926831 MB
Done!
build time: 1699.862821 ms (1699.862821 ns per key)
space cost: 9.773470 MB (19.572183% of original size 49.935513 MB)
Querying trie...
Done!
total time: 961.854473 ms, avg latency: 961.854473 ns
topology: 1.480076 MB, link: 2.557474 MB, data: 5.735920 MB
--- Unary Path Analysis (FST, cutoff=4) ---
  shared unary steps in main trie: 711966
  terminal suffixes: inplace=143732 (avg len=2.14)  links=800966 (84.8% of terminal)
  link len: avg=13.15  max=596  total_chars=10531952
  link length distribution (len:count):  4:63058  5:62039  6:59659  7:54131  8:47449  9:44821  10:40952  11:37727  12:34320  13:30594  14:29226  15:26885  16:26206  17:21450  18:19914  19:21120  20:19131  21:16702  22:14529  23:13405  24:12440  25:10970  26:9615  27:8669  28:7752  29:7002  30:6267  31:5704  32:4931  33:4493  34:4087  35:3562  36:3323  37:3007  38:2533  39:2401  40:2145  41:1856  42:1793  43:1565  44:1379  45:1246  46:1005  47:985  48:849  49:826  50:642  51:609  52:482  53:442  54:385  55:389  56:339  57:263  58:263  59:238  60:228  61:217  62:184  63:166  64:151  65:119  66:125  67:156  68:131  69:105  70:94  71:74  72:74  73:77  74:67  75:66  76:74  77:39  78:49  79:44  80:45  81:42  82:48  83:36  84:31  85:34  86:39  87:18  88:23  89:15  90:18  91:31  92:24  93:20  94:16  95:16  96:16  97:12  98:16  99:14  100:17  101:16  102:2  103:18  104:4  105:3  106:10  107:11  108:9  109:19  110:13  111:7  112:6  113:5  114:3  115:8  116:5  117:6  118:7  119:10  120:11  121:9  122:10  123:8  124:9  125:7  126:5  127:7  128:18  129:5  130:4  131:10  132:3  133:4  134:4  135:4  136:3  137:4  139:2  140:3  141:2  142:2  143:4  144:7  145:1  146:5  147:5  148:1  149:4  150:4  152:1  153:6  154:3  155:1  156:2  157:1  158:1  159:1  161:2  162:1  163:2  164:1  165:1  166:1  167:3  168:3  170:1  174:1  177:2  180:3  182:2  183:1  184:2  188:1  189:3  190:1  191:1  192:1  193:1  194:1  195:2  199:1  202:2  204:2  206:1  207:1  209:2  211:1  213:1  215:2  219:1  220:1  222:1  224:1  225:1  226:1  229:1  233:1  236:1  238:2  240:1  241:1  246:1  247:1  249:1  252:1  254:1  256:1  260:1  264:1  271:1  311:1  337:1  383:1  506:1  597:1
1699.862821,9.773470,961.854473
[PASSED]
[time 3.45 s, user 3.28 s, sys 0.16 s, maxrss 228056 KB]
[busy 352 jiffies]
[exit 0]
--- c2 case 1 rec 0   load 0.73 0.76 0.71
[TEST C2-CoCo(LOUDS-Sparse)]
Processing dataset...
Done!
Building trie...
Done!
build time: 2475.907269 ms (2475.907269 ns per key)
space cost: 12.005466 MB (24.041940% of original size 49.935513 MB)
Querying trie...
Done!
total time: 871.782380 ms, avg latency: 871.782380 ns
topology: 0.422745 MB, link: 3.209543 MB, data: 8.373178 MB
2475.907269,12.005466,871.782380
[PASSED]
[time 4.12 s, user 3.88 s, sys 0.21 s, maxrss 407792 KB]
[busy 420 jiffies]
[exit 0]
--- c2 case 1 rec 1   load 0.75 0.76 0.72
[TEST C2-CoCo(LOUDS-Sparse)]
Processing dataset...
Done!
Building trie...
trie size: 3.124794 MB
Done!
build time: 2821.201179 ms (2821.201179 ns per key)
space cost: 10.138867 MB (20.303920% of original size 49.935513 MB)
Querying trie...
Done!
total time: 999.743687 ms, avg latency: 999.743687 ns
topology: 0.827824 MB, link: 3.419642 MB, data: 5.891401 MB
2821.201179,10.138867,999.743687
[PASSED]
[time 4.61 s, user 4.37 s, sys 0.22 s, maxrss 398408 KB]
[busy 471 jiffies]
[exit 0]
--- c2 case 1 rec 2   load 0.77 0.77 0.72
[TEST C2-CoCo(LOUDS-Sparse)]
Processing dataset...
Done!
Building trie...
trie size: 3.124794 MB
trie size: 0.926831 MB
Done!
build time: 2957.530463 ms (2957.530463 ns per key)
space cost: 10.138867 MB (20.303920% of original size 49.935513 MB)
Querying trie...
Done!
total time: 1019.786177 ms, avg latency: 1019.786177 ns
topology: 0.827824 MB, link: 3.419642 MB, data: 5.891401 MB
2957.530463,10.138867,1019.786177
[PASSED]
[time 4.76 s, user 4.52 s, sys 0.21 s, maxrss 398112 KB]
[busy 487 jiffies]
[exit 0]
--- c2 case 2 rec 0   load 0.79 0.77 0.72
[TEST C2-MARISA]
Processing dataset...
Done!
Building trie...
trie size: 2.244002 MB
Done!
build time: 1182.406126 ms (1182.406126 ns per key)
space cost: 10.960715 MB (21.949740% of original size 49.935513 MB)
Querying trie...
Done!
total time: 448.112299 ms, avg latency: 448.112299 ns
topology: 0.743214 MB, link: 2.809175 MB, data: 7.387818 MB
--- Unary Path Analysis (Marisa, cutoff=3) ---
  branches: 1527762  |  single-char: 409800 (26.8%)  short-unary: 94203 (6.2%)  links: 1023759 (67.0%)
  link len: avg=12.97  max=598  total_chars=13282609
  link length distribution (len:count):  3:78091  4:83418  5:77115  6:71727  7:67342  8:60401  9:52007  10:48612  11:43341  12:39688  13:35797  14:31899  15:30173  16:27648  17:26857  18:22212  19:20563  20:21642  21:19617  22:17114  23:14842  24:13684  25:12695  26:11175  27:9829  28:8848  29:7935  30:7132  31:6445  32:5847  33:5055  34:4589  35:4148  36:3637  37:3382  38:3086  39:2567  40:2441  41:2168  42:1886  43:1827  44:1585  45:1405  46:1260  47:1016  48:995  49:861  50:844  51:650  52:616  53:486  54:450  55:392  56:393  57:345  58:266  59:265  60:240  61:230  62:219  63:185  64:166  65:151  66:119  67:125  68:158  69:131  70:105  71:94  72:74  73:75  74:77  75:68  76:66  77:74  78:40  79:49  80:44  81:45  82:43  83:48  84:36  85:31  86:35  87:40  88:19  89:24  90:15  91:18  92:31  93:24  94:20  95:16  96:16  97:16  98:12  99:16  100:14  101:17  102:16  103:2  104:18  105:4  106:3  107:10  108:11  109:9  110:19  111:13  112:7  113:6  114:5  115:3  116:8  117:5  118:6  119:8  120:10  121:11  122:9  123:10  124:8  125:9  126:7  127:5  128:7  129:18  130:5  131:4  132:10  133:3  134:4  135:4  136:4  137:4  138:4  140:2  141:3  142:2  143:2  144:4  145:7  146:1  147:5  148:5  149:1  150:4  151:4  153:1  154:6  155:3  156:1  157:2  158:1  159:1  160:1  162:2  163:1  164:2  165:1  166:1  167:1  168:3  169:3  171:1  175:1  178:2  181:3  183:2  184:1  185:2  189:1  190:3  191:1  192:1  193:1  194:1  195:1  196:2  200:1  203:2  205:2  207:1  208:1  210:2  212:1  214:1  216:2  220:1  221:1  223:1  225:1  226:1  227:1  230:1  234:1  237:1  239:2  241:1  242:1  247:1  248:1  250:1  253:1  255:1  257:1  261:1  265:1  272:1  312:1  338:1  384:1  507:1  598:1
  short unary avg len: 2.00
1182.406126,10.960715,448.112299
[PASSED]
[time 2.43 s, user 2.25 s, sys 0.17 s, maxrss 246900 KB]
[busy 250 jiffies]
[exit 0]
--- c2 case 2 rec 1   load 0.81 0.77 0.72
[TEST C2-MARISA]
Processing dataset...
Done!
Building trie...
trie size: 2.244002 MB
trie size: 3.864603 MB
Done!
build time: 1602.968185 ms (1602.968185 ns per key)
space cost: 8.779989 MB (17.582655% of original size 49.935513 MB)
Querying trie...
Done!
total time: 621.133468 ms, avg latency: 621.133468 ns
topology: 1.217873 MB, link: 3.069385 MB, data: 4.472224 MB
--- Unary Path Analysis (Marisa, cutoff=3) ---
  branches: 1527762  |  single-char: 409800 (26.8%)  short-unary: 94203 (6.2%)  links: 1023759 (67.0%)
  link len: avg=12.97  max=598  total_chars=13282609
  link length distribution (len:count):  3:78091  4:83418  5:77115  6:71727  7:67342  8:60401  9:52007  10:48612  11:43341  12:39688  13:35797  14:31899  15:30173  16:27648  17:26857  18:22212  19:20563  20:21642  21:19617  22:17114  23:14842  24:13684  25:12695  26:11175  27:9829  28:8848  29:7935  30:7132  31:6445  32:5847  33:5055  34:4589  35:4148  36:3637  37:3382  38:3086  39:2567  40:2441  41:2168  42:1886  43:1827  44:1585  45:1405  46:1260  47:1016  48:995  49:861  50:844  51:650  52:616  53:486  54:450  55:392  56:393  57:345  58:266  59:265  60:240  61:230  62:219  63:185  64:166  65:151  66:119  67:125  68:158  69:131  70:105  71:94  72:74  73:75  74:77  75:68  76:66  77:74  78:40  79:49  80:44  81:45  82:43  83:48  84:36  85:31  86:35  87:40  88:19  89:24  90:15  91:18  92:31  93:24  94:20  95:16  96:16  97:16  98:12  99:16  100:14  101:17  102:16  103:2  104:18  105:4  106:3  107:10  108:11  109:9  110:19  111:13  112:7  113:6  114:5  115:3  116:8  117:5  118:6  119:8  120:10  121:11  122:9  123:10  124:8  125:9  126:7  127:5  128:7  129:18  130:5  131:4  132:10  133:3  134:4  135:4  136:4  137:4  138:4  140:2  141:3  142:2  143:2  144:4  145:7  146:1  147:5  148:5  149:1  150:4  151:4  153:1  154:6  155:3  156:1  157:2  158:1  159:1  160:1  162:2  163:1  164:2  165:1  166:1  167:1  168:3  169:3  171:1  175:1  178:2  181:3  183:2  184:1  185:2  189:1  190:3  191:1  192:1  193:1  194:1  195:1  196:2  200:1  203:2  205:2  207:1  208:1  210:2  212:1  214:1  216:2  220:1  221:1  223:1  225:1  226:1  227:1  230:1  234:1  237:1  239:2  241:1  242:1  247:1  248:1  250:1  253:1  255:1  257:1  261:1  265:1  272:1  312:1  338:1  384:1  507:1  598:1
  short unary avg len: 2.00
1602.968185,8.779989,621.133468
[PASSED]
[time 3.03 s, user 2.81 s, sys 0.20 s, maxrss 242348 KB]
[busy 311 jiffies]
[exit 0]
--- c2 case 2 rec 2   load 0.74 0.76 0.72
[TEST C2-MARISA]
Processing dataset...
Done!
Building trie...
trie size: 2.244002 MB
trie size: 3.864603 MB
trie size: 1.068947 MB
Done!
build time: 1729.855393 ms (1729.855393 ns per key)
space cost: 8.365690 MB (16.752987% of original size 49.935513 MB)
Querying trie...
Done!
total time: 703.429807 ms, avg latency: 703.429807 ns
topology: 1.410183 MB, link: 3.158367 MB, data: 3.776632 MB
--- Unary Path Analysis (Marisa, cutoff=3) ---
  branches: 1527762  |  single-char: 409800 (26.8%)  short-unary: 94203 (6.2%)  links: 1023759 (67.0%)
  link len: avg=12.97  max=598  total_chars=13282609
  link length distribution (len:count):  3:78091  4:83418  5:77115  6:71727  7:67342  8:60401  9:52007  10:48612  11:43341  12:39688  13:35797  14:31899  15:30173  16:27648  17:26857  18:22212  19:20563  20:21642  21:19617  22:17114  23:14842  24:13684  25:12695  26:11175  27:9829  28:8848  29:7935  30:7132  31:6445  32:5847  33:5055  34:4589  35:4148  36:3637  37:3382  38:3086  39:2567  40:2441  41:2168  42:1886  43:1827  44:1585  45:1405  46:1260  47:1016  48:995  49:861  50:844  51:650  52:616  53:486  54:450  55:392  56:393  57:345  58:266  59:265  60:240  61:230  62:219  63:185  64:166  65:151  66:119  67:125  68:158  69:131  70:105  71:94  72:74  73:75  74:77  75:68  76:66  77:74  78:40  79:49  80:44  81:45  82:43  83:48  84:36  85:31  86:35  87:40  88:19  89:24  90:15  91:18  92:31  93:24  94:20  95:16  96:16  97:16  98:12  99:16  100:14  101:17  102:16  103:2  104:18  105:4  106:3  107:10  108:11  109:9  110:19  111:13  112:7  113:6  114:5  115:3  116:8  117:5  118:6  119:8  120:10  121:11  122:9  123:10  124:8  125:9  126:7  127:5  128:7  129:18  130:5  131:4  132:10  133:3  134:4  135:4  136:4  137:4  138:4  140:2  141:3  142:2  143:2  144:4  145:7  146:1  147:5  148:5  149:1  150:4  151:4  153:1  154:6  155:3  156:1  157:2  158:1  159:1  160:1  162:2  163:1  164:2  165:1  166:1  167:1  168:3  169:3  171:1  175:1  178:2  181:3  183:2  184:1  185:2  189:1  190:3  191:1  192:1  193:1  194:1  195:1  196:2  200:1  203:2  205:2  207:1  208:1  210:2  212:1  214:1  216:2  220:1  221:1  223:1  225:1  226:1  227:1  230:1  234:1  237:1  239:2  241:1  242:1  247:1  248:1  250:1  253:1  255:1  257:1  261:1  265:1  272:1  312:1  338:1  384:1  507:1  598:1
  short unary avg len: 2.00
1729.855393,8.365690,703.429807
[PASSED]
[time 3.23 s, user 3.02 s, sys 0.19 s, maxrss 242336 KB]
[busy 329 jiffies]
[exit 0]
--- c2 case 3 rec 0   load 0.74 0.76 0.72
[TEST FST]
Processing dataset...
Done!
Building trie...
Done!
build time: 1413.099381 ms (1413.099381 ns per key)
space cost: 12.952020 MB (25.937492% of original size 49.935513 MB)
Querying trie...
Done!
total time: 1191.192962 ms, avg latency: 1191.192962 ns
not implemented
1413.099381,12.952020,1191.192962
[PASSED]
[time 3.40 s, user 3.25 s, sys 0.13 s, maxrss 215404 KB]
[busy 345 jiffies]
[exit 0]
--- c2 case 4 rec 0   load 0.76 0.77 0.72
[TEST COCO]
Processing dataset...
Done!
Building trie...
num nodes = 618926, average depth = 10.757375
ef = 0.000126, pa = 0.112513, bv = 0.000294, de = 0.664175
efr = 0.000805, par = 0.102747, bvr = 0.000005, der = 0.119336
Done!
build time: 30720.756965 ms (30720.756965 ns per key)
space cost: 17.219774 MB (34.484023% of original size 49.935513 MB)
Querying trie...
Done!
total time: 1343.704080 ms, avg latency: 1343.704080 ns
not implemented
30720.756965,17.219774,1343.704080
[PASSED]
[time 33.85 s, user 27.12 s, sys 6.60 s, maxrss 15528728 KB]
[busy 3442 jiffies]
[exit 0]
--- c2 case 5 rec 0   load 0.87 0.79 0.73
[TEST MARISA]
Processing dataset...
Done!
Building trie...
Done!
build time: 1022.167503 ms (1022.167503 ns per key)
space cost: 13.234698 MB (26.503579% of original size 49.935513 MB)
Querying trie...
Done!
total time: 567.453676 ms, avg latency: 567.453676 ns
not implemented
1022.167503,13.234698,567.453676
[PASSED]
[time 2.37 s, user 2.20 s, sys 0.15 s, maxrss 268176 KB]
[busy 240 jiffies]
[exit 0]
--- c2 case 5 rec 1   load 0.88 0.80 0.73
[TEST MARISA]
Processing dataset...
Done!
Building trie...
Done!
build time: 1226.305086 ms (1226.305086 ns per key)
space cost: 8.973619 MB (17.970414% of original size 49.935513 MB)
Querying trie...
Done!
total time: 867.437915 ms, avg latency: 867.437915 ns
not implemented
1226.305086,8.973619,867.437915
[PASSED]
[time 2.88 s, user 2.70 s, sys 0.16 s, maxrss 267912 KB]
[busy 301 jiffies]
[exit 0]
--- c2 case 5 rec 2   load 0.89 0.80 0.74
[TEST MARISA]
Processing dataset...
Done!
Building trie...
Done!
build time: 1273.305785 ms (1273.305785 ns per key)
space cost: 8.005336 MB (16.031348% of original size 49.935513 MB)
Querying trie...
Done!
total time: 1020.731043 ms, avg latency: 1020.731043 ns
not implemented
1273.305785,8.005336,1020.731043
[PASSED]
[time 3.06 s, user 2.89 s, sys 0.15 s, maxrss 267880 KB]
[busy 315 jiffies]
[exit 0]
--- c2 case 6 rec 0   load 0.82 0.79 0.73
[TEST PDT]
Processing dataset...
Done!
Building trie...
dict size: 156062, stream size: 7596722
Done!
build time: 3476.599929 ms (3476.599929 ns per key)
space cost: 8.669690 MB (17.361772% of original size 49.935513 MB)
Querying trie...
Done!
total time: 720.249320 ms, avg latency: 720.249320 ns
not implemented
3476.599929,8.669690,720.249320
[PASSED]
[time 4.98 s, user 4.77 s, sys 0.19 s, maxrss 298868 KB]
[busy 508 jiffies]
[exit 0]
--- c2 case 7 rec 0   load 0.83 0.79 0.73
[TEST ART]
Processing dataset...
Done!
Building trie...
Done!
build time: 314.446260 ms (314.446260 ns per key)
space cost: 32.934517 MB (65.954097% of original size 49.935513 MB)
Querying trie...
Done!
total time: 621.740379 ms, avg latency: 621.740379 ns
not implemented
314.446260,32.934517,621.740379
[PASSED]
[time 1.75 s, user 1.60 s, sys 0.14 s, maxrss 291076 KB]
[busy 179 jiffies]
[exit 0]
--- c2 case 8 rec 0   load 0.83 0.79 0.73
[TEST CART]
Processing dataset...
Done!
Building trie...
Done!
build time: 362.628030 ms (362.628030 ns per key)
space cost: 15.060642 MB (30.160183% of original size 49.935513 MB)
Querying trie...
Done!
total time: 645.813876 ms, avg latency: 645.813876 ns
not implemented
362.628030,15.060642,645.813876
[PASSED]
[time 1.82 s, user 1.67 s, sys 0.14 s, maxrss 278420 KB]
[busy 187 jiffies]
[exit 0]
--- xcdat 7   load 0.85 0.79 0.73
build time: 1182.527514 ms
space cost: 15.639350 MiB (31.319093% of original size 49.935513 MiB)
avg latency: 386.097642 ns
1182.527514,15.639350,386.097642
[time 2.37 s, user 2.19 s, sys 0.16 s, maxrss 231016 KB]
[busy 242 jiffies]
[exit 0]
--- xcdat 8   load 0.78 0.78 0.73
build time: 1141.059815 ms
space cost: 15.165496 MiB (30.370161% of original size 49.935513 MiB)
avg latency: 374.037905 ns
1141.059815,15.165496,374.037905
[time 2.32 s, user 2.15 s, sys 0.15 s, maxrss 231288 KB]
[busy 236 jiffies]
[exit 0]
--- xcdat 15   load 0.78 0.78 0.73
build time: 1165.949736 ms
space cost: 17.302892 MiB (34.650473% of original size 49.935513 MiB)
avg latency: 350.813224 ns
1165.949736,17.302892,350.813224
[time 2.31 s, user 2.15 s, sys 0.15 s, maxrss 231112 KB]
[busy 234 jiffies]
[exit 0]
--- xcdat 16   load 0.80 0.78 0.73
build time: 1143.881488 ms
space cost: 17.859698 MiB (35.765524% of original size 49.935513 MiB)
avg latency: 378.663188 ns
1143.881488,17.859698,378.663188
[time 2.32 s, user 2.15 s, sys 0.16 s, maxrss 231168 KB]
[busy 238 jiffies]
[exit 0]

##### uuid-1000000 (1000000 lines, 37000000 bytes)   round 1/3   2026-09-25T08:38:37+03:00
--- lexindex dict32   load 0.73 0.77 0.73
1000000 keys
lexindex DictIndex block 32: build 224 ms, size 17.741 MiB (18.603 B/key), latency cold 426.9 ns, then mean 422.7 / min 415.7 ns
223.672,17.741351,426.901
[time 2.41 s, user 3.32 s, sys 0.43 s, maxrss 253708 KB]
[busy 385 jiffies]
[exit 0]
--- lexindex dict256   load 0.73 0.77 0.73
1000000 keys
lexindex DictIndex block 256: build 231 ms, size 17.205 MiB (18.040 B/key), latency cold 404.7 ns, then mean 403.6 / min 402.0 ns
230.933,17.204642,404.672
[time 2.34 s, user 3.26 s, sys 0.39 s, maxrss 225188 KB]
[busy 370 jiffies]
[exit 0]
--- lexindex dict1024   load 0.75 0.78 0.73
1000000 keys
lexindex DictIndex block 1024: build 219 ms, size 17.065 MiB (17.894 B/key), latency cold 434.1 ns, then mean 432.7 / min 430.7 ns
219.223,17.064983,434.116
[time 2.43 s, user 2.89 s, sys 0.19 s, maxrss 237096 KB]
[busy 316 jiffies]
[exit 0]
--- lexindex routed32   load 0.69 0.76 0.72
1000000 keys
lexindex DictIndex block 32 routed: build 231 ms, size 18.218 MiB (19.103 B/key), latency cold 381.3 ns, then mean 376.3 / min 375.7 ns
231.306,18.218188,381.267
[time 2.23 s, user 3.13 s, sys 0.42 s, maxrss 248732 KB]
[busy 363 jiffies]
[exit 0]
--- lexindex routed256   load 0.69 0.76 0.72
1000000 keys
lexindex DictIndex block 256 routed: build 228 ms, size 17.682 MiB (18.540 B/key), latency cold 345.0 ns, then mean 342.6 / min 341.2 ns
228.396,17.681571,344.956
[time 2.10 s, user 2.97 s, sys 0.43 s, maxrss 223540 KB]
[busy 351 jiffies]
[exit 0]
--- lexindex routed1024   load 0.72 0.77 0.73
1000000 keys
lexindex DictIndex block 1024 routed: build 219 ms, size 17.304 MiB (18.144 B/key), latency cold 359.3 ns, then mean 359.9 / min 357.3 ns
218.665,17.303509,359.319
[time 2.15 s, user 2.61 s, sys 0.20 s, maxrss 245380 KB]
[busy 288 jiffies]
[exit 0]
--- lexindex string   load 0.66 0.75 0.72
1000000 keys
lexindex StringIndex: build 2355 ms, size 35.389 MiB (37.108 B/key), latency cold 433.5 ns, then mean 428.7 / min 426.2 ns
2354.607,35.389391,433.472
[time 4.56 s, user 4.44 s, sys 0.10 s, maxrss 199560 KB]
[busy 468 jiffies]
[exit 0]
--- lexindex hashed0   load 0.61 0.74 0.72
1000000 keys
lexindex HashedDictIndex closed: build 334 ms, size 19.818 MiB (20.781 B/key), latency cold 55.7 ns, then mean 54.7 / min 54.6 ns
333.647,19.818487,55.712
[time 1.03 s, user 1.97 s, sys 0.44 s, maxrss 223868 KB]
[busy 247 jiffies]
[exit 0]
--- lexindex hashed8   load 0.61 0.74 0.72
1000000 keys
lexindex HashedDictIndex fp=8: build 336 ms, size 20.772 MiB (21.781 B/key), latency cold 66.5 ns, then mean 64.8 / min 64.4 ns
336.003,20.772161,66.459
[time 1.08 s, user 2.00 s, sys 0.43 s, maxrss 229960 KB]
[busy 253 jiffies]
[exit 0]
--- lexindex hashed16   load 0.56 0.73 0.71
1000000 keys
lexindex HashedDictIndex fp=16: build 335 ms, size 21.726 MiB (22.781 B/key), latency cold 67.7 ns, then mean 65.7 / min 65.3 ns
335.069,21.725836,67.743
[time 1.08 s, user 1.98 s, sys 0.45 s, maxrss 224896 KB]
[busy 248 jiffies]
[exit 0]
--- lexindex da   load 0.56 0.73 0.71
1000000 keys
lexindex DoubleArrayIndex refused: format error: double-array: the trie needs more than 8 388 608 slots; bases are 23 bits
Command exited with non-zero status 3
[time 3.68 s, user 3.23 s, sys 0.43 s, maxrss 843968 KB]
[busy 377 jiffies]
[exit 3]
--- c2 case 0 rec 0   load 0.60 0.73 0.72
[TEST C2-FST]
Processing dataset...
Done!
Building trie...
Done!
build time: 1112.557457 ms (1112.557457 ns per key)
space cost: 22.510774 MB (65.567381% of original size 34.332275 MB)
Querying trie...
Done!
total time: 433.091364 ms, avg latency: 433.091364 ns
topology: 0.773712 MB, link: 3.131501 MB, data: 18.605560 MB
--- Unary Path Analysis (FST, cutoff=4) ---
  shared unary steps in main trie: 13682
  terminal suffixes: inplace=0 (avg len=0.00)  links=1000000 (100.0% of terminal)
  link len: avg=29.32  max=30  total_chars=29323284
  link length distribution (len:count):  24:2  25:10  26:206  28:3376  29:54458  30:556568  31:385380
1112.557457,22.510774,433.091364
[PASSED]
[time 2.25 s, user 2.06 s, sys 0.17 s, maxrss 312232 KB]
[busy 229 jiffies]
[exit 0]
--- c2 case 0 rec 1   load 0.55 0.72 0.71
[TEST C2-FST]
Processing dataset...
Done!
Building trie...
trie size: 4.445807 MB
Done!
build time: 2046.961282 ms (2046.961282 ns per key)
space cost: 22.510774 MB (65.567381% of original size 34.332275 MB)
Querying trie...
Done!
total time: 429.460602 ms, avg latency: 429.460602 ns
topology: 0.773712 MB, link: 3.131501 MB, data: 18.605560 MB
--- Unary Path Analysis (FST, cutoff=4) ---
  shared unary steps in main trie: 13682
  terminal suffixes: inplace=0 (avg len=0.00)  links=1000000 (100.0% of terminal)
  link len: avg=29.32  max=30  total_chars=29323284
  link length distribution (len:count):  24:2  25:10  26:206  28:3376  29:54458  30:556568  31:385380
2046.961282,22.510774,429.460602
[PASSED]
[time 3.18 s, user 2.95 s, sys 0.20 s, maxrss 361684 KB]
[busy 325 jiffies]
[exit 0]
--- c2 case 0 rec 2   load 0.55 0.72 0.71
[TEST C2-FST]
Processing dataset...
Done!
Building trie...
trie size: 4.445807 MB
Done!
build time: 2027.891417 ms (2027.891417 ns per key)
space cost: 22.510774 MB (65.567381% of original size 34.332275 MB)
Querying trie...
Done!
total time: 430.564717 ms, avg latency: 430.564717 ns
topology: 0.773712 MB, link: 3.131501 MB, data: 18.605560 MB
--- Unary Path Analysis (FST, cutoff=4) ---
  shared unary steps in main trie: 13682
  terminal suffixes: inplace=0 (avg len=0.00)  links=1000000 (100.0% of terminal)
  link len: avg=29.32  max=30  total_chars=29323284
  link length distribution (len:count):  24:2  25:10  26:206  28:3376  29:54458  30:556568  31:385380
2027.891417,22.510774,430.564717
[PASSED]
[time 3.14 s, user 2.95 s, sys 0.17 s, maxrss 362028 KB]
[busy 320 jiffies]
[exit 0]
--- c2 case 1 rec 0   load 0.58 0.73 0.71
[TEST C2-CoCo(LOUDS-Sparse)]
Processing dataset...
Done!
Building trie...
Done!
build time: 1452.595693 ms (1452.595693 ns per key)
space cost: 21.333610 MB (62.138642% of original size 34.332275 MB)
Querying trie...
Done!
total time: 488.961030 ms, avg latency: 488.961030 ns
topology: 0.346375 MB, link: 3.293192 MB, data: 17.694043 MB
1452.595693,21.333610,488.961030
[PASSED]
[time 2.63 s, user 2.38 s, sys 0.23 s, maxrss 431188 KB]
[busy 267 jiffies]
[exit 0]
--- c2 case 1 rec 1   load 0.62 0.73 0.72
[TEST C2-CoCo(LOUDS-Sparse)]
Processing dataset...
Done!
Building trie...
trie size: 4.445807 MB
Done!
build time: 2406.894853 ms (2406.894853 ns per key)
space cost: 21.333610 MB (62.138642% of original size 34.332275 MB)
Querying trie...
Done!
total time: 494.341971 ms, avg latency: 494.341971 ns
topology: 0.346375 MB, link: 3.293192 MB, data: 17.694043 MB
2406.894853,21.333610,494.341971
[PASSED]
[time 3.69 s, user 3.45 s, sys 0.22 s, maxrss 475104 KB]
[busy 376 jiffies]
[exit 0]
--- c2 case 1 rec 2   load 0.65 0.74 0.72
[TEST C2-CoCo(LOUDS-Sparse)]
Processing dataset...
Done!
Building trie...
trie size: 4.445807 MB
Done!
build time: 2397.433014 ms (2397.433014 ns per key)
space cost: 21.333610 MB (62.138642% of original size 34.332275 MB)
Querying trie...
Done!
total time: 484.647324 ms, avg latency: 484.647324 ns
topology: 0.346375 MB, link: 3.293192 MB, data: 17.694043 MB
2397.433014,21.333610,484.647324
[PASSED]
[time 3.58 s, user 3.32 s, sys 0.24 s, maxrss 475236 KB]
[busy 364 jiffies]
[exit 0]
--- c2 case 2 rec 0   load 0.68 0.74 0.72
[TEST C2-MARISA]
Processing dataset...
Done!
Building trie...
trie size: 1.966455 MB
Done!
build time: 1040.782744 ms (1040.782744 ns per key)
space cost: 21.883573 MB (63.740525% of original size 34.332275 MB)
Querying trie...
Done!
total time: 361.124800 ms, avg latency: 361.124800 ns
topology: 0.650684 MB, link: 2.984713 MB, data: 18.227668 MB
--- Unary Path Analysis (Marisa, cutoff=3) ---
  branches: 1358149  |  single-char: 345387 (25.4%)  short-unary: 12003 (0.9%)  links: 1000759 (73.7%)
  link len: avg=31.30  max=32  total_chars=31325722
  link length distribution (len:count):  3:655  4:51  5:49  6:4  25:2  26:10  27:206  29:3376  30:54458  31:556568  32:385380
  short unary avg len: 2.00
1040.782744,21.883573,361.124800
[PASSED]
[time 2.09 s, user 1.91 s, sys 0.17 s, maxrss 313416 KB]
[busy 226 jiffies]
[exit 0]
--- c2 case 2 rec 1   load 0.68 0.74 0.72
[TEST C2-MARISA]
Processing dataset...
Done!
Building trie...
trie size: 1.966455 MB
trie size: 4.448333 MB
Done!
build time: 1950.687240 ms (1950.687240 ns per key)
space cost: 21.883573 MB (63.740525% of original size 34.332275 MB)
Querying trie...
Done!
total time: 358.158105 ms, avg latency: 358.158105 ns
topology: 0.650684 MB, link: 2.984713 MB, data: 18.227668 MB
--- Unary Path Analysis (Marisa, cutoff=3) ---
  branches: 1358149  |  single-char: 345387 (25.4%)  short-unary: 12003 (0.9%)  links: 1000759 (73.7%)
  link len: avg=31.30  max=32  total_chars=31325722
  link length distribution (len:count):  3:655  4:51  5:49  6:4  25:2  26:10  27:206  29:3376  30:54458  31:556568  32:385380
  short unary avg len: 2.00
1950.687240,21.883573,358.158105
[PASSED]
[time 3.00 s, user 2.79 s, sys 0.20 s, maxrss 361800 KB]
[busy 304 jiffies]
[exit 0]
--- c2 case 2 rec 2   load 0.70 0.74 0.72
[TEST C2-MARISA]
Processing dataset...
Done!
Building trie...
trie size: 1.966455 MB
trie size: 4.448333 MB
Done!
build time: 1949.438875 ms (1949.438875 ns per key)
space cost: 21.883573 MB (63.740525% of original size 34.332275 MB)
Querying trie...
Done!
total time: 362.825065 ms, avg latency: 362.825065 ns
topology: 0.650684 MB, link: 2.984713 MB, data: 18.227668 MB
--- Unary Path Analysis (Marisa, cutoff=3) ---
  branches: 1358149  |  single-char: 345387 (25.4%)  short-unary: 12003 (0.9%)  links: 1000759 (73.7%)
  link len: avg=31.30  max=32  total_chars=31325722
  link length distribution (len:count):  3:655  4:51  5:49  6:4  25:2  26:10  27:206  29:3376  30:54458  31:556568  32:385380
  short unary avg len: 2.00
1949.438875,21.883573,362.825065
[PASSED]
[time 3.01 s, user 2.82 s, sys 0.17 s, maxrss 361772 KB]
[busy 305 jiffies]
[exit 0]
--- c2 case 3 rec 0   load 0.73 0.75 0.72
[TEST FST]
Processing dataset...
Done!
Building trie...
Done!
build time: 831.870742 ms (831.870742 ns per key)
space cost: 34.505507 MB (100.504572% of original size 34.332275 MB)
Querying trie...
Done!
total time: 450.684003 ms, avg latency: 450.684003 ns
not implemented
831.870742,34.505507,450.684003
[PASSED]
[time 1.98 s, user 1.85 s, sys 0.12 s, maxrss 207832 KB]
[busy 204 jiffies]
[exit 0]
--- c2 case 4 rec 0   load 0.67 0.74 0.72
terminate called after throwing an instance of 'std::bad_alloc'
  what():  std::bad_alloc
timeout: the monitored command dumped core
Command terminated by signal 6
[time 41.25 s, user 29.45 s, sys 11.58 s, maxrss 27995272 KB]
[busy 4208 jiffies]
[exit 134]
--- c2 case 5 rec 0   load 0.91 0.79 0.74
[TEST MARISA]
Processing dataset...
Done!
Building trie...
Done!
build time: 681.491800 ms (681.491800 ns per key)
space cost: 34.975940 MB (101.874808% of original size 34.332275 MB)
Querying trie...
Done!
total time: 519.981311 ms, avg latency: 519.981311 ns
not implemented
681.491800,34.975940,519.981311
[PASSED]
[time 1.91 s, user 1.72 s, sys 0.18 s, maxrss 282436 KB]
[busy 197 jiffies]
[exit 0]
--- c2 case 5 rec 1   load 0.84 0.77 0.74
[TEST MARISA]
Processing dataset...
Done!
Building trie...
Done!
build time: 1032.059502 ms (1032.059502 ns per key)
space cost: 33.974524 MB (98.957975% of original size 34.332275 MB)
Querying trie...
Done!
total time: 788.014410 ms, avg latency: 788.014410 ns
not implemented
1032.059502,33.974524,788.014410
[PASSED]
[time 2.49 s, user 2.32 s, sys 0.15 s, maxrss 251856 KB]
[busy 254 jiffies]
[exit 0]
--- c2 case 5 rec 2   load 0.84 0.77 0.74
[TEST MARISA]
Processing dataset...
Done!
Building trie...
Done!
build time: 1331.668245 ms (1331.668245 ns per key)
space cost: 32.972683 MB (96.039900% of original size 34.332275 MB)
Querying trie...
Done!
total time: 1129.650168 ms, avg latency: 1129.650168 ns
not implemented
1331.668245,32.972683,1129.650168
[PASSED]
[time 3.14 s, user 2.95 s, sys 0.18 s, maxrss 273364 KB]
[busy 322 jiffies]
[exit 0]
--- c2 case 6 rec 0   load 0.85 0.78 0.74
[TEST PDT]
Processing dataset...
Done!
Building trie...
dict size: 166618, stream size: 19935113
Done!
build time: 16612.547682 ms (16612.547682 ns per key)
space cost: 20.446564 MB (59.554933% of original size 34.332275 MB)
Querying trie...
Done!
total time: 718.111824 ms, avg latency: 718.111824 ns
not implemented
16612.547682,20.446564,718.111824
[PASSED]
[time 18.04 s, user 17.54 s, sys 0.42 s, maxrss 648524 KB]
[busy 1836 jiffies]
[exit 0]
--- c2 case 7 rec 0   load 0.89 0.79 0.74
[TEST ART]
Processing dataset...
Done!
Building trie...
Done!
build time: 187.018702 ms (187.018702 ns per key)
space cost: 25.565071 MB (74.463667% of original size 34.332275 MB)
Querying trie...
Done!
total time: 373.730257 ms, avg latency: 373.730257 ns
not implemented
187.018702,25.565071,373.730257
[PASSED]
[time 1.28 s, user 1.14 s, sys 0.13 s, maxrss 225468 KB]
[busy 134 jiffies]
[exit 0]
--- c2 case 8 rec 0   load 0.89 0.79 0.74
[TEST CART]
Processing dataset...
Done!
Building trie...
Done!
build time: 222.839544 ms (222.839544 ns per key)
space cost: 12.300360 MB (35.827394% of original size 34.332275 MB)
Querying trie...
Done!
total time: 367.727598 ms, avg latency: 367.727598 ns
not implemented
222.839544,12.300360,367.727598
[PASSED]
[time 1.31 s, user 1.19 s, sys 0.11 s, maxrss 214876 KB]
[busy 133 jiffies]
[exit 0]
--- xcdat 7   load 0.90 0.80 0.74
build time: 856.781983 ms
space cost: 36.820305 MiB (107.246911% of original size 34.332275 MiB)
avg latency: 339.952043 ns
856.781983,36.820305,339.952043
[time 1.88 s, user 1.75 s, sys 0.12 s, maxrss 231612 KB]
[busy 195 jiffies]
[exit 0]
--- xcdat 8   load 0.83 0.78 0.74
build time: 785.616784 ms
space cost: 36.200803 MiB (105.442481% of original size 34.332275 MiB)
avg latency: 345.223960 ns
785.616784,36.200803,345.223960
[time 1.82 s, user 1.67 s, sys 0.14 s, maxrss 231164 KB]
[busy 186 jiffies]
[exit 0]
--- xcdat 15   load 0.83 0.78 0.74
build time: 806.839485 ms
space cost: 37.074831 MiB (107.988272% of original size 34.332275 MiB)
avg latency: 336.355545 ns
806.839485,37.074831,336.355545
[time 1.84 s, user 1.69 s, sys 0.14 s, maxrss 230868 KB]
[busy 191 jiffies]
[exit 0]
--- xcdat 16   load 0.76 0.77 0.74
build time: 791.043282 ms
space cost: 37.473558 MiB (109.149650% of original size 34.332275 MiB)
avg latency: 339.667578 ns
791.043282,37.473558,339.667578
[time 1.82 s, user 1.67 s, sys 0.14 s, maxrss 231180 KB]
[busy 187 jiffies]
[exit 0]

##### uuid-1000000 (1000000 lines, 37000000 bytes)   round 2/3   2026-09-25T08:41:20+03:00
--- xcdat 16   load 0.76 0.77 0.74
build time: 782.344435 ms
space cost: 37.473558 MiB (109.149650% of original size 34.332275 MiB)
avg latency: 332.259899 ns
782.344435,37.473558,332.259899
[time 1.81 s, user 1.66 s, sys 0.14 s, maxrss 230956 KB]
[busy 184 jiffies]
[exit 0]
--- xcdat 15   load 0.78 0.77 0.74
build time: 804.612069 ms
space cost: 37.074831 MiB (107.988272% of original size 34.332275 MiB)
avg latency: 327.447065 ns
804.612069,37.074831,327.447065
[time 1.83 s, user 1.67 s, sys 0.15 s, maxrss 231076 KB]
[busy 188 jiffies]
[exit 0]
--- xcdat 8   load 0.78 0.77 0.74
build time: 784.335065 ms
space cost: 36.200803 MiB (105.442481% of original size 34.332275 MiB)
avg latency: 339.834723 ns
784.335065,36.200803,339.834723
[time 1.83 s, user 1.67 s, sys 0.14 s, maxrss 231104 KB]
[busy 187 jiffies]
[exit 0]
--- xcdat 7   load 0.80 0.78 0.74
build time: 859.922545 ms
space cost: 36.820305 MiB (107.246911% of original size 34.332275 MiB)
avg latency: 347.669696 ns
859.922545,36.820305,347.669696
[time 1.90 s, user 1.74 s, sys 0.15 s, maxrss 231660 KB]
[busy 197 jiffies]
[exit 0]
--- c2 case 8 rec 0   load 0.74 0.77 0.73
[TEST CART]
Processing dataset...
Done!
Building trie...
Done!
build time: 223.484836 ms (223.484836 ns per key)
space cost: 12.300360 MB (35.827394% of original size 34.332275 MB)
Querying trie...
Done!
total time: 371.065319 ms, avg latency: 371.065319 ns
not implemented
223.484836,12.300360,371.065319
[PASSED]
[time 1.32 s, user 1.21 s, sys 0.10 s, maxrss 214640 KB]
[busy 134 jiffies]
[exit 0]
--- c2 case 7 rec 0   load 0.74 0.77 0.73
[TEST ART]
Processing dataset...
Done!
Building trie...
Done!
build time: 187.272479 ms (187.272479 ns per key)
space cost: 25.565071 MB (74.463667% of original size 34.332275 MB)
Querying trie...
Done!
total time: 375.956170 ms, avg latency: 375.956170 ns
not implemented
187.272479,25.565071,375.956170
[PASSED]
[time 1.29 s, user 1.17 s, sys 0.11 s, maxrss 225148 KB]
[busy 134 jiffies]
[exit 0]
--- c2 case 6 rec 0   load 0.74 0.77 0.73
[TEST PDT]
Processing dataset...
Done!
Building trie...
dict size: 166618, stream size: 19935113
Done!
build time: 16623.392110 ms (16623.392110 ns per key)
space cost: 20.446564 MB (59.554933% of original size 34.332275 MB)
Querying trie...
Done!
total time: 719.632502 ms, avg latency: 719.632502 ns
not implemented
16623.392110,20.446564,719.632502
[PASSED]
[time 18.04 s, user 17.54 s, sys 0.42 s, maxrss 648552 KB]
[busy 1837 jiffies]
[exit 0]
--- c2 case 5 rec 2   load 0.81 0.78 0.74
[TEST MARISA]
Processing dataset...
Done!
Building trie...
Done!
build time: 1325.695030 ms (1325.695030 ns per key)
space cost: 32.972683 MB (96.039900% of original size 34.332275 MB)
Querying trie...
Done!
total time: 1124.360086 ms, avg latency: 1124.360086 ns
not implemented
1325.695030,32.972683,1124.360086
[PASSED]
[time 3.13 s, user 2.95 s, sys 0.16 s, maxrss 273520 KB]
[busy 319 jiffies]
[exit 0]
--- c2 case 5 rec 1   load 0.83 0.78 0.74
[TEST MARISA]
Processing dataset...
Done!
Building trie...
Done!
build time: 1038.157321 ms (1038.157321 ns per key)
space cost: 33.974524 MB (98.957975% of original size 34.332275 MB)
Querying trie...
Done!
total time: 791.313750 ms, avg latency: 791.313750 ns
not implemented
1038.157321,33.974524,791.313750
[PASSED]
[time 2.50 s, user 2.34 s, sys 0.14 s, maxrss 251736 KB]
[busy 256 jiffies]
[exit 0]
--- c2 case 5 rec 0   load 0.84 0.79 0.74
[TEST MARISA]
Processing dataset...
Done!
Building trie...
Done!
build time: 675.831033 ms (675.831033 ns per key)
space cost: 34.975940 MB (101.874808% of original size 34.332275 MB)
Querying trie...
Done!
total time: 518.404498 ms, avg latency: 518.404498 ns
not implemented
675.831033,34.975940,518.404498
[PASSED]
[time 1.90 s, user 1.72 s, sys 0.16 s, maxrss 282448 KB]
[busy 198 jiffies]
[exit 0]
--- c2 case 4 rec 0   skipped: exit 134 in round 1
--- c2 case 3 rec 0   load 0.84 0.79 0.74
[TEST FST]
Processing dataset...
Done!
Building trie...
Done!
build time: 825.494129 ms (825.494129 ns per key)
space cost: 34.505507 MB (100.504572% of original size 34.332275 MB)
Querying trie...
Done!
total time: 446.832685 ms, avg latency: 446.832685 ns
not implemented
825.494129,34.505507,446.832685
[PASSED]
[time 1.97 s, user 1.83 s, sys 0.13 s, maxrss 207680 KB]
[busy 205 jiffies]
[exit 0]
--- c2 case 2 rec 2   load 0.85 0.79 0.74
[TEST C2-MARISA]
Processing dataset...
Done!
Building trie...
trie size: 1.966455 MB
trie size: 4.448333 MB
Done!
build time: 1968.199208 ms (1968.199208 ns per key)
space cost: 21.883573 MB (63.740525% of original size 34.332275 MB)
Querying trie...
Done!
total time: 358.556484 ms, avg latency: 358.556484 ns
topology: 0.650684 MB, link: 2.984713 MB, data: 18.227668 MB
--- Unary Path Analysis (Marisa, cutoff=3) ---
  branches: 1358149  |  single-char: 345387 (25.4%)  short-unary: 12003 (0.9%)  links: 1000759 (73.7%)
  link len: avg=31.30  max=32  total_chars=31325722
  link length distribution (len:count):  3:655  4:51  5:49  6:4  25:2  26:10  27:206  29:3376  30:54458  31:556568  32:385380
  short unary avg len: 2.00
1968.199208,21.883573,358.556484
[PASSED]
[time 3.04 s, user 2.81 s, sys 0.21 s, maxrss 361836 KB]
[busy 312 jiffies]
[exit 0]
--- c2 case 2 rec 1   load 0.87 0.80 0.75
[TEST C2-MARISA]
Processing dataset...
Done!
Building trie...
trie size: 1.966455 MB
trie size: 4.448333 MB
Done!
build time: 1961.932893 ms (1961.932893 ns per key)
space cost: 21.883573 MB (63.740525% of original size 34.332275 MB)
Querying trie...
Done!
total time: 358.886684 ms, avg latency: 358.886684 ns
topology: 0.650684 MB, link: 2.984713 MB, data: 18.227668 MB
--- Unary Path Analysis (Marisa, cutoff=3) ---
  branches: 1358149  |  single-char: 345387 (25.4%)  short-unary: 12003 (0.9%)  links: 1000759 (73.7%)
  link len: avg=31.30  max=32  total_chars=31325722
  link length distribution (len:count):  3:655  4:51  5:49  6:4  25:2  26:10  27:206  29:3376  30:54458  31:556568  32:385380
  short unary avg len: 2.00
1961.932893,21.883573,358.886684
[PASSED]
[time 3.01 s, user 2.80 s, sys 0.20 s, maxrss 361896 KB]
[busy 311 jiffies]
[exit 0]
--- c2 case 2 rec 0   load 0.88 0.80 0.75
[TEST C2-MARISA]
Processing dataset...
Done!
Building trie...
trie size: 1.966455 MB
Done!
build time: 1025.475519 ms (1025.475519 ns per key)
space cost: 21.883573 MB (63.740525% of original size 34.332275 MB)
Querying trie...
Done!
total time: 361.823562 ms, avg latency: 361.823562 ns
topology: 0.650684 MB, link: 2.984713 MB, data: 18.227668 MB
--- Unary Path Analysis (Marisa, cutoff=3) ---
  branches: 1358149  |  single-char: 345387 (25.4%)  short-unary: 12003 (0.9%)  links: 1000759 (73.7%)
  link len: avg=31.30  max=32  total_chars=31325722
  link length distribution (len:count):  3:655  4:51  5:49  6:4  25:2  26:10  27:206  29:3376  30:54458  31:556568  32:385380
  short unary avg len: 2.00
1025.475519,21.883573,361.823562
[PASSED]
[time 2.08 s, user 1.89 s, sys 0.18 s, maxrss 313436 KB]
[busy 212 jiffies]
[exit 0]
--- c2 case 1 rec 2   load 0.88 0.80 0.75
[TEST C2-CoCo(LOUDS-Sparse)]
Processing dataset...
Done!
Building trie...
trie size: 4.445807 MB
Done!
build time: 2389.483104 ms (2389.483104 ns per key)
space cost: 21.333610 MB (62.138642% of original size 34.332275 MB)
Querying trie...
Done!
total time: 493.202470 ms, avg latency: 493.202470 ns
topology: 0.346375 MB, link: 3.293192 MB, data: 17.694043 MB
2389.483104,21.333610,493.202470
[PASSED]
[time 3.58 s, user 3.33 s, sys 0.23 s, maxrss 475144 KB]
[busy 365 jiffies]
[exit 0]
--- c2 case 1 rec 1   load 0.89 0.80 0.75
[TEST C2-CoCo(LOUDS-Sparse)]
Processing dataset...
Done!
Building trie...
trie size: 4.445807 MB
Done!
build time: 2401.881022 ms (2401.881022 ns per key)
space cost: 21.333610 MB (62.138642% of original size 34.332275 MB)
Querying trie...
Done!
total time: 492.952902 ms, avg latency: 492.952902 ns
topology: 0.346375 MB, link: 3.293192 MB, data: 17.694043 MB
2401.881022,21.333610,492.952902
[PASSED]
[time 3.59 s, user 3.33 s, sys 0.24 s, maxrss 474968 KB]
[busy 368 jiffies]
[exit 0]
--- c2 case 1 rec 0   load 0.90 0.81 0.75
[TEST C2-CoCo(LOUDS-Sparse)]
Processing dataset...
Done!
Building trie...
Done!
build time: 1453.795778 ms (1453.795778 ns per key)
space cost: 21.333610 MB (62.138642% of original size 34.332275 MB)
Querying trie...
Done!
total time: 504.822526 ms, avg latency: 504.822526 ns
topology: 0.346375 MB, link: 3.293192 MB, data: 17.694043 MB
1453.795778,21.333610,504.822526
[PASSED]
[time 2.65 s, user 2.42 s, sys 0.22 s, maxrss 430944 KB]
[busy 270 jiffies]
[exit 0]
--- c2 case 0 rec 2   load 0.90 0.81 0.75
[TEST C2-FST]
Processing dataset...
Done!
Building trie...
trie size: 4.445807 MB
Done!
build time: 2039.536420 ms (2039.536420 ns per key)
space cost: 22.510774 MB (65.567381% of original size 34.332275 MB)
Querying trie...
Done!
total time: 430.190503 ms, avg latency: 430.190503 ns
topology: 0.773712 MB, link: 3.131501 MB, data: 18.605560 MB
--- Unary Path Analysis (FST, cutoff=4) ---
  shared unary steps in main trie: 13682
  terminal suffixes: inplace=0 (avg len=0.00)  links=1000000 (100.0% of terminal)
  link len: avg=29.32  max=30  total_chars=29323284
  link length distribution (len:count):  24:2  25:10  26:206  28:3376  29:54458  30:556568  31:385380
2039.536420,22.510774,430.190503
[PASSED]
[time 3.16 s, user 2.97 s, sys 0.17 s, maxrss 362068 KB]
[busy 324 jiffies]
[exit 0]
--- c2 case 0 rec 1   load 0.83 0.80 0.75
[TEST C2-FST]
Processing dataset...
Done!
Building trie...
trie size: 4.445807 MB
Done!
build time: 2019.268323 ms (2019.268323 ns per key)
space cost: 22.510774 MB (65.567381% of original size 34.332275 MB)
Querying trie...
Done!
total time: 440.402203 ms, avg latency: 440.402203 ns
topology: 0.773712 MB, link: 3.131501 MB, data: 18.605560 MB
--- Unary Path Analysis (FST, cutoff=4) ---
  shared unary steps in main trie: 13682
  terminal suffixes: inplace=0 (avg len=0.00)  links=1000000 (100.0% of terminal)
  link len: avg=29.32  max=30  total_chars=29323284
  link length distribution (len:count):  24:2  25:10  26:206  28:3376  29:54458  30:556568  31:385380
2019.268323,22.510774,440.402203
[PASSED]
[time 3.15 s, user 2.95 s, sys 0.17 s, maxrss 362100 KB]
[busy 322 jiffies]
[exit 0]
--- c2 case 0 rec 0   load 0.83 0.80 0.75
[TEST C2-FST]
Processing dataset...
Done!
Building trie...
Done!
build time: 1101.853474 ms (1101.853474 ns per key)
space cost: 22.510774 MB (65.567381% of original size 34.332275 MB)
Querying trie...
Done!
total time: 434.272473 ms, avg latency: 434.272473 ns
topology: 0.773712 MB, link: 3.131501 MB, data: 18.605560 MB
--- Unary Path Analysis (FST, cutoff=4) ---
  shared unary steps in main trie: 13682
  terminal suffixes: inplace=0 (avg len=0.00)  links=1000000 (100.0% of terminal)
  link len: avg=29.32  max=30  total_chars=29323284
  link length distribution (len:count):  24:2  25:10  26:206  28:3376  29:54458  30:556568  31:385380
1101.853474,22.510774,434.272473
[PASSED]
[time 2.22 s, user 2.06 s, sys 0.14 s, maxrss 312056 KB]
[busy 225 jiffies]
[exit 0]
--- lexindex da   skipped: exit 3 in round 1
--- lexindex hashed16   load 0.85 0.80 0.75
1000000 keys
lexindex HashedDictIndex fp=16: build 329 ms, size 21.726 MiB (22.781 B/key), latency cold 68.8 ns, then mean 66.1 / min 65.8 ns
329.378,21.725836,68.821
[time 1.07 s, user 2.03 s, sys 0.38 s, maxrss 224792 KB]
[busy 250 jiffies]
[exit 0]
--- lexindex hashed8   load 0.78 0.79 0.74
1000000 keys
lexindex HashedDictIndex fp=8: build 333 ms, size 20.772 MiB (21.781 B/key), latency cold 65.5 ns, then mean 63.7 / min 63.5 ns
333.342,20.772161,65.532
[time 1.08 s, user 2.04 s, sys 0.42 s, maxrss 230504 KB]
[busy 252 jiffies]
[exit 0]
--- lexindex hashed0   load 0.78 0.79 0.74
1000000 keys
lexindex HashedDictIndex closed: build 331 ms, size 19.818 MiB (20.781 B/key), latency cold 55.7 ns, then mean 54.8 / min 54.6 ns
331.040,19.818487,55.732
[time 1.03 s, user 1.96 s, sys 0.42 s, maxrss 224276 KB]
[busy 245 jiffies]
[exit 0]
--- lexindex string   load 0.78 0.79 0.74
1000000 keys
lexindex StringIndex: build 2360 ms, size 35.389 MiB (37.108 B/key), latency cold 427.6 ns, then mean 424.6 / min 422.2 ns
2359.821,35.389391,427.629
[time 4.54 s, user 4.42 s, sys 0.10 s, maxrss 199316 KB]
[busy 462 jiffies]
[exit 0]
--- lexindex routed1024   load 0.80 0.79 0.75
1000000 keys
lexindex DictIndex block 1024 routed: build 217 ms, size 17.304 MiB (18.144 B/key), latency cold 361.1 ns, then mean 357.8 / min 356.4 ns
217.131,17.303509,361.105
[time 2.14 s, user 2.59 s, sys 0.20 s, maxrss 244828 KB]
[busy 286 jiffies]
[exit 0]
--- lexindex routed256   load 0.81 0.79 0.75
1000000 keys
lexindex DictIndex block 256 routed: build 230 ms, size 17.682 MiB (18.540 B/key), latency cold 350.9 ns, then mean 347.9 / min 346.9 ns
229.557,17.681571,350.882
[time 2.11 s, user 3.00 s, sys 0.43 s, maxrss 227364 KB]
[busy 353 jiffies]
[exit 0]
--- lexindex routed32   load 0.83 0.80 0.75
1000000 keys
lexindex DictIndex block 32 routed: build 227 ms, size 18.218 MiB (19.103 B/key), latency cold 375.1 ns, then mean 372.3 / min 371.0 ns
227.409,18.218188,375.134
[time 2.22 s, user 3.13 s, sys 0.40 s, maxrss 254864 KB]
[busy 362 jiffies]
[exit 0]
--- lexindex dict1024   load 0.83 0.80 0.75
1000000 keys
lexindex DictIndex block 1024: build 214 ms, size 17.065 MiB (17.894 B/key), latency cold 431.7 ns, then mean 428.0 / min 426.3 ns
213.895,17.064983,431.658
[time 2.41 s, user 2.85 s, sys 0.21 s, maxrss 244264 KB]
[busy 312 jiffies]
[exit 0]
--- lexindex dict256   load 0.84 0.80 0.75
1000000 keys
lexindex DictIndex block 256: build 228 ms, size 17.205 MiB (18.040 B/key), latency cold 405.9 ns, then mean 401.9 / min 401.3 ns
227.969,17.204642,405.938
[time 2.33 s, user 3.20 s, sys 0.33 s, maxrss 224920 KB]
[busy 365 jiffies]
[exit 0]
--- lexindex dict32   load 0.85 0.80 0.75
1000000 keys
lexindex DictIndex block 32: build 227 ms, size 17.741 MiB (18.603 B/key), latency cold 423.6 ns, then mean 422.8 / min 416.9 ns
226.819,17.741351,423.604
[time 2.42 s, user 3.28 s, sys 0.43 s, maxrss 254560 KB]
[busy 382 jiffies]
[exit 0]

##### urls-1000000 (1000000 lines, 53361181 bytes)   round 2/3   2026-09-25T08:43:16+03:00
--- xcdat 16   load 0.85 0.80 0.75
build time: 1139.343407 ms
space cost: 17.859698 MiB (35.765524% of original size 49.935513 MiB)
avg latency: 379.069050 ns
1139.343407,17.859698,379.069050
[time 2.32 s, user 2.14 s, sys 0.16 s, maxrss 231124 KB]
[busy 237 jiffies]
[exit 0]
--- xcdat 15   load 0.95 0.82 0.76
build time: 1174.824906 ms
space cost: 17.302892 MiB (34.650473% of original size 49.935513 MiB)
avg latency: 353.742154 ns
1174.824906,17.302892,353.742154
[time 2.33 s, user 2.16 s, sys 0.16 s, maxrss 231292 KB]
[busy 238 jiffies]
[exit 0]
--- xcdat 8   load 0.95 0.83 0.76
build time: 1145.873899 ms
space cost: 15.165496 MiB (30.370161% of original size 49.935513 MiB)
avg latency: 377.588077 ns
1145.873899,15.165496,377.588077
[time 2.32 s, user 2.13 s, sys 0.17 s, maxrss 231272 KB]
[busy 238 jiffies]
[exit 0]
--- xcdat 7   load 0.95 0.83 0.76
build time: 1173.646281 ms
space cost: 15.639350 MiB (31.319093% of original size 49.935513 MiB)
avg latency: 390.751856 ns
1173.646281,15.639350,390.751856
[time 2.35 s, user 2.20 s, sys 0.14 s, maxrss 231296 KB]
[busy 240 jiffies]
[exit 0]
--- c2 case 8 rec 0   load 0.95 0.83 0.76
[TEST CART]
Processing dataset...
Done!
Building trie...
Done!
build time: 362.166116 ms (362.166116 ns per key)
space cost: 15.060642 MB (30.160183% of original size 49.935513 MB)
Querying trie...
Done!
total time: 640.514265 ms, avg latency: 640.514265 ns
not implemented
362.166116,15.060642,640.514265
[PASSED]
[time 1.82 s, user 1.67 s, sys 0.13 s, maxrss 278236 KB]
[busy 188 jiffies]
[exit 0]
--- c2 case 7 rec 0   load 0.88 0.82 0.76
[TEST ART]
Processing dataset...
Done!
Building trie...
Done!
build time: 314.301886 ms (314.301886 ns per key)
space cost: 32.934517 MB (65.954097% of original size 49.935513 MB)
Querying trie...
Done!
total time: 604.396229 ms, avg latency: 604.396229 ns
not implemented
314.301886,32.934517,604.396229
[PASSED]
[time 1.73 s, user 1.59 s, sys 0.13 s, maxrss 291052 KB]
[busy 176 jiffies]
[exit 0]
--- c2 case 6 rec 0   load 0.88 0.82 0.76
[TEST PDT]
Processing dataset...
Done!
Building trie...
dict size: 156062, stream size: 7596722
Done!
build time: 3526.216320 ms (3526.216320 ns per key)
space cost: 8.669690 MB (17.361772% of original size 49.935513 MB)
Querying trie...
Done!
total time: 730.645546 ms, avg latency: 730.645546 ns
not implemented
3526.216320,8.669690,730.645546
[PASSED]
[time 5.05 s, user 4.84 s, sys 0.19 s, maxrss 299128 KB]
[busy 517 jiffies]
[exit 0]
--- c2 case 5 rec 2   load 0.89 0.82 0.76
[TEST MARISA]
Processing dataset...
Done!
Building trie...
Done!
build time: 1268.167301 ms (1268.167301 ns per key)
space cost: 8.005336 MB (16.031348% of original size 49.935513 MB)
Querying trie...
Done!
total time: 1015.812700 ms, avg latency: 1015.812700 ns
not implemented
1268.167301,8.005336,1015.812700
[PASSED]
[time 3.05 s, user 2.88 s, sys 0.15 s, maxrss 268184 KB]
[busy 310 jiffies]
[exit 0]
--- c2 case 5 rec 1   load 0.90 0.82 0.76
[TEST MARISA]
Processing dataset...
Done!
Building trie...
Done!
build time: 1214.988133 ms (1214.988133 ns per key)
space cost: 8.973619 MB (17.970414% of original size 49.935513 MB)
Querying trie...
Done!
total time: 868.293963 ms, avg latency: 868.293963 ns
not implemented
1214.988133,8.973619,868.293963
[PASSED]
[time 2.84 s, user 2.67 s, sys 0.16 s, maxrss 268076 KB]
[busy 288 jiffies]
[exit 0]
--- c2 case 5 rec 0   load 0.91 0.83 0.76
[TEST MARISA]
Processing dataset...
Done!
Building trie...
Done!
build time: 1035.267621 ms (1035.267621 ns per key)
space cost: 13.234698 MB (26.503579% of original size 49.935513 MB)
Querying trie...
Done!
total time: 579.374588 ms, avg latency: 579.374588 ns
not implemented
1035.267621,13.234698,579.374588
[PASSED]
[time 2.37 s, user 2.21 s, sys 0.15 s, maxrss 268004 KB]
[busy 243 jiffies]
[exit 0]
--- c2 case 4 rec 0   load 0.91 0.83 0.76
[TEST COCO]
Processing dataset...
Done!
Building trie...
num nodes = 618926, average depth = 10.757375
ef = 0.000126, pa = 0.112513, bv = 0.000294, de = 0.664175
efr = 0.000805, par = 0.102747, bvr = 0.000005, der = 0.119336
Done!
build time: 30714.148704 ms (30714.148704 ns per key)
space cost: 17.219774 MB (34.484023% of original size 49.935513 MB)
Querying trie...
Done!
total time: 1347.874221 ms, avg latency: 1347.874221 ns
not implemented
30714.148704,17.219774,1347.874221
[PASSED]
[time 33.84 s, user 27.13 s, sys 6.57 s, maxrss 15528844 KB]
[busy 3446 jiffies]
[exit 0]
--- c2 case 3 rec 0   load 0.87 0.83 0.77
[TEST FST]
Processing dataset...
Done!
Building trie...
Done!
build time: 1418.729276 ms (1418.729276 ns per key)
space cost: 12.952020 MB (25.937492% of original size 49.935513 MB)
Querying trie...
Done!
total time: 1198.889279 ms, avg latency: 1198.889279 ns
not implemented
1418.729276,12.952020,1198.889279
[PASSED]
[time 3.40 s, user 3.27 s, sys 0.11 s, maxrss 215216 KB]
[busy 347 jiffies]
[exit 0]
--- c2 case 2 rec 2   load 0.80 0.82 0.76
[TEST C2-MARISA]
Processing dataset...
Done!
Building trie...
trie size: 2.244002 MB
trie size: 3.864603 MB
trie size: 1.068947 MB
Done!
build time: 1738.547560 ms (1738.547560 ns per key)
space cost: 8.365690 MB (16.752987% of original size 49.935513 MB)
Querying trie...
Done!
total time: 691.750692 ms, avg latency: 691.750692 ns
topology: 1.410183 MB, link: 3.158367 MB, data: 3.776632 MB
--- Unary Path Analysis (Marisa, cutoff=3) ---
  branches: 1527762  |  single-char: 409800 (26.8%)  short-unary: 94203 (6.2%)  links: 1023759 (67.0%)
  link len: avg=12.97  max=598  total_chars=13282609
  link length distribution (len:count):  3:78091  4:83418  5:77115  6:71727  7:67342  8:60401  9:52007  10:48612  11:43341  12:39688  13:35797  14:31899  15:30173  16:27648  17:26857  18:22212  19:20563  20:21642  21:19617  22:17114  23:14842  24:13684  25:12695  26:11175  27:9829  28:8848  29:7935  30:7132  31:6445  32:5847  33:5055  34:4589  35:4148  36:3637  37:3382  38:3086  39:2567  40:2441  41:2168  42:1886  43:1827  44:1585  45:1405  46:1260  47:1016  48:995  49:861  50:844  51:650  52:616  53:486  54:450  55:392  56:393  57:345  58:266  59:265  60:240  61:230  62:219  63:185  64:166  65:151  66:119  67:125  68:158  69:131  70:105  71:94  72:74  73:75  74:77  75:68  76:66  77:74  78:40  79:49  80:44  81:45  82:43  83:48  84:36  85:31  86:35  87:40  88:19  89:24  90:15  91:18  92:31  93:24  94:20  95:16  96:16  97:16  98:12  99:16  100:14  101:17  102:16  103:2  104:18  105:4  106:3  107:10  108:11  109:9  110:19  111:13  112:7  113:6  114:5  115:3  116:8  117:5  118:6  119:8  120:10  121:11  122:9  123:10  124:8  125:9  126:7  127:5  128:7  129:18  130:5  131:4  132:10  133:3  134:4  135:4  136:4  137:4  138:4  140:2  141:3  142:2  143:2  144:4  145:7  146:1  147:5  148:5  149:1  150:4  151:4  153:1  154:6  155:3  156:1  157:2  158:1  159:1  160:1  162:2  163:1  164:2  165:1  166:1  167:1  168:3  169:3  171:1  175:1  178:2  181:3  183:2  184:1  185:2  189:1  190:3  191:1  192:1  193:1  194:1  195:1  196:2  200:1  203:2  205:2  207:1  208:1  210:2  212:1  214:1  216:2  220:1  221:1  223:1  225:1  226:1  227:1  230:1  234:1  237:1  239:2  241:1  242:1  247:1  248:1  250:1  253:1  255:1  257:1  261:1  265:1  272:1  312:1  338:1  384:1  507:1  598:1
  short unary avg len: 2.00
1738.547560,8.365690,691.750692
[PASSED]
[time 3.23 s, user 3.02 s, sys 0.19 s, maxrss 241992 KB]
[busy 331 jiffies]
[exit 0]
--- c2 case 2 rec 1   load 0.80 0.82 0.76
[TEST C2-MARISA]
Processing dataset...
Done!
Building trie...
trie size: 2.244002 MB
trie size: 3.864603 MB
Done!
build time: 1597.142281 ms (1597.142281 ns per key)
space cost: 8.779989 MB (17.582655% of original size 49.935513 MB)
Querying trie...
Done!
total time: 604.527637 ms, avg latency: 604.527637 ns
topology: 1.217873 MB, link: 3.069385 MB, data: 4.472224 MB
--- Unary Path Analysis (Marisa, cutoff=3) ---
  branches: 1527762  |  single-char: 409800 (26.8%)  short-unary: 94203 (6.2%)  links: 1023759 (67.0%)
  link len: avg=12.97  max=598  total_chars=13282609
  link length distribution (len:count):  3:78091  4:83418  5:77115  6:71727  7:67342  8:60401  9:52007  10:48612  11:43341  12:39688  13:35797  14:31899  15:30173  16:27648  17:26857  18:22212  19:20563  20:21642  21:19617  22:17114  23:14842  24:13684  25:12695  26:11175  27:9829  28:8848  29:7935  30:7132  31:6445  32:5847  33:5055  34:4589  35:4148  36:3637  37:3382  38:3086  39:2567  40:2441  41:2168  42:1886  43:1827  44:1585  45:1405  46:1260  47:1016  48:995  49:861  50:844  51:650  52:616  53:486  54:450  55:392  56:393  57:345  58:266  59:265  60:240  61:230  62:219  63:185  64:166  65:151  66:119  67:125  68:158  69:131  70:105  71:94  72:74  73:75  74:77  75:68  76:66  77:74  78:40  79:49  80:44  81:45  82:43  83:48  84:36  85:31  86:35  87:40  88:19  89:24  90:15  91:18  92:31  93:24  94:20  95:16  96:16  97:16  98:12  99:16  100:14  101:17  102:16  103:2  104:18  105:4  106:3  107:10  108:11  109:9  110:19  111:13  112:7  113:6  114:5  115:3  116:8  117:5  118:6  119:8  120:10  121:11  122:9  123:10  124:8  125:9  126:7  127:5  128:7  129:18  130:5  131:4  132:10  133:3  134:4  135:4  136:4  137:4  138:4  140:2  141:3  142:2  143:2  144:4  145:7  146:1  147:5  148:5  149:1  150:4  151:4  153:1  154:6  155:3  156:1  157:2  158:1  159:1  160:1  162:2  163:1  164:2  165:1  166:1  167:1  168:3  169:3  171:1  175:1  178:2  181:3  183:2  184:1  185:2  189:1  190:3  191:1  192:1  193:1  194:1  195:1  196:2  200:1  203:2  205:2  207:1  208:1  210:2  212:1  214:1  216:2  220:1  221:1  223:1  225:1  226:1  227:1  230:1  234:1  237:1  239:2  241:1  242:1  247:1  248:1  250:1  253:1  255:1  257:1  261:1  265:1  272:1  312:1  338:1  384:1  507:1  598:1
  short unary avg len: 2.00
1597.142281,8.779989,604.527637
[PASSED]
[time 3.00 s, user 2.79 s, sys 0.19 s, maxrss 242316 KB]
[busy 306 jiffies]
[exit 0]
--- c2 case 2 rec 0   load 0.82 0.82 0.76
[TEST C2-MARISA]
Processing dataset...
Done!
Building trie...
trie size: 2.244002 MB
Done!
build time: 1172.316331 ms (1172.316331 ns per key)
space cost: 10.960715 MB (21.949740% of original size 49.935513 MB)
Querying trie...
Done!
total time: 448.635454 ms, avg latency: 448.635454 ns
topology: 0.743214 MB, link: 2.809175 MB, data: 7.387818 MB
--- Unary Path Analysis (Marisa, cutoff=3) ---
  branches: 1527762  |  single-char: 409800 (26.8%)  short-unary: 94203 (6.2%)  links: 1023759 (67.0%)
  link len: avg=12.97  max=598  total_chars=13282609
  link length distribution (len:count):  3:78091  4:83418  5:77115  6:71727  7:67342  8:60401  9:52007  10:48612  11:43341  12:39688  13:35797  14:31899  15:30173  16:27648  17:26857  18:22212  19:20563  20:21642  21:19617  22:17114  23:14842  24:13684  25:12695  26:11175  27:9829  28:8848  29:7935  30:7132  31:6445  32:5847  33:5055  34:4589  35:4148  36:3637  37:3382  38:3086  39:2567  40:2441  41:2168  42:1886  43:1827  44:1585  45:1405  46:1260  47:1016  48:995  49:861  50:844  51:650  52:616  53:486  54:450  55:392  56:393  57:345  58:266  59:265  60:240  61:230  62:219  63:185  64:166  65:151  66:119  67:125  68:158  69:131  70:105  71:94  72:74  73:75  74:77  75:68  76:66  77:74  78:40  79:49  80:44  81:45  82:43  83:48  84:36  85:31  86:35  87:40  88:19  89:24  90:15  91:18  92:31  93:24  94:20  95:16  96:16  97:16  98:12  99:16  100:14  101:17  102:16  103:2  104:18  105:4  106:3  107:10  108:11  109:9  110:19  111:13  112:7  113:6  114:5  115:3  116:8  117:5  118:6  119:8  120:10  121:11  122:9  123:10  124:8  125:9  126:7  127:5  128:7  129:18  130:5  131:4  132:10  133:3  134:4  135:4  136:4  137:4  138:4  140:2  141:3  142:2  143:2  144:4  145:7  146:1  147:5  148:5  149:1  150:4  151:4  153:1  154:6  155:3  156:1  157:2  158:1  159:1  160:1  162:2  163:1  164:2  165:1  166:1  167:1  168:3  169:3  171:1  175:1  178:2  181:3  183:2  184:1  185:2  189:1  190:3  191:1  192:1  193:1  194:1  195:1  196:2  200:1  203:2  205:2  207:1  208:1  210:2  212:1  214:1  216:2  220:1  221:1  223:1  225:1  226:1  227:1  230:1  234:1  237:1  239:2  241:1  242:1  247:1  248:1  250:1  253:1  255:1  257:1  261:1  265:1  272:1  312:1  338:1  384:1  507:1  598:1
  short unary avg len: 2.00
1172.316331,10.960715,448.635454
[PASSED]
[time 2.40 s, user 2.21 s, sys 0.18 s, maxrss 247036 KB]
[busy 244 jiffies]
[exit 0]
--- c2 case 1 rec 2   load 0.83 0.83 0.77
[TEST C2-CoCo(LOUDS-Sparse)]
Processing dataset...
Done!
Building trie...
trie size: 3.124794 MB
trie size: 0.926831 MB
Done!
build time: 2956.797261 ms (2956.797261 ns per key)
space cost: 10.138867 MB (20.303920% of original size 49.935513 MB)
Querying trie...
Done!
total time: 1002.889163 ms, avg latency: 1002.889163 ns
topology: 0.827824 MB, link: 3.419642 MB, data: 5.891401 MB
2956.797261,10.138867,1002.889163
[PASSED]
[time 4.75 s, user 4.51 s, sys 0.22 s, maxrss 398052 KB]
[busy 485 jiffies]
[exit 0]
--- c2 case 1 rec 1   load 0.85 0.83 0.77
[TEST C2-CoCo(LOUDS-Sparse)]
Processing dataset...
Done!
Building trie...
trie size: 3.124794 MB
Done!
build time: 2810.672344 ms (2810.672344 ns per key)
space cost: 10.138867 MB (20.303920% of original size 49.935513 MB)
Querying trie...
Done!
total time: 1002.730765 ms, avg latency: 1002.730765 ns
topology: 0.827824 MB, link: 3.419642 MB, data: 5.891401 MB
2810.672344,10.138867,1002.730765
[PASSED]
[time 4.59 s, user 4.35 s, sys 0.22 s, maxrss 398456 KB]
[busy 470 jiffies]
[exit 0]
--- c2 case 1 rec 0   load 0.86 0.83 0.77
[TEST C2-CoCo(LOUDS-Sparse)]
Processing dataset...
Done!
Building trie...
Done!
build time: 2471.780988 ms (2471.780988 ns per key)
space cost: 12.005466 MB (24.041940% of original size 49.935513 MB)
Querying trie...
Done!
total time: 865.091906 ms, avg latency: 865.091906 ns
topology: 0.422745 MB, link: 3.209543 MB, data: 8.373178 MB
2471.780988,12.005466,865.091906
[PASSED]
[time 4.10 s, user 3.88 s, sys 0.21 s, maxrss 408120 KB]
[busy 418 jiffies]
[exit 0]
--- c2 case 0 rec 2   load 0.87 0.83 0.77
[TEST C2-FST]
Processing dataset...
Done!
Building trie...
trie size: 3.124794 MB
trie size: 0.926831 MB
Done!
build time: 1681.497778 ms (1681.497778 ns per key)
space cost: 9.773470 MB (19.572183% of original size 49.935513 MB)
Querying trie...
Done!
total time: 952.106710 ms, avg latency: 952.106710 ns
topology: 1.480076 MB, link: 2.557474 MB, data: 5.735920 MB
--- Unary Path Analysis (FST, cutoff=4) ---
  shared unary steps in main trie: 711966
  terminal suffixes: inplace=143732 (avg len=2.14)  links=800966 (84.8% of terminal)
  link len: avg=13.15  max=596  total_chars=10531952
  link length distribution (len:count):  4:63058  5:62039  6:59659  7:54131  8:47449  9:44821  10:40952  11:37727  12:34320  13:30594  14:29226  15:26885  16:26206  17:21450  18:19914  19:21120  20:19131  21:16702  22:14529  23:13405  24:12440  25:10970  26:9615  27:8669  28:7752  29:7002  30:6267  31:5704  32:4931  33:4493  34:4087  35:3562  36:3323  37:3007  38:2533  39:2401  40:2145  41:1856  42:1793  43:1565  44:1379  45:1246  46:1005  47:985  48:849  49:826  50:642  51:609  52:482  53:442  54:385  55:389  56:339  57:263  58:263  59:238  60:228  61:217  62:184  63:166  64:151  65:119  66:125  67:156  68:131  69:105  70:94  71:74  72:74  73:77  74:67  75:66  76:74  77:39  78:49  79:44  80:45  81:42  82:48  83:36  84:31  85:34  86:39  87:18  88:23  89:15  90:18  91:31  92:24  93:20  94:16  95:16  96:16  97:12  98:16  99:14  100:17  101:16  102:2  103:18  104:4  105:3  106:10  107:11  108:9  109:19  110:13  111:7  112:6  113:5  114:3  115:8  116:5  117:6  118:7  119:10  120:11  121:9  122:10  123:8  124:9  125:7  126:5  127:7  128:18  129:5  130:4  131:10  132:3  133:4  134:4  135:4  136:3  137:4  139:2  140:3  141:2  142:2  143:4  144:7  145:1  146:5  147:5  148:1  149:4  150:4  152:1  153:6  154:3  155:1  156:2  157:1  158:1  159:1  161:2  162:1  163:2  164:1  165:1  166:1  167:3  168:3  170:1  174:1  177:2  180:3  182:2  183:1  184:2  188:1  189:3  190:1  191:1  192:1  193:1  194:1  195:2  199:1  202:2  204:2  206:1  207:1  209:2  211:1  213:1  215:2  219:1  220:1  222:1  224:1  225:1  226:1  229:1  233:1  236:1  238:2  240:1  241:1  246:1  247:1  249:1  252:1  254:1  256:1  260:1  264:1  271:1  311:1  337:1  383:1  506:1  597:1
1681.497778,9.773470,952.106710
[PASSED]
[time 3.41 s, user 3.23 s, sys 0.17 s, maxrss 228176 KB]
[busy 346 jiffies]
[exit 0]
--- c2 case 0 rec 1   load 0.88 0.84 0.77
[TEST C2-FST]
Processing dataset...
Done!
Building trie...
trie size: 3.124794 MB
Done!
build time: 1544.301811 ms (1544.301811 ns per key)
space cost: 9.773470 MB (19.572183% of original size 49.935513 MB)
Querying trie...
Done!
total time: 944.060078 ms, avg latency: 944.060078 ns
topology: 1.480076 MB, link: 2.557474 MB, data: 5.735920 MB
--- Unary Path Analysis (FST, cutoff=4) ---
  shared unary steps in main trie: 711966
  terminal suffixes: inplace=143732 (avg len=2.14)  links=800966 (84.8% of terminal)
  link len: avg=13.15  max=596  total_chars=10531952
  link length distribution (len:count):  4:63058  5:62039  6:59659  7:54131  8:47449  9:44821  10:40952  11:37727  12:34320  13:30594  14:29226  15:26885  16:26206  17:21450  18:19914  19:21120  20:19131  21:16702  22:14529  23:13405  24:12440  25:10970  26:9615  27:8669  28:7752  29:7002  30:6267  31:5704  32:4931  33:4493  34:4087  35:3562  36:3323  37:3007  38:2533  39:2401  40:2145  41:1856  42:1793  43:1565  44:1379  45:1246  46:1005  47:985  48:849  49:826  50:642  51:609  52:482  53:442  54:385  55:389  56:339  57:263  58:263  59:238  60:228  61:217  62:184  63:166  64:151  65:119  66:125  67:156  68:131  69:105  70:94  71:74  72:74  73:77  74:67  75:66  76:74  77:39  78:49  79:44  80:45  81:42  82:48  83:36  84:31  85:34  86:39  87:18  88:23  89:15  90:18  91:31  92:24  93:20  94:16  95:16  96:16  97:12  98:16  99:14  100:17  101:16  102:2  103:18  104:4  105:3  106:10  107:11  108:9  109:19  110:13  111:7  112:6  113:5  114:3  115:8  116:5  117:6  118:7  119:10  120:11  121:9  122:10  123:8  124:9  125:7  126:5  127:7  128:18  129:5  130:4  131:10  132:3  133:4  134:4  135:4  136:3  137:4  139:2  140:3  141:2  142:2  143:4  144:7  145:1  146:5  147:5  148:1  149:4  150:4  152:1  153:6  154:3  155:1  156:2  157:1  158:1  159:1  161:2  162:1  163:2  164:1  165:1  166:1  167:3  168:3  170:1  174:1  177:2  180:3  182:2  183:1  184:2  188:1  189:3  190:1  191:1  192:1  193:1  194:1  195:2  199:1  202:2  204:2  206:1  207:1  209:2  211:1  213:1  215:2  219:1  220:1  222:1  224:1  225:1  226:1  229:1  233:1  236:1  238:2  240:1  241:1  246:1  247:1  249:1  252:1  254:1  256:1  260:1  264:1  271:1  311:1  337:1  383:1  506:1  597:1
1544.301811,9.773470,944.060078
[PASSED]
[time 3.28 s, user 3.09 s, sys 0.17 s, maxrss 228144 KB]
[busy 336 jiffies]
[exit 0]
--- c2 case 0 rec 0   load 0.89 0.84 0.77
[TEST C2-FST]
Processing dataset...
Done!
Building trie...
Done!
build time: 1210.543330 ms (1210.543330 ns per key)
space cost: 11.640069 MB (23.310202% of original size 49.935513 MB)
Querying trie...
Done!
total time: 799.817247 ms, avg latency: 799.817247 ns
topology: 1.074997 MB, link: 2.347375 MB, data: 8.217697 MB
--- Unary Path Analysis (FST, cutoff=4) ---
  shared unary steps in main trie: 711966
  terminal suffixes: inplace=143732 (avg len=2.14)  links=800966 (84.8% of terminal)
  link len: avg=13.15  max=596  total_chars=10531952
  link length distribution (len:count):  4:63058  5:62039  6:59659  7:54131  8:47449  9:44821  10:40952  11:37727  12:34320  13:30594  14:29226  15:26885  16:26206  17:21450  18:19914  19:21120  20:19131  21:16702  22:14529  23:13405  24:12440  25:10970  26:9615  27:8669  28:7752  29:7002  30:6267  31:5704  32:4931  33:4493  34:4087  35:3562  36:3323  37:3007  38:2533  39:2401  40:2145  41:1856  42:1793  43:1565  44:1379  45:1246  46:1005  47:985  48:849  49:826  50:642  51:609  52:482  53:442  54:385  55:389  56:339  57:263  58:263  59:238  60:228  61:217  62:184  63:166  64:151  65:119  66:125  67:156  68:131  69:105  70:94  71:74  72:74  73:77  74:67  75:66  76:74  77:39  78:49  79:44  80:45  81:42  82:48  83:36  84:31  85:34  86:39  87:18  88:23  89:15  90:18  91:31  92:24  93:20  94:16  95:16  96:16  97:12  98:16  99:14  100:17  101:16  102:2  103:18  104:4  105:3  106:10  107:11  108:9  109:19  110:13  111:7  112:6  113:5  114:3  115:8  116:5  117:6  118:7  119:10  120:11  121:9  122:10  123:8  124:9  125:7  126:5  127:7  128:18  129:5  130:4  131:10  132:3  133:4  134:4  135:4  136:3  137:4  139:2  140:3  141:2  142:2  143:4  144:7  145:1  146:5  147:5  148:1  149:4  150:4  152:1  153:6  154:3  155:1  156:2  157:1  158:1  159:1  161:2  162:1  163:2  164:1  165:1  166:1  167:3  168:3  170:1  174:1  177:2  180:3  182:2  183:1  184:2  188:1  189:3  190:1  191:1  192:1  193:1  194:1  195:2  199:1  202:2  204:2  206:1  207:1  209:2  211:1  213:1  215:2  219:1  220:1  222:1  224:1  225:1  226:1  229:1  233:1  236:1  238:2  240:1  241:1  246:1  247:1  249:1  252:1  254:1  256:1  260:1  264:1  271:1  311:1  337:1  383:1  506:1  597:1
1210.543330,11.640069,799.817247
[PASSED]
[time 2.80 s, user 2.62 s, sys 0.16 s, maxrss 231276 KB]
[busy 287 jiffies]
[exit 0]
--- lexindex da   skipped: exit 3 in round 1
--- lexindex hashed16   load 0.90 0.84 0.77
1000000 keys
lexindex HashedDictIndex fp=16: build 532 ms, size 11.684 MiB (12.251 B/key), latency cold 72.0 ns, then mean 70.2 / min 70.0 ns
532.170,11.683940,71.963
[time 1.39 s, user 4.13 s, sys 0.37 s, maxrss 325908 KB]
[busy 459 jiffies]
[exit 0]
--- lexindex hashed8   load 0.90 0.84 0.77
1000000 keys
lexindex HashedDictIndex fp=8: build 534 ms, size 10.730 MiB (11.251 B/key), latency cold 70.5 ns, then mean 68.9 / min 68.7 ns
533.967,10.730266,70.513
[time 1.39 s, user 4.13 s, sys 0.41 s, maxrss 325548 KB]
[busy 466 jiffies]
[exit 0]
--- lexindex hashed0   load 0.83 0.83 0.77
1000000 keys
lexindex HashedDictIndex closed: build 533 ms, size 9.777 MiB (10.251 B/key), latency cold 58.6 ns, then mean 57.4 / min 57.3 ns
532.599,9.776591,58.608
[time 1.34 s, user 4.02 s, sys 0.40 s, maxrss 324288 KB]
[busy 451 jiffies]
[exit 0]
--- lexindex string   load 0.83 0.83 0.77
1000000 keys
lexindex StringIndex: build 1098 ms, size 16.099 MiB (16.881 B/key), latency cold 425.9 ns, then mean 425.0 / min 423.8 ns
1098.303,16.099341,425.888
[time 3.36 s, user 3.24 s, sys 0.10 s, maxrss 220520 KB]
[busy 342 jiffies]
[exit 0]
--- lexindex routed1024   load 0.84 0.83 0.77
1000000 keys
lexindex DictIndex block 1024 routed: build 447 ms, size 7.173 MiB (7.521 B/key), latency cold 408.3 ns, then mean 404.4 / min 403.4 ns
446.689,7.172729,408.276
[time 2.65 s, user 4.34 s, sys 0.31 s, maxrss 329660 KB]
[busy 475 jiffies]
[exit 0]
--- lexindex routed256   load 0.85 0.83 0.77
1000000 keys
lexindex DictIndex block 256 routed: build 422 ms, size 7.640 MiB (8.011 B/key), latency cold 383.1 ns, then mean 382.9 / min 381.8 ns
421.932,7.640013,383.090
[time 2.55 s, user 5.29 s, sys 0.38 s, maxrss 321996 KB]
[busy 578 jiffies]
[exit 0]
--- lexindex routed32   load 0.85 0.83 0.77
1000000 keys
lexindex DictIndex block 32 routed: build 411 ms, size 8.891 MiB (9.323 B/key), latency cold 411.6 ns, then mean 405.9 / min 404.6 ns
410.950,8.891248,411.551
[time 2.63 s, user 5.29 s, sys 0.39 s, maxrss 325332 KB]
[busy 580 jiffies]
[exit 0]
--- lexindex dict1024   load 0.87 0.84 0.77
1000000 keys
lexindex DictIndex block 1024: build 442 ms, size 6.934 MiB (7.271 B/key), latency cold 501.9 ns, then mean 498.0 / min 497.7 ns
442.470,6.934203,501.867
[time 3.02 s, user 4.72 s, sys 0.32 s, maxrss 333660 KB]
[busy 515 jiffies]
[exit 0]
--- lexindex dict256   load 0.88 0.84 0.78
1000000 keys
lexindex DictIndex block 256: build 415 ms, size 7.163 MiB (7.511 B/key), latency cold 453.8 ns, then mean 445.6 / min 443.8 ns
414.506,7.163084,453.797
[time 2.79 s, user 5.56 s, sys 0.38 s, maxrss 322460 KB]
[busy 609 jiffies]
[exit 0]
--- lexindex dict32   load 0.89 0.84 0.78
1000000 keys
lexindex DictIndex block 32: build 410 ms, size 8.414 MiB (8.823 B/key), latency cold 441.1 ns, then mean 435.4 / min 432.8 ns
409.610,8.414411,441.051
[time 2.75 s, user 5.40 s, sys 0.38 s, maxrss 325748 KB]
[busy 591 jiffies]
[exit 0]

##### titles-zh-1000000 (1000000 lines, 17871822 bytes)   round 2/3   2026-09-25T08:45:46+03:00
--- xcdat 16   load 0.82 0.83 0.77
build time: 508.303356 ms
space cost: 13.463712 MiB (83.676351% of original size 16.090223 MiB)
avg latency: 202.137210 ns
508.303356,13.463712,202.137210
[time 1.22 s, user 1.12 s, sys 0.09 s, maxrss 149300 KB]
[busy 122 jiffies]
[exit 0]
--- xcdat 15   load 0.82 0.83 0.77
build time: 536.241930 ms
space cost: 12.949578 MiB (80.481035% of original size 16.090223 MiB)
avg latency: 193.564949 ns
536.241930,12.949578,193.564949
[time 1.24 s, user 1.13 s, sys 0.10 s, maxrss 148572 KB]
[busy 128 jiffies]
[exit 0]
--- xcdat 8   load 0.82 0.83 0.77
build time: 508.431647 ms
space cost: 11.129195 MiB (69.167438% of original size 16.090223 MiB)
avg latency: 213.334502 ns
508.431647,11.129195,213.334502
[time 1.23 s, user 1.13 s, sys 0.08 s, maxrss 147896 KB]
[busy 126 jiffies]
[exit 0]
--- xcdat 7   load 0.83 0.83 0.77
build time: 553.107335 ms
space cost: 11.666194 MiB (72.504860% of original size 16.090223 MiB)
avg latency: 219.494257 ns
553.107335,11.666194,219.494257
[time 1.27 s, user 1.17 s, sys 0.09 s, maxrss 148084 KB]
[busy 129 jiffies]
[exit 0]
--- c2 case 8 rec 0   load 0.83 0.83 0.77
[TEST CART]
Processing dataset...
Done!
Building trie...
Done!
build time: 180.609623 ms (180.609623 ns per key)
space cost: 15.100161 MB (93.846806% of original size 16.090223 MB)
Querying trie...
Done!
total time: 411.281576 ms, avg latency: 411.281576 ns
not implemented
180.609623,15.100161,411.281576
[PASSED]
[time 1.10 s, user 1.02 s, sys 0.07 s, maxrss 146928 KB]
[busy 112 jiffies]
[exit 0]
--- c2 case 7 rec 0   load 0.85 0.84 0.78
[TEST ART]
Processing dataset...
Done!
Building trie...
Done!
build time: 134.134965 ms (134.134965 ns per key)
space cost: 33.565483 MB (208.607938% of original size 16.090223 MB)
Querying trie...
Done!
total time: 337.543463 ms, avg latency: 337.543463 ns
not implemented
134.134965,33.565483,337.543463
[PASSED]
[time 0.96 s, user 0.88 s, sys 0.08 s, maxrss 155880 KB]
[busy 98 jiffies]
[exit 0]
--- c2 case 6 rec 0   load 0.85 0.84 0.78
[TEST PDT]
Processing dataset...
Done!
Building trie...
dict size: 161960, stream size: 6363323
Done!
build time: 3087.118360 ms (3087.118360 ns per key)
space cost: 7.499054 MB (46.606276% of original size 16.090223 MB)
Querying trie...
Done!
total time: 608.533415 ms, avg latency: 608.533415 ns
not implemented
3087.118360,7.499054,608.533415
[PASSED]
[time 4.18 s, user 4.07 s, sys 0.09 s, maxrss 166648 KB]
[busy 428 jiffies]
[exit 0]
--- c2 case 5 rec 2   load 0.86 0.84 0.78
[TEST MARISA]
Processing dataset...
Done!
Building trie...
Done!
build time: 677.611902 ms (677.611902 ns per key)
space cost: 6.233802 MB (38.742793% of original size 16.090223 MB)
Querying trie...
Done!
total time: 761.390714 ms, avg latency: 761.390714 ns
not implemented
677.611902,6.233802,761.390714
[PASSED]
[time 1.92 s, user 1.80 s, sys 0.10 s, maxrss 182272 KB]
[busy 196 jiffies]
[exit 0]
--- c2 case 5 rec 1   load 0.87 0.84 0.78
[TEST MARISA]
Processing dataset...
Done!
Building trie...
Done!
build time: 646.671647 ms (646.671647 ns per key)
space cost: 6.703102 MB (41.659472% of original size 16.090223 MB)
Querying trie...
Done!
total time: 672.646501 ms, avg latency: 672.646501 ns
not implemented
646.671647,6.703102,672.646501
[PASSED]
[time 1.82 s, user 1.69 s, sys 0.12 s, maxrss 182188 KB]
[busy 188 jiffies]
[exit 0]
--- c2 case 5 rec 0   load 0.87 0.84 0.78
[TEST MARISA]
Processing dataset...
Done!
Building trie...
Done!
build time: 529.481545 ms (529.481545 ns per key)
space cost: 9.064179 MB (56.333459% of original size 16.090223 MB)
Querying trie...
Done!
total time: 454.517227 ms, avg latency: 454.517227 ns
not implemented
529.481545,9.064179,454.517227
[PASSED]
[time 1.47 s, user 1.35 s, sys 0.11 s, maxrss 182244 KB]
[busy 150 jiffies]
[exit 0]
--- c2 case 4 rec 0   skipped: exit 134 in round 1
--- c2 case 3 rec 0   load 0.88 0.84 0.78
[TEST FST]
Processing dataset...
Done!
Building trie...
Done!
build time: 659.903483 ms (659.903483 ns per key)
space cost: 9.251146 MB (57.495450% of original size 16.090223 MB)
Querying trie...
Done!
total time: 608.093307 ms, avg latency: 608.093307 ns
not implemented
659.903483,9.251146,608.093307
[PASSED]
[time 1.77 s, user 1.69 s, sys 0.07 s, maxrss 110912 KB]
[busy 183 jiffies]
[exit 0]
--- c2 case 2 rec 2   load 0.88 0.84 0.78
[TEST C2-MARISA]
Processing dataset...
Done!
Building trie...
trie size: 2.376703 MB
trie size: 3.200656 MB
trie size: 0.643222 MB
Done!
build time: 1006.765217 ms (1006.765217 ns per key)
space cost: 7.215687 MB (44.845163% of original size 16.090223 MB)
Querying trie...
Done!
total time: 279.970388 ms, avg latency: 279.970388 ns
topology: 1.146584 MB, link: 2.476871 MB, data: 3.571725 MB
--- Unary Path Analysis (Marisa, cutoff=3) ---
  branches: 1581104  |  single-char: 512959 (32.4%)  short-unary: 177539 (11.2%)  links: 890606 (56.3%)
  link len: avg=9.57  max=221  total_chars=8521548
  link length distribution (len:count):  3:117743  4:70413  5:118917  6:85174  7:37680  8:75877  9:57977  10:30193  11:47337  12:41279  13:18765  14:27062  15:25994  16:13620  17:18901  18:18001  19:8082  20:11948  21:10483  22:5017  23:8072  24:6695  25:3249  26:5099  27:4017  28:2164  29:3054  30:2749  31:1341  32:2116  33:1821  34:942  35:1314  36:1256  37:587  38:865  39:798  40:341  41:600  42:486  43:231  44:401  45:290  46:126  47:187  48:184  49:84  50:123  51:115  52:56  53:77  54:82  55:43  56:74  57:60  58:29  59:35  60:27  61:10  62:32  63:19  64:19  65:20  66:11  67:19  68:16  69:13  70:6  71:14  72:16  73:6  74:9  75:5  76:5  77:7  78:5  79:2  80:17  81:2  82:7  83:8  84:7  85:3  86:7  87:7  88:3  89:3  90:2  91:4  92:3  93:3  94:1  95:1  96:4  97:5  98:1  99:4  102:2  103:1  104:1  105:1  107:2  108:1  113:2  114:1  116:1  117:1  121:1  122:1  123:1  125:1  131:1  139:1  149:1  152:1  156:2  185:1  189:1  205:1  221:1
  short unary avg len: 2.00
1006.765217,7.215687,279.970388
[PASSED]
[time 1.77 s, user 1.61 s, sys 0.15 s, maxrss 216188 KB]
[busy 180 jiffies]
[exit 0]
--- c2 case 2 rec 1   load 0.89 0.85 0.78
[TEST C2-MARISA]
Processing dataset...
Done!
Building trie...
trie size: 2.376703 MB
trie size: 3.200656 MB
Done!
build time: 944.163021 ms (944.163021 ns per key)
space cost: 7.215687 MB (44.845163% of original size 16.090223 MB)
Querying trie...
Done!
total time: 284.750271 ms, avg latency: 284.750271 ns
topology: 1.146584 MB, link: 2.476871 MB, data: 3.571725 MB
--- Unary Path Analysis (Marisa, cutoff=3) ---
  branches: 1581104  |  single-char: 512959 (32.4%)  short-unary: 177539 (11.2%)  links: 890606 (56.3%)
  link len: avg=9.57  max=221  total_chars=8521548
  link length distribution (len:count):  3:117743  4:70413  5:118917  6:85174  7:37680  8:75877  9:57977  10:30193  11:47337  12:41279  13:18765  14:27062  15:25994  16:13620  17:18901  18:18001  19:8082  20:11948  21:10483  22:5017  23:8072  24:6695  25:3249  26:5099  27:4017  28:2164  29:3054  30:2749  31:1341  32:2116  33:1821  34:942  35:1314  36:1256  37:587  38:865  39:798  40:341  41:600  42:486  43:231  44:401  45:290  46:126  47:187  48:184  49:84  50:123  51:115  52:56  53:77  54:82  55:43  56:74  57:60  58:29  59:35  60:27  61:10  62:32  63:19  64:19  65:20  66:11  67:19  68:16  69:13  70:6  71:14  72:16  73:6  74:9  75:5  76:5  77:7  78:5  79:2  80:17  81:2  82:7  83:8  84:7  85:3  86:7  87:7  88:3  89:3  90:2  91:4  92:3  93:3  94:1  95:1  96:4  97:5  98:1  99:4  102:2  103:1  104:1  105:1  107:2  108:1  113:2  114:1  116:1  117:1  121:1  122:1  123:1  125:1  131:1  139:1  149:1  152:1  156:2  185:1  189:1  205:1  221:1
  short unary avg len: 2.00
944.163021,7.215687,284.750271
[PASSED]
[time 1.72 s, user 1.55 s, sys 0.15 s, maxrss 216308 KB]
[busy 175 jiffies]
[exit 0]
--- c2 case 2 rec 0   load 0.82 0.83 0.78
[TEST C2-MARISA]
Processing dataset...
Done!
Building trie...
trie size: 2.376703 MB
Done!
build time: 728.854610 ms (728.854610 ns per key)
space cost: 9.316646 MB (57.902525% of original size 16.090223 MB)
Querying trie...
Done!
total time: 333.022768 ms, avg latency: 333.022768 ns
topology: 0.787403 MB, link: 2.444094 MB, data: 6.064641 MB
--- Unary Path Analysis (Marisa, cutoff=3) ---
  branches: 1581104  |  single-char: 512959 (32.4%)  short-unary: 177539 (11.2%)  links: 890606 (56.3%)
  link len: avg=9.57  max=221  total_chars=8521548
  link length distribution (len:count):  3:117743  4:70413  5:118917  6:85174  7:37680  8:75877  9:57977  10:30193  11:47337  12:41279  13:18765  14:27062  15:25994  16:13620  17:18901  18:18001  19:8082  20:11948  21:10483  22:5017  23:8072  24:6695  25:3249  26:5099  27:4017  28:2164  29:3054  30:2749  31:1341  32:2116  33:1821  34:942  35:1314  36:1256  37:587  38:865  39:798  40:341  41:600  42:486  43:231  44:401  45:290  46:126  47:187  48:184  49:84  50:123  51:115  52:56  53:77  54:82  55:43  56:74  57:60  58:29  59:35  60:27  61:10  62:32  63:19  64:19  65:20  66:11  67:19  68:16  69:13  70:6  71:14  72:16  73:6  74:9  75:5  76:5  77:7  78:5  79:2  80:17  81:2  82:7  83:8  84:7  85:3  86:7  87:7  88:3  89:3  90:2  91:4  92:3  93:3  94:1  95:1  96:4  97:5  98:1  99:4  102:2  103:1  104:1  105:1  107:2  108:1  113:2  114:1  116:1  117:1  121:1  122:1  123:1  125:1  131:1  139:1  149:1  152:1  156:2  185:1  189:1  205:1  221:1
  short unary avg len: 2.00
728.854610,9.316646,333.022768
[PASSED]
[time 1.54 s, user 1.40 s, sys 0.13 s, maxrss 216488 KB]
[busy 158 jiffies]
[exit 0]
--- c2 case 1 rec 2   load 0.82 0.83 0.78
[TEST C2-CoCo(LOUDS-Sparse)]
Processing dataset...
Done!
Building trie...
trie size: 2.382156 MB
trie size: 0.519189 MB
Done!
build time: 1845.877661 ms (1845.877661 ns per key)
space cost: 8.575588 MB (53.296888% of original size 16.090223 MB)
Querying trie...
Done!
total time: 632.293797 ms, avg latency: 632.293797 ns
topology: 0.704411 MB, link: 2.913508 MB, data: 4.957669 MB
1845.877661,8.575588,632.293797
[PASSED]
[time 2.97 s, user 2.77 s, sys 0.19 s, maxrss 343896 KB]
[busy 305 jiffies]
[exit 0]
--- c2 case 1 rec 1   load 0.83 0.84 0.78
[TEST C2-CoCo(LOUDS-Sparse)]
Processing dataset...
Done!
Building trie...
trie size: 2.382156 MB
Done!
build time: 1791.125427 ms (1791.125427 ns per key)
space cost: 8.575588 MB (53.296888% of original size 16.090223 MB)
Querying trie...
Done!
total time: 633.274069 ms, avg latency: 633.274069 ns
topology: 0.704411 MB, link: 2.913508 MB, data: 4.957669 MB
1791.125427,8.575588,633.274069
[PASSED]
[time 2.92 s, user 2.71 s, sys 0.19 s, maxrss 343820 KB]
[busy 300 jiffies]
[exit 0]
--- c2 case 1 rec 0   load 0.77 0.82 0.77
[TEST C2-CoCo(LOUDS-Sparse)]
Processing dataset...
Done!
Building trie...
Done!
build time: 1617.422594 ms (1617.422594 ns per key)
space cost: 10.076944 MB (62.627748% of original size 16.090223 MB)
Querying trie...
Done!
total time: 617.979396 ms, avg latency: 617.979396 ns
topology: 0.428116 MB, link: 2.771456 MB, data: 6.877373 MB
1617.422594,10.076944,617.979396
[PASSED]
[time 2.72 s, user 2.52 s, sys 0.19 s, maxrss 343596 KB]
[busy 278 jiffies]
[exit 0]
--- c2 case 0 rec 2   load 0.77 0.82 0.77
[TEST C2-FST]
Processing dataset...
Done!
Building trie...
trie size: 2.382156 MB
trie size: 0.519189 MB
Done!
build time: 893.632241 ms (893.632241 ns per key)
space cost: 7.814046 MB (48.563937% of original size 16.090223 MB)
Querying trie...
Done!
total time: 429.280001 ms, avg latency: 429.280001 ns
topology: 1.289776 MB, link: 2.002253 MB, data: 4.522017 MB
--- Unary Path Analysis (FST, cutoff=4) ---
  shared unary steps in main trie: 533155
  terminal suffixes: inplace=237541 (avg len=1.85)  links=651614 (73.3% of terminal)
  link len: avg=9.49  max=219  total_chars=6184530
  link length distribution (len:count):  4:101787  5:75109  6:33236  7:70197  8:54797  9:28682  10:45020  11:39800  12:18111  13:26128  14:25316  15:13287  16:18412  17:17629  18:7811  19:11663  20:10322  21:4897  22:7909  23:6587  24:3201  25:5027  26:3953  27:2124  28:3009  29:2707  30:1318  31:2090  32:1807  33:932  34:1302  35:1246  36:576  37:856  38:792  39:335  40:596  41:485  42:228  43:398  44:289  45:126  46:187  47:184  48:83  49:123  50:115  51:56  52:76  53:79  54:43  55:73  56:58  57:28  58:35  59:27  60:9  61:32  62:19  63:18  64:20  65:11  66:19  67:16  68:13  69:6  70:14  71:16  72:6  73:9  74:5  75:5  76:7  77:5  78:2  79:17  80:2  81:7  82:8  83:7  84:3  85:7  86:7  87:3  88:3  89:2  90:4  91:3  92:3  93:1  94:1  95:3  96:5  97:1  98:4  101:2  102:1  103:1  104:1  106:2  107:1  112:2  113:1  115:1  116:1  120:1  121:1  122:1  124:1  130:1  138:1  148:1  151:1  155:2  184:1  188:1  204:1  220:1
893.632241,7.814046,429.280001
[PASSED]
[time 1.82 s, user 1.70 s, sys 0.11 s, maxrss 186164 KB]
[busy 184 jiffies]
[exit 0]
--- c2 case 0 rec 1   load 0.79 0.83 0.78
[TEST C2-FST]
Processing dataset...
Done!
Building trie...
trie size: 2.382156 MB
Done!
build time: 828.591583 ms (828.591583 ns per key)
space cost: 7.814046 MB (48.563937% of original size 16.090223 MB)
Querying trie...
Done!
total time: 425.592841 ms, avg latency: 425.592841 ns
topology: 1.289776 MB, link: 2.002253 MB, data: 4.522017 MB
--- Unary Path Analysis (FST, cutoff=4) ---
  shared unary steps in main trie: 533155
  terminal suffixes: inplace=237541 (avg len=1.85)  links=651614 (73.3% of terminal)
  link len: avg=9.49  max=219  total_chars=6184530
  link length distribution (len:count):  4:101787  5:75109  6:33236  7:70197  8:54797  9:28682  10:45020  11:39800  12:18111  13:26128  14:25316  15:13287  16:18412  17:17629  18:7811  19:11663  20:10322  21:4897  22:7909  23:6587  24:3201  25:5027  26:3953  27:2124  28:3009  29:2707  30:1318  31:2090  32:1807  33:932  34:1302  35:1246  36:576  37:856  38:792  39:335  40:596  41:485  42:228  43:398  44:289  45:126  46:187  47:184  48:83  49:123  50:115  51:56  52:76  53:79  54:43  55:73  56:58  57:28  58:35  59:27  60:9  61:32  62:19  63:18  64:20  65:11  66:19  67:16  68:13  69:6  70:14  71:16  72:6  73:9  74:5  75:5  76:7  77:5  78:2  79:17  80:2  81:7  82:8  83:7  84:3  85:7  86:7  87:3  88:3  89:2  90:4  91:3  92:3  93:1  94:1  95:3  96:5  97:1  98:4  101:2  102:1  103:1  104:1  106:2  107:1  112:2  113:1  115:1  116:1  120:1  121:1  122:1  124:1  130:1  138:1  148:1  151:1  155:2  184:1  188:1  204:1  220:1
828.591583,7.814046,425.592841
[PASSED]
[time 1.75 s, user 1.64 s, sys 0.10 s, maxrss 186436 KB]
[busy 180 jiffies]
[exit 0]
--- c2 case 0 rec 0   load 0.79 0.83 0.78
[TEST C2-FST]
Processing dataset...
Done!
Building trie...
Done!
build time: 663.564051 ms (663.564051 ns per key)
space cost: 9.315402 MB (57.894796% of original size 16.090223 MB)
Querying trie...
Done!
total time: 414.287245 ms, avg latency: 414.287245 ns
topology: 1.013481 MB, link: 1.860200 MB, data: 6.441721 MB
--- Unary Path Analysis (FST, cutoff=4) ---
  shared unary steps in main trie: 533155
  terminal suffixes: inplace=237541 (avg len=1.85)  links=651614 (73.3% of terminal)
  link len: avg=9.49  max=219  total_chars=6184530
  link length distribution (len:count):  4:101787  5:75109  6:33236  7:70197  8:54797  9:28682  10:45020  11:39800  12:18111  13:26128  14:25316  15:13287  16:18412  17:17629  18:7811  19:11663  20:10322  21:4897  22:7909  23:6587  24:3201  25:5027  26:3953  27:2124  28:3009  29:2707  30:1318  31:2090  32:1807  33:932  34:1302  35:1246  36:576  37:856  38:792  39:335  40:596  41:485  42:228  43:398  44:289  45:126  46:187  47:184  48:83  49:123  50:115  51:56  52:76  53:79  54:43  55:73  56:58  57:28  58:35  59:27  60:9  61:32  62:19  63:18  64:20  65:11  66:19  67:16  68:13  69:6  70:14  71:16  72:6  73:9  74:5  75:5  76:7  77:5  78:2  79:17  80:2  81:7  82:8  83:7  84:3  85:7  86:7  87:3  88:3  89:2  90:4  91:3  92:3  93:1  94:1  95:3  96:5  97:1  98:4  101:2  102:1  103:1  104:1  106:2  107:1  112:2  113:1  115:1  116:1  120:1  121:1  122:1  124:1  130:1  138:1  148:1  151:1  155:2  184:1  188:1  204:1  220:1
663.564051,9.315402,414.287245
[PASSED]
[time 1.55 s, user 1.44 s, sys 0.10 s, maxrss 186284 KB]
[busy 159 jiffies]
[exit 0]
--- lexindex da   load 0.80 0.83 0.78
1000000 keys
lexindex DoubleArrayIndex: build 3748 ms, size 31.692 MiB (33.232 B/key), latency cold 239.0 ns, then mean 232.0 / min 231.0 ns
3747.674,31.692200,238.969
[time 5.17 s, user 5.00 s, sys 0.14 s, maxrss 191668 KB]
[busy 526 jiffies]
[exit 0]
--- lexindex hashed16   load 0.82 0.83 0.78
1000000 keys
lexindex HashedDictIndex fp=16: build 405 ms, size 10.101 MiB (10.592 B/key), latency cold 41.3 ns, then mean 35.3 / min 35.3 ns
404.825,10.101000,41.283
[time 1.05 s, user 2.72 s, sys 0.29 s, maxrss 263984 KB]
[busy 311 jiffies]
[exit 0]
--- lexindex hashed8   load 0.75 0.82 0.77
1000000 keys
lexindex HashedDictIndex fp=8: build 405 ms, size 9.147 MiB (9.592 B/key), latency cold 39.9 ns, then mean 34.5 / min 34.4 ns
405.266,9.147326,39.919
[time 1.05 s, user 2.74 s, sys 0.28 s, maxrss 261948 KB]
[busy 312 jiffies]
[exit 0]
--- lexindex hashed0   load 0.75 0.82 0.77
1000000 keys
lexindex HashedDictIndex closed: build 405 ms, size 8.194 MiB (8.592 B/key), latency cold 35.1 ns, then mean 30.3 / min 28.6 ns
404.655,8.193651,35.139
[time 1.03 s, user 2.71 s, sys 0.29 s, maxrss 263468 KB]
[busy 312 jiffies]
[exit 0]
--- lexindex string   load 0.75 0.82 0.77
1000000 keys
lexindex StringIndex: build 752 ms, size 16.712 MiB (17.523 B/key), latency cold 286.7 ns, then mean 278.8 / min 277.0 ns
752.351,16.711605,286.686
[time 2.36 s, user 2.27 s, sys 0.08 s, maxrss 153100 KB]
[busy 242 jiffies]
[exit 0]
--- lexindex routed1024   load 0.77 0.82 0.78
1000000 keys
lexindex DictIndex block 1024 routed: build 294 ms, size 5.662 MiB (5.937 B/key), latency cold 330.8 ns, then mean 325.9 / min 324.7 ns
294.409,5.661697,330.788
[time 2.10 s, user 3.02 s, sys 0.23 s, maxrss 248960 KB]
[busy 333 jiffies]
[exit 0]
--- lexindex routed256   load 0.79 0.82 0.78
1000000 keys
lexindex DictIndex block 256 routed: build 286 ms, size 6.057 MiB (6.351 B/key), latency cold 299.6 ns, then mean 287.8 / min 282.7 ns
285.979,6.057073,299.575
[time 1.96 s, user 3.58 s, sys 0.30 s, maxrss 262036 KB]
[busy 400 jiffies]
[exit 0]
--- lexindex routed32   load 0.79 0.82 0.78
1000000 keys
lexindex DictIndex block 32 routed: build 282 ms, size 6.299 MiB (6.605 B/key), latency cold 348.5 ns, then mean 328.2 / min 325.7 ns
281.766,6.299467,348.528
[time 2.11 s, user 3.69 s, sys 0.29 s, maxrss 258168 KB]
[busy 406 jiffies]
[exit 0]
--- lexindex dict1024   load 0.81 0.83 0.78
1000000 keys
lexindex DictIndex block 1024: build 292 ms, size 5.423 MiB (5.687 B/key), latency cold 445.4 ns, then mean 440.9 / min 440.5 ns
292.140,5.423172,445.417
[time 2.57 s, user 3.50 s, sys 0.21 s, maxrss 246228 KB]
[busy 382 jiffies]
[exit 0]
--- lexindex dict256   load 0.82 0.83 0.78
1000000 keys
lexindex DictIndex block 256: build 288 ms, size 5.580 MiB (5.851 B/key), latency cold 375.9 ns, then mean 374.0 / min 370.4 ns
288.068,5.580144,375.859
[time 2.29 s, user 3.94 s, sys 0.30 s, maxrss 261776 KB]
[busy 438 jiffies]
[exit 0]
--- lexindex dict32   load 0.82 0.83 0.78
1000000 keys
lexindex DictIndex block 32: build 279 ms, size 5.823 MiB (6.105 B/key), latency cold 364.5 ns, then mean 359.3 / min 357.3 ns
278.586,5.822630,364.484
[time 2.22 s, user 3.80 s, sys 0.31 s, maxrss 259832 KB]
[busy 420 jiffies]
[exit 0]

##### titles-ru-1000000 (1000000 lines, 36819661 bytes)   round 2/3   2026-09-25T08:47:19+03:00
--- xcdat 16   load 1.00 0.87 0.79
build time: 780.461313 ms
space cost: 22.860906 MiB (66.922456% of original size 34.160291 MiB)
avg latency: 371.056743 ns
780.461313,22.860906,371.056743
[time 1.87 s, user 1.70 s, sys 0.16 s, maxrss 213548 KB]
[busy 193 jiffies]
[exit 0]
--- xcdat 15   load 0.92 0.85 0.79
build time: 815.599827 ms
space cost: 22.013930 MiB (64.443041% of original size 34.160291 MiB)
avg latency: 360.330365 ns
815.599827,22.013930,360.330365
[time 1.89 s, user 1.72 s, sys 0.16 s, maxrss 213556 KB]
[busy 192 jiffies]
[exit 0]
--- xcdat 8   load 0.92 0.85 0.79
build time: 773.649170 ms
space cost: 18.486019 MiB (54.115521% of original size 34.160291 MiB)
avg latency: 367.450967 ns
773.649170,18.486019,367.450967
[time 1.85 s, user 1.69 s, sys 0.14 s, maxrss 207524 KB]
[busy 189 jiffies]
[exit 0]
--- xcdat 7   load 0.93 0.85 0.79
build time: 822.668140 ms
space cost: 18.793670 MiB (55.016129% of original size 34.160291 MiB)
avg latency: 379.603035 ns
822.668140,18.793670,379.603035
[time 1.92 s, user 1.76 s, sys 0.15 s, maxrss 207360 KB]
[busy 196 jiffies]
[exit 0]
--- c2 case 8 rec 0   load 0.93 0.85 0.79
[TEST CART]
Processing dataset...
Done!
Building trie...
Done!
build time: 287.841540 ms (287.841540 ns per key)
space cost: 17.935776 MB (52.504752% of original size 34.160291 MB)
Querying trie...
Done!
total time: 641.278291 ms, avg latency: 641.278291 ns
not implemented
287.841540,17.935776,641.278291
[PASSED]
[time 1.66 s, user 1.53 s, sys 0.12 s, maxrss 228460 KB]
[busy 171 jiffies]
[exit 0]
--- c2 case 7 rec 0   load 0.93 0.86 0.79
[TEST ART]
Processing dataset...
Done!
Building trie...
Done!
build time: 232.094256 ms (232.094256 ns per key)
space cost: 37.032776 MB (108.408843% of original size 34.160291 MB)
Querying trie...
Done!
total time: 591.668511 ms, avg latency: 591.668511 ns
not implemented
232.094256,37.032776,591.668511
[PASSED]
[time 1.56 s, user 1.42 s, sys 0.13 s, maxrss 239064 KB]
[busy 164 jiffies]
[exit 0]
--- c2 case 6 rec 0   load 0.93 0.86 0.79
[TEST PDT]
Processing dataset...
Done!
Building trie...
dict size: 149058, stream size: 8676288
Done!
build time: 2740.662768 ms (2740.662768 ns per key)
space cost: 9.692565 MB (28.373778% of original size 34.160291 MB)
Querying trie...
Done!
total time: 768.804266 ms, avg latency: 768.804266 ns
not implemented
2740.662768,9.692565,768.804266
[PASSED]
[time 4.21 s, user 4.00 s, sys 0.19 s, maxrss 238192 KB]
[busy 430 jiffies]
[exit 0]
--- c2 case 5 rec 2   load 0.94 0.86 0.79
[TEST MARISA]
Processing dataset...
Done!
Building trie...
Done!
build time: 1003.910282 ms (1003.910282 ns per key)
space cost: 8.209226 MB (24.031487% of original size 34.160291 MB)
Querying trie...
Done!
total time: 1232.484433 ms, avg latency: 1232.484433 ns
not implemented
1003.910282,8.209226,1232.484433
[PASSED]
[time 2.92 s, user 2.76 s, sys 0.14 s, maxrss 231232 KB]
[busy 299 jiffies]
[exit 0]
--- c2 case 5 rec 1   load 0.94 0.86 0.79
[TEST MARISA]
Processing dataset...
Done!
Building trie...
Done!
build time: 966.171591 ms (966.171591 ns per key)
space cost: 9.445531 MB (27.650616% of original size 34.160291 MB)
Querying trie...
Done!
total time: 1077.241020 ms, avg latency: 1077.241020 ns
not implemented
966.171591,9.445531,1077.241020
[PASSED]
[time 2.75 s, user 2.58 s, sys 0.15 s, maxrss 231264 KB]
[busy 281 jiffies]
[exit 0]
--- c2 case 5 rec 0   load 0.95 0.86 0.80
[TEST MARISA]
Processing dataset...
Done!
Building trie...
Done!
build time: 758.657768 ms (758.657768 ns per key)
space cost: 14.925114 MB (43.691413% of original size 34.160291 MB)
Querying trie...
Done!
total time: 679.392347 ms, avg latency: 679.392347 ns
not implemented
758.657768,14.925114,679.392347
[PASSED]
[time 2.15 s, user 1.96 s, sys 0.17 s, maxrss 231108 KB]
[busy 220 jiffies]
[exit 0]
--- c2 case 4 rec 0   skipped: exit 134 in round 1
--- c2 case 3 rec 0   load 0.87 0.85 0.79
[TEST FST]
Processing dataset...
Done!
Building trie...
Done!
build time: 1135.722963 ms (1135.722963 ns per key)
space cost: 15.406425 MB (45.100393% of original size 34.160291 MB)
Querying trie...
Done!
total time: 1195.803991 ms, avg latency: 1195.803991 ns
not implemented
1135.722963,15.406425,1195.803991
[PASSED]
[time 3.04 s, user 2.91 s, sys 0.11 s, maxrss 177332 KB]
[busy 310 jiffies]
[exit 0]
--- c2 case 2 rec 2   load 0.87 0.85 0.79
[TEST C2-MARISA]
Processing dataset...
Done!
Building trie...
trie size: 2.484302 MB
trie size: 4.015308 MB
trie size: 1.015766 MB
Done!
build time: 1775.617734 ms (1775.617734 ns per key)
space cost: 8.714260 MB (25.509912% of original size 34.160291 MB)
Querying trie...
Done!
total time: 386.800981 ms, avg latency: 386.800981 ns
topology: 1.481594 MB, link: 3.266720 MB, data: 3.945438 MB
--- Unary Path Analysis (Marisa, cutoff=3) ---
  branches: 1657128  |  single-char: 447774 (27.0%)  short-unary: 128432 (7.8%)  links: 1080922 (65.2%)
  link len: avg=17.77  max=240  total_chars=19212544
  link length distribution (len:count):  3:87321  4:48292  5:58975  6:36358  7:58121  8:33015  9:59626  10:32247  11:55687  12:30072  13:49121  14:27545  15:39628  16:26319  17:32373  18:20972  19:27510  20:17247  21:17760  22:15297  23:13707  24:14933  25:12396  26:15583  27:11863  28:17395  29:11704  30:17896  31:12395  32:17216  33:11862  34:15819  35:11459  36:13046  37:10194  38:10344  39:8104  40:8139  41:6769  42:6000  43:5033  44:5077  45:3963  46:3720  47:3456  48:2871  49:2663  50:2321  51:2168  52:1981  53:1813  54:1693  55:1597  56:1488  57:1344  58:1172  59:1122  60:1025  61:904  62:871  63:814  64:834  65:767  66:626  67:663  68:607  69:568  70:524  71:545  72:489  73:428  74:436  75:441  76:375  77:319  78:357  79:299  80:304  81:282  82:274  83:213  84:203  85:208  86:189  87:193  88:179  89:159  90:153  91:146  92:153  93:110  94:115  95:107  96:113  97:98  98:81  99:92  100:91  101:100  102:69  103:62  104:60  105:53  106:53  107:55  108:63  109:50  110:63  111:44  112:45  113:43  114:49  115:38  116:32  117:45  118:31  119:36  120:28  121:37  122:28  123:24  124:20  125:19  126:32  127:29  128:26  129:15  130:19  131:30  132:11  133:22  134:9  135:11  136:14  137:18  138:15  139:6  140:8  141:14  142:16  143:8  144:10  145:14  146:12  147:8  148:11  149:7  150:9  151:6  152:12  153:9  154:13  155:7  156:5  157:6  158:3  159:8  160:4  161:7  162:11  163:6  164:11  165:3  166:5  167:7  168:4  169:5  170:6  171:3  172:4  173:3  174:9  175:4  176:1  177:4  178:5  179:7  180:4  181:4  182:2  183:6  184:7  185:4  186:2  187:3  188:2  189:2  191:1  192:1  193:3  194:3  195:2  197:2  198:2  199:4  201:1  203:1  206:2  208:2  209:1  211:2  213:2  214:1  218:2  219:2  221:1  223:1  229:2  235:1  240:1
  short unary avg len: 2.00
1775.617734,8.714260,386.800981
[PASSED]
[time 2.86 s, user 2.70 s, sys 0.15 s, maxrss 227372 KB]
[busy 294 jiffies]
[exit 0]
--- c2 case 2 rec 1   load 0.88 0.85 0.79
[TEST C2-MARISA]
Processing dataset...
Done!
Building trie...
trie size: 2.484302 MB
trie size: 4.015308 MB
Done!
build time: 1647.516859 ms (1647.516859 ns per key)
space cost: 9.221785 MB (26.995627% of original size 34.160291 MB)
Querying trie...
Done!
total time: 376.958194 ms, avg latency: 376.958194 ns
topology: 1.302711 MB, link: 3.189349 MB, data: 4.709216 MB
--- Unary Path Analysis (Marisa, cutoff=3) ---
  branches: 1657128  |  single-char: 447774 (27.0%)  short-unary: 128432 (7.8%)  links: 1080922 (65.2%)
  link len: avg=17.77  max=240  total_chars=19212544
  link length distribution (len:count):  3:87321  4:48292  5:58975  6:36358  7:58121  8:33015  9:59626  10:32247  11:55687  12:30072  13:49121  14:27545  15:39628  16:26319  17:32373  18:20972  19:27510  20:17247  21:17760  22:15297  23:13707  24:14933  25:12396  26:15583  27:11863  28:17395  29:11704  30:17896  31:12395  32:17216  33:11862  34:15819  35:11459  36:13046  37:10194  38:10344  39:8104  40:8139  41:6769  42:6000  43:5033  44:5077  45:3963  46:3720  47:3456  48:2871  49:2663  50:2321  51:2168  52:1981  53:1813  54:1693  55:1597  56:1488  57:1344  58:1172  59:1122  60:1025  61:904  62:871  63:814  64:834  65:767  66:626  67:663  68:607  69:568  70:524  71:545  72:489  73:428  74:436  75:441  76:375  77:319  78:357  79:299  80:304  81:282  82:274  83:213  84:203  85:208  86:189  87:193  88:179  89:159  90:153  91:146  92:153  93:110  94:115  95:107  96:113  97:98  98:81  99:92  100:91  101:100  102:69  103:62  104:60  105:53  106:53  107:55  108:63  109:50  110:63  111:44  112:45  113:43  114:49  115:38  116:32  117:45  118:31  119:36  120:28  121:37  122:28  123:24  124:20  125:19  126:32  127:29  128:26  129:15  130:19  131:30  132:11  133:22  134:9  135:11  136:14  137:18  138:15  139:6  140:8  141:14  142:16  143:8  144:10  145:14  146:12  147:8  148:11  149:7  150:9  151:6  152:12  153:9  154:13  155:7  156:5  157:6  158:3  159:8  160:4  161:7  162:11  163:6  164:11  165:3  166:5  167:7  168:4  169:5  170:6  171:3  172:4  173:3  174:9  175:4  176:1  177:4  178:5  179:7  180:4  181:4  182:2  183:6  184:7  185:4  186:2  187:3  188:2  189:2  191:1  192:1  193:3  194:3  195:2  197:2  198:2  199:4  201:1  203:1  206:2  208:2  209:1  211:2  213:2  214:1  218:2  219:2  221:1  223:1  229:2  235:1  240:1
  short unary avg len: 2.00
1647.516859,9.221785,376.958194
[PASSED]
[time 2.73 s, user 2.55 s, sys 0.17 s, maxrss 227140 KB]
[busy 277 jiffies]
[exit 0]
--- c2 case 2 rec 0   load 0.89 0.85 0.79
[TEST C2-MARISA]
Processing dataset...
Done!
Building trie...
trie size: 2.484302 MB
Done!
build time: 1225.881054 ms (1225.881054 ns per key)
space cost: 12.012337 MB (35.164621% of original size 34.160291 MB)
Querying trie...
Done!
total time: 520.676779 ms, avg latency: 520.676779 ns
topology: 0.823292 MB, link: 2.965906 MB, data: 8.202631 MB
--- Unary Path Analysis (Marisa, cutoff=3) ---
  branches: 1657128  |  single-char: 447774 (27.0%)  short-unary: 128432 (7.8%)  links: 1080922 (65.2%)
  link len: avg=17.77  max=240  total_chars=19212544
  link length distribution (len:count):  3:87321  4:48292  5:58975  6:36358  7:58121  8:33015  9:59626  10:32247  11:55687  12:30072  13:49121  14:27545  15:39628  16:26319  17:32373  18:20972  19:27510  20:17247  21:17760  22:15297  23:13707  24:14933  25:12396  26:15583  27:11863  28:17395  29:11704  30:17896  31:12395  32:17216  33:11862  34:15819  35:11459  36:13046  37:10194  38:10344  39:8104  40:8139  41:6769  42:6000  43:5033  44:5077  45:3963  46:3720  47:3456  48:2871  49:2663  50:2321  51:2168  52:1981  53:1813  54:1693  55:1597  56:1488  57:1344  58:1172  59:1122  60:1025  61:904  62:871  63:814  64:834  65:767  66:626  67:663  68:607  69:568  70:524  71:545  72:489  73:428  74:436  75:441  76:375  77:319  78:357  79:299  80:304  81:282  82:274  83:213  84:203  85:208  86:189  87:193  88:179  89:159  90:153  91:146  92:153  93:110  94:115  95:107  96:113  97:98  98:81  99:92  100:91  101:100  102:69  103:62  104:60  105:53  106:53  107:55  108:63  109:50  110:63  111:44  112:45  113:43  114:49  115:38  116:32  117:45  118:31  119:36  120:28  121:37  122:28  123:24  124:20  125:19  126:32  127:29  128:26  129:15  130:19  131:30  132:11  133:22  134:9  135:11  136:14  137:18  138:15  139:6  140:8  141:14  142:16  143:8  144:10  145:14  146:12  147:8  148:11  149:7  150:9  151:6  152:12  153:9  154:13  155:7  156:5  157:6  158:3  159:8  160:4  161:7  162:11  163:6  164:11  165:3  166:5  167:7  168:4  169:5  170:6  171:3  172:4  173:3  174:9  175:4  176:1  177:4  178:5  179:7  180:4  181:4  182:2  183:6  184:7  185:4  186:2  187:3  188:2  189:2  191:1  192:1  193:3  194:3  195:2  197:2  198:2  199:4  201:1  203:1  206:2  208:2  209:1  211:2  213:2  214:1  218:2  219:2  221:1  223:1  229:2  235:1  240:1
  short unary avg len: 2.00
1225.881054,12.012337,520.676779
[PASSED]
[time 2.45 s, user 2.28 s, sys 0.16 s, maxrss 243780 KB]
[busy 254 jiffies]
[exit 0]
--- c2 case 1 rec 2   load 0.82 0.84 0.79
[TEST C2-CoCo(LOUDS-Sparse)]
Processing dataset...
Done!
Building trie...
trie size: 3.233313 MB
trie size: 0.910584 MB
Done!
build time: 3969.399779 ms (3969.399779 ns per key)
space cost: 12.113895 MB (35.461921% of original size 34.160291 MB)
Querying trie...
Done!
total time: 997.765675 ms, avg latency: 997.765675 ns
topology: 0.884426 MB, link: 4.023585 MB, data: 7.205884 MB
3969.399779,12.113895,997.765675
[PASSED]
[time 5.67 s, user 5.42 s, sys 0.22 s, maxrss 432664 KB]
[busy 581 jiffies]
[exit 0]
--- c2 case 1 rec 1   load 0.83 0.84 0.79
[TEST C2-CoCo(LOUDS-Sparse)]
Processing dataset...
Done!
Building trie...
trie size: 3.233313 MB
Done!
build time: 3867.021122 ms (3867.021122 ns per key)
space cost: 12.113895 MB (35.461921% of original size 34.160291 MB)
Querying trie...
Done!
total time: 1024.069136 ms, avg latency: 1024.069136 ns
topology: 0.884426 MB, link: 4.023585 MB, data: 7.205884 MB
3867.021122,12.113895,1024.069136
[PASSED]
[time 5.61 s, user 5.35 s, sys 0.23 s, maxrss 432756 KB]
[busy 570 jiffies]
[exit 0]
--- c2 case 1 rec 0   load 0.85 0.85 0.79
[TEST C2-CoCo(LOUDS-Sparse)]
Processing dataset...
Done!
Building trie...
Done!
build time: 3459.451141 ms (3459.451141 ns per key)
space cost: 14.618523 MB (42.793905% of original size 34.160291 MB)
Querying trie...
Done!
total time: 990.143260 ms, avg latency: 990.143260 ns
topology: 0.472511 MB, link: 3.816133 MB, data: 10.329878 MB
3459.451141,14.618523,990.143260
[PASSED]
[time 5.14 s, user 4.91 s, sys 0.21 s, maxrss 446008 KB]
[busy 525 jiffies]
[exit 0]
--- c2 case 0 rec 2   load 0.79 0.83 0.79
[TEST C2-FST]
Processing dataset...
Done!
Building trie...
trie size: 3.233313 MB
trie size: 0.910584 MB
Done!
build time: 1793.276289 ms (1793.276289 ns per key)
space cost: 10.950089 MB (32.055021% of original size 34.160291 MB)
Querying trie...
Done!
total time: 739.456704 ms, avg latency: 739.456704 ns
topology: 1.728611 MB, link: 2.656099 MB, data: 6.565378 MB
--- Unary Path Analysis (FST, cutoff=4) ---
  shared unary steps in main trie: 1444849
  terminal suffixes: inplace=70261 (avg len=2.02)  links=837902 (92.3% of terminal)
  link len: avg=18.90  max=238  total_chars=15835418
  link length distribution (len:count):  4:38002  5:25136  6:46678  7:25626  8:51081  9:27061  10:49555  11:26346  12:44099  13:24737  14:35638  15:24081  16:29538  17:19279  18:25434  19:16078  20:16463  21:14405  22:12877  23:14367  24:11738  25:15079  26:11391  27:16946  28:11354  29:17411  30:12058  31:16873  32:11600  33:15555  34:11210  35:12790  36:9994  37:10106  38:7923  39:7962  40:6648  41:5829  42:4930  43:4945  44:3895  45:3528  46:3382  47:2749  48:2598  49:2269  50:2117  51:1901  52:1753  53:1665  54:1553  55:1449  56:1305  57:1145  58:1092  59:1004  60:875  61:848  62:788  63:815  64:741  65:605  66:640  67:594  68:554  69:512  70:530  71:482  72:415  73:428  74:424  75:368  76:310  77:349  78:289  79:299  80:274  81:267  82:209  83:198  84:204  85:187  86:188  87:169  88:154  89:148  90:143  91:149  92:108  93:110  94:105  95:111  96:95  97:79  98:91  99:85  100:98  101:68  102:61  103:57  104:50  105:52  106:54  107:61  108:50  109:62  110:44  111:43  112:42  113:44  114:37  115:29  116:42  117:29  118:35  119:28  120:37  121:28  122:24  123:19  124:19  125:31  126:29  127:26  128:15  129:19  130:30  131:11  132:22  133:9  134:11  135:14  136:17  137:15  138:6  139:7  140:14  141:16  142:8  143:9  144:14  145:12  146:8  147:11  148:7  149:9  150:6  151:12  152:9  153:13  154:7  155:5  156:6  157:3  158:8  159:4  160:7  161:11  162:5  163:11  164:3  165:5  166:7  167:4  168:4  169:6  170:3  171:4  172:3  173:9  174:4  175:1  176:4  177:5  178:6  179:4  180:4  181:2  182:6  183:7  184:4  185:2  186:3  187:2  188:2  190:1  191:1  192:3  193:3  194:2  196:2  197:2  198:4  200:1  202:1  205:2  207:2  208:1  210:2  212:2  213:1  217:2  218:2  220:1  222:1  228:2  234:1  239:1
1793.276289,10.950089,739.456704
[PASSED]
[time 3.25 s, user 3.07 s, sys 0.16 s, maxrss 215740 KB]
[busy 332 jiffies]
[exit 0]
--- c2 case 0 rec 1   load 0.79 0.83 0.79
[TEST C2-FST]
Processing dataset...
Done!
Building trie...
trie size: 3.233313 MB
Done!
build time: 1665.549487 ms (1665.549487 ns per key)
space cost: 10.950089 MB (32.055021% of original size 34.160291 MB)
Querying trie...
Done!
total time: 720.054603 ms, avg latency: 720.054603 ns
topology: 1.728611 MB, link: 2.656099 MB, data: 6.565378 MB
--- Unary Path Analysis (FST, cutoff=4) ---
  shared unary steps in main trie: 1444849
  terminal suffixes: inplace=70261 (avg len=2.02)  links=837902 (92.3% of terminal)
  link len: avg=18.90  max=238  total_chars=15835418
  link length distribution (len:count):  4:38002  5:25136  6:46678  7:25626  8:51081  9:27061  10:49555  11:26346  12:44099  13:24737  14:35638  15:24081  16:29538  17:19279  18:25434  19:16078  20:16463  21:14405  22:12877  23:14367  24:11738  25:15079  26:11391  27:16946  28:11354  29:17411  30:12058  31:16873  32:11600  33:15555  34:11210  35:12790  36:9994  37:10106  38:7923  39:7962  40:6648  41:5829  42:4930  43:4945  44:3895  45:3528  46:3382  47:2749  48:2598  49:2269  50:2117  51:1901  52:1753  53:1665  54:1553  55:1449  56:1305  57:1145  58:1092  59:1004  60:875  61:848  62:788  63:815  64:741  65:605  66:640  67:594  68:554  69:512  70:530  71:482  72:415  73:428  74:424  75:368  76:310  77:349  78:289  79:299  80:274  81:267  82:209  83:198  84:204  85:187  86:188  87:169  88:154  89:148  90:143  91:149  92:108  93:110  94:105  95:111  96:95  97:79  98:91  99:85  100:98  101:68  102:61  103:57  104:50  105:52  106:54  107:61  108:50  109:62  110:44  111:43  112:42  113:44  114:37  115:29  116:42  117:29  118:35  119:28  120:37  121:28  122:24  123:19  124:19  125:31  126:29  127:26  128:15  129:19  130:30  131:11  132:22  133:9  134:11  135:14  136:17  137:15  138:6  139:7  140:14  141:16  142:8  143:9  144:14  145:12  146:8  147:11  148:7  149:9  150:6  151:12  152:9  153:13  154:7  155:5  156:6  157:3  158:8  159:4  160:7  161:11  162:5  163:11  164:3  165:5  166:7  167:4  168:4  169:6  170:3  171:4  172:3  173:9  174:4  175:1  176:4  177:5  178:6  179:4  180:4  181:2  182:6  183:7  184:4  185:2  186:3  187:2  188:2  190:1  191:1  192:3  193:3  194:2  196:2  197:2  198:4  200:1  202:1  205:2  207:2  208:1  210:2  212:2  213:1  217:2  218:2  220:1  222:1  228:2  234:1  239:1
1665.549487,10.950089,720.054603
[PASSED]
[time 3.11 s, user 2.95 s, sys 0.14 s, maxrss 215336 KB]
[busy 317 jiffies]
[exit 0]
--- c2 case 0 rec 0   load 0.81 0.84 0.79
[TEST C2-FST]
Processing dataset...
Done!
Building trie...
Done!
build time: 1277.040315 ms (1277.040315 ns per key)
space cost: 13.454716 MB (39.387006% of original size 34.160291 MB)
Querying trie...
Done!
total time: 716.956461 ms, avg latency: 716.956461 ns
topology: 1.316696 MB, link: 2.448647 MB, data: 9.689372 MB
--- Unary Path Analysis (FST, cutoff=4) ---
  shared unary steps in main trie: 1444849
  terminal suffixes: inplace=70261 (avg len=2.02)  links=837902 (92.3% of terminal)
  link len: avg=18.90  max=238  total_chars=15835418
  link length distribution (len:count):  4:38002  5:25136  6:46678  7:25626  8:51081  9:27061  10:49555  11:26346  12:44099  13:24737  14:35638  15:24081  16:29538  17:19279  18:25434  19:16078  20:16463  21:14405  22:12877  23:14367  24:11738  25:15079  26:11391  27:16946  28:11354  29:17411  30:12058  31:16873  32:11600  33:15555  34:11210  35:12790  36:9994  37:10106  38:7923  39:7962  40:6648  41:5829  42:4930  43:4945  44:3895  45:3528  46:3382  47:2749  48:2598  49:2269  50:2117  51:1901  52:1753  53:1665  54:1553  55:1449  56:1305  57:1145  58:1092  59:1004  60:875  61:848  62:788  63:815  64:741  65:605  66:640  67:594  68:554  69:512  70:530  71:482  72:415  73:428  74:424  75:368  76:310  77:349  78:289  79:299  80:274  81:267  82:209  83:198  84:204  85:187  86:188  87:169  88:154  89:148  90:143  91:149  92:108  93:110  94:105  95:111  96:95  97:79  98:91  99:85  100:98  101:68  102:61  103:57  104:50  105:52  106:54  107:61  108:50  109:62  110:44  111:43  112:42  113:44  114:37  115:29  116:42  117:29  118:35  119:28  120:37  121:28  122:24  123:19  124:19  125:31  126:29  127:26  128:15  129:19  130:30  131:11  132:22  133:9  134:11  135:14  136:17  137:15  138:6  139:7  140:14  141:16  142:8  143:9  144:14  145:12  146:8  147:11  148:7  149:9  150:6  151:12  152:9  153:13  154:7  155:5  156:6  157:3  158:8  159:4  160:7  161:11  162:5  163:11  164:3  165:5  166:7  167:4  168:4  169:6  170:3  171:4  172:3  173:9  174:4  175:1  176:4  177:5  178:6  179:4  180:4  181:2  182:6  183:7  184:4  185:2  186:3  187:2  188:2  190:1  191:1  192:3  193:3  194:2  196:2  197:2  198:4  200:1  202:1  205:2  207:2  208:1  210:2  212:2  213:1  217:2  218:2  220:1  222:1  228:2  234:1  239:1
1277.040315,13.454716,716.956461
[PASSED]
[time 2.70 s, user 2.55 s, sys 0.13 s, maxrss 226820 KB]
[busy 277 jiffies]
[exit 0]
--- lexindex da   skipped: exit 3 in round 1
--- lexindex hashed16   load 0.82 0.84 0.79
1000000 keys
lexindex HashedDictIndex fp=16: build 520 ms, size 11.065 MiB (11.602 B/key), latency cold 63.2 ns, then mean 61.0 / min 60.5 ns
519.820,11.064662,63.187
[time 1.34 s, user 3.81 s, sys 0.33 s, maxrss 304328 KB]
[busy 426 jiffies]
[exit 0]
--- lexindex hashed8   load 0.82 0.84 0.79
1000000 keys
lexindex HashedDictIndex fp=8: build 513 ms, size 10.111 MiB (10.602 B/key), latency cold 63.1 ns, then mean 60.4 / min 60.2 ns
512.983,10.110988,63.129
[time 1.34 s, user 3.80 s, sys 0.33 s, maxrss 304020 KB]
[busy 426 jiffies]
[exit 0]
--- lexindex hashed0   load 0.84 0.84 0.79
1000000 keys
lexindex HashedDictIndex closed: build 515 ms, size 9.157 MiB (9.602 B/key), latency cold 54.2 ns, then mean 50.5 / min 50.4 ns
514.762,9.157313,54.160
[time 1.30 s, user 3.72 s, sys 0.35 s, maxrss 304268 KB]
[busy 420 jiffies]
[exit 0]
--- lexindex string   load 0.84 0.84 0.79
1000000 keys
lexindex StringIndex: build 1474 ms, size 30.276 MiB (31.746 B/key), latency cold 555.6 ns, then mean 551.1 / min 546.2 ns
1473.883,30.275526,555.568
[time 4.25 s, user 4.12 s, sys 0.11 s, maxrss 213492 KB]
[busy 435 jiffies]
[exit 0]
--- lexindex routed1024   load 0.85 0.85 0.80
1000000 keys
lexindex DictIndex block 1024 routed: build 354 ms, size 6.626 MiB (6.948 B/key), latency cold 434.9 ns, then mean 430.8 / min 429.7 ns
353.650,6.626197,434.892
[time 2.67 s, user 4.12 s, sys 0.30 s, maxrss 301356 KB]
[busy 452 jiffies]
[exit 0]
--- lexindex routed256   load 0.86 0.85 0.80
1000000 keys
lexindex DictIndex block 256 routed: build 349 ms, size 7.021 MiB (7.362 B/key), latency cold 410.9 ns, then mean 401.9 / min 399.7 ns
349.418,7.020744,410.861
[time 2.54 s, user 5.01 s, sys 0.30 s, maxrss 300248 KB]
[busy 547 jiffies]
[exit 0]
--- lexindex routed32   load 0.87 0.85 0.80
1000000 keys
lexindex DictIndex block 32 routed: build 330 ms, size 7.440 MiB (7.802 B/key), latency cold 442.5 ns, then mean 418.1 / min 414.4 ns
330.024,7.440177,442.477
[time 2.60 s, user 4.93 s, sys 0.30 s, maxrss 301748 KB]
[busy 536 jiffies]
[exit 0]
--- lexindex dict1024   load 0.80 0.84 0.79
1000000 keys
lexindex DictIndex block 1024: build 352 ms, size 6.388 MiB (6.698 B/key), latency cold 525.3 ns, then mean 525.8 / min 521.8 ns
351.780,6.387671,525.282
[time 3.05 s, user 4.51 s, sys 0.28 s, maxrss 302452 KB]
[busy 495 jiffies]
[exit 0]
--- lexindex dict256   load 0.80 0.84 0.79
1000000 keys
lexindex DictIndex block 256: build 345 ms, size 6.544 MiB (6.862 B/key), latency cold 472.6 ns, then mean 468.1 / min 467.5 ns
345.090,6.543816,472.634
[time 2.80 s, user 5.18 s, sys 0.35 s, maxrss 300332 KB]
[busy 565 jiffies]
[exit 0]
--- lexindex dict32   load 0.82 0.84 0.80
1000000 keys
lexindex DictIndex block 32: build 332 ms, size 6.963 MiB (7.302 B/key), latency cold 446.1 ns, then mean 441.8 / min 441.4 ns
331.902,6.963340,446.103
[time 2.68 s, user 5.00 s, sys 0.34 s, maxrss 301776 KB]
[busy 545 jiffies]
[exit 0]

##### titles-en-1000000 (1000000 lines, 21984647 bytes)   round 2/3   2026-09-25T08:49:13+03:00
--- xcdat 16   load 0.84 0.84 0.80
build time: 608.231247 ms
space cost: 16.875467 MiB (84.324554% of original size 20.012519 MiB)
avg latency: 254.190602 ns
608.231247,16.875467,254.190602
[time 1.44 s, user 1.33 s, sys 0.10 s, maxrss 164672 KB]
[busy 148 jiffies]
[exit 0]
--- xcdat 15   load 0.84 0.84 0.80
build time: 631.274571 ms
space cost: 16.333202 MiB (81.614925% of original size 20.012519 MiB)
avg latency: 238.249403 ns
631.274571,16.333202,238.249403
[time 1.45 s, user 1.33 s, sys 0.11 s, maxrss 163348 KB]
[busy 147 jiffies]
[exit 0]
--- xcdat 8   load 0.85 0.85 0.80
build time: 606.372735 ms
space cost: 14.333878 MiB (71.624555% of original size 20.012519 MiB)
avg latency: 255.682485 ns
606.372735,14.333878,255.682485
[time 1.45 s, user 1.33 s, sys 0.11 s, maxrss 161308 KB]
[busy 149 jiffies]
[exit 0]
--- xcdat 7   load 0.85 0.85 0.80
build time: 635.154934 ms
space cost: 14.813288 MiB (74.020106% of original size 20.012519 MiB)
avg latency: 259.187792 ns
635.154934,14.813288,259.187792
[time 1.48 s, user 1.36 s, sys 0.10 s, maxrss 161832 KB]
[busy 151 jiffies]
[exit 0]
--- c2 case 8 rec 0   load 0.86 0.85 0.80
[TEST CART]
Processing dataset...
Done!
Building trie...
Done!
build time: 213.139616 ms (213.139616 ns per key)
space cost: 14.850546 MB (74.206280% of original size 20.012519 MB)
Querying trie...
Done!
total time: 458.322860 ms, avg latency: 458.322860 ns
not implemented
213.139616,14.850546,458.322860
[PASSED]
[time 1.26 s, user 1.16 s, sys 0.08 s, maxrss 163716 KB]
[busy 131 jiffies]
[exit 0]
--- c2 case 7 rec 0   load 0.86 0.85 0.80
[TEST ART]
Processing dataset...
Done!
Building trie...
Done!
build time: 159.921364 ms (159.921364 ns per key)
space cost: 32.696541 MB (163.380437% of original size 20.012519 MB)
Querying trie...
Done!
total time: 387.182899 ms, avg latency: 387.182899 ns
not implemented
159.921364,32.696541,387.182899
[PASSED]
[time 1.12 s, user 1.01 s, sys 0.10 s, maxrss 176572 KB]
[busy 114 jiffies]
[exit 0]
--- c2 case 6 rec 0   load 0.87 0.85 0.80
[TEST PDT]
Processing dataset...
Done!
Building trie...
dict size: 157446, stream size: 7395682
Done!
build time: 3400.506138 ms (3400.506138 ns per key)
space cost: 8.479283 MB (42.369895% of original size 20.012519 MB)
Querying trie...
Done!
total time: 644.757189 ms, avg latency: 644.757189 ns
not implemented
3400.506138,8.479283,644.757189
[PASSED]
[time 4.62 s, user 4.42 s, sys 0.18 s, maxrss 256732 KB]
[busy 470 jiffies]
[exit 0]
--- c2 case 5 rec 2   load 0.88 0.86 0.80
[TEST MARISA]
Processing dataset...
Done!
Building trie...
Done!
build time: 828.673225 ms (828.673225 ns per key)
space cost: 7.806685 MB (39.009010% of original size 20.012519 MB)
Querying trie...
Done!
total time: 889.767528 ms, avg latency: 889.767528 ns
not implemented
828.673225,7.806685,889.767528
[PASSED]
[time 2.28 s, user 2.13 s, sys 0.14 s, maxrss 195296 KB]
[busy 236 jiffies]
[exit 0]
--- c2 case 5 rec 1   load 0.81 0.84 0.80
[TEST MARISA]
Processing dataset...
Done!
Building trie...
Done!
build time: 772.798102 ms (772.798102 ns per key)
space cost: 8.680676 MB (43.376231% of original size 20.012519 MB)
Querying trie...
Done!
total time: 784.726648 ms, avg latency: 784.726648 ns
not implemented
772.798102,8.680676,784.726648
[PASSED]
[time 2.13 s, user 1.99 s, sys 0.13 s, maxrss 195088 KB]
[busy 218 jiffies]
[exit 0]
--- c2 case 5 rec 0   load 0.81 0.84 0.80
[TEST MARISA]
Processing dataset...
Done!
Building trie...
Done!
build time: 603.283418 ms (603.283418 ns per key)
space cost: 12.537066 MB (62.646119% of original size 20.012519 MB)
Querying trie...
Done!
total time: 494.152563 ms, avg latency: 494.152563 ns
not implemented
603.283418,12.537066,494.152563
[PASSED]
[time 1.67 s, user 1.54 s, sys 0.13 s, maxrss 195196 KB]
[busy 172 jiffies]
[exit 0]
--- c2 case 4 rec 0   skipped: exit 134 in round 1
--- c2 case 3 rec 0   load 0.83 0.84 0.80
[TEST FST]
Processing dataset...
Done!
Building trie...
Done!
build time: 791.502072 ms (791.502072 ns per key)
space cost: 12.223534 MB (61.079436% of original size 20.012519 MB)
Querying trie...
Done!
total time: 678.311597 ms, avg latency: 678.311597 ns
not implemented
791.502072,12.223534,678.311597
[PASSED]
[time 2.04 s, user 1.95 s, sys 0.08 s, maxrss 131000 KB]
[busy 209 jiffies]
[exit 0]
--- c2 case 2 rec 2   load 0.83 0.84 0.80
[TEST C2-MARISA]
Processing dataset...
Done!
Building trie...
trie size: 2.238578 MB
trie size: 3.821277 MB
trie size: 1.037524 MB
Done!
build time: 1523.631395 ms (1523.631395 ns per key)
space cost: 8.586061 MB (42.903452% of original size 20.012519 MB)
Querying trie...
Done!
total time: 490.673004 ms, avg latency: 490.673004 ns
topology: 1.213478 MB, link: 2.963206 MB, data: 4.388869 MB
--- Unary Path Analysis (Marisa, cutoff=3) ---
  branches: 1523874  |  single-char: 417651 (27.4%)  short-unary: 97461 (6.4%)  links: 1008762 (66.2%)
  link len: avg=12.11  max=234  total_chars=12215333
  link length distribution (len:count):  3:76859  4:82017  5:81216  6:79010  7:72564  8:64127  9:55531  10:50303  11:44703  12:39548  13:35394  14:31778  15:31462  16:28952  17:25995  18:23521  19:19840  20:18044  21:16382  22:14569  23:12399  24:11015  25:9715  26:8556  27:8141  28:7267  29:6255  30:5853  31:5207  32:4578  33:4049  34:3736  35:3293  36:2910  37:2688  38:2423  39:2074  40:1908  41:1670  42:1511  43:1333  44:1158  45:939  46:855  47:728  48:689  49:615  50:544  51:465  52:457  53:344  54:344  55:284  56:276  57:242  58:216  59:216  60:177  61:159  62:140  63:127  64:109  65:95  66:79  67:80  68:79  69:75  70:69  71:69  72:55  73:51  74:42  75:46  76:42  77:35  78:41  79:38  80:39  81:21  82:18  83:21  84:19  85:14  86:18  87:14  88:15  89:11  90:14  91:13  92:7  93:5  94:8  95:7  96:5  97:9  98:8  99:5  100:7  101:11  102:5  103:6  104:3  105:3  106:3  107:5  108:4  109:5  110:1  111:2  112:6  113:1  114:1  115:1  116:4  117:1  119:1  120:2  122:2  124:2  126:1  127:1  129:1  130:1  132:1  133:2  135:1  136:1  137:1  138:3  139:1  140:1  142:2  146:1  153:1  155:1  157:1  160:3  166:1  169:1  175:1  176:1  180:1  182:1  200:1  202:1  203:1  205:1  208:1  217:1  218:1  220:1  234:1
  short unary avg len: 2.00
1523.631395,8.586061,490.673004
[PASSED]
[time 2.58 s, user 2.43 s, sys 0.14 s, maxrss 197280 KB]
[busy 263 jiffies]
[exit 0]
--- c2 case 2 rec 1   load 0.84 0.85 0.80
[TEST C2-MARISA]
Processing dataset...
Done!
Building trie...
trie size: 2.238578 MB
trie size: 3.821277 MB
Done!
build time: 1391.179894 ms (1391.179894 ns per key)
space cost: 8.586061 MB (42.903452% of original size 20.012519 MB)
Querying trie...
Done!
total time: 494.106386 ms, avg latency: 494.106386 ns
topology: 1.213478 MB, link: 2.963206 MB, data: 4.388869 MB
--- Unary Path Analysis (Marisa, cutoff=3) ---
  branches: 1523874  |  single-char: 417651 (27.4%)  short-unary: 97461 (6.4%)  links: 1008762 (66.2%)
  link len: avg=12.11  max=234  total_chars=12215333
  link length distribution (len:count):  3:76859  4:82017  5:81216  6:79010  7:72564  8:64127  9:55531  10:50303  11:44703  12:39548  13:35394  14:31778  15:31462  16:28952  17:25995  18:23521  19:19840  20:18044  21:16382  22:14569  23:12399  24:11015  25:9715  26:8556  27:8141  28:7267  29:6255  30:5853  31:5207  32:4578  33:4049  34:3736  35:3293  36:2910  37:2688  38:2423  39:2074  40:1908  41:1670  42:1511  43:1333  44:1158  45:939  46:855  47:728  48:689  49:615  50:544  51:465  52:457  53:344  54:344  55:284  56:276  57:242  58:216  59:216  60:177  61:159  62:140  63:127  64:109  65:95  66:79  67:80  68:79  69:75  70:69  71:69  72:55  73:51  74:42  75:46  76:42  77:35  78:41  79:38  80:39  81:21  82:18  83:21  84:19  85:14  86:18  87:14  88:15  89:11  90:14  91:13  92:7  93:5  94:8  95:7  96:5  97:9  98:8  99:5  100:7  101:11  102:5  103:6  104:3  105:3  106:3  107:5  108:4  109:5  110:1  111:2  112:6  113:1  114:1  115:1  116:4  117:1  119:1  120:2  122:2  124:2  126:1  127:1  129:1  130:1  132:1  133:2  135:1  136:1  137:1  138:3  139:1  140:1  142:2  146:1  153:1  155:1  157:1  160:3  166:1  169:1  175:1  176:1  180:1  182:1  200:1  202:1  203:1  205:1  208:1  217:1  218:1  220:1  234:1
  short unary avg len: 2.00
1391.179894,8.586061,494.106386
[PASSED]
[time 2.46 s, user 2.28 s, sys 0.16 s, maxrss 197028 KB]
[busy 252 jiffies]
[exit 0]
--- c2 case 2 rec 0   load 0.85 0.85 0.80
[TEST C2-MARISA]
Processing dataset...
Done!
Building trie...
trie size: 2.238578 MB
Done!
build time: 1029.655073 ms (1029.655073 ns per key)
space cost: 10.766413 MB (53.798389% of original size 20.012519 MB)
Querying trie...
Done!
total time: 369.783571 ms, avg latency: 369.783571 ns
topology: 0.741383 MB, link: 2.768053 MB, data: 7.236469 MB
--- Unary Path Analysis (Marisa, cutoff=3) ---
  branches: 1523874  |  single-char: 417651 (27.4%)  short-unary: 97461 (6.4%)  links: 1008762 (66.2%)
  link len: avg=12.11  max=234  total_chars=12215333
  link length distribution (len:count):  3:76859  4:82017  5:81216  6:79010  7:72564  8:64127  9:55531  10:50303  11:44703  12:39548  13:35394  14:31778  15:31462  16:28952  17:25995  18:23521  19:19840  20:18044  21:16382  22:14569  23:12399  24:11015  25:9715  26:8556  27:8141  28:7267  29:6255  30:5853  31:5207  32:4578  33:4049  34:3736  35:3293  36:2910  37:2688  38:2423  39:2074  40:1908  41:1670  42:1511  43:1333  44:1158  45:939  46:855  47:728  48:689  49:615  50:544  51:465  52:457  53:344  54:344  55:284  56:276  57:242  58:216  59:216  60:177  61:159  62:140  63:127  64:109  65:95  66:79  67:80  68:79  69:75  70:69  71:69  72:55  73:51  74:42  75:46  76:42  77:35  78:41  79:38  80:39  81:21  82:18  83:21  84:19  85:14  86:18  87:14  88:15  89:11  90:14  91:13  92:7  93:5  94:8  95:7  96:5  97:9  98:8  99:5  100:7  101:11  102:5  103:6  104:3  105:3  106:3  107:5  108:4  109:5  110:1  111:2  112:6  113:1  114:1  115:1  116:4  117:1  119:1  120:2  122:2  124:2  126:1  127:1  129:1  130:1  132:1  133:2  135:1  136:1  137:1  138:3  139:1  140:1  142:2  146:1  153:1  155:1  157:1  160:3  166:1  169:1  175:1  176:1  180:1  182:1  200:1  202:1  203:1  205:1  208:1  217:1  218:1  220:1  234:1
  short unary avg len: 2.00
1029.655073,10.766413,369.783571
[PASSED]
[time 1.96 s, user 1.80 s, sys 0.15 s, maxrss 201364 KB]
[busy 202 jiffies]
[exit 0]
--- c2 case 1 rec 2   load 0.85 0.85 0.80
[TEST C2-CoCo(LOUDS-Sparse)]
Processing dataset...
Done!
Building trie...
trie size: 3.096522 MB
trie size: 0.887704 MB
Done!
build time: 2531.629009 ms (2531.629009 ns per key)
space cost: 10.462785 MB (52.281201% of original size 20.012519 MB)
Querying trie...
Done!
total time: 849.380340 ms, avg latency: 849.380340 ns
topology: 0.833210 MB, link: 3.468150 MB, data: 6.161425 MB
2531.629009,10.462785,849.380340
[PASSED]
[time 3.94 s, user 3.73 s, sys 0.20 s, maxrss 344788 KB]
[busy 404 jiffies]
[exit 0]
--- c2 case 1 rec 1   load 0.87 0.85 0.80
[TEST C2-CoCo(LOUDS-Sparse)]
Processing dataset...
Done!
Building trie...
trie size: 3.096522 MB
Done!
build time: 2418.032711 ms (2418.032711 ns per key)
space cost: 10.462785 MB (52.281201% of original size 20.012519 MB)
Querying trie...
Done!
total time: 849.112587 ms, avg latency: 849.112587 ns
topology: 0.833210 MB, link: 3.468150 MB, data: 6.161425 MB
2418.032711,10.462785,849.112587
[PASSED]
[time 3.83 s, user 3.64 s, sys 0.18 s, maxrss 344884 KB]
[busy 393 jiffies]
[exit 0]
--- c2 case 1 rec 0   load 0.88 0.86 0.81
[TEST C2-CoCo(LOUDS-Sparse)]
Processing dataset...
Done!
Building trie...
Done!
build time: 2096.549590 ms (2096.549590 ns per key)
space cost: 12.265971 MB (61.291488% of original size 20.012519 MB)
Querying trie...
Done!
total time: 726.670806 ms, avg latency: 726.670806 ns
topology: 0.432648 MB, link: 3.282862 MB, data: 8.550461 MB
2096.549590,12.265971,726.670806
[PASSED]
[time 3.38 s, user 3.19 s, sys 0.18 s, maxrss 358040 KB]
[busy 346 jiffies]
[exit 0]
--- c2 case 0 rec 2   load 0.89 0.86 0.81
[TEST C2-FST]
Processing dataset...
Done!
Building trie...
trie size: 3.096522 MB
trie size: 0.887704 MB
Done!
build time: 1450.005753 ms (1450.005753 ns per key)
space cost: 9.522977 MB (47.585099% of original size 20.012519 MB)
Querying trie...
Done!
total time: 594.508648 ms, avg latency: 594.508648 ns
topology: 1.448536 MB, link: 2.515947 MB, data: 5.558494 MB
--- Unary Path Analysis (FST, cutoff=4) ---
  shared unary steps in main trie: 632648
  terminal suffixes: inplace=148307 (avg len=2.14)  links=794871 (84.3% of terminal)
  link len: avg=12.03  max=232  total_chars=9558452
  link length distribution (len:count):  4:67686  5:69275  6:65423  7:58787  8:51921  9:47544  10:42795  11:38054  12:34227  13:30736  14:30694  15:28260  16:25308  17:22807  18:19264  19:17586  20:15912  21:14224  22:12066  23:10759  24:9477  25:8347  26:7925  27:7112  28:6113  29:5746  30:5072  31:4462  32:3927  33:3658  34:3228  35:2847  36:2644  37:2353  38:2038  39:1870  40:1644  41:1489  42:1315  43:1143  44:928  45:846  46:722  47:679  48:610  49:543  50:459  51:451  52:342  53:339  54:284  55:273  56:239  57:215  58:214  59:177  60:158  61:140  62:127  63:109  64:95  65:79  66:80  67:78  68:75  69:69  70:68  71:54  72:51  73:42  74:46  75:42  76:35  77:41  78:38  79:39  80:21  81:18  82:21  83:19  84:14  85:18  86:14  87:15  88:11  89:14  90:13  91:7  92:5  93:8  94:7  95:5  96:8  97:8  98:5  99:7  100:11  101:5  102:6  103:3  104:3  105:3  106:5  107:4  108:5  109:1  110:2  111:6  112:1  113:1  114:1  115:4  116:1  118:1  119:2  121:2  123:2  125:1  126:1  128:1  129:1  131:1  132:2  134:1  135:1  136:1  137:3  138:1  139:1  141:2  145:1  152:1  154:1  156:1  159:3  165:1  168:1  174:1  175:1  179:1  181:1  199:1  201:1  202:1  204:1  207:1  216:1  217:1  219:1  233:1
1450.005753,9.522977,594.508648
[PASSED]
[time 2.61 s, user 2.45 s, sys 0.15 s, maxrss 180680 KB]
[busy 265 jiffies]
[exit 0]
--- c2 case 0 rec 1   load 0.90 0.86 0.81
[TEST C2-FST]
Processing dataset...
Done!
Building trie...
trie size: 3.096522 MB
Done!
build time: 1342.497607 ms (1342.497607 ns per key)
space cost: 9.522977 MB (47.585099% of original size 20.012519 MB)
Querying trie...
Done!
total time: 592.259612 ms, avg latency: 592.259612 ns
topology: 1.448536 MB, link: 2.515947 MB, data: 5.558494 MB
--- Unary Path Analysis (FST, cutoff=4) ---
  shared unary steps in main trie: 632648
  terminal suffixes: inplace=148307 (avg len=2.14)  links=794871 (84.3% of terminal)
  link len: avg=12.03  max=232  total_chars=9558452
  link length distribution (len:count):  4:67686  5:69275  6:65423  7:58787  8:51921  9:47544  10:42795  11:38054  12:34227  13:30736  14:30694  15:28260  16:25308  17:22807  18:19264  19:17586  20:15912  21:14224  22:12066  23:10759  24:9477  25:8347  26:7925  27:7112  28:6113  29:5746  30:5072  31:4462  32:3927  33:3658  34:3228  35:2847  36:2644  37:2353  38:2038  39:1870  40:1644  41:1489  42:1315  43:1143  44:928  45:846  46:722  47:679  48:610  49:543  50:459  51:451  52:342  53:339  54:284  55:273  56:239  57:215  58:214  59:177  60:158  61:140  62:127  63:109  64:95  65:79  66:80  67:78  68:75  69:69  70:68  71:54  72:51  73:42  74:46  75:42  76:35  77:41  78:38  79:39  80:21  81:18  82:21  83:19  84:14  85:18  86:14  87:15  88:11  89:14  90:13  91:7  92:5  93:8  94:7  95:5  96:8  97:8  98:5  99:7  100:11  101:5  102:6  103:3  104:3  105:3  106:5  107:4  108:5  109:1  110:2  111:6  112:1  113:1  114:1  115:4  116:1  118:1  119:2  121:2  123:2  125:1  126:1  128:1  129:1  131:1  132:2  134:1  135:1  136:1  137:3  138:1  139:1  141:2  145:1  152:1  154:1  156:1  159:3  165:1  168:1  174:1  175:1  179:1  181:1  199:1  201:1  202:1  204:1  207:1  216:1  217:1  219:1  233:1
1342.497607,9.522977,592.259612
[PASSED]
[time 2.50 s, user 2.36 s, sys 0.13 s, maxrss 181156 KB]
[busy 256 jiffies]
[exit 0]
--- c2 case 0 rec 0   load 0.82 0.85 0.80
[TEST C2-FST]
Processing dataset...
Done!
Building trie...
Done!
build time: 1020.731654 ms (1020.731654 ns per key)
space cost: 11.326162 MB (56.595386% of original size 20.012519 MB)
Querying trie...
Done!
total time: 465.819328 ms, avg latency: 465.819328 ns
topology: 1.047974 MB, link: 2.330659 MB, data: 7.947530 MB
--- Unary Path Analysis (FST, cutoff=4) ---
  shared unary steps in main trie: 632648
  terminal suffixes: inplace=148307 (avg len=2.14)  links=794871 (84.3% of terminal)
  link len: avg=12.03  max=232  total_chars=9558452
  link length distribution (len:count):  4:67686  5:69275  6:65423  7:58787  8:51921  9:47544  10:42795  11:38054  12:34227  13:30736  14:30694  15:28260  16:25308  17:22807  18:19264  19:17586  20:15912  21:14224  22:12066  23:10759  24:9477  25:8347  26:7925  27:7112  28:6113  29:5746  30:5072  31:4462  32:3927  33:3658  34:3228  35:2847  36:2644  37:2353  38:2038  39:1870  40:1644  41:1489  42:1315  43:1143  44:928  45:846  46:722  47:679  48:610  49:543  50:459  51:451  52:342  53:339  54:284  55:273  56:239  57:215  58:214  59:177  60:158  61:140  62:127  63:109  64:95  65:79  66:80  67:78  68:75  69:69  70:68  71:54  72:51  73:42  74:46  75:42  76:35  77:41  78:38  79:39  80:21  81:18  82:21  83:19  84:14  85:18  86:14  87:15  88:11  89:14  90:13  91:7  92:5  93:8  94:7  95:5  96:8  97:8  98:5  99:7  100:11  101:5  102:6  103:3  104:3  105:3  106:5  107:4  108:5  109:1  110:2  111:6  112:1  113:1  114:1  115:4  116:1  118:1  119:2  121:2  123:2  125:1  126:1  128:1  129:1  131:1  132:2  134:1  135:1  136:1  137:3  138:1  139:1  141:2  145:1  152:1  154:1  156:1  159:3  165:1  168:1  174:1  175:1  179:1  181:1  199:1  201:1  202:1  204:1  207:1  216:1  217:1  219:1  233:1
1020.731654,11.326162,465.819328
[PASSED]
[time 2.04 s, user 1.91 s, sys 0.12 s, maxrss 185148 KB]
[busy 208 jiffies]
[exit 0]
--- lexindex da   skipped: exit 3 in round 1
--- lexindex hashed16   load 0.82 0.85 0.80
1000000 keys
lexindex HashedDictIndex fp=16: build 522 ms, size 11.549 MiB (12.110 B/key), latency cold 50.4 ns, then mean 48.0 / min 46.6 ns
522.125,11.549380,50.358
[time 1.20 s, user 3.88 s, sys 0.45 s, maxrss 278308 KB]
[busy 447 jiffies]
[exit 0]
--- lexindex hashed8   load 0.84 0.85 0.81
1000000 keys
lexindex HashedDictIndex fp=8: build 518 ms, size 10.596 MiB (11.110 B/key), latency cold 49.4 ns, then mean 45.9 / min 45.6 ns
517.524,10.595706,49.391
[time 1.20 s, user 3.89 s, sys 0.44 s, maxrss 277480 KB]
[busy 441 jiffies]
[exit 0]
--- lexindex hashed0   load 0.84 0.85 0.81
1000000 keys
lexindex HashedDictIndex closed: build 524 ms, size 9.642 MiB (10.110 B/key), latency cold 42.2 ns, then mean 38.6 / min 38.5 ns
523.739,9.642032,42.182
[time 1.17 s, user 3.83 s, sys 0.48 s, maxrss 276240 KB]
[busy 441 jiffies]
[exit 0]
--- lexindex string   load 0.77 0.83 0.80
1000000 keys
lexindex StringIndex: build 961 ms, size 16.482 MiB (17.283 B/key), latency cold 329.5 ns, then mean 327.7 / min 323.8 ns
961.076,16.482312,329.477
[time 2.77 s, user 2.67 s, sys 0.08 s, maxrss 164276 KB]
[busy 283 jiffies]
[exit 0]
--- lexindex routed1024   load 0.77 0.83 0.80
1000000 keys
lexindex DictIndex block 1024 routed: build 437 ms, size 7.116 MiB (7.462 B/key), latency cold 347.6 ns, then mean 345.7 / min 345.1 ns
437.171,7.116325,347.641
[time 2.32 s, user 3.93 s, sys 0.31 s, maxrss 281752 KB]
[busy 432 jiffies]
[exit 0]
--- lexindex routed256   load 1.35 0.95 0.84
1000000 keys
lexindex DictIndex block 256 routed: build 421 ms, size 7.506 MiB (7.870 B/key), latency cold 318.2 ns, then mean 306.3 / min 303.8 ns
420.748,7.505601,318.182
[time 2.16 s, user 4.78 s, sys 0.40 s, maxrss 274288 KB]
[busy 535 jiffies]
[exit 0]
--- lexindex routed32   load 1.24 0.94 0.84
1000000 keys
lexindex DictIndex block 32 routed: build 406 ms, size 7.924 MiB (8.309 B/key), latency cold 346.7 ns, then mean 334.9 / min 334.1 ns
405.662,7.923737,346.746
[time 2.26 s, user 4.81 s, sys 0.45 s, maxrss 275792 KB]
[busy 541 jiffies]
[exit 0]
--- lexindex dict1024   load 1.24 0.94 0.84
1000000 keys
lexindex DictIndex block 1024: build 436 ms, size 6.878 MiB (7.212 B/key), latency cold 446.2 ns, then mean 441.4 / min 440.7 ns
436.252,6.877800,446.204
[time 2.71 s, user 4.31 s, sys 0.33 s, maxrss 275492 KB]
[busy 476 jiffies]
[exit 0]
--- lexindex dict256   load 1.22 0.94 0.84
1000000 keys
lexindex DictIndex block 256: build 413 ms, size 7.029 MiB (7.370 B/key), latency cold 391.2 ns, then mean 386.2 / min 385.6 ns
413.351,7.028672,391.162
[time 2.46 s, user 5.12 s, sys 0.43 s, maxrss 272592 KB]
[busy 569 jiffies]
[exit 0]
--- lexindex dict32   load 1.20 0.94 0.84
1000000 keys
lexindex DictIndex block 32: build 407 ms, size 7.447 MiB (7.809 B/key), latency cold 373.5 ns, then mean 373.0 / min 368.6 ns
406.909,7.446899,373.507
[time 2.41 s, user 4.98 s, sys 0.44 s, maxrss 275132 KB]
[busy 554 jiffies]
[exit 0]

##### pypi-full (895600 lines, 12836944 bytes)   round 2/3   2026-09-25T08:50:51+03:00
--- xcdat 16   load 1.20 0.94 0.84
build time: 351.082777 ms
space cost: 8.846028 MiB (77.677462% of original size 11.388153 MiB)
avg latency: 142.181433 ns
351.082777,8.846028,142.181433
[time 0.88 s, user 0.78 s, sys 0.09 s, maxrss 125608 KB]
[busy 90 jiffies]
[exit 0]
--- xcdat 15   load 1.19 0.94 0.84
build time: 371.312594 ms
space cost: 8.468211 MiB (74.359829% of original size 11.388153 MiB)
avg latency: 134.587640 ns
371.312594,8.468211,134.587640
[time 0.90 s, user 0.81 s, sys 0.08 s, maxrss 125704 KB]
[busy 93 jiffies]
[exit 0]
--- xcdat 8   load 1.19 0.94 0.84
build time: 348.026424 ms
space cost: 7.110240 MiB (62.435409% of original size 11.388153 MiB)
avg latency: 164.157569 ns
348.026424,7.110240,164.157569
[time 0.89 s, user 0.81 s, sys 0.08 s, maxrss 125684 KB]
[busy 91 jiffies]
[exit 0]
--- xcdat 7   load 1.09 0.93 0.83
build time: 373.755125 ms
space cost: 7.492425 MiB (65.791397% of original size 11.388153 MiB)
avg latency: 163.413350 ns
373.755125,7.492425,163.413350
[time 0.92 s, user 0.84 s, sys 0.08 s, maxrss 125268 KB]
[busy 95 jiffies]
[exit 0]
--- c2 case 8 rec 0   load 1.09 0.93 0.83
[TEST CART]
Processing dataset...
Done!
Building trie...
Done!
build time: 141.161139 ms (157.616278 ns per key)
space cost: 12.769355 MB (112.128409% of original size 11.388153 MB)
Querying trie...
Done!
total time: 317.679754 ms, avg latency: 354.711650 ns
not implemented
141.161139,12.769355,354.711650
[PASSED]
[time 0.86 s, user 0.78 s, sys 0.07 s, maxrss 121816 KB]
[busy 90 jiffies]
[exit 0]
--- c2 case 7 rec 0   load 1.09 0.93 0.83
[TEST ART]
Processing dataset...
Done!
Building trie...
Done!
build time: 97.163476 ms (108.489812 ns per key)
space cost: 28.831062 MB (253.167148% of original size 11.388153 MB)
Querying trie...
Done!
total time: 258.869695 ms, avg latency: 289.046109 ns
not implemented
97.163476,28.831062,289.046109
[PASSED]
[time 0.76 s, user 0.68 s, sys 0.06 s, maxrss 124652 KB]
[busy 77 jiffies]
[exit 0]
--- c2 case 6 rec 0   load 1.08 0.93 0.83
[TEST PDT]
Processing dataset...
Done!
Building trie...
dict size: 158882, stream size: 3197544
Done!
build time: 1538.248204 ms (1717.561639 ns per key)
space cost: 4.343886 MB (38.143906% of original size 11.388153 MB)
Querying trie...
Done!
total time: 462.167745 ms, avg latency: 516.042592 ns
not implemented
1538.248204,4.343886,516.042592
[PASSED]
[time 2.41 s, user 2.32 s, sys 0.08 s, maxrss 139616 KB]
[busy 249 jiffies]
[exit 0]
--- c2 case 5 rec 2   load 1.08 0.93 0.83
[TEST MARISA]
Processing dataset...
Done!
Building trie...
Done!
build time: 440.585317 ms (491.944302 ns per key)
space cost: 3.852798 MB (33.831627% of original size 11.388153 MB)
Querying trie...
Done!
total time: 478.973788 ms, avg latency: 534.807713 ns
not implemented
440.585317,3.852798,534.807713
[PASSED]
[time 1.29 s, user 1.21 s, sys 0.07 s, maxrss 132744 KB]
[busy 131 jiffies]
[exit 0]
--- c2 case 5 rec 1   load 1.08 0.93 0.84
[TEST MARISA]
Processing dataset...
Done!
Building trie...
Done!
build time: 435.937581 ms (486.754780 ns per key)
space cost: 4.061914 MB (35.667895% of original size 11.388153 MB)
Querying trie...
Done!
total time: 455.458427 ms, avg latency: 508.551169 ns
not implemented
435.937581,4.061914,508.551169
[PASSED]
[time 1.27 s, user 1.18 s, sys 0.09 s, maxrss 132684 KB]
[busy 131 jiffies]
[exit 0]
--- c2 case 5 rec 0   load 1.08 0.93 0.84
[TEST MARISA]
Processing dataset...
Done!
Building trie...
Done!
build time: 384.293469 ms (429.090519 ns per key)
space cost: 5.346809 MB (46.950628% of original size 11.388153 MB)
Querying trie...
Done!
total time: 342.326111 ms, avg latency: 382.231031 ns
not implemented
384.293469,5.346809,382.231031
[PASSED]
[time 1.13 s, user 1.03 s, sys 0.09 s, maxrss 132836 KB]
[busy 116 jiffies]
[exit 0]
--- c2 case 4 rec 0   load 1.07 0.93 0.84
[TEST COCO]
Processing dataset...
Done!
Building trie...
num nodes = 377711, average depth = 5.232855
ef = 0.000439, pa = 0.203121, bv = 0.001033, de = 0.703067
efr = 0.002123, par = 0.078563, bvr = 0.000029, der = 0.011625
Done!
build time: 7762.165536 ms (8667.000375 ns per key)
space cost: 7.712429 MB (67.723262% of original size 11.388153 MB)
Querying trie...
Done!
total time: 437.415469 ms, avg latency: 488.404945 ns
not implemented
7762.165536,7.712429,488.404945
[PASSED]
[time 8.87 s, user 6.95 s, sys 1.88 s, maxrss 4372704 KB]
[busy 904 jiffies]
[exit 0]
--- c2 case 3 rec 0   load 1.06 0.93 0.84
[TEST FST]
Processing dataset...
Done!
Building trie...
Done!
build time: 507.650489 ms (566.827254 ns per key)
space cost: 5.913843 MB (51.929783% of original size 11.388153 MB)
Querying trie...
Done!
total time: 482.082310 ms, avg latency: 538.278595 ns
not implemented
507.650489,5.913843,538.278595
[PASSED]
[time 1.37 s, user 1.30 s, sys 0.06 s, maxrss 87172 KB]
[busy 142 jiffies]
[exit 0]
--- c2 case 2 rec 2   load 1.06 0.93 0.84
[TEST C2-MARISA]
Processing dataset...
Done!
Building trie...
trie size: 2.048235 MB
trie size: 2.033304 MB
trie size: 0.241896 MB
Done!
build time: 592.407540 ms (661.464426 ns per key)
space cost: 4.556563 MB (40.011434% of original size 11.388153 MB)
Querying trie...
Done!
total time: 290.183662 ms, avg latency: 324.010342 ns
topology: 0.845192 MB, link: 1.658626 MB, data: 2.032238 MB
--- Unary Path Analysis (Marisa, cutoff=3) ---
  branches: 1299053  |  single-char: 486988 (37.5%)  short-unary: 135839 (10.5%)  links: 676226 (52.1%)
  link len: avg=7.04  max=178  total_chars=4759844
  link length distribution (len:count):  3:129138  4:106899  5:84856  6:73131  7:58892  8:44392  9:36260  10:29010  11:21889  12:17780  13:15419  14:12564  15:9815  16:7584  17:6145  18:4698  19:3717  20:2895  21:2218  22:1723  23:1373  24:1124  25:897  26:746  27:568  28:440  29:369  30:404  31:318  32:179  33:153  34:107  35:105  36:76  37:46  38:54  39:48  40:27  41:26  42:13  43:21  44:16  45:7  46:10  47:6  48:5  49:10  50:2  51:4  52:5  53:2  54:2  55:2  56:1  57:5  58:3  61:2  63:2  64:1  65:3  66:2  68:2  69:3  72:1  76:1  78:2  83:1  87:1  100:2  107:1  114:1  154:1  178:1
  short unary avg len: 2.00
592.407540,4.556563,324.010342
[PASSED]
[time 1.27 s, user 1.16 s, sys 0.10 s, maxrss 159960 KB]
[busy 131 jiffies]
[exit 0]
--- c2 case 2 rec 1   load 1.06 0.93 0.84
[TEST C2-MARISA]
Processing dataset...
Done!
Building trie...
trie size: 2.048235 MB
trie size: 2.033304 MB
Done!
build time: 576.919504 ms (644.170951 ns per key)
space cost: 4.556563 MB (40.011434% of original size 11.388153 MB)
Querying trie...
Done!
total time: 287.920920 ms, avg latency: 321.483832 ns
topology: 0.845192 MB, link: 1.658626 MB, data: 2.032238 MB
--- Unary Path Analysis (Marisa, cutoff=3) ---
  branches: 1299053  |  single-char: 486988 (37.5%)  short-unary: 135839 (10.5%)  links: 676226 (52.1%)
  link len: avg=7.04  max=178  total_chars=4759844
  link length distribution (len:count):  3:129138  4:106899  5:84856  6:73131  7:58892  8:44392  9:36260  10:29010  11:21889  12:17780  13:15419  14:12564  15:9815  16:7584  17:6145  18:4698  19:3717  20:2895  21:2218  22:1723  23:1373  24:1124  25:897  26:746  27:568  28:440  29:369  30:404  31:318  32:179  33:153  34:107  35:105  36:76  37:46  38:54  39:48  40:27  41:26  42:13  43:21  44:16  45:7  46:10  47:6  48:5  49:10  50:2  51:4  52:5  53:2  54:2  55:2  56:1  57:5  58:3  61:2  63:2  64:1  65:3  66:2  68:2  69:3  72:1  76:1  78:2  83:1  87:1  100:2  107:1  114:1  154:1  178:1
  short unary avg len: 2.00
576.919504,4.556563,321.483832
[PASSED]
[time 1.26 s, user 1.15 s, sys 0.10 s, maxrss 159900 KB]
[busy 129 jiffies]
[exit 0]
--- c2 case 2 rec 0   load 1.06 0.93 0.84
[TEST C2-MARISA]
Processing dataset...
Done!
Building trie...
trie size: 2.048235 MB
Done!
build time: 483.408362 ms (539.759225 ns per key)
space cost: 5.176098 MB (45.451601% of original size 11.388153 MB)
Querying trie...
Done!
total time: 230.317978 ms, avg latency: 257.166121 ns
topology: 0.677906 MB, link: 1.695078 MB, data: 2.782606 MB
--- Unary Path Analysis (Marisa, cutoff=3) ---
  branches: 1299053  |  single-char: 486988 (37.5%)  short-unary: 135839 (10.5%)  links: 676226 (52.1%)
  link len: avg=7.04  max=178  total_chars=4759844
  link length distribution (len:count):  3:129138  4:106899  5:84856  6:73131  7:58892  8:44392  9:36260  10:29010  11:21889  12:17780  13:15419  14:12564  15:9815  16:7584  17:6145  18:4698  19:3717  20:2895  21:2218  22:1723  23:1373  24:1124  25:897  26:746  27:568  28:440  29:369  30:404  31:318  32:179  33:153  34:107  35:105  36:76  37:46  38:54  39:48  40:27  41:26  42:13  43:21  44:16  45:7  46:10  47:6  48:5  49:10  50:2  51:4  52:5  53:2  54:2  55:2  56:1  57:5  58:3  61:2  63:2  64:1  65:3  66:2  68:2  69:3  72:1  76:1  78:2  83:1  87:1  100:2  107:1  114:1  154:1  178:1
  short unary avg len: 2.00
483.408362,5.176098,257.166121
[PASSED]
[time 1.09 s, user 0.99 s, sys 0.09 s, maxrss 159760 KB]
[busy 114 jiffies]
[exit 0]
--- c2 case 1 rec 2   load 0.97 0.92 0.83
[TEST C2-CoCo(LOUDS-Sparse)]
Processing dataset...
Done!
Building trie...
trie size: 1.308683 MB
trie size: 0.188839 MB
Done!
build time: 1260.568310 ms (1407.512628 ns per key)
space cost: 5.495111 MB (48.252874% of original size 11.388153 MB)
Querying trie...
Done!
total time: 521.165276 ms, avg latency: 581.917459 ns
topology: 0.495785 MB, link: 1.824321 MB, data: 3.175006 MB
1260.568310,5.495111,581.917459
[PASSED]
[time 2.17 s, user 2.03 s, sys 0.13 s, maxrss 252960 KB]
[busy 222 jiffies]
[exit 0]
--- c2 case 1 rec 1   load 0.97 0.92 0.83
[TEST C2-CoCo(LOUDS-Sparse)]
Processing dataset...
Done!
Building trie...
trie size: 1.308683 MB
Done!
build time: 1245.964145 ms (1391.206057 ns per key)
space cost: 5.495111 MB (48.252874% of original size 11.388153 MB)
Querying trie...
Done!
total time: 514.651146 ms, avg latency: 574.643977 ns
topology: 0.495785 MB, link: 1.824321 MB, data: 3.175006 MB
1245.964145,5.495111,574.643977
[PASSED]
[time 2.13 s, user 2.01 s, sys 0.11 s, maxrss 253300 KB]
[busy 218 jiffies]
[exit 0]
--- c2 case 1 rec 0   load 0.97 0.92 0.84
[TEST C2-CoCo(LOUDS-Sparse)]
Processing dataset...
Done!
Building trie...
Done!
build time: 1194.113174 ms (1333.310824 ns per key)
space cost: 5.931293 MB (52.083012% of original size 11.388153 MB)
Querying trie...
Done!
total time: 476.796987 ms, avg latency: 532.377163 ns
topology: 0.367439 MB, link: 1.827341 MB, data: 3.736513 MB
1194.113174,5.931293,532.377163
[PASSED]
[time 2.05 s, user 1.92 s, sys 0.12 s, maxrss 253080 KB]
[busy 209 jiffies]
[exit 0]
--- c2 case 0 rec 2   load 0.97 0.92 0.84
[TEST C2-FST]
Processing dataset...
Done!
Building trie...
trie size: 1.308683 MB
trie size: 0.188839 MB
Done!
build time: 473.137730 ms (528.291347 ns per key)
space cost: 5.164801 MB (45.352399% of original size 11.388153 MB)
Querying trie...
Done!
total time: 360.817501 ms, avg latency: 402.877960 ns
topology: 0.984890 MB, link: 1.153795 MB, data: 3.026115 MB
--- Unary Path Analysis (FST, cutoff=4) ---
  shared unary steps in main trie: 346869
  terminal suffixes: inplace=290212 (avg len=1.99)  links=407890 (58.4% of terminal)
  link len: avg=7.08  max=176  total_chars=2886275
  link length distribution (len:count):  4:75217  5:66403  6:54145  7:41199  8:34065  9:27491  10:20897  11:17025  12:14758  13:12079  14:9477  15:7348  16:5933  17:4527  18:3618  19:2821  20:2157  21:1675  22:1346  23:1100  24:876  25:726  26:556  27:430  28:362  29:398  30:314  31:175  32:150  33:104  34:105  35:76  36:46  37:52  38:48  39:27  40:25  41:13  42:21  43:16  44:7  45:10  46:6  47:5  48:10  49:1  50:4  51:5  52:2  53:2  54:2  55:1  56:5  57:3  60:2  62:2  63:1  64:3  65:2  67:1  68:3  71:1  75:1  77:2  82:1  86:1  99:2  106:1  113:1  153:1  177:1
473.137730,5.164801,402.877960
[PASSED]
[time 1.23 s, user 1.13 s, sys 0.09 s, maxrss 130208 KB]
[busy 124 jiffies]
[exit 0]
--- c2 case 0 rec 1   load 0.97 0.92 0.84
[TEST C2-FST]
Processing dataset...
Done!
Building trie...
trie size: 1.308683 MB
Done!
build time: 463.867058 ms (517.939993 ns per key)
space cost: 5.164801 MB (45.352399% of original size 11.388153 MB)
Querying trie...
Done!
total time: 363.204347 ms, avg latency: 405.543040 ns
topology: 0.984890 MB, link: 1.153795 MB, data: 3.026115 MB
--- Unary Path Analysis (FST, cutoff=4) ---
  shared unary steps in main trie: 346869
  terminal suffixes: inplace=290212 (avg len=1.99)  links=407890 (58.4% of terminal)
  link len: avg=7.08  max=176  total_chars=2886275
  link length distribution (len:count):  4:75217  5:66403  6:54145  7:41199  8:34065  9:27491  10:20897  11:17025  12:14758  13:12079  14:9477  15:7348  16:5933  17:4527  18:3618  19:2821  20:2157  21:1675  22:1346  23:1100  24:876  25:726  26:556  27:430  28:362  29:398  30:314  31:175  32:150  33:104  34:105  35:76  36:46  37:52  38:48  39:27  40:25  41:13  42:21  43:16  44:7  45:10  46:6  47:5  48:10  49:1  50:4  51:5  52:2  53:2  54:2  55:1  56:5  57:3  60:2  62:2  63:1  64:3  65:2  67:1  68:3  71:1  75:1  77:2  82:1  86:1  99:2  106:1  113:1  153:1  177:1
463.867058,5.164801,405.543040
[PASSED]
[time 1.23 s, user 1.14 s, sys 0.08 s, maxrss 130268 KB]
[busy 127 jiffies]
[exit 0]
--- c2 case 0 rec 0   load 0.97 0.92 0.84
[TEST C2-FST]
Processing dataset...
Done!
Building trie...
Done!
build time: 400.843390 ms (447.569663 ns per key)
space cost: 5.600983 MB (49.182538% of original size 11.388153 MB)
Querying trie...
Done!
total time: 317.736431 ms, avg latency: 354.774934 ns
topology: 0.856544 MB, link: 1.156816 MB, data: 3.587623 MB
--- Unary Path Analysis (FST, cutoff=4) ---
  shared unary steps in main trie: 346869
  terminal suffixes: inplace=290212 (avg len=1.99)  links=407890 (58.4% of terminal)
  link len: avg=7.08  max=176  total_chars=2886275
  link length distribution (len:count):  4:75217  5:66403  6:54145  7:41199  8:34065  9:27491  10:20897  11:17025  12:14758  13:12079  14:9477  15:7348  16:5933  17:4527  18:3618  19:2821  20:2157  21:1675  22:1346  23:1100  24:876  25:726  26:556  27:430  28:362  29:398  30:314  31:175  32:150  33:104  34:105  35:76  36:46  37:52  38:48  39:27  40:25  41:13  42:21  43:16  44:7  45:10  46:6  47:5  48:10  49:1  50:4  51:5  52:2  53:2  54:2  55:1  56:5  57:3  60:2  62:2  63:1  64:3  65:2  67:1  68:3  71:1  75:1  77:2  82:1  86:1  99:2  106:1  113:1  153:1  177:1
400.843390,5.600983,354.774934
[PASSED]
[time 1.10 s, user 1.02 s, sys 0.07 s, maxrss 130456 KB]
[busy 113 jiffies]
[exit 0]
--- lexindex da   load 0.98 0.92 0.84
895600 keys
lexindex DoubleArrayIndex: build 2122 ms, size 41.584 MiB (48.687 B/key), latency cold 457.3 ns, then mean 436.2 / min 433.0 ns
2121.773,41.583891,457.334
[time 4.11 s, user 3.94 s, sys 0.15 s, maxrss 209944 KB]
[busy 416 jiffies]
[exit 0]
--- lexindex hashed16   load 0.98 0.92 0.84
895600 keys
lexindex HashedDictIndex fp=16: build 261 ms, size 7.605 MiB (8.904 B/key), latency cold 33.4 ns, then mean 24.1 / min 23.8 ns
261.437,7.605268,33.413
[time 0.77 s, user 1.76 s, sys 0.21 s, maxrss 216160 KB]
[busy 202 jiffies]
[exit 0]
--- lexindex hashed8   load 0.98 0.92 0.84
895600 keys
lexindex HashedDictIndex fp=8: build 261 ms, size 6.751 MiB (7.904 B/key), latency cold 32.3 ns, then mean 23.1 / min 22.6 ns
261.113,6.751157,32.330
[time 0.77 s, user 1.77 s, sys 0.20 s, maxrss 216700 KB]
[busy 206 jiffies]
[exit 0]
--- lexindex hashed0   load 0.90 0.91 0.83
895600 keys
lexindex HashedDictIndex closed: build 259 ms, size 5.897 MiB (6.904 B/key), latency cold 27.4 ns, then mean 19.6 / min 18.6 ns
259.164,5.897046,27.430
[time 0.75 s, user 1.75 s, sys 0.19 s, maxrss 214200 KB]
[busy 199 jiffies]
[exit 0]
--- lexindex string   load 0.90 0.91 0.83
895600 keys
lexindex StringIndex: build 471 ms, size 8.534 MiB (9.992 B/key), latency cold 213.6 ns, then mean 211.7 / min 204.5 ns
470.571,8.534456,213.633
[time 1.63 s, user 1.57 s, sys 0.05 s, maxrss 123684 KB]
[busy 171 jiffies]
[exit 0]
--- lexindex routed1024   load 0.90 0.91 0.83
895600 keys
lexindex DictIndex block 1024 routed: build 196 ms, size 3.650 MiB (4.274 B/key), latency cold 272.5 ns, then mean 267.4 / min 266.8 ns
195.813,3.650224,272.515
[time 1.57 s, user 2.16 s, sys 0.13 s, maxrss 190080 KB]
[busy 235 jiffies]
[exit 0]
--- lexindex routed256   load 1.39 1.01 0.87
895600 keys
lexindex DictIndex block 256 routed: build 180 ms, size 3.983 MiB (4.663 B/key), latency cold 245.0 ns, then mean 237.8 / min 233.9 ns
180.107,3.982979,244.982
[time 1.45 s, user 2.41 s, sys 0.18 s, maxrss 207304 KB]
[busy 267 jiffies]
[exit 0]
--- lexindex routed32   load 1.39 1.01 0.87
895600 keys
lexindex DictIndex block 32 routed: build 174 ms, size 4.247 MiB (4.972 B/key), latency cold 273.0 ns, then mean 256.1 / min 255.0 ns
174.114,4.246660,273.030
[time 1.52 s, user 2.45 s, sys 0.18 s, maxrss 206768 KB]
[busy 273 jiffies]
[exit 0]
--- lexindex dict1024   load 1.36 1.01 0.87
895600 keys
lexindex DictIndex block 1024: build 194 ms, size 3.437 MiB (4.024 B/key), latency cold 377.1 ns, then mean 375.9 / min 375.2 ns
194.109,3.436601,377.086
[time 1.95 s, user 2.53 s, sys 0.14 s, maxrss 189316 KB]
[busy 275 jiffies]
[exit 0]
--- lexindex dict256   load 1.25 0.99 0.86
895600 keys
lexindex DictIndex block 256: build 174 ms, size 3.556 MiB (4.163 B/key), latency cold 312.9 ns, then mean 306.1 / min 304.8 ns
173.903,3.555855,312.933
[time 1.68 s, user 2.66 s, sys 0.16 s, maxrss 206892 KB]
[busy 288 jiffies]
[exit 0]
--- lexindex dict32   load 1.25 0.99 0.86
895600 keys
lexindex DictIndex block 32: build 174 ms, size 3.820 MiB (4.472 B/key), latency cold 301.7 ns, then mean 288.7 / min 286.5 ns
173.870,3.819597,301.675
[time 1.64 s, user 2.59 s, sys 0.16 s, maxrss 205984 KB]
[busy 285 jiffies]
[exit 0]

##### paths-1000000 (1000000 lines, 59358139 bytes)   round 2/3   2026-09-25T08:52:17+03:00
--- xcdat 16   load 1.15 0.98 0.86
build time: 897.018114 ms
space cost: 19.772616 MiB (35.527334% of original size 55.654658 MiB)
avg latency: 457.211801 ns
897.018114,19.772616,457.211801
[time 2.16 s, user 1.98 s, sys 0.16 s, maxrss 237624 KB]
[busy 221 jiffies]
[exit 0]
--- xcdat 15   load 1.15 0.98 0.86
build time: 943.742281 ms
space cost: 18.773955 MiB (33.732945% of original size 55.654658 MiB)
avg latency: 436.660210 ns
943.742281,18.773955,436.660210
[time 2.18 s, user 1.99 s, sys 0.18 s, maxrss 237520 KB]
[busy 223 jiffies]
[exit 0]
--- xcdat 8   load 1.14 0.98 0.86
build time: 894.555506 ms
space cost: 14.422580 MiB (25.914416% of original size 55.654658 MiB)
avg latency: 469.305969 ns
894.555506,14.422580,469.305969
[time 2.17 s, user 2.00 s, sys 0.15 s, maxrss 234068 KB]
[busy 222 jiffies]
[exit 0]
--- xcdat 7   load 1.05 0.96 0.85
build time: 939.330380 ms
space cost: 14.567592 MiB (26.174973% of original size 55.654658 MiB)
avg latency: 471.686844 ns
939.330380,14.567592,471.686844
[time 2.22 s, user 2.05 s, sys 0.16 s, maxrss 233800 KB]
[busy 226 jiffies]
[exit 0]
--- c2 case 8 rec 0   load 1.05 0.96 0.85
[TEST CART]
Processing dataset...
Done!
Building trie...
Done!
build time: 341.440928 ms (341.440928 ns per key)
space cost: 18.037062 MB (32.408898% of original size 55.654658 MB)
Querying trie...
Done!
total time: 650.916634 ms, avg latency: 650.916634 ns
not implemented
341.440928,18.037062,650.916634
[PASSED]
[time 1.83 s, user 1.65 s, sys 0.16 s, maxrss 300644 KB]
[busy 186 jiffies]
[exit 0]
--- c2 case 7 rec 0   load 1.04 0.96 0.85
[TEST ART]
Processing dataset...
Done!
Building trie...
Done!
build time: 281.980676 ms (281.980676 ns per key)
space cost: 35.506813 MB (63.798457% of original size 55.654658 MB)
Querying trie...
Done!
total time: 617.808014 ms, avg latency: 617.808014 ns
not implemented
281.980676,35.506813,617.808014
[PASSED]
[time 1.73 s, user 1.56 s, sys 0.15 s, maxrss 310932 KB]
[busy 176 jiffies]
[exit 0]
--- c2 case 6 rec 0   load 1.04 0.96 0.85
[TEST PDT]
Processing dataset...
Done!
Building trie...
dict size: 155232, stream size: 6622105
Done!
build time: 2680.488445 ms (2680.488445 ns per key)
space cost: 7.739431 MB (13.906170% of original size 55.654658 MB)
Querying trie...
Done!
total time: 841.223390 ms, avg latency: 841.223390 ns
not implemented
2680.488445,7.739431,841.223390
[PASSED]
[time 4.33 s, user 4.13 s, sys 0.17 s, maxrss 229324 KB]
[busy 441 jiffies]
[exit 0]
--- c2 case 5 rec 2   load 1.04 0.96 0.86
[TEST MARISA]
Processing dataset...
Done!
Building trie...
Done!
build time: 1083.260953 ms (1083.260953 ns per key)
space cost: 6.472832 MB (11.630350% of original size 55.654658 MB)
Querying trie...
Done!
total time: 1460.639767 ms, avg latency: 1460.639767 ns
not implemented
1083.260953,6.472832,1460.639767
[PASSED]
[time 3.31 s, user 3.13 s, sys 0.16 s, maxrss 279388 KB]
[busy 337 jiffies]
[exit 0]
--- c2 case 5 rec 1   load 1.04 0.96 0.86
[TEST MARISA]
Processing dataset...
Done!
Building trie...
Done!
build time: 1056.032573 ms (1056.032573 ns per key)
space cost: 6.956338 MB (12.499112% of original size 55.654658 MB)
Querying trie...
Done!
total time: 1274.386458 ms, avg latency: 1274.386458 ns
not implemented
1056.032573,6.956338,1274.386458
[PASSED]
[time 3.12 s, user 2.94 s, sys 0.16 s, maxrss 279364 KB]
[busy 318 jiffies]
[exit 0]
--- c2 case 5 rec 0   load 1.03 0.96 0.86
[TEST MARISA]
Processing dataset...
Done!
Building trie...
Done!
build time: 929.175907 ms (929.175907 ns per key)
space cost: 9.765432 MB (17.546478% of original size 55.654658 MB)
Querying trie...
Done!
total time: 755.615100 ms, avg latency: 755.615100 ns
not implemented
929.175907,9.765432,755.615100
[PASSED]
[time 2.45 s, user 2.28 s, sys 0.16 s, maxrss 279408 KB]
[busy 250 jiffies]
[exit 0]
--- c2 case 4 rec 0   load 1.03 0.97 0.86
[TEST COCO]
Processing dataset...
Done!
Building trie...
num nodes = 402454, average depth = 9.995585
ef = 0.000169, pa = 0.212941, bv = 0.000770, de = 0.549568
efr = 0.000959, par = 0.190315, bvr = 0.000032, der = 0.045245
Done!
build time: 23955.461639 ms (23955.461639 ns per key)
space cost: 14.335197 MB (25.757407% of original size 55.654658 MB)
Querying trie...
Done!
total time: 1088.891274 ms, avg latency: 1088.891274 ns
not implemented
23955.461639,14.335197,1088.891274
[PASSED]
[time 26.65 s, user 21.13 s, sys 5.42 s, maxrss 12688684 KB]
[busy 2717 jiffies]
[exit 0]
--- c2 case 3 rec 0   load 1.02 0.97 0.86
[TEST FST]
Processing dataset...
Done!
Building trie...
Done!
build time: 1714.585579 ms (1714.585579 ns per key)
space cost: 10.595835 MB (19.038541% of original size 55.654658 MB)
Querying trie...
Done!
total time: 2190.300362 ms, avg latency: 2190.300362 ns
not implemented
1714.585579,10.595835,2190.300362
[PASSED]
[time 4.71 s, user 4.56 s, sys 0.13 s, maxrss 223848 KB]
[busy 481 jiffies]
[exit 0]
--- c2 case 2 rec 2   load 1.02 0.97 0.86
[TEST C2-MARISA]
Processing dataset...
Done!
Building trie...
trie size: 2.379500 MB
trie size: 3.728127 MB
trie size: 0.593370 MB
Done!
build time: 1577.466245 ms (1577.466245 ns per key)
space cost: 7.584204 MB (13.627258% of original size 55.654658 MB)
Querying trie...
Done!
total time: 973.668559 ms, avg latency: 973.668559 ns
topology: 1.114113 MB, link: 3.112300 MB, data: 3.337283 MB
--- Unary Path Analysis (Marisa, cutoff=3) ---
  branches: 1624370  |  single-char: 364657 (22.4%)  short-unary: 105835 (6.5%)  links: 1153878 (71.0%)
  link len: avg=10.16  max=130  total_chars=11724159
  link length distribution (len:count):  3:86064  4:95323  5:99308  6:104992  7:95461  8:108108  9:90737  10:64624  11:60242  12:50948  13:45360  14:36727  15:31143  16:26922  17:21639  18:24976  19:18225  20:13819  21:11536  22:9190  23:7326  24:7075  25:5058  26:4084  27:3561  28:4082  29:2881  30:2128  31:2425  32:1998  33:1765  34:1248  35:1581  36:1516  37:1026  38:745  39:954  40:1077  41:823  42:929  43:1258  44:1550  45:383  46:326  47:319  48:359  49:278  50:229  51:212  52:245  53:136  54:111  55:80  56:86  57:71  58:74  59:40  60:37  61:20  62:40  63:19  64:21  65:31  66:12  67:22  68:22  69:12  70:15  71:16  72:21  73:14  74:16  75:15  76:14  77:8  78:13  79:18  80:34  81:21  82:7  83:8  84:2  86:4  87:2  88:3  89:2  90:1  91:3  92:4  93:1  94:2  97:2  98:1  99:1  100:3  103:1  105:1  109:1  111:1  112:1  130:3
  short unary avg len: 2.00
1577.466245,7.584204,973.668559
[PASSED]
[time 3.36 s, user 3.18 s, sys 0.16 s, maxrss 231104 KB]
[busy 342 jiffies]
[exit 0]
--- c2 case 2 rec 1   load 1.02 0.97 0.87
[TEST C2-MARISA]
Processing dataset...
Done!
Building trie...
trie size: 2.379500 MB
trie size: 3.728127 MB
Done!
build time: 1499.118739 ms (1499.118739 ns per key)
space cost: 7.584204 MB (13.627258% of original size 55.654658 MB)
Querying trie...
Done!
total time: 992.162515 ms, avg latency: 992.162515 ns
topology: 1.114113 MB, link: 3.112300 MB, data: 3.337283 MB
--- Unary Path Analysis (Marisa, cutoff=3) ---
  branches: 1624370  |  single-char: 364657 (22.4%)  short-unary: 105835 (6.5%)  links: 1153878 (71.0%)
  link len: avg=10.16  max=130  total_chars=11724159
  link length distribution (len:count):  3:86064  4:95323  5:99308  6:104992  7:95461  8:108108  9:90737  10:64624  11:60242  12:50948  13:45360  14:36727  15:31143  16:26922  17:21639  18:24976  19:18225  20:13819  21:11536  22:9190  23:7326  24:7075  25:5058  26:4084  27:3561  28:4082  29:2881  30:2128  31:2425  32:1998  33:1765  34:1248  35:1581  36:1516  37:1026  38:745  39:954  40:1077  41:823  42:929  43:1258  44:1550  45:383  46:326  47:319  48:359  49:278  50:229  51:212  52:245  53:136  54:111  55:80  56:86  57:71  58:74  59:40  60:37  61:20  62:40  63:19  64:21  65:31  66:12  67:22  68:22  69:12  70:15  71:16  72:21  73:14  74:16  75:15  76:14  77:8  78:13  79:18  80:34  81:21  82:7  83:8  84:2  86:4  87:2  88:3  89:2  90:1  91:3  92:4  93:1  94:2  97:2  98:1  99:1  100:3  103:1  105:1  109:1  111:1  112:1  130:3
  short unary avg len: 2.00
1499.118739,7.584204,992.162515
[PASSED]
[time 3.30 s, user 3.12 s, sys 0.16 s, maxrss 231104 KB]
[busy 336 jiffies]
[exit 0]
--- c2 case 2 rec 0   load 1.01 0.97 0.87
[TEST C2-MARISA]
Processing dataset...
Done!
Building trie...
trie size: 2.379500 MB
Done!
build time: 1254.282698 ms (1254.282698 ns per key)
space cost: 9.142673 MB (16.427506% of original size 55.654658 MB)
Querying trie...
Done!
total time: 630.590326 ms, avg latency: 630.590326 ns
topology: 0.788380 MB, link: 3.028383 MB, data: 5.305402 MB
--- Unary Path Analysis (Marisa, cutoff=3) ---
  branches: 1624370  |  single-char: 364657 (22.4%)  short-unary: 105835 (6.5%)  links: 1153878 (71.0%)
  link len: avg=10.16  max=130  total_chars=11724159
  link length distribution (len:count):  3:86064  4:95323  5:99308  6:104992  7:95461  8:108108  9:90737  10:64624  11:60242  12:50948  13:45360  14:36727  15:31143  16:26922  17:21639  18:24976  19:18225  20:13819  21:11536  22:9190  23:7326  24:7075  25:5058  26:4084  27:3561  28:4082  29:2881  30:2128  31:2425  32:1998  33:1765  34:1248  35:1581  36:1516  37:1026  38:745  39:954  40:1077  41:823  42:929  43:1258  44:1550  45:383  46:326  47:319  48:359  49:278  50:229  51:212  52:245  53:136  54:111  55:80  56:86  57:71  58:74  59:40  60:37  61:20  62:40  63:19  64:21  65:31  66:12  67:22  68:22  69:12  70:15  71:16  72:21  73:14  74:16  75:15  76:14  77:8  78:13  79:18  80:34  81:21  82:7  83:8  84:2  86:4  87:2  88:3  89:2  90:1  91:3  92:4  93:1  94:2  97:2  98:1  99:1  100:3  103:1  105:1  109:1  111:1  112:1  130:3
  short unary avg len: 2.00
1254.282698,9.142673,630.590326
[PASSED]
[time 2.70 s, user 2.50 s, sys 0.18 s, maxrss 246420 KB]
[busy 277 jiffies]
[exit 0]
--- c2 case 1 rec 2   load 1.01 0.97 0.87
[TEST C2-CoCo(LOUDS-Sparse)]
Processing dataset...
Done!
Building trie...
trie size: 2.433954 MB
trie size: 0.408309 MB
Done!
build time: 4092.510857 ms (4092.510857 ns per key)
space cost: 9.667667 MB (17.370814% of original size 55.654658 MB)
Querying trie...
Done!
total time: 1233.345352 ms, avg latency: 1233.345352 ns
topology: 0.678532 MB, link: 3.299602 MB, data: 5.689534 MB
4092.510857,9.667667,1233.345352
[PASSED]
[time 6.14 s, user 5.85 s, sys 0.26 s, maxrss 511892 KB]
[busy 627 jiffies]
[exit 0]
--- c2 case 1 rec 1   load 1.01 0.97 0.87
[TEST C2-CoCo(LOUDS-Sparse)]
Processing dataset...
Done!
Building trie...
trie size: 2.433954 MB
Done!
build time: 4065.656811 ms (4065.656811 ns per key)
space cost: 9.667667 MB (17.370814% of original size 55.654658 MB)
Querying trie...
Done!
total time: 1249.888790 ms, avg latency: 1249.888790 ns
topology: 0.678532 MB, link: 3.299602 MB, data: 5.689534 MB
4065.656811,9.667667,1249.888790
[PASSED]
[time 6.12 s, user 5.80 s, sys 0.30 s, maxrss 512156 KB]
[busy 625 jiffies]
[exit 0]
--- c2 case 1 rec 0   load 1.01 0.97 0.87
[TEST C2-CoCo(LOUDS-Sparse)]
Processing dataset...
Done!
Building trie...
Done!
build time: 3889.796393 ms (3889.796393 ns per key)
space cost: 10.850550 MB (19.496212% of original size 55.654658 MB)
Querying trie...
Done!
total time: 1141.535506 ms, avg latency: 1141.535506 ns
topology: 0.452286 MB, link: 3.359728 MB, data: 7.038537 MB
3889.796393,10.850550,1141.535506
[PASSED]
[time 5.84 s, user 5.49 s, sys 0.33 s, maxrss 512044 KB]
[busy 595 jiffies]
[exit 0]
--- c2 case 0 rec 2   load 1.01 0.97 0.87
[TEST C2-FST]
Processing dataset...
Done!
Building trie...
trie size: 2.433954 MB
trie size: 0.408309 MB
Done!
build time: 1328.278876 ms (1328.278876 ns per key)
space cost: 9.494965 MB (17.060503% of original size 55.654658 MB)
Querying trie...
Done!
total time: 1345.720774 ms, avg latency: 1345.720774 ns
topology: 1.739155 MB, link: 2.123735 MB, data: 5.632074 MB
--- Unary Path Analysis (FST, cutoff=4) ---
  shared unary steps in main trie: 1983898
  terminal suffixes: inplace=155036 (avg len=2.03)  links=775026 (83.3% of terminal)
  link len: avg=9.81  max=128  total_chars=7602444
  link length distribution (len:count):  4:63662  5:73939  6:69531  7:88678  8:71526  9:52778  10:51773  11:44074  12:39713  13:31763  14:26712  15:22182  16:18455  17:22937  18:16541  19:12402  20:10319  21:8136  22:6539  23:6401  24:4377  25:3649  26:3160  27:3721  28:2559  29:1865  30:1985  31:1339  32:1222  33:997  34:1398  35:1349  36:841  37:575  38:604  39:530  40:470  41:758  42:1158  43:1471  44:308  45:277  46:258  47:317  48:236  49:197  50:181  51:216  52:108  53:92  54:67  55:72  56:56  57:66  58:37  59:33  60:19  61:34  62:14  63:20  64:25  65:11  66:17  67:20  68:11  69:14  70:14  71:20  72:13  73:15  74:14  75:14  76:8  77:11  78:18  79:34  80:20  81:7  82:8  83:2  85:4  86:2  87:2  88:1  90:2  91:4  92:1  93:2  96:2  97:1  98:1  99:3  102:1  104:1  108:1  110:1  111:1  129:3
1328.278876,9.494965,1345.720774
[PASSED]
[time 3.48 s, user 3.29 s, sys 0.17 s, maxrss 258164 KB]
[busy 354 jiffies]
[exit 0]
--- c2 case 0 rec 1   load 1.01 0.97 0.87
[TEST C2-FST]
Processing dataset...
Done!
Building trie...
trie size: 2.433954 MB
Done!
build time: 1291.515448 ms (1291.515448 ns per key)
space cost: 9.494965 MB (17.060503% of original size 55.654658 MB)
Querying trie...
Done!
total time: 1336.233445 ms, avg latency: 1336.233445 ns
topology: 1.739155 MB, link: 2.123735 MB, data: 5.632074 MB
--- Unary Path Analysis (FST, cutoff=4) ---
  shared unary steps in main trie: 1983898
  terminal suffixes: inplace=155036 (avg len=2.03)  links=775026 (83.3% of terminal)
  link len: avg=9.81  max=128  total_chars=7602444
  link length distribution (len:count):  4:63662  5:73939  6:69531  7:88678  8:71526  9:52778  10:51773  11:44074  12:39713  13:31763  14:26712  15:22182  16:18455  17:22937  18:16541  19:12402  20:10319  21:8136  22:6539  23:6401  24:4377  25:3649  26:3160  27:3721  28:2559  29:1865  30:1985  31:1339  32:1222  33:997  34:1398  35:1349  36:841  37:575  38:604  39:530  40:470  41:758  42:1158  43:1471  44:308  45:277  46:258  47:317  48:236  49:197  50:181  51:216  52:108  53:92  54:67  55:72  56:56  57:66  58:37  59:33  60:19  61:34  62:14  63:20  64:25  65:11  66:17  67:20  68:11  69:14  70:14  71:20  72:13  73:15  74:14  75:14  76:8  77:11  78:18  79:34  80:20  81:7  82:8  83:2  85:4  86:2  87:2  88:1  90:2  91:4  92:1  93:2  96:2  97:1  98:1  99:3  102:1  104:1  108:1  110:1  111:1  129:3
1291.515448,9.494965,1336.233445
[PASSED]
[time 3.44 s, user 3.25 s, sys 0.18 s, maxrss 258424 KB]
[busy 351 jiffies]
[exit 0]
--- c2 case 0 rec 0   load 1.01 0.98 0.87
[TEST C2-FST]
Processing dataset...
Done!
Building trie...
Done!
build time: 1128.266380 ms (1128.266380 ns per key)
space cost: 10.677848 MB (19.185901% of original size 55.654658 MB)
Querying trie...
Done!
total time: 1193.343647 ms, avg latency: 1193.343647 ns
topology: 1.512909 MB, link: 2.183862 MB, data: 6.981077 MB
--- Unary Path Analysis (FST, cutoff=4) ---
  shared unary steps in main trie: 1983898
  terminal suffixes: inplace=155036 (avg len=2.03)  links=775026 (83.3% of terminal)
  link len: avg=9.81  max=128  total_chars=7602444
  link length distribution (len:count):  4:63662  5:73939  6:69531  7:88678  8:71526  9:52778  10:51773  11:44074  12:39713  13:31763  14:26712  15:22182  16:18455  17:22937  18:16541  19:12402  20:10319  21:8136  22:6539  23:6401  24:4377  25:3649  26:3160  27:3721  28:2559  29:1865  30:1985  31:1339  32:1222  33:997  34:1398  35:1349  36:841  37:575  38:604  39:530  40:470  41:758  42:1158  43:1471  44:308  45:277  46:258  47:317  48:236  49:197  50:181  51:216  52:108  53:92  54:67  55:72  56:56  57:66  58:37  59:33  60:19  61:34  62:14  63:20  64:25  65:11  66:17  67:20  68:11  69:14  70:14  71:20  72:13  73:15  74:14  75:14  76:8  77:11  78:18  79:34  80:20  81:7  82:8  83:2  85:4  86:2  87:2  88:1  90:2  91:4  92:1  93:2  96:2  97:1  98:1  99:3  102:1  104:1  108:1  110:1  111:1  129:3
1128.266380,10.677848,1193.343647
[PASSED]
[time 3.13 s, user 2.94 s, sys 0.17 s, maxrss 258540 KB]
[busy 320 jiffies]
[exit 0]
--- lexindex da   skipped: exit 3 in round 1
--- lexindex hashed16   load 1.01 0.98 0.87
1000000 keys
lexindex HashedDictIndex fp=16: build 438 ms, size 11.057 MiB (11.594 B/key), latency cold 73.9 ns, then mean 71.3 / min 71.1 ns
438.350,11.056730,73.943
[time 1.33 s, user 3.37 s, sys 0.31 s, maxrss 338700 KB]
[busy 374 jiffies]
[exit 0]
--- lexindex hashed8   load 1.01 0.98 0.87
1000000 keys
lexindex HashedDictIndex fp=8: build 439 ms, size 10.103 MiB (10.594 B/key), latency cold 71.4 ns, then mean 70.5 / min 70.3 ns
438.630,10.103056,71.351
[time 1.32 s, user 3.36 s, sys 0.30 s, maxrss 337652 KB]
[busy 378 jiffies]
[exit 0]
--- lexindex hashed0   load 1.00 0.98 0.88
1000000 keys
lexindex HashedDictIndex closed: build 443 ms, size 9.149 MiB (9.594 B/key), latency cold 59.5 ns, then mean 58.1 / min 58.0 ns
442.655,9.149382,59.467
[time 1.28 s, user 3.30 s, sys 0.33 s, maxrss 337100 KB]
[busy 368 jiffies]
[exit 0]
--- lexindex string   load 1.00 0.98 0.88
1000000 keys
lexindex StringIndex: build 874 ms, size 10.366 MiB (10.870 B/key), latency cold 485.5 ns, then mean 482.6 / min 481.5 ns
874.224,10.366158,485.503
[time 3.40 s, user 3.26 s, sys 0.11 s, maxrss 236004 KB]
[busy 345 jiffies]
[exit 0]
--- lexindex routed1024   load 1.00 0.98 0.88
1000000 keys
lexindex DictIndex block 1024 routed: build 341 ms, size 6.448 MiB (6.761 B/key), latency cold 584.4 ns, then mean 580.8 / min 580.6 ns
340.790,6.447701,584.417
[time 3.28 s, user 4.50 s, sys 0.25 s, maxrss 334312 KB]
[busy 485 jiffies]
[exit 0]
--- lexindex routed256   load 1.00 0.98 0.88
1000000 keys
lexindex DictIndex block 256 routed: build 320 ms, size 7.013 MiB (7.354 B/key), latency cold 553.0 ns, then mean 537.0 / min 535.8 ns
319.734,7.013127,553.039
[time 3.10 s, user 5.11 s, sys 0.31 s, maxrss 335000 KB]
[busy 555 jiffies]
[exit 0]
--- lexindex routed32   load 1.00 0.98 0.88
1000000 keys
lexindex DictIndex block 32 routed: build 312 ms, size 8.366 MiB (8.772 B/key), latency cold 542.1 ns, then mean 537.6 / min 529.5 ns
312.005,8.365550,542.132
[time 3.07 s, user 4.97 s, sys 0.32 s, maxrss 339136 KB]
[busy 543 jiffies]
[exit 0]
--- lexindex dict1024   load 0.92 0.96 0.87
1000000 keys
lexindex DictIndex block 1024: build 339 ms, size 6.209 MiB (6.511 B/key), latency cold 611.6 ns, then mean 608.9 / min 601.6 ns
338.589,6.209176,611.644
[time 3.40 s, user 4.60 s, sys 0.26 s, maxrss 331328 KB]
[busy 498 jiffies]
[exit 0]
--- lexindex dict256   load 0.92 0.96 0.87
1000000 keys
lexindex DictIndex block 256: build 318 ms, size 6.536 MiB (6.854 B/key), latency cold 567.0 ns, then mean 560.5 / min 552.8 ns
318.340,6.536199,567.034
[time 3.18 s, user 5.21 s, sys 0.32 s, maxrss 334588 KB]
[busy 564 jiffies]
[exit 0]
--- lexindex dict32   load 0.93 0.96 0.87
1000000 keys
lexindex DictIndex block 32: build 309 ms, size 7.889 MiB (8.272 B/key), latency cold 556.0 ns, then mean 550.6 / min 543.1 ns
309.010,7.888713,555.964
[time 3.12 s, user 5.06 s, sys 0.32 s, maxrss 337856 KB]
[busy 549 jiffies]
[exit 0]

##### opaque-1000000 (1000000 lines, 17000000 bytes)   round 2/3   2026-09-25T08:54:49+03:00
--- xcdat 16   load 0.93 0.96 0.88
build time: 638.477798 ms
space cost: 19.227987 MiB (126.012538% of original size 15.258789 MiB)
avg latency: 210.272347 ns
638.477798,19.227987,210.272347
[time 1.53 s, user 1.41 s, sys 0.10 s, maxrss 179944 KB]
[busy 157 jiffies]
[exit 0]
--- xcdat 15   load 0.86 0.95 0.87
build time: 650.750742 ms
space cost: 19.094490 MiB (125.137650% of original size 15.258789 MiB)
avg latency: 202.315765 ns
650.750742,19.094490,202.315765
[time 1.53 s, user 1.41 s, sys 0.11 s, maxrss 180952 KB]
[busy 157 jiffies]
[exit 0]
--- xcdat 8   load 0.86 0.95 0.87
build time: 639.043771 ms
space cost: 18.565336 MiB (121.669787% of original size 15.258789 MiB)
avg latency: 215.494411 ns
639.043771,18.565336,215.494411
[time 1.54 s, user 1.41 s, sys 0.12 s, maxrss 180128 KB]
[busy 156 jiffies]
[exit 0]
--- xcdat 7   load 0.79 0.93 0.87
build time: 665.740362 ms
space cost: 19.932177 MiB (130.627512% of original size 15.258789 MiB)
avg latency: 223.777767 ns
665.740362,19.932177,223.777767
[time 1.57 s, user 1.45 s, sys 0.11 s, maxrss 172908 KB]
[busy 160 jiffies]
[exit 0]
--- c2 case 8 rec 0   load 0.79 0.93 0.87
[TEST CART]
Processing dataset...
Done!
Building trie...
Done!
build time: 161.495192 ms (161.495192 ns per key)
space cost: 11.383729 MB (74.604406% of original size 15.258789 MB)
Querying trie...
Done!
total time: 223.521596 ms, avg latency: 223.521596 ns
not implemented
161.495192,11.383729,223.521596
[PASSED]
[time 1.05 s, user 0.95 s, sys 0.08 s, maxrss 161104 KB]
[busy 110 jiffies]
[exit 0]
--- c2 case 7 rec 0   load 0.73 0.92 0.86
[TEST ART]
Processing dataset...
Done!
Building trie...
Done!
build time: 135.947040 ms (135.947040 ns per key)
space cost: 30.301407 MB (198.583300% of original size 15.258789 MB)
Querying trie...
Done!
total time: 176.123072 ms, avg latency: 176.123072 ns
not implemented
135.947040,30.301407,176.123072
[PASSED]
[time 0.98 s, user 0.87 s, sys 0.09 s, maxrss 179016 KB]
[busy 102 jiffies]
[exit 0]
--- c2 case 6 rec 0   load 0.73 0.92 0.86
[TEST PDT]
Processing dataset...
Done!
Building trie...
dict size: 177882, stream size: 12826382
Done!
build time: 16174.475434 ms (16174.475434 ns per key)
space cost: 13.677892 MB (89.639431% of original size 15.258789 MB)
Querying trie...
Done!
total time: 591.343621 ms, avg latency: 591.343621 ns
not implemented
16174.475434,13.677892,591.343621
[PASSED]
[time 17.42 s, user 17.13 s, sys 0.21 s, maxrss 361220 KB]
[busy 1779 jiffies]
[exit 0]
--- c2 case 5 rec 2   load 0.79 0.92 0.86
[TEST MARISA]
Processing dataset...
Done!
Building trie...
Done!
build time: 950.420641 ms (950.420641 ns per key)
space cost: 17.949429 MB (117.633375% of original size 15.258789 MB)
Querying trie...
Done!
total time: 992.778562 ms, avg latency: 992.778562 ns
not implemented
950.420641,17.949429,992.778562
[PASSED]
[time 2.62 s, user 2.45 s, sys 0.15 s, maxrss 225748 KB]
[busy 268 jiffies]
[exit 0]
--- c2 case 5 rec 1   load 0.79 0.92 0.86
[TEST MARISA]
Processing dataset...
Done!
Building trie...
Done!
build time: 732.781290 ms (732.781290 ns per key)
space cost: 17.634758 MB (115.571150% of original size 15.258789 MB)
Querying trie...
Done!
total time: 678.391496 ms, avg latency: 678.391496 ns
not implemented
732.781290,17.634758,678.391496
[PASSED]
[time 2.06 s, user 1.93 s, sys 0.12 s, maxrss 185256 KB]
[busy 212 jiffies]
[exit 0]
--- c2 case 5 rec 0   load 0.80 0.92 0.87
[TEST MARISA]
Processing dataset...
Done!
Building trie...
Done!
build time: 474.751733 ms (474.751733 ns per key)
space cost: 17.200768 MB (112.726950% of original size 15.258789 MB)
Querying trie...
Done!
total time: 446.776521 ms, avg latency: 446.776521 ns
not implemented
474.751733,17.200768,446.776521
[PASSED]
[time 1.57 s, user 1.45 s, sys 0.11 s, maxrss 194588 KB]
[busy 160 jiffies]
[exit 0]
--- c2 case 4 rec 0   load 0.74 0.91 0.86
[TEST COCO]
Processing dataset...
Done!
Building trie...
num nodes = 4097, average depth = 12.997071
ef = 0.000000, pa = 0.000000, bv = 0.000000, de = 0.000000
efr = 0.000000, par = 0.999756, bvr = 0.000244, der = 0.000000
Done!
build time: 17218.285229 ms (17218.285229 ns per key)
space cost: 10.595579 MB (69.439184% of original size 15.258789 MB)
Querying trie...
Done!
total time: 514.000933 ms, avg latency: 514.000933 ns
not implemented
17218.285229,10.595579,514.000933
[PASSED]
[time 19.12 s, user 14.30 s, sys 4.75 s, maxrss 11389076 KB]
[busy 1947 jiffies]
[exit 0]
--- c2 case 3 rec 0   load 0.73 0.90 0.86
[TEST FST]
Processing dataset...
Done!
Building trie...
Done!
build time: 643.027108 ms (643.027108 ns per key)
space cost: 16.760878 MB (109.844088% of original size 15.258789 MB)
Querying trie...
Done!
total time: 334.208095 ms, avg latency: 334.208095 ns
not implemented
643.027108,16.760878,334.208095
[PASSED]
[time 1.62 s, user 1.54 s, sys 0.07 s, maxrss 147172 KB]
[busy 166 jiffies]
[exit 0]
--- c2 case 2 rec 2   load 0.73 0.90 0.86
[TEST C2-MARISA]
Processing dataset...
Done!
Building trie...
trie size: 1.836515 MB
trie size: 4.316792 MB
Done!
build time: 2010.721135 ms (2010.721135 ns per key)
space cost: 16.609414 MB (108.851456% of original size 15.258789 MB)
Querying trie...
Done!
total time: 321.905866 ms, avg latency: 321.905866 ns
topology: 0.607349 MB, link: 2.863268 MB, data: 13.118289 MB
--- Unary Path Analysis (Marisa, cutoff=3) ---
  branches: 1267337  |  single-char: 266306 (21.0%)  short-unary: 1021 (0.1%)  links: 1000010 (78.9%)
  link len: avg=12.96  max=14  total_chars=12963813
  link length distribution (len:count):  3:10  10:6  11:856  12:56569  13:920487  14:22082
  short unary avg len: 2.00
2010.721135,16.609414,321.905866
[PASSED]
[time 2.97 s, user 2.77 s, sys 0.19 s, maxrss 283776 KB]
[busy 303 jiffies]
[exit 0]
--- c2 case 2 rec 1   load 0.76 0.90 0.86
[TEST C2-MARISA]
Processing dataset...
Done!
Building trie...
trie size: 1.836515 MB
trie size: 4.316792 MB
Done!
build time: 1986.505137 ms (1986.505137 ns per key)
space cost: 16.609414 MB (108.851456% of original size 15.258789 MB)
Querying trie...
Done!
total time: 319.736209 ms, avg latency: 319.736209 ns
topology: 0.607349 MB, link: 2.863268 MB, data: 13.118289 MB
--- Unary Path Analysis (Marisa, cutoff=3) ---
  branches: 1267337  |  single-char: 266306 (21.0%)  short-unary: 1021 (0.1%)  links: 1000010 (78.9%)
  link len: avg=12.96  max=14  total_chars=12963813
  link length distribution (len:count):  3:10  10:6  11:856  12:56569  13:920487  14:22082
  short unary avg len: 2.00
1986.505137,16.609414,319.736209
[PASSED]
[time 2.95 s, user 2.76 s, sys 0.17 s, maxrss 283708 KB]
[busy 301 jiffies]
[exit 0]
--- c2 case 2 rec 0   load 0.70 0.88 0.85
[TEST C2-MARISA]
Processing dataset...
Done!
Building trie...
trie size: 1.836515 MB
Done!
build time: 976.775479 ms (976.775479 ns per key)
space cost: 16.609414 MB (108.851456% of original size 15.258789 MB)
Querying trie...
Done!
total time: 319.383976 ms, avg latency: 319.383976 ns
topology: 0.607349 MB, link: 2.863268 MB, data: 13.118289 MB
--- Unary Path Analysis (Marisa, cutoff=3) ---
  branches: 1267337  |  single-char: 266306 (21.0%)  short-unary: 1021 (0.1%)  links: 1000010 (78.9%)
  link len: avg=12.96  max=14  total_chars=12963813
  link length distribution (len:count):  3:10  10:6  11:856  12:56569  13:920487  14:22082
  short unary avg len: 2.00
976.775479,16.609414,319.383976
[PASSED]
[time 1.93 s, user 1.78 s, sys 0.14 s, maxrss 236864 KB]
[busy 197 jiffies]
[exit 0]
--- c2 case 1 rec 2   load 0.70 0.88 0.85
[TEST C2-CoCo(LOUDS-Sparse)]
Processing dataset...
Done!
Building trie...
trie size: 4.316751 MB
Done!
build time: 2197.271763 ms (2197.271763 ns per key)
space cost: 16.089285 MB (105.442735% of original size 15.258789 MB)
Querying trie...
Done!
total time: 523.118979 ms, avg latency: 523.118979 ns
topology: 0.346626 MB, link: 3.175570 MB, data: 12.567089 MB
2197.271763,16.089285,523.118979
[PASSED]
[time 3.36 s, user 3.11 s, sys 0.23 s, maxrss 418728 KB]
[busy 341 jiffies]
[exit 0]
--- c2 case 1 rec 1   load 0.72 0.89 0.86
[TEST C2-CoCo(LOUDS-Sparse)]
Processing dataset...
Done!
Building trie...
trie size: 4.316751 MB
Done!
build time: 2201.973700 ms (2201.973700 ns per key)
space cost: 16.089285 MB (105.442735% of original size 15.258789 MB)
Querying trie...
Done!
total time: 522.295982 ms, avg latency: 522.295982 ns
topology: 0.346626 MB, link: 3.175570 MB, data: 12.567089 MB
2201.973700,16.089285,522.295982
[PASSED]
[time 3.36 s, user 3.13 s, sys 0.22 s, maxrss 419148 KB]
[busy 342 jiffies]
[exit 0]
--- c2 case 1 rec 0   load 0.74 0.89 0.86
[TEST C2-CoCo(LOUDS-Sparse)]
Processing dataset...
Done!
Building trie...
Done!
build time: 1342.683777 ms (1342.683777 ns per key)
space cost: 16.089285 MB (105.442735% of original size 15.258789 MB)
Querying trie...
Done!
total time: 525.706762 ms, avg latency: 525.706762 ns
topology: 0.346626 MB, link: 3.175570 MB, data: 12.567089 MB
1342.683777,16.089285,525.706762
[PASSED]
[time 2.51 s, user 2.31 s, sys 0.18 s, maxrss 357180 KB]
[busy 256 jiffies]
[exit 0]
--- c2 case 0 rec 2   load 0.76 0.89 0.86
[TEST C2-FST]
Processing dataset...
Done!
Building trie...
trie size: 4.316751 MB
Done!
build time: 1958.967747 ms (1958.967747 ns per key)
space cost: 16.922257 MB (110.901706% of original size 15.258789 MB)
Querying trie...
Done!
total time: 389.333720 ms, avg latency: 389.333720 ns
topology: 0.743332 MB, link: 3.012292 MB, data: 13.166634 MB
--- Unary Path Analysis (FST, cutoff=4) ---
  shared unary steps in main trie: 1041
  terminal suffixes: inplace=0 (avg len=0.00)  links=1000000 (100.0% of terminal)
  link len: avg=10.96  max=12  total_chars=10963783
  link length distribution (len:count):  9:6  10:856  11:56569  12:920487  13:22082
1958.967747,16.922257,389.333720
[PASSED]
[time 2.99 s, user 2.78 s, sys 0.20 s, maxrss 311692 KB]
[busy 306 jiffies]
[exit 0]
--- c2 case 0 rec 1   load 0.70 0.87 0.85
[TEST C2-FST]
Processing dataset...
Done!
Building trie...
trie size: 4.316751 MB
Done!
build time: 1952.852555 ms (1952.852555 ns per key)
space cost: 16.922257 MB (110.901706% of original size 15.258789 MB)
Querying trie...
Done!
total time: 392.149973 ms, avg latency: 392.149973 ns
topology: 0.743332 MB, link: 3.012292 MB, data: 13.166634 MB
--- Unary Path Analysis (FST, cutoff=4) ---
  shared unary steps in main trie: 1041
  terminal suffixes: inplace=0 (avg len=0.00)  links=1000000 (100.0% of terminal)
  link len: avg=10.96  max=12  total_chars=10963783
  link length distribution (len:count):  9:6  10:856  11:56569  12:920487  13:22082
1952.852555,16.922257,392.149973
[PASSED]
[time 2.99 s, user 2.76 s, sys 0.22 s, maxrss 311596 KB]
[busy 306 jiffies]
[exit 0]
--- c2 case 0 rec 0   load 0.70 0.87 0.85
[TEST C2-FST]
Processing dataset...
Done!
Building trie...
Done!
build time: 1067.444340 ms (1067.444340 ns per key)
space cost: 16.922257 MB (110.901706% of original size 15.258789 MB)
Querying trie...
Done!
total time: 386.519472 ms, avg latency: 386.519472 ns
topology: 0.743332 MB, link: 3.012292 MB, data: 13.166634 MB
--- Unary Path Analysis (FST, cutoff=4) ---
  shared unary steps in main trie: 1041
  terminal suffixes: inplace=0 (avg len=0.00)  links=1000000 (100.0% of terminal)
  link len: avg=10.96  max=12  total_chars=10963783
  link length distribution (len:count):  9:6  10:856  11:56569  12:920487  13:22082
1067.444340,16.922257,386.519472
[PASSED]
[time 2.10 s, user 1.93 s, sys 0.15 s, maxrss 250360 KB]
[busy 214 jiffies]
[exit 0]
--- lexindex da   skipped: exit 3 in round 1
--- lexindex hashed16   load 0.73 0.88 0.85
1000000 keys
lexindex HashedDictIndex fp=16: build 228 ms, size 14.438 MiB (15.139 B/key), latency cold 55.8 ns, then mean 55.6 / min 54.6 ns
228.386,14.437587,55.795
[time 0.87 s, user 1.63 s, sys 0.30 s, maxrss 172296 KB]
[busy 200 jiffies]
[exit 0]
--- lexindex hashed8   load 0.73 0.88 0.85
1000000 keys
lexindex HashedDictIndex fp=8: build 225 ms, size 13.484 MiB (14.139 B/key), latency cold 55.7 ns, then mean 54.5 / min 52.8 ns
225.172,13.483912,55.682
[time 0.87 s, user 1.61 s, sys 0.30 s, maxrss 171596 KB]
[busy 195 jiffies]
[exit 0]
--- lexindex hashed0   load 0.75 0.88 0.85
1000000 keys
lexindex HashedDictIndex closed: build 226 ms, size 12.530 MiB (13.139 B/key), latency cold 45.0 ns, then mean 43.8 / min 43.6 ns
226.301,12.530238,44.983
[time 0.82 s, user 1.56 s, sys 0.31 s, maxrss 171388 KB]
[busy 192 jiffies]
[exit 0]
--- lexindex string   load 0.75 0.88 0.85
1000000 keys
lexindex StringIndex: build 1050 ms, size 20.443 MiB (21.436 B/key), latency cold 285.7 ns, then mean 283.0 / min 281.5 ns
1050.279,20.442799,285.733
[time 2.61 s, user 2.52 s, sys 0.07 s, maxrss 152972 KB]
[busy 267 jiffies]
[exit 0]
--- lexindex routed1024   load 0.77 0.88 0.86
1000000 keys
lexindex DictIndex block 1024 routed: build 132 ms, size 10.052 MiB (10.541 B/key), latency cold 295.7 ns, then mean 292.7 / min 291.7 ns
131.925,10.052400,295.660
[time 1.74 s, user 2.09 s, sys 0.19 s, maxrss 152716 KB]
[busy 236 jiffies]
[exit 0]
--- lexindex routed256   load 0.77 0.88 0.86
1000000 keys
lexindex DictIndex block 256 routed: build 135 ms, size 10.394 MiB (10.899 B/key), latency cold 285.1 ns, then mean 282.2 / min 281.6 ns
134.559,10.393897,285.134
[time 1.69 s, user 2.39 s, sys 0.30 s, maxrss 170968 KB]
[busy 273 jiffies]
[exit 0]
--- lexindex routed32   load 0.79 0.88 0.86
1000000 keys
lexindex DictIndex block 32 routed: build 133 ms, size 10.622 MiB (11.138 B/key), latency cold 304.8 ns, then mean 306.6 / min 299.9 ns
132.770,10.621798,304.769
[time 1.79 s, user 2.51 s, sys 0.29 s, maxrss 165356 KB]
[busy 289 jiffies]
[exit 0]
--- lexindex dict1024   load 0.79 0.88 0.86
1000000 keys
lexindex DictIndex block 1024: build 130 ms, size 9.814 MiB (10.291 B/key), latency cold 361.2 ns, then mean 359.7 / min 359.2 ns
130.252,9.813874,361.226
[time 2.00 s, user 2.35 s, sys 0.18 s, maxrss 154740 KB]
[busy 258 jiffies]
[exit 0]
--- lexindex dict256   load 0.80 0.89 0.86
1000000 keys
lexindex DictIndex block 256: build 134 ms, size 9.917 MiB (10.399 B/key), latency cold 326.6 ns, then mean 321.8 / min 321.3 ns
133.966,9.916968,326.637
[time 1.85 s, user 2.58 s, sys 0.30 s, maxrss 171968 KB]
[busy 296 jiffies]
[exit 0]
--- lexindex dict32   load 0.74 0.87 0.85
1000000 keys
lexindex DictIndex block 32: build 134 ms, size 10.145 MiB (10.638 B/key), latency cold 318.8 ns, then mean 311.3 / min 309.7 ns
133.697,10.144960,318.774
[time 1.82 s, user 2.52 s, sys 0.30 s, maxrss 171636 KB]
[busy 288 jiffies]
[exit 0]

##### numeric-1000000 (1000000 lines, 6888890 bytes)   round 2/3   2026-09-25T08:56:55+03:00
--- xcdat 16   load 0.74 0.87 0.85
build time: 185.424266 ms
space cost: 7.181439 MiB (127.872740% of original size 5.616083 MiB)
avg latency: 66.490890 ns
185.424266,7.181439,66.490890
[time 0.58 s, user 0.51 s, sys 0.07 s, maxrss 90436 KB]
[busy 60 jiffies]
[exit 0]
--- xcdat 15   load 0.68 0.86 0.85
build time: 207.212418 ms
space cost: 6.727912 MiB (119.797228% of original size 5.616083 MiB)
avg latency: 53.078031 ns
207.212418,6.727912,53.078031
[time 0.57 s, user 0.50 s, sys 0.06 s, maxrss 90252 KB]
[busy 58 jiffies]
[exit 0]
--- xcdat 8   load 0.68 0.86 0.85
build time: 185.094857 ms
space cost: 4.607934 MiB (82.048892% of original size 5.616083 MiB)
avg latency: 93.804586 ns
185.094857,4.607934,93.804586
[time 0.61 s, user 0.55 s, sys 0.06 s, maxrss 90296 KB]
[busy 62 jiffies]
[exit 0]
--- xcdat 7   load 0.68 0.86 0.85
build time: 282.775609 ms
space cost: 5.285287 MiB (94.109841% of original size 5.616083 MiB)
avg latency: 83.433403 ns
282.775609,5.285287,83.433403
[time 0.70 s, user 0.63 s, sys 0.06 s, maxrss 90504 KB]
[busy 72 jiffies]
[exit 0]
--- c2 case 8 rec 0   load 0.63 0.84 0.84
[TEST CART]
Processing dataset...
Done!
Building trie...
Done!
build time: 71.387764 ms (71.387764 ns per key)
space cost: 11.262885 MB (200.546979% of original size 5.616083 MB)
Querying trie...
Done!
total time: 86.977805 ms, avg latency: 86.977805 ns
not implemented
71.387764,11.262885,86.977805
[PASSED]
[time 0.48 s, user 0.42 s, sys 0.05 s, maxrss 104724 KB]
[busy 50 jiffies]
[exit 0]
--- c2 case 7 rec 0   load 0.63 0.84 0.84
[TEST ART]
Processing dataset...
Done!
Building trie...
Done!
build time: 55.892560 ms (55.892560 ns per key)
space cost: 20.065308 MB (357.282951% of original size 5.616083 MB)
Querying trie...
Done!
total time: 72.985627 ms, avg latency: 72.985627 ns
not implemented
55.892560,20.065308,72.985627
[PASSED]
[time 0.46 s, user 0.40 s, sys 0.05 s, maxrss 103292 KB]
[busy 47 jiffies]
[exit 0]
--- c2 case 6 rec 0   load 0.63 0.84 0.84
[TEST PDT]
Processing dataset...
Done!
Building trie...
dict size: 92, stream size: 296698
Done!
build time: 108.988565 ms (108.988565 ns per key)
space cost: 1.559100 MB (27.761344% of original size 5.616083 MB)
Querying trie...
Done!
total time: 389.998144 ms, avg latency: 389.998144 ns
not implemented
108.988565,1.559100,389.998144
[PASSED]
[time 0.82 s, user 0.76 s, sys 0.05 s, maxrss 90088 KB]
[busy 84 jiffies]
[exit 0]
--- c2 case 5 rec 2   load 0.58 0.83 0.84
[TEST MARISA]
Processing dataset...
Done!
Building trie...
Done!
build time: 147.760247 ms (147.760247 ns per key)
space cost: 1.565816 MB (27.880925% of original size 5.616083 MB)
Querying trie...
Done!
total time: 185.187862 ms, avg latency: 185.187862 ns
not implemented
147.760247,1.565816,185.187862
[PASSED]
[time 0.66 s, user 0.58 s, sys 0.07 s, maxrss 108464 KB]
[busy 68 jiffies]
[exit 0]
--- c2 case 5 rec 1   load 0.58 0.83 0.84
[TEST MARISA]
Processing dataset...
Done!
Building trie...
Done!
build time: 146.804891 ms (146.804891 ns per key)
space cost: 1.565816 MB (27.880925% of original size 5.616083 MB)
Querying trie...
Done!
total time: 185.428374 ms, avg latency: 185.428374 ns
not implemented
146.804891,1.565816,185.428374
[PASSED]
[time 0.66 s, user 0.58 s, sys 0.07 s, maxrss 108360 KB]
[busy 67 jiffies]
[exit 0]
--- c2 case 5 rec 0   load 0.58 0.83 0.84
[TEST MARISA]
Processing dataset...
Done!
Building trie...
Done!
build time: 146.882998 ms (146.882998 ns per key)
space cost: 1.565816 MB (27.880925% of original size 5.616083 MB)
Querying trie...
Done!
total time: 185.197831 ms, avg latency: 185.197831 ns
not implemented
146.882998,1.565816,185.197831
[PASSED]
[time 0.66 s, user 0.59 s, sys 0.06 s, maxrss 108112 KB]
[busy 67 jiffies]
[exit 0]
--- c2 case 4 rec 0   load 0.53 0.81 0.83
[TEST COCO]
Processing dataset...
Done!
Building trie...
num nodes = 9001, average depth = 1.000222
ef = 0.000000, pa = 0.000000, bv = 0.000111, de = 0.999889
efr = 0.000000, par = 0.000000, bvr = 0.000000, der = 0.000000
Done!
build time: 699.085156 ms (699.085156 ns per key)
space cost: 0.497188 MB (8.852927% of original size 5.616083 MB)
Querying trie...
Done!
total time: 239.382571 ms, avg latency: 239.382571 ns
not implemented
699.085156,0.497188,239.382571
[PASSED]
[time 1.28 s, user 1.06 s, sys 0.22 s, maxrss 494808 KB]
[busy 131 jiffies]
[exit 0]
--- c2 case 3 rec 0   load 0.53 0.81 0.83
[TEST FST]
Processing dataset...
Done!
Building trie...
Done!
build time: 219.788003 ms (219.788003 ns per key)
space cost: 1.445107 MB (25.731589% of original size 5.616083 MB)
Querying trie...
Done!
total time: 247.240651 ms, avg latency: 247.240651 ns
not implemented
219.788003,1.445107,247.240651
[PASSED]
[time 0.78 s, user 0.72 s, sys 0.05 s, maxrss 74236 KB]
[busy 81 jiffies]
[exit 0]
--- c2 case 2 rec 2   skipped: exit 139 in round 1
--- c2 case 2 rec 1   skipped: exit 139 in round 1
--- c2 case 2 rec 0   skipped: exit 139 in round 1
--- c2 case 1 rec 2   skipped: exit 139 in round 1
--- c2 case 1 rec 1   skipped: exit 139 in round 1
--- c2 case 1 rec 0   skipped: exit 139 in round 1
--- c2 case 0 rec 2   skipped: exit 139 in round 1
--- c2 case 0 rec 1   skipped: exit 139 in round 1
--- c2 case 0 rec 0   skipped: exit 139 in round 1
--- lexindex da   load 0.53 0.81 0.83
1000000 keys
lexindex DoubleArrayIndex: build 262 ms, size 7.630 MiB (8.000 B/key), latency cold 30.5 ns, then mean 21.4 / min 21.2 ns
262.168,7.629574,30.481
[time 0.75 s, user 0.65 s, sys 0.09 s, maxrss 123712 KB]
[busy 78 jiffies]
[exit 0]
--- lexindex hashed16   load 0.49 0.80 0.83
1000000 keys
lexindex HashedDictIndex fp=16: build 164 ms, size 5.485 MiB (5.752 B/key), latency cold 19.8 ns, then mean 16.1 / min 16.1 ns
163.864,5.485309,19.829
[time 0.64 s, user 0.95 s, sys 0.18 s, maxrss 150792 KB]
[busy 120 jiffies]
[exit 0]
--- lexindex hashed8   load 0.49 0.80 0.83
1000000 keys
lexindex HashedDictIndex fp=8: build 164 ms, size 4.532 MiB (4.752 B/key), latency cold 19.1 ns, then mean 16.3 / min 16.1 ns
163.626,4.531634,19.122
[time 0.64 s, user 0.96 s, sys 0.17 s, maxrss 154064 KB]
[busy 119 jiffies]
[exit 0]
--- lexindex hashed0   load 0.49 0.80 0.83
1000000 keys
lexindex HashedDictIndex closed: build 162 ms, size 3.578 MiB (3.752 B/key), latency cold 14.7 ns, then mean 12.9 / min 12.8 ns
162.477,3.577960,14.692
[time 0.62 s, user 0.96 s, sys 0.15 s, maxrss 152148 KB]
[busy 113 jiffies]
[exit 0]
--- lexindex string   load 0.45 0.79 0.82
1000000 keys
lexindex StringIndex: build 133 ms, size 0.000 MiB (0.000 B/key), latency cold 83.0 ns, then mean 83.3 / min 83.1 ns
132.947,0.000287,83.035
[time 0.87 s, user 0.80 s, sys 0.06 s, maxrss 115448 KB]
[busy 89 jiffies]
[exit 0]
--- lexindex routed1024   load 0.45 0.79 0.82
1000000 keys
lexindex DictIndex block 1024 routed: build 74 ms, size 1.114 MiB (1.168 B/key), latency cold 176.9 ns, then mean 177.9 / min 177.4 ns
74.112,1.113975,176.901
[time 1.19 s, user 1.31 s, sys 0.11 s, maxrss 126692 KB]
[busy 145 jiffies]
[exit 0]
--- lexindex routed256   load 0.41 0.77 0.82
1000000 keys
lexindex DictIndex block 256 routed: build 77 ms, size 1.441 MiB (1.511 B/key), latency cold 177.2 ns, then mean 176.9 / min 176.4 ns
76.845,1.441005,177.220
[time 1.19 s, user 1.47 s, sys 0.16 s, maxrss 137920 KB]
[busy 167 jiffies]
[exit 0]
--- lexindex routed32   load 0.41 0.77 0.82
1000000 keys
lexindex DictIndex block 32 routed: build 77 ms, size 1.637 MiB (1.716 B/key), latency cold 198.4 ns, then mean 196.7 / min 195.6 ns
77.018,1.636708,198.353
[time 1.27 s, user 1.53 s, sys 0.16 s, maxrss 134976 KB]
[busy 177 jiffies]
[exit 0]
--- lexindex dict1024   load 0.41 0.77 0.82
1000000 keys
lexindex DictIndex block 1024: build 74 ms, size 0.875 MiB (0.918 B/key), latency cold 260.9 ns, then mean 260.4 / min 260.0 ns
73.987,0.875449,260.936
[time 1.52 s, user 1.66 s, sys 0.08 s, maxrss 128784 KB]
[busy 179 jiffies]
[exit 0]
--- lexindex dict256   load 0.46 0.78 0.82
1000000 keys
lexindex DictIndex block 256: build 78 ms, size 0.964 MiB (1.011 B/key), latency cold 245.0 ns, then mean 247.1 / min 246.6 ns
77.594,0.964076,244.986
[time 1.46 s, user 1.76 s, sys 0.16 s, maxrss 137492 KB]
[busy 199 jiffies]
[exit 0]
--- lexindex dict32   load 0.46 0.78 0.82
1000000 keys
lexindex DictIndex block 32: build 77 ms, size 1.160 MiB (1.216 B/key), latency cold 226.6 ns, then mean 226.3 / min 225.6 ns
76.760,1.159871,226.596
[time 1.38 s, user 1.67 s, sys 0.16 s, maxrss 137084 KB]
[busy 190 jiffies]
[exit 0]

##### idents-1000000 (1000000 lines, 17569522 bytes)   round 2/3   2026-09-25T08:57:38+03:00
--- xcdat 16   load 0.50 0.78 0.82
build time: 452.218939 ms
space cost: 13.179976 MiB (83.407397% of original size 15.801928 MiB)
avg latency: 196.251035 ns
452.218939,13.179976,196.251035
[time 1.16 s, user 1.03 s, sys 0.11 s, maxrss 178256 KB]
[busy 121 jiffies]
[exit 0]
--- xcdat 15   load 0.50 0.78 0.82
build time: 488.909929 ms
space cost: 12.607800 MiB (79.786472% of original size 15.801928 MiB)
avg latency: 185.078476 ns
488.909929,12.607800,185.078476
[time 1.18 s, user 1.06 s, sys 0.11 s, maxrss 178204 KB]
[busy 121 jiffies]
[exit 0]
--- xcdat 8   load 0.54 0.78 0.82
build time: 447.749739 ms
space cost: 10.202523 MiB (64.565055% of original size 15.801928 MiB)
avg latency: 207.190055 ns
447.749739,10.202523,207.190055
[time 1.17 s, user 1.04 s, sys 0.12 s, maxrss 177864 KB]
[busy 120 jiffies]
[exit 0]
--- xcdat 7   load 0.54 0.78 0.82
build time: 491.239809 ms
space cost: 10.636815 MiB (67.313402% of original size 15.801928 MiB)
avg latency: 206.382798 ns
491.239809,10.636815,206.382798
[time 1.20 s, user 1.08 s, sys 0.11 s, maxrss 177960 KB]
[busy 125 jiffies]
[exit 0]
--- c2 case 8 rec 0   load 0.50 0.77 0.82
[TEST CART]
Processing dataset...
Done!
Building trie...
Done!
build time: 228.982605 ms (228.982605 ns per key)
space cost: 15.394894 MB (97.424150% of original size 15.801928 MB)
Querying trie...
Done!
total time: 531.479911 ms, avg latency: 531.479911 ns
not implemented
228.982605,15.394894,531.479911
[PASSED]
[time 1.28 s, user 1.18 s, sys 0.08 s, maxrss 146300 KB]
[busy 130 jiffies]
[exit 0]
--- c2 case 7 rec 0   load 0.50 0.77 0.82
[TEST ART]
Processing dataset...
Done!
Building trie...
Done!
build time: 177.596755 ms (177.596755 ns per key)
space cost: 32.581932 MB (206.189605% of original size 15.801928 MB)
Querying trie...
Done!
total time: 497.258742 ms, avg latency: 497.258742 ns
not implemented
177.596755,32.581932,497.258742
[PASSED]
[time 1.19 s, user 1.10 s, sys 0.07 s, maxrss 156204 KB]
[busy 122 jiffies]
[exit 0]
--- c2 case 6 rec 0   load 0.46 0.76 0.81
[TEST PDT]
Processing dataset...
Done!
Building trie...
dict size: 159382, stream size: 4661413
Done!
build time: 2519.078586 ms (2519.078586 ns per key)
space cost: 5.873528 MB (37.169690% of original size 15.801928 MB)
Querying trie...
Done!
total time: 578.960481 ms, avg latency: 578.960481 ns
not implemented
2519.078586,5.873528,578.960481
[PASSED]
[time 3.58 s, user 3.47 s, sys 0.09 s, maxrss 164344 KB]
[busy 366 jiffies]
[exit 0]
--- c2 case 5 rec 2   load 0.46 0.76 0.81
[TEST MARISA]
Processing dataset...
Done!
Building trie...
Done!
build time: 535.774281 ms (535.774281 ns per key)
space cost: 5.101574 MB (32.284504% of original size 15.801928 MB)
Querying trie...
Done!
total time: 701.976691 ms, avg latency: 701.976691 ns
not implemented
535.774281,5.101574,701.976691
[PASSED]
[time 1.72 s, user 1.61 s, sys 0.09 s, maxrss 154220 KB]
[busy 178 jiffies]
[exit 0]
--- c2 case 5 rec 1   load 0.50 0.76 0.81
[TEST MARISA]
Processing dataset...
Done!
Building trie...
Done!
build time: 522.632462 ms (522.632462 ns per key)
space cost: 5.376669 MB (34.025399% of original size 15.801928 MB)
Querying trie...
Done!
total time: 632.228217 ms, avg latency: 632.228217 ns
not implemented
522.632462,5.376669,632.228217
[PASSED]
[time 1.63 s, user 1.53 s, sys 0.09 s, maxrss 154212 KB]
[busy 166 jiffies]
[exit 0]
--- c2 case 5 rec 0   load 0.46 0.75 0.81
[TEST MARISA]
Processing dataset...
Done!
Building trie...
Done!
build time: 448.902395 ms (448.902395 ns per key)
space cost: 6.900187 MB (43.666745% of original size 15.801928 MB)
Querying trie...
Done!
total time: 449.858722 ms, avg latency: 449.858722 ns
not implemented
448.902395,6.900187,449.858722
[PASSED]
[time 1.39 s, user 1.28 s, sys 0.10 s, maxrss 154400 KB]
[busy 142 jiffies]
[exit 0]
--- c2 case 4 rec 0   load 0.46 0.75 0.81
[TEST COCO]
Processing dataset...
Done!
Building trie...
num nodes = 399248, average depth = 7.939321
ef = 0.000363, pa = 0.211826, bv = 0.005743, de = 0.595417
efr = 0.002081, par = 0.107439, bvr = 0.000498, der = 0.076632
Done!
build time: 13131.527021 ms (13131.527021 ns per key)
space cost: 9.456138 MB (59.841676% of original size 15.801928 MB)
Querying trie...
Done!
total time: 509.515248 ms, avg latency: 509.515248 ns
not implemented
13131.527021,9.456138,509.515248
[PASSED]
[time 14.60 s, user 11.61 s, sys 2.93 s, maxrss 7164640 KB]
[busy 1494 jiffies]
[exit 0]
--- c2 case 3 rec 0   load 0.58 0.76 0.81
[TEST FST]
Processing dataset...
Done!
Building trie...
Done!
build time: 638.543517 ms (638.543517 ns per key)
space cost: 8.221326 MB (52.027361% of original size 15.801928 MB)
Querying trie...
Done!
total time: 711.995570 ms, avg latency: 711.995570 ns
not implemented
638.543517,8.221326,711.995570
[PASSED]
[time 1.85 s, user 1.77 s, sys 0.07 s, maxrss 111228 KB]
[busy 189 jiffies]
[exit 0]
--- c2 case 2 rec 2   load 0.62 0.77 0.81
[TEST C2-MARISA]
Processing dataset...
Done!
Building trie...
trie size: 2.270097 MB
trie size: 2.365652 MB
trie size: 0.409595 MB
Done!
build time: 786.470517 ms (786.470517 ns per key)
space cost: 5.935715 MB (37.563232% of original size 15.801928 MB)
Querying trie...
Done!
total time: 408.693282 ms, avg latency: 408.693282 ns
topology: 0.970436 MB, link: 1.946986 MB, data: 2.997785 MB
--- Unary Path Analysis (Marisa, cutoff=3) ---
  branches: 1422581  |  single-char: 551890 (38.8%)  short-unary: 115667 (8.1%)  links: 755024 (53.1%)
  link len: avg=8.77  max=2372  total_chars=6624040
  link length distribution (len:count):  3:105528  4:121910  5:97474  6:66582  7:57085  8:45533  9:37849  10:31975  11:26876  12:23163  13:19820  14:16116  15:13775  16:11928  17:9756  18:8336  19:6634  20:5552  21:4837  22:3831  23:3236  24:2773  25:2292  26:1859  27:1695  28:2977  29:3248  30:1048  31:1122  32:5884  33:8094  34:587  35:508  36:468  37:402  38:249  39:231  40:207  41:175  42:162  43:138  44:148  45:142  46:106  47:87  48:88  49:101  50:90  51:51  52:78  53:71  54:83  55:67  56:79  57:94  58:109  59:138  60:196  61:305  62:337  63:26  64:9  65:10  66:21  67:20  68:12  69:11  70:17  71:11  72:14  73:16  74:32  75:19  76:39  77:18  78:13  79:10  80:14  81:11  82:6  83:5  84:8  85:10  86:7  87:12  88:15  89:14  90:35  91:43  92:58  93:54  94:3  95:5  96:6  97:4  98:1  100:4  101:6  102:3  104:3  105:2  106:1  107:3  108:3  110:2  111:3  112:2  113:4  114:1  115:1  116:1  117:1  118:1  119:3  120:1  121:3  122:2  123:1  124:3  125:1  128:2  129:1  130:4  131:1  132:1  136:2  137:1  141:1  143:1  148:1  150:1  151:1  154:2  160:1  169:1  177:2  182:1  185:1  186:1  187:1  189:1  195:1  198:1  212:1  220:1  227:1  246:1  247:1  248:2  249:1  250:5  251:7  252:5  253:3  254:1  255:1  273:1  383:1  507:1  508:2  509:1  513:1  521:2  647:1  650:1  957:1  1019:1  1023:1  2372:1
  short unary avg len: 2.00
786.470517,5.935715,408.693282
[PASSED]
[time 1.70 s, user 1.56 s, sys 0.13 s, maxrss 191632 KB]
[busy 175 jiffies]
[exit 0]
--- c2 case 2 rec 1   load 0.62 0.77 0.81
[TEST C2-MARISA]
Processing dataset...
Done!
Building trie...
trie size: 2.270097 MB
trie size: 2.365652 MB
Done!
build time: 738.590015 ms (738.590015 ns per key)
space cost: 5.935715 MB (37.563232% of original size 15.801928 MB)
Querying trie...
Done!
total time: 413.577191 ms, avg latency: 413.577191 ns
topology: 0.970436 MB, link: 1.946986 MB, data: 2.997785 MB
--- Unary Path Analysis (Marisa, cutoff=3) ---
  branches: 1422581  |  single-char: 551890 (38.8%)  short-unary: 115667 (8.1%)  links: 755024 (53.1%)
  link len: avg=8.77  max=2372  total_chars=6624040
  link length distribution (len:count):  3:105528  4:121910  5:97474  6:66582  7:57085  8:45533  9:37849  10:31975  11:26876  12:23163  13:19820  14:16116  15:13775  16:11928  17:9756  18:8336  19:6634  20:5552  21:4837  22:3831  23:3236  24:2773  25:2292  26:1859  27:1695  28:2977  29:3248  30:1048  31:1122  32:5884  33:8094  34:587  35:508  36:468  37:402  38:249  39:231  40:207  41:175  42:162  43:138  44:148  45:142  46:106  47:87  48:88  49:101  50:90  51:51  52:78  53:71  54:83  55:67  56:79  57:94  58:109  59:138  60:196  61:305  62:337  63:26  64:9  65:10  66:21  67:20  68:12  69:11  70:17  71:11  72:14  73:16  74:32  75:19  76:39  77:18  78:13  79:10  80:14  81:11  82:6  83:5  84:8  85:10  86:7  87:12  88:15  89:14  90:35  91:43  92:58  93:54  94:3  95:5  96:6  97:4  98:1  100:4  101:6  102:3  104:3  105:2  106:1  107:3  108:3  110:2  111:3  112:2  113:4  114:1  115:1  116:1  117:1  118:1  119:3  120:1  121:3  122:2  123:1  124:3  125:1  128:2  129:1  130:4  131:1  132:1  136:2  137:1  141:1  143:1  148:1  150:1  151:1  154:2  160:1  169:1  177:2  182:1  185:1  186:1  187:1  189:1  195:1  198:1  212:1  220:1  227:1  246:1  247:1  248:2  249:1  250:5  251:7  252:5  253:3  254:1  255:1  273:1  383:1  507:1  508:2  509:1  513:1  521:2  647:1  650:1  957:1  1019:1  1023:1  2372:1
  short unary avg len: 2.00
738.590015,5.935715,413.577191
[PASSED]
[time 1.66 s, user 1.52 s, sys 0.13 s, maxrss 191500 KB]
[busy 168 jiffies]
[exit 0]
--- c2 case 2 rec 0   load 0.65 0.77 0.82
[TEST C2-MARISA]
Processing dataset...
Done!
Building trie...
trie size: 2.270097 MB
Done!
build time: 604.519840 ms (604.519840 ns per key)
space cost: 7.011691 MB (44.372378% of original size 15.801928 MB)
Querying trie...
Done!
total time: 328.129782 ms, avg latency: 328.129782 ns
topology: 0.751881 MB, link: 1.982347 MB, data: 4.256955 MB
--- Unary Path Analysis (Marisa, cutoff=3) ---
  branches: 1422581  |  single-char: 551890 (38.8%)  short-unary: 115667 (8.1%)  links: 755024 (53.1%)
  link len: avg=8.77  max=2372  total_chars=6624040
  link length distribution (len:count):  3:105528  4:121910  5:97474  6:66582  7:57085  8:45533  9:37849  10:31975  11:26876  12:23163  13:19820  14:16116  15:13775  16:11928  17:9756  18:8336  19:6634  20:5552  21:4837  22:3831  23:3236  24:2773  25:2292  26:1859  27:1695  28:2977  29:3248  30:1048  31:1122  32:5884  33:8094  34:587  35:508  36:468  37:402  38:249  39:231  40:207  41:175  42:162  43:138  44:148  45:142  46:106  47:87  48:88  49:101  50:90  51:51  52:78  53:71  54:83  55:67  56:79  57:94  58:109  59:138  60:196  61:305  62:337  63:26  64:9  65:10  66:21  67:20  68:12  69:11  70:17  71:11  72:14  73:16  74:32  75:19  76:39  77:18  78:13  79:10  80:14  81:11  82:6  83:5  84:8  85:10  86:7  87:12  88:15  89:14  90:35  91:43  92:58  93:54  94:3  95:5  96:6  97:4  98:1  100:4  101:6  102:3  104:3  105:2  106:1  107:3  108:3  110:2  111:3  112:2  113:4  114:1  115:1  116:1  117:1  118:1  119:3  120:1  121:3  122:2  123:1  124:3  125:1  128:2  129:1  130:4  131:1  132:1  136:2  137:1  141:1  143:1  148:1  150:1  151:1  154:2  160:1  169:1  177:2  182:1  185:1  186:1  187:1  189:1  195:1  198:1  212:1  220:1  227:1  246:1  247:1  248:2  249:1  250:5  251:7  252:5  253:3  254:1  255:1  273:1  383:1  507:1  508:2  509:1  513:1  521:2  647:1  650:1  957:1  1019:1  1023:1  2372:1
  short unary avg len: 2.00
604.519840,7.011691,328.129782
[PASSED]
[time 1.44 s, user 1.31 s, sys 0.12 s, maxrss 191564 KB]
[busy 147 jiffies]
[exit 0]
--- c2 case 1 rec 2   load 0.65 0.77 0.82
[TEST C2-CoCo(LOUDS-Sparse)]
Processing dataset...
Done!
Building trie...
trie size: 1.502977 MB
trie size: 0.331999 MB
Done!
build time: 2057.898535 ms (2057.898535 ns per key)
space cost: 7.077295 MB (44.787543% of original size 15.801928 MB)
Querying trie...
Done!
total time: 629.152687 ms, avg latency: 629.152687 ns
topology: 0.586239 MB, link: 2.143779 MB, data: 4.347277 MB
2057.898535,7.077295,629.152687
[PASSED]
[time 3.20 s, user 3.01 s, sys 0.17 s, maxrss 310632 KB]
[busy 325 jiffies]
[exit 0]
--- c2 case 1 rec 1   load 0.67 0.78 0.82
[TEST C2-CoCo(LOUDS-Sparse)]
Processing dataset...
Done!
Building trie...
trie size: 1.502977 MB
Done!
build time: 2021.860151 ms (2021.860151 ns per key)
space cost: 7.077295 MB (44.787543% of original size 15.801928 MB)
Querying trie...
Done!
total time: 616.213879 ms, avg latency: 616.213879 ns
topology: 0.586239 MB, link: 2.143779 MB, data: 4.347277 MB
2021.860151,7.077295,616.213879
[PASSED]
[time 3.13 s, user 2.97 s, sys 0.14 s, maxrss 310916 KB]
[busy 320 jiffies]
[exit 0]
--- c2 case 1 rec 0   load 0.70 0.78 0.82
[TEST C2-CoCo(LOUDS-Sparse)]
Processing dataset...
Done!
Building trie...
Done!
build time: 1928.575812 ms (1928.575812 ns per key)
space cost: 7.851791 MB (49.688819% of original size 15.801928 MB)
Querying trie...
Done!
total time: 568.905822 ms, avg latency: 568.905822 ns
topology: 0.418465 MB, link: 2.132715 MB, data: 5.300611 MB
1928.575812,7.851791,568.905822
[PASSED]
[time 3.00 s, user 2.82 s, sys 0.16 s, maxrss 310352 KB]
[busy 308 jiffies]
[exit 0]
--- c2 case 0 rec 2   load 0.73 0.78 0.82
[TEST C2-FST]
Processing dataset...
Done!
Building trie...
trie size: 1.502977 MB
trie size: 0.331999 MB
Done!
build time: 668.790366 ms (668.790366 ns per key)
space cost: 6.915090 MB (43.761051% of original size 15.801928 MB)
Querying trie...
Done!
total time: 499.345373 ms, avg latency: 499.345373 ns
topology: 1.233204 MB, link: 1.320040 MB, data: 4.361846 MB
--- Unary Path Analysis (FST, cutoff=4) ---
  shared unary steps in main trie: 867425
  terminal suffixes: inplace=228819 (avg len=2.12)  links=441434 (65.9% of terminal)
  link len: avg=9.49  max=2370  total_chars=4189664
  link length distribution (len:count):  4:76627  5:51488  6:45151  7:37358  8:31909  9:27077  10:23240  11:20333  12:17528  13:14251  14:12152  15:10600  16:8656  17:7441  18:5953  19:5050  20:4404  21:3491  22:2961  23:2494  24:2088  25:1693  26:1542  27:2862  28:3159  29:978  30:1046  31:5827  32:8054  33:556  34:479  35:449  36:385  37:237  38:218  39:200  40:169  41:158  42:128  43:138  44:139  45:102  46:86  47:84  48:98  49:89  50:50  51:76  52:71  53:81  54:65  55:77  56:94  57:109  58:136  59:196  60:305  61:337  62:22  63:7  64:10  65:18  66:16  67:12  68:9  69:17  70:11  71:14  72:16  73:30  74:18  75:39  76:18  77:12  78:9  79:12  80:11  81:6  82:5  83:7  84:10  85:7  86:12  87:15  88:14  89:35  90:43  91:58  92:54  93:3  94:5  95:6  96:4  97:1  99:4  100:6  101:3  103:2  104:2  105:1  106:3  107:3  109:2  110:1  111:2  112:4  113:1  114:1  115:1  116:1  117:1  118:3  119:1  120:3  121:2  122:1  123:3  124:1  127:2  128:1  129:4  130:1  131:1  135:2  136:1  140:1  142:1  147:1  149:1  150:1  153:2  159:1  168:1  176:2  181:1  184:1  185:1  186:1  188:1  197:1  211:1  219:1  226:1  245:1  246:1  247:2  248:1  249:5  250:7  251:5  252:3  253:1  272:1  382:1  506:1  507:2  508:1  512:1  520:2  649:1  956:1  1018:1  2371:1
668.790366,6.915090,499.345373
[PASSED]
[time 1.67 s, user 1.57 s, sys 0.09 s, maxrss 154252 KB]
[busy 173 jiffies]
[exit 0]
--- c2 case 0 rec 1   load 0.73 0.78 0.82
[TEST C2-FST]
Processing dataset...
Done!
Building trie...
trie size: 1.502977 MB
Done!
build time: 637.584073 ms (637.584073 ns per key)
space cost: 6.915090 MB (43.761051% of original size 15.801928 MB)
Querying trie...
Done!
total time: 502.912729 ms, avg latency: 502.912729 ns
topology: 1.233204 MB, link: 1.320040 MB, data: 4.361846 MB
--- Unary Path Analysis (FST, cutoff=4) ---
  shared unary steps in main trie: 867425
  terminal suffixes: inplace=228819 (avg len=2.12)  links=441434 (65.9% of terminal)
  link len: avg=9.49  max=2370  total_chars=4189664
  link length distribution (len:count):  4:76627  5:51488  6:45151  7:37358  8:31909  9:27077  10:23240  11:20333  12:17528  13:14251  14:12152  15:10600  16:8656  17:7441  18:5953  19:5050  20:4404  21:3491  22:2961  23:2494  24:2088  25:1693  26:1542  27:2862  28:3159  29:978  30:1046  31:5827  32:8054  33:556  34:479  35:449  36:385  37:237  38:218  39:200  40:169  41:158  42:128  43:138  44:139  45:102  46:86  47:84  48:98  49:89  50:50  51:76  52:71  53:81  54:65  55:77  56:94  57:109  58:136  59:196  60:305  61:337  62:22  63:7  64:10  65:18  66:16  67:12  68:9  69:17  70:11  71:14  72:16  73:30  74:18  75:39  76:18  77:12  78:9  79:12  80:11  81:6  82:5  83:7  84:10  85:7  86:12  87:15  88:14  89:35  90:43  91:58  92:54  93:3  94:5  95:6  96:4  97:1  99:4  100:6  101:3  103:2  104:2  105:1  106:3  107:3  109:2  110:1  111:2  112:4  113:1  114:1  115:1  116:1  117:1  118:3  119:1  120:3  121:2  122:1  123:3  124:1  127:2  128:1  129:4  130:1  131:1  135:2  136:1  140:1  142:1  147:1  149:1  150:1  153:2  159:1  168:1  176:2  181:1  184:1  185:1  186:1  188:1  197:1  211:1  219:1  226:1  245:1  246:1  247:2  248:1  249:5  250:7  251:5  252:3  253:1  272:1  382:1  506:1  507:2  508:1  512:1  520:2  649:1  956:1  1018:1  2371:1
637.584073,6.915090,502.912729
[PASSED]
[time 1.65 s, user 1.52 s, sys 0.11 s, maxrss 154384 KB]
[busy 167 jiffies]
[exit 0]
--- c2 case 0 rec 0   load 0.75 0.79 0.82
[TEST C2-FST]
Processing dataset...
Done!
Building trie...
Done!
build time: 539.193358 ms (539.193358 ns per key)
space cost: 7.689586 MB (48.662327% of original size 15.801928 MB)
Querying trie...
Done!
total time: 458.056260 ms, avg latency: 458.056260 ns
topology: 1.065430 MB, link: 1.308976 MB, data: 5.315180 MB
--- Unary Path Analysis (FST, cutoff=4) ---
  shared unary steps in main trie: 867425
  terminal suffixes: inplace=228819 (avg len=2.12)  links=441434 (65.9% of terminal)
  link len: avg=9.49  max=2370  total_chars=4189664
  link length distribution (len:count):  4:76627  5:51488  6:45151  7:37358  8:31909  9:27077  10:23240  11:20333  12:17528  13:14251  14:12152  15:10600  16:8656  17:7441  18:5953  19:5050  20:4404  21:3491  22:2961  23:2494  24:2088  25:1693  26:1542  27:2862  28:3159  29:978  30:1046  31:5827  32:8054  33:556  34:479  35:449  36:385  37:237  38:218  39:200  40:169  41:158  42:128  43:138  44:139  45:102  46:86  47:84  48:98  49:89  50:50  51:76  52:71  53:81  54:65  55:77  56:94  57:109  58:136  59:196  60:305  61:337  62:22  63:7  64:10  65:18  66:16  67:12  68:9  69:17  70:11  71:14  72:16  73:30  74:18  75:39  76:18  77:12  78:9  79:12  80:11  81:6  82:5  83:7  84:10  85:7  86:12  87:15  88:14  89:35  90:43  91:58  92:54  93:3  94:5  95:6  96:4  97:1  99:4  100:6  101:3  103:2  104:2  105:1  106:3  107:3  109:2  110:1  111:2  112:4  113:1  114:1  115:1  116:1  117:1  118:3  119:1  120:3  121:2  122:1  123:3  124:1  127:2  128:1  129:4  130:1  131:1  135:2  136:1  140:1  142:1  147:1  149:1  150:1  153:2  159:1  168:1  176:2  181:1  184:1  185:1  186:1  188:1  197:1  211:1  219:1  226:1  245:1  246:1  247:2  248:1  249:5  250:7  251:5  252:3  253:1  272:1  382:1  506:1  507:2  508:1  512:1  520:2  649:1  956:1  1018:1  2371:1
539.193358,7.689586,458.056260
[PASSED]
[time 1.50 s, user 1.38 s, sys 0.11 s, maxrss 154728 KB]
[busy 154 jiffies]
[exit 0]
--- lexindex da   load 0.75 0.79 0.82
1000000 keys
lexindex DoubleArrayIndex: build 2597 ms, size 57.087 MiB (59.860 B/key), latency cold 699.9 ns, then mean 674.2 / min 672.2 ns
2596.763,57.086805,699.869
[time 5.79 s, user 5.58 s, sys 0.19 s, maxrss 270284 KB]
[busy 591 jiffies]
[exit 0]
--- lexindex hashed16   load 0.79 0.79 0.82
1000000 keys
lexindex HashedDictIndex fp=16: build 360 ms, size 9.316 MiB (9.768 B/key), latency cold 42.5 ns, then mean 36.9 / min 36.8 ns
360.132,9.315754,42.503
[time 1.00 s, user 2.50 s, sys 0.24 s, maxrss 250436 KB]
[busy 281 jiffies]
[exit 0]
--- lexindex hashed8   load 0.79 0.79 0.82
1000000 keys
lexindex HashedDictIndex fp=8: build 367 ms, size 8.362 MiB (8.768 B/key), latency cold 41.3 ns, then mean 35.6 / min 35.3 ns
366.898,8.362080,41.268
[time 1.00 s, user 2.54 s, sys 0.23 s, maxrss 249580 KB]
[busy 284 jiffies]
[exit 0]
--- lexindex hashed0   load 0.72 0.78 0.82
1000000 keys
lexindex HashedDictIndex closed: build 360 ms, size 7.408 MiB (7.768 B/key), latency cold 35.5 ns, then mean 30.2 / min 29.8 ns
359.956,7.408405,35.495
[time 0.98 s, user 2.50 s, sys 0.24 s, maxrss 248516 KB]
[busy 281 jiffies]
[exit 0]
--- lexindex string   load 0.72 0.78 0.82
1000000 keys
lexindex StringIndex: build 599 ms, size 9.621 MiB (10.089 B/key), latency cold 248.8 ns, then mean 236.9 / min 235.6 ns
598.904,9.621364,248.813
[time 2.04 s, user 1.95 s, sys 0.07 s, maxrss 146660 KB]
[busy 213 jiffies]
[exit 0]
--- lexindex routed1024   load 0.67 0.77 0.81
1000000 keys
lexindex DictIndex block 1024 routed: build 277 ms, size 4.873 MiB (5.110 B/key), latency cold 321.7 ns, then mean 314.8 / min 313.5 ns
277.315,4.873170,321.676
[time 2.04 s, user 2.88 s, sys 0.21 s, maxrss 236224 KB]
[busy 317 jiffies]
[exit 0]
--- lexindex routed256   load 0.67 0.77 0.81
1000000 keys
lexindex DictIndex block 256 routed: build 266 ms, size 5.271 MiB (5.527 B/key), latency cold 294.0 ns, then mean 283.8 / min 282.2 ns
266.375,5.271331,293.981
[time 1.90 s, user 3.32 s, sys 0.26 s, maxrss 246016 KB]
[busy 369 jiffies]
[exit 0]
--- lexindex routed32   load 0.69 0.77 0.81
1000000 keys
lexindex DictIndex block 32 routed: build 263 ms, size 5.626 MiB (5.900 B/key), latency cold 317.4 ns, then mean 308.9 / min 302.9 ns
263.087,5.626362,317.377
[time 2.00 s, user 3.48 s, sys 0.23 s, maxrss 245348 KB]
[busy 380 jiffies]
[exit 0]
--- lexindex dict1024   load 0.69 0.77 0.81
1000000 keys
lexindex DictIndex block 1024: build 283 ms, size 4.635 MiB (4.860 B/key), latency cold 421.7 ns, then mean 416.6 / min 414.8 ns
283.220,4.634645,421.690
[time 2.45 s, user 3.31 s, sys 0.23 s, maxrss 231692 KB]
[busy 363 jiffies]
[exit 0]
--- lexindex dict256   load 0.72 0.78 0.82
1000000 keys
lexindex DictIndex block 256: build 266 ms, size 4.794 MiB (5.027 B/key), latency cold 360.0 ns, then mean 352.0 / min 351.3 ns
265.762,4.794402,360.040
[time 2.17 s, user 3.61 s, sys 0.26 s, maxrss 245632 KB]
[busy 398 jiffies]
[exit 0]
--- lexindex dict32   load 0.74 0.78 0.82
1000000 keys
lexindex DictIndex block 32: build 265 ms, size 5.150 MiB (5.400 B/key), latency cold 341.2 ns, then mean 337.5 / min 336.0 ns
264.613,5.149525,341.220
[time 2.11 s, user 3.57 s, sys 0.22 s, maxrss 244832 KB]
[busy 390 jiffies]
[exit 0]

##### domains-1000000 (1000000 lines, 14782044 bytes)   round 2/3   2026-09-25T08:59:25+03:00
--- xcdat 16   load 0.74 0.78 0.82
build time: 496.582260 ms
space cost: 10.260450 MiB (78.064342% of original size 13.143581 MiB)
avg latency: 153.205932 ns
496.582260,10.260450,153.205932
[time 1.09 s, user 1.00 s, sys 0.08 s, maxrss 139768 KB]
[busy 110 jiffies]
[exit 0]
--- xcdat 15   load 0.76 0.78 0.82
build time: 507.818288 ms
space cost: 9.847433 MiB (74.921993% of original size 13.143581 MiB)
avg latency: 145.169297 ns
507.818288,9.847433,145.169297
[time 1.09 s, user 0.99 s, sys 0.09 s, maxrss 139868 KB]
[busy 113 jiffies]
[exit 0]
--- xcdat 8   load 0.76 0.78 0.82
build time: 487.683895 ms
space cost: 8.488643 MiB (64.583940% of original size 13.143581 MiB)
avg latency: 173.500235 ns
487.683895,8.488643,173.500235
[time 1.10 s, user 1.01 s, sys 0.09 s, maxrss 139896 KB]
[busy 113 jiffies]
[exit 0]
--- xcdat 7   load 0.70 0.77 0.81
build time: 522.363286 ms
space cost: 9.017626 MiB (68.608590% of original size 13.143581 MiB)
avg latency: 173.891350 ns
522.363286,9.017626,173.891350
[time 1.13 s, user 1.04 s, sys 0.08 s, maxrss 139968 KB]
[busy 116 jiffies]
[exit 0]
--- c2 case 8 rec 0   load 0.70 0.77 0.81
[TEST CART]
Processing dataset...
Done!
Building trie...
Done!
build time: 158.309685 ms (158.309685 ns per key)
space cost: 13.831998 MB (105.237663% of original size 13.143581 MB)
Querying trie...
Done!
total time: 309.638578 ms, avg latency: 309.638578 ns
not implemented
158.309685,13.831998,309.638578
[PASSED]
[time 0.90 s, user 0.82 s, sys 0.07 s, maxrss 134104 KB]
[busy 93 jiffies]
[exit 0]
--- c2 case 7 rec 0   load 0.70 0.77 0.81
[TEST ART]
Processing dataset...
Done!
Building trie...
Done!
build time: 110.317553 ms (110.317553 ns per key)
space cost: 31.580688 MB (240.274607% of original size 13.143581 MB)
Querying trie...
Done!
total time: 246.854926 ms, avg latency: 246.854926 ns
not implemented
110.317553,31.580688,246.854926
[PASSED]
[time 0.79 s, user 0.71 s, sys 0.07 s, maxrss 136120 KB]
[busy 81 jiffies]
[exit 0]
--- c2 case 6 rec 0   load 0.72 0.77 0.82
[TEST PDT]
Processing dataset...
Done!
Building trie...
dict size: 155466, stream size: 4016746
Done!
build time: 1903.615820 ms (1903.615820 ns per key)
space cost: 5.254991 MB (39.981421% of original size 13.143581 MB)
Querying trie...
Done!
total time: 515.104152 ms, avg latency: 515.104152 ns
not implemented
1903.615820,5.254991,515.104152
[PASSED]
[time 2.85 s, user 2.73 s, sys 0.10 s, maxrss 152548 KB]
[busy 292 jiffies]
[exit 0]
--- c2 case 5 rec 2   load 0.67 0.76 0.81
[TEST MARISA]
Processing dataset...
Done!
Building trie...
Done!
build time: 570.726886 ms (570.726886 ns per key)
space cost: 4.647946 MB (35.362861% of original size 13.143581 MB)
Querying trie...
Done!
total time: 540.467002 ms, avg latency: 540.467002 ns
not implemented
570.726886,4.647946,540.467002
[PASSED]
[time 1.55 s, user 1.42 s, sys 0.12 s, maxrss 172428 KB]
[busy 164 jiffies]
[exit 0]
--- c2 case 5 rec 1   load 0.67 0.76 0.81
[TEST MARISA]
Processing dataset...
Done!
Building trie...
Done!
build time: 560.259262 ms (560.259262 ns per key)
space cost: 4.826345 MB (36.720170% of original size 13.143581 MB)
Querying trie...
Done!
total time: 510.082534 ms, avg latency: 510.082534 ns
not implemented
560.259262,4.826345,510.082534
[PASSED]
[time 1.50 s, user 1.38 s, sys 0.11 s, maxrss 172332 KB]
[busy 155 jiffies]
[exit 0]
--- c2 case 5 rec 0   load 0.61 0.75 0.81
[TEST MARISA]
Processing dataset...
Done!
Building trie...
Done!
build time: 480.819093 ms (480.819093 ns per key)
space cost: 6.885828 MB (52.389283% of original size 13.143581 MB)
Querying trie...
Done!
total time: 378.512737 ms, avg latency: 378.512737 ns
not implemented
480.819093,6.885828,378.512737
[PASSED]
[time 1.29 s, user 1.16 s, sys 0.12 s, maxrss 172460 KB]
[busy 131 jiffies]
[exit 0]
--- c2 case 4 rec 0   load 0.61 0.75 0.81
[TEST COCO]
Processing dataset...
Done!
Building trie...
num nodes = 310886, average depth = 6.283062
ef = 0.001168, pa = 0.211653, bv = 0.000885, de = 0.651638
efr = 0.002046, par = 0.129141, bvr = 0.000006, der = 0.003464
Done!
build time: 10240.262789 ms (10240.262789 ns per key)
space cost: 9.668336 MB (73.559374% of original size 13.143581 MB)
Querying trie...
Done!
total time: 411.528120 ms, avg latency: 411.528120 ns
not implemented
10240.262789,9.668336,411.528120
[PASSED]
[time 11.48 s, user 8.86 s, sys 2.57 s, maxrss 6137904 KB]
[busy 1170 jiffies]
[exit 0]
--- c2 case 3 rec 0   load 0.62 0.74 0.81
[TEST FST]
Processing dataset...
Done!
Building trie...
Done!
build time: 593.635002 ms (593.635002 ns per key)
space cost: 6.751218 MB (51.365131% of original size 13.143581 MB)
Querying trie...
Done!
total time: 441.478453 ms, avg latency: 441.478453 ns
not implemented
593.635002,6.751218,441.478453
[PASSED]
[time 1.47 s, user 1.38 s, sys 0.07 s, maxrss 95412 KB]
[busy 150 jiffies]
[exit 0]
--- c2 case 2 rec 2   load 0.62 0.74 0.81
[TEST C2-MARISA]
Processing dataset...
Done!
Building trie...
trie size: 2.220281 MB
trie size: 2.823213 MB
trie size: 0.214430 MB
Done!
build time: 972.959575 ms (972.959575 ns per key)
space cost: 5.413679 MB (41.188767% of original size 13.143581 MB)
Querying trie...
Done!
total time: 370.955023 ms, avg latency: 370.955023 ns
topology: 0.947487 MB, link: 2.305346 MB, data: 2.140338 MB
--- Unary Path Analysis (Marisa, cutoff=3) ---
  branches: 1529804  |  single-char: 445053 (29.1%)  short-unary: 119280 (7.8%)  links: 965471 (63.1%)
  link len: avg=7.67  max=65  total_chars=7409785
  link length distribution (len:count):  3:106346  4:81524  5:100388  6:117171  7:118183  8:106006  9:86378  10:68801  11:51930  12:37786  13:27091  14:19390  15:13458  16:9322  17:6753  18:4616  19:3149  20:2153  21:1566  22:983  23:724  24:512  25:321  26:290  27:155  28:98  29:77  30:70  31:40  32:24  33:35  34:24  35:16  36:9  37:12  38:9  39:5  40:5  41:5  42:8  43:4  44:7  46:3  47:1  49:1  51:1  53:4  55:2  56:1  57:5  58:4  60:2  64:2  65:1
  short unary avg len: 2.00
972.959575,5.413679,370.955023
[PASSED]
[time 1.82 s, user 1.69 s, sys 0.11 s, maxrss 205984 KB]
[busy 232 jiffies]
[exit 0]
--- c2 case 2 rec 1   load 0.65 0.75 0.81
[TEST C2-MARISA]
Processing dataset...
Done!
Building trie...
trie size: 2.220281 MB
trie size: 2.823213 MB
Done!
build time: 797.646392 ms (797.646392 ns per key)
space cost: 5.413679 MB (41.188767% of original size 13.143581 MB)
Querying trie...
Done!
total time: 332.119961 ms, avg latency: 332.119961 ns
topology: 0.947487 MB, link: 2.305346 MB, data: 2.140338 MB
--- Unary Path Analysis (Marisa, cutoff=3) ---
  branches: 1529804  |  single-char: 445053 (29.1%)  short-unary: 119280 (7.8%)  links: 965471 (63.1%)
  link len: avg=7.67  max=65  total_chars=7409785
  link length distribution (len:count):  3:106346  4:81524  5:100388  6:117171  7:118183  8:106006  9:86378  10:68801  11:51930  12:37786  13:27091  14:19390  15:13458  16:9322  17:6753  18:4616  19:3149  20:2153  21:1566  22:983  23:724  24:512  25:321  26:290  27:155  28:98  29:77  30:70  31:40  32:24  33:35  34:24  35:16  36:9  37:12  38:9  39:5  40:5  41:5  42:8  43:4  44:7  46:3  47:1  49:1  51:1  53:4  55:2  56:1  57:5  58:4  60:2  64:2  65:1
  short unary avg len: 2.00
797.646392,5.413679,332.119961
[PASSED]
[time 1.57 s, user 1.43 s, sys 0.12 s, maxrss 206040 KB]
[busy 163 jiffies]
[exit 0]
--- c2 case 2 rec 0   load 0.65 0.75 0.81
[TEST C2-MARISA]
Processing dataset...
Done!
Building trie...
trie size: 2.220281 MB
Done!
build time: 687.177425 ms (687.177425 ns per key)
space cost: 6.286226 MB (47.827347% of original size 13.143581 MB)
Querying trie...
Done!
total time: 258.179861 ms, avg latency: 258.179861 ns
topology: 0.735279 MB, link: 2.419176 MB, data: 3.111263 MB
--- Unary Path Analysis (Marisa, cutoff=3) ---
  branches: 1529804  |  single-char: 445053 (29.1%)  short-unary: 119280 (7.8%)  links: 965471 (63.1%)
  link len: avg=7.67  max=65  total_chars=7409785
  link length distribution (len:count):  3:106346  4:81524  5:100388  6:117171  7:118183  8:106006  9:86378  10:68801  11:51930  12:37786  13:27091  14:19390  15:13458  16:9322  17:6753  18:4616  19:3149  20:2153  21:1566  22:983  23:724  24:512  25:321  26:290  27:155  28:98  29:77  30:70  31:40  32:24  33:35  34:24  35:16  36:9  37:12  38:9  39:5  40:5  41:5  42:8  43:4  44:7  46:3  47:1  49:1  51:1  53:4  55:2  56:1  57:5  58:4  60:2  64:2  65:1
  short unary avg len: 2.00
687.177425,6.286226,258.179861
[PASSED]
[time 1.38 s, user 1.25 s, sys 0.12 s, maxrss 206120 KB]
[busy 145 jiffies]
[exit 0]
--- c2 case 1 rec 2   load 0.60 0.74 0.80
[TEST C2-CoCo(LOUDS-Sparse)]
Processing dataset...
Done!
Building trie...
trie size: 2.171301 MB
trie size: 0.145336 MB
Done!
build time: 1450.136562 ms (1450.136562 ns per key)
space cost: 6.299446 MB (47.927923% of original size 13.143581 MB)
Querying trie...
Done!
total time: 559.652831 ms, avg latency: 559.652831 ns
topology: 0.558979 MB, link: 2.635554 MB, data: 3.104912 MB
1450.136562,6.299446,559.652831
[PASSED]
[time 2.45 s, user 2.24 s, sys 0.20 s, maxrss 326936 KB]
[busy 261 jiffies]
[exit 0]
--- c2 case 1 rec 1   load 0.60 0.74 0.80
[TEST C2-CoCo(LOUDS-Sparse)]
Processing dataset...
Done!
Building trie...
trie size: 2.171301 MB
Done!
build time: 1463.114644 ms (1463.114644 ns per key)
space cost: 6.299446 MB (47.927923% of original size 13.143581 MB)
Querying trie...
Done!
total time: 546.927494 ms, avg latency: 546.927494 ns
topology: 0.558979 MB, link: 2.635554 MB, data: 3.104912 MB
1463.114644,6.299446,546.927494
[PASSED]
[time 2.46 s, user 2.27 s, sys 0.17 s, maxrss 326776 KB]
[busy 269 jiffies]
[exit 0]
--- c2 case 1 rec 0   load 0.63 0.74 0.80
[TEST C2-CoCo(LOUDS-Sparse)]
Processing dataset...
Done!
Building trie...
Done!
build time: 1366.722785 ms (1366.722785 ns per key)
space cost: 6.955368 MB (52.918365% of original size 13.143581 MB)
Querying trie...
Done!
total time: 487.400053 ms, avg latency: 487.400053 ns
topology: 0.405121 MB, link: 2.743303 MB, data: 3.806944 MB
1366.722785,6.955368,487.400053
[PASSED]
[time 2.30 s, user 2.11 s, sys 0.18 s, maxrss 326884 KB]
[busy 245 jiffies]
[exit 0]
--- c2 case 0 rec 2   load 0.58 0.73 0.80
[TEST C2-FST]
Processing dataset...
Done!
Building trie...
trie size: 2.171301 MB
trie size: 0.145336 MB
Done!
build time: 721.724426 ms (721.724426 ns per key)
space cost: 6.261899 MB (47.642258% of original size 13.143581 MB)
Querying trie...
Done!
total time: 385.662020 ms, avg latency: 385.662020 ns
topology: 1.096256 MB, link: 1.933458 MB, data: 3.232184 MB
--- Unary Path Analysis (FST, cutoff=4) ---
  shared unary steps in main trie: 268333
  terminal suffixes: inplace=220500 (avg len=1.97)  links=754948 (77.4% of terminal)
  link len: avg=6.76  max=63  total_chars=5105329
  link length distribution (len:count):  4:91687  5:111663  6:114934  7:103953  8:85177  9:68086  10:51456  11:37502  12:26935  13:19286  14:13392  15:9281  16:6718  17:4599  18:3138  19:2143  20:1561  21:980  22:717  23:511  24:315  25:289  26:154  27:98  28:76  29:70  30:38  31:24  32:35  33:24  34:15  35:9  36:12  37:9  38:5  39:5  40:5  41:8  42:4  43:7  45:3  46:1  48:1  50:1  52:4  54:2  55:1  56:5  57:4  59:2  63:2  64:1
721.724426,6.261899,385.662020
[PASSED]
[time 1.54 s, user 1.42 s, sys 0.11 s, maxrss 183300 KB]
[busy 158 jiffies]
[exit 0]
--- c2 case 0 rec 1   load 0.58 0.73 0.80
[TEST C2-FST]
Processing dataset...
Done!
Building trie...
trie size: 2.171301 MB
Done!
build time: 718.456233 ms (718.456233 ns per key)
space cost: 6.261899 MB (47.642258% of original size 13.143581 MB)
Querying trie...
Done!
total time: 404.831695 ms, avg latency: 404.831695 ns
topology: 1.096256 MB, link: 1.933458 MB, data: 3.232184 MB
--- Unary Path Analysis (FST, cutoff=4) ---
  shared unary steps in main trie: 268333
  terminal suffixes: inplace=220500 (avg len=1.97)  links=754948 (77.4% of terminal)
  link len: avg=6.76  max=63  total_chars=5105329
  link length distribution (len:count):  4:91687  5:111663  6:114934  7:103953  8:85177  9:68086  10:51456  11:37502  12:26935  13:19286  14:13392  15:9281  16:6718  17:4599  18:3138  19:2143  20:1561  21:980  22:717  23:511  24:315  25:289  26:154  27:98  28:76  29:70  30:38  31:24  32:35  33:24  34:15  35:9  36:12  37:9  38:5  39:5  40:5  41:8  42:4  43:7  45:3  46:1  48:1  50:1  52:4  54:2  55:1  56:5  57:4  59:2  63:2  64:1
718.456233,6.261899,404.831695
[PASSED]
[time 1.56 s, user 1.43 s, sys 0.11 s, maxrss 183228 KB]
[busy 164 jiffies]
[exit 0]
--- c2 case 0 rec 0   load 0.53 0.72 0.80
[TEST C2-FST]
Processing dataset...
Done!
Building trie...
Done!
build time: 619.889811 ms (619.889811 ns per key)
space cost: 6.917822 MB (52.632701% of original size 13.143581 MB)
Querying trie...
Done!
total time: 330.381697 ms, avg latency: 330.381697 ns
topology: 0.942398 MB, link: 2.041207 MB, data: 3.934216 MB
--- Unary Path Analysis (FST, cutoff=4) ---
  shared unary steps in main trie: 268333
  terminal suffixes: inplace=220500 (avg len=1.97)  links=754948 (77.4% of terminal)
  link len: avg=6.76  max=63  total_chars=5105329
  link length distribution (len:count):  4:91687  5:111663  6:114934  7:103953  8:85177  9:68086  10:51456  11:37502  12:26935  13:19286  14:13392  15:9281  16:6718  17:4599  18:3138  19:2143  20:1561  21:980  22:717  23:511  24:315  25:289  26:154  27:98  28:76  29:70  30:38  31:24  32:35  33:24  34:15  35:9  36:12  37:9  38:5  39:5  40:5  41:8  42:4  43:7  45:3  46:1  48:1  50:1  52:4  54:2  55:1  56:5  57:4  59:2  63:2  64:1
619.889811,6.917822,330.381697
[PASSED]
[time 1.37 s, user 1.25 s, sys 0.10 s, maxrss 183104 KB]
[busy 139 jiffies]
[exit 0]
--- lexindex da   load 0.53 0.72 0.80
1000000 keys
lexindex DoubleArrayIndex: build 2920 ms, size 62.183 MiB (65.204 B/key), latency cold 606.9 ns, then mean 590.7 / min 571.9 ns
2919.562,62.183310,606.876
[time 5.75 s, user 5.50 s, sys 0.18 s, maxrss 276100 KB]
[busy 600 jiffies]
[exit 0]
--- lexindex hashed16   load 0.57 0.72 0.80
1000000 keys
lexindex HashedDictIndex fp=16: build 309 ms, size 8.812 MiB (9.240 B/key), latency cold 34.2 ns, then mean 26.6 / min 25.9 ns
308.548,8.812214,34.244
[time 0.92 s, user 2.39 s, sys 0.27 s, maxrss 249552 KB]
[busy 283 jiffies]
[exit 0]
--- lexindex hashed8   load 0.52 0.71 0.79
1000000 keys
lexindex HashedDictIndex fp=8: build 308 ms, size 7.859 MiB (8.240 B/key), latency cold 32.9 ns, then mean 24.7 / min 24.5 ns
307.745,7.858540,32.873
[time 0.90 s, user 2.37 s, sys 0.23 s, maxrss 247460 KB]
[busy 273 jiffies]
[exit 0]
--- lexindex hashed0   load 0.52 0.71 0.79
1000000 keys
lexindex HashedDictIndex closed: build 310 ms, size 6.905 MiB (7.240 B/key), latency cold 27.5 ns, then mean 19.6 / min 19.2 ns
309.713,6.904865,27.540
[time 0.87 s, user 2.35 s, sys 0.28 s, maxrss 247420 KB]
[busy 271 jiffies]
[exit 0]
--- lexindex string   load 0.48 0.70 0.79
1000000 keys
lexindex StringIndex: build 572 ms, size 10.017 MiB (10.504 B/key), latency cold 208.9 ns, then mean 202.0 / min 200.8 ns
572.225,10.017015,208.874
[time 1.84 s, user 1.76 s, sys 0.06 s, maxrss 135944 KB]
[busy 187 jiffies]
[exit 0]
--- lexindex routed1024   load 0.48 0.70 0.79
1000000 keys
lexindex DictIndex block 1024 routed: build 224 ms, size 4.399 MiB (4.613 B/key), latency cold 252.6 ns, then mean 240.9 / min 240.2 ns
224.443,4.398964,252.602
[time 1.66 s, user 2.48 s, sys 0.18 s, maxrss 213560 KB]
[busy 273 jiffies]
[exit 0]
--- lexindex routed256   load 0.52 0.70 0.79
1000000 keys
lexindex DictIndex block 256 routed: build 217 ms, size 4.768 MiB (5.000 B/key), latency cold 229.4 ns, then mean 218.4 / min 214.9 ns
216.593,4.768086,229.354
[time 1.57 s, user 3.03 s, sys 0.25 s, maxrss 237856 KB]
[busy 339 jiffies]
[exit 0]
--- lexindex routed32   load 0.52 0.70 0.79
1000000 keys
lexindex DictIndex block 32 routed: build 216 ms, size 5.076 MiB (5.322 B/key), latency cold 257.7 ns, then mean 245.5 / min 243.5 ns
216.349,5.075809,257.727
[time 1.68 s, user 3.08 s, sys 0.24 s, maxrss 237808 KB]
[busy 341 jiffies]
[exit 0]
--- lexindex dict1024   load 0.56 0.71 0.79
1000000 keys
lexindex DictIndex block 1024: build 227 ms, size 4.160 MiB (4.363 B/key), latency cold 382.2 ns, then mean 375.6 / min 357.1 ns
227.116,4.160439,382.242
[time 2.21 s, user 3.07 s, sys 0.15 s, maxrss 214348 KB]
[busy 352 jiffies]
[exit 0]
--- lexindex dict256   load 0.56 0.71 0.79
1000000 keys
lexindex DictIndex block 256: build 222 ms, size 4.291 MiB (4.500 B/key), latency cold 301.0 ns, then mean 300.8 / min 290.8 ns
221.695,4.291158,301.037
[time 1.91 s, user 3.33 s, sys 0.24 s, maxrss 237892 KB]
[busy 380 jiffies]
[exit 0]
--- lexindex dict32   load 0.60 0.71 0.79
1000000 keys
lexindex DictIndex block 32: build 215 ms, size 4.599 MiB (4.822 B/key), latency cold 311.9 ns, then mean 306.0 / min 289.5 ns
215.327,4.598972,311.946
[time 1.92 s, user 3.30 s, sys 0.23 s, maxrss 237404 KB]
[busy 389 jiffies]
[exit 0]

##### dna-1000000 (1000000 lines, 25000000 bytes)   round 2/3   2026-09-25T09:01:02+03:00
--- xcdat 16   load 0.63 0.72 0.79
build time: 1068.785616 ms
space cost: 21.935129 MiB (95.836042% of original size 22.888184 MiB)
avg latency: 562.226329 ns
1068.785616,21.935129,562.226329
[time 2.49 s, user 2.33 s, sys 0.14 s, maxrss 182632 KB]
[busy 1032 jiffies]
[exit 0]
--- xcdat 15   load 0.66 0.72 0.80
build time: 851.680150 ms
space cost: 21.414997 MiB (93.563550% of original size 22.888184 MiB)
avg latency: 290.798751 ns
851.680150,21.414997,290.798751
[time 1.87 s, user 1.73 s, sys 0.13 s, maxrss 182180 KB]
[busy 216 jiffies]
[exit 0]
--- xcdat 8   load 0.66 0.72 0.80
build time: 788.346439 ms
space cost: 19.685819 MiB (86.008654% of original size 22.888184 MiB)
avg latency: 294.025967 ns
788.346439,19.685819,294.025967
[time 1.79 s, user 1.68 s, sys 0.10 s, maxrss 180428 KB]
[busy 184 jiffies]
[exit 0]
--- xcdat 7   load 0.69 0.73 0.80
build time: 829.114423 ms
space cost: 19.789600 MiB (86.462083% of original size 22.888184 MiB)
avg latency: 304.739707 ns
829.114423,19.789600,304.739707
[time 1.84 s, user 1.73 s, sys 0.10 s, maxrss 180592 KB]
[busy 194 jiffies]
[exit 0]
--- c2 case 8 rec 0   load 0.69 0.73 0.80
[TEST CART]
Processing dataset...
Done!
Building trie...
Done!
build time: 241.026641 ms (241.026641 ns per key)
space cost: 15.643999 MB (68.349675% of original size 22.888184 MB)
Querying trie...
Done!
total time: 444.923547 ms, avg latency: 444.923547 ns
not implemented
241.026641,15.643999,444.923547
[PASSED]
[time 1.42 s, user 1.30 s, sys 0.11 s, maxrss 214664 KB]
[busy 145 jiffies]
[exit 0]
--- c2 case 7 rec 0   load 0.71 0.73 0.80
[TEST ART]
Processing dataset...
Done!
Building trie...
Done!
build time: 191.414172 ms (191.414172 ns per key)
space cost: 33.278465 MB (145.395833% of original size 22.888184 MB)
Querying trie...
Done!
total time: 439.495334 ms, avg latency: 439.495334 ns
not implemented
191.414172,33.278465,439.495334
[PASSED]
[time 1.37 s, user 1.25 s, sys 0.10 s, maxrss 223028 KB]
[busy 145 jiffies]
[exit 0]
--- c2 case 6 rec 0   load 0.71 0.73 0.80
[TEST PDT]
Processing dataset...
Done!
Building trie...
dict size: 151324, stream size: 6218209
Done!
build time: 2891.375741 ms (2891.375741 ns per key)
space cost: 7.350519 MB (32.114908% of original size 22.888184 MB)
Querying trie...
Done!
total time: 774.892008 ms, avg latency: 774.892008 ns
not implemented
2891.375741,7.350519,774.892008
[PASSED]
[time 4.36 s, user 4.18 s, sys 0.16 s, maxrss 212952 KB]
[busy 446 jiffies]
[exit 0]
--- c2 case 5 rec 2   load 0.68 0.72 0.80
[TEST MARISA]
Processing dataset...
Done!
Building trie...
Done!
build time: 959.981481 ms (959.981481 ns per key)
space cost: 7.210847 MB (31.504671% of original size 22.888184 MB)
Querying trie...
Done!
total time: 794.336249 ms, avg latency: 794.336249 ns
not implemented
959.981481,7.210847,794.336249
[PASSED]
[time 2.46 s, user 2.32 s, sys 0.13 s, maxrss 221932 KB]
[busy 252 jiffies]
[exit 0]
--- c2 case 5 rec 1   load 0.68 0.72 0.80
[TEST MARISA]
Processing dataset...
Done!
Building trie...
Done!
build time: 944.521671 ms (944.521671 ns per key)
space cost: 7.640043 MB (33.379858% of original size 22.888184 MB)
Querying trie...
Done!
total time: 731.520610 ms, avg latency: 731.520610 ns
not implemented
944.521671,7.640043,731.520610
[PASSED]
[time 2.38 s, user 2.22 s, sys 0.14 s, maxrss 221976 KB]
[busy 242 jiffies]
[exit 0]
--- c2 case 5 rec 0   load 0.70 0.73 0.80
[TEST MARISA]
Processing dataset...
Done!
Building trie...
Done!
build time: 671.341028 ms (671.341028 ns per key)
space cost: 18.867507 MB (82.433396% of original size 22.888184 MB)
Querying trie...
Done!
total time: 541.020907 ms, avg latency: 541.020907 ns
not implemented
671.341028,18.867507,541.020907
[PASSED]
[time 1.92 s, user 1.77 s, sys 0.13 s, maxrss 223020 KB]
[busy 204 jiffies]
[exit 0]
--- c2 case 4 rec 0   load 0.70 0.73 0.80
[TEST COCO]
Processing dataset...
Done!
Building trie...
num nodes = 65537, average depth = 14.999878
ef = 0.000000, pa = 0.000000, bv = 0.000000, de = 0.000015
efr = 0.000015, par = 0.999969, bvr = 0.000000, der = 0.000000
Done!
build time: 22241.833383 ms (22241.833383 ns per key)
space cost: 5.857979 MB (25.593899% of original size 22.888184 MB)
Querying trie...
Done!
total time: 350.422018 ms, avg latency: 350.422018 ns
not implemented
22241.833383,5.857979,350.422018
[PASSED]
[time 24.18 s, user 18.41 s, sys 5.66 s, maxrss 13623460 KB]
[busy 2470 jiffies]
[exit 0]
--- c2 case 3 rec 0   load 0.74 0.74 0.80
[TEST FST]
Processing dataset...
Done!
Building trie...
Done!
build time: 944.428736 ms (944.428736 ns per key)
space cost: 18.082896 MB (79.005379% of original size 22.888184 MB)
Querying trie...
Done!
total time: 546.804539 ms, avg latency: 546.804539 ns
not implemented
944.428736,18.082896,546.804539
[PASSED]
[time 2.21 s, user 2.08 s, sys 0.11 s, maxrss 178980 KB]
[busy 226 jiffies]
[exit 0]
--- c2 case 2 rec 2   load 0.74 0.74 0.80
[TEST C2-MARISA]
Processing dataset...
Done!
Building trie...
trie size: 2.428399 MB
trie size: 5.162292 MB
Done!
build time: 2215.224612 ms (2215.224612 ns per key)
space cost: 10.748939 MB (46.962829% of original size 22.888184 MB)
Querying trie...
Done!
total time: 381.634590 ms, avg latency: 381.634590 ns
topology: 0.804615 MB, link: 2.791285 MB, data: 7.132531 MB
--- Unary Path Analysis (Marisa, cutoff=3) ---
  branches: 1681124  |  single-char: 605889 (36.0%)  short-unary: 58000 (3.5%)  links: 1017235 (60.5%)
  link len: avg=13.94  max=17  total_chars=14175392
  link length distribution (len:count):  3:13001  4:3156  5:812  6:209  7:97  8:186  9:733  10:2730  11:11261  12:42928  13:153933  14:402475  15:363824  16:21889  17:1
  short unary avg len: 2.00
2215.224612,10.748939,381.634590
[PASSED]
[time 3.33 s, user 3.08 s, sys 0.22 s, maxrss 285388 KB]
[busy 341 jiffies]
[exit 0]
--- c2 case 2 rec 1   load 0.76 0.74 0.80
[TEST C2-MARISA]
Processing dataset...
Done!
Building trie...
trie size: 2.428399 MB
trie size: 5.162292 MB
Done!
build time: 2192.480108 ms (2192.480108 ns per key)
space cost: 10.748939 MB (46.962829% of original size 22.888184 MB)
Querying trie...
Done!
total time: 372.441389 ms, avg latency: 372.441389 ns
topology: 0.804615 MB, link: 2.791285 MB, data: 7.132531 MB
--- Unary Path Analysis (Marisa, cutoff=3) ---
  branches: 1681124  |  single-char: 605889 (36.0%)  short-unary: 58000 (3.5%)  links: 1017235 (60.5%)
  link len: avg=13.94  max=17  total_chars=14175392
  link length distribution (len:count):  3:13001  4:3156  5:812  6:209  7:97  8:186  9:733  10:2730  11:11261  12:42928  13:153933  14:402475  15:363824  16:21889  17:1
  short unary avg len: 2.00
2192.480108,10.748939,372.441389
[PASSED]
[time 3.29 s, user 3.05 s, sys 0.21 s, maxrss 285312 KB]
[busy 335 jiffies]
[exit 0]
--- c2 case 2 rec 0   load 0.78 0.75 0.80
[TEST C2-MARISA]
Processing dataset...
Done!
Building trie...
trie size: 2.428399 MB
Done!
build time: 1329.689612 ms (1329.689612 ns per key)
space cost: 10.748939 MB (46.962829% of original size 22.888184 MB)
Querying trie...
Done!
total time: 374.875254 ms, avg latency: 374.875254 ns
topology: 0.804615 MB, link: 2.791285 MB, data: 7.132531 MB
--- Unary Path Analysis (Marisa, cutoff=3) ---
  branches: 1681124  |  single-char: 605889 (36.0%)  short-unary: 58000 (3.5%)  links: 1017235 (60.5%)
  link len: avg=13.94  max=17  total_chars=14175392
  link length distribution (len:count):  3:13001  4:3156  5:812  6:209  7:97  8:186  9:733  10:2730  11:11261  12:42928  13:153933  14:402475  15:363824  16:21889  17:1
  short unary avg len: 2.00
1329.689612,10.748939,374.875254
[PASSED]
[time 2.40 s, user 2.24 s, sys 0.14 s, maxrss 252220 KB]
[busy 247 jiffies]
[exit 0]
--- c2 case 1 rec 2   load 0.72 0.73 0.80
[TEST C2-CoCo(LOUDS-Sparse)]
Processing dataset...
Done!
Building trie...
trie size: 5.258043 MB
Done!
build time: 2682.289931 ms (2682.289931 ns per key)
space cost: 9.777104 MB (42.716818% of original size 22.888184 MB)
Querying trie...
Done!
total time: 454.346010 ms, avg latency: 454.346010 ns
topology: 0.343521 MB, link: 3.029230 MB, data: 6.404353 MB
2682.289931,9.777104,454.346010
[PASSED]
[time 3.83 s, user 3.60 s, sys 0.21 s, maxrss 413996 KB]
[busy 392 jiffies]
[exit 0]
--- c2 case 1 rec 1   load 0.66 0.72 0.79
[TEST C2-CoCo(LOUDS-Sparse)]
Processing dataset...
Done!
Building trie...
trie size: 5.258043 MB
Done!
build time: 2689.603088 ms (2689.603088 ns per key)
space cost: 9.777104 MB (42.716818% of original size 22.888184 MB)
Querying trie...
Done!
total time: 447.201179 ms, avg latency: 447.201179 ns
topology: 0.343521 MB, link: 3.029230 MB, data: 6.404353 MB
2689.603088,9.777104,447.201179
[PASSED]
[time 3.85 s, user 3.63 s, sys 0.20 s, maxrss 413900 KB]
[busy 392 jiffies]
[exit 0]
--- c2 case 1 rec 0   load 0.61 0.71 0.79
[TEST C2-CoCo(LOUDS-Sparse)]
Processing dataset...
Done!
Building trie...
Done!
build time: 1992.791893 ms (1992.791893 ns per key)
space cost: 9.777104 MB (42.716818% of original size 22.888184 MB)
Querying trie...
Done!
total time: 444.039997 ms, avg latency: 444.039997 ns
topology: 0.343521 MB, link: 3.029230 MB, data: 6.404353 MB
1992.791893,9.777104,444.039997
[PASSED]
[time 3.13 s, user 2.95 s, sys 0.17 s, maxrss 386020 KB]
[busy 318 jiffies]
[exit 0]
--- c2 case 0 rec 2   load 0.61 0.71 0.79
[TEST C2-FST]
Processing dataset...
Done!
Building trie...
trie size: 5.258043 MB
Done!
build time: 2115.763619 ms (2115.763619 ns per key)
space cost: 11.502727 MB (50.256179% of original size 22.888184 MB)
Querying trie...
Done!
total time: 409.230464 ms, avg latency: 409.230464 ns
topology: 0.892128 MB, link: 2.893083 MB, data: 7.717516 MB
--- Unary Path Analysis (FST, cutoff=4) ---
  shared unary steps in main trie: 98146
  terminal suffixes: inplace=2 (avg len=3.00)  links=999998 (100.0% of terminal)
  link len: avg=12.12  max=15  total_chars=12118007
  link length distribution (len:count):  4:2  5:10  6:40  7:176  8:732  9:2727  10:11261  11:42928  12:153933  13:402475  14:363824  15:21889  16:1
2115.763619,11.502727,409.230464
[PASSED]
[time 3.23 s, user 3.04 s, sys 0.18 s, maxrss 284188 KB]
[busy 328 jiffies]
[exit 0]
--- c2 case 0 rec 1   load 0.64 0.72 0.79
[TEST C2-FST]
Processing dataset...
Done!
Building trie...
trie size: 5.258043 MB
Done!
build time: 2122.407509 ms (2122.407509 ns per key)
space cost: 11.502727 MB (50.256179% of original size 22.888184 MB)
Querying trie...
Done!
total time: 417.265196 ms, avg latency: 417.265196 ns
topology: 0.892128 MB, link: 2.893083 MB, data: 7.717516 MB
--- Unary Path Analysis (FST, cutoff=4) ---
  shared unary steps in main trie: 98146
  terminal suffixes: inplace=2 (avg len=3.00)  links=999998 (100.0% of terminal)
  link len: avg=12.12  max=15  total_chars=12118007
  link length distribution (len:count):  4:2  5:10  6:40  7:176  8:732  9:2727  10:11261  11:42928  12:153933  13:402475  14:363824  15:21889  16:1
2122.407509,11.502727,417.265196
[PASSED]
[time 3.23 s, user 3.04 s, sys 0.17 s, maxrss 284308 KB]
[busy 331 jiffies]
[exit 0]
--- c2 case 0 rec 0   load 0.67 0.72 0.79
[TEST C2-FST]
Processing dataset...
Done!
Building trie...
Done!
build time: 1436.549312 ms (1436.549312 ns per key)
space cost: 11.502727 MB (50.256179% of original size 22.888184 MB)
Querying trie...
Done!
total time: 410.518294 ms, avg latency: 410.518294 ns
topology: 0.892128 MB, link: 2.893083 MB, data: 7.717516 MB
--- Unary Path Analysis (FST, cutoff=4) ---
  shared unary steps in main trie: 98146
  terminal suffixes: inplace=2 (avg len=3.00)  links=999998 (100.0% of terminal)
  link len: avg=12.12  max=15  total_chars=12118007
  link length distribution (len:count):  4:2  5:10  6:40  7:176  8:732  9:2727  10:11261  11:42928  12:153933  13:402475  14:363824  15:21889  16:1
1436.549312,11.502727,410.518294
[PASSED]
[time 2.54 s, user 2.39 s, sys 0.14 s, maxrss 256068 KB]
[busy 259 jiffies]
[exit 0]
--- lexindex da   skipped: exit 3 in round 1
--- lexindex hashed16   load 0.69 0.72 0.79
1000000 keys
lexindex HashedDictIndex fp=16: build 200 ms, size 8.693 MiB (9.115 B/key), latency cold 60.2 ns, then mean 59.1 / min 58.0 ns
199.918,8.692947,60.188
[time 0.92 s, user 1.45 s, sys 0.21 s, maxrss 173268 KB]
[busy 170 jiffies]
[exit 0]
--- lexindex hashed8   load 0.69 0.72 0.79
1000000 keys
lexindex HashedDictIndex fp=8: build 202 ms, size 7.739 MiB (8.115 B/key), latency cold 57.8 ns, then mean 56.6 / min 55.6 ns
202.376,7.739273,57.823
[time 0.90 s, user 1.50 s, sys 0.15 s, maxrss 174184 KB]
[busy 173 jiffies]
[exit 0]
--- lexindex hashed0   load 0.64 0.71 0.79
1000000 keys
lexindex HashedDictIndex closed: build 200 ms, size 6.786 MiB (7.115 B/key), latency cold 43.9 ns, then mean 41.6 / min 40.7 ns
199.714,6.785599,43.865
[time 0.84 s, user 1.42 s, sys 0.18 s, maxrss 173732 KB]
[busy 165 jiffies]
[exit 0]
--- lexindex string   load 0.64 0.71 0.79
1000000 keys
lexindex StringIndex: build 1106 ms, size 16.920 MiB (17.741 B/key), latency cold 419.5 ns, then mean 414.3 / min 413.2 ns
1106.285,16.919603,419.537
[time 3.24 s, user 3.14 s, sys 0.09 s, maxrss 164756 KB]
[busy 331 jiffies]
[exit 0]
--- lexindex routed1024   load 0.67 0.72 0.79
1000000 keys
lexindex DictIndex block 1024 routed: build 106 ms, size 4.273 MiB (4.481 B/key), latency cold 260.4 ns, then mean 263.0 / min 257.9 ns
105.545,4.273081,260.446
[time 1.64 s, user 1.92 s, sys 0.11 s, maxrss 160576 KB]
[busy 208 jiffies]
[exit 0]
--- lexindex routed256   load 0.67 0.72 0.79
1000000 keys
lexindex DictIndex block 256 routed: build 105 ms, size 4.649 MiB (4.875 B/key), latency cold 253.9 ns, then mean 253.0 / min 250.7 ns
105.487,4.649249,253.920
[time 1.60 s, user 2.16 s, sys 0.17 s, maxrss 173384 KB]
[busy 241 jiffies]
[exit 0]
--- lexindex routed32   load 0.78 0.74 0.80
1000000 keys
lexindex DictIndex block 32 routed: build 103 ms, size 5.245 MiB (5.500 B/key), latency cold 297.7 ns, then mean 295.7 / min 289.1 ns
103.031,5.244968,297.693
[time 1.78 s, user 2.31 s, sys 0.18 s, maxrss 184896 KB]
[busy 260 jiffies]
[exit 0]
--- lexindex dict1024   load 0.78 0.74 0.80
1000000 keys
lexindex DictIndex block 1024: build 107 ms, size 4.035 MiB (4.231 B/key), latency cold 336.5 ns, then mean 333.6 / min 333.0 ns
106.968,4.034555,336.506
[time 1.92 s, user 2.19 s, sys 0.12 s, maxrss 157568 KB]
[busy 237 jiffies]
[exit 0]
--- lexindex dict256   load 0.79 0.74 0.80
1000000 keys
lexindex DictIndex block 256: build 103 ms, size 4.172 MiB (4.375 B/key), latency cold 318.3 ns, then mean 307.1 / min 306.0 ns
103.037,4.172320,318.310
[time 1.82 s, user 2.36 s, sys 0.18 s, maxrss 173876 KB]
[busy 263 jiffies]
[exit 0]
--- lexindex dict32   load 0.73 0.73 0.79
1000000 keys
lexindex DictIndex block 32: build 104 ms, size 4.768 MiB (5.000 B/key), latency cold 315.7 ns, then mean 314.8 / min 311.8 ns
103.568,4.768131,315.705
[time 1.85 s, user 2.36 s, sys 0.20 s, maxrss 180824 KB]
[busy 263 jiffies]
[exit 0]

##### words-full (479823 lines, 4953557 bytes)   round 2/3   2026-09-25T09:03:09+03:00
--- xcdat 16   load 0.73 0.73 0.79
build time: 98.745819 ms
space cost: 3.550420 MiB (83.216503% of original size 4.266485 MiB)
avg latency: 83.573295 ns
98.745819,3.550420,83.573295
[time 0.31 s, user 0.27 s, sys 0.03 s, maxrss 58376 KB]
[busy 32 jiffies]
[exit 0]
--- xcdat 15   load 0.73 0.73 0.79
build time: 107.445732 ms
space cost: 3.340850 MiB (78.304499% of original size 4.266485 MiB)
avg latency: 76.845776 ns
107.445732,3.340850,76.845776
[time 0.31 s, user 0.27 s, sys 0.04 s, maxrss 58312 KB]
[busy 34 jiffies]
[exit 0]
--- xcdat 8   load 0.67 0.72 0.79
build time: 96.915157 ms
space cost: 2.597720 MiB (60.886655% of original size 4.266485 MiB)
avg latency: 107.838130 ns
96.915157,2.597720,107.838130
[time 0.31 s, user 0.28 s, sys 0.03 s, maxrss 52040 KB]
[busy 31 jiffies]
[exit 0]
--- xcdat 7   load 0.67 0.72 0.79
build time: 106.727742 ms
space cost: 2.721505 MiB (63.787990% of original size 4.266485 MiB)
avg latency: 105.856468 ns
106.727742,2.721505,105.856468
[time 0.32 s, user 0.28 s, sys 0.03 s, maxrss 52256 KB]
[busy 34 jiffies]
[exit 0]
--- c2 case 8 rec 0   load 0.67 0.72 0.79
[TEST CART]
Processing dataset...
Done!
Building trie...
Done!
build time: 69.057121 ms (143.922073 ns per key)
space cost: 7.328448 MB (171.767812% of original size 4.266485 MB)
Querying trie...
Done!
total time: 98.582932 ms, avg latency: 205.456871 ns
not implemented
69.057121,7.328448,205.456871
[PASSED]
[time 0.34 s, user 0.30 s, sys 0.03 s, maxrss 62180 KB]
[busy 35 jiffies]
[exit 0]
--- c2 case 7 rec 0   load 0.67 0.72 0.79
[TEST ART]
Processing dataset...
Done!
Building trie...
Done!
build time: 45.775106 ms (95.399983 ns per key)
space cost: 16.425407 MB (384.986859% of original size 4.266485 MB)
Querying trie...
Done!
total time: 81.400093 ms, avg latency: 169.646084 ns
not implemented
45.775106,16.425407,169.646084
[PASSED]
[time 0.29 s, user 0.26 s, sys 0.03 s, maxrss 62040 KB]
[busy 31 jiffies]
[exit 0]
--- c2 case 6 rec 0   load 0.70 0.72 0.79
[TEST PDT]
Processing dataset...
Done!
Building trie...
dict size: 35774, stream size: 975943
Done!
build time: 333.278933 ms (694.587239 ns per key)
space cost: 1.577207 MB (36.967352% of original size 4.266485 MB)
Querying trie...
Done!
total time: 205.810804 ms, avg latency: 428.930677 ns
not implemented
333.278933,1.577207,428.930677
[PASSED]
[time 0.71 s, user 0.68 s, sys 0.02 s, maxrss 52904 KB]
[busy 73 jiffies]
[exit 0]
--- c2 case 5 rec 2   load 0.70 0.72 0.79
[TEST MARISA]
Processing dataset...
Done!
Building trie...
Done!
build time: 161.052239 ms (335.649269 ns per key)
space cost: 1.362252 MB (31.929145% of original size 4.266485 MB)
Querying trie...
Done!
total time: 164.768604 ms, avg latency: 343.394552 ns
not implemented
161.052239,1.362252,343.394552
[PASSED]
[time 0.49 s, user 0.45 s, sys 0.04 s, maxrss 63348 KB]
[busy 52 jiffies]
[exit 0]
--- c2 case 5 rec 1   load 0.70 0.72 0.79
[TEST MARISA]
Processing dataset...
Done!
Building trie...
Done!
build time: 154.971569 ms (322.976533 ns per key)
space cost: 1.371034 MB (32.134968% of original size 4.266485 MB)
Querying trie...
Done!
total time: 163.082104 ms, avg latency: 339.879714 ns
not implemented
154.971569,1.371034,339.879714
[PASSED]
[time 0.48 s, user 0.44 s, sys 0.04 s, maxrss 63292 KB]
[busy 50 jiffies]
[exit 0]
--- c2 case 5 rec 0   load 0.64 0.71 0.79
[TEST MARISA]
Processing dataset...
Done!
Building trie...
Done!
build time: 152.258489 ms (317.322198 ns per key)
space cost: 1.546566 MB (36.249182% of original size 4.266485 MB)
Querying trie...
Done!
total time: 143.874178 ms, avg latency: 299.848440 ns
not implemented
152.258489,1.546566,299.848440
[PASSED]
[time 0.47 s, user 0.43 s, sys 0.03 s, maxrss 63252 KB]
[busy 49 jiffies]
[exit 0]
--- c2 case 4 rec 0   load 0.64 0.71 0.79
[TEST COCO]
Processing dataset...
Done!
Building trie...
num nodes = 100870, average depth = 2.907644
ef = 0.002379, pa = 0.381531, bv = 0.002558, de = 0.468484
efr = 0.010370, par = 0.134639, bvr = 0.000020, der = 0.000020
Done!
build time: 1565.023973 ms (3261.669351 ns per key)
space cost: 2.485874 MB (58.265159% of original size 4.266485 MB)
Querying trie...
Done!
total time: 165.955246 ms, avg latency: 345.867635 ns
not implemented
1565.023973,2.485874,345.867635
[PASSED]
[time 1.96 s, user 1.55 s, sys 0.40 s, maxrss 920356 KB]
[busy 203 jiffies]
[exit 0]
--- c2 case 3 rec 0   load 0.59 0.70 0.78
[TEST FST]
Processing dataset...
Done!
Building trie...
Done!
build time: 184.372295 ms (384.250640 ns per key)
space cost: 2.144493 MB (50.263695% of original size 4.266485 MB)
Querying trie...
Done!
total time: 206.497234 ms, avg latency: 430.361267 ns
not implemented
184.372295,2.144493,430.361267
[PASSED]
[time 0.56 s, user 0.51 s, sys 0.03 s, maxrss 41424 KB]
[busy 57 jiffies]
[exit 0]
--- c2 case 2 rec 2   load 0.59 0.70 0.78
[TEST C2-MARISA]
Processing dataset...
Done!
Building trie...
trie size: 1.224291 MB
trie size: 0.455650 MB
trie size: 0.007228 MB
Done!
build time: 113.181264 ms (235.881281 ns per key)
space cost: 1.692706 MB (39.674487% of original size 4.266485 MB)
Querying trie...
Done!
total time: 104.230067 ms, avg latency: 217.226075 ns
topology: 0.426247 MB, link: 0.398585 MB, data: 0.857620 MB
--- Unary Path Analysis (Marisa, cutoff=3) ---
  branches: 742737  |  single-char: 411656 (55.4%)  short-unary: 124451 (16.8%)  links: 206630 (27.8%)
  link len: avg=4.35  max=37  total_chars=898820
  link length distribution (len:count):  3:81252  4:55503  5:30038  6:18037  7:10646  8:5519  9:2885  10:1442  11:688  12:346  13:146  14:66  15:26  16:12  17:9  18:7  19:2  20:3  21:1  22:1  37:1
  short unary avg len: 2.00
113.181264,1.692706,217.226075
[PASSED]
[time 0.39 s, user 0.34 s, sys 0.04 s, maxrss 62692 KB]
[busy 41 jiffies]
[exit 0]
--- c2 case 2 rec 1   load 0.59 0.70 0.78
[TEST C2-MARISA]
Processing dataset...
Done!
Building trie...
trie size: 1.224291 MB
trie size: 0.455650 MB
Done!
build time: 111.785108 ms (232.971550 ns per key)
space cost: 1.692706 MB (39.674487% of original size 4.266485 MB)
Querying trie...
Done!
total time: 102.614090 ms, avg latency: 213.858214 ns
topology: 0.426247 MB, link: 0.398585 MB, data: 0.857620 MB
--- Unary Path Analysis (Marisa, cutoff=3) ---
  branches: 742737  |  single-char: 411656 (55.4%)  short-unary: 124451 (16.8%)  links: 206630 (27.8%)
  link len: avg=4.35  max=37  total_chars=898820
  link length distribution (len:count):  3:81252  4:55503  5:30038  6:18037  7:10646  8:5519  9:2885  10:1442  11:688  12:346  13:146  14:66  15:26  16:12  17:9  18:7  19:2  20:3  21:1  22:1  37:1
  short unary avg len: 2.00
111.785108,1.692706,213.858214
[PASSED]
[time 0.39 s, user 0.35 s, sys 0.03 s, maxrss 62460 KB]
[busy 40 jiffies]
[exit 0]
--- c2 case 2 rec 0   load 0.59 0.70 0.78
[TEST C2-MARISA]
Processing dataset...
Done!
Building trie...
trie size: 1.224291 MB
Done!
build time: 111.210980 ms (231.775009 ns per key)
space cost: 1.753984 MB (41.110759% of original size 4.266485 MB)
Querying trie...
Done!
total time: 97.212145 ms, avg latency: 202.600011 ns
topology: 0.405689 MB, link: 0.420969 MB, data: 0.917072 MB
--- Unary Path Analysis (Marisa, cutoff=3) ---
  branches: 742737  |  single-char: 411656 (55.4%)  short-unary: 124451 (16.8%)  links: 206630 (27.8%)
  link len: avg=4.35  max=37  total_chars=898820
  link length distribution (len:count):  3:81252  4:55503  5:30038  6:18037  7:10646  8:5519  9:2885  10:1442  11:688  12:346  13:146  14:66  15:26  16:12  17:9  18:7  19:2  20:3  21:1  22:1  37:1
  short unary avg len: 2.00
111.210980,1.753984,202.600011
[PASSED]
[time 0.38 s, user 0.34 s, sys 0.03 s, maxrss 62868 KB]
[busy 40 jiffies]
[exit 0]
--- c2 case 1 rec 2   load 0.62 0.70 0.78
[TEST C2-CoCo(LOUDS-Sparse)]
Processing dataset...
Done!
Building trie...
trie size: 0.142362 MB
Done!
build time: 417.279333 ms (869.652628 ns per key)
space cost: 2.136750 MB (50.082199% of original size 4.266485 MB)
Querying trie...
Done!
total time: 195.367764 ms, avg latency: 407.166318 ns
topology: 0.195229 MB, link: 0.520357 MB, data: 1.421164 MB
417.279333,2.136750,407.166318
[PASSED]
[time 0.79 s, user 0.72 s, sys 0.06 s, maxrss 97804 KB]
[busy 80 jiffies]
[exit 0]
--- c2 case 1 rec 1   load 0.62 0.70 0.78
[TEST C2-CoCo(LOUDS-Sparse)]
Processing dataset...
Done!
Building trie...
trie size: 0.142362 MB
Done!
build time: 414.278943 ms (863.399510 ns per key)
space cost: 2.136750 MB (50.082199% of original size 4.266485 MB)
Querying trie...
Done!
total time: 197.500052 ms, avg latency: 411.610223 ns
topology: 0.195229 MB, link: 0.520357 MB, data: 1.421164 MB
414.278943,2.136750,411.610223
[PASSED]
[time 0.79 s, user 0.73 s, sys 0.05 s, maxrss 97824 KB]
[busy 83 jiffies]
[exit 0]
--- c2 case 1 rec 0   load 0.62 0.70 0.78
[TEST C2-CoCo(LOUDS-Sparse)]
Processing dataset...
Done!
Building trie...
Done!
build time: 413.379543 ms (861.525069 ns per key)
space cost: 2.136750 MB (50.082199% of original size 4.266485 MB)
Querying trie...
Done!
total time: 196.251875 ms, avg latency: 409.008895 ns
topology: 0.195229 MB, link: 0.520357 MB, data: 1.421164 MB
413.379543,2.136750,409.008895
[PASSED]
[time 0.78 s, user 0.72 s, sys 0.06 s, maxrss 97684 KB]
[busy 81 jiffies]
[exit 0]
--- c2 case 0 rec 2   load 0.65 0.71 0.79
[TEST C2-FST]
Processing dataset...
Done!
Building trie...
trie size: 0.142362 MB
Done!
build time: 71.123515 ms (148.228649 ns per key)
space cost: 1.889297 MB (44.282271% of original size 4.266485 MB)
Querying trie...
Done!
total time: 121.289715 ms, avg latency: 252.780119 ns
topology: 0.420059 MB, link: 0.189988 MB, data: 1.279249 MB
--- Unary Path Analysis (FST, cutoff=4) ---
  shared unary steps in main trie: 150595
  terminal suffixes: inplace=193950 (avg len=1.79)  links=60939 (23.9% of terminal)
  link len: avg=4.24  max=35  total_chars=258586
  link length distribution (len:count):  4:25346  5:15798  6:9608  7:4976  8:2612  9:1355  10:653  11:330  12:137  13:65  14:25  15:11  16:9  17:6  18:2  19:3  20:1  21:1  36:1
71.123515,1.889297,252.780119
[PASSED]
[time 0.36 s, user 0.33 s, sys 0.03 s, maxrss 48816 KB]
[busy 38 jiffies]
[exit 0]
--- c2 case 0 rec 1   load 0.65 0.71 0.79
[TEST C2-FST]
Processing dataset...
Done!
Building trie...
trie size: 0.142362 MB
Done!
build time: 73.715187 ms (153.629957 ns per key)
space cost: 1.889297 MB (44.282271% of original size 4.266485 MB)
Querying trie...
Done!
total time: 122.630866 ms, avg latency: 255.575214 ns
topology: 0.420059 MB, link: 0.189988 MB, data: 1.279249 MB
--- Unary Path Analysis (FST, cutoff=4) ---
  shared unary steps in main trie: 150595
  terminal suffixes: inplace=193950 (avg len=1.79)  links=60939 (23.9% of terminal)
  link len: avg=4.24  max=35  total_chars=258586
  link length distribution (len:count):  4:25346  5:15798  6:9608  7:4976  8:2612  9:1355  10:653  11:330  12:137  13:65  14:25  15:11  16:9  17:6  18:2  19:3  20:1  21:1  36:1
73.715187,1.889297,255.575214
[PASSED]
[time 0.37 s, user 0.33 s, sys 0.03 s, maxrss 48668 KB]
[busy 41 jiffies]
[exit 0]
--- c2 case 0 rec 0   load 0.65 0.71 0.79
[TEST C2-FST]
Processing dataset...
Done!
Building trie...
Done!
build time: 68.310768 ms (142.366598 ns per key)
space cost: 1.889297 MB (44.282271% of original size 4.266485 MB)
Querying trie...
Done!
total time: 121.718291 ms, avg latency: 253.673315 ns
topology: 0.420059 MB, link: 0.189988 MB, data: 1.279249 MB
--- Unary Path Analysis (FST, cutoff=4) ---
  shared unary steps in main trie: 150595
  terminal suffixes: inplace=193950 (avg len=1.79)  links=60939 (23.9% of terminal)
  link len: avg=4.24  max=35  total_chars=258586
  link length distribution (len:count):  4:25346  5:15798  6:9608  7:4976  8:2612  9:1355  10:653  11:330  12:137  13:65  14:25  15:11  16:9  17:6  18:2  19:3  20:1  21:1  36:1
68.310768,1.889297,253.673315
[PASSED]
[time 0.36 s, user 0.33 s, sys 0.03 s, maxrss 48796 KB]
[busy 39 jiffies]
[exit 0]
--- lexindex da   load 0.60 0.70 0.78
479823 keys
lexindex DoubleArrayIndex: build 426 ms, size 11.176 MiB (24.422 B/key), latency cold 76.0 ns, then mean 55.9 / min 55.2 ns
425.777,11.175512,75.986
[time 0.71 s, user 0.65 s, sys 0.04 s, maxrss 78232 KB]
[busy 71 jiffies]
[exit 0]
--- lexindex hashed16   load 0.60 0.70 0.78
479823 keys
lexindex HashedDictIndex fp=16: build 94 ms, size 3.318 MiB (7.252 B/key), latency cold 18.0 ns, then mean 14.9 / min 14.8 ns
93.629,3.318485,17.979
[time 0.30 s, user 0.37 s, sys 0.08 s, maxrss 79036 KB]
[busy 50 jiffies]
[exit 0]
--- lexindex hashed8   load 0.60 0.70 0.78
479823 keys
lexindex HashedDictIndex fp=8: build 94 ms, size 2.861 MiB (6.252 B/key), latency cold 17.2 ns, then mean 14.8 / min 14.8 ns
94.342,2.860890,17.243
[time 0.29 s, user 0.38 s, sys 0.07 s, maxrss 78536 KB]
[busy 49 jiffies]
[exit 0]
--- lexindex hashed0   load 0.55 0.69 0.78
479823 keys
lexindex HashedDictIndex closed: build 93 ms, size 2.403 MiB (5.252 B/key), latency cold 13.7 ns, then mean 11.9 / min 11.8 ns
93.489,2.403296,13.746
[time 0.29 s, user 0.36 s, sys 0.08 s, maxrss 74160 KB]
[busy 47 jiffies]
[exit 0]
--- lexindex string   load 0.55 0.69 0.78
479823 keys
lexindex StringIndex: build 139 ms, size 2.724 MiB (5.953 B/key), latency cold 148.9 ns, then mean 147.7 / min 147.4 ns
138.922,2.724010,148.903
[time 0.59 s, user 0.56 s, sys 0.03 s, maxrss 64528 KB]
[busy 60 jiffies]
[exit 0]
--- lexindex routed1024   load 0.55 0.69 0.78
479823 keys
lexindex DictIndex block 1024 routed: build 61 ms, size 1.265 MiB (2.764 B/key), latency cold 191.8 ns, then mean 190.0 / min 188.3 ns
61.389,1.264619,191.785
[time 0.60 s, user 0.64 s, sys 0.05 s, maxrss 64416 KB]
[busy 73 jiffies]
[exit 0]
--- lexindex routed256   load 0.55 0.69 0.78
479823 keys
lexindex DictIndex block 256 routed: build 52 ms, size 1.435 MiB (3.135 B/key), latency cold 165.3 ns, then mean 162.0 / min 161.5 ns
52.110,1.434671,165.276
[time 0.54 s, user 0.61 s, sys 0.07 s, maxrss 73924 KB]
[busy 69 jiffies]
[exit 0]
--- lexindex routed32   load 0.59 0.69 0.78
479823 keys
lexindex DictIndex block 32 routed: build 54 ms, size 1.533 MiB (3.350 B/key), latency cold 182.1 ns, then mean 177.0 / min 176.7 ns
53.900,1.532863,182.144
[time 0.57 s, user 0.64 s, sys 0.07 s, maxrss 73696 KB]
[busy 73 jiffies]
[exit 0]
--- lexindex dict1024   load 0.59 0.69 0.78
479823 keys
lexindex DictIndex block 1024: build 61 ms, size 1.150 MiB (2.513 B/key), latency cold 300.3 ns, then mean 293.0 / min 291.9 ns
60.771,1.150117,300.306
[time 0.80 s, user 0.83 s, sys 0.06 s, maxrss 64660 KB]
[busy 92 jiffies]
[exit 0]
--- lexindex dict256   load 0.59 0.69 0.78
479823 keys
lexindex DictIndex block 256: build 53 ms, size 1.206 MiB (2.635 B/key), latency cold 235.3 ns, then mean 234.0 / min 234.0 ns
52.560,1.205790,235.331
[time 0.68 s, user 0.76 s, sys 0.06 s, maxrss 74212 KB]
[busy 85 jiffies]
[exit 0]
--- lexindex dict32   load 0.62 0.70 0.78
479823 keys
lexindex DictIndex block 32: build 53 ms, size 1.304 MiB (2.850 B/key), latency cold 201.6 ns, then mean 199.5 / min 199.3 ns
53.285,1.304057,201.634
[time 0.61 s, user 0.69 s, sys 0.06 s, maxrss 72948 KB]
[busy 78 jiffies]
[exit 0]

##### words-full (479823 lines, 4953557 bytes)   round 3/3   2026-09-25T09:03:59+03:00
--- lexindex dict32   load 0.62 0.70 0.78
479823 keys
lexindex DictIndex block 32: build 53 ms, size 1.304 MiB (2.850 B/key), latency cold 201.7 ns, then mean 199.4 / min 198.4 ns
52.755,1.304057,201.671
[time 0.62 s, user 0.68 s, sys 0.07 s, maxrss 73988 KB]
[busy 80 jiffies]
[exit 0]
--- lexindex dict256   load 0.62 0.70 0.78
479823 keys
lexindex DictIndex block 256: build 53 ms, size 1.206 MiB (2.635 B/key), latency cold 237.3 ns, then mean 236.4 / min 235.0 ns
52.741,1.205790,237.275
[time 0.68 s, user 0.76 s, sys 0.07 s, maxrss 74124 KB]
[busy 84 jiffies]
[exit 0]
--- lexindex dict1024   load 0.65 0.70 0.78
479823 keys
lexindex DictIndex block 1024: build 60 ms, size 1.150 MiB (2.513 B/key), latency cold 294.5 ns, then mean 290.4 / min 290.0 ns
60.409,1.150117,294.488
[time 0.79 s, user 0.83 s, sys 0.05 s, maxrss 65680 KB]
[busy 92 jiffies]
[exit 0]
--- lexindex routed32   load 0.65 0.70 0.78
479823 keys
lexindex DictIndex block 32 routed: build 54 ms, size 1.533 MiB (3.350 B/key), latency cold 181.8 ns, then mean 180.4 / min 180.0 ns
53.890,1.532863,181.811
[time 0.57 s, user 0.63 s, sys 0.08 s, maxrss 73380 KB]
[busy 74 jiffies]
[exit 0]
--- lexindex routed256   load 0.65 0.70 0.78
479823 keys
lexindex DictIndex block 256 routed: build 53 ms, size 1.435 MiB (3.135 B/key), latency cold 166.1 ns, then mean 162.2 / min 162.1 ns
52.754,1.434671,166.149
[time 0.54 s, user 0.61 s, sys 0.07 s, maxrss 74220 KB]
[busy 69 jiffies]
[exit 0]
--- lexindex routed1024   load 0.68 0.71 0.78
479823 keys
lexindex DictIndex block 1024 routed: build 62 ms, size 1.265 MiB (2.764 B/key), latency cold 189.8 ns, then mean 188.3 / min 188.0 ns
62.058,1.264619,189.814
[time 0.59 s, user 0.63 s, sys 0.05 s, maxrss 64528 KB]
[busy 71 jiffies]
[exit 0]
--- lexindex string   load 0.68 0.71 0.78
479823 keys
lexindex StringIndex: build 147 ms, size 2.724 MiB (5.953 B/key), latency cold 150.5 ns, then mean 147.5 / min 146.7 ns
147.063,2.724010,150.477
[time 0.61 s, user 0.56 s, sys 0.04 s, maxrss 64484 KB]
[busy 66 jiffies]
[exit 0]
--- lexindex hashed0   load 0.68 0.71 0.78
479823 keys
lexindex HashedDictIndex closed: build 94 ms, size 2.403 MiB (5.252 B/key), latency cold 14.4 ns, then mean 11.9 / min 11.8 ns
93.891,2.403296,14.382
[time 0.29 s, user 0.36 s, sys 0.08 s, maxrss 73960 KB]
[busy 45 jiffies]
[exit 0]
--- lexindex hashed8   load 0.63 0.70 0.78
479823 keys
lexindex HashedDictIndex fp=8: build 94 ms, size 2.861 MiB (6.252 B/key), latency cold 18.4 ns, then mean 15.1 / min 15.0 ns
94.417,2.860890,18.432
[time 0.30 s, user 0.38 s, sys 0.07 s, maxrss 78716 KB]
[busy 48 jiffies]
[exit 0]
--- lexindex hashed16   load 0.63 0.70 0.78
479823 keys
lexindex HashedDictIndex fp=16: build 95 ms, size 3.318 MiB (7.252 B/key), latency cold 17.7 ns, then mean 15.3 / min 15.0 ns
94.868,3.318485,17.699
[time 0.30 s, user 0.37 s, sys 0.08 s, maxrss 74348 KB]
[busy 48 jiffies]
[exit 0]
--- lexindex da   load 0.63 0.70 0.78
479823 keys
lexindex DoubleArrayIndex: build 420 ms, size 11.176 MiB (24.422 B/key), latency cold 86.4 ns, then mean 57.7 / min 57.4 ns
419.923,11.175512,86.372
[time 0.71 s, user 0.66 s, sys 0.05 s, maxrss 78324 KB]
[busy 73 jiffies]
[exit 0]
--- c2 case 0 rec 0   load 0.58 0.68 0.77
[TEST C2-FST]
Processing dataset...
Done!
Building trie...
Done!
build time: 70.197484 ms (146.298706 ns per key)
space cost: 1.889297 MB (44.282271% of original size 4.266485 MB)
Querying trie...
Done!
total time: 122.015760 ms, avg latency: 254.293271 ns
topology: 0.420059 MB, link: 0.189988 MB, data: 1.279249 MB
--- Unary Path Analysis (FST, cutoff=4) ---
  shared unary steps in main trie: 150595
  terminal suffixes: inplace=193950 (avg len=1.79)  links=60939 (23.9% of terminal)
  link len: avg=4.24  max=35  total_chars=258586
  link length distribution (len:count):  4:25346  5:15798  6:9608  7:4976  8:2612  9:1355  10:653  11:330  12:137  13:65  14:25  15:11  16:9  17:6  18:2  19:3  20:1  21:1  36:1
70.197484,1.889297,254.293271
[PASSED]
[time 0.36 s, user 0.33 s, sys 0.03 s, maxrss 48788 KB]
[busy 39 jiffies]
[exit 0]
--- c2 case 0 rec 1   load 0.58 0.68 0.77
[TEST C2-FST]
Processing dataset...
Done!
Building trie...
trie size: 0.142362 MB
Done!
build time: 72.533846 ms (151.167922 ns per key)
space cost: 1.889297 MB (44.282271% of original size 4.266485 MB)
Querying trie...
Done!
total time: 122.410221 ms, avg latency: 255.115368 ns
topology: 0.420059 MB, link: 0.189988 MB, data: 1.279249 MB
--- Unary Path Analysis (FST, cutoff=4) ---
  shared unary steps in main trie: 150595
  terminal suffixes: inplace=193950 (avg len=1.79)  links=60939 (23.9% of terminal)
  link len: avg=4.24  max=35  total_chars=258586
  link length distribution (len:count):  4:25346  5:15798  6:9608  7:4976  8:2612  9:1355  10:653  11:330  12:137  13:65  14:25  15:11  16:9  17:6  18:2  19:3  20:1  21:1  36:1
72.533846,1.889297,255.115368
[PASSED]
[time 0.36 s, user 0.33 s, sys 0.02 s, maxrss 48844 KB]
[busy 38 jiffies]
[exit 0]
--- c2 case 0 rec 2   load 0.58 0.68 0.77
[TEST C2-FST]
Processing dataset...
Done!
Building trie...
trie size: 0.142362 MB
Done!
build time: 72.903842 ms (151.939032 ns per key)
space cost: 1.889297 MB (44.282271% of original size 4.266485 MB)
Querying trie...
Done!
total time: 122.262864 ms, avg latency: 254.808261 ns
topology: 0.420059 MB, link: 0.189988 MB, data: 1.279249 MB
--- Unary Path Analysis (FST, cutoff=4) ---
  shared unary steps in main trie: 150595
  terminal suffixes: inplace=193950 (avg len=1.79)  links=60939 (23.9% of terminal)
  link len: avg=4.24  max=35  total_chars=258586
  link length distribution (len:count):  4:25346  5:15798  6:9608  7:4976  8:2612  9:1355  10:653  11:330  12:137  13:65  14:25  15:11  16:9  17:6  18:2  19:3  20:1  21:1  36:1
72.903842,1.889297,254.808261
[PASSED]
[time 0.37 s, user 0.34 s, sys 0.03 s, maxrss 48656 KB]
[busy 40 jiffies]
[exit 0]
--- c2 case 1 rec 0   load 0.58 0.68 0.77
[TEST C2-CoCo(LOUDS-Sparse)]
Processing dataset...
Done!
Building trie...
Done!
build time: 412.401655 ms (859.487050 ns per key)
space cost: 2.136750 MB (50.082199% of original size 4.266485 MB)
Querying trie...
Done!
total time: 196.568370 ms, avg latency: 409.668503 ns
topology: 0.195229 MB, link: 0.520357 MB, data: 1.421164 MB
412.401655,2.136750,409.668503
[PASSED]
[time 0.78 s, user 0.72 s, sys 0.05 s, maxrss 97792 KB]
[busy 80 jiffies]
[exit 0]
--- c2 case 1 rec 1   load 0.61 0.69 0.78
[TEST C2-CoCo(LOUDS-Sparse)]
Processing dataset...
Done!
Building trie...
trie size: 0.142362 MB
Done!
build time: 416.636255 ms (868.312388 ns per key)
space cost: 2.136750 MB (50.082199% of original size 4.266485 MB)
Querying trie...
Done!
total time: 195.687605 ms, avg latency: 407.832899 ns
topology: 0.195229 MB, link: 0.520357 MB, data: 1.421164 MB
416.636255,2.136750,407.832899
[PASSED]
[time 0.78 s, user 0.71 s, sys 0.06 s, maxrss 97812 KB]
[busy 80 jiffies]
[exit 0]
--- c2 case 1 rec 2   load 0.61 0.69 0.78
[TEST C2-CoCo(LOUDS-Sparse)]
Processing dataset...
Done!
Building trie...
trie size: 0.142362 MB
Done!
build time: 415.432772 ms (865.804207 ns per key)
space cost: 2.136750 MB (50.082199% of original size 4.266485 MB)
Querying trie...
Done!
total time: 194.688016 ms, avg latency: 405.749654 ns
topology: 0.195229 MB, link: 0.520357 MB, data: 1.421164 MB
415.432772,2.136750,405.749654
[PASSED]
[time 0.79 s, user 0.72 s, sys 0.06 s, maxrss 97824 KB]
[busy 82 jiffies]
[exit 0]
--- c2 case 2 rec 0   load 0.61 0.69 0.78
[TEST C2-MARISA]
Processing dataset...
Done!
Building trie...
trie size: 1.224291 MB
Done!
build time: 110.664111 ms (230.635278 ns per key)
space cost: 1.753984 MB (41.110759% of original size 4.266485 MB)
Querying trie...
Done!
total time: 97.819327 ms, avg latency: 203.865440 ns
topology: 0.405689 MB, link: 0.420969 MB, data: 0.917072 MB
--- Unary Path Analysis (Marisa, cutoff=3) ---
  branches: 742737  |  single-char: 411656 (55.4%)  short-unary: 124451 (16.8%)  links: 206630 (27.8%)
  link len: avg=4.35  max=37  total_chars=898820
  link length distribution (len:count):  3:81252  4:55503  5:30038  6:18037  7:10646  8:5519  9:2885  10:1442  11:688  12:346  13:146  14:66  15:26  16:12  17:9  18:7  19:2  20:3  21:1  22:1  37:1
  short unary avg len: 2.00
110.664111,1.753984,203.865440
[PASSED]
[time 0.38 s, user 0.33 s, sys 0.04 s, maxrss 62960 KB]
[busy 39 jiffies]
[exit 0]
--- c2 case 2 rec 1   load 0.64 0.69 0.78
[TEST C2-MARISA]
Processing dataset...
Done!
Building trie...
trie size: 1.224291 MB
trie size: 0.455650 MB
Done!
build time: 113.574382 ms (236.700579 ns per key)
space cost: 1.692706 MB (39.674487% of original size 4.266485 MB)
Querying trie...
Done!
total time: 103.596486 ms, avg latency: 215.905628 ns
topology: 0.426247 MB, link: 0.398585 MB, data: 0.857620 MB
--- Unary Path Analysis (Marisa, cutoff=3) ---
  branches: 742737  |  single-char: 411656 (55.4%)  short-unary: 124451 (16.8%)  links: 206630 (27.8%)
  link len: avg=4.35  max=37  total_chars=898820
  link length distribution (len:count):  3:81252  4:55503  5:30038  6:18037  7:10646  8:5519  9:2885  10:1442  11:688  12:346  13:146  14:66  15:26  16:12  17:9  18:7  19:2  20:3  21:1  22:1  37:1
  short unary avg len: 2.00
113.574382,1.692706,215.905628
[PASSED]
[time 0.39 s, user 0.34 s, sys 0.04 s, maxrss 62644 KB]
[busy 42 jiffies]
[exit 0]
--- c2 case 2 rec 2   load 0.64 0.69 0.78
[TEST C2-MARISA]
Processing dataset...
Done!
Building trie...
trie size: 1.224291 MB
trie size: 0.455650 MB
trie size: 0.007228 MB
Done!
build time: 112.731527 ms (234.943984 ns per key)
space cost: 1.692706 MB (39.674487% of original size 4.266485 MB)
Querying trie...
Done!
total time: 103.592188 ms, avg latency: 215.896670 ns
topology: 0.426247 MB, link: 0.398585 MB, data: 0.857620 MB
--- Unary Path Analysis (Marisa, cutoff=3) ---
  branches: 742737  |  single-char: 411656 (55.4%)  short-unary: 124451 (16.8%)  links: 206630 (27.8%)
  link len: avg=4.35  max=37  total_chars=898820
  link length distribution (len:count):  3:81252  4:55503  5:30038  6:18037  7:10646  8:5519  9:2885  10:1442  11:688  12:346  13:146  14:66  15:26  16:12  17:9  18:7  19:2  20:3  21:1  22:1  37:1
  short unary avg len: 2.00
112.731527,1.692706,215.896670
[PASSED]
[time 0.38 s, user 0.34 s, sys 0.03 s, maxrss 62888 KB]
[busy 40 jiffies]
[exit 0]
--- c2 case 3 rec 0   load 0.64 0.69 0.78
[TEST FST]
Processing dataset...
Done!
Building trie...
Done!
build time: 178.664145 ms (372.354274 ns per key)
space cost: 2.144493 MB (50.263695% of original size 4.266485 MB)
Querying trie...
Done!
total time: 201.345881 ms, avg latency: 419.625322 ns
not implemented
178.664145,2.144493,419.625322
[PASSED]
[time 0.54 s, user 0.51 s, sys 0.02 s, maxrss 41260 KB]
[busy 56 jiffies]
[exit 0]
--- c2 case 4 rec 0   load 0.59 0.68 0.77
[TEST COCO]
Processing dataset...
Done!
Building trie...
num nodes = 100870, average depth = 2.907644
ef = 0.002379, pa = 0.381531, bv = 0.002558, de = 0.468484
efr = 0.010370, par = 0.134639, bvr = 0.000020, der = 0.000020
Done!
build time: 1565.211035 ms (3262.059207 ns per key)
space cost: 2.485874 MB (58.265159% of original size 4.266485 MB)
Querying trie...
Done!
total time: 166.512673 ms, avg latency: 347.029369 ns
not implemented
1565.211035,2.485874,347.029369
[PASSED]
[time 1.96 s, user 1.57 s, sys 0.38 s, maxrss 919980 KB]
[busy 201 jiffies]
[exit 0]
--- c2 case 5 rec 0   load 0.59 0.68 0.77
[TEST MARISA]
Processing dataset...
Done!
Building trie...
Done!
build time: 147.691353 ms (307.803821 ns per key)
space cost: 1.546566 MB (36.249182% of original size 4.266485 MB)
Querying trie...
Done!
total time: 144.316349 ms, avg latency: 300.769969 ns
not implemented
147.691353,1.546566,300.769969
[PASSED]
[time 0.46 s, user 0.41 s, sys 0.04 s, maxrss 63292 KB]
[busy 49 jiffies]
[exit 0]
--- c2 case 5 rec 1   load 0.59 0.68 0.77
[TEST MARISA]
Processing dataset...
Done!
Building trie...
Done!
build time: 151.263809 ms (315.249184 ns per key)
space cost: 1.371034 MB (32.134968% of original size 4.266485 MB)
Querying trie...
Done!
total time: 161.537651 ms, avg latency: 336.660917 ns
not implemented
151.263809,1.371034,336.660917
[PASSED]
[time 0.48 s, user 0.44 s, sys 0.03 s, maxrss 63184 KB]
[busy 49 jiffies]
[exit 0]
--- c2 case 5 rec 2   load 0.62 0.69 0.77
[TEST MARISA]
Processing dataset...
Done!
Building trie...
Done!
build time: 153.699988 ms (320.326429 ns per key)
space cost: 1.362252 MB (31.929145% of original size 4.266485 MB)
Querying trie...
Done!
total time: 165.729210 ms, avg latency: 345.396552 ns
not implemented
153.699988,1.362252,345.396552
[PASSED]
[time 0.49 s, user 0.45 s, sys 0.03 s, maxrss 63024 KB]
[busy 49 jiffies]
[exit 0]
--- c2 case 6 rec 0   load 0.62 0.69 0.77
[TEST PDT]
Processing dataset...
Done!
Building trie...
dict size: 35774, stream size: 975943
Done!
build time: 331.275006 ms (690.410852 ns per key)
space cost: 1.577207 MB (36.967352% of original size 4.266485 MB)
Querying trie...
Done!
total time: 206.726074 ms, avg latency: 430.838192 ns
not implemented
331.275006,1.577207,430.838192
[PASSED]
[time 0.71 s, user 0.67 s, sys 0.03 s, maxrss 53096 KB]
[busy 74 jiffies]
[exit 0]
--- c2 case 7 rec 0   load 0.62 0.69 0.77
[TEST ART]
Processing dataset...
Done!
Building trie...
Done!
build time: 47.278712 ms (98.533651 ns per key)
space cost: 16.425407 MB (384.986859% of original size 4.266485 MB)
Querying trie...
Done!
total time: 81.334088 ms, avg latency: 169.508523 ns
not implemented
47.278712,16.425407,169.508523
[PASSED]
[time 0.30 s, user 0.27 s, sys 0.02 s, maxrss 61952 KB]
[busy 31 jiffies]
[exit 0]
--- c2 case 8 rec 0   load 0.65 0.69 0.78
[TEST CART]
Processing dataset...
Done!
Building trie...
Done!
build time: 66.336697 ms (138.252433 ns per key)
space cost: 7.328448 MB (171.767812% of original size 4.266485 MB)
Querying trie...
Done!
total time: 99.958708 ms, avg latency: 208.324128 ns
not implemented
66.336697,7.328448,208.324128
[PASSED]
[time 0.33 s, user 0.30 s, sys 0.03 s, maxrss 62316 KB]
[busy 35 jiffies]
[exit 0]
--- xcdat 7   load 0.65 0.69 0.78
build time: 105.514041 ms
space cost: 2.721505 MiB (63.787990% of original size 4.266485 MiB)
avg latency: 105.327654 ns
105.514041,2.721505,105.327654
[time 0.32 s, user 0.28 s, sys 0.03 s, maxrss 52040 KB]
[busy 33 jiffies]
[exit 0]
--- xcdat 8   load 0.65 0.69 0.78
build time: 94.806603 ms
space cost: 2.597720 MiB (60.886655% of original size 4.266485 MiB)
avg latency: 108.218110 ns
94.806603,2.597720,108.218110
[time 0.31 s, user 0.27 s, sys 0.03 s, maxrss 52012 KB]
[busy 32 jiffies]
[exit 0]
--- xcdat 15   load 0.60 0.68 0.77
build time: 105.606415 ms
space cost: 3.340850 MiB (78.304499% of original size 4.266485 MiB)
avg latency: 78.375361 ns
105.606415,3.340850,78.375361
[time 0.31 s, user 0.27 s, sys 0.03 s, maxrss 58328 KB]
[busy 33 jiffies]
[exit 0]
--- xcdat 16   load 0.60 0.68 0.77
build time: 95.751089 ms
space cost: 3.550420 MiB (83.216503% of original size 4.266485 MiB)
avg latency: 83.347224 ns
95.751089,3.550420,83.347224
[time 0.30 s, user 0.26 s, sys 0.04 s, maxrss 58364 KB]
[busy 32 jiffies]
[exit 0]

##### dna-1000000 (1000000 lines, 25000000 bytes)   round 3/3   2026-09-25T09:04:49+03:00
--- lexindex dict32   load 0.60 0.68 0.77
1000000 keys
lexindex DictIndex block 32: build 104 ms, size 4.768 MiB (5.000 B/key), latency cold 316.0 ns, then mean 310.7 / min 309.9 ns
103.864,4.768131,315.978
[time 1.83 s, user 2.38 s, sys 0.17 s, maxrss 188392 KB]
[busy 263 jiffies]
[exit 0]
--- lexindex dict256   load 0.55 0.67 0.77
1000000 keys
lexindex DictIndex block 256: build 103 ms, size 4.172 MiB (4.375 B/key), latency cold 305.1 ns, then mean 301.6 / min 300.3 ns
103.270,4.172320,305.138
[time 1.79 s, user 2.35 s, sys 0.16 s, maxrss 174156 KB]
[busy 256 jiffies]
[exit 0]
--- lexindex dict1024   load 0.55 0.67 0.77
1000000 keys
lexindex DictIndex block 1024: build 112 ms, size 4.035 MiB (4.231 B/key), latency cold 334.0 ns, then mean 329.0 / min 328.5 ns
111.974,4.034555,333.979
[time 1.91 s, user 2.21 s, sys 0.10 s, maxrss 160396 KB]
[busy 234 jiffies]
[exit 0]
--- lexindex routed32   load 0.59 0.68 0.77
1000000 keys
lexindex DictIndex block 32 routed: build 103 ms, size 5.245 MiB (5.500 B/key), latency cold 293.1 ns, then mean 290.2 / min 288.4 ns
102.816,5.244968,293.090
[time 1.75 s, user 2.30 s, sys 0.17 s, maxrss 186256 KB]
[busy 254 jiffies]
[exit 0]
--- lexindex routed256   load 0.59 0.68 0.77
1000000 keys
lexindex DictIndex block 256 routed: build 104 ms, size 4.649 MiB (4.875 B/key), latency cold 262.7 ns, then mean 254.8 / min 253.0 ns
104.342,4.649249,262.734
[time 1.61 s, user 2.11 s, sys 0.16 s, maxrss 173484 KB]
[busy 233 jiffies]
[exit 0]
--- lexindex routed1024   load 0.62 0.68 0.77
1000000 keys
lexindex DictIndex block 1024 routed: build 107 ms, size 4.273 MiB (4.481 B/key), latency cold 266.3 ns, then mean 262.1 / min 258.3 ns
106.519,4.273081,266.338
[time 1.64 s, user 1.92 s, sys 0.12 s, maxrss 161144 KB]
[busy 213 jiffies]
[exit 0]
--- lexindex string   load 0.62 0.68 0.77
1000000 keys
lexindex StringIndex: build 1094 ms, size 16.920 MiB (17.741 B/key), latency cold 428.8 ns, then mean 415.2 / min 412.7 ns
1094.151,16.919603,428.809
[time 3.24 s, user 3.15 s, sys 0.07 s, maxrss 164592 KB]
[busy 332 jiffies]
[exit 0]
--- lexindex hashed0   load 0.65 0.69 0.77
1000000 keys
lexindex HashedDictIndex closed: build 202 ms, size 6.786 MiB (7.115 B/key), latency cold 43.5 ns, then mean 42.2 / min 41.9 ns
202.107,6.785599,43.511
[time 0.85 s, user 1.43 s, sys 0.20 s, maxrss 173840 KB]
[busy 167 jiffies]
[exit 0]
--- lexindex hashed8   load 0.60 0.68 0.77
1000000 keys
lexindex HashedDictIndex fp=8: build 202 ms, size 7.739 MiB (8.115 B/key), latency cold 57.1 ns, then mean 55.6 / min 54.8 ns
202.011,7.739273,57.083
[time 0.90 s, user 1.48 s, sys 0.20 s, maxrss 174064 KB]
[busy 173 jiffies]
[exit 0]
--- lexindex hashed16   load 0.60 0.68 0.77
1000000 keys
lexindex HashedDictIndex fp=16: build 202 ms, size 8.693 MiB (9.115 B/key), latency cold 59.2 ns, then mean 58.8 / min 57.0 ns
202.114,8.692947,59.187
[time 0.93 s, user 1.51 s, sys 0.19 s, maxrss 173896 KB]
[busy 177 jiffies]
[exit 0]
--- lexindex da   skipped: exit 3 in round 1
--- c2 case 0 rec 0   load 0.60 0.68 0.77
[TEST C2-FST]
Processing dataset...
Done!
Building trie...
Done!
build time: 1414.963917 ms (1414.963917 ns per key)
space cost: 11.502727 MB (50.256179% of original size 22.888184 MB)
Querying trie...
Done!
total time: 411.321264 ms, avg latency: 411.321264 ns
topology: 0.892128 MB, link: 2.893083 MB, data: 7.717516 MB
--- Unary Path Analysis (FST, cutoff=4) ---
  shared unary steps in main trie: 98146
  terminal suffixes: inplace=2 (avg len=3.00)  links=999998 (100.0% of terminal)
  link len: avg=12.12  max=15  total_chars=12118007
  link length distribution (len:count):  4:2  5:10  6:40  7:176  8:732  9:2727  10:11261  11:42928  12:153933  13:402475  14:363824  15:21889  16:1
1414.963917,11.502727,411.321264
[PASSED]
[time 2.53 s, user 2.36 s, sys 0.15 s, maxrss 256004 KB]
[busy 256 jiffies]
[exit 0]
--- c2 case 0 rec 1   load 0.63 0.68 0.77
[TEST C2-FST]
Processing dataset...
Done!
Building trie...
trie size: 5.258043 MB
Done!
build time: 2125.642400 ms (2125.642400 ns per key)
space cost: 11.502727 MB (50.256179% of original size 22.888184 MB)
Querying trie...
Done!
total time: 404.809794 ms, avg latency: 404.809794 ns
topology: 0.892128 MB, link: 2.893083 MB, data: 7.717516 MB
--- Unary Path Analysis (FST, cutoff=4) ---
  shared unary steps in main trie: 98146
  terminal suffixes: inplace=2 (avg len=3.00)  links=999998 (100.0% of terminal)
  link len: avg=12.12  max=15  total_chars=12118007
  link length distribution (len:count):  4:2  5:10  6:40  7:176  8:732  9:2727  10:11261  11:42928  12:153933  13:402475  14:363824  15:21889  16:1
2125.642400,11.502727,404.809794
[PASSED]
[time 3.23 s, user 3.04 s, sys 0.17 s, maxrss 284104 KB]
[busy 330 jiffies]
[exit 0]
--- c2 case 0 rec 2   load 0.66 0.69 0.77
[TEST C2-FST]
Processing dataset...
Done!
Building trie...
trie size: 5.258043 MB
Done!
build time: 2128.021982 ms (2128.021982 ns per key)
space cost: 11.502727 MB (50.256179% of original size 22.888184 MB)
Querying trie...
Done!
total time: 405.374225 ms, avg latency: 405.374225 ns
topology: 0.892128 MB, link: 2.893083 MB, data: 7.717516 MB
--- Unary Path Analysis (FST, cutoff=4) ---
  shared unary steps in main trie: 98146
  terminal suffixes: inplace=2 (avg len=3.00)  links=999998 (100.0% of terminal)
  link len: avg=12.12  max=15  total_chars=12118007
  link length distribution (len:count):  4:2  5:10  6:40  7:176  8:732  9:2727  10:11261  11:42928  12:153933  13:402475  14:363824  15:21889  16:1
2128.021982,11.502727,405.374225
[PASSED]
[time 3.24 s, user 3.05 s, sys 0.17 s, maxrss 284192 KB]
[busy 329 jiffies]
[exit 0]
--- c2 case 1 rec 0   load 0.69 0.69 0.77
[TEST C2-CoCo(LOUDS-Sparse)]
Processing dataset...
Done!
Building trie...
Done!
build time: 1985.544420 ms (1985.544420 ns per key)
space cost: 9.777104 MB (42.716818% of original size 22.888184 MB)
Querying trie...
Done!
total time: 453.908998 ms, avg latency: 453.908998 ns
topology: 0.343521 MB, link: 3.029230 MB, data: 6.404353 MB
1985.544420,9.777104,453.908998
[PASSED]
[time 3.13 s, user 2.93 s, sys 0.18 s, maxrss 385980 KB]
[busy 318 jiffies]
[exit 0]
--- c2 case 1 rec 1   load 0.63 0.68 0.77
[TEST C2-CoCo(LOUDS-Sparse)]
Processing dataset...
Done!
Building trie...
trie size: 5.258043 MB
Done!
build time: 2670.591221 ms (2670.591221 ns per key)
space cost: 9.777104 MB (42.716818% of original size 22.888184 MB)
Querying trie...
Done!
total time: 440.721038 ms, avg latency: 440.721038 ns
topology: 0.343521 MB, link: 3.029230 MB, data: 6.404353 MB
2670.591221,9.777104,440.721038
[PASSED]
[time 3.80 s, user 3.58 s, sys 0.20 s, maxrss 413780 KB]
[busy 388 jiffies]
[exit 0]
--- c2 case 1 rec 2   load 0.58 0.67 0.76
[TEST C2-CoCo(LOUDS-Sparse)]
Processing dataset...
Done!
Building trie...
trie size: 5.258043 MB
Done!
build time: 2668.691909 ms (2668.691909 ns per key)
space cost: 9.777104 MB (42.716818% of original size 22.888184 MB)
Querying trie...
Done!
total time: 439.267816 ms, avg latency: 439.267816 ns
topology: 0.343521 MB, link: 3.029230 MB, data: 6.404353 MB
2668.691909,9.777104,439.267816
[PASSED]
[time 3.80 s, user 3.58 s, sys 0.20 s, maxrss 414028 KB]
[busy 388 jiffies]
[exit 0]
--- c2 case 2 rec 0   load 0.54 0.66 0.76
[TEST C2-MARISA]
Processing dataset...
Done!
Building trie...
trie size: 2.428399 MB
Done!
build time: 1314.167444 ms (1314.167444 ns per key)
space cost: 10.748939 MB (46.962829% of original size 22.888184 MB)
Querying trie...
Done!
total time: 379.827072 ms, avg latency: 379.827072 ns
topology: 0.804615 MB, link: 2.791285 MB, data: 7.132531 MB
--- Unary Path Analysis (Marisa, cutoff=3) ---
  branches: 1681124  |  single-char: 605889 (36.0%)  short-unary: 58000 (3.5%)  links: 1017235 (60.5%)
  link len: avg=13.94  max=17  total_chars=14175392
  link length distribution (len:count):  3:13001  4:3156  5:812  6:209  7:97  8:186  9:733  10:2730  11:11261  12:42928  13:153933  14:402475  15:363824  16:21889  17:1
  short unary avg len: 2.00
1314.167444,10.748939,379.827072
[PASSED]
[time 2.39 s, user 2.22 s, sys 0.15 s, maxrss 252276 KB]
[busy 244 jiffies]
[exit 0]
--- c2 case 2 rec 1   load 0.54 0.66 0.76
[TEST C2-MARISA]
Processing dataset...
Done!
Building trie...
trie size: 2.428399 MB
trie size: 5.162292 MB
Done!
build time: 2227.602249 ms (2227.602249 ns per key)
space cost: 10.748939 MB (46.962829% of original size 22.888184 MB)
Querying trie...
Done!
total time: 376.128981 ms, avg latency: 376.128981 ns
topology: 0.804615 MB, link: 2.791285 MB, data: 7.132531 MB
--- Unary Path Analysis (Marisa, cutoff=3) ---
  branches: 1681124  |  single-char: 605889 (36.0%)  short-unary: 58000 (3.5%)  links: 1017235 (60.5%)
  link len: avg=13.94  max=17  total_chars=14175392
  link length distribution (len:count):  3:13001  4:3156  5:812  6:209  7:97  8:186  9:733  10:2730  11:11261  12:42928  13:153933  14:402475  15:363824  16:21889  17:1
  short unary avg len: 2.00
2227.602249,10.748939,376.128981
[PASSED]
[time 3.33 s, user 3.09 s, sys 0.22 s, maxrss 285256 KB]
[busy 340 jiffies]
[exit 0]
--- c2 case 2 rec 2   load 0.57 0.66 0.76
[TEST C2-MARISA]
Processing dataset...
Done!
Building trie...
trie size: 2.428399 MB
trie size: 5.162292 MB
Done!
build time: 2220.774344 ms (2220.774344 ns per key)
space cost: 10.748939 MB (46.962829% of original size 22.888184 MB)
Querying trie...
Done!
total time: 375.407505 ms, avg latency: 375.407505 ns
topology: 0.804615 MB, link: 2.791285 MB, data: 7.132531 MB
--- Unary Path Analysis (Marisa, cutoff=3) ---
  branches: 1681124  |  single-char: 605889 (36.0%)  short-unary: 58000 (3.5%)  links: 1017235 (60.5%)
  link len: avg=13.94  max=17  total_chars=14175392
  link length distribution (len:count):  3:13001  4:3156  5:812  6:209  7:97  8:186  9:733  10:2730  11:11261  12:42928  13:153933  14:402475  15:363824  16:21889  17:1
  short unary avg len: 2.00
2220.774344,10.748939,375.407505
[PASSED]
[time 3.32 s, user 3.09 s, sys 0.21 s, maxrss 285364 KB]
[busy 339 jiffies]
[exit 0]
--- c2 case 3 rec 0   load 0.61 0.67 0.76
[TEST FST]
Processing dataset...
Done!
Building trie...
Done!
build time: 939.495082 ms (939.495082 ns per key)
space cost: 18.082896 MB (79.005379% of original size 22.888184 MB)
Querying trie...
Done!
total time: 542.426169 ms, avg latency: 542.426169 ns
not implemented
939.495082,18.082896,542.426169
[PASSED]
[time 2.20 s, user 2.08 s, sys 0.11 s, maxrss 179288 KB]
[busy 226 jiffies]
[exit 0]
--- c2 case 4 rec 0   load 0.56 0.66 0.76
[TEST COCO]
Processing dataset...
Done!
Building trie...
num nodes = 65537, average depth = 14.999878
ef = 0.000000, pa = 0.000000, bv = 0.000000, de = 0.000015
efr = 0.000015, par = 0.999969, bvr = 0.000000, der = 0.000000
Done!
build time: 22141.368143 ms (22141.368143 ns per key)
space cost: 5.857979 MB (25.593899% of original size 22.888184 MB)
Querying trie...
Done!
total time: 357.148943 ms, avg latency: 357.148943 ns
not implemented
22141.368143,5.857979,357.148943
[PASSED]
[time 24.09 s, user 18.45 s, sys 5.54 s, maxrss 13623520 KB]
[busy 2457 jiffies]
[exit 0]
--- c2 case 5 rec 0   load 0.63 0.67 0.76
[TEST MARISA]
Processing dataset...
Done!
Building trie...
Done!
build time: 681.711902 ms (681.711902 ns per key)
space cost: 18.867507 MB (82.433396% of original size 22.888184 MB)
Querying trie...
Done!
total time: 534.417695 ms, avg latency: 534.417695 ns
not implemented
681.711902,18.867507,534.417695
[PASSED]
[time 1.91 s, user 1.76 s, sys 0.14 s, maxrss 222812 KB]
[busy 195 jiffies]
[exit 0]
--- c2 case 5 rec 1   load 0.63 0.67 0.76
[TEST MARISA]
Processing dataset...
Done!
Building trie...
Done!
build time: 959.449330 ms (959.449330 ns per key)
space cost: 7.640043 MB (33.379858% of original size 22.888184 MB)
Querying trie...
Done!
total time: 728.561227 ms, avg latency: 728.561227 ns
not implemented
959.449330,7.640043,728.561227
[PASSED]
[time 2.40 s, user 2.22 s, sys 0.16 s, maxrss 222072 KB]
[busy 245 jiffies]
[exit 0]
--- c2 case 5 rec 2   load 0.66 0.68 0.76
[TEST MARISA]
Processing dataset...
Done!
Building trie...
Done!
build time: 953.054800 ms (953.054800 ns per key)
space cost: 7.210847 MB (31.504671% of original size 22.888184 MB)
Querying trie...
Done!
total time: 793.159246 ms, avg latency: 793.159246 ns
not implemented
953.054800,7.210847,793.159246
[PASSED]
[time 2.45 s, user 2.30 s, sys 0.13 s, maxrss 222024 KB]
[busy 249 jiffies]
[exit 0]
--- c2 case 6 rec 0   load 0.61 0.66 0.76
[TEST PDT]
Processing dataset...
Done!
Building trie...
dict size: 151324, stream size: 6218209
Done!
build time: 2894.314986 ms (2894.314986 ns per key)
space cost: 7.350519 MB (32.114908% of original size 22.888184 MB)
Querying trie...
Done!
total time: 771.704336 ms, avg latency: 771.704336 ns
not implemented
2894.314986,7.350519,771.704336
[PASSED]
[time 4.37 s, user 4.20 s, sys 0.16 s, maxrss 213064 KB]
[busy 445 jiffies]
[exit 0]
--- c2 case 7 rec 0   load 0.56 0.65 0.75
[TEST ART]
Processing dataset...
Done!
Building trie...
Done!
build time: 191.642521 ms (191.642521 ns per key)
space cost: 33.278465 MB (145.395833% of original size 22.888184 MB)
Querying trie...
Done!
total time: 415.539833 ms, avg latency: 415.539833 ns
not implemented
191.642521,33.278465,415.539833
[PASSED]
[time 1.34 s, user 1.21 s, sys 0.12 s, maxrss 223124 KB]
[busy 139 jiffies]
[exit 0]
--- c2 case 8 rec 0   load 0.56 0.65 0.75
[TEST CART]
Processing dataset...
Done!
Building trie...
Done!
build time: 239.519268 ms (239.519268 ns per key)
space cost: 15.643999 MB (68.349675% of original size 22.888184 MB)
Querying trie...
Done!
total time: 445.680882 ms, avg latency: 445.680882 ns
not implemented
239.519268,15.643999,445.680882
[PASSED]
[time 1.42 s, user 1.31 s, sys 0.10 s, maxrss 214604 KB]
[busy 147 jiffies]
[exit 0]
--- xcdat 7   load 0.51 0.64 0.75
build time: 817.402026 ms
space cost: 19.789600 MiB (86.462083% of original size 22.888184 MiB)
avg latency: 291.087243 ns
817.402026,19.789600,291.087243
[time 1.81 s, user 1.68 s, sys 0.12 s, maxrss 180532 KB]
[busy 184 jiffies]
[exit 0]
--- xcdat 8   load 0.51 0.64 0.75
build time: 789.749166 ms
space cost: 19.685819 MiB (86.008654% of original size 22.888184 MiB)
avg latency: 293.116036 ns
789.749166,19.685819,293.116036
[time 1.78 s, user 1.66 s, sys 0.10 s, maxrss 180628 KB]
[busy 182 jiffies]
[exit 0]
--- xcdat 15   load 0.55 0.65 0.75
build time: 807.973313 ms
space cost: 21.414997 MiB (93.563550% of original size 22.888184 MiB)
avg latency: 277.451801 ns
807.973313,21.414997,277.451801
[time 1.79 s, user 1.66 s, sys 0.12 s, maxrss 182320 KB]
[busy 184 jiffies]
[exit 0]
--- xcdat 16   load 0.55 0.65 0.75
build time: 789.091891 ms
space cost: 21.935129 MiB (95.836042% of original size 22.888184 MiB)
avg latency: 290.260519 ns
789.091891,21.935129,290.260519
[time 1.78 s, user 1.65 s, sys 0.12 s, maxrss 182624 KB]
[busy 183 jiffies]
[exit 0]

##### domains-1000000 (1000000 lines, 14782044 bytes)   round 3/3   2026-09-25T09:06:53+03:00
--- lexindex dict32   load 0.59 0.65 0.75
1000000 keys
lexindex DictIndex block 32: build 214 ms, size 4.599 MiB (4.822 B/key), latency cold 287.0 ns, then mean 284.2 / min 280.7 ns
214.238,4.598972,286.962
[time 1.82 s, user 3.20 s, sys 0.28 s, maxrss 237076 KB]
[busy 357 jiffies]
[exit 0]
--- lexindex dict256   load 0.59 0.65 0.75
1000000 keys
lexindex DictIndex block 256: build 213 ms, size 4.291 MiB (4.500 B/key), latency cold 301.2 ns, then mean 300.2 / min 293.0 ns
212.554,4.291158,301.228
[time 1.88 s, user 3.29 s, sys 0.25 s, maxrss 237372 KB]
[busy 365 jiffies]
[exit 0]
--- lexindex dict1024   load 0.62 0.66 0.75
1000000 keys
lexindex DictIndex block 1024: build 227 ms, size 4.160 MiB (4.363 B/key), latency cold 366.1 ns, then mean 354.3 / min 352.5 ns
226.712,4.160439,366.110
[time 2.12 s, user 2.96 s, sys 0.15 s, maxrss 215532 KB]
[busy 320 jiffies]
[exit 0]
--- lexindex routed32   load 0.57 0.65 0.75
1000000 keys
lexindex DictIndex block 32 routed: build 215 ms, size 5.076 MiB (5.322 B/key), latency cold 261.7 ns, then mean 252.1 / min 250.1 ns
214.906,5.075809,261.674
[time 1.69 s, user 3.14 s, sys 0.22 s, maxrss 237756 KB]
[busy 345 jiffies]
[exit 0]
--- lexindex routed256   load 0.57 0.65 0.75
1000000 keys
lexindex DictIndex block 256 routed: build 217 ms, size 4.768 MiB (5.000 B/key), latency cold 225.0 ns, then mean 215.6 / min 214.7 ns
217.010,4.768086,224.984
[time 1.55 s, user 3.01 s, sys 0.26 s, maxrss 237640 KB]
[busy 335 jiffies]
[exit 0]
--- lexindex routed1024   load 0.61 0.65 0.75
1000000 keys
lexindex DictIndex block 1024 routed: build 227 ms, size 4.399 MiB (4.613 B/key), latency cold 249.8 ns, then mean 241.0 / min 239.3 ns
227.268,4.398964,249.826
[time 1.66 s, user 2.49 s, sys 0.16 s, maxrss 214744 KB]
[busy 270 jiffies]
[exit 0]
--- lexindex string   load 0.61 0.65 0.75
1000000 keys
lexindex StringIndex: build 572 ms, size 10.017 MiB (10.504 B/key), latency cold 209.9 ns, then mean 201.5 / min 200.1 ns
572.118,10.017015,209.908
[time 1.83 s, user 1.75 s, sys 0.06 s, maxrss 136172 KB]
[busy 187 jiffies]
[exit 0]
--- lexindex hashed0   load 0.64 0.66 0.75
1000000 keys
lexindex HashedDictIndex closed: build 303 ms, size 6.905 MiB (7.240 B/key), latency cold 27.3 ns, then mean 20.6 / min 19.9 ns
303.023,6.904865,27.300
[time 0.85 s, user 2.34 s, sys 0.22 s, maxrss 248664 KB]
[busy 265 jiffies]
[exit 0]
--- lexindex hashed8   load 0.64 0.66 0.75
1000000 keys
lexindex HashedDictIndex fp=8: build 302 ms, size 7.859 MiB (8.240 B/key), latency cold 32.5 ns, then mean 23.7 / min 23.2 ns
301.595,7.858540,32.453
[time 0.88 s, user 2.34 s, sys 0.24 s, maxrss 248788 KB]
[busy 263 jiffies]
[exit 0]
--- lexindex hashed16   load 0.59 0.65 0.75
1000000 keys
lexindex HashedDictIndex fp=16: build 303 ms, size 8.812 MiB (9.240 B/key), latency cold 33.7 ns, then mean 24.7 / min 24.4 ns
302.775,8.812214,33.707
[time 0.87 s, user 2.32 s, sys 0.26 s, maxrss 248664 KB]
[busy 267 jiffies]
[exit 0]
--- lexindex da   load 0.59 0.65 0.75
1000000 keys
lexindex DoubleArrayIndex: build 2826 ms, size 62.183 MiB (65.204 B/key), latency cold 602.1 ns, then mean 565.5 / min 565.1 ns
2825.907,62.183310,602.085
[time 5.57 s, user 5.34 s, sys 0.20 s, maxrss 275872 KB]
[busy 567 jiffies]
[exit 0]
--- c2 case 0 rec 0   load 0.62 0.65 0.75
[TEST C2-FST]
Processing dataset...
Done!
Building trie...
Done!
build time: 623.667563 ms (623.667563 ns per key)
space cost: 6.917822 MB (52.632701% of original size 13.143581 MB)
Querying trie...
Done!
total time: 337.285845 ms, avg latency: 337.285845 ns
topology: 0.942398 MB, link: 2.041207 MB, data: 3.934216 MB
--- Unary Path Analysis (FST, cutoff=4) ---
  shared unary steps in main trie: 268333
  terminal suffixes: inplace=220500 (avg len=1.97)  links=754948 (77.4% of terminal)
  link len: avg=6.76  max=63  total_chars=5105329
  link length distribution (len:count):  4:91687  5:111663  6:114934  7:103953  8:85177  9:68086  10:51456  11:37502  12:26935  13:19286  14:13392  15:9281  16:6718  17:4599  18:3138  19:2143  20:1561  21:980  22:717  23:511  24:315  25:289  26:154  27:98  28:76  29:70  30:38  31:24  32:35  33:24  34:15  35:9  36:12  37:9  38:5  39:5  40:5  41:8  42:4  43:7  45:3  46:1  48:1  50:1  52:4  54:2  55:1  56:5  57:4  59:2  63:2  64:1
623.667563,6.917822,337.285845
[PASSED]
[time 1.37 s, user 1.26 s, sys 0.10 s, maxrss 183124 KB]
[busy 140 jiffies]
[exit 0]
--- c2 case 0 rec 1   load 0.65 0.66 0.75
[TEST C2-FST]
Processing dataset...
Done!
Building trie...
trie size: 2.171301 MB
Done!
build time: 696.095610 ms (696.095610 ns per key)
space cost: 6.261899 MB (47.642258% of original size 13.143581 MB)
Querying trie...
Done!
total time: 385.069637 ms, avg latency: 385.069637 ns
topology: 1.096256 MB, link: 1.933458 MB, data: 3.232184 MB
--- Unary Path Analysis (FST, cutoff=4) ---
  shared unary steps in main trie: 268333
  terminal suffixes: inplace=220500 (avg len=1.97)  links=754948 (77.4% of terminal)
  link len: avg=6.76  max=63  total_chars=5105329
  link length distribution (len:count):  4:91687  5:111663  6:114934  7:103953  8:85177  9:68086  10:51456  11:37502  12:26935  13:19286  14:13392  15:9281  16:6718  17:4599  18:3138  19:2143  20:1561  21:980  22:717  23:511  24:315  25:289  26:154  27:98  28:76  29:70  30:38  31:24  32:35  33:24  34:15  35:9  36:12  37:9  38:5  39:5  40:5  41:8  42:4  43:7  45:3  46:1  48:1  50:1  52:4  54:2  55:1  56:5  57:4  59:2  63:2  64:1
696.095610,6.261899,385.069637
[PASSED]
[time 1.51 s, user 1.39 s, sys 0.11 s, maxrss 183300 KB]
[busy 155 jiffies]
[exit 0]
--- c2 case 0 rec 2   load 0.65 0.66 0.75
[TEST C2-FST]
Processing dataset...
Done!
Building trie...
trie size: 2.171301 MB
trie size: 0.145336 MB
Done!
build time: 712.005517 ms (712.005517 ns per key)
space cost: 6.261899 MB (47.642258% of original size 13.143581 MB)
Querying trie...
Done!
total time: 386.378037 ms, avg latency: 386.378037 ns
topology: 1.096256 MB, link: 1.933458 MB, data: 3.232184 MB
--- Unary Path Analysis (FST, cutoff=4) ---
  shared unary steps in main trie: 268333
  terminal suffixes: inplace=220500 (avg len=1.97)  links=754948 (77.4% of terminal)
  link len: avg=6.76  max=63  total_chars=5105329
  link length distribution (len:count):  4:91687  5:111663  6:114934  7:103953  8:85177  9:68086  10:51456  11:37502  12:26935  13:19286  14:13392  15:9281  16:6718  17:4599  18:3138  19:2143  20:1561  21:980  22:717  23:511  24:315  25:289  26:154  27:98  28:76  29:70  30:38  31:24  32:35  33:24  34:15  35:9  36:12  37:9  38:5  39:5  40:5  41:8  42:4  43:7  45:3  46:1  48:1  50:1  52:4  54:2  55:1  56:5  57:4  59:2  63:2  64:1
712.005517,6.261899,386.378037
[PASSED]
[time 1.54 s, user 1.41 s, sys 0.11 s, maxrss 183196 KB]
[busy 156 jiffies]
[exit 0]
--- c2 case 1 rec 0   load 0.68 0.67 0.75
[TEST C2-CoCo(LOUDS-Sparse)]
Processing dataset...
Done!
Building trie...
Done!
build time: 1335.219327 ms (1335.219327 ns per key)
space cost: 6.955368 MB (52.918365% of original size 13.143581 MB)
Querying trie...
Done!
total time: 476.091325 ms, avg latency: 476.091325 ns
topology: 0.405121 MB, link: 2.743303 MB, data: 3.806944 MB
1335.219327,6.955368,476.091325
[PASSED]
[time 2.23 s, user 2.04 s, sys 0.18 s, maxrss 326712 KB]
[busy 228 jiffies]
[exit 0]
--- c2 case 1 rec 1   load 0.68 0.67 0.75
[TEST C2-CoCo(LOUDS-Sparse)]
Processing dataset...
Done!
Building trie...
trie size: 2.171301 MB
Done!
build time: 1412.534099 ms (1412.534099 ns per key)
space cost: 6.299446 MB (47.927923% of original size 13.143581 MB)
Querying trie...
Done!
total time: 529.629264 ms, avg latency: 529.629264 ns
topology: 0.558979 MB, link: 2.635554 MB, data: 3.104912 MB
1412.534099,6.299446,529.629264
[PASSED]
[time 2.38 s, user 2.18 s, sys 0.19 s, maxrss 327140 KB]
[busy 241 jiffies]
[exit 0]
--- c2 case 1 rec 2   load 0.70 0.67 0.75
[TEST C2-CoCo(LOUDS-Sparse)]
Processing dataset...
Done!
Building trie...
trie size: 2.171301 MB
trie size: 0.145336 MB
Done!
build time: 1431.537371 ms (1431.537371 ns per key)
space cost: 6.299446 MB (47.927923% of original size 13.143581 MB)
Querying trie...
Done!
total time: 537.611609 ms, avg latency: 537.611609 ns
topology: 0.558979 MB, link: 2.635554 MB, data: 3.104912 MB
1431.537371,6.299446,537.611609
[PASSED]
[time 2.41 s, user 2.21 s, sys 0.19 s, maxrss 327132 KB]
[busy 245 jiffies]
[exit 0]
--- c2 case 2 rec 0   load 0.73 0.68 0.75
[TEST C2-MARISA]
Processing dataset...
Done!
Building trie...
trie size: 2.220281 MB
Done!
build time: 679.240757 ms (679.240757 ns per key)
space cost: 6.286226 MB (47.827347% of original size 13.143581 MB)
Querying trie...
Done!
total time: 255.292658 ms, avg latency: 255.292658 ns
topology: 0.735279 MB, link: 2.419176 MB, data: 3.111263 MB
--- Unary Path Analysis (Marisa, cutoff=3) ---
  branches: 1529804  |  single-char: 445053 (29.1%)  short-unary: 119280 (7.8%)  links: 965471 (63.1%)
  link len: avg=7.67  max=65  total_chars=7409785
  link length distribution (len:count):  3:106346  4:81524  5:100388  6:117171  7:118183  8:106006  9:86378  10:68801  11:51930  12:37786  13:27091  14:19390  15:13458  16:9322  17:6753  18:4616  19:3149  20:2153  21:1566  22:983  23:724  24:512  25:321  26:290  27:155  28:98  29:77  30:70  31:40  32:24  33:35  34:24  35:16  36:9  37:12  38:9  39:5  40:5  41:5  42:8  43:4  44:7  46:3  47:1  49:1  51:1  53:4  55:2  56:1  57:5  58:4  60:2  64:2  65:1
  short unary avg len: 2.00
679.240757,6.286226,255.292658
[PASSED]
[time 1.36 s, user 1.25 s, sys 0.10 s, maxrss 206188 KB]
[busy 140 jiffies]
[exit 0]
--- c2 case 2 rec 1   load 0.73 0.68 0.75
[TEST C2-MARISA]
Processing dataset...
Done!
Building trie...
trie size: 2.220281 MB
trie size: 2.823213 MB
Done!
build time: 787.151062 ms (787.151062 ns per key)
space cost: 5.413679 MB (41.188767% of original size 13.143581 MB)
Querying trie...
Done!
total time: 327.136857 ms, avg latency: 327.136857 ns
topology: 0.947487 MB, link: 2.305346 MB, data: 2.140338 MB
--- Unary Path Analysis (Marisa, cutoff=3) ---
  branches: 1529804  |  single-char: 445053 (29.1%)  short-unary: 119280 (7.8%)  links: 965471 (63.1%)
  link len: avg=7.67  max=65  total_chars=7409785
  link length distribution (len:count):  3:106346  4:81524  5:100388  6:117171  7:118183  8:106006  9:86378  10:68801  11:51930  12:37786  13:27091  14:19390  15:13458  16:9322  17:6753  18:4616  19:3149  20:2153  21:1566  22:983  23:724  24:512  25:321  26:290  27:155  28:98  29:77  30:70  31:40  32:24  33:35  34:24  35:16  36:9  37:12  38:9  39:5  40:5  41:5  42:8  43:4  44:7  46:3  47:1  49:1  51:1  53:4  55:2  56:1  57:5  58:4  60:2  64:2  65:1
  short unary avg len: 2.00
787.151062,5.413679,327.136857
[PASSED]
[time 1.55 s, user 1.42 s, sys 0.12 s, maxrss 206000 KB]
[busy 158 jiffies]
[exit 0]
--- c2 case 2 rec 2   load 0.75 0.68 0.75
[TEST C2-MARISA]
Processing dataset...
Done!
Building trie...
trie size: 2.220281 MB
trie size: 2.823213 MB
trie size: 0.214430 MB
Done!
build time: 804.429281 ms (804.429281 ns per key)
space cost: 5.413679 MB (41.188767% of original size 13.143581 MB)
Querying trie...
Done!
total time: 331.184746 ms, avg latency: 331.184746 ns
topology: 0.947487 MB, link: 2.305346 MB, data: 2.140338 MB
--- Unary Path Analysis (Marisa, cutoff=3) ---
  branches: 1529804  |  single-char: 445053 (29.1%)  short-unary: 119280 (7.8%)  links: 965471 (63.1%)
  link len: avg=7.67  max=65  total_chars=7409785
  link length distribution (len:count):  3:106346  4:81524  5:100388  6:117171  7:118183  8:106006  9:86378  10:68801  11:51930  12:37786  13:27091  14:19390  15:13458  16:9322  17:6753  18:4616  19:3149  20:2153  21:1566  22:983  23:724  24:512  25:321  26:290  27:155  28:98  29:77  30:70  31:40  32:24  33:35  34:24  35:16  36:9  37:12  38:9  39:5  40:5  41:5  42:8  43:4  44:7  46:3  47:1  49:1  51:1  53:4  55:2  56:1  57:5  58:4  60:2  64:2  65:1
  short unary avg len: 2.00
804.429281,5.413679,331.184746
[PASSED]
[time 1.56 s, user 1.45 s, sys 0.11 s, maxrss 205940 KB]
[busy 160 jiffies]
[exit 0]
--- c2 case 3 rec 0   load 0.75 0.68 0.75
[TEST FST]
Processing dataset...
Done!
Building trie...
Done!
build time: 591.048988 ms (591.048988 ns per key)
space cost: 6.751218 MB (51.365131% of original size 13.143581 MB)
Querying trie...
Done!
total time: 440.575695 ms, avg latency: 440.575695 ns
not implemented
591.048988,6.751218,440.575695
[PASSED]
[time 1.45 s, user 1.38 s, sys 0.05 s, maxrss 95124 KB]
[busy 148 jiffies]
[exit 0]
--- c2 case 4 rec 0   load 0.77 0.69 0.76
[TEST COCO]
Processing dataset...
Done!
Building trie...
num nodes = 310886, average depth = 6.283062
ef = 0.001168, pa = 0.211653, bv = 0.000885, de = 0.651638
efr = 0.002046, par = 0.129141, bvr = 0.000006, der = 0.003464
Done!
build time: 10226.848451 ms (10226.848451 ns per key)
space cost: 9.668336 MB (73.559374% of original size 13.143581 MB)
Querying trie...
Done!
total time: 413.640413 ms, avg latency: 413.640413 ns
not implemented
10226.848451,9.668336,413.640413
[PASSED]
[time 11.45 s, user 8.78 s, sys 2.63 s, maxrss 6138044 KB]
[busy 1170 jiffies]
[exit 0]
--- c2 case 5 rec 0   load 0.81 0.70 0.76
[TEST MARISA]
Processing dataset...
Done!
Building trie...
Done!
build time: 485.647329 ms (485.647329 ns per key)
space cost: 6.885828 MB (52.389283% of original size 13.143581 MB)
Querying trie...
Done!
total time: 383.878147 ms, avg latency: 383.878147 ns
not implemented
485.647329,6.885828,383.878147
[PASSED]
[time 1.29 s, user 1.18 s, sys 0.10 s, maxrss 172600 KB]
[busy 132 jiffies]
[exit 0]
--- c2 case 5 rec 1   load 0.82 0.70 0.76
[TEST MARISA]
Processing dataset...
Done!
Building trie...
Done!
build time: 556.671928 ms (556.671928 ns per key)
space cost: 4.826345 MB (36.720170% of original size 13.143581 MB)
Querying trie...
Done!
total time: 513.166387 ms, avg latency: 513.166387 ns
not implemented
556.671928,4.826345,513.166387
[PASSED]
[time 1.49 s, user 1.37 s, sys 0.11 s, maxrss 172580 KB]
[busy 154 jiffies]
[exit 0]
--- c2 case 5 rec 2   load 0.82 0.70 0.76
[TEST MARISA]
Processing dataset...
Done!
Building trie...
Done!
build time: 560.429161 ms (560.429161 ns per key)
space cost: 4.647946 MB (35.362861% of original size 13.143581 MB)
Querying trie...
Done!
total time: 538.555984 ms, avg latency: 538.555984 ns
not implemented
560.429161,4.647946,538.555984
[PASSED]
[time 1.53 s, user 1.40 s, sys 0.11 s, maxrss 172400 KB]
[busy 154 jiffies]
[exit 0]
--- c2 case 6 rec 0   load 0.84 0.71 0.76
[TEST PDT]
Processing dataset...
Done!
Building trie...
dict size: 155466, stream size: 4016746
Done!
build time: 1901.378097 ms (1901.378097 ns per key)
space cost: 5.254991 MB (39.981421% of original size 13.143581 MB)
Querying trie...
Done!
total time: 515.913241 ms, avg latency: 515.913241 ns
not implemented
1901.378097,5.254991,515.913241
[PASSED]
[time 2.85 s, user 2.72 s, sys 0.11 s, maxrss 152668 KB]
[busy 295 jiffies]
[exit 0]
--- c2 case 7 rec 0   load 0.77 0.70 0.76
[TEST ART]
Processing dataset...
Done!
Building trie...
Done!
build time: 113.037753 ms (113.037753 ns per key)
space cost: 31.580688 MB (240.274607% of original size 13.143581 MB)
Querying trie...
Done!
total time: 248.033383 ms, avg latency: 248.033383 ns
not implemented
113.037753,31.580688,248.033383
[PASSED]
[time 0.80 s, user 0.72 s, sys 0.07 s, maxrss 136120 KB]
[busy 82 jiffies]
[exit 0]
--- c2 case 8 rec 0   load 0.77 0.70 0.76
[TEST CART]
Processing dataset...
Done!
Building trie...
Done!
build time: 155.468833 ms (155.468833 ns per key)
space cost: 13.831998 MB (105.237663% of original size 13.143581 MB)
Querying trie...
Done!
total time: 313.008249 ms, avg latency: 313.008249 ns
not implemented
155.468833,13.831998,313.008249
[PASSED]
[time 0.91 s, user 0.83 s, sys 0.08 s, maxrss 134208 KB]
[busy 95 jiffies]
[exit 0]
--- xcdat 7   load 0.77 0.70 0.76
build time: 526.053652 ms
space cost: 9.017626 MiB (68.608590% of original size 13.143581 MiB)
avg latency: 172.629491 ns
526.053652,9.017626,172.629491
[time 1.13 s, user 1.03 s, sys 0.09 s, maxrss 139844 KB]
[busy 116 jiffies]
[exit 0]
--- xcdat 8   load 0.79 0.70 0.76
build time: 491.161103 ms
space cost: 8.488643 MiB (64.583940% of original size 13.143581 MiB)
avg latency: 171.110806 ns
491.161103,8.488643,171.110806
[time 1.10 s, user 1.01 s, sys 0.08 s, maxrss 139764 KB]
[busy 114 jiffies]
[exit 0]
--- xcdat 15   load 0.79 0.70 0.76
build time: 519.132693 ms
space cost: 9.847433 MiB (74.921993% of original size 13.143581 MiB)
avg latency: 147.978364 ns
519.132693,9.847433,147.978364
[time 1.11 s, user 1.01 s, sys 0.09 s, maxrss 139840 KB]
[busy 113 jiffies]
[exit 0]
--- xcdat 16   load 0.72 0.69 0.75
build time: 486.960507 ms
space cost: 10.260450 MiB (78.064342% of original size 13.143581 MiB)
avg latency: 155.797331 ns
486.960507,10.260450,155.797331
[time 1.08 s, user 0.98 s, sys 0.09 s, maxrss 139700 KB]
[busy 111 jiffies]
[exit 0]

##### idents-1000000 (1000000 lines, 17569522 bytes)   round 3/3   2026-09-25T09:08:29+03:00
--- lexindex dict32   load 0.72 0.69 0.75
1000000 keys
lexindex DictIndex block 32: build 258 ms, size 5.150 MiB (5.400 B/key), latency cold 342.5 ns, then mean 330.4 / min 328.7 ns
258.413,5.149525,342.473
[time 2.07 s, user 3.51 s, sys 0.22 s, maxrss 244960 KB]
[busy 384 jiffies]
[exit 0]
--- lexindex dict256   load 0.67 0.68 0.75
1000000 keys
lexindex DictIndex block 256: build 264 ms, size 4.794 MiB (5.027 B/key), latency cold 357.9 ns, then mean 351.0 / min 347.2 ns
264.355,4.794402,357.940
[time 2.17 s, user 3.66 s, sys 0.23 s, maxrss 245236 KB]
[busy 399 jiffies]
[exit 0]
--- lexindex dict1024   load 0.67 0.68 0.75
1000000 keys
lexindex DictIndex block 1024: build 282 ms, size 4.635 MiB (4.860 B/key), latency cold 421.3 ns, then mean 415.0 / min 414.4 ns
282.058,4.634645,421.295
[time 2.44 s, user 3.31 s, sys 0.20 s, maxrss 234968 KB]
[busy 361 jiffies]
[exit 0]
--- lexindex routed32   load 0.69 0.69 0.75
1000000 keys
lexindex DictIndex block 32 routed: build 262 ms, size 5.626 MiB (5.900 B/key), latency cold 319.1 ns, then mean 303.4 / min 301.5 ns
261.627,5.626362,319.138
[time 1.98 s, user 3.39 s, sys 0.26 s, maxrss 245484 KB]
[busy 375 jiffies]
[exit 0]
--- lexindex routed256   load 0.64 0.67 0.75
1000000 keys
lexindex DictIndex block 256 routed: build 266 ms, size 5.271 MiB (5.527 B/key), latency cold 295.1 ns, then mean 285.5 / min 284.1 ns
266.416,5.271331,295.114
[time 1.90 s, user 3.36 s, sys 0.25 s, maxrss 246332 KB]
[busy 371 jiffies]
[exit 0]
--- lexindex routed1024   load 0.64 0.67 0.75
1000000 keys
lexindex DictIndex block 1024 routed: build 278 ms, size 4.873 MiB (5.110 B/key), latency cold 323.4 ns, then mean 319.9 / min 317.4 ns
277.922,4.873170,323.402
[time 2.04 s, user 2.94 s, sys 0.20 s, maxrss 238164 KB]
[busy 322 jiffies]
[exit 0]
--- lexindex string   load 0.67 0.68 0.75
1000000 keys
lexindex StringIndex: build 600 ms, size 9.621 MiB (10.089 B/key), latency cold 245.3 ns, then mean 242.2 / min 240.6 ns
599.647,9.621364,245.264
[time 2.04 s, user 1.96 s, sys 0.07 s, maxrss 146892 KB]
[busy 212 jiffies]
[exit 0]
--- lexindex hashed0   load 0.67 0.68 0.75
1000000 keys
lexindex HashedDictIndex closed: build 367 ms, size 7.408 MiB (7.768 B/key), latency cold 35.1 ns, then mean 30.1 / min 29.6 ns
366.947,7.408405,35.058
[time 0.98 s, user 2.50 s, sys 0.24 s, maxrss 249120 KB]
[busy 282 jiffies]
[exit 0]
--- lexindex hashed8   load 0.69 0.68 0.75
1000000 keys
lexindex HashedDictIndex fp=8: build 363 ms, size 8.362 MiB (8.768 B/key), latency cold 41.5 ns, then mean 35.8 / min 35.5 ns
363.487,8.362080,41.475
[time 1.00 s, user 2.53 s, sys 0.24 s, maxrss 248680 KB]
[busy 282 jiffies]
[exit 0]
--- lexindex hashed16   load 0.69 0.68 0.75
1000000 keys
lexindex HashedDictIndex fp=16: build 362 ms, size 9.316 MiB (9.768 B/key), latency cold 41.9 ns, then mean 36.6 / min 36.3 ns
362.357,9.315754,41.896
[time 1.00 s, user 2.54 s, sys 0.23 s, maxrss 255188 KB]
[busy 282 jiffies]
[exit 0]
--- lexindex da   load 0.64 0.67 0.75
1000000 keys
lexindex DoubleArrayIndex: build 2600 ms, size 57.087 MiB (59.860 B/key), latency cold 700.3 ns, then mean 678.3 / min 676.0 ns
2600.155,57.086805,700.324
[time 5.81 s, user 5.60 s, sys 0.18 s, maxrss 270324 KB]
[busy 592 jiffies]
[exit 0]
--- c2 case 0 rec 0   load 0.67 0.68 0.75
[TEST C2-FST]
Processing dataset...
Done!
Building trie...
Done!
build time: 545.974492 ms (545.974492 ns per key)
space cost: 7.689586 MB (48.662327% of original size 15.801928 MB)
Querying trie...
Done!
total time: 453.158728 ms, avg latency: 453.158728 ns
topology: 1.065430 MB, link: 1.308976 MB, data: 5.315180 MB
--- Unary Path Analysis (FST, cutoff=4) ---
  shared unary steps in main trie: 867425
  terminal suffixes: inplace=228819 (avg len=2.12)  links=441434 (65.9% of terminal)
  link len: avg=9.49  max=2370  total_chars=4189664
  link length distribution (len:count):  4:76627  5:51488  6:45151  7:37358  8:31909  9:27077  10:23240  11:20333  12:17528  13:14251  14:12152  15:10600  16:8656  17:7441  18:5953  19:5050  20:4404  21:3491  22:2961  23:2494  24:2088  25:1693  26:1542  27:2862  28:3159  29:978  30:1046  31:5827  32:8054  33:556  34:479  35:449  36:385  37:237  38:218  39:200  40:169  41:158  42:128  43:138  44:139  45:102  46:86  47:84  48:98  49:89  50:50  51:76  52:71  53:81  54:65  55:77  56:94  57:109  58:136  59:196  60:305  61:337  62:22  63:7  64:10  65:18  66:16  67:12  68:9  69:17  70:11  71:14  72:16  73:30  74:18  75:39  76:18  77:12  78:9  79:12  80:11  81:6  82:5  83:7  84:10  85:7  86:12  87:15  88:14  89:35  90:43  91:58  92:54  93:3  94:5  95:6  96:4  97:1  99:4  100:6  101:3  103:2  104:2  105:1  106:3  107:3  109:2  110:1  111:2  112:4  113:1  114:1  115:1  116:1  117:1  118:3  119:1  120:3  121:2  122:1  123:3  124:1  127:2  128:1  129:4  130:1  131:1  135:2  136:1  140:1  142:1  147:1  149:1  150:1  153:2  159:1  168:1  176:2  181:1  184:1  185:1  186:1  188:1  197:1  211:1  219:1  226:1  245:1  246:1  247:2  248:1  249:5  250:7  251:5  252:3  253:1  272:1  382:1  506:1  507:2  508:1  512:1  520:2  649:1  956:1  1018:1  2371:1
545.974492,7.689586,453.158728
[PASSED]
[time 1.49 s, user 1.37 s, sys 0.11 s, maxrss 154496 KB]
[busy 156 jiffies]
[exit 0]
--- c2 case 0 rec 1   load 0.67 0.68 0.75
[TEST C2-FST]
Processing dataset...
Done!
Building trie...
trie size: 1.502977 MB
Done!
build time: 647.878391 ms (647.878391 ns per key)
space cost: 6.915090 MB (43.761051% of original size 15.801928 MB)
Querying trie...
Done!
total time: 500.814050 ms, avg latency: 500.814050 ns
topology: 1.233204 MB, link: 1.320040 MB, data: 4.361846 MB
--- Unary Path Analysis (FST, cutoff=4) ---
  shared unary steps in main trie: 867425
  terminal suffixes: inplace=228819 (avg len=2.12)  links=441434 (65.9% of terminal)
  link len: avg=9.49  max=2370  total_chars=4189664
  link length distribution (len:count):  4:76627  5:51488  6:45151  7:37358  8:31909  9:27077  10:23240  11:20333  12:17528  13:14251  14:12152  15:10600  16:8656  17:7441  18:5953  19:5050  20:4404  21:3491  22:2961  23:2494  24:2088  25:1693  26:1542  27:2862  28:3159  29:978  30:1046  31:5827  32:8054  33:556  34:479  35:449  36:385  37:237  38:218  39:200  40:169  41:158  42:128  43:138  44:139  45:102  46:86  47:84  48:98  49:89  50:50  51:76  52:71  53:81  54:65  55:77  56:94  57:109  58:136  59:196  60:305  61:337  62:22  63:7  64:10  65:18  66:16  67:12  68:9  69:17  70:11  71:14  72:16  73:30  74:18  75:39  76:18  77:12  78:9  79:12  80:11  81:6  82:5  83:7  84:10  85:7  86:12  87:15  88:14  89:35  90:43  91:58  92:54  93:3  94:5  95:6  96:4  97:1  99:4  100:6  101:3  103:2  104:2  105:1  106:3  107:3  109:2  110:1  111:2  112:4  113:1  114:1  115:1  116:1  117:1  118:3  119:1  120:3  121:2  122:1  123:3  124:1  127:2  128:1  129:4  130:1  131:1  135:2  136:1  140:1  142:1  147:1  149:1  150:1  153:2  159:1  168:1  176:2  181:1  184:1  185:1  186:1  188:1  197:1  211:1  219:1  226:1  245:1  246:1  247:2  248:1  249:5  250:7  251:5  252:3  253:1  272:1  382:1  506:1  507:2  508:1  512:1  520:2  649:1  956:1  1018:1  2371:1
647.878391,6.915090,500.814050
[PASSED]
[time 1.65 s, user 1.52 s, sys 0.13 s, maxrss 154548 KB]
[busy 171 jiffies]
[exit 0]
--- c2 case 0 rec 2   load 0.69 0.68 0.75
[TEST C2-FST]
Processing dataset...
Done!
Building trie...
trie size: 1.502977 MB
trie size: 0.331999 MB
Done!
build time: 681.646354 ms (681.646354 ns per key)
space cost: 6.915090 MB (43.761051% of original size 15.801928 MB)
Querying trie...
Done!
total time: 497.714884 ms, avg latency: 497.714884 ns
topology: 1.233204 MB, link: 1.320040 MB, data: 4.361846 MB
--- Unary Path Analysis (FST, cutoff=4) ---
  shared unary steps in main trie: 867425
  terminal suffixes: inplace=228819 (avg len=2.12)  links=441434 (65.9% of terminal)
  link len: avg=9.49  max=2370  total_chars=4189664
  link length distribution (len:count):  4:76627  5:51488  6:45151  7:37358  8:31909  9:27077  10:23240  11:20333  12:17528  13:14251  14:12152  15:10600  16:8656  17:7441  18:5953  19:5050  20:4404  21:3491  22:2961  23:2494  24:2088  25:1693  26:1542  27:2862  28:3159  29:978  30:1046  31:5827  32:8054  33:556  34:479  35:449  36:385  37:237  38:218  39:200  40:169  41:158  42:128  43:138  44:139  45:102  46:86  47:84  48:98  49:89  50:50  51:76  52:71  53:81  54:65  55:77  56:94  57:109  58:136  59:196  60:305  61:337  62:22  63:7  64:10  65:18  66:16  67:12  68:9  69:17  70:11  71:14  72:16  73:30  74:18  75:39  76:18  77:12  78:9  79:12  80:11  81:6  82:5  83:7  84:10  85:7  86:12  87:15  88:14  89:35  90:43  91:58  92:54  93:3  94:5  95:6  96:4  97:1  99:4  100:6  101:3  103:2  104:2  105:1  106:3  107:3  109:2  110:1  111:2  112:4  113:1  114:1  115:1  116:1  117:1  118:3  119:1  120:3  121:2  122:1  123:3  124:1  127:2  128:1  129:4  130:1  131:1  135:2  136:1  140:1  142:1  147:1  149:1  150:1  153:2  159:1  168:1  176:2  181:1  184:1  185:1  186:1  188:1  197:1  211:1  219:1  226:1  245:1  246:1  247:2  248:1  249:5  250:7  251:5  252:3  253:1  272:1  382:1  506:1  507:2  508:1  512:1  520:2  649:1  956:1  1018:1  2371:1
681.646354,6.915090,497.714884
[PASSED]
[time 1.68 s, user 1.56 s, sys 0.11 s, maxrss 154608 KB]
[busy 173 jiffies]
[exit 0]
--- c2 case 1 rec 0   load 0.64 0.67 0.74
[TEST C2-CoCo(LOUDS-Sparse)]
Processing dataset...
Done!
Building trie...
Done!
build time: 1924.037518 ms (1924.037518 ns per key)
space cost: 7.851791 MB (49.688819% of original size 15.801928 MB)
Querying trie...
Done!
total time: 582.904610 ms, avg latency: 582.904610 ns
topology: 0.418465 MB, link: 2.132715 MB, data: 5.300611 MB
1924.037518,7.851791,582.904610
[PASSED]
[time 3.01 s, user 2.83 s, sys 0.16 s, maxrss 310952 KB]
[busy 311 jiffies]
[exit 0]
--- c2 case 1 rec 1   load 0.64 0.67 0.74
[TEST C2-CoCo(LOUDS-Sparse)]
Processing dataset...
Done!
Building trie...
trie size: 1.502977 MB
Done!
build time: 2013.454361 ms (2013.454361 ns per key)
space cost: 7.077295 MB (44.787543% of original size 15.801928 MB)
Querying trie...
Done!
total time: 619.307257 ms, avg latency: 619.307257 ns
topology: 0.586239 MB, link: 2.143779 MB, data: 4.347277 MB
2013.454361,7.077295,619.307257
[PASSED]
[time 3.11 s, user 2.94 s, sys 0.16 s, maxrss 310464 KB]
[busy 317 jiffies]
[exit 0]
--- c2 case 1 rec 2   load 0.67 0.68 0.75
[TEST C2-CoCo(LOUDS-Sparse)]
Processing dataset...
Done!
Building trie...
trie size: 1.502977 MB
trie size: 0.331999 MB
Done!
build time: 2064.501751 ms (2064.501751 ns per key)
space cost: 7.077295 MB (44.787543% of original size 15.801928 MB)
Querying trie...
Done!
total time: 617.492285 ms, avg latency: 617.492285 ns
topology: 0.586239 MB, link: 2.143779 MB, data: 4.347277 MB
2064.501751,7.077295,617.492285
[PASSED]
[time 3.19 s, user 3.00 s, sys 0.17 s, maxrss 310928 KB]
[busy 327 jiffies]
[exit 0]
--- c2 case 2 rec 0   load 0.69 0.68 0.75
[TEST C2-MARISA]
Processing dataset...
Done!
Building trie...
trie size: 2.270097 MB
Done!
build time: 608.882529 ms (608.882529 ns per key)
space cost: 7.011691 MB (44.372378% of original size 15.801928 MB)
Querying trie...
Done!
total time: 325.908087 ms, avg latency: 325.908087 ns
topology: 0.751881 MB, link: 1.982347 MB, data: 4.256955 MB
--- Unary Path Analysis (Marisa, cutoff=3) ---
  branches: 1422581  |  single-char: 551890 (38.8%)  short-unary: 115667 (8.1%)  links: 755024 (53.1%)
  link len: avg=8.77  max=2372  total_chars=6624040
  link length distribution (len:count):  3:105528  4:121910  5:97474  6:66582  7:57085  8:45533  9:37849  10:31975  11:26876  12:23163  13:19820  14:16116  15:13775  16:11928  17:9756  18:8336  19:6634  20:5552  21:4837  22:3831  23:3236  24:2773  25:2292  26:1859  27:1695  28:2977  29:3248  30:1048  31:1122  32:5884  33:8094  34:587  35:508  36:468  37:402  38:249  39:231  40:207  41:175  42:162  43:138  44:148  45:142  46:106  47:87  48:88  49:101  50:90  51:51  52:78  53:71  54:83  55:67  56:79  57:94  58:109  59:138  60:196  61:305  62:337  63:26  64:9  65:10  66:21  67:20  68:12  69:11  70:17  71:11  72:14  73:16  74:32  75:19  76:39  77:18  78:13  79:10  80:14  81:11  82:6  83:5  84:8  85:10  86:7  87:12  88:15  89:14  90:35  91:43  92:58  93:54  94:3  95:5  96:6  97:4  98:1  100:4  101:6  102:3  104:3  105:2  106:1  107:3  108:3  110:2  111:3  112:2  113:4  114:1  115:1  116:1  117:1  118:1  119:3  120:1  121:3  122:2  123:1  124:3  125:1  128:2  129:1  130:4  131:1  132:1  136:2  137:1  141:1  143:1  148:1  150:1  151:1  154:2  160:1  169:1  177:2  182:1  185:1  186:1  187:1  189:1  195:1  198:1  212:1  220:1  227:1  246:1  247:1  248:2  249:1  250:5  251:7  252:5  253:3  254:1  255:1  273:1  383:1  507:1  508:2  509:1  513:1  521:2  647:1  650:1  957:1  1019:1  1023:1  2372:1
  short unary avg len: 2.00
608.882529,7.011691,325.908087
[PASSED]
[time 1.43 s, user 1.31 s, sys 0.12 s, maxrss 191728 KB]
[busy 146 jiffies]
[exit 0]
--- c2 case 2 rec 1   load 0.69 0.68 0.75
[TEST C2-MARISA]
Processing dataset...
Done!
Building trie...
trie size: 2.270097 MB
trie size: 2.365652 MB
Done!
build time: 745.650412 ms (745.650412 ns per key)
space cost: 5.935715 MB (37.563232% of original size 15.801928 MB)
Querying trie...
Done!
total time: 419.915631 ms, avg latency: 419.915631 ns
topology: 0.970436 MB, link: 1.946986 MB, data: 2.997785 MB
--- Unary Path Analysis (Marisa, cutoff=3) ---
  branches: 1422581  |  single-char: 551890 (38.8%)  short-unary: 115667 (8.1%)  links: 755024 (53.1%)
  link len: avg=8.77  max=2372  total_chars=6624040
  link length distribution (len:count):  3:105528  4:121910  5:97474  6:66582  7:57085  8:45533  9:37849  10:31975  11:26876  12:23163  13:19820  14:16116  15:13775  16:11928  17:9756  18:8336  19:6634  20:5552  21:4837  22:3831  23:3236  24:2773  25:2292  26:1859  27:1695  28:2977  29:3248  30:1048  31:1122  32:5884  33:8094  34:587  35:508  36:468  37:402  38:249  39:231  40:207  41:175  42:162  43:138  44:148  45:142  46:106  47:87  48:88  49:101  50:90  51:51  52:78  53:71  54:83  55:67  56:79  57:94  58:109  59:138  60:196  61:305  62:337  63:26  64:9  65:10  66:21  67:20  68:12  69:11  70:17  71:11  72:14  73:16  74:32  75:19  76:39  77:18  78:13  79:10  80:14  81:11  82:6  83:5  84:8  85:10  86:7  87:12  88:15  89:14  90:35  91:43  92:58  93:54  94:3  95:5  96:6  97:4  98:1  100:4  101:6  102:3  104:3  105:2  106:1  107:3  108:3  110:2  111:3  112:2  113:4  114:1  115:1  116:1  117:1  118:1  119:3  120:1  121:3  122:2  123:1  124:3  125:1  128:2  129:1  130:4  131:1  132:1  136:2  137:1  141:1  143:1  148:1  150:1  151:1  154:2  160:1  169:1  177:2  182:1  185:1  186:1  187:1  189:1  195:1  198:1  212:1  220:1  227:1  246:1  247:1  248:2  249:1  250:5  251:7  252:5  253:3  254:1  255:1  273:1  383:1  507:1  508:2  509:1  513:1  521:2  647:1  650:1  957:1  1019:1  1023:1  2372:1
  short unary avg len: 2.00
745.650412,5.935715,419.915631
[PASSED]
[time 1.67 s, user 1.54 s, sys 0.11 s, maxrss 191612 KB]
[busy 171 jiffies]
[exit 0]
--- c2 case 2 rec 2   load 0.72 0.69 0.75
[TEST C2-MARISA]
Processing dataset...
Done!
Building trie...
trie size: 2.270097 MB
trie size: 2.365652 MB
trie size: 0.409595 MB
Done!
build time: 784.952540 ms (784.952540 ns per key)
space cost: 5.935715 MB (37.563232% of original size 15.801928 MB)
Querying trie...
Done!
total time: 416.371929 ms, avg latency: 416.371929 ns
topology: 0.970436 MB, link: 1.946986 MB, data: 2.997785 MB
--- Unary Path Analysis (Marisa, cutoff=3) ---
  branches: 1422581  |  single-char: 551890 (38.8%)  short-unary: 115667 (8.1%)  links: 755024 (53.1%)
  link len: avg=8.77  max=2372  total_chars=6624040
  link length distribution (len:count):  3:105528  4:121910  5:97474  6:66582  7:57085  8:45533  9:37849  10:31975  11:26876  12:23163  13:19820  14:16116  15:13775  16:11928  17:9756  18:8336  19:6634  20:5552  21:4837  22:3831  23:3236  24:2773  25:2292  26:1859  27:1695  28:2977  29:3248  30:1048  31:1122  32:5884  33:8094  34:587  35:508  36:468  37:402  38:249  39:231  40:207  41:175  42:162  43:138  44:148  45:142  46:106  47:87  48:88  49:101  50:90  51:51  52:78  53:71  54:83  55:67  56:79  57:94  58:109  59:138  60:196  61:305  62:337  63:26  64:9  65:10  66:21  67:20  68:12  69:11  70:17  71:11  72:14  73:16  74:32  75:19  76:39  77:18  78:13  79:10  80:14  81:11  82:6  83:5  84:8  85:10  86:7  87:12  88:15  89:14  90:35  91:43  92:58  93:54  94:3  95:5  96:6  97:4  98:1  100:4  101:6  102:3  104:3  105:2  106:1  107:3  108:3  110:2  111:3  112:2  113:4  114:1  115:1  116:1  117:1  118:1  119:3  120:1  121:3  122:2  123:1  124:3  125:1  128:2  129:1  130:4  131:1  132:1  136:2  137:1  141:1  143:1  148:1  150:1  151:1  154:2  160:1  169:1  177:2  182:1  185:1  186:1  187:1  189:1  195:1  198:1  212:1  220:1  227:1  246:1  247:1  248:2  249:1  250:5  251:7  252:5  253:3  254:1  255:1  273:1  383:1  507:1  508:2  509:1  513:1  521:2  647:1  650:1  957:1  1019:1  1023:1  2372:1
  short unary avg len: 2.00
784.952540,5.935715,416.371929
[PASSED]
[time 1.70 s, user 1.56 s, sys 0.12 s, maxrss 191528 KB]
[busy 176 jiffies]
[exit 0]
--- c2 case 3 rec 0   load 0.66 0.68 0.74
[TEST FST]
Processing dataset...
Done!
Building trie...
Done!
build time: 636.561896 ms (636.561896 ns per key)
space cost: 8.221326 MB (52.027361% of original size 15.801928 MB)
Querying trie...
Done!
total time: 718.349225 ms, avg latency: 718.349225 ns
not implemented
636.561896,8.221326,718.349225
[PASSED]
[time 1.85 s, user 1.76 s, sys 0.07 s, maxrss 110792 KB]
[busy 189 jiffies]
[exit 0]
--- c2 case 4 rec 0   load 0.66 0.68 0.74
[TEST COCO]
Processing dataset...
Done!
Building trie...
num nodes = 399248, average depth = 7.939321
ef = 0.000363, pa = 0.211826, bv = 0.005743, de = 0.595417
efr = 0.002081, par = 0.107439, bvr = 0.000498, der = 0.076632
Done!
build time: 13020.537864 ms (13020.537864 ns per key)
space cost: 9.456138 MB (59.841676% of original size 15.801928 MB)
Querying trie...
Done!
total time: 503.438324 ms, avg latency: 503.438324 ns
not implemented
13020.537864,9.456138,503.438324
[PASSED]
[time 14.48 s, user 11.42 s, sys 3.00 s, maxrss 7164520 KB]
[busy 1474 jiffies]
[exit 0]
--- c2 case 5 rec 0   load 0.74 0.69 0.75
[TEST MARISA]
Processing dataset...
Done!
Building trie...
Done!
build time: 444.056836 ms (444.056836 ns per key)
space cost: 6.900187 MB (43.666745% of original size 15.801928 MB)
Querying trie...
Done!
total time: 450.945307 ms, avg latency: 450.945307 ns
not implemented
444.056836,6.900187,450.945307
[PASSED]
[time 1.39 s, user 1.27 s, sys 0.11 s, maxrss 154064 KB]
[busy 142 jiffies]
[exit 0]
--- c2 case 5 rec 1   load 0.76 0.70 0.75
[TEST MARISA]
Processing dataset...
Done!
Building trie...
Done!
build time: 502.355468 ms (502.355468 ns per key)
space cost: 5.376669 MB (34.025399% of original size 15.801928 MB)
Querying trie...
Done!
total time: 636.042830 ms, avg latency: 636.042830 ns
not implemented
502.355468,5.376669,636.042830
[PASSED]
[time 1.61 s, user 1.52 s, sys 0.08 s, maxrss 154084 KB]
[busy 164 jiffies]
[exit 0]
--- c2 case 5 rec 2   load 0.76 0.70 0.75
[TEST MARISA]
Processing dataset...
Done!
Building trie...
Done!
build time: 527.253375 ms (527.253375 ns per key)
space cost: 5.101574 MB (32.284504% of original size 15.801928 MB)
Querying trie...
Done!
total time: 690.246713 ms, avg latency: 690.246713 ns
not implemented
527.253375,5.101574,690.246713
[PASSED]
[time 1.69 s, user 1.60 s, sys 0.08 s, maxrss 154128 KB]
[busy 171 jiffies]
[exit 0]
--- c2 case 6 rec 0   load 0.78 0.70 0.75
[TEST PDT]
Processing dataset...
Done!
Building trie...
dict size: 159382, stream size: 4661413
Done!
build time: 2503.413054 ms (2503.413054 ns per key)
space cost: 5.873528 MB (37.169690% of original size 15.801928 MB)
Querying trie...
Done!
total time: 572.986103 ms, avg latency: 572.986103 ns
not implemented
2503.413054,5.873528,572.986103
[PASSED]
[time 3.55 s, user 3.43 s, sys 0.10 s, maxrss 164432 KB]
[busy 364 jiffies]
[exit 0]
--- c2 case 7 rec 0   load 0.80 0.71 0.75
[TEST ART]
Processing dataset...
Done!
Building trie...
Done!
build time: 176.529947 ms (176.529947 ns per key)
space cost: 32.581932 MB (206.189605% of original size 15.801928 MB)
Querying trie...
Done!
total time: 505.421482 ms, avg latency: 505.421482 ns
not implemented
176.529947,32.581932,505.421482
[PASSED]
[time 1.19 s, user 1.09 s, sys 0.08 s, maxrss 156096 KB]
[busy 121 jiffies]
[exit 0]
--- c2 case 8 rec 0   load 0.80 0.71 0.75
[TEST CART]
Processing dataset...
Done!
Building trie...
Done!
build time: 226.374153 ms (226.374153 ns per key)
space cost: 15.394894 MB (97.424150% of original size 15.801928 MB)
Querying trie...
Done!
total time: 538.172443 ms, avg latency: 538.172443 ns
not implemented
226.374153,15.394894,538.172443
[PASSED]
[time 1.27 s, user 1.18 s, sys 0.08 s, maxrss 146044 KB]
[busy 131 jiffies]
[exit 0]
--- xcdat 7   load 0.73 0.70 0.75
build time: 494.727697 ms
space cost: 10.636815 MiB (67.313402% of original size 15.801928 MiB)
avg latency: 206.141616 ns
494.727697,10.636815,206.141616
[time 1.21 s, user 1.09 s, sys 0.10 s, maxrss 178264 KB]
[busy 124 jiffies]
[exit 0]
--- xcdat 8   load 0.73 0.70 0.75
build time: 447.508596 ms
space cost: 10.202523 MiB (64.565055% of original size 15.801928 MiB)
avg latency: 203.108704 ns
447.508596,10.202523,203.108704
[time 1.16 s, user 1.03 s, sys 0.11 s, maxrss 178172 KB]
[busy 120 jiffies]
[exit 0]
--- xcdat 15   load 0.73 0.70 0.75
build time: 476.813047 ms
space cost: 12.607800 MiB (79.786472% of original size 15.801928 MiB)
avg latency: 184.372891 ns
476.813047,12.607800,184.372891
[time 1.16 s, user 1.03 s, sys 0.11 s, maxrss 178208 KB]
[busy 117 jiffies]
[exit 0]
--- xcdat 16   load 0.83 0.72 0.75
build time: 460.538813 ms
space cost: 13.179976 MiB (83.407397% of original size 15.801928 MiB)
avg latency: 192.580491 ns
460.538813,13.179976,192.580491
[time 1.16 s, user 1.05 s, sys 0.11 s, maxrss 177920 KB]
[busy 121 jiffies]
[exit 0]

##### numeric-1000000 (1000000 lines, 6888890 bytes)   round 3/3   2026-09-25T09:10:16+03:00
--- lexindex dict32   load 0.83 0.72 0.75
1000000 keys
lexindex DictIndex block 32: build 73 ms, size 1.160 MiB (1.216 B/key), latency cold 226.8 ns, then mean 226.0 / min 225.7 ns
72.775,1.159871,226.808
[time 1.37 s, user 1.65 s, sys 0.14 s, maxrss 137828 KB]
[busy 185 jiffies]
[exit 0]
--- lexindex dict256   load 0.85 0.72 0.76
1000000 keys
lexindex DictIndex block 256: build 72 ms, size 0.964 MiB (1.011 B/key), latency cold 243.3 ns, then mean 243.3 / min 242.5 ns
72.106,0.964076,243.265
[time 1.45 s, user 1.72 s, sys 0.14 s, maxrss 138220 KB]
[busy 194 jiffies]
[exit 0]
--- lexindex dict1024   load 0.85 0.72 0.76
1000000 keys
lexindex DictIndex block 1024: build 72 ms, size 0.875 MiB (0.918 B/key), latency cold 259.6 ns, then mean 259.6 / min 258.9 ns
71.905,0.875449,259.580
[time 1.51 s, user 1.62 s, sys 0.10 s, maxrss 126272 KB]
[busy 177 jiffies]
[exit 0]
--- lexindex routed32   load 0.86 0.73 0.76
1000000 keys
lexindex DictIndex block 32 routed: build 76 ms, size 1.637 MiB (1.716 B/key), latency cold 196.9 ns, then mean 196.8 / min 196.2 ns
75.587,1.636708,196.923
[time 1.27 s, user 1.54 s, sys 0.15 s, maxrss 136228 KB]
[busy 177 jiffies]
[exit 0]
--- lexindex routed256   load 0.86 0.73 0.76
1000000 keys
lexindex DictIndex block 256 routed: build 76 ms, size 1.441 MiB (1.511 B/key), latency cold 175.4 ns, then mean 174.1 / min 173.9 ns
76.446,1.441005,175.425
[time 1.19 s, user 1.46 s, sys 0.16 s, maxrss 140080 KB]
[busy 169 jiffies]
[exit 0]
--- lexindex routed1024   load 0.87 0.73 0.76
1000000 keys
lexindex DictIndex block 1024 routed: build 71 ms, size 1.114 MiB (1.168 B/key), latency cold 175.3 ns, then mean 174.6 / min 174.3 ns
71.497,1.113975,175.283
[time 1.18 s, user 1.29 s, sys 0.10 s, maxrss 127892 KB]
[busy 142 jiffies]
[exit 0]
--- lexindex string   load 0.87 0.73 0.76
1000000 keys
lexindex StringIndex: build 132 ms, size 0.000 MiB (0.000 B/key), latency cold 83.8 ns, then mean 83.9 / min 83.7 ns
132.336,0.000287,83.757
[time 0.86 s, user 0.80 s, sys 0.05 s, maxrss 115256 KB]
[busy 89 jiffies]
[exit 0]
--- lexindex hashed0   load 0.80 0.72 0.75
1000000 keys
lexindex HashedDictIndex closed: build 164 ms, size 3.578 MiB (3.752 B/key), latency cold 13.8 ns, then mean 12.1 / min 12.0 ns
163.765,3.577960,13.828
[time 0.62 s, user 0.92 s, sys 0.17 s, maxrss 142480 KB]
[busy 118 jiffies]
[exit 0]
--- lexindex hashed8   load 0.80 0.72 0.75
1000000 keys
lexindex HashedDictIndex fp=8: build 165 ms, size 4.532 MiB (4.752 B/key), latency cold 18.8 ns, then mean 16.1 / min 15.9 ns
164.742,4.531634,18.795
[time 0.63 s, user 0.97 s, sys 0.16 s, maxrss 153308 KB]
[busy 118 jiffies]
[exit 0]
--- lexindex hashed16   load 0.80 0.72 0.75
1000000 keys
lexindex HashedDictIndex fp=16: build 161 ms, size 5.485 MiB (5.752 B/key), latency cold 19.9 ns, then mean 16.0 / min 16.0 ns
160.910,5.485309,19.938
[time 0.63 s, user 0.94 s, sys 0.16 s, maxrss 153880 KB]
[busy 116 jiffies]
[exit 0]
--- lexindex da   load 0.74 0.71 0.75
1000000 keys
lexindex DoubleArrayIndex: build 262 ms, size 7.630 MiB (8.000 B/key), latency cold 30.3 ns, then mean 21.2 / min 21.1 ns
262.040,7.629574,30.274
[time 0.75 s, user 0.67 s, sys 0.08 s, maxrss 123668 KB]
[busy 78 jiffies]
[exit 0]
--- c2 case 0 rec 0   skipped: exit 139 in round 1
--- c2 case 0 rec 1   skipped: exit 139 in round 1
--- c2 case 0 rec 2   skipped: exit 139 in round 1
--- c2 case 1 rec 0   skipped: exit 139 in round 1
--- c2 case 1 rec 1   skipped: exit 139 in round 1
--- c2 case 1 rec 2   skipped: exit 139 in round 1
--- c2 case 2 rec 0   skipped: exit 139 in round 1
--- c2 case 2 rec 1   skipped: exit 139 in round 1
--- c2 case 2 rec 2   skipped: exit 139 in round 1
--- c2 case 3 rec 0   load 0.74 0.71 0.75
[TEST FST]
Processing dataset...
Done!
Building trie...
Done!
build time: 217.959373 ms (217.959373 ns per key)
space cost: 1.445107 MB (25.731589% of original size 5.616083 MB)
Querying trie...
Done!
total time: 246.328578 ms, avg latency: 246.328578 ns
not implemented
217.959373,1.445107,246.328578
[PASSED]
[time 0.78 s, user 0.72 s, sys 0.05 s, maxrss 73864 KB]
[busy 80 jiffies]
[exit 0]
--- c2 case 4 rec 0   load 0.74 0.71 0.75
[TEST COCO]
Processing dataset...
Done!
Building trie...
num nodes = 9001, average depth = 1.000222
ef = 0.000000, pa = 0.000000, bv = 0.000111, de = 0.999889
efr = 0.000000, par = 0.000000, bvr = 0.000000, der = 0.000000
Done!
build time: 688.333306 ms (688.333306 ns per key)
space cost: 0.497188 MB (8.852927% of original size 5.616083 MB)
Querying trie...
Done!
total time: 231.993127 ms, avg latency: 231.993127 ns
not implemented
688.333306,0.497188,231.993127
[PASSED]
[time 1.26 s, user 1.03 s, sys 0.22 s, maxrss 494884 KB]
[busy 128 jiffies]
[exit 0]
--- c2 case 5 rec 0   load 0.76 0.71 0.75
[TEST MARISA]
Processing dataset...
Done!
Building trie...
Done!
build time: 144.451939 ms (144.451939 ns per key)
space cost: 1.565816 MB (27.880925% of original size 5.616083 MB)
Querying trie...
Done!
total time: 183.845038 ms, avg latency: 183.845038 ns
not implemented
144.451939,1.565816,183.845038
[PASSED]
[time 0.64 s, user 0.58 s, sys 0.06 s, maxrss 108344 KB]
[busy 68 jiffies]
[exit 0]
--- c2 case 5 rec 1   load 0.76 0.71 0.75
[TEST MARISA]
Processing dataset...
Done!
Building trie...
Done!
build time: 145.720144 ms (145.720144 ns per key)
space cost: 1.565816 MB (27.880925% of original size 5.616083 MB)
Querying trie...
Done!
total time: 186.038011 ms, avg latency: 186.038011 ns
not implemented
145.720144,1.565816,186.038011
[PASSED]
[time 0.65 s, user 0.58 s, sys 0.07 s, maxrss 108340 KB]
[busy 68 jiffies]
[exit 0]
--- c2 case 5 rec 2   load 0.76 0.71 0.75
[TEST MARISA]
Processing dataset...
Done!
Building trie...
Done!
build time: 146.345669 ms (146.345669 ns per key)
space cost: 1.565816 MB (27.880925% of original size 5.616083 MB)
Querying trie...
Done!
total time: 183.018615 ms, avg latency: 183.018615 ns
not implemented
146.345669,1.565816,183.018615
[PASSED]
[time 0.65 s, user 0.57 s, sys 0.07 s, maxrss 108188 KB]
[busy 65 jiffies]
[exit 0]
--- c2 case 6 rec 0   load 0.78 0.72 0.75
[TEST PDT]
Processing dataset...
Done!
Building trie...
dict size: 92, stream size: 296698
Done!
build time: 107.452110 ms (107.452110 ns per key)
space cost: 1.559100 MB (27.761344% of original size 5.616083 MB)
Querying trie...
Done!
total time: 389.357672 ms, avg latency: 389.357672 ns
not implemented
107.452110,1.559100,389.357672
[PASSED]
[time 0.81 s, user 0.74 s, sys 0.06 s, maxrss 90196 KB]
[busy 86 jiffies]
[exit 0]
--- c2 case 7 rec 0   load 0.78 0.72 0.75
[TEST ART]
Processing dataset...
Done!
Building trie...
Done!
build time: 55.859876 ms (55.859876 ns per key)
space cost: 20.065308 MB (357.282951% of original size 5.616083 MB)
Querying trie...
Done!
total time: 72.934507 ms, avg latency: 72.934507 ns
not implemented
55.859876,20.065308,72.934507
[PASSED]
[time 0.44 s, user 0.38 s, sys 0.05 s, maxrss 103408 KB]
[busy 47 jiffies]
[exit 0]
--- c2 case 8 rec 0   load 0.78 0.72 0.75
[TEST CART]
Processing dataset...
Done!
Building trie...
Done!
build time: 70.315844 ms (70.315844 ns per key)
space cost: 11.262885 MB (200.546979% of original size 5.616083 MB)
Querying trie...
Done!
total time: 86.691911 ms, avg latency: 86.691911 ns
not implemented
70.315844,11.262885,86.691911
[PASSED]
[time 0.49 s, user 0.43 s, sys 0.05 s, maxrss 104768 KB]
[busy 52 jiffies]
[exit 0]
--- xcdat 7   load 0.72 0.71 0.75
build time: 272.083377 ms
space cost: 5.285287 MiB (94.109841% of original size 5.616083 MiB)
avg latency: 83.376006 ns
272.083377,5.285287,83.376006
[time 0.67 s, user 0.60 s, sys 0.06 s, maxrss 90260 KB]
[busy 70 jiffies]
[exit 0]
--- xcdat 8   load 0.72 0.71 0.75
build time: 179.852653 ms
space cost: 4.607934 MiB (82.048892% of original size 5.616083 MiB)
avg latency: 93.123692 ns
179.852653,4.607934,93.123692
[time 0.59 s, user 0.52 s, sys 0.07 s, maxrss 90404 KB]
[busy 62 jiffies]
[exit 0]
--- xcdat 15   load 0.72 0.71 0.75
build time: 209.491854 ms
space cost: 6.727912 MiB (119.797228% of original size 5.616083 MiB)
avg latency: 52.474372 ns
209.491854,6.727912,52.474372
[time 0.59 s, user 0.53 s, sys 0.06 s, maxrss 90336 KB]
[busy 61 jiffies]
[exit 0]
--- xcdat 16   load 0.74 0.71 0.75
build time: 179.015679 ms
space cost: 7.181439 MiB (127.872740% of original size 5.616083 MiB)
avg latency: 66.692472 ns
179.015679,7.181439,66.692472
[time 0.57 s, user 0.51 s, sys 0.05 s, maxrss 90356 KB]
[busy 59 jiffies]
[exit 0]

##### opaque-1000000 (1000000 lines, 17000000 bytes)   round 3/3   2026-09-25T09:10:59+03:00
--- lexindex dict32   load 0.74 0.71 0.75
1000000 keys
lexindex DictIndex block 32: build 127 ms, size 10.145 MiB (10.638 B/key), latency cold 313.2 ns, then mean 310.3 / min 307.7 ns
127.490,10.144960,313.190
[time 1.80 s, user 2.49 s, sys 0.27 s, maxrss 169396 KB]
[busy 282 jiffies]
[exit 0]
--- lexindex dict256   load 0.68 0.70 0.75
1000000 keys
lexindex DictIndex block 256: build 131 ms, size 9.917 MiB (10.399 B/key), latency cold 328.8 ns, then mean 326.2 / min 325.9 ns
131.480,9.916968,328.789
[time 1.87 s, user 2.59 s, sys 0.27 s, maxrss 170712 KB]
[busy 293 jiffies]
[exit 0]
--- lexindex dict1024   load 0.68 0.70 0.75
1000000 keys
lexindex DictIndex block 1024: build 128 ms, size 9.814 MiB (10.291 B/key), latency cold 356.9 ns, then mean 355.7 / min 355.5 ns
128.277,9.813874,356.922
[time 1.98 s, user 2.35 s, sys 0.16 s, maxrss 154856 KB]
[busy 257 jiffies]
[exit 0]
--- lexindex routed32   load 0.70 0.71 0.75
1000000 keys
lexindex DictIndex block 32 routed: build 132 ms, size 10.622 MiB (11.138 B/key), latency cold 306.6 ns, then mean 300.3 / min 297.9 ns
131.707,10.621798,306.621
[time 1.78 s, user 2.47 s, sys 0.29 s, maxrss 169368 KB]
[busy 283 jiffies]
[exit 0]
--- lexindex routed256   load 0.70 0.71 0.75
1000000 keys
lexindex DictIndex block 256 routed: build 134 ms, size 10.394 MiB (10.899 B/key), latency cold 279.0 ns, then mean 276.9 / min 274.5 ns
133.587,10.393897,278.953
[time 1.66 s, user 2.34 s, sys 0.31 s, maxrss 172244 KB]
[busy 273 jiffies]
[exit 0]
--- lexindex routed1024   load 0.73 0.71 0.75
1000000 keys
lexindex DictIndex block 1024 routed: build 129 ms, size 10.052 MiB (10.541 B/key), latency cold 294.4 ns, then mean 291.4 / min 289.2 ns
129.414,10.052400,294.409
[time 1.73 s, user 2.10 s, sys 0.16 s, maxrss 151392 KB]
[busy 233 jiffies]
[exit 0]
--- lexindex string   load 0.73 0.71 0.75
1000000 keys
lexindex StringIndex: build 1043 ms, size 20.443 MiB (21.436 B/key), latency cold 287.6 ns, then mean 280.7 / min 279.6 ns
1042.921,20.442799,287.631
[time 2.59 s, user 2.51 s, sys 0.07 s, maxrss 152740 KB]
[busy 263 jiffies]
[exit 0]
--- lexindex hashed0   load 0.75 0.72 0.75
1000000 keys
lexindex HashedDictIndex closed: build 226 ms, size 12.530 MiB (13.139 B/key), latency cold 44.7 ns, then mean 43.4 / min 43.0 ns
226.298,12.530238,44.659
[time 0.81 s, user 1.57 s, sys 0.30 s, maxrss 169252 KB]
[busy 195 jiffies]
[exit 0]
--- lexindex hashed8   load 0.75 0.72 0.75
1000000 keys
lexindex HashedDictIndex fp=8: build 224 ms, size 13.484 MiB (14.139 B/key), latency cold 55.0 ns, then mean 53.4 / min 52.3 ns
224.099,13.483912,55.027
[time 0.85 s, user 1.60 s, sys 0.31 s, maxrss 172268 KB]
[busy 196 jiffies]
[exit 0]
--- lexindex hashed16   load 0.77 0.72 0.75
1000000 keys
lexindex HashedDictIndex fp=16: build 225 ms, size 14.438 MiB (15.139 B/key), latency cold 56.7 ns, then mean 56.2 / min 55.2 ns
225.493,14.437587,56.694
[time 0.87 s, user 1.61 s, sys 0.31 s, maxrss 170524 KB]
[busy 197 jiffies]
[exit 0]
--- lexindex da   skipped: exit 3 in round 1
--- c2 case 0 rec 0   load 0.77 0.72 0.75
[TEST C2-FST]
Processing dataset...
Done!
Building trie...
Done!
build time: 1077.098244 ms (1077.098244 ns per key)
space cost: 16.922257 MB (110.901706% of original size 15.258789 MB)
Querying trie...
Done!
total time: 393.068558 ms, avg latency: 393.068558 ns
topology: 0.743332 MB, link: 3.012292 MB, data: 13.166634 MB
--- Unary Path Analysis (FST, cutoff=4) ---
  shared unary steps in main trie: 1041
  terminal suffixes: inplace=0 (avg len=0.00)  links=1000000 (100.0% of terminal)
  link len: avg=10.96  max=12  total_chars=10963783
  link length distribution (len:count):  9:6  10:856  11:56569  12:920487  13:22082
1077.098244,16.922257,393.068558
[PASSED]
[time 2.11 s, user 1.95 s, sys 0.15 s, maxrss 250520 KB]
[busy 216 jiffies]
[exit 0]
--- c2 case 0 rec 1   load 0.79 0.73 0.75
[TEST C2-FST]
Processing dataset...
Done!
Building trie...
trie size: 4.316751 MB
Done!
build time: 1945.336280 ms (1945.336280 ns per key)
space cost: 16.922257 MB (110.901706% of original size 15.258789 MB)
Querying trie...
Done!
total time: 390.271350 ms, avg latency: 390.271350 ns
topology: 0.743332 MB, link: 3.012292 MB, data: 13.166634 MB
--- Unary Path Analysis (FST, cutoff=4) ---
  shared unary steps in main trie: 1041
  terminal suffixes: inplace=0 (avg len=0.00)  links=1000000 (100.0% of terminal)
  link len: avg=10.96  max=12  total_chars=10963783
  link length distribution (len:count):  9:6  10:856  11:56569  12:920487  13:22082
1945.336280,16.922257,390.271350
[PASSED]
[time 2.98 s, user 2.75 s, sys 0.21 s, maxrss 311572 KB]
[busy 307 jiffies]
[exit 0]
--- c2 case 0 rec 2   load 0.73 0.71 0.75
[TEST C2-FST]
Processing dataset...
Done!
Building trie...
trie size: 4.316751 MB
Done!
build time: 1943.249346 ms (1943.249346 ns per key)
space cost: 16.922257 MB (110.901706% of original size 15.258789 MB)
Querying trie...
Done!
total time: 397.041097 ms, avg latency: 397.041097 ns
topology: 0.743332 MB, link: 3.012292 MB, data: 13.166634 MB
--- Unary Path Analysis (FST, cutoff=4) ---
  shared unary steps in main trie: 1041
  terminal suffixes: inplace=0 (avg len=0.00)  links=1000000 (100.0% of terminal)
  link len: avg=10.96  max=12  total_chars=10963783
  link length distribution (len:count):  9:6  10:856  11:56569  12:920487  13:22082
1943.249346,16.922257,397.041097
[PASSED]
[time 2.98 s, user 2.77 s, sys 0.19 s, maxrss 311448 KB]
[busy 305 jiffies]
[exit 0]
--- c2 case 1 rec 0   load 0.73 0.71 0.75
[TEST C2-CoCo(LOUDS-Sparse)]
Processing dataset...
Done!
Building trie...
Done!
build time: 1335.257202 ms (1335.257202 ns per key)
space cost: 16.089285 MB (105.442735% of original size 15.258789 MB)
Querying trie...
Done!
total time: 521.896014 ms, avg latency: 521.896014 ns
topology: 0.346626 MB, link: 3.175570 MB, data: 12.567089 MB
1335.257202,16.089285,521.896014
[PASSED]
[time 2.50 s, user 2.29 s, sys 0.19 s, maxrss 357200 KB]
[busy 256 jiffies]
[exit 0]
--- c2 case 1 rec 1   load 0.75 0.72 0.75
[TEST C2-CoCo(LOUDS-Sparse)]
Processing dataset...
Done!
Building trie...
trie size: 4.316751 MB
Done!
build time: 2192.521418 ms (2192.521418 ns per key)
space cost: 16.089285 MB (105.442735% of original size 15.258789 MB)
Querying trie...
Done!
total time: 520.268174 ms, avg latency: 520.268174 ns
topology: 0.346626 MB, link: 3.175570 MB, data: 12.567089 MB
2192.521418,16.089285,520.268174
[PASSED]
[time 3.37 s, user 3.13 s, sys 0.22 s, maxrss 418844 KB]
[busy 342 jiffies]
[exit 0]
--- c2 case 1 rec 2   load 0.77 0.72 0.75
[TEST C2-CoCo(LOUDS-Sparse)]
Processing dataset...
Done!
Building trie...
trie size: 4.316751 MB
Done!
build time: 2195.835377 ms (2195.835377 ns per key)
space cost: 16.089285 MB (105.442735% of original size 15.258789 MB)
Querying trie...
Done!
total time: 518.178765 ms, avg latency: 518.178765 ns
topology: 0.346626 MB, link: 3.175570 MB, data: 12.567089 MB
2195.835377,16.089285,518.178765
[PASSED]
[time 3.37 s, user 3.14 s, sys 0.22 s, maxrss 418652 KB]
[busy 345 jiffies]
[exit 0]
--- c2 case 2 rec 0   load 0.79 0.73 0.75
[TEST C2-MARISA]
Processing dataset...
Done!
Building trie...
trie size: 1.836515 MB
Done!
build time: 971.487836 ms (971.487836 ns per key)
space cost: 16.609414 MB (108.851456% of original size 15.258789 MB)
Querying trie...
Done!
total time: 324.315573 ms, avg latency: 324.315573 ns
topology: 0.607349 MB, link: 2.863268 MB, data: 13.118289 MB
--- Unary Path Analysis (Marisa, cutoff=3) ---
  branches: 1267337  |  single-char: 266306 (21.0%)  short-unary: 1021 (0.1%)  links: 1000010 (78.9%)
  link len: avg=12.96  max=14  total_chars=12963813
  link length distribution (len:count):  3:10  10:6  11:856  12:56569  13:920487  14:22082
  short unary avg len: 2.00
971.487836,16.609414,324.315573
[PASSED]
[time 1.94 s, user 1.79 s, sys 0.13 s, maxrss 236896 KB]
[busy 198 jiffies]
[exit 0]
--- c2 case 2 rec 1   load 0.72 0.72 0.75
[TEST C2-MARISA]
Processing dataset...
Done!
Building trie...
trie size: 1.836515 MB
trie size: 4.316792 MB
Done!
build time: 1978.482124 ms (1978.482124 ns per key)
space cost: 16.609414 MB (108.851456% of original size 15.258789 MB)
Querying trie...
Done!
total time: 318.647787 ms, avg latency: 318.647787 ns
topology: 0.607349 MB, link: 2.863268 MB, data: 13.118289 MB
--- Unary Path Analysis (Marisa, cutoff=3) ---
  branches: 1267337  |  single-char: 266306 (21.0%)  short-unary: 1021 (0.1%)  links: 1000010 (78.9%)
  link len: avg=12.96  max=14  total_chars=12963813
  link length distribution (len:count):  3:10  10:6  11:856  12:56569  13:920487  14:22082
  short unary avg len: 2.00
1978.482124,16.609414,318.647787
[PASSED]
[time 2.94 s, user 2.75 s, sys 0.17 s, maxrss 283676 KB]
[busy 300 jiffies]
[exit 0]
--- c2 case 2 rec 2   load 0.72 0.72 0.75
[TEST C2-MARISA]
Processing dataset...
Done!
Building trie...
trie size: 1.836515 MB
trie size: 4.316792 MB
Done!
build time: 1990.297927 ms (1990.297927 ns per key)
space cost: 16.609414 MB (108.851456% of original size 15.258789 MB)
Querying trie...
Done!
total time: 324.816485 ms, avg latency: 324.816485 ns
topology: 0.607349 MB, link: 2.863268 MB, data: 13.118289 MB
--- Unary Path Analysis (Marisa, cutoff=3) ---
  branches: 1267337  |  single-char: 266306 (21.0%)  short-unary: 1021 (0.1%)  links: 1000010 (78.9%)
  link len: avg=12.96  max=14  total_chars=12963813
  link length distribution (len:count):  3:10  10:6  11:856  12:56569  13:920487  14:22082
  short unary avg len: 2.00
1990.297927,16.609414,324.816485
[PASSED]
[time 2.96 s, user 2.77 s, sys 0.18 s, maxrss 283588 KB]
[busy 304 jiffies]
[exit 0]
--- c2 case 3 rec 0   load 0.75 0.72 0.75
[TEST FST]
Processing dataset...
Done!
Building trie...
Done!
build time: 645.782239 ms (645.782239 ns per key)
space cost: 16.760878 MB (109.844088% of original size 15.258789 MB)
Querying trie...
Done!
total time: 336.460385 ms, avg latency: 336.460385 ns
not implemented
645.782239,16.760878,336.460385
[PASSED]
[time 1.62 s, user 1.52 s, sys 0.09 s, maxrss 147024 KB]
[busy 165 jiffies]
[exit 0]
--- c2 case 4 rec 0   load 0.69 0.71 0.75
[TEST COCO]
Processing dataset...
Done!
Building trie...
num nodes = 4097, average depth = 12.997071
ef = 0.000000, pa = 0.000000, bv = 0.000000, de = 0.000000
efr = 0.000000, par = 0.999756, bvr = 0.000244, der = 0.000000
Done!
build time: 17155.877889 ms (17155.877889 ns per key)
space cost: 10.595579 MB (69.439184% of original size 15.258789 MB)
Querying trie...
Done!
total time: 503.661583 ms, avg latency: 503.661583 ns
not implemented
17155.877889,10.595579,503.661583
[PASSED]
[time 19.05 s, user 14.32 s, sys 4.66 s, maxrss 11388696 KB]
[busy 1946 jiffies]
[exit 0]
--- c2 case 5 rec 0   load 0.70 0.71 0.75
[TEST MARISA]
Processing dataset...
Done!
Building trie...
Done!
build time: 463.740141 ms (463.740141 ns per key)
space cost: 17.200768 MB (112.726950% of original size 15.258789 MB)
Querying trie...
Done!
total time: 445.871668 ms, avg latency: 445.871668 ns
not implemented
463.740141,17.200768,445.871668
[PASSED]
[time 1.53 s, user 1.42 s, sys 0.10 s, maxrss 195016 KB]
[busy 158 jiffies]
[exit 0]
--- c2 case 5 rec 1   load 0.70 0.71 0.75
[TEST MARISA]
Processing dataset...
Done!
Building trie...
Done!
build time: 727.327936 ms (727.327936 ns per key)
space cost: 17.634758 MB (115.571150% of original size 15.258789 MB)
Querying trie...
Done!
total time: 673.316384 ms, avg latency: 673.316384 ns
not implemented
727.327936,17.634758,673.316384
[PASSED]
[time 2.05 s, user 1.91 s, sys 0.13 s, maxrss 185588 KB]
[busy 210 jiffies]
[exit 0]
--- c2 case 5 rec 2   load 0.72 0.72 0.75
[TEST MARISA]
Processing dataset...
Done!
Building trie...
Done!
build time: 934.382979 ms (934.382979 ns per key)
space cost: 17.949429 MB (117.633375% of original size 15.258789 MB)
Querying trie...
Done!
total time: 972.256080 ms, avg latency: 972.256080 ns
not implemented
934.382979,17.949429,972.256080
[PASSED]
[time 2.56 s, user 2.41 s, sys 0.14 s, maxrss 225708 KB]
[busy 263 jiffies]
[exit 0]
--- c2 case 6 rec 0   load 0.72 0.72 0.75
[TEST PDT]
Processing dataset...
Done!
Building trie...
dict size: 177882, stream size: 12826382
Done!
build time: 16080.625245 ms (16080.625245 ns per key)
space cost: 13.677892 MB (89.639431% of original size 15.258789 MB)
Querying trie...
Done!
total time: 586.426251 ms, avg latency: 586.426251 ns
not implemented
16080.625245,13.677892,586.426251
[PASSED]
[time 17.32 s, user 17.06 s, sys 0.19 s, maxrss 361260 KB]
[busy 1769 jiffies]
[exit 0]
--- c2 case 7 rec 0   load 0.80 0.74 0.75
[TEST ART]
Processing dataset...
Done!
Building trie...
Done!
build time: 137.775798 ms (137.775798 ns per key)
space cost: 30.301407 MB (198.583300% of original size 15.258789 MB)
Querying trie...
Done!
total time: 176.373502 ms, avg latency: 176.373502 ns
not implemented
137.775798,30.301407,176.373502
[PASSED]
[time 0.98 s, user 0.88 s, sys 0.10 s, maxrss 178804 KB]
[busy 102 jiffies]
[exit 0]
--- c2 case 8 rec 0   load 0.74 0.72 0.75
[TEST CART]
Processing dataset...
Done!
Building trie...
Done!
build time: 158.427935 ms (158.427935 ns per key)
space cost: 11.383729 MB (74.604406% of original size 15.258789 MB)
Querying trie...
Done!
total time: 224.833407 ms, avg latency: 224.833407 ns
not implemented
158.427935,11.383729,224.833407
[PASSED]
[time 1.04 s, user 0.95 s, sys 0.08 s, maxrss 160932 KB]
[busy 106 jiffies]
[exit 0]
--- xcdat 7   load 0.74 0.72 0.75
build time: 665.035536 ms
space cost: 19.932177 MiB (130.627512% of original size 15.258789 MiB)
avg latency: 222.636626 ns
665.035536,19.932177,222.636626
[time 1.56 s, user 1.43 s, sys 0.12 s, maxrss 173112 KB]
[busy 161 jiffies]
[exit 0]
--- xcdat 8   load 0.74 0.72 0.75
build time: 633.732947 ms
space cost: 18.565336 MiB (121.669787% of original size 15.258789 MiB)
avg latency: 212.280748 ns
633.732947,18.565336,212.280748
[time 1.53 s, user 1.39 s, sys 0.13 s, maxrss 180104 KB]
[busy 156 jiffies]
[exit 0]
--- xcdat 15   load 0.76 0.73 0.75
build time: 656.952319 ms
space cost: 19.094490 MiB (125.137650% of original size 15.258789 MiB)
avg latency: 201.099066 ns
656.952319,19.094490,201.099066
[time 1.53 s, user 1.41 s, sys 0.11 s, maxrss 181008 KB]
[busy 156 jiffies]
[exit 0]
--- xcdat 16   load 0.70 0.72 0.75
build time: 635.846260 ms
space cost: 19.227987 MiB (126.012538% of original size 15.258789 MiB)
avg latency: 210.627980 ns
635.846260,19.227987,210.627980
[time 1.53 s, user 1.42 s, sys 0.10 s, maxrss 179852 KB]
[busy 157 jiffies]
[exit 0]

##### paths-1000000 (1000000 lines, 59358139 bytes)   round 3/3   2026-09-25T09:13:04+03:00
--- lexindex dict32   load 0.70 0.72 0.75
1000000 keys
lexindex DictIndex block 32: build 304 ms, size 7.889 MiB (8.272 B/key), latency cold 556.1 ns, then mean 547.7 / min 539.2 ns
303.642,7.888713,556.120
[time 3.11 s, user 5.01 s, sys 0.29 s, maxrss 338516 KB]
[busy 544 jiffies]
[exit 0]
--- lexindex dict256   load 0.72 0.72 0.75
1000000 keys
lexindex DictIndex block 256: build 310 ms, size 6.536 MiB (6.854 B/key), latency cold 574.7 ns, then mean 559.7 / min 549.6 ns
310.305,6.536199,574.653
[time 3.16 s, user 5.15 s, sys 0.29 s, maxrss 333752 KB]
[busy 559 jiffies]
[exit 0]
--- lexindex dict1024   load 0.66 0.71 0.74
1000000 keys
lexindex DictIndex block 1024: build 334 ms, size 6.209 MiB (6.511 B/key), latency cold 608.4 ns, then mean 604.2 / min 596.1 ns
333.739,6.209176,608.426
[time 3.36 s, user 4.55 s, sys 0.25 s, maxrss 328528 KB]
[busy 493 jiffies]
[exit 0]
--- lexindex routed32   load 0.61 0.70 0.74
1000000 keys
lexindex DictIndex block 32 routed: build 308 ms, size 8.366 MiB (8.772 B/key), latency cold 537.4 ns, then mean 530.4 / min 527.3 ns
308.117,8.365550,537.357
[time 3.05 s, user 5.00 s, sys 0.30 s, maxrss 339720 KB]
[busy 543 jiffies]
[exit 0]
--- lexindex routed256   load 0.61 0.70 0.74
1000000 keys
lexindex DictIndex block 256 routed: build 315 ms, size 7.013 MiB (7.354 B/key), latency cold 546.3 ns, then mean 541.4 / min 541.2 ns
315.299,7.013127,546.261
[time 3.09 s, user 5.09 s, sys 0.28 s, maxrss 334876 KB]
[busy 550 jiffies]
[exit 0]
--- lexindex routed1024   load 0.64 0.70 0.74
1000000 keys
lexindex DictIndex block 1024 routed: build 340 ms, size 6.448 MiB (6.761 B/key), latency cold 581.7 ns, then mean 577.5 / min 576.1 ns
340.104,6.447701,581.695
[time 3.26 s, user 4.42 s, sys 0.27 s, maxrss 332964 KB]
[busy 480 jiffies]
[exit 0]
--- lexindex string   load 0.67 0.71 0.74
1000000 keys
lexindex StringIndex: build 874 ms, size 10.366 MiB (10.870 B/key), latency cold 486.5 ns, then mean 475.9 / min 473.4 ns
874.273,10.366158,486.494
[time 3.38 s, user 3.25 s, sys 0.11 s, maxrss 235812 KB]
[busy 346 jiffies]
[exit 0]
--- lexindex hashed0   load 0.70 0.71 0.74
1000000 keys
lexindex HashedDictIndex closed: build 438 ms, size 9.149 MiB (9.594 B/key), latency cold 58.9 ns, then mean 57.7 / min 57.7 ns
437.599,9.149382,58.927
[time 1.27 s, user 3.33 s, sys 0.29 s, maxrss 336764 KB]
[busy 371 jiffies]
[exit 0]
--- lexindex hashed8   load 0.70 0.71 0.74
1000000 keys
lexindex HashedDictIndex fp=8: build 438 ms, size 10.103 MiB (10.594 B/key), latency cold 71.5 ns, then mean 69.8 / min 69.5 ns
438.035,10.103056,71.520
[time 1.32 s, user 3.36 s, sys 0.29 s, maxrss 338104 KB]
[busy 372 jiffies]
[exit 0]
--- lexindex hashed16   load 1.92 0.97 0.83
1000000 keys
lexindex HashedDictIndex fp=16: build 435 ms, size 11.057 MiB (11.594 B/key), latency cold 72.1 ns, then mean 71.6 / min 70.4 ns
434.975,11.056730,72.070
[time 1.32 s, user 3.33 s, sys 0.31 s, maxrss 338984 KB]
[busy 373 jiffies]
[exit 0]
--- lexindex da   skipped: exit 3 in round 1
--- c2 case 0 rec 0   load 1.92 0.97 0.83
[TEST C2-FST]
Processing dataset...
Done!
Building trie...
Done!
build time: 1120.691749 ms (1120.691749 ns per key)
space cost: 10.677848 MB (19.185901% of original size 55.654658 MB)
Querying trie...
Done!
total time: 1207.816404 ms, avg latency: 1207.816404 ns
topology: 1.512909 MB, link: 2.183862 MB, data: 6.981077 MB
--- Unary Path Analysis (FST, cutoff=4) ---
  shared unary steps in main trie: 1983898
  terminal suffixes: inplace=155036 (avg len=2.03)  links=775026 (83.3% of terminal)
  link len: avg=9.81  max=128  total_chars=7602444
  link length distribution (len:count):  4:63662  5:73939  6:69531  7:88678  8:71526  9:52778  10:51773  11:44074  12:39713  13:31763  14:26712  15:22182  16:18455  17:22937  18:16541  19:12402  20:10319  21:8136  22:6539  23:6401  24:4377  25:3649  26:3160  27:3721  28:2559  29:1865  30:1985  31:1339  32:1222  33:997  34:1398  35:1349  36:841  37:575  38:604  39:530  40:470  41:758  42:1158  43:1471  44:308  45:277  46:258  47:317  48:236  49:197  50:181  51:216  52:108  53:92  54:67  55:72  56:56  57:66  58:37  59:33  60:19  61:34  62:14  63:20  64:25  65:11  66:17  67:20  68:11  69:14  70:14  71:20  72:13  73:15  74:14  75:14  76:8  77:11  78:18  79:34  80:20  81:7  82:8  83:2  85:4  86:2  87:2  88:1  90:2  91:4  92:1  93:2  96:2  97:1  98:1  99:3  102:1  104:1  108:1  110:1  111:1  129:3
1120.691749,10.677848,1207.816404
[PASSED]
[time 3.13 s, user 2.92 s, sys 0.20 s, maxrss 258536 KB]
[busy 321 jiffies]
[exit 0]
--- c2 case 0 rec 1   load 1.85 0.97 0.83
[TEST C2-FST]
Processing dataset...
Done!
Building trie...
trie size: 2.433954 MB
Done!
build time: 1284.418144 ms (1284.418144 ns per key)
space cost: 9.494965 MB (17.060503% of original size 55.654658 MB)
Querying trie...
Done!
total time: 1344.104105 ms, avg latency: 1344.104105 ns
topology: 1.739155 MB, link: 2.123735 MB, data: 5.632074 MB
--- Unary Path Analysis (FST, cutoff=4) ---
  shared unary steps in main trie: 1983898
  terminal suffixes: inplace=155036 (avg len=2.03)  links=775026 (83.3% of terminal)
  link len: avg=9.81  max=128  total_chars=7602444
  link length distribution (len:count):  4:63662  5:73939  6:69531  7:88678  8:71526  9:52778  10:51773  11:44074  12:39713  13:31763  14:26712  15:22182  16:18455  17:22937  18:16541  19:12402  20:10319  21:8136  22:6539  23:6401  24:4377  25:3649  26:3160  27:3721  28:2559  29:1865  30:1985  31:1339  32:1222  33:997  34:1398  35:1349  36:841  37:575  38:604  39:530  40:470  41:758  42:1158  43:1471  44:308  45:277  46:258  47:317  48:236  49:197  50:181  51:216  52:108  53:92  54:67  55:72  56:56  57:66  58:37  59:33  60:19  61:34  62:14  63:20  64:25  65:11  66:17  67:20  68:11  69:14  70:14  71:20  72:13  73:15  74:14  75:14  76:8  77:11  78:18  79:34  80:20  81:7  82:8  83:2  85:4  86:2  87:2  88:1  90:2  91:4  92:1  93:2  96:2  97:1  98:1  99:3  102:1  104:1  108:1  110:1  111:1  129:3
1284.418144,9.494965,1344.104105
[PASSED]
[time 3.44 s, user 3.24 s, sys 0.17 s, maxrss 258424 KB]
[busy 351 jiffies]
[exit 0]
--- c2 case 0 rec 2   load 1.78 0.97 0.83
[TEST C2-FST]
Processing dataset...
Done!
Building trie...
trie size: 2.433954 MB
trie size: 0.408309 MB
Done!
build time: 1327.520697 ms (1327.520697 ns per key)
space cost: 9.494965 MB (17.060503% of original size 55.654658 MB)
Querying trie...
Done!
total time: 1325.511440 ms, avg latency: 1325.511440 ns
topology: 1.739155 MB, link: 2.123735 MB, data: 5.632074 MB
--- Unary Path Analysis (FST, cutoff=4) ---
  shared unary steps in main trie: 1983898
  terminal suffixes: inplace=155036 (avg len=2.03)  links=775026 (83.3% of terminal)
  link len: avg=9.81  max=128  total_chars=7602444
  link length distribution (len:count):  4:63662  5:73939  6:69531  7:88678  8:71526  9:52778  10:51773  11:44074  12:39713  13:31763  14:26712  15:22182  16:18455  17:22937  18:16541  19:12402  20:10319  21:8136  22:6539  23:6401  24:4377  25:3649  26:3160  27:3721  28:2559  29:1865  30:1985  31:1339  32:1222  33:997  34:1398  35:1349  36:841  37:575  38:604  39:530  40:470  41:758  42:1158  43:1471  44:308  45:277  46:258  47:317  48:236  49:197  50:181  51:216  52:108  53:92  54:67  55:72  56:56  57:66  58:37  59:33  60:19  61:34  62:14  63:20  64:25  65:11  66:17  67:20  68:11  69:14  70:14  71:20  72:13  73:15  74:14  75:14  76:8  77:11  78:18  79:34  80:20  81:7  82:8  83:2  85:4  86:2  87:2  88:1  90:2  91:4  92:1  93:2  96:2  97:1  98:1  99:3  102:1  104:1  108:1  110:1  111:1  129:3
1327.520697,9.494965,1325.511440
[PASSED]
[time 3.47 s, user 3.28 s, sys 0.16 s, maxrss 258212 KB]
[busy 354 jiffies]
[exit 0]
--- c2 case 1 rec 0   load 1.72 0.97 0.83
[TEST C2-CoCo(LOUDS-Sparse)]
Processing dataset...
Done!
Building trie...
Done!
build time: 3894.145669 ms (3894.145669 ns per key)
space cost: 10.850550 MB (19.496212% of original size 55.654658 MB)
Querying trie...
Done!
total time: 1153.694524 ms, avg latency: 1153.694524 ns
topology: 0.452286 MB, link: 3.359728 MB, data: 7.038537 MB
3894.145669,10.850550,1153.694524
[PASSED]
[time 5.86 s, user 5.54 s, sys 0.29 s, maxrss 512080 KB]
[busy 596 jiffies]
[exit 0]
--- c2 case 1 rec 1   load 1.66 0.97 0.83
[TEST C2-CoCo(LOUDS-Sparse)]
Processing dataset...
Done!
Building trie...
trie size: 2.433954 MB
Done!
build time: 4050.485478 ms (4050.485478 ns per key)
space cost: 9.667667 MB (17.370814% of original size 55.654658 MB)
Querying trie...
Done!
total time: 1238.534623 ms, avg latency: 1238.534623 ns
topology: 0.678532 MB, link: 3.299602 MB, data: 5.689534 MB
4050.485478,9.667667,1238.534623
[PASSED]
[time 6.11 s, user 5.80 s, sys 0.28 s, maxrss 511888 KB]
[busy 627 jiffies]
[exit 0]
--- c2 case 1 rec 2   load 1.56 0.97 0.83
[TEST C2-CoCo(LOUDS-Sparse)]
Processing dataset...
Done!
Building trie...
trie size: 2.433954 MB
trie size: 0.408309 MB
Done!
build time: 4088.191485 ms (4088.191485 ns per key)
space cost: 9.667667 MB (17.370814% of original size 55.654658 MB)
Querying trie...
Done!
total time: 1233.471274 ms, avg latency: 1233.471274 ns
topology: 0.678532 MB, link: 3.299602 MB, data: 5.689534 MB
4088.191485,9.667667,1233.471274
[PASSED]
[time 6.13 s, user 5.83 s, sys 0.27 s, maxrss 512076 KB]
[busy 623 jiffies]
[exit 0]
--- c2 case 2 rec 0   load 1.51 0.97 0.83
[TEST C2-MARISA]
Processing dataset...
Done!
Building trie...
trie size: 2.379500 MB
Done!
build time: 1259.157044 ms (1259.157044 ns per key)
space cost: 9.142673 MB (16.427506% of original size 55.654658 MB)
Querying trie...
Done!
total time: 638.770848 ms, avg latency: 638.770848 ns
topology: 0.788380 MB, link: 3.028383 MB, data: 5.305402 MB
--- Unary Path Analysis (Marisa, cutoff=3) ---
  branches: 1624370  |  single-char: 364657 (22.4%)  short-unary: 105835 (6.5%)  links: 1153878 (71.0%)
  link len: avg=10.16  max=130  total_chars=11724159
  link length distribution (len:count):  3:86064  4:95323  5:99308  6:104992  7:95461  8:108108  9:90737  10:64624  11:60242  12:50948  13:45360  14:36727  15:31143  16:26922  17:21639  18:24976  19:18225  20:13819  21:11536  22:9190  23:7326  24:7075  25:5058  26:4084  27:3561  28:4082  29:2881  30:2128  31:2425  32:1998  33:1765  34:1248  35:1581  36:1516  37:1026  38:745  39:954  40:1077  41:823  42:929  43:1258  44:1550  45:383  46:326  47:319  48:359  49:278  50:229  51:212  52:245  53:136  54:111  55:80  56:86  57:71  58:74  59:40  60:37  61:20  62:40  63:19  64:21  65:31  66:12  67:22  68:22  69:12  70:15  71:16  72:21  73:14  74:16  75:15  76:14  77:8  78:13  79:18  80:34  81:21  82:7  83:8  84:2  86:4  87:2  88:3  89:2  90:1  91:3  92:4  93:1  94:2  97:2  98:1  99:1  100:3  103:1  105:1  109:1  111:1  112:1  130:3
  short unary avg len: 2.00
1259.157044,9.142673,638.770848
[PASSED]
[time 2.71 s, user 2.52 s, sys 0.18 s, maxrss 246344 KB]
[busy 276 jiffies]
[exit 0]
--- c2 case 2 rec 1   load 1.47 0.97 0.83
[TEST C2-MARISA]
Processing dataset...
Done!
Building trie...
trie size: 2.379500 MB
trie size: 3.728127 MB
Done!
build time: 1507.442189 ms (1507.442189 ns per key)
space cost: 7.584204 MB (13.627258% of original size 55.654658 MB)
Querying trie...
Done!
total time: 962.313288 ms, avg latency: 962.313288 ns
topology: 1.114113 MB, link: 3.112300 MB, data: 3.337283 MB
--- Unary Path Analysis (Marisa, cutoff=3) ---
  branches: 1624370  |  single-char: 364657 (22.4%)  short-unary: 105835 (6.5%)  links: 1153878 (71.0%)
  link len: avg=10.16  max=130  total_chars=11724159
  link length distribution (len:count):  3:86064  4:95323  5:99308  6:104992  7:95461  8:108108  9:90737  10:64624  11:60242  12:50948  13:45360  14:36727  15:31143  16:26922  17:21639  18:24976  19:18225  20:13819  21:11536  22:9190  23:7326  24:7075  25:5058  26:4084  27:3561  28:4082  29:2881  30:2128  31:2425  32:1998  33:1765  34:1248  35:1581  36:1516  37:1026  38:745  39:954  40:1077  41:823  42:929  43:1258  44:1550  45:383  46:326  47:319  48:359  49:278  50:229  51:212  52:245  53:136  54:111  55:80  56:86  57:71  58:74  59:40  60:37  61:20  62:40  63:19  64:21  65:31  66:12  67:22  68:22  69:12  70:15  71:16  72:21  73:14  74:16  75:15  76:14  77:8  78:13  79:18  80:34  81:21  82:7  83:8  84:2  86:4  87:2  88:3  89:2  90:1  91:3  92:4  93:1  94:2  97:2  98:1  99:1  100:3  103:1  105:1  109:1  111:1  112:1  130:3
  short unary avg len: 2.00
1507.442189,7.584204,962.313288
[PASSED]
[time 3.27 s, user 3.07 s, sys 0.18 s, maxrss 230948 KB]
[busy 333 jiffies]
[exit 0]
--- c2 case 2 rec 2   load 1.43 0.97 0.83
[TEST C2-MARISA]
Processing dataset...
Done!
Building trie...
trie size: 2.379500 MB
trie size: 3.728127 MB
trie size: 0.593370 MB
Done!
build time: 1589.138889 ms (1589.138889 ns per key)
space cost: 7.584204 MB (13.627258% of original size 55.654658 MB)
Querying trie...
Done!
total time: 975.506180 ms, avg latency: 975.506180 ns
topology: 1.114113 MB, link: 3.112300 MB, data: 3.337283 MB
--- Unary Path Analysis (Marisa, cutoff=3) ---
  branches: 1624370  |  single-char: 364657 (22.4%)  short-unary: 105835 (6.5%)  links: 1153878 (71.0%)
  link len: avg=10.16  max=130  total_chars=11724159
  link length distribution (len:count):  3:86064  4:95323  5:99308  6:104992  7:95461  8:108108  9:90737  10:64624  11:60242  12:50948  13:45360  14:36727  15:31143  16:26922  17:21639  18:24976  19:18225  20:13819  21:11536  22:9190  23:7326  24:7075  25:5058  26:4084  27:3561  28:4082  29:2881  30:2128  31:2425  32:1998  33:1765  34:1248  35:1581  36:1516  37:1026  38:745  39:954  40:1077  41:823  42:929  43:1258  44:1550  45:383  46:326  47:319  48:359  49:278  50:229  51:212  52:245  53:136  54:111  55:80  56:86  57:71  58:74  59:40  60:37  61:20  62:40  63:19  64:21  65:31  66:12  67:22  68:22  69:12  70:15  71:16  72:21  73:14  74:16  75:15  76:14  77:8  78:13  79:18  80:34  81:21  82:7  83:8  84:2  86:4  87:2  88:3  89:2  90:1  91:3  92:4  93:1  94:2  97:2  98:1  99:1  100:3  103:1  105:1  109:1  111:1  112:1  130:3
  short unary avg len: 2.00
1589.138889,7.584204,975.506180
[PASSED]
[time 3.37 s, user 3.18 s, sys 0.16 s, maxrss 230880 KB]
[busy 344 jiffies]
[exit 0]
--- c2 case 3 rec 0   load 1.32 0.96 0.83
[TEST FST]
Processing dataset...
Done!
Building trie...
Done!
build time: 1727.037057 ms (1727.037057 ns per key)
space cost: 10.595835 MB (19.038541% of original size 55.654658 MB)
Querying trie...
Done!
total time: 2194.751731 ms, avg latency: 2194.751731 ns
not implemented
1727.037057,10.595835,2194.751731
[PASSED]
[time 4.74 s, user 4.59 s, sys 0.13 s, maxrss 223776 KB]
[busy 483 jiffies]
[exit 0]
--- c2 case 4 rec 0   load 1.29 0.96 0.83
[TEST COCO]
Processing dataset...
Done!
Building trie...
num nodes = 402454, average depth = 9.995585
ef = 0.000169, pa = 0.212941, bv = 0.000770, de = 0.549568
efr = 0.000959, par = 0.190315, bvr = 0.000032, der = 0.045245
Done!
build time: 23842.292920 ms (23842.292920 ns per key)
space cost: 14.335197 MB (25.757407% of original size 55.654658 MB)
Querying trie...
Done!
total time: 1101.750029 ms, avg latency: 1101.750029 ns
not implemented
23842.292920,14.335197,1101.750029
[PASSED]
[time 26.55 s, user 21.13 s, sys 5.31 s, maxrss 12688812 KB]
[busy 2703 jiffies]
[exit 0]
--- c2 case 5 rec 0   load 1.19 0.96 0.83
[TEST MARISA]
Processing dataset...
Done!
Building trie...
Done!
build time: 921.780757 ms (921.780757 ns per key)
space cost: 9.765432 MB (17.546478% of original size 55.654658 MB)
Querying trie...
Done!
total time: 750.966125 ms, avg latency: 750.966125 ns
not implemented
921.780757,9.765432,750.966125
[PASSED]
[time 2.44 s, user 2.29 s, sys 0.14 s, maxrss 279228 KB]
[busy 247 jiffies]
[exit 0]
--- c2 case 5 rec 1   load 1.18 0.96 0.84
[TEST MARISA]
Processing dataset...
Done!
Building trie...
Done!
build time: 1061.765999 ms (1061.765999 ns per key)
space cost: 6.956338 MB (12.499112% of original size 55.654658 MB)
Querying trie...
Done!
total time: 1269.649370 ms, avg latency: 1269.649370 ns
not implemented
1061.765999,6.956338,1269.649370
[PASSED]
[time 3.12 s, user 2.94 s, sys 0.16 s, maxrss 279184 KB]
[busy 320 jiffies]
[exit 0]
--- c2 case 5 rec 2   load 1.16 0.96 0.84
[TEST MARISA]
Processing dataset...
Done!
Building trie...
Done!
build time: 1079.451858 ms (1079.451858 ns per key)
space cost: 6.472832 MB (11.630350% of original size 55.654658 MB)
Querying trie...
Done!
total time: 1457.107621 ms, avg latency: 1457.107621 ns
not implemented
1079.451858,6.472832,1457.107621
[PASSED]
[time 3.31 s, user 3.14 s, sys 0.16 s, maxrss 279444 KB]
[busy 340 jiffies]
[exit 0]
--- c2 case 6 rec 0   load 1.15 0.96 0.84
[TEST PDT]
Processing dataset...
Done!
Building trie...
dict size: 155232, stream size: 6622105
Done!
build time: 2669.751330 ms (2669.751330 ns per key)
space cost: 7.739431 MB (13.906170% of original size 55.654658 MB)
Querying trie...
Done!
total time: 836.753295 ms, avg latency: 836.753295 ns
not implemented
2669.751330,7.739431,836.753295
[PASSED]
[time 4.30 s, user 4.11 s, sys 0.17 s, maxrss 229344 KB]
[busy 440 jiffies]
[exit 0]
--- c2 case 7 rec 0   load 1.14 0.97 0.84
[TEST ART]
Processing dataset...
Done!
Building trie...
Done!
build time: 281.102954 ms (281.102954 ns per key)
space cost: 35.506813 MB (63.798457% of original size 55.654658 MB)
Querying trie...
Done!
total time: 603.259207 ms, avg latency: 603.259207 ns
not implemented
281.102954,35.506813,603.259207
[PASSED]
[time 1.70 s, user 1.53 s, sys 0.16 s, maxrss 310972 KB]
[busy 177 jiffies]
[exit 0]
--- c2 case 8 rec 0   load 1.14 0.97 0.84
[TEST CART]
Processing dataset...
Done!
Building trie...
Done!
build time: 339.475213 ms (339.475213 ns per key)
space cost: 18.037062 MB (32.408898% of original size 55.654658 MB)
Querying trie...
Done!
total time: 652.774375 ms, avg latency: 652.774375 ns
not implemented
339.475213,18.037062,652.774375
[PASSED]
[time 1.83 s, user 1.67 s, sys 0.14 s, maxrss 300496 KB]
[busy 186 jiffies]
[exit 0]
--- xcdat 7   load 1.12 0.97 0.84
build time: 948.966045 ms
space cost: 14.567592 MiB (26.174973% of original size 55.654658 MiB)
avg latency: 471.258846 ns
948.966045,14.567592,471.258846
[time 2.22 s, user 2.04 s, sys 0.17 s, maxrss 233924 KB]
[busy 228 jiffies]
[exit 0]
--- xcdat 8   load 1.03 0.95 0.83
build time: 899.059251 ms
space cost: 14.422580 MiB (25.914416% of original size 55.654658 MiB)
avg latency: 473.004999 ns
899.059251,14.422580,473.004999
[time 2.16 s, user 1.99 s, sys 0.16 s, maxrss 234060 KB]
[busy 220 jiffies]
[exit 0]
--- xcdat 15   load 1.03 0.95 0.83
build time: 943.009597 ms
space cost: 18.773955 MiB (33.732945% of original size 55.654658 MiB)
avg latency: 437.821765 ns
943.009597,18.773955,437.821765
[time 2.18 s, user 1.99 s, sys 0.18 s, maxrss 237564 KB]
[busy 222 jiffies]
[exit 0]
--- xcdat 16   load 1.03 0.95 0.84
build time: 889.032340 ms
space cost: 19.772616 MiB (35.527334% of original size 55.654658 MiB)
avg latency: 463.621077 ns
889.032340,19.772616,463.621077
[time 2.15 s, user 1.95 s, sys 0.19 s, maxrss 237368 KB]
[busy 221 jiffies]
[exit 0]

##### pypi-full (895600 lines, 12836944 bytes)   round 3/3   2026-09-25T09:15:36+03:00
--- lexindex dict32   load 1.03 0.95 0.84
895600 keys
lexindex DictIndex block 32: build 170 ms, size 3.820 MiB (4.472 B/key), latency cold 299.9 ns, then mean 294.0 / min 292.5 ns
169.547,3.819597,299.876
[time 1.64 s, user 2.58 s, sys 0.16 s, maxrss 206340 KB]
[busy 282 jiffies]
[exit 0]
--- lexindex dict256   load 1.03 0.95 0.84
895600 keys
lexindex DictIndex block 256: build 177 ms, size 3.556 MiB (4.163 B/key), latency cold 310.3 ns, then mean 303.3 / min 300.5 ns
176.820,3.555855,310.293
[time 1.69 s, user 2.65 s, sys 0.17 s, maxrss 206392 KB]
[busy 289 jiffies]
[exit 0]
--- lexindex dict1024   load 0.95 0.94 0.83
895600 keys
lexindex DictIndex block 1024: build 194 ms, size 3.437 MiB (4.024 B/key), latency cold 376.4 ns, then mean 373.8 / min 372.7 ns
193.915,3.436601,376.435
[time 1.94 s, user 2.54 s, sys 0.12 s, maxrss 188652 KB]
[busy 272 jiffies]
[exit 0]
--- lexindex routed32   load 0.95 0.94 0.83
895600 keys
lexindex DictIndex block 32 routed: build 172 ms, size 4.247 MiB (4.972 B/key), latency cold 268.1 ns, then mean 258.1 / min 254.3 ns
171.895,4.246660,268.149
[time 1.52 s, user 2.46 s, sys 0.17 s, maxrss 206792 KB]
[busy 274 jiffies]
[exit 0]
--- lexindex routed256   load 0.87 0.92 0.83
895600 keys
lexindex DictIndex block 256 routed: build 178 ms, size 3.983 MiB (4.663 B/key), latency cold 246.1 ns, then mean 230.9 / min 229.6 ns
178.196,3.982979,246.068
[time 1.44 s, user 2.40 s, sys 0.17 s, maxrss 207588 KB]
[busy 263 jiffies]
[exit 0]
--- lexindex routed1024   load 0.87 0.92 0.83
895600 keys
lexindex DictIndex block 1024 routed: build 195 ms, size 3.650 MiB (4.274 B/key), latency cold 277.3 ns, then mean 265.3 / min 264.2 ns
195.206,3.650224,277.278
[time 1.57 s, user 2.16 s, sys 0.12 s, maxrss 188364 KB]
[busy 237 jiffies]
[exit 0]
--- lexindex string   load 0.80 0.91 0.82
895600 keys
lexindex StringIndex: build 463 ms, size 8.534 MiB (9.992 B/key), latency cold 212.8 ns, then mean 206.7 / min 204.6 ns
463.215,8.534456,212.819
[time 1.61 s, user 1.53 s, sys 0.07 s, maxrss 123372 KB]
[busy 164 jiffies]
[exit 0]
--- lexindex hashed0   load 0.80 0.91 0.82
895600 keys
lexindex HashedDictIndex closed: build 260 ms, size 5.897 MiB (6.904 B/key), latency cold 27.4 ns, then mean 19.5 / min 18.9 ns
260.410,5.897046,27.388
[time 0.75 s, user 1.77 s, sys 0.16 s, maxrss 214032 KB]
[busy 199 jiffies]
[exit 0]
--- lexindex hashed8   load 0.74 0.89 0.82
895600 keys
lexindex HashedDictIndex fp=8: build 258 ms, size 6.751 MiB (7.904 B/key), latency cold 32.2 ns, then mean 22.8 / min 22.5 ns
258.339,6.751157,32.238
[time 0.76 s, user 1.75 s, sys 0.17 s, maxrss 214668 KB]
[busy 199 jiffies]
[exit 0]
--- lexindex hashed16   load 0.74 0.89 0.82
895600 keys
lexindex HashedDictIndex fp=16: build 257 ms, size 7.605 MiB (8.904 B/key), latency cold 33.3 ns, then mean 24.3 / min 23.5 ns
257.197,7.605268,33.299
[time 0.77 s, user 1.75 s, sys 0.18 s, maxrss 216412 KB]
[busy 198 jiffies]
[exit 0]
--- lexindex da   load 0.74 0.89 0.82
895600 keys
lexindex DoubleArrayIndex: build 2158 ms, size 41.584 MiB (48.687 B/key), latency cold 466.7 ns, then mean 442.2 / min 440.5 ns
2158.138,41.583891,466.742
[time 4.17 s, user 3.99 s, sys 0.16 s, maxrss 209740 KB]
[busy 426 jiffies]
[exit 0]
--- c2 case 0 rec 0   load 0.76 0.89 0.82
[TEST C2-FST]
Processing dataset...
Done!
Building trie...
Done!
build time: 396.593896 ms (442.824806 ns per key)
space cost: 5.600983 MB (49.182538% of original size 11.388153 MB)
Querying trie...
Done!
total time: 318.676481 ms, avg latency: 355.824566 ns
topology: 0.856544 MB, link: 1.156816 MB, data: 3.587623 MB
--- Unary Path Analysis (FST, cutoff=4) ---
  shared unary steps in main trie: 346869
  terminal suffixes: inplace=290212 (avg len=1.99)  links=407890 (58.4% of terminal)
  link len: avg=7.08  max=176  total_chars=2886275
  link length distribution (len:count):  4:75217  5:66403  6:54145  7:41199  8:34065  9:27491  10:20897  11:17025  12:14758  13:12079  14:9477  15:7348  16:5933  17:4527  18:3618  19:2821  20:2157  21:1675  22:1346  23:1100  24:876  25:726  26:556  27:430  28:362  29:398  30:314  31:175  32:150  33:104  34:105  35:76  36:46  37:52  38:48  39:27  40:25  41:13  42:21  43:16  44:7  45:10  46:6  47:5  48:10  49:1  50:4  51:5  52:2  53:2  54:2  55:1  56:5  57:3  60:2  62:2  63:1  64:3  65:2  67:1  68:3  71:1  75:1  77:2  82:1  86:1  99:2  106:1  113:1  153:1  177:1
396.593896,5.600983,355.824566
[PASSED]
[time 1.11 s, user 1.02 s, sys 0.08 s, maxrss 130060 KB]
[busy 113 jiffies]
[exit 0]
--- c2 case 0 rec 1   load 0.70 0.88 0.81
[TEST C2-FST]
Processing dataset...
Done!
Building trie...
trie size: 1.308683 MB
Done!
build time: 456.118162 ms (509.287809 ns per key)
space cost: 5.164801 MB (45.352399% of original size 11.388153 MB)
Querying trie...
Done!
total time: 355.829960 ms, avg latency: 397.309022 ns
topology: 0.984890 MB, link: 1.153795 MB, data: 3.026115 MB
--- Unary Path Analysis (FST, cutoff=4) ---
  shared unary steps in main trie: 346869
  terminal suffixes: inplace=290212 (avg len=1.99)  links=407890 (58.4% of terminal)
  link len: avg=7.08  max=176  total_chars=2886275
  link length distribution (len:count):  4:75217  5:66403  6:54145  7:41199  8:34065  9:27491  10:20897  11:17025  12:14758  13:12079  14:9477  15:7348  16:5933  17:4527  18:3618  19:2821  20:2157  21:1675  22:1346  23:1100  24:876  25:726  26:556  27:430  28:362  29:398  30:314  31:175  32:150  33:104  34:105  35:76  36:46  37:52  38:48  39:27  40:25  41:13  42:21  43:16  44:7  45:10  46:6  47:5  48:10  49:1  50:4  51:5  52:2  53:2  54:2  55:1  56:5  57:3  60:2  62:2  63:1  64:3  65:2  67:1  68:3  71:1  75:1  77:2  82:1  86:1  99:2  106:1  113:1  153:1  177:1
456.118162,5.164801,397.309022
[PASSED]
[time 1.20 s, user 1.10 s, sys 0.09 s, maxrss 130364 KB]
[busy 121 jiffies]
[exit 0]
--- c2 case 0 rec 2   load 0.70 0.88 0.81
[TEST C2-FST]
Processing dataset...
Done!
Building trie...
trie size: 1.308683 MB
trie size: 0.188839 MB
Done!
build time: 470.014597 ms (524.804150 ns per key)
space cost: 5.164801 MB (45.352399% of original size 11.388153 MB)
Querying trie...
Done!
total time: 357.120386 ms, avg latency: 398.749873 ns
topology: 0.984890 MB, link: 1.153795 MB, data: 3.026115 MB
--- Unary Path Analysis (FST, cutoff=4) ---
  shared unary steps in main trie: 346869
  terminal suffixes: inplace=290212 (avg len=1.99)  links=407890 (58.4% of terminal)
  link len: avg=7.08  max=176  total_chars=2886275
  link length distribution (len:count):  4:75217  5:66403  6:54145  7:41199  8:34065  9:27491  10:20897  11:17025  12:14758  13:12079  14:9477  15:7348  16:5933  17:4527  18:3618  19:2821  20:2157  21:1675  22:1346  23:1100  24:876  25:726  26:556  27:430  28:362  29:398  30:314  31:175  32:150  33:104  34:105  35:76  36:46  37:52  38:48  39:27  40:25  41:13  42:21  43:16  44:7  45:10  46:6  47:5  48:10  49:1  50:4  51:5  52:2  53:2  54:2  55:1  56:5  57:3  60:2  62:2  63:1  64:3  65:2  67:1  68:3  71:1  75:1  77:2  82:1  86:1  99:2  106:1  113:1  153:1  177:1
470.014597,5.164801,398.749873
[PASSED]
[time 1.23 s, user 1.14 s, sys 0.08 s, maxrss 130268 KB]
[busy 126 jiffies]
[exit 0]
--- c2 case 1 rec 0   load 0.64 0.86 0.81
[TEST C2-CoCo(LOUDS-Sparse)]
Processing dataset...
Done!
Building trie...
Done!
build time: 1177.604966 ms (1314.878256 ns per key)
space cost: 5.931293 MB (52.083012% of original size 11.388153 MB)
Querying trie...
Done!
total time: 474.826213 ms, avg latency: 530.176656 ns
topology: 0.367439 MB, link: 1.827341 MB, data: 3.736513 MB
1177.604966,5.931293,530.176656
[PASSED]
[time 2.03 s, user 1.89 s, sys 0.12 s, maxrss 253036 KB]
[busy 206 jiffies]
[exit 0]
--- c2 case 1 rec 1   load 0.64 0.86 0.81
[TEST C2-CoCo(LOUDS-Sparse)]
Processing dataset...
Done!
Building trie...
trie size: 1.308683 MB
Done!
build time: 1241.443612 ms (1386.158566 ns per key)
space cost: 5.495111 MB (48.252874% of original size 11.388153 MB)
Querying trie...
Done!
total time: 515.909148 ms, avg latency: 576.048624 ns
topology: 0.495785 MB, link: 1.824321 MB, data: 3.175006 MB
1241.443612,5.495111,576.048624
[PASSED]
[time 2.15 s, user 2.02 s, sys 0.12 s, maxrss 253240 KB]
[busy 221 jiffies]
[exit 0]
--- c2 case 1 rec 2   load 0.67 0.86 0.81
[TEST C2-CoCo(LOUDS-Sparse)]
Processing dataset...
Done!
Building trie...
trie size: 1.308683 MB
trie size: 0.188839 MB
Done!
build time: 1258.755609 ms (1405.488621 ns per key)
space cost: 5.495111 MB (48.252874% of original size 11.388153 MB)
Querying trie...
Done!
total time: 514.681080 ms, avg latency: 574.677401 ns
topology: 0.495785 MB, link: 1.824321 MB, data: 3.175006 MB
1258.755609,5.495111,574.677401
[PASSED]
[time 2.16 s, user 2.02 s, sys 0.13 s, maxrss 253268 KB]
[busy 220 jiffies]
[exit 0]
--- c2 case 2 rec 0   load 0.67 0.86 0.81
[TEST C2-MARISA]
Processing dataset...
Done!
Building trie...
trie size: 2.048235 MB
Done!
build time: 485.244649 ms (541.809568 ns per key)
space cost: 5.176098 MB (45.451601% of original size 11.388153 MB)
Querying trie...
Done!
total time: 231.926983 ms, avg latency: 258.962688 ns
topology: 0.677906 MB, link: 1.695078 MB, data: 2.782606 MB
--- Unary Path Analysis (Marisa, cutoff=3) ---
  branches: 1299053  |  single-char: 486988 (37.5%)  short-unary: 135839 (10.5%)  links: 676226 (52.1%)
  link len: avg=7.04  max=178  total_chars=4759844
  link length distribution (len:count):  3:129138  4:106899  5:84856  6:73131  7:58892  8:44392  9:36260  10:29010  11:21889  12:17780  13:15419  14:12564  15:9815  16:7584  17:6145  18:4698  19:3717  20:2895  21:2218  22:1723  23:1373  24:1124  25:897  26:746  27:568  28:440  29:369  30:404  31:318  32:179  33:153  34:107  35:105  36:76  37:46  38:54  39:48  40:27  41:26  42:13  43:21  44:16  45:7  46:10  47:6  48:5  49:10  50:2  51:4  52:5  53:2  54:2  55:2  56:1  57:5  58:3  61:2  63:2  64:1  65:3  66:2  68:2  69:3  72:1  76:1  78:2  83:1  87:1  100:2  107:1  114:1  154:1  178:1
  short unary avg len: 2.00
485.244649,5.176098,258.962688
[PASSED]
[time 1.09 s, user 0.98 s, sys 0.10 s, maxrss 159736 KB]
[busy 112 jiffies]
[exit 0]
--- c2 case 2 rec 1   load 0.70 0.87 0.81
[TEST C2-MARISA]
Processing dataset...
Done!
Building trie...
trie size: 2.048235 MB
trie size: 2.033304 MB
Done!
build time: 574.239650 ms (641.178707 ns per key)
space cost: 4.556563 MB (40.011434% of original size 11.388153 MB)
Querying trie...
Done!
total time: 288.891576 ms, avg latency: 322.567637 ns
topology: 0.845192 MB, link: 1.658626 MB, data: 2.032238 MB
--- Unary Path Analysis (Marisa, cutoff=3) ---
  branches: 1299053  |  single-char: 486988 (37.5%)  short-unary: 135839 (10.5%)  links: 676226 (52.1%)
  link len: avg=7.04  max=178  total_chars=4759844
  link length distribution (len:count):  3:129138  4:106899  5:84856  6:73131  7:58892  8:44392  9:36260  10:29010  11:21889  12:17780  13:15419  14:12564  15:9815  16:7584  17:6145  18:4698  19:3717  20:2895  21:2218  22:1723  23:1373  24:1124  25:897  26:746  27:568  28:440  29:369  30:404  31:318  32:179  33:153  34:107  35:105  36:76  37:46  38:54  39:48  40:27  41:26  42:13  43:21  44:16  45:7  46:10  47:6  48:5  49:10  50:2  51:4  52:5  53:2  54:2  55:2  56:1  57:5  58:3  61:2  63:2  64:1  65:3  66:2  68:2  69:3  72:1  76:1  78:2  83:1  87:1  100:2  107:1  114:1  154:1  178:1
  short unary avg len: 2.00
574.239650,4.556563,322.567637
[PASSED]
[time 1.25 s, user 1.15 s, sys 0.09 s, maxrss 159808 KB]
[busy 127 jiffies]
[exit 0]
--- c2 case 2 rec 2   load 0.70 0.87 0.81
[TEST C2-MARISA]
Processing dataset...
Done!
Building trie...
trie size: 2.048235 MB
trie size: 2.033304 MB
trie size: 0.241896 MB
Done!
build time: 587.712549 ms (656.222140 ns per key)
space cost: 4.556563 MB (40.011434% of original size 11.388153 MB)
Querying trie...
Done!
total time: 290.579179 ms, avg latency: 324.451964 ns
topology: 0.845192 MB, link: 1.658626 MB, data: 2.032238 MB
--- Unary Path Analysis (Marisa, cutoff=3) ---
  branches: 1299053  |  single-char: 486988 (37.5%)  short-unary: 135839 (10.5%)  links: 676226 (52.1%)
  link len: avg=7.04  max=178  total_chars=4759844
  link length distribution (len:count):  3:129138  4:106899  5:84856  6:73131  7:58892  8:44392  9:36260  10:29010  11:21889  12:17780  13:15419  14:12564  15:9815  16:7584  17:6145  18:4698  19:3717  20:2895  21:2218  22:1723  23:1373  24:1124  25:897  26:746  27:568  28:440  29:369  30:404  31:318  32:179  33:153  34:107  35:105  36:76  37:46  38:54  39:48  40:27  41:26  42:13  43:21  44:16  45:7  46:10  47:6  48:5  49:10  50:2  51:4  52:5  53:2  54:2  55:2  56:1  57:5  58:3  61:2  63:2  64:1  65:3  66:2  68:2  69:3  72:1  76:1  78:2  83:1  87:1  100:2  107:1  114:1  154:1  178:1
  short unary avg len: 2.00
587.712549,4.556563,324.451964
[PASSED]
[time 1.27 s, user 1.17 s, sys 0.09 s, maxrss 159768 KB]
[busy 128 jiffies]
[exit 0]
--- c2 case 3 rec 0   load 0.72 0.87 0.81
[TEST FST]
Processing dataset...
Done!
Building trie...
Done!
build time: 506.143349 ms (565.144427 ns per key)
space cost: 5.913843 MB (51.929783% of original size 11.388153 MB)
Querying trie...
Done!
total time: 484.304472 ms, avg latency: 540.759795 ns
not implemented
506.143349,5.913843,540.759795
[PASSED]
[time 1.38 s, user 1.31 s, sys 0.06 s, maxrss 87128 KB]
[busy 143 jiffies]
[exit 0]
--- c2 case 4 rec 0   load 0.72 0.87 0.81
[TEST COCO]
Processing dataset...
Done!
Building trie...
num nodes = 377711, average depth = 5.232855
ef = 0.000439, pa = 0.203121, bv = 0.001033, de = 0.703067
efr = 0.002123, par = 0.078563, bvr = 0.000029, der = 0.011625
Done!
build time: 7610.671032 ms (8497.846172 ns per key)
space cost: 7.712429 MB (67.723262% of original size 11.388153 MB)
Querying trie...
Done!
total time: 427.800134 ms, avg latency: 477.668752 ns
not implemented
7610.671032,7.712429,477.668752
[PASSED]
[time 8.70 s, user 6.84 s, sys 1.82 s, maxrss 4372324 KB]
[busy 887 jiffies]
[exit 0]
--- c2 case 5 rec 0   load 0.76 0.87 0.82
[TEST MARISA]
Processing dataset...
Done!
Building trie...
Done!
build time: 374.882458 ms (418.582468 ns per key)
space cost: 5.346809 MB (46.950628% of original size 11.388153 MB)
Querying trie...
Done!
total time: 339.952190 ms, avg latency: 379.580382 ns
not implemented
374.882458,5.346809,379.580382
[PASSED]
[time 1.10 s, user 1.01 s, sys 0.08 s, maxrss 132720 KB]
[busy 114 jiffies]
[exit 0]
--- c2 case 5 rec 1   load 0.70 0.86 0.81
[TEST MARISA]
Processing dataset...
Done!
Building trie...
Done!
build time: 435.071674 ms (485.787934 ns per key)
space cost: 4.061914 MB (35.667895% of original size 11.388153 MB)
Querying trie...
Done!
total time: 453.136255 ms, avg latency: 505.958302 ns
not implemented
435.071674,4.061914,505.958302
[PASSED]
[time 1.27 s, user 1.20 s, sys 0.07 s, maxrss 132560 KB]
[busy 132 jiffies]
[exit 0]
--- c2 case 5 rec 2   load 0.70 0.86 0.81
[TEST MARISA]
Processing dataset...
Done!
Building trie...
Done!
build time: 440.753035 ms (492.131571 ns per key)
space cost: 3.852798 MB (33.831627% of original size 11.388153 MB)
Querying trie...
Done!
total time: 480.237586 ms, avg latency: 536.218832 ns
not implemented
440.753035,3.852798,536.218832
[PASSED]
[time 1.29 s, user 1.21 s, sys 0.07 s, maxrss 132832 KB]
[busy 131 jiffies]
[exit 0]
--- c2 case 6 rec 0   load 0.65 0.85 0.81
[TEST PDT]
Processing dataset...
Done!
Building trie...
dict size: 158882, stream size: 3197544
Done!
build time: 1534.052627 ms (1712.876984 ns per key)
space cost: 4.343886 MB (38.143906% of original size 11.388153 MB)
Querying trie...
Done!
total time: 463.190377 ms, avg latency: 517.184432 ns
not implemented
1534.052627,4.343886,517.184432
[PASSED]
[time 2.40 s, user 2.30 s, sys 0.08 s, maxrss 139444 KB]
[busy 244 jiffies]
[exit 0]
--- c2 case 7 rec 0   load 0.65 0.85 0.81
[TEST ART]
Processing dataset...
Done!
Building trie...
Done!
build time: 96.193334 ms (107.406581 ns per key)
space cost: 28.831062 MB (253.167148% of original size 11.388153 MB)
Querying trie...
Done!
total time: 257.397797 ms, avg latency: 287.402632 ns
not implemented
96.193334,28.831062,287.402632
[PASSED]
[time 0.75 s, user 0.69 s, sys 0.05 s, maxrss 124648 KB]
[busy 76 jiffies]
[exit 0]
--- c2 case 8 rec 0   load 0.59 0.83 0.80
[TEST CART]
Processing dataset...
Done!
Building trie...
Done!
build time: 139.782822 ms (156.077291 ns per key)
space cost: 12.769355 MB (112.128409% of original size 11.388153 MB)
Querying trie...
Done!
total time: 315.105909 ms, avg latency: 351.837772 ns
not implemented
139.782822,12.769355,351.837772
[PASSED]
[time 0.86 s, user 0.80 s, sys 0.06 s, maxrss 121844 KB]
[busy 88 jiffies]
[exit 0]
--- xcdat 7   load 0.59 0.83 0.80
build time: 371.857481 ms
space cost: 7.492425 MiB (65.791397% of original size 11.388153 MiB)
avg latency: 167.657279 ns
371.857481,7.492425,167.657279
[time 0.92 s, user 0.84 s, sys 0.07 s, maxrss 125564 KB]
[busy 95 jiffies]
[exit 0]
--- xcdat 8   load 0.59 0.83 0.80
build time: 349.781559 ms
space cost: 7.110240 MiB (62.435409% of original size 11.388153 MiB)
avg latency: 164.983930 ns
349.781559,7.110240,164.983930
[time 0.90 s, user 0.81 s, sys 0.08 s, maxrss 125496 KB]
[busy 92 jiffies]
[exit 0]
--- xcdat 15   load 0.63 0.83 0.81
build time: 368.286278 ms
space cost: 8.468211 MiB (74.359829% of original size 11.388153 MiB)
avg latency: 133.867314 ns
368.286278,8.468211,133.867314
[time 0.89 s, user 0.80 s, sys 0.08 s, maxrss 125740 KB]
[busy 93 jiffies]
[exit 0]
--- xcdat 16   load 0.63 0.83 0.81
build time: 350.670560 ms
space cost: 8.846028 MiB (77.677462% of original size 11.388153 MiB)
avg latency: 138.610822 ns
350.670560,8.846028,138.610822
[time 0.88 s, user 0.79 s, sys 0.08 s, maxrss 125336 KB]
[busy 89 jiffies]
[exit 0]

##### titles-en-1000000 (1000000 lines, 21984647 bytes)   round 3/3   2026-09-25T09:17:02+03:00
--- lexindex dict32   load 0.58 0.82 0.80
1000000 keys
lexindex DictIndex block 32: build 400 ms, size 7.447 MiB (7.809 B/key), latency cold 367.9 ns, then mean 363.9 / min 362.1 ns
400.131,7.446899,367.861
[time 2.36 s, user 4.94 s, sys 0.43 s, maxrss 274276 KB]
[busy 547 jiffies]
[exit 0]
--- lexindex dict256   load 0.58 0.82 0.80
1000000 keys
lexindex DictIndex block 256: build 412 ms, size 7.029 MiB (7.370 B/key), latency cold 389.6 ns, then mean 383.9 / min 382.1 ns
412.381,7.028672,389.598
[time 2.44 s, user 5.09 s, sys 0.41 s, maxrss 274292 KB]
[busy 563 jiffies]
[exit 0]
--- lexindex dict1024   load 0.61 0.82 0.80
1000000 keys
lexindex DictIndex block 1024: build 434 ms, size 6.878 MiB (7.212 B/key), latency cold 447.3 ns, then mean 440.8 / min 439.6 ns
433.657,6.877800,447.345
[time 2.69 s, user 4.29 s, sys 0.32 s, maxrss 281216 KB]
[busy 471 jiffies]
[exit 0]
--- lexindex routed32   load 0.56 0.81 0.80
1000000 keys
lexindex DictIndex block 32 routed: build 404 ms, size 7.924 MiB (8.309 B/key), latency cold 349.5 ns, then mean 340.5 / min 338.4 ns
404.246,7.923737,349.528
[time 2.27 s, user 4.85 s, sys 0.42 s, maxrss 274716 KB]
[busy 540 jiffies]
[exit 0]
--- lexindex routed256   load 0.56 0.81 0.80
1000000 keys
lexindex DictIndex block 256 routed: build 417 ms, size 7.506 MiB (7.870 B/key), latency cold 323.1 ns, then mean 313.0 / min 310.0 ns
416.675,7.505601,323.090
[time 2.18 s, user 4.81 s, sys 0.42 s, maxrss 275028 KB]
[busy 533 jiffies]
[exit 0]
--- lexindex routed1024   load 0.60 0.81 0.80
1000000 keys
lexindex DictIndex block 1024 routed: build 438 ms, size 7.116 MiB (7.462 B/key), latency cold 347.0 ns, then mean 340.7 / min 339.8 ns
437.880,7.116325,347.007
[time 2.30 s, user 3.91 s, sys 0.30 s, maxrss 278448 KB]
[busy 433 jiffies]
[exit 0]
--- lexindex string   load 0.55 0.80 0.79
1000000 keys
lexindex StringIndex: build 972 ms, size 16.482 MiB (17.283 B/key), latency cold 329.4 ns, then mean 326.5 / min 323.8 ns
971.722,16.482312,329.412
[time 2.75 s, user 2.66 s, sys 0.08 s, maxrss 164112 KB]
[busy 278 jiffies]
[exit 0]
--- lexindex hashed0   load 0.55 0.80 0.79
1000000 keys
lexindex HashedDictIndex closed: build 514 ms, size 9.642 MiB (10.110 B/key), latency cold 41.4 ns, then mean 39.6 / min 38.6 ns
513.788,9.642032,41.394
[time 1.17 s, user 3.79 s, sys 0.44 s, maxrss 275676 KB]
[busy 433 jiffies]
[exit 0]
--- lexindex hashed8   load 0.58 0.80 0.80
1000000 keys
lexindex HashedDictIndex fp=8: build 515 ms, size 10.596 MiB (11.110 B/key), latency cold 49.0 ns, then mean 46.6 / min 45.9 ns
514.631,10.595706,48.987
[time 1.19 s, user 3.83 s, sys 0.42 s, maxrss 278080 KB]
[busy 435 jiffies]
[exit 0]
--- lexindex hashed16   load 0.58 0.80 0.80
1000000 keys
lexindex HashedDictIndex fp=16: build 520 ms, size 11.549 MiB (12.110 B/key), latency cold 49.9 ns, then mean 46.8 / min 46.4 ns
520.033,11.549380,49.905
[time 1.20 s, user 3.92 s, sys 0.42 s, maxrss 279416 KB]
[busy 442 jiffies]
[exit 0]
--- lexindex da   skipped: exit 3 in round 1
--- c2 case 0 rec 0   load 0.54 0.79 0.79
[TEST C2-FST]
Processing dataset...
Done!
Building trie...
Done!
build time: 1027.774405 ms (1027.774405 ns per key)
space cost: 11.326162 MB (56.595386% of original size 20.012519 MB)
Querying trie...
Done!
total time: 481.951547 ms, avg latency: 481.951547 ns
topology: 1.047974 MB, link: 2.330659 MB, data: 7.947530 MB
--- Unary Path Analysis (FST, cutoff=4) ---
  shared unary steps in main trie: 632648
  terminal suffixes: inplace=148307 (avg len=2.14)  links=794871 (84.3% of terminal)
  link len: avg=12.03  max=232  total_chars=9558452
  link length distribution (len:count):  4:67686  5:69275  6:65423  7:58787  8:51921  9:47544  10:42795  11:38054  12:34227  13:30736  14:30694  15:28260  16:25308  17:22807  18:19264  19:17586  20:15912  21:14224  22:12066  23:10759  24:9477  25:8347  26:7925  27:7112  28:6113  29:5746  30:5072  31:4462  32:3927  33:3658  34:3228  35:2847  36:2644  37:2353  38:2038  39:1870  40:1644  41:1489  42:1315  43:1143  44:928  45:846  46:722  47:679  48:610  49:543  50:459  51:451  52:342  53:339  54:284  55:273  56:239  57:215  58:214  59:177  60:158  61:140  62:127  63:109  64:95  65:79  66:80  67:78  68:75  69:69  70:68  71:54  72:51  73:42  74:46  75:42  76:35  77:41  78:38  79:39  80:21  81:18  82:21  83:19  84:14  85:18  86:14  87:15  88:11  89:14  90:13  91:7  92:5  93:8  94:7  95:5  96:8  97:8  98:5  99:7  100:11  101:5  102:6  103:3  104:3  105:3  106:5  107:4  108:5  109:1  110:2  111:6  112:1  113:1  114:1  115:4  116:1  118:1  119:2  121:2  123:2  125:1  126:1  128:1  129:1  131:1  132:2  134:1  135:1  136:1  137:3  138:1  139:1  141:2  145:1  152:1  154:1  156:1  159:3  165:1  168:1  174:1  175:1  179:1  181:1  199:1  201:1  202:1  204:1  207:1  216:1  217:1  219:1  233:1
1027.774405,11.326162,481.951547
[PASSED]
[time 2.06 s, user 1.92 s, sys 0.13 s, maxrss 185120 KB]
[busy 211 jiffies]
[exit 0]
--- c2 case 0 rec 1   load 0.54 0.79 0.79
[TEST C2-FST]
Processing dataset...
Done!
Building trie...
trie size: 3.096522 MB
Done!
build time: 1317.208849 ms (1317.208849 ns per key)
space cost: 9.522977 MB (47.585099% of original size 20.012519 MB)
Querying trie...
Done!
total time: 595.963248 ms, avg latency: 595.963248 ns
topology: 1.448536 MB, link: 2.515947 MB, data: 5.558494 MB
--- Unary Path Analysis (FST, cutoff=4) ---
  shared unary steps in main trie: 632648
  terminal suffixes: inplace=148307 (avg len=2.14)  links=794871 (84.3% of terminal)
  link len: avg=12.03  max=232  total_chars=9558452
  link length distribution (len:count):  4:67686  5:69275  6:65423  7:58787  8:51921  9:47544  10:42795  11:38054  12:34227  13:30736  14:30694  15:28260  16:25308  17:22807  18:19264  19:17586  20:15912  21:14224  22:12066  23:10759  24:9477  25:8347  26:7925  27:7112  28:6113  29:5746  30:5072  31:4462  32:3927  33:3658  34:3228  35:2847  36:2644  37:2353  38:2038  39:1870  40:1644  41:1489  42:1315  43:1143  44:928  45:846  46:722  47:679  48:610  49:543  50:459  51:451  52:342  53:339  54:284  55:273  56:239  57:215  58:214  59:177  60:158  61:140  62:127  63:109  64:95  65:79  66:80  67:78  68:75  69:69  70:68  71:54  72:51  73:42  74:46  75:42  76:35  77:41  78:38  79:39  80:21  81:18  82:21  83:19  84:14  85:18  86:14  87:15  88:11  89:14  90:13  91:7  92:5  93:8  94:7  95:5  96:8  97:8  98:5  99:7  100:11  101:5  102:6  103:3  104:3  105:3  106:5  107:4  108:5  109:1  110:2  111:6  112:1  113:1  114:1  115:4  116:1  118:1  119:2  121:2  123:2  125:1  126:1  128:1  129:1  131:1  132:2  134:1  135:1  136:1  137:3  138:1  139:1  141:2  145:1  152:1  154:1  156:1  159:3  165:1  168:1  174:1  175:1  179:1  181:1  199:1  201:1  202:1  204:1  207:1  216:1  217:1  219:1  233:1
1317.208849,9.522977,595.963248
[PASSED]
[time 2.48 s, user 2.32 s, sys 0.14 s, maxrss 181132 KB]
[busy 251 jiffies]
[exit 0]
--- c2 case 0 rec 2   load 0.58 0.79 0.79
[TEST C2-FST]
Processing dataset...
Done!
Building trie...
trie size: 3.096522 MB
trie size: 0.887704 MB
Done!
build time: 1439.452217 ms (1439.452217 ns per key)
space cost: 9.522977 MB (47.585099% of original size 20.012519 MB)
Querying trie...
Done!
total time: 597.077414 ms, avg latency: 597.077414 ns
topology: 1.448536 MB, link: 2.515947 MB, data: 5.558494 MB
--- Unary Path Analysis (FST, cutoff=4) ---
  shared unary steps in main trie: 632648
  terminal suffixes: inplace=148307 (avg len=2.14)  links=794871 (84.3% of terminal)
  link len: avg=12.03  max=232  total_chars=9558452
  link length distribution (len:count):  4:67686  5:69275  6:65423  7:58787  8:51921  9:47544  10:42795  11:38054  12:34227  13:30736  14:30694  15:28260  16:25308  17:22807  18:19264  19:17586  20:15912  21:14224  22:12066  23:10759  24:9477  25:8347  26:7925  27:7112  28:6113  29:5746  30:5072  31:4462  32:3927  33:3658  34:3228  35:2847  36:2644  37:2353  38:2038  39:1870  40:1644  41:1489  42:1315  43:1143  44:928  45:846  46:722  47:679  48:610  49:543  50:459  51:451  52:342  53:339  54:284  55:273  56:239  57:215  58:214  59:177  60:158  61:140  62:127  63:109  64:95  65:79  66:80  67:78  68:75  69:69  70:68  71:54  72:51  73:42  74:46  75:42  76:35  77:41  78:38  79:39  80:21  81:18  82:21  83:19  84:14  85:18  86:14  87:15  88:11  89:14  90:13  91:7  92:5  93:8  94:7  95:5  96:8  97:8  98:5  99:7  100:11  101:5  102:6  103:3  104:3  105:3  106:5  107:4  108:5  109:1  110:2  111:6  112:1  113:1  114:1  115:4  116:1  118:1  119:2  121:2  123:2  125:1  126:1  128:1  129:1  131:1  132:2  134:1  135:1  136:1  137:3  138:1  139:1  141:2  145:1  152:1  154:1  156:1  159:3  165:1  168:1  174:1  175:1  179:1  181:1  199:1  201:1  202:1  204:1  207:1  216:1  217:1  219:1  233:1
1439.452217,9.522977,597.077414
[PASSED]
[time 2.60 s, user 2.47 s, sys 0.12 s, maxrss 181012 KB]
[busy 265 jiffies]
[exit 0]
--- c2 case 1 rec 0   load 0.61 0.80 0.79
[TEST C2-CoCo(LOUDS-Sparse)]
Processing dataset...
Done!
Building trie...
Done!
build time: 2112.002031 ms (2112.002031 ns per key)
space cost: 12.265971 MB (61.291488% of original size 20.012519 MB)
Querying trie...
Done!
total time: 715.562807 ms, avg latency: 715.562807 ns
topology: 0.432648 MB, link: 3.282862 MB, data: 8.550461 MB
2112.002031,12.265971,715.562807
[PASSED]
[time 3.37 s, user 3.16 s, sys 0.19 s, maxrss 358064 KB]
[busy 343 jiffies]
[exit 0]
--- c2 case 1 rec 1   load 0.56 0.78 0.79
[TEST C2-CoCo(LOUDS-Sparse)]
Processing dataset...
Done!
Building trie...
trie size: 3.096522 MB
Done!
build time: 2413.147101 ms (2413.147101 ns per key)
space cost: 10.462785 MB (52.281201% of original size 20.012519 MB)
Querying trie...
Done!
total time: 837.880917 ms, avg latency: 837.880917 ns
topology: 0.833210 MB, link: 3.468150 MB, data: 6.161425 MB
2413.147101,10.462785,837.880917
[PASSED]
[time 3.82 s, user 3.61 s, sys 0.19 s, maxrss 345092 KB]
[busy 389 jiffies]
[exit 0]
--- c2 case 1 rec 2   load 0.52 0.77 0.79
[TEST C2-CoCo(LOUDS-Sparse)]
Processing dataset...
Done!
Building trie...
trie size: 3.096522 MB
trie size: 0.887704 MB
Done!
build time: 2522.804051 ms (2522.804051 ns per key)
space cost: 10.462785 MB (52.281201% of original size 20.012519 MB)
Querying trie...
Done!
total time: 836.243409 ms, avg latency: 836.243409 ns
topology: 0.833210 MB, link: 3.468150 MB, data: 6.161425 MB
2522.804051,10.462785,836.243409
[PASSED]
[time 3.93 s, user 3.70 s, sys 0.20 s, maxrss 345196 KB]
[busy 403 jiffies]
[exit 0]
--- c2 case 2 rec 0   load 0.47 0.76 0.78
[TEST C2-MARISA]
Processing dataset...
Done!
Building trie...
trie size: 2.238578 MB
Done!
build time: 1019.504135 ms (1019.504135 ns per key)
space cost: 10.766413 MB (53.798389% of original size 20.012519 MB)
Querying trie...
Done!
total time: 365.814734 ms, avg latency: 365.814734 ns
topology: 0.741383 MB, link: 2.768053 MB, data: 7.236469 MB
--- Unary Path Analysis (Marisa, cutoff=3) ---
  branches: 1523874  |  single-char: 417651 (27.4%)  short-unary: 97461 (6.4%)  links: 1008762 (66.2%)
  link len: avg=12.11  max=234  total_chars=12215333
  link length distribution (len:count):  3:76859  4:82017  5:81216  6:79010  7:72564  8:64127  9:55531  10:50303  11:44703  12:39548  13:35394  14:31778  15:31462  16:28952  17:25995  18:23521  19:19840  20:18044  21:16382  22:14569  23:12399  24:11015  25:9715  26:8556  27:8141  28:7267  29:6255  30:5853  31:5207  32:4578  33:4049  34:3736  35:3293  36:2910  37:2688  38:2423  39:2074  40:1908  41:1670  42:1511  43:1333  44:1158  45:939  46:855  47:728  48:689  49:615  50:544  51:465  52:457  53:344  54:344  55:284  56:276  57:242  58:216  59:216  60:177  61:159  62:140  63:127  64:109  65:95  66:79  67:80  68:79  69:75  70:69  71:69  72:55  73:51  74:42  75:46  76:42  77:35  78:41  79:38  80:39  81:21  82:18  83:21  84:19  85:14  86:18  87:14  88:15  89:11  90:14  91:13  92:7  93:5  94:8  95:7  96:5  97:9  98:8  99:5  100:7  101:11  102:5  103:6  104:3  105:3  106:3  107:5  108:4  109:5  110:1  111:2  112:6  113:1  114:1  115:1  116:4  117:1  119:1  120:2  122:2  124:2  126:1  127:1  129:1  130:1  132:1  133:2  135:1  136:1  137:1  138:3  139:1  140:1  142:2  146:1  153:1  155:1  157:1  160:3  166:1  169:1  175:1  176:1  180:1  182:1  200:1  202:1  203:1  205:1  208:1  217:1  218:1  220:1  234:1
  short unary avg len: 2.00
1019.504135,10.766413,365.814734
[PASSED]
[time 1.94 s, user 1.80 s, sys 0.13 s, maxrss 201552 KB]
[busy 198 jiffies]
[exit 0]
--- c2 case 2 rec 1   load 0.47 0.76 0.78
[TEST C2-MARISA]
Processing dataset...
Done!
Building trie...
trie size: 2.238578 MB
trie size: 3.821277 MB
Done!
build time: 1394.920709 ms (1394.920709 ns per key)
space cost: 8.586061 MB (42.903452% of original size 20.012519 MB)
Querying trie...
Done!
total time: 491.825124 ms, avg latency: 491.825124 ns
topology: 1.213478 MB, link: 2.963206 MB, data: 4.388869 MB
--- Unary Path Analysis (Marisa, cutoff=3) ---
  branches: 1523874  |  single-char: 417651 (27.4%)  short-unary: 97461 (6.4%)  links: 1008762 (66.2%)
  link len: avg=12.11  max=234  total_chars=12215333
  link length distribution (len:count):  3:76859  4:82017  5:81216  6:79010  7:72564  8:64127  9:55531  10:50303  11:44703  12:39548  13:35394  14:31778  15:31462  16:28952  17:25995  18:23521  19:19840  20:18044  21:16382  22:14569  23:12399  24:11015  25:9715  26:8556  27:8141  28:7267  29:6255  30:5853  31:5207  32:4578  33:4049  34:3736  35:3293  36:2910  37:2688  38:2423  39:2074  40:1908  41:1670  42:1511  43:1333  44:1158  45:939  46:855  47:728  48:689  49:615  50:544  51:465  52:457  53:344  54:344  55:284  56:276  57:242  58:216  59:216  60:177  61:159  62:140  63:127  64:109  65:95  66:79  67:80  68:79  69:75  70:69  71:69  72:55  73:51  74:42  75:46  76:42  77:35  78:41  79:38  80:39  81:21  82:18  83:21  84:19  85:14  86:18  87:14  88:15  89:11  90:14  91:13  92:7  93:5  94:8  95:7  96:5  97:9  98:8  99:5  100:7  101:11  102:5  103:6  104:3  105:3  106:3  107:5  108:4  109:5  110:1  111:2  112:6  113:1  114:1  115:1  116:4  117:1  119:1  120:2  122:2  124:2  126:1  127:1  129:1  130:1  132:1  133:2  135:1  136:1  137:1  138:3  139:1  140:1  142:2  146:1  153:1  155:1  157:1  160:3  166:1  169:1  175:1  176:1  180:1  182:1  200:1  202:1  203:1  205:1  208:1  217:1  218:1  220:1  234:1
  short unary avg len: 2.00
1394.920709,8.586061,491.825124
[PASSED]
[time 2.46 s, user 2.30 s, sys 0.14 s, maxrss 197144 KB]
[busy 252 jiffies]
[exit 0]
--- c2 case 2 rec 2   load 0.52 0.76 0.78
[TEST C2-MARISA]
Processing dataset...
Done!
Building trie...
trie size: 2.238578 MB
trie size: 3.821277 MB
trie size: 1.037524 MB
Done!
build time: 1549.324191 ms (1549.324191 ns per key)
space cost: 8.586061 MB (42.903452% of original size 20.012519 MB)
Querying trie...
Done!
total time: 492.133764 ms, avg latency: 492.133764 ns
topology: 1.213478 MB, link: 2.963206 MB, data: 4.388869 MB
--- Unary Path Analysis (Marisa, cutoff=3) ---
  branches: 1523874  |  single-char: 417651 (27.4%)  short-unary: 97461 (6.4%)  links: 1008762 (66.2%)
  link len: avg=12.11  max=234  total_chars=12215333
  link length distribution (len:count):  3:76859  4:82017  5:81216  6:79010  7:72564  8:64127  9:55531  10:50303  11:44703  12:39548  13:35394  14:31778  15:31462  16:28952  17:25995  18:23521  19:19840  20:18044  21:16382  22:14569  23:12399  24:11015  25:9715  26:8556  27:8141  28:7267  29:6255  30:5853  31:5207  32:4578  33:4049  34:3736  35:3293  36:2910  37:2688  38:2423  39:2074  40:1908  41:1670  42:1511  43:1333  44:1158  45:939  46:855  47:728  48:689  49:615  50:544  51:465  52:457  53:344  54:344  55:284  56:276  57:242  58:216  59:216  60:177  61:159  62:140  63:127  64:109  65:95  66:79  67:80  68:79  69:75  70:69  71:69  72:55  73:51  74:42  75:46  76:42  77:35  78:41  79:38  80:39  81:21  82:18  83:21  84:19  85:14  86:18  87:14  88:15  89:11  90:14  91:13  92:7  93:5  94:8  95:7  96:5  97:9  98:8  99:5  100:7  101:11  102:5  103:6  104:3  105:3  106:3  107:5  108:4  109:5  110:1  111:2  112:6  113:1  114:1  115:1  116:4  117:1  119:1  120:2  122:2  124:2  126:1  127:1  129:1  130:1  132:1  133:2  135:1  136:1  137:1  138:3  139:1  140:1  142:2  146:1  153:1  155:1  157:1  160:3  166:1  169:1  175:1  176:1  180:1  182:1  200:1  202:1  203:1  205:1  208:1  217:1  218:1  220:1  234:1
  short unary avg len: 2.00
1549.324191,8.586061,492.133764
[PASSED]
[time 2.61 s, user 2.44 s, sys 0.15 s, maxrss 197240 KB]
[busy 268 jiffies]
[exit 0]
--- c2 case 3 rec 0   load 0.47 0.75 0.78
[TEST FST]
Processing dataset...
Done!
Building trie...
Done!
build time: 788.817298 ms (788.817298 ns per key)
space cost: 12.223534 MB (61.079436% of original size 20.012519 MB)
Querying trie...
Done!
total time: 679.457969 ms, avg latency: 679.457969 ns
not implemented
788.817298,12.223534,679.457969
[PASSED]
[time 2.04 s, user 1.95 s, sys 0.08 s, maxrss 131224 KB]
[busy 211 jiffies]
[exit 0]
--- c2 case 4 rec 0   skipped: exit 134 in round 1
--- c2 case 5 rec 0   load 0.47 0.75 0.78
[TEST MARISA]
Processing dataset...
Done!
Building trie...
Done!
build time: 602.031475 ms (602.031475 ns per key)
space cost: 12.537066 MB (62.646119% of original size 20.012519 MB)
Querying trie...
Done!
total time: 496.726307 ms, avg latency: 496.726307 ns
not implemented
602.031475,12.537066,496.726307
[PASSED]
[time 1.66 s, user 1.52 s, sys 0.13 s, maxrss 195220 KB]
[busy 169 jiffies]
[exit 0]
--- c2 case 5 rec 1   load 0.52 0.75 0.78
[TEST MARISA]
Processing dataset...
Done!
Building trie...
Done!
build time: 771.726973 ms (771.726973 ns per key)
space cost: 8.680676 MB (43.376231% of original size 20.012519 MB)
Querying trie...
Done!
total time: 774.423501 ms, avg latency: 774.423501 ns
not implemented
771.726973,8.680676,774.423501
[PASSED]
[time 2.12 s, user 1.96 s, sys 0.14 s, maxrss 195332 KB]
[busy 218 jiffies]
[exit 0]
--- c2 case 5 rec 2   load 0.52 0.75 0.78
[TEST MARISA]
Processing dataset...
Done!
Building trie...
Done!
build time: 823.495936 ms (823.495936 ns per key)
space cost: 7.806685 MB (39.009010% of original size 20.012519 MB)
Querying trie...
Done!
total time: 891.517130 ms, avg latency: 891.517130 ns
not implemented
823.495936,7.806685,891.517130
[PASSED]
[time 2.28 s, user 2.14 s, sys 0.12 s, maxrss 195232 KB]
[busy 230 jiffies]
[exit 0]
--- c2 case 6 rec 0   load 0.56 0.76 0.78
[TEST PDT]
Processing dataset...
Done!
Building trie...
dict size: 157446, stream size: 7395682
Done!
build time: 3382.771425 ms (3382.771425 ns per key)
space cost: 8.479283 MB (42.369895% of original size 20.012519 MB)
Querying trie...
Done!
total time: 648.599743 ms, avg latency: 648.599743 ns
not implemented
3382.771425,8.479283,648.599743
[PASSED]
[time 4.62 s, user 4.42 s, sys 0.17 s, maxrss 256524 KB]
[busy 469 jiffies]
[exit 0]
--- c2 case 7 rec 0   load 0.59 0.76 0.78
[TEST ART]
Processing dataset...
Done!
Building trie...
Done!
build time: 162.114256 ms (162.114256 ns per key)
space cost: 32.696541 MB (163.380437% of original size 20.012519 MB)
Querying trie...
Done!
total time: 389.840007 ms, avg latency: 389.840007 ns
not implemented
162.114256,32.696541,389.840007
[PASSED]
[time 1.13 s, user 1.02 s, sys 0.10 s, maxrss 176488 KB]
[busy 117 jiffies]
[exit 0]
--- c2 case 8 rec 0   load 0.54 0.75 0.78
[TEST CART]
Processing dataset...
Done!
Building trie...
Done!
build time: 208.025829 ms (208.025829 ns per key)
space cost: 14.850546 MB (74.206280% of original size 20.012519 MB)
Querying trie...
Done!
total time: 443.119479 ms, avg latency: 443.119479 ns
not implemented
208.025829,14.850546,443.119479
[PASSED]
[time 1.22 s, user 1.13 s, sys 0.09 s, maxrss 163856 KB]
[busy 125 jiffies]
[exit 0]
--- xcdat 7   load 0.54 0.75 0.78
build time: 633.769055 ms
space cost: 14.813288 MiB (74.020106% of original size 20.012519 MiB)
avg latency: 260.416100 ns
633.769055,14.813288,260.416100
[time 1.48 s, user 1.38 s, sys 0.09 s, maxrss 161724 KB]
[busy 152 jiffies]
[exit 0]
--- xcdat 8   load 0.50 0.74 0.77
build time: 600.422151 ms
space cost: 14.333878 MiB (71.624555% of original size 20.012519 MiB)
avg latency: 255.878430 ns
600.422151,14.333878,255.878430
[time 1.44 s, user 1.33 s, sys 0.10 s, maxrss 161300 KB]
[busy 147 jiffies]
[exit 0]
--- xcdat 15   load 0.50 0.74 0.77
build time: 628.405693 ms
space cost: 16.333202 MiB (81.614925% of original size 20.012519 MiB)
avg latency: 238.221179 ns
628.405693,16.333202,238.221179
[time 1.45 s, user 1.35 s, sys 0.09 s, maxrss 163576 KB]
[busy 150 jiffies]
[exit 0]
--- xcdat 16   load 0.46 0.72 0.77
build time: 599.539030 ms
space cost: 16.875467 MiB (84.324554% of original size 20.012519 MiB)
avg latency: 254.373882 ns
599.539030,16.875467,254.373882
[time 1.44 s, user 1.32 s, sys 0.11 s, maxrss 164692 KB]
[busy 146 jiffies]
[exit 0]

##### titles-ru-1000000 (1000000 lines, 36819661 bytes)   round 3/3   2026-09-25T09:18:39+03:00
--- lexindex dict32   load 0.46 0.72 0.77
1000000 keys
lexindex DictIndex block 32: build 324 ms, size 6.963 MiB (7.302 B/key), latency cold 455.3 ns, then mean 444.9 / min 444.4 ns
323.854,6.963340,455.291
[time 2.69 s, user 4.91 s, sys 0.30 s, maxrss 302320 KB]
[busy 538 jiffies]
[exit 0]
--- lexindex dict256   load 0.50 0.73 0.77
1000000 keys
lexindex DictIndex block 256: build 344 ms, size 6.544 MiB (6.862 B/key), latency cold 475.9 ns, then mean 470.2 / min 467.5 ns
343.760,6.543816,475.944
[time 2.81 s, user 5.15 s, sys 0.34 s, maxrss 299264 KB]
[busy 561 jiffies]
[exit 0]
--- lexindex dict1024   load 0.46 0.72 0.77
1000000 keys
lexindex DictIndex block 1024: build 347 ms, size 6.388 MiB (6.698 B/key), latency cold 524.8 ns, then mean 522.3 / min 520.6 ns
346.977,6.387671,524.755
[time 3.01 s, user 4.50 s, sys 0.25 s, maxrss 301668 KB]
[busy 486 jiffies]
[exit 0]
--- lexindex routed32   load 0.46 0.72 0.77
1000000 keys
lexindex DictIndex block 32 routed: build 329 ms, size 7.440 MiB (7.802 B/key), latency cold 422.5 ns, then mean 419.6 / min 419.0 ns
328.690,7.440177,422.513
[time 2.58 s, user 4.84 s, sys 0.34 s, maxrss 302352 KB]
[busy 531 jiffies]
[exit 0]
--- lexindex routed256   load 0.51 0.72 0.77
1000000 keys
lexindex DictIndex block 256 routed: build 345 ms, size 7.021 MiB (7.362 B/key), latency cold 409.0 ns, then mean 399.6 / min 397.4 ns
344.940,7.020744,408.958
[time 2.53 s, user 4.90 s, sys 0.37 s, maxrss 299348 KB]
[busy 541 jiffies]
[exit 0]
--- lexindex routed1024   load 0.55 0.73 0.77
1000000 keys
lexindex DictIndex block 1024 routed: build 350 ms, size 6.626 MiB (6.948 B/key), latency cold 436.5 ns, then mean 437.3 / min 433.6 ns
349.809,6.626197,436.467
[time 2.68 s, user 4.14 s, sys 0.26 s, maxrss 303076 KB]
[busy 453 jiffies]
[exit 0]
--- lexindex string   load 0.55 0.73 0.77
1000000 keys
lexindex StringIndex: build 1470 ms, size 30.276 MiB (31.746 B/key), latency cold 556.0 ns, then mean 550.9 / min 548.3 ns
1469.845,30.275526,556.026
[time 4.25 s, user 4.12 s, sys 0.11 s, maxrss 213572 KB]
[busy 435 jiffies]
[exit 0]
--- lexindex hashed0   load 0.54 0.72 0.77
1000000 keys
lexindex HashedDictIndex closed: build 513 ms, size 9.157 MiB (9.602 B/key), latency cold 51.4 ns, then mean 50.5 / min 50.3 ns
513.463,9.157313,51.428
[time 1.29 s, user 3.69 s, sys 0.36 s, maxrss 302660 KB]
[busy 415 jiffies]
[exit 0]
--- lexindex hashed8   load 0.54 0.72 0.77
1000000 keys
lexindex HashedDictIndex fp=8: build 514 ms, size 10.111 MiB (10.602 B/key), latency cold 62.7 ns, then mean 60.5 / min 60.1 ns
514.335,10.110988,62.732
[time 1.34 s, user 3.78 s, sys 0.34 s, maxrss 305552 KB]
[busy 425 jiffies]
[exit 0]
--- lexindex hashed16   load 0.54 0.72 0.77
1000000 keys
lexindex HashedDictIndex fp=16: build 511 ms, size 11.065 MiB (11.602 B/key), latency cold 63.9 ns, then mean 60.9 / min 60.8 ns
511.234,11.064662,63.908
[time 1.33 s, user 3.76 s, sys 0.33 s, maxrss 305480 KB]
[busy 420 jiffies]
[exit 0]
--- lexindex da   skipped: exit 3 in round 1
--- c2 case 0 rec 0   load 0.57 0.72 0.77
[TEST C2-FST]
Processing dataset...
Done!
Building trie...
Done!
build time: 1278.434082 ms (1278.434082 ns per key)
space cost: 13.454716 MB (39.387006% of original size 34.160291 MB)
Querying trie...
Done!
total time: 723.523652 ms, avg latency: 723.523652 ns
topology: 1.316696 MB, link: 2.448647 MB, data: 9.689372 MB
--- Unary Path Analysis (FST, cutoff=4) ---
  shared unary steps in main trie: 1444849
  terminal suffixes: inplace=70261 (avg len=2.02)  links=837902 (92.3% of terminal)
  link len: avg=18.90  max=238  total_chars=15835418
  link length distribution (len:count):  4:38002  5:25136  6:46678  7:25626  8:51081  9:27061  10:49555  11:26346  12:44099  13:24737  14:35638  15:24081  16:29538  17:19279  18:25434  19:16078  20:16463  21:14405  22:12877  23:14367  24:11738  25:15079  26:11391  27:16946  28:11354  29:17411  30:12058  31:16873  32:11600  33:15555  34:11210  35:12790  36:9994  37:10106  38:7923  39:7962  40:6648  41:5829  42:4930  43:4945  44:3895  45:3528  46:3382  47:2749  48:2598  49:2269  50:2117  51:1901  52:1753  53:1665  54:1553  55:1449  56:1305  57:1145  58:1092  59:1004  60:875  61:848  62:788  63:815  64:741  65:605  66:640  67:594  68:554  69:512  70:530  71:482  72:415  73:428  74:424  75:368  76:310  77:349  78:289  79:299  80:274  81:267  82:209  83:198  84:204  85:187  86:188  87:169  88:154  89:148  90:143  91:149  92:108  93:110  94:105  95:111  96:95  97:79  98:91  99:85  100:98  101:68  102:61  103:57  104:50  105:52  106:54  107:61  108:50  109:62  110:44  111:43  112:42  113:44  114:37  115:29  116:42  117:29  118:35  119:28  120:37  121:28  122:24  123:19  124:19  125:31  126:29  127:26  128:15  129:19  130:30  131:11  132:22  133:9  134:11  135:14  136:17  137:15  138:6  139:7  140:14  141:16  142:8  143:9  144:14  145:12  146:8  147:11  148:7  149:9  150:6  151:12  152:9  153:13  154:7  155:5  156:6  157:3  158:8  159:4  160:7  161:11  162:5  163:11  164:3  165:5  166:7  167:4  168:4  169:6  170:3  171:4  172:3  173:9  174:4  175:1  176:4  177:5  178:6  179:4  180:4  181:2  182:6  183:7  184:4  185:2  186:3  187:2  188:2  190:1  191:1  192:3  193:3  194:2  196:2  197:2  198:4  200:1  202:1  205:2  207:2  208:1  210:2  212:2  213:1  217:2  218:2  220:1  222:1  228:2  234:1  239:1
1278.434082,13.454716,723.523652
[PASSED]
[time 2.72 s, user 2.56 s, sys 0.14 s, maxrss 226764 KB]
[busy 278 jiffies]
[exit 0]
--- c2 case 0 rec 1   load 0.53 0.71 0.76
[TEST C2-FST]
Processing dataset...
Done!
Building trie...
trie size: 3.233313 MB
Done!
build time: 1659.527476 ms (1659.527476 ns per key)
space cost: 10.950089 MB (32.055021% of original size 34.160291 MB)
Querying trie...
Done!
total time: 733.549989 ms, avg latency: 733.549989 ns
topology: 1.728611 MB, link: 2.656099 MB, data: 6.565378 MB
--- Unary Path Analysis (FST, cutoff=4) ---
  shared unary steps in main trie: 1444849
  terminal suffixes: inplace=70261 (avg len=2.02)  links=837902 (92.3% of terminal)
  link len: avg=18.90  max=238  total_chars=15835418
  link length distribution (len:count):  4:38002  5:25136  6:46678  7:25626  8:51081  9:27061  10:49555  11:26346  12:44099  13:24737  14:35638  15:24081  16:29538  17:19279  18:25434  19:16078  20:16463  21:14405  22:12877  23:14367  24:11738  25:15079  26:11391  27:16946  28:11354  29:17411  30:12058  31:16873  32:11600  33:15555  34:11210  35:12790  36:9994  37:10106  38:7923  39:7962  40:6648  41:5829  42:4930  43:4945  44:3895  45:3528  46:3382  47:2749  48:2598  49:2269  50:2117  51:1901  52:1753  53:1665  54:1553  55:1449  56:1305  57:1145  58:1092  59:1004  60:875  61:848  62:788  63:815  64:741  65:605  66:640  67:594  68:554  69:512  70:530  71:482  72:415  73:428  74:424  75:368  76:310  77:349  78:289  79:299  80:274  81:267  82:209  83:198  84:204  85:187  86:188  87:169  88:154  89:148  90:143  91:149  92:108  93:110  94:105  95:111  96:95  97:79  98:91  99:85  100:98  101:68  102:61  103:57  104:50  105:52  106:54  107:61  108:50  109:62  110:44  111:43  112:42  113:44  114:37  115:29  116:42  117:29  118:35  119:28  120:37  121:28  122:24  123:19  124:19  125:31  126:29  127:26  128:15  129:19  130:30  131:11  132:22  133:9  134:11  135:14  136:17  137:15  138:6  139:7  140:14  141:16  142:8  143:9  144:14  145:12  146:8  147:11  148:7  149:9  150:6  151:12  152:9  153:13  154:7  155:5  156:6  157:3  158:8  159:4  160:7  161:11  162:5  163:11  164:3  165:5  166:7  167:4  168:4  169:6  170:3  171:4  172:3  173:9  174:4  175:1  176:4  177:5  178:6  179:4  180:4  181:2  182:6  183:7  184:4  185:2  186:3  187:2  188:2  190:1  191:1  192:3  193:3  194:2  196:2  197:2  198:4  200:1  202:1  205:2  207:2  208:1  210:2  212:2  213:1  217:2  218:2  220:1  222:1  228:2  234:1  239:1
1659.527476,10.950089,733.549989
[PASSED]
[time 3.11 s, user 2.95 s, sys 0.14 s, maxrss 215300 KB]
[busy 318 jiffies]
[exit 0]
--- c2 case 0 rec 2   load 0.48 0.70 0.76
[TEST C2-FST]
Processing dataset...
Done!
Building trie...
trie size: 3.233313 MB
trie size: 0.910584 MB
Done!
build time: 1782.028609 ms (1782.028609 ns per key)
space cost: 10.950089 MB (32.055021% of original size 34.160291 MB)
Querying trie...
Done!
total time: 737.136461 ms, avg latency: 737.136461 ns
topology: 1.728611 MB, link: 2.656099 MB, data: 6.565378 MB
--- Unary Path Analysis (FST, cutoff=4) ---
  shared unary steps in main trie: 1444849
  terminal suffixes: inplace=70261 (avg len=2.02)  links=837902 (92.3% of terminal)
  link len: avg=18.90  max=238  total_chars=15835418
  link length distribution (len:count):  4:38002  5:25136  6:46678  7:25626  8:51081  9:27061  10:49555  11:26346  12:44099  13:24737  14:35638  15:24081  16:29538  17:19279  18:25434  19:16078  20:16463  21:14405  22:12877  23:14367  24:11738  25:15079  26:11391  27:16946  28:11354  29:17411  30:12058  31:16873  32:11600  33:15555  34:11210  35:12790  36:9994  37:10106  38:7923  39:7962  40:6648  41:5829  42:4930  43:4945  44:3895  45:3528  46:3382  47:2749  48:2598  49:2269  50:2117  51:1901  52:1753  53:1665  54:1553  55:1449  56:1305  57:1145  58:1092  59:1004  60:875  61:848  62:788  63:815  64:741  65:605  66:640  67:594  68:554  69:512  70:530  71:482  72:415  73:428  74:424  75:368  76:310  77:349  78:289  79:299  80:274  81:267  82:209  83:198  84:204  85:187  86:188  87:169  88:154  89:148  90:143  91:149  92:108  93:110  94:105  95:111  96:95  97:79  98:91  99:85  100:98  101:68  102:61  103:57  104:50  105:52  106:54  107:61  108:50  109:62  110:44  111:43  112:42  113:44  114:37  115:29  116:42  117:29  118:35  119:28  120:37  121:28  122:24  123:19  124:19  125:31  126:29  127:26  128:15  129:19  130:30  131:11  132:22  133:9  134:11  135:14  136:17  137:15  138:6  139:7  140:14  141:16  142:8  143:9  144:14  145:12  146:8  147:11  148:7  149:9  150:6  151:12  152:9  153:13  154:7  155:5  156:6  157:3  158:8  159:4  160:7  161:11  162:5  163:11  164:3  165:5  166:7  167:4  168:4  169:6  170:3  171:4  172:3  173:9  174:4  175:1  176:4  177:5  178:6  179:4  180:4  181:2  182:6  183:7  184:4  185:2  186:3  187:2  188:2  190:1  191:1  192:3  193:3  194:2  196:2  197:2  198:4  200:1  202:1  205:2  207:2  208:1  210:2  212:2  213:1  217:2  218:2  220:1  222:1  228:2  234:1  239:1
1782.028609,10.950089,737.136461
[PASSED]
[time 3.23 s, user 3.07 s, sys 0.14 s, maxrss 215256 KB]
[busy 330 jiffies]
[exit 0]
--- c2 case 1 rec 0   load 0.48 0.70 0.76
[TEST C2-CoCo(LOUDS-Sparse)]
Processing dataset...
Done!
Building trie...
Done!
build time: 3442.716527 ms (3442.716527 ns per key)
space cost: 14.618523 MB (42.793905% of original size 34.160291 MB)
Querying trie...
Done!
total time: 986.327621 ms, avg latency: 986.327621 ns
topology: 0.472511 MB, link: 3.816133 MB, data: 10.329878 MB
3442.716527,14.618523,986.327621
[PASSED]
[time 5.13 s, user 4.92 s, sys 0.19 s, maxrss 445956 KB]
[busy 522 jiffies]
[exit 0]
--- c2 case 1 rec 1   load 0.48 0.69 0.76
[TEST C2-CoCo(LOUDS-Sparse)]
Processing dataset...
Done!
Building trie...
trie size: 3.233313 MB
Done!
build time: 3824.258475 ms (3824.258475 ns per key)
space cost: 12.113895 MB (35.461921% of original size 34.160291 MB)
Querying trie...
Done!
total time: 1007.951078 ms, avg latency: 1007.951078 ns
topology: 0.884426 MB, link: 4.023585 MB, data: 7.205884 MB
3824.258475,12.113895,1007.951078
[PASSED]
[time 5.53 s, user 5.29 s, sys 0.21 s, maxrss 432752 KB]
[busy 563 jiffies]
[exit 0]
--- c2 case 1 rec 2   load 0.52 0.70 0.76
[TEST C2-CoCo(LOUDS-Sparse)]
Processing dataset...
Done!
Building trie...
trie size: 3.233313 MB
trie size: 0.910584 MB
Done!
build time: 3964.645539 ms (3964.645539 ns per key)
space cost: 12.113895 MB (35.461921% of original size 34.160291 MB)
Querying trie...
Done!
total time: 1016.702789 ms, avg latency: 1016.702789 ns
topology: 0.884426 MB, link: 4.023585 MB, data: 7.205884 MB
3964.645539,12.113895,1016.702789
[PASSED]
[time 5.69 s, user 5.44 s, sys 0.23 s, maxrss 432832 KB]
[busy 576 jiffies]
[exit 0]
--- c2 case 2 rec 0   load 0.56 0.70 0.76
[TEST C2-MARISA]
Processing dataset...
Done!
Building trie...
trie size: 2.484302 MB
Done!
build time: 1216.807478 ms (1216.807478 ns per key)
space cost: 12.012337 MB (35.164621% of original size 34.160291 MB)
Querying trie...
Done!
total time: 512.187160 ms, avg latency: 512.187160 ns
topology: 0.823292 MB, link: 2.965906 MB, data: 8.202631 MB
--- Unary Path Analysis (Marisa, cutoff=3) ---
  branches: 1657128  |  single-char: 447774 (27.0%)  short-unary: 128432 (7.8%)  links: 1080922 (65.2%)
  link len: avg=17.77  max=240  total_chars=19212544
  link length distribution (len:count):  3:87321  4:48292  5:58975  6:36358  7:58121  8:33015  9:59626  10:32247  11:55687  12:30072  13:49121  14:27545  15:39628  16:26319  17:32373  18:20972  19:27510  20:17247  21:17760  22:15297  23:13707  24:14933  25:12396  26:15583  27:11863  28:17395  29:11704  30:17896  31:12395  32:17216  33:11862  34:15819  35:11459  36:13046  37:10194  38:10344  39:8104  40:8139  41:6769  42:6000  43:5033  44:5077  45:3963  46:3720  47:3456  48:2871  49:2663  50:2321  51:2168  52:1981  53:1813  54:1693  55:1597  56:1488  57:1344  58:1172  59:1122  60:1025  61:904  62:871  63:814  64:834  65:767  66:626  67:663  68:607  69:568  70:524  71:545  72:489  73:428  74:436  75:441  76:375  77:319  78:357  79:299  80:304  81:282  82:274  83:213  84:203  85:208  86:189  87:193  88:179  89:159  90:153  91:146  92:153  93:110  94:115  95:107  96:113  97:98  98:81  99:92  100:91  101:100  102:69  103:62  104:60  105:53  106:53  107:55  108:63  109:50  110:63  111:44  112:45  113:43  114:49  115:38  116:32  117:45  118:31  119:36  120:28  121:37  122:28  123:24  124:20  125:19  126:32  127:29  128:26  129:15  130:19  131:30  132:11  133:22  134:9  135:11  136:14  137:18  138:15  139:6  140:8  141:14  142:16  143:8  144:10  145:14  146:12  147:8  148:11  149:7  150:9  151:6  152:12  153:9  154:13  155:7  156:5  157:6  158:3  159:8  160:4  161:7  162:11  163:6  164:11  165:3  166:5  167:7  168:4  169:5  170:6  171:3  172:4  173:3  174:9  175:4  176:1  177:4  178:5  179:7  180:4  181:4  182:2  183:6  184:7  185:4  186:2  187:3  188:2  189:2  191:1  192:1  193:3  194:3  195:2  197:2  198:2  199:4  201:1  203:1  206:2  208:2  209:1  211:2  213:2  214:1  218:2  219:2  221:1  223:1  229:2  235:1  240:1
  short unary avg len: 2.00
1216.807478,12.012337,512.187160
[PASSED]
[time 2.43 s, user 2.26 s, sys 0.15 s, maxrss 243732 KB]
[busy 248 jiffies]
[exit 0]
--- c2 case 2 rec 1   load 0.60 0.71 0.76
[TEST C2-MARISA]
Processing dataset...
Done!
Building trie...
trie size: 2.484302 MB
trie size: 4.015308 MB
Done!
build time: 1652.582331 ms (1652.582331 ns per key)
space cost: 9.221785 MB (26.995627% of original size 34.160291 MB)
Querying trie...
Done!
total time: 379.504207 ms, avg latency: 379.504207 ns
topology: 1.302711 MB, link: 3.189349 MB, data: 4.709216 MB
--- Unary Path Analysis (Marisa, cutoff=3) ---
  branches: 1657128  |  single-char: 447774 (27.0%)  short-unary: 128432 (7.8%)  links: 1080922 (65.2%)
  link len: avg=17.77  max=240  total_chars=19212544
  link length distribution (len:count):  3:87321  4:48292  5:58975  6:36358  7:58121  8:33015  9:59626  10:32247  11:55687  12:30072  13:49121  14:27545  15:39628  16:26319  17:32373  18:20972  19:27510  20:17247  21:17760  22:15297  23:13707  24:14933  25:12396  26:15583  27:11863  28:17395  29:11704  30:17896  31:12395  32:17216  33:11862  34:15819  35:11459  36:13046  37:10194  38:10344  39:8104  40:8139  41:6769  42:6000  43:5033  44:5077  45:3963  46:3720  47:3456  48:2871  49:2663  50:2321  51:2168  52:1981  53:1813  54:1693  55:1597  56:1488  57:1344  58:1172  59:1122  60:1025  61:904  62:871  63:814  64:834  65:767  66:626  67:663  68:607  69:568  70:524  71:545  72:489  73:428  74:436  75:441  76:375  77:319  78:357  79:299  80:304  81:282  82:274  83:213  84:203  85:208  86:189  87:193  88:179  89:159  90:153  91:146  92:153  93:110  94:115  95:107  96:113  97:98  98:81  99:92  100:91  101:100  102:69  103:62  104:60  105:53  106:53  107:55  108:63  109:50  110:63  111:44  112:45  113:43  114:49  115:38  116:32  117:45  118:31  119:36  120:28  121:37  122:28  123:24  124:20  125:19  126:32  127:29  128:26  129:15  130:19  131:30  132:11  133:22  134:9  135:11  136:14  137:18  138:15  139:6  140:8  141:14  142:16  143:8  144:10  145:14  146:12  147:8  148:11  149:7  150:9  151:6  152:12  153:9  154:13  155:7  156:5  157:6  158:3  159:8  160:4  161:7  162:11  163:6  164:11  165:3  166:5  167:7  168:4  169:5  170:6  171:3  172:4  173:3  174:9  175:4  176:1  177:4  178:5  179:7  180:4  181:4  182:2  183:6  184:7  185:4  186:2  187:3  188:2  189:2  191:1  192:1  193:3  194:3  195:2  197:2  198:2  199:4  201:1  203:1  206:2  208:2  209:1  211:2  213:2  214:1  218:2  219:2  221:1  223:1  229:2  235:1  240:1
  short unary avg len: 2.00
1652.582331,9.221785,379.504207
[PASSED]
[time 2.76 s, user 2.57 s, sys 0.17 s, maxrss 226956 KB]
[busy 283 jiffies]
[exit 0]
--- c2 case 2 rec 2   load 0.63 0.71 0.76
[TEST C2-MARISA]
Processing dataset...
Done!
Building trie...
trie size: 2.484302 MB
trie size: 4.015308 MB
trie size: 1.015766 MB
Done!
build time: 1766.713380 ms (1766.713380 ns per key)
space cost: 8.714260 MB (25.509912% of original size 34.160291 MB)
Querying trie...
Done!
total time: 386.238787 ms, avg latency: 386.238787 ns
topology: 1.481594 MB, link: 3.266720 MB, data: 3.945438 MB
--- Unary Path Analysis (Marisa, cutoff=3) ---
  branches: 1657128  |  single-char: 447774 (27.0%)  short-unary: 128432 (7.8%)  links: 1080922 (65.2%)
  link len: avg=17.77  max=240  total_chars=19212544
  link length distribution (len:count):  3:87321  4:48292  5:58975  6:36358  7:58121  8:33015  9:59626  10:32247  11:55687  12:30072  13:49121  14:27545  15:39628  16:26319  17:32373  18:20972  19:27510  20:17247  21:17760  22:15297  23:13707  24:14933  25:12396  26:15583  27:11863  28:17395  29:11704  30:17896  31:12395  32:17216  33:11862  34:15819  35:11459  36:13046  37:10194  38:10344  39:8104  40:8139  41:6769  42:6000  43:5033  44:5077  45:3963  46:3720  47:3456  48:2871  49:2663  50:2321  51:2168  52:1981  53:1813  54:1693  55:1597  56:1488  57:1344  58:1172  59:1122  60:1025  61:904  62:871  63:814  64:834  65:767  66:626  67:663  68:607  69:568  70:524  71:545  72:489  73:428  74:436  75:441  76:375  77:319  78:357  79:299  80:304  81:282  82:274  83:213  84:203  85:208  86:189  87:193  88:179  89:159  90:153  91:146  92:153  93:110  94:115  95:107  96:113  97:98  98:81  99:92  100:91  101:100  102:69  103:62  104:60  105:53  106:53  107:55  108:63  109:50  110:63  111:44  112:45  113:43  114:49  115:38  116:32  117:45  118:31  119:36  120:28  121:37  122:28  123:24  124:20  125:19  126:32  127:29  128:26  129:15  130:19  131:30  132:11  133:22  134:9  135:11  136:14  137:18  138:15  139:6  140:8  141:14  142:16  143:8  144:10  145:14  146:12  147:8  148:11  149:7  150:9  151:6  152:12  153:9  154:13  155:7  156:5  157:6  158:3  159:8  160:4  161:7  162:11  163:6  164:11  165:3  166:5  167:7  168:4  169:5  170:6  171:3  172:4  173:3  174:9  175:4  176:1  177:4  178:5  179:7  180:4  181:4  182:2  183:6  184:7  185:4  186:2  187:3  188:2  189:2  191:1  192:1  193:3  194:3  195:2  197:2  198:2  199:4  201:1  203:1  206:2  208:2  209:1  211:2  213:2  214:1  218:2  219:2  221:1  223:1  229:2  235:1  240:1
  short unary avg len: 2.00
1766.713380,8.714260,386.238787
[PASSED]
[time 2.86 s, user 2.71 s, sys 0.14 s, maxrss 227208 KB]
[busy 291 jiffies]
[exit 0]
--- c2 case 3 rec 0   load 0.63 0.71 0.76
[TEST FST]
Processing dataset...
Done!
Building trie...
Done!
build time: 1141.828746 ms (1141.828746 ns per key)
space cost: 15.406425 MB (45.100393% of original size 34.160291 MB)
Querying trie...
Done!
total time: 1192.141072 ms, avg latency: 1192.141072 ns
not implemented
1141.828746,15.406425,1192.141072
[PASSED]
[time 3.04 s, user 2.93 s, sys 0.10 s, maxrss 177320 KB]
[busy 310 jiffies]
[exit 0]
--- c2 case 4 rec 0   skipped: exit 134 in round 1
--- c2 case 5 rec 0   load 0.66 0.72 0.76
[TEST MARISA]
Processing dataset...
Done!
Building trie...
Done!
build time: 753.159260 ms (753.159260 ns per key)
space cost: 14.925114 MB (43.691413% of original size 34.160291 MB)
Querying trie...
Done!
total time: 682.099534 ms, avg latency: 682.099534 ns
not implemented
753.159260,14.925114,682.099534
[PASSED]
[time 2.14 s, user 2.00 s, sys 0.13 s, maxrss 231196 KB]
[busy 217 jiffies]
[exit 0]
--- c2 case 5 rec 1   load 0.69 0.72 0.77
[TEST MARISA]
Processing dataset...
Done!
Building trie...
Done!
build time: 955.255242 ms (955.255242 ns per key)
space cost: 9.445531 MB (27.650616% of original size 34.160291 MB)
Querying trie...
Done!
total time: 1070.696564 ms, avg latency: 1070.696564 ns
not implemented
955.255242,9.445531,1070.696564
[PASSED]
[time 2.72 s, user 2.56 s, sys 0.14 s, maxrss 231308 KB]
[busy 280 jiffies]
[exit 0]
--- c2 case 5 rec 2   load 0.63 0.71 0.76
[TEST MARISA]
Processing dataset...
Done!
Building trie...
Done!
build time: 1008.131958 ms (1008.131958 ns per key)
space cost: 8.209226 MB (24.031487% of original size 34.160291 MB)
Querying trie...
Done!
total time: 1247.929770 ms, avg latency: 1247.929770 ns
not implemented
1008.131958,8.209226,1247.929770
[PASSED]
[time 2.95 s, user 2.79 s, sys 0.14 s, maxrss 231364 KB]
[busy 304 jiffies]
[exit 0]
--- c2 case 6 rec 0   load 0.63 0.71 0.76
[TEST PDT]
Processing dataset...
Done!
Building trie...
dict size: 149058, stream size: 8676288
Done!
build time: 2725.055996 ms (2725.055996 ns per key)
space cost: 9.692565 MB (28.373778% of original size 34.160291 MB)
Querying trie...
Done!
total time: 767.698440 ms, avg latency: 767.698440 ns
not implemented
2725.055996,9.692565,767.698440
[PASSED]
[time 4.21 s, user 3.99 s, sys 0.19 s, maxrss 238436 KB]
[busy 432 jiffies]
[exit 0]
--- c2 case 7 rec 0   load 0.61 0.70 0.76
[TEST ART]
Processing dataset...
Done!
Building trie...
Done!
build time: 229.785472 ms (229.785472 ns per key)
space cost: 37.032776 MB (108.408843% of original size 34.160291 MB)
Querying trie...
Done!
total time: 583.299695 ms, avg latency: 583.299695 ns
not implemented
229.785472,37.032776,583.299695
[PASSED]
[time 1.54 s, user 1.40 s, sys 0.13 s, maxrss 239204 KB]
[busy 159 jiffies]
[exit 0]
--- c2 case 8 rec 0   load 0.61 0.70 0.76
[TEST CART]
Processing dataset...
Done!
Building trie...
Done!
build time: 297.398809 ms (297.398809 ns per key)
space cost: 17.935776 MB (52.504752% of original size 34.160291 MB)
Querying trie...
Done!
total time: 644.665397 ms, avg latency: 644.665397 ns
not implemented
297.398809,17.935776,644.665397
[PASSED]
[time 1.67 s, user 1.54 s, sys 0.12 s, maxrss 228628 KB]
[busy 171 jiffies]
[exit 0]
--- xcdat 7   load 0.56 0.69 0.75
build time: 827.437866 ms
space cost: 18.793670 MiB (55.016129% of original size 34.160291 MiB)
avg latency: 381.124764 ns
827.437866,18.793670,381.124764
[time 1.92 s, user 1.75 s, sys 0.16 s, maxrss 207420 KB]
[busy 197 jiffies]
[exit 0]
--- xcdat 8   load 0.56 0.69 0.75
build time: 766.587402 ms
space cost: 18.486019 MiB (54.115521% of original size 34.160291 MiB)
avg latency: 366.785088 ns
766.587402,18.486019,366.785088
[time 1.84 s, user 1.67 s, sys 0.16 s, maxrss 207448 KB]
[busy 188 jiffies]
[exit 0]
--- xcdat 15   load 0.60 0.70 0.76
build time: 818.564566 ms
space cost: 22.013930 MiB (64.443041% of original size 34.160291 MiB)
avg latency: 367.609849 ns
818.564566,22.013930,367.609849
[time 1.90 s, user 1.73 s, sys 0.15 s, maxrss 213520 KB]
[busy 194 jiffies]
[exit 0]
--- xcdat 16   load 0.60 0.70 0.76
build time: 771.561181 ms
space cost: 22.860906 MiB (66.922456% of original size 34.160291 MiB)
avg latency: 372.225786 ns
771.561181,22.860906,372.225786
[time 1.87 s, user 1.72 s, sys 0.13 s, maxrss 213628 KB]
[busy 188 jiffies]
[exit 0]

##### titles-zh-1000000 (1000000 lines, 17871822 bytes)   round 3/3   2026-09-25T09:20:33+03:00
--- lexindex dict32   load 0.63 0.70 0.76
1000000 keys
lexindex DictIndex block 32: build 279 ms, size 5.823 MiB (6.105 B/key), latency cold 362.3 ns, then mean 353.6 / min 351.3 ns
278.977,5.822630,362.313
[time 2.21 s, user 3.76 s, sys 0.30 s, maxrss 259884 KB]
[busy 416 jiffies]
[exit 0]
--- lexindex dict256   load 0.58 0.69 0.75
1000000 keys
lexindex DictIndex block 256: build 285 ms, size 5.580 MiB (5.851 B/key), latency cold 373.5 ns, then mean 366.6 / min 365.3 ns
285.204,5.580144,373.499
[time 2.26 s, user 3.87 s, sys 0.31 s, maxrss 262584 KB]
[busy 427 jiffies]
[exit 0]
--- lexindex dict1024   load 0.58 0.69 0.75
1000000 keys
lexindex DictIndex block 1024: build 292 ms, size 5.423 MiB (5.687 B/key), latency cold 443.3 ns, then mean 437.4 / min 437.3 ns
292.342,5.423172,443.273
[time 2.55 s, user 3.43 s, sys 0.25 s, maxrss 250600 KB]
[busy 373 jiffies]
[exit 0]
--- lexindex routed32   load 0.61 0.70 0.75
1000000 keys
lexindex DictIndex block 32 routed: build 281 ms, size 6.299 MiB (6.605 B/key), latency cold 342.4 ns, then mean 322.8 / min 321.5 ns
281.296,6.299467,342.412
[time 2.09 s, user 3.66 s, sys 0.28 s, maxrss 260016 KB]
[busy 405 jiffies]
[exit 0]
--- lexindex routed256   load 0.56 0.68 0.75
1000000 keys
lexindex DictIndex block 256 routed: build 285 ms, size 6.057 MiB (6.351 B/key), latency cold 297.3 ns, then mean 288.1 / min 286.0 ns
285.338,6.057073,297.275
[time 1.95 s, user 3.56 s, sys 0.28 s, maxrss 260600 KB]
[busy 394 jiffies]
[exit 0]
--- lexindex routed1024   load 0.56 0.68 0.75
1000000 keys
lexindex DictIndex block 1024 routed: build 294 ms, size 5.662 MiB (5.937 B/key), latency cold 329.7 ns, then mean 322.0 / min 321.4 ns
294.482,5.661697,329.694
[time 2.10 s, user 3.02 s, sys 0.21 s, maxrss 244816 KB]
[busy 332 jiffies]
[exit 0]
--- lexindex string   load 0.60 0.69 0.75
1000000 keys
lexindex StringIndex: build 750 ms, size 16.712 MiB (17.523 B/key), latency cold 288.8 ns, then mean 281.1 / min 275.8 ns
750.105,16.711605,288.833
[time 2.37 s, user 2.28 s, sys 0.07 s, maxrss 152836 KB]
[busy 242 jiffies]
[exit 0]
--- lexindex hashed0   load 0.60 0.69 0.75
1000000 keys
lexindex HashedDictIndex closed: build 404 ms, size 8.194 MiB (8.592 B/key), latency cold 33.7 ns, then mean 28.5 / min 28.1 ns
404.135,8.193651,33.704
[time 1.02 s, user 2.68 s, sys 0.28 s, maxrss 263676 KB]
[busy 306 jiffies]
[exit 0]
--- lexindex hashed8   load 1.83 0.94 0.83
1000000 keys
lexindex HashedDictIndex fp=8: build 399 ms, size 9.147 MiB (9.592 B/key), latency cold 40.3 ns, then mean 34.3 / min 33.7 ns
399.009,9.147326,40.325
[time 1.04 s, user 2.72 s, sys 0.27 s, maxrss 263672 KB]
[busy 305 jiffies]
[exit 0]
--- lexindex hashed16   load 1.83 0.94 0.83
1000000 keys
lexindex HashedDictIndex fp=16: build 401 ms, size 10.101 MiB (10.592 B/key), latency cold 40.7 ns, then mean 35.6 / min 35.3 ns
401.009,10.101000,40.662
[time 1.05 s, user 2.71 s, sys 0.30 s, maxrss 263612 KB]
[busy 309 jiffies]
[exit 0]
--- lexindex da   load 1.76 0.95 0.83
1000000 keys
lexindex DoubleArrayIndex: build 3719 ms, size 31.692 MiB (33.232 B/key), latency cold 236.6 ns, then mean 233.2 / min 232.7 ns
3719.457,31.692200,236.621
[time 5.13 s, user 4.98 s, sys 0.12 s, maxrss 191848 KB]
[busy 525 jiffies]
[exit 0]
--- c2 case 0 rec 0   load 1.70 0.95 0.83
[TEST C2-FST]
Processing dataset...
Done!
Building trie...
Done!
build time: 663.674330 ms (663.674330 ns per key)
space cost: 9.315402 MB (57.894796% of original size 16.090223 MB)
Querying trie...
Done!
total time: 418.472789 ms, avg latency: 418.472789 ns
topology: 1.013481 MB, link: 1.860200 MB, data: 6.441721 MB
--- Unary Path Analysis (FST, cutoff=4) ---
  shared unary steps in main trie: 533155
  terminal suffixes: inplace=237541 (avg len=1.85)  links=651614 (73.3% of terminal)
  link len: avg=9.49  max=219  total_chars=6184530
  link length distribution (len:count):  4:101787  5:75109  6:33236  7:70197  8:54797  9:28682  10:45020  11:39800  12:18111  13:26128  14:25316  15:13287  16:18412  17:17629  18:7811  19:11663  20:10322  21:4897  22:7909  23:6587  24:3201  25:5027  26:3953  27:2124  28:3009  29:2707  30:1318  31:2090  32:1807  33:932  34:1302  35:1246  36:576  37:856  38:792  39:335  40:596  41:485  42:228  43:398  44:289  45:126  46:187  47:184  48:83  49:123  50:115  51:56  52:76  53:79  54:43  55:73  56:58  57:28  58:35  59:27  60:9  61:32  62:19  63:18  64:20  65:11  66:19  67:16  68:13  69:6  70:14  71:16  72:6  73:9  74:5  75:5  76:7  77:5  78:2  79:17  80:2  81:7  82:8  83:7  84:3  85:7  86:7  87:3  88:3  89:2  90:4  91:3  92:3  93:1  94:1  95:3  96:5  97:1  98:4  101:2  102:1  103:1  104:1  106:2  107:1  112:2  113:1  115:1  116:1  120:1  121:1  122:1  124:1  130:1  138:1  148:1  151:1  155:2  184:1  188:1  204:1  220:1
663.674330,9.315402,418.472789
[PASSED]
[time 1.57 s, user 1.46 s, sys 0.10 s, maxrss 186252 KB]
[busy 162 jiffies]
[exit 0]
--- c2 case 0 rec 1   load 1.70 0.95 0.83
[TEST C2-FST]
Processing dataset...
Done!
Building trie...
trie size: 2.382156 MB
Done!
build time: 826.931925 ms (826.931925 ns per key)
space cost: 7.814046 MB (48.563937% of original size 16.090223 MB)
Querying trie...
Done!
total time: 422.664999 ms, avg latency: 422.664999 ns
topology: 1.289776 MB, link: 2.002253 MB, data: 4.522017 MB
--- Unary Path Analysis (FST, cutoff=4) ---
  shared unary steps in main trie: 533155
  terminal suffixes: inplace=237541 (avg len=1.85)  links=651614 (73.3% of terminal)
  link len: avg=9.49  max=219  total_chars=6184530
  link length distribution (len:count):  4:101787  5:75109  6:33236  7:70197  8:54797  9:28682  10:45020  11:39800  12:18111  13:26128  14:25316  15:13287  16:18412  17:17629  18:7811  19:11663  20:10322  21:4897  22:7909  23:6587  24:3201  25:5027  26:3953  27:2124  28:3009  29:2707  30:1318  31:2090  32:1807  33:932  34:1302  35:1246  36:576  37:856  38:792  39:335  40:596  41:485  42:228  43:398  44:289  45:126  46:187  47:184  48:83  49:123  50:115  51:56  52:76  53:79  54:43  55:73  56:58  57:28  58:35  59:27  60:9  61:32  62:19  63:18  64:20  65:11  66:19  67:16  68:13  69:6  70:14  71:16  72:6  73:9  74:5  75:5  76:7  77:5  78:2  79:17  80:2  81:7  82:8  83:7  84:3  85:7  86:7  87:3  88:3  89:2  90:4  91:3  92:3  93:1  94:1  95:3  96:5  97:1  98:4  101:2  102:1  103:1  104:1  106:2  107:1  112:2  113:1  115:1  116:1  120:1  121:1  122:1  124:1  130:1  138:1  148:1  151:1  155:2  184:1  188:1  204:1  220:1
826.931925,7.814046,422.664999
[PASSED]
[time 1.74 s, user 1.62 s, sys 0.11 s, maxrss 186056 KB]
[busy 178 jiffies]
[exit 0]
--- c2 case 0 rec 2   load 1.65 0.95 0.84
[TEST C2-FST]
Processing dataset...
Done!
Building trie...
trie size: 2.382156 MB
trie size: 0.519189 MB
Done!
build time: 895.341669 ms (895.341669 ns per key)
space cost: 7.814046 MB (48.563937% of original size 16.090223 MB)
Querying trie...
Done!
total time: 425.650331 ms, avg latency: 425.650331 ns
topology: 1.289776 MB, link: 2.002253 MB, data: 4.522017 MB
--- Unary Path Analysis (FST, cutoff=4) ---
  shared unary steps in main trie: 533155
  terminal suffixes: inplace=237541 (avg len=1.85)  links=651614 (73.3% of terminal)
  link len: avg=9.49  max=219  total_chars=6184530
  link length distribution (len:count):  4:101787  5:75109  6:33236  7:70197  8:54797  9:28682  10:45020  11:39800  12:18111  13:26128  14:25316  15:13287  16:18412  17:17629  18:7811  19:11663  20:10322  21:4897  22:7909  23:6587  24:3201  25:5027  26:3953  27:2124  28:3009  29:2707  30:1318  31:2090  32:1807  33:932  34:1302  35:1246  36:576  37:856  38:792  39:335  40:596  41:485  42:228  43:398  44:289  45:126  46:187  47:184  48:83  49:123  50:115  51:56  52:76  53:79  54:43  55:73  56:58  57:28  58:35  59:27  60:9  61:32  62:19  63:18  64:20  65:11  66:19  67:16  68:13  69:6  70:14  71:16  72:6  73:9  74:5  75:5  76:7  77:5  78:2  79:17  80:2  81:7  82:8  83:7  84:3  85:7  86:7  87:3  88:3  89:2  90:4  91:3  92:3  93:1  94:1  95:3  96:5  97:1  98:4  101:2  102:1  103:1  104:1  106:2  107:1  112:2  113:1  115:1  116:1  120:1  121:1  122:1  124:1  130:1  138:1  148:1  151:1  155:2  184:1  188:1  204:1  220:1
895.341669,7.814046,425.650331
[PASSED]
[time 1.82 s, user 1.69 s, sys 0.11 s, maxrss 186132 KB]
[busy 186 jiffies]
[exit 0]
--- c2 case 1 rec 0   load 1.51 0.93 0.83
[TEST C2-CoCo(LOUDS-Sparse)]
Processing dataset...
Done!
Building trie...
Done!
build time: 1608.917632 ms (1608.917632 ns per key)
space cost: 10.076944 MB (62.627748% of original size 16.090223 MB)
Querying trie...
Done!
total time: 615.805367 ms, avg latency: 615.805367 ns
topology: 0.428116 MB, link: 2.771456 MB, data: 6.877373 MB
1608.917632,10.076944,615.805367
[PASSED]
[time 2.70 s, user 2.52 s, sys 0.17 s, maxrss 343844 KB]
[busy 277 jiffies]
[exit 0]
--- c2 case 1 rec 1   load 1.51 0.93 0.83
[TEST C2-CoCo(LOUDS-Sparse)]
Processing dataset...
Done!
Building trie...
trie size: 2.382156 MB
Done!
build time: 1761.952120 ms (1761.952120 ns per key)
space cost: 8.575588 MB (53.296888% of original size 16.090223 MB)
Querying trie...
Done!
total time: 624.963152 ms, avg latency: 624.963152 ns
topology: 0.704411 MB, link: 2.913508 MB, data: 4.957669 MB
1761.952120,8.575588,624.963152
[PASSED]
[time 2.88 s, user 2.68 s, sys 0.19 s, maxrss 343716 KB]
[busy 296 jiffies]
[exit 0]
--- c2 case 1 rec 2   load 1.47 0.93 0.83
[TEST C2-CoCo(LOUDS-Sparse)]
Processing dataset...
Done!
Building trie...
trie size: 2.382156 MB
trie size: 0.519189 MB
Done!
build time: 1852.405952 ms (1852.405952 ns per key)
space cost: 8.575588 MB (53.296888% of original size 16.090223 MB)
Querying trie...
Done!
total time: 629.739471 ms, avg latency: 629.739471 ns
topology: 0.704411 MB, link: 2.913508 MB, data: 4.957669 MB
1852.405952,8.575588,629.739471
[PASSED]
[time 2.98 s, user 2.77 s, sys 0.19 s, maxrss 343880 KB]
[busy 304 jiffies]
[exit 0]
--- c2 case 2 rec 0   load 1.43 0.93 0.83
[TEST C2-MARISA]
Processing dataset...
Done!
Building trie...
trie size: 2.376703 MB
Done!
build time: 729.072212 ms (729.072212 ns per key)
space cost: 9.316646 MB (57.902525% of original size 16.090223 MB)
Querying trie...
Done!
total time: 327.361632 ms, avg latency: 327.361632 ns
topology: 0.787403 MB, link: 2.444094 MB, data: 6.064641 MB
--- Unary Path Analysis (Marisa, cutoff=3) ---
  branches: 1581104  |  single-char: 512959 (32.4%)  short-unary: 177539 (11.2%)  links: 890606 (56.3%)
  link len: avg=9.57  max=221  total_chars=8521548
  link length distribution (len:count):  3:117743  4:70413  5:118917  6:85174  7:37680  8:75877  9:57977  10:30193  11:47337  12:41279  13:18765  14:27062  15:25994  16:13620  17:18901  18:18001  19:8082  20:11948  21:10483  22:5017  23:8072  24:6695  25:3249  26:5099  27:4017  28:2164  29:3054  30:2749  31:1341  32:2116  33:1821  34:942  35:1314  36:1256  37:587  38:865  39:798  40:341  41:600  42:486  43:231  44:401  45:290  46:126  47:187  48:184  49:84  50:123  51:115  52:56  53:77  54:82  55:43  56:74  57:60  58:29  59:35  60:27  61:10  62:32  63:19  64:19  65:20  66:11  67:19  68:16  69:13  70:6  71:14  72:16  73:6  74:9  75:5  76:5  77:7  78:5  79:2  80:17  81:2  82:7  83:8  84:7  85:3  86:7  87:7  88:3  89:3  90:2  91:4  92:3  93:3  94:1  95:1  96:4  97:5  98:1  99:4  102:2  103:1  104:1  105:1  107:2  108:1  113:2  114:1  116:1  117:1  121:1  122:1  123:1  125:1  131:1  139:1  149:1  152:1  156:2  185:1  189:1  205:1  221:1
  short unary avg len: 2.00
729.072212,9.316646,327.361632
[PASSED]
[time 1.53 s, user 1.39 s, sys 0.13 s, maxrss 216388 KB]
[busy 158 jiffies]
[exit 0]
--- c2 case 2 rec 1   load 1.43 0.93 0.83
[TEST C2-MARISA]
Processing dataset...
Done!
Building trie...
trie size: 2.376703 MB
trie size: 3.200656 MB
Done!
build time: 938.072933 ms (938.072933 ns per key)
space cost: 7.215687 MB (44.845163% of original size 16.090223 MB)
Querying trie...
Done!
total time: 285.244793 ms, avg latency: 285.244793 ns
topology: 1.146584 MB, link: 2.476871 MB, data: 3.571725 MB
--- Unary Path Analysis (Marisa, cutoff=3) ---
  branches: 1581104  |  single-char: 512959 (32.4%)  short-unary: 177539 (11.2%)  links: 890606 (56.3%)
  link len: avg=9.57  max=221  total_chars=8521548
  link length distribution (len:count):  3:117743  4:70413  5:118917  6:85174  7:37680  8:75877  9:57977  10:30193  11:47337  12:41279  13:18765  14:27062  15:25994  16:13620  17:18901  18:18001  19:8082  20:11948  21:10483  22:5017  23:8072  24:6695  25:3249  26:5099  27:4017  28:2164  29:3054  30:2749  31:1341  32:2116  33:1821  34:942  35:1314  36:1256  37:587  38:865  39:798  40:341  41:600  42:486  43:231  44:401  45:290  46:126  47:187  48:184  49:84  50:123  51:115  52:56  53:77  54:82  55:43  56:74  57:60  58:29  59:35  60:27  61:10  62:32  63:19  64:19  65:20  66:11  67:19  68:16  69:13  70:6  71:14  72:16  73:6  74:9  75:5  76:5  77:7  78:5  79:2  80:17  81:2  82:7  83:8  84:7  85:3  86:7  87:7  88:3  89:3  90:2  91:4  92:3  93:3  94:1  95:1  96:4  97:5  98:1  99:4  102:2  103:1  104:1  105:1  107:2  108:1  113:2  114:1  116:1  117:1  121:1  122:1  123:1  125:1  131:1  139:1  149:1  152:1  156:2  185:1  189:1  205:1  221:1
  short unary avg len: 2.00
938.072933,7.215687,285.244793
[PASSED]
[time 1.71 s, user 1.57 s, sys 0.14 s, maxrss 216372 KB]
[busy 175 jiffies]
[exit 0]
--- c2 case 2 rec 2   load 1.40 0.94 0.83
[TEST C2-MARISA]
Processing dataset...
Done!
Building trie...
trie size: 2.376703 MB
trie size: 3.200656 MB
trie size: 0.643222 MB
Done!
build time: 1006.532582 ms (1006.532582 ns per key)
space cost: 7.215687 MB (44.845163% of original size 16.090223 MB)
Querying trie...
Done!
total time: 281.490956 ms, avg latency: 281.490956 ns
topology: 1.146584 MB, link: 2.476871 MB, data: 3.571725 MB
--- Unary Path Analysis (Marisa, cutoff=3) ---
  branches: 1581104  |  single-char: 512959 (32.4%)  short-unary: 177539 (11.2%)  links: 890606 (56.3%)
  link len: avg=9.57  max=221  total_chars=8521548
  link length distribution (len:count):  3:117743  4:70413  5:118917  6:85174  7:37680  8:75877  9:57977  10:30193  11:47337  12:41279  13:18765  14:27062  15:25994  16:13620  17:18901  18:18001  19:8082  20:11948  21:10483  22:5017  23:8072  24:6695  25:3249  26:5099  27:4017  28:2164  29:3054  30:2749  31:1341  32:2116  33:1821  34:942  35:1314  36:1256  37:587  38:865  39:798  40:341  41:600  42:486  43:231  44:401  45:290  46:126  47:187  48:184  49:84  50:123  51:115  52:56  53:77  54:82  55:43  56:74  57:60  58:29  59:35  60:27  61:10  62:32  63:19  64:19  65:20  66:11  67:19  68:16  69:13  70:6  71:14  72:16  73:6  74:9  75:5  76:5  77:7  78:5  79:2  80:17  81:2  82:7  83:8  84:7  85:3  86:7  87:7  88:3  89:3  90:2  91:4  92:3  93:3  94:1  95:1  96:4  97:5  98:1  99:4  102:2  103:1  104:1  105:1  107:2  108:1  113:2  114:1  116:1  117:1  121:1  122:1  123:1  125:1  131:1  139:1  149:1  152:1  156:2  185:1  189:1  205:1  221:1
  short unary avg len: 2.00
1006.532582,7.215687,281.490956
[PASSED]
[time 1.77 s, user 1.63 s, sys 0.13 s, maxrss 216120 KB]
[busy 184 jiffies]
[exit 0]
--- c2 case 3 rec 0   load 1.40 0.94 0.83
[TEST FST]
Processing dataset...
Done!
Building trie...
Done!
build time: 656.558483 ms (656.558483 ns per key)
space cost: 9.251146 MB (57.495450% of original size 16.090223 MB)
Querying trie...
Done!
total time: 596.206757 ms, avg latency: 596.206757 ns
not implemented
656.558483,9.251146,596.206757
[PASSED]
[time 1.74 s, user 1.65 s, sys 0.07 s, maxrss 110916 KB]
[busy 177 jiffies]
[exit 0]
--- c2 case 4 rec 0   skipped: exit 134 in round 1
--- c2 case 5 rec 0   load 1.37 0.94 0.83
[TEST MARISA]
Processing dataset...
Done!
Building trie...
Done!
build time: 530.461240 ms (530.461240 ns per key)
space cost: 9.064179 MB (56.333459% of original size 16.090223 MB)
Querying trie...
Done!
total time: 456.474403 ms, avg latency: 456.474403 ns
not implemented
530.461240,9.064179,456.474403
[PASSED]
[time 1.49 s, user 1.37 s, sys 0.11 s, maxrss 182368 KB]
[busy 154 jiffies]
[exit 0]
--- c2 case 5 rec 1   load 1.26 0.92 0.83
[TEST MARISA]
Processing dataset...
Done!
Building trie...
Done!
build time: 644.929424 ms (644.929424 ns per key)
space cost: 6.703102 MB (41.659472% of original size 16.090223 MB)
Querying trie...
Done!
total time: 674.650342 ms, avg latency: 674.650342 ns
not implemented
644.929424,6.703102,674.650342
[PASSED]
[time 1.81 s, user 1.68 s, sys 0.12 s, maxrss 182176 KB]
[busy 185 jiffies]
[exit 0]
--- c2 case 5 rec 2   load 1.26 0.92 0.83
[TEST MARISA]
Processing dataset...
Done!
Building trie...
Done!
build time: 675.221275 ms (675.221275 ns per key)
space cost: 6.233802 MB (38.742793% of original size 16.090223 MB)
Querying trie...
Done!
total time: 766.092592 ms, avg latency: 766.092592 ns
not implemented
675.221275,6.233802,766.092592
[PASSED]
[time 1.92 s, user 1.79 s, sys 0.11 s, maxrss 182100 KB]
[busy 196 jiffies]
[exit 0]
--- c2 case 6 rec 0   load 1.16 0.91 0.83
[TEST PDT]
Processing dataset...
Done!
Building trie...
dict size: 161960, stream size: 6363323
Done!
build time: 3090.784488 ms (3090.784488 ns per key)
space cost: 7.499054 MB (46.606276% of original size 16.090223 MB)
Querying trie...
Done!
total time: 605.101416 ms, avg latency: 605.101416 ns
not implemented
3090.784488,7.499054,605.101416
[PASSED]
[time 4.18 s, user 4.06 s, sys 0.10 s, maxrss 166652 KB]
[busy 425 jiffies]
[exit 0]
--- c2 case 7 rec 0   load 1.14 0.91 0.83
[TEST ART]
Processing dataset...
Done!
Building trie...
Done!
build time: 129.889321 ms (129.889321 ns per key)
space cost: 33.565483 MB (208.607938% of original size 16.090223 MB)
Querying trie...
Done!
total time: 340.659609 ms, avg latency: 340.659609 ns
not implemented
129.889321,33.565483,340.659609
[PASSED]
[time 0.96 s, user 0.87 s, sys 0.08 s, maxrss 155980 KB]
[busy 97 jiffies]
[exit 0]
--- c2 case 8 rec 0   load 1.14 0.91 0.83
[TEST CART]
Processing dataset...
Done!
Building trie...
Done!
build time: 183.659996 ms (183.659996 ns per key)
space cost: 15.100161 MB (93.846806% of original size 16.090223 MB)
Querying trie...
Done!
total time: 399.995517 ms, avg latency: 399.995517 ns
not implemented
183.659996,15.100161,399.995517
[PASSED]
[time 1.09 s, user 1.01 s, sys 0.07 s, maxrss 146920 KB]
[busy 113 jiffies]
[exit 0]
--- xcdat 7   load 1.05 0.89 0.82
build time: 552.046676 ms
space cost: 11.666194 MiB (72.504860% of original size 16.090223 MiB)
avg latency: 219.873360 ns
552.046676,11.666194,219.873360
[time 1.27 s, user 1.18 s, sys 0.08 s, maxrss 148228 KB]
[busy 131 jiffies]
[exit 0]
--- xcdat 8   load 1.05 0.89 0.82
build time: 506.476495 ms
space cost: 11.129195 MiB (69.167438% of original size 16.090223 MiB)
avg latency: 213.303680 ns
506.476495,11.129195,213.303680
[time 1.22 s, user 1.13 s, sys 0.08 s, maxrss 147984 KB]
[busy 126 jiffies]
[exit 0]
--- xcdat 15   load 1.05 0.89 0.82
build time: 531.263158 ms
space cost: 12.949578 MiB (80.481035% of original size 16.090223 MiB)
avg latency: 190.389747 ns
531.263158,12.949578,190.389747
[time 1.22 s, user 1.12 s, sys 0.09 s, maxrss 148756 KB]
[busy 127 jiffies]
[exit 0]
--- xcdat 16   load 1.05 0.89 0.82
build time: 508.817326 ms
space cost: 13.463712 MiB (83.676351% of original size 16.090223 MiB)
avg latency: 196.997388 ns
508.817326,13.463712,196.997388
[time 1.21 s, user 1.10 s, sys 0.09 s, maxrss 149208 KB]
[busy 127 jiffies]
[exit 0]

##### urls-1000000 (1000000 lines, 53361181 bytes)   round 3/3   2026-09-25T09:22:06+03:00
--- lexindex dict32   load 1.05 0.89 0.82
1000000 keys
lexindex DictIndex block 32: build 397 ms, size 8.414 MiB (8.823 B/key), latency cold 428.5 ns, then mean 424.4 / min 421.7 ns
397.033,8.414411,428.485
[time 2.68 s, user 5.35 s, sys 0.35 s, maxrss 325896 KB]
[busy 582 jiffies]
[exit 0]
--- lexindex dict256   load 1.04 0.90 0.82
1000000 keys
lexindex DictIndex block 256: build 412 ms, size 7.163 MiB (7.511 B/key), latency cold 448.2 ns, then mean 444.7 / min 442.5 ns
412.276,7.163084,448.232
[time 2.78 s, user 5.50 s, sys 0.38 s, maxrss 322236 KB]
[busy 602 jiffies]
[exit 0]
--- lexindex dict1024   load 1.04 0.90 0.82
1000000 keys
lexindex DictIndex block 1024: build 439 ms, size 6.934 MiB (7.271 B/key), latency cold 509.7 ns, then mean 504.4 / min 503.1 ns
439.220,6.934203,509.680
[time 3.04 s, user 4.74 s, sys 0.30 s, maxrss 334596 KB]
[busy 515 jiffies]
[exit 0]
--- lexindex routed32   load 0.96 0.88 0.82
1000000 keys
lexindex DictIndex block 32 routed: build 408 ms, size 8.891 MiB (9.323 B/key), latency cold 409.7 ns, then mean 405.6 / min 401.4 ns
407.502,8.891248,409.699
[time 2.62 s, user 5.32 s, sys 0.36 s, maxrss 325856 KB]
[busy 581 jiffies]
[exit 0]
--- lexindex routed256   load 0.96 0.88 0.82
1000000 keys
lexindex DictIndex block 256 routed: build 411 ms, size 7.640 MiB (8.011 B/key), latency cold 380.3 ns, then mean 370.9 / min 369.1 ns
410.871,7.640013,380.341
[time 2.50 s, user 5.21 s, sys 0.42 s, maxrss 321312 KB]
[busy 579 jiffies]
[exit 0]
--- lexindex routed1024   load 2.16 1.13 0.90
1000000 keys
lexindex DictIndex block 1024 routed: build 444 ms, size 7.173 MiB (7.521 B/key), latency cold 407.7 ns, then mean 405.7 / min 405.4 ns
443.629,7.172729,407.704
[time 2.65 s, user 4.35 s, sys 0.31 s, maxrss 334160 KB]
[busy 474 jiffies]
[exit 0]
--- lexindex string   load 2.07 1.13 0.90
1000000 keys
lexindex StringIndex: build 1097 ms, size 16.099 MiB (16.881 B/key), latency cold 433.4 ns, then mean 418.6 / min 417.9 ns
1096.940,16.099341,433.382
[time 3.36 s, user 3.23 s, sys 0.11 s, maxrss 220420 KB]
[busy 342 jiffies]
[exit 0]
--- lexindex hashed0   load 1.98 1.13 0.90
1000000 keys
lexindex HashedDictIndex closed: build 537 ms, size 9.777 MiB (10.251 B/key), latency cold 57.6 ns, then mean 56.9 / min 56.6 ns
537.212,9.776591,57.610
[time 1.34 s, user 4.12 s, sys 0.38 s, maxrss 323320 KB]
[busy 462 jiffies]
[exit 0]
--- lexindex hashed8   load 1.98 1.13 0.90
1000000 keys
lexindex HashedDictIndex fp=8: build 535 ms, size 10.730 MiB (11.251 B/key), latency cold 69.6 ns, then mean 68.4 / min 68.2 ns
535.487,10.730266,69.578
[time 1.38 s, user 4.22 s, sys 0.36 s, maxrss 324836 KB]
[busy 467 jiffies]
[exit 0]
--- lexindex hashed16   load 1.82 1.11 0.90
1000000 keys
lexindex HashedDictIndex fp=16: build 536 ms, size 11.684 MiB (12.251 B/key), latency cold 70.9 ns, then mean 69.0 / min 68.9 ns
536.238,11.683940,70.932
[time 1.38 s, user 4.19 s, sys 0.36 s, maxrss 326836 KB]
[busy 462 jiffies]
[exit 0]
--- lexindex da   skipped: exit 3 in round 1
--- c2 case 0 rec 0   load 1.82 1.11 0.90
[TEST C2-FST]
Processing dataset...
Done!
Building trie...
Done!
build time: 1213.802138 ms (1213.802138 ns per key)
space cost: 11.640069 MB (23.310202% of original size 49.935513 MB)
Querying trie...
Done!
total time: 797.407156 ms, avg latency: 797.407156 ns
topology: 1.074997 MB, link: 2.347375 MB, data: 8.217697 MB
--- Unary Path Analysis (FST, cutoff=4) ---
  shared unary steps in main trie: 711966
  terminal suffixes: inplace=143732 (avg len=2.14)  links=800966 (84.8% of terminal)
  link len: avg=13.15  max=596  total_chars=10531952
  link length distribution (len:count):  4:63058  5:62039  6:59659  7:54131  8:47449  9:44821  10:40952  11:37727  12:34320  13:30594  14:29226  15:26885  16:26206  17:21450  18:19914  19:21120  20:19131  21:16702  22:14529  23:13405  24:12440  25:10970  26:9615  27:8669  28:7752  29:7002  30:6267  31:5704  32:4931  33:4493  34:4087  35:3562  36:3323  37:3007  38:2533  39:2401  40:2145  41:1856  42:1793  43:1565  44:1379  45:1246  46:1005  47:985  48:849  49:826  50:642  51:609  52:482  53:442  54:385  55:389  56:339  57:263  58:263  59:238  60:228  61:217  62:184  63:166  64:151  65:119  66:125  67:156  68:131  69:105  70:94  71:74  72:74  73:77  74:67  75:66  76:74  77:39  78:49  79:44  80:45  81:42  82:48  83:36  84:31  85:34  86:39  87:18  88:23  89:15  90:18  91:31  92:24  93:20  94:16  95:16  96:16  97:12  98:16  99:14  100:17  101:16  102:2  103:18  104:4  105:3  106:10  107:11  108:9  109:19  110:13  111:7  112:6  113:5  114:3  115:8  116:5  117:6  118:7  119:10  120:11  121:9  122:10  123:8  124:9  125:7  126:5  127:7  128:18  129:5  130:4  131:10  132:3  133:4  134:4  135:4  136:3  137:4  139:2  140:3  141:2  142:2  143:4  144:7  145:1  146:5  147:5  148:1  149:4  150:4  152:1  153:6  154:3  155:1  156:2  157:1  158:1  159:1  161:2  162:1  163:2  164:1  165:1  166:1  167:3  168:3  170:1  174:1  177:2  180:3  182:2  183:1  184:2  188:1  189:3  190:1  191:1  192:1  193:1  194:1  195:2  199:1  202:2  204:2  206:1  207:1  209:2  211:1  213:1  215:2  219:1  220:1  222:1  224:1  225:1  226:1  229:1  233:1  236:1  238:2  240:1  241:1  246:1  247:1  249:1  252:1  254:1  256:1  260:1  264:1  271:1  311:1  337:1  383:1  506:1  597:1
1213.802138,11.640069,797.407156
[PASSED]
[time 2.80 s, user 2.62 s, sys 0.16 s, maxrss 231304 KB]
[busy 287 jiffies]
[exit 0]
--- c2 case 0 rec 1   load 1.76 1.11 0.90
[TEST C2-FST]
Processing dataset...
Done!
Building trie...
trie size: 3.124794 MB
Done!
build time: 1546.030780 ms (1546.030780 ns per key)
space cost: 9.773470 MB (19.572183% of original size 49.935513 MB)
Querying trie...
Done!
total time: 953.024249 ms, avg latency: 953.024249 ns
topology: 1.480076 MB, link: 2.557474 MB, data: 5.735920 MB
--- Unary Path Analysis (FST, cutoff=4) ---
  shared unary steps in main trie: 711966
  terminal suffixes: inplace=143732 (avg len=2.14)  links=800966 (84.8% of terminal)
  link len: avg=13.15  max=596  total_chars=10531952
  link length distribution (len:count):  4:63058  5:62039  6:59659  7:54131  8:47449  9:44821  10:40952  11:37727  12:34320  13:30594  14:29226  15:26885  16:26206  17:21450  18:19914  19:21120  20:19131  21:16702  22:14529  23:13405  24:12440  25:10970  26:9615  27:8669  28:7752  29:7002  30:6267  31:5704  32:4931  33:4493  34:4087  35:3562  36:3323  37:3007  38:2533  39:2401  40:2145  41:1856  42:1793  43:1565  44:1379  45:1246  46:1005  47:985  48:849  49:826  50:642  51:609  52:482  53:442  54:385  55:389  56:339  57:263  58:263  59:238  60:228  61:217  62:184  63:166  64:151  65:119  66:125  67:156  68:131  69:105  70:94  71:74  72:74  73:77  74:67  75:66  76:74  77:39  78:49  79:44  80:45  81:42  82:48  83:36  84:31  85:34  86:39  87:18  88:23  89:15  90:18  91:31  92:24  93:20  94:16  95:16  96:16  97:12  98:16  99:14  100:17  101:16  102:2  103:18  104:4  105:3  106:10  107:11  108:9  109:19  110:13  111:7  112:6  113:5  114:3  115:8  116:5  117:6  118:7  119:10  120:11  121:9  122:10  123:8  124:9  125:7  126:5  127:7  128:18  129:5  130:4  131:10  132:3  133:4  134:4  135:4  136:3  137:4  139:2  140:3  141:2  142:2  143:4  144:7  145:1  146:5  147:5  148:1  149:4  150:4  152:1  153:6  154:3  155:1  156:2  157:1  158:1  159:1  161:2  162:1  163:2  164:1  165:1  166:1  167:3  168:3  170:1  174:1  177:2  180:3  182:2  183:1  184:2  188:1  189:3  190:1  191:1  192:1  193:1  194:1  195:2  199:1  202:2  204:2  206:1  207:1  209:2  211:1  213:1  215:2  219:1  220:1  222:1  224:1  225:1  226:1  229:1  233:1  236:1  238:2  240:1  241:1  246:1  247:1  249:1  252:1  254:1  256:1  260:1  264:1  271:1  311:1  337:1  383:1  506:1  597:1
1546.030780,9.773470,953.024249
[PASSED]
[time 3.30 s, user 3.11 s, sys 0.17 s, maxrss 228516 KB]
[busy 339 jiffies]
[exit 0]
--- c2 case 0 rec 2   load 1.70 1.11 0.90
[TEST C2-FST]
Processing dataset...
Done!
Building trie...
trie size: 3.124794 MB
trie size: 0.926831 MB
Done!
build time: 1691.263873 ms (1691.263873 ns per key)
space cost: 9.773470 MB (19.572183% of original size 49.935513 MB)
Querying trie...
Done!
total time: 956.756094 ms, avg latency: 956.756094 ns
topology: 1.480076 MB, link: 2.557474 MB, data: 5.735920 MB
--- Unary Path Analysis (FST, cutoff=4) ---
  shared unary steps in main trie: 711966
  terminal suffixes: inplace=143732 (avg len=2.14)  links=800966 (84.8% of terminal)
  link len: avg=13.15  max=596  total_chars=10531952
  link length distribution (len:count):  4:63058  5:62039  6:59659  7:54131  8:47449  9:44821  10:40952  11:37727  12:34320  13:30594  14:29226  15:26885  16:26206  17:21450  18:19914  19:21120  20:19131  21:16702  22:14529  23:13405  24:12440  25:10970  26:9615  27:8669  28:7752  29:7002  30:6267  31:5704  32:4931  33:4493  34:4087  35:3562  36:3323  37:3007  38:2533  39:2401  40:2145  41:1856  42:1793  43:1565  44:1379  45:1246  46:1005  47:985  48:849  49:826  50:642  51:609  52:482  53:442  54:385  55:389  56:339  57:263  58:263  59:238  60:228  61:217  62:184  63:166  64:151  65:119  66:125  67:156  68:131  69:105  70:94  71:74  72:74  73:77  74:67  75:66  76:74  77:39  78:49  79:44  80:45  81:42  82:48  83:36  84:31  85:34  86:39  87:18  88:23  89:15  90:18  91:31  92:24  93:20  94:16  95:16  96:16  97:12  98:16  99:14  100:17  101:16  102:2  103:18  104:4  105:3  106:10  107:11  108:9  109:19  110:13  111:7  112:6  113:5  114:3  115:8  116:5  117:6  118:7  119:10  120:11  121:9  122:10  123:8  124:9  125:7  126:5  127:7  128:18  129:5  130:4  131:10  132:3  133:4  134:4  135:4  136:3  137:4  139:2  140:3  141:2  142:2  143:4  144:7  145:1  146:5  147:5  148:1  149:4  150:4  152:1  153:6  154:3  155:1  156:2  157:1  158:1  159:1  161:2  162:1  163:2  164:1  165:1  166:1  167:3  168:3  170:1  174:1  177:2  180:3  182:2  183:1  184:2  188:1  189:3  190:1  191:1  192:1  193:1  194:1  195:2  199:1  202:2  204:2  206:1  207:1  209:2  211:1  213:1  215:2  219:1  220:1  222:1  224:1  225:1  226:1  229:1  233:1  236:1  238:2  240:1  241:1  246:1  247:1  249:1  252:1  254:1  256:1  260:1  264:1  271:1  311:1  337:1  383:1  506:1  597:1
1691.263873,9.773470,956.756094
[PASSED]
[time 3.43 s, user 3.25 s, sys 0.16 s, maxrss 228176 KB]
[busy 349 jiffies]
[exit 0]
--- c2 case 1 rec 0   load 1.56 1.09 0.89
[TEST C2-CoCo(LOUDS-Sparse)]
Processing dataset...
Done!
Building trie...
Done!
build time: 2467.234874 ms (2467.234874 ns per key)
space cost: 12.005466 MB (24.041940% of original size 49.935513 MB)
Querying trie...
Done!
total time: 861.468655 ms, avg latency: 861.468655 ns
topology: 0.422745 MB, link: 3.209543 MB, data: 8.373178 MB
2467.234874,12.005466,861.468655
[PASSED]
[time 4.10 s, user 3.89 s, sys 0.19 s, maxrss 408000 KB]
[busy 416 jiffies]
[exit 0]
--- c2 case 1 rec 1   load 1.43 1.07 0.89
[TEST C2-CoCo(LOUDS-Sparse)]
Processing dataset...
Done!
Building trie...
trie size: 3.124794 MB
Done!
build time: 2812.454605 ms (2812.454605 ns per key)
space cost: 10.138867 MB (20.303920% of original size 49.935513 MB)
Querying trie...
Done!
total time: 1002.188916 ms, avg latency: 1002.188916 ns
topology: 0.827824 MB, link: 3.419642 MB, data: 5.891401 MB
2812.454605,10.138867,1002.188916
[PASSED]
[time 4.59 s, user 4.35 s, sys 0.21 s, maxrss 398244 KB]
[busy 470 jiffies]
[exit 0]
--- c2 case 1 rec 2   load 1.40 1.07 0.89
[TEST C2-CoCo(LOUDS-Sparse)]
Processing dataset...
Done!
Building trie...
trie size: 3.124794 MB
trie size: 0.926831 MB
Done!
build time: 2937.807367 ms (2937.807367 ns per key)
space cost: 10.138867 MB (20.303920% of original size 49.935513 MB)
Querying trie...
Done!
total time: 1013.585900 ms, avg latency: 1013.585900 ns
topology: 0.827824 MB, link: 3.419642 MB, data: 5.891401 MB
2937.807367,10.138867,1013.585900
[PASSED]
[time 4.75 s, user 4.50 s, sys 0.22 s, maxrss 398316 KB]
[busy 486 jiffies]
[exit 0]
--- c2 case 2 rec 0   load 1.37 1.07 0.89
[TEST C2-MARISA]
Processing dataset...
Done!
Building trie...
trie size: 2.244002 MB
Done!
build time: 1192.659967 ms (1192.659967 ns per key)
space cost: 10.960715 MB (21.949740% of original size 49.935513 MB)
Querying trie...
Done!
total time: 461.430960 ms, avg latency: 461.430960 ns
topology: 0.743214 MB, link: 2.809175 MB, data: 7.387818 MB
--- Unary Path Analysis (Marisa, cutoff=3) ---
  branches: 1527762  |  single-char: 409800 (26.8%)  short-unary: 94203 (6.2%)  links: 1023759 (67.0%)
  link len: avg=12.97  max=598  total_chars=13282609
  link length distribution (len:count):  3:78091  4:83418  5:77115  6:71727  7:67342  8:60401  9:52007  10:48612  11:43341  12:39688  13:35797  14:31899  15:30173  16:27648  17:26857  18:22212  19:20563  20:21642  21:19617  22:17114  23:14842  24:13684  25:12695  26:11175  27:9829  28:8848  29:7935  30:7132  31:6445  32:5847  33:5055  34:4589  35:4148  36:3637  37:3382  38:3086  39:2567  40:2441  41:2168  42:1886  43:1827  44:1585  45:1405  46:1260  47:1016  48:995  49:861  50:844  51:650  52:616  53:486  54:450  55:392  56:393  57:345  58:266  59:265  60:240  61:230  62:219  63:185  64:166  65:151  66:119  67:125  68:158  69:131  70:105  71:94  72:74  73:75  74:77  75:68  76:66  77:74  78:40  79:49  80:44  81:45  82:43  83:48  84:36  85:31  86:35  87:40  88:19  89:24  90:15  91:18  92:31  93:24  94:20  95:16  96:16  97:16  98:12  99:16  100:14  101:17  102:16  103:2  104:18  105:4  106:3  107:10  108:11  109:9  110:19  111:13  112:7  113:6  114:5  115:3  116:8  117:5  118:6  119:8  120:10  121:11  122:9  123:10  124:8  125:9  126:7  127:5  128:7  129:18  130:5  131:4  132:10  133:3  134:4  135:4  136:4  137:4  138:4  140:2  141:3  142:2  143:2  144:4  145:7  146:1  147:5  148:5  149:1  150:4  151:4  153:1  154:6  155:3  156:1  157:2  158:1  159:1  160:1  162:2  163:1  164:2  165:1  166:1  167:1  168:3  169:3  171:1  175:1  178:2  181:3  183:2  184:1  185:2  189:1  190:3  191:1  192:1  193:1  194:1  195:1  196:2  200:1  203:2  205:2  207:1  208:1  210:2  212:1  214:1  216:2  220:1  221:1  223:1  225:1  226:1  227:1  230:1  234:1  237:1  239:2  241:1  242:1  247:1  248:1  250:1  253:1  255:1  257:1  261:1  265:1  272:1  312:1  338:1  384:1  507:1  598:1
  short unary avg len: 2.00
1192.659967,10.960715,461.430960
[PASSED]
[time 2.45 s, user 2.28 s, sys 0.16 s, maxrss 246980 KB]
[busy 253 jiffies]
[exit 0]
--- c2 case 2 rec 1   load 1.26 1.05 0.89
[TEST C2-MARISA]
Processing dataset...
Done!
Building trie...
trie size: 2.244002 MB
trie size: 3.864603 MB
Done!
build time: 1595.175039 ms (1595.175039 ns per key)
space cost: 8.779989 MB (17.582655% of original size 49.935513 MB)
Querying trie...
Done!
total time: 639.652043 ms, avg latency: 639.652043 ns
topology: 1.217873 MB, link: 3.069385 MB, data: 4.472224 MB
--- Unary Path Analysis (Marisa, cutoff=3) ---
  branches: 1527762  |  single-char: 409800 (26.8%)  short-unary: 94203 (6.2%)  links: 1023759 (67.0%)
  link len: avg=12.97  max=598  total_chars=13282609
  link length distribution (len:count):  3:78091  4:83418  5:77115  6:71727  7:67342  8:60401  9:52007  10:48612  11:43341  12:39688  13:35797  14:31899  15:30173  16:27648  17:26857  18:22212  19:20563  20:21642  21:19617  22:17114  23:14842  24:13684  25:12695  26:11175  27:9829  28:8848  29:7935  30:7132  31:6445  32:5847  33:5055  34:4589  35:4148  36:3637  37:3382  38:3086  39:2567  40:2441  41:2168  42:1886  43:1827  44:1585  45:1405  46:1260  47:1016  48:995  49:861  50:844  51:650  52:616  53:486  54:450  55:392  56:393  57:345  58:266  59:265  60:240  61:230  62:219  63:185  64:166  65:151  66:119  67:125  68:158  69:131  70:105  71:94  72:74  73:75  74:77  75:68  76:66  77:74  78:40  79:49  80:44  81:45  82:43  83:48  84:36  85:31  86:35  87:40  88:19  89:24  90:15  91:18  92:31  93:24  94:20  95:16  96:16  97:16  98:12  99:16  100:14  101:17  102:16  103:2  104:18  105:4  106:3  107:10  108:11  109:9  110:19  111:13  112:7  113:6  114:5  115:3  116:8  117:5  118:6  119:8  120:10  121:11  122:9  123:10  124:8  125:9  126:7  127:5  128:7  129:18  130:5  131:4  132:10  133:3  134:4  135:4  136:4  137:4  138:4  140:2  141:3  142:2  143:2  144:4  145:7  146:1  147:5  148:5  149:1  150:4  151:4  153:1  154:6  155:3  156:1  157:2  158:1  159:1  160:1  162:2  163:1  164:2  165:1  166:1  167:1  168:3  169:3  171:1  175:1  178:2  181:3  183:2  184:1  185:2  189:1  190:3  191:1  192:1  193:1  194:1  195:1  196:2  200:1  203:2  205:2  207:1  208:1  210:2  212:1  214:1  216:2  220:1  221:1  223:1  225:1  226:1  227:1  230:1  234:1  237:1  239:2  241:1  242:1  247:1  248:1  250:1  253:1  255:1  257:1  261:1  265:1  272:1  312:1  338:1  384:1  507:1  598:1
  short unary avg len: 2.00
1595.175039,8.779989,639.652043
[PASSED]
[time 3.04 s, user 2.83 s, sys 0.19 s, maxrss 242248 KB]
[busy 310 jiffies]
[exit 0]
--- c2 case 2 rec 2   load 1.26 1.05 0.89
[TEST C2-MARISA]
Processing dataset...
Done!
Building trie...
trie size: 2.244002 MB
trie size: 3.864603 MB
trie size: 1.068947 MB
Done!
build time: 1730.847211 ms (1730.847211 ns per key)
space cost: 8.365690 MB (16.752987% of original size 49.935513 MB)
Querying trie...
Done!
total time: 704.843037 ms, avg latency: 704.843037 ns
topology: 1.410183 MB, link: 3.158367 MB, data: 3.776632 MB
--- Unary Path Analysis (Marisa, cutoff=3) ---
  branches: 1527762  |  single-char: 409800 (26.8%)  short-unary: 94203 (6.2%)  links: 1023759 (67.0%)
  link len: avg=12.97  max=598  total_chars=13282609
  link length distribution (len:count):  3:78091  4:83418  5:77115  6:71727  7:67342  8:60401  9:52007  10:48612  11:43341  12:39688  13:35797  14:31899  15:30173  16:27648  17:26857  18:22212  19:20563  20:21642  21:19617  22:17114  23:14842  24:13684  25:12695  26:11175  27:9829  28:8848  29:7935  30:7132  31:6445  32:5847  33:5055  34:4589  35:4148  36:3637  37:3382  38:3086  39:2567  40:2441  41:2168  42:1886  43:1827  44:1585  45:1405  46:1260  47:1016  48:995  49:861  50:844  51:650  52:616  53:486  54:450  55:392  56:393  57:345  58:266  59:265  60:240  61:230  62:219  63:185  64:166  65:151  66:119  67:125  68:158  69:131  70:105  71:94  72:74  73:75  74:77  75:68  76:66  77:74  78:40  79:49  80:44  81:45  82:43  83:48  84:36  85:31  86:35  87:40  88:19  89:24  90:15  91:18  92:31  93:24  94:20  95:16  96:16  97:16  98:12  99:16  100:14  101:17  102:16  103:2  104:18  105:4  106:3  107:10  108:11  109:9  110:19  111:13  112:7  113:6  114:5  115:3  116:8  117:5  118:6  119:8  120:10  121:11  122:9  123:10  124:8  125:9  126:7  127:5  128:7  129:18  130:5  131:4  132:10  133:3  134:4  135:4  136:4  137:4  138:4  140:2  141:3  142:2  143:2  144:4  145:7  146:1  147:5  148:5  149:1  150:4  151:4  153:1  154:6  155:3  156:1  157:2  158:1  159:1  160:1  162:2  163:1  164:2  165:1  166:1  167:1  168:3  169:3  171:1  175:1  178:2  181:3  183:2  184:1  185:2  189:1  190:3  191:1  192:1  193:1  194:1  195:1  196:2  200:1  203:2  205:2  207:1  208:1  210:2  212:1  214:1  216:2  220:1  221:1  223:1  225:1  226:1  227:1  230:1  234:1  237:1  239:2  241:1  242:1  247:1  248:1  250:1  253:1  255:1  257:1  261:1  265:1  272:1  312:1  338:1  384:1  507:1  598:1
  short unary avg len: 2.00
1730.847211,8.365690,704.843037
[PASSED]
[time 3.24 s, user 3.03 s, sys 0.20 s, maxrss 242076 KB]
[busy 330 jiffies]
[exit 0]
--- c2 case 3 rec 0   load 1.24 1.05 0.89
[TEST FST]
Processing dataset...
Done!
Building trie...
Done!
build time: 1409.717683 ms (1409.717683 ns per key)
space cost: 12.952020 MB (25.937492% of original size 49.935513 MB)
Querying trie...
Done!
total time: 1195.700583 ms, avg latency: 1195.700583 ns
not implemented
1409.717683,12.952020,1195.700583
[PASSED]
[time 3.40 s, user 3.25 s, sys 0.13 s, maxrss 215048 KB]
[busy 345 jiffies]
[exit 0]
--- c2 case 4 rec 0   load 1.22 1.05 0.89
[TEST COCO]
Processing dataset...
Done!
Building trie...
num nodes = 618926, average depth = 10.757375
ef = 0.000126, pa = 0.112513, bv = 0.000294, de = 0.664175
efr = 0.000805, par = 0.102747, bvr = 0.000005, der = 0.119336
Done!
build time: 30600.715485 ms (30600.715485 ns per key)
space cost: 17.219774 MB (34.484023% of original size 49.935513 MB)
Querying trie...
Done!
total time: 1336.274087 ms, avg latency: 1336.274087 ns
not implemented
30600.715485,17.219774,1336.274087
[PASSED]
[time 33.73 s, user 27.03 s, sys 6.56 s, maxrss 15528712 KB]
[busy 3433 jiffies]
[exit 0]
--- c2 case 5 rec 0   load 1.12 1.04 0.90
[TEST MARISA]
Processing dataset...
Done!
Building trie...
Done!
build time: 1020.059870 ms (1020.059870 ns per key)
space cost: 13.234698 MB (26.503579% of original size 49.935513 MB)
Querying trie...
Done!
total time: 571.375920 ms, avg latency: 571.375920 ns
not implemented
1020.059870,13.234698,571.375920
[PASSED]
[time 2.36 s, user 2.20 s, sys 0.15 s, maxrss 268068 KB]
[busy 241 jiffies]
[exit 0]
--- c2 case 5 rec 1   load 1.11 1.04 0.90
[TEST MARISA]
Processing dataset...
Done!
Building trie...
Done!
build time: 1212.676693 ms (1212.676693 ns per key)
space cost: 8.973619 MB (17.970414% of original size 49.935513 MB)
Querying trie...
Done!
total time: 849.765437 ms, avg latency: 849.765437 ns
not implemented
1212.676693,8.973619,849.765437
[PASSED]
[time 2.82 s, user 2.63 s, sys 0.18 s, maxrss 268116 KB]
[busy 290 jiffies]
[exit 0]
--- c2 case 5 rec 2   load 1.02 1.02 0.89
[TEST MARISA]
Processing dataset...
Done!
Building trie...
Done!
build time: 1265.026869 ms (1265.026869 ns per key)
space cost: 8.005336 MB (16.031348% of original size 49.935513 MB)
Querying trie...
Done!
total time: 993.605641 ms, avg latency: 993.605641 ns
not implemented
1265.026869,8.005336,993.605641
[PASSED]
[time 3.02 s, user 2.85 s, sys 0.15 s, maxrss 267820 KB]
[busy 307 jiffies]
[exit 0]
--- c2 case 6 rec 0   load 1.02 1.02 0.89
[TEST PDT]
Processing dataset...
Done!
Building trie...
dict size: 156062, stream size: 7596722
Done!
build time: 3527.459774 ms (3527.459774 ns per key)
space cost: 8.669690 MB (17.361772% of original size 49.935513 MB)
Querying trie...
Done!
total time: 723.261279 ms, avg latency: 723.261279 ns
not implemented
3527.459774,8.669690,723.261279
[PASSED]
[time 5.03 s, user 4.82 s, sys 0.18 s, maxrss 299204 KB]
[busy 514 jiffies]
[exit 0]
--- c2 case 7 rec 0   load 0.94 1.00 0.89
[TEST ART]
Processing dataset...
Done!
Building trie...
Done!
build time: 309.786986 ms (309.786986 ns per key)
space cost: 32.934517 MB (65.954097% of original size 49.935513 MB)
Querying trie...
Done!
total time: 621.205759 ms, avg latency: 621.205759 ns
not implemented
309.786986,32.934517,621.205759
[PASSED]
[time 1.74 s, user 1.59 s, sys 0.14 s, maxrss 290604 KB]
[busy 179 jiffies]
[exit 0]
--- c2 case 8 rec 0   load 0.94 1.00 0.89
[TEST CART]
Processing dataset...
Done!
Building trie...
Done!
build time: 358.289349 ms (358.289349 ns per key)
space cost: 15.060642 MB (30.160183% of original size 49.935513 MB)
Querying trie...
Done!
total time: 646.937277 ms, avg latency: 646.937277 ns
not implemented
358.289349,15.060642,646.937277
[PASSED]
[time 1.82 s, user 1.67 s, sys 0.14 s, maxrss 278416 KB]
[busy 185 jiffies]
[exit 0]
--- xcdat 7   load 0.94 1.00 0.89
build time: 1179.246793 ms
space cost: 15.639350 MiB (31.319093% of original size 49.935513 MiB)
avg latency: 395.344904 ns
1179.246793,15.639350,395.344904
[time 2.35 s, user 2.18 s, sys 0.16 s, maxrss 231184 KB]
[busy 240 jiffies]
[exit 0]
--- xcdat 8   load 0.94 1.00 0.89
build time: 1138.797178 ms
space cost: 15.165496 MiB (30.370161% of original size 49.935513 MiB)
avg latency: 372.396086 ns
1138.797178,15.165496,372.396086
[time 2.31 s, user 2.14 s, sys 0.15 s, maxrss 231336 KB]
[busy 234 jiffies]
[exit 0]
--- xcdat 15   load 0.95 1.00 0.89
build time: 1165.017806 ms
space cost: 17.302892 MiB (34.650473% of original size 49.935513 MiB)
avg latency: 357.049467 ns
1165.017806,17.302892,357.049467
[time 2.32 s, user 2.17 s, sys 0.14 s, maxrss 231176 KB]
[busy 237 jiffies]
[exit 0]
--- xcdat 16   load 0.95 1.00 0.89
build time: 1138.637096 ms
space cost: 17.859698 MiB (35.765524% of original size 49.935513 MiB)
avg latency: 382.505940 ns
1138.637096,17.859698,382.505940
[time 2.31 s, user 2.13 s, sys 0.17 s, maxrss 231320 KB]
[busy 236 jiffies]
[exit 0]

##### uuid-1000000 (1000000 lines, 37000000 bytes)   round 3/3   2026-09-25T09:24:36+03:00
--- lexindex dict32   load 0.95 1.00 0.89
1000000 keys
lexindex DictIndex block 32: build 225 ms, size 17.741 MiB (18.603 B/key), latency cold 423.3 ns, then mean 420.7 / min 419.8 ns
225.205,17.741351,423.347
[time 2.40 s, user 3.29 s, sys 0.41 s, maxrss 248960 KB]
[busy 381 jiffies]
[exit 0]
--- lexindex dict256   load 0.96 1.00 0.89
1000000 keys
lexindex DictIndex block 256: build 224 ms, size 17.205 MiB (18.040 B/key), latency cold 408.1 ns, then mean 404.1 / min 403.2 ns
224.241,17.204642,408.078
[time 2.33 s, user 3.14 s, sys 0.44 s, maxrss 223788 KB]
[busy 367 jiffies]
[exit 0]
--- lexindex dict1024   load 0.96 1.00 0.89
1000000 keys
lexindex DictIndex block 1024: build 219 ms, size 17.065 MiB (17.894 B/key), latency cold 434.0 ns, then mean 434.0 / min 432.3 ns
219.474,17.064983,433.961
[time 2.44 s, user 2.88 s, sys 0.20 s, maxrss 244728 KB]
[busy 319 jiffies]
[exit 0]
--- lexindex routed32   load 0.96 1.00 0.89
1000000 keys
lexindex DictIndex block 32 routed: build 229 ms, size 18.218 MiB (19.103 B/key), latency cold 382.0 ns, then mean 377.0 / min 375.8 ns
228.529,18.218188,381.970
[time 2.23 s, user 3.11 s, sys 0.43 s, maxrss 255132 KB]
[busy 364 jiffies]
[exit 0]
--- lexindex routed256   load 0.96 1.00 0.89
1000000 keys
lexindex DictIndex block 256 routed: build 229 ms, size 17.682 MiB (18.540 B/key), latency cold 351.9 ns, then mean 351.1 / min 348.8 ns
228.699,17.681571,351.865
[time 2.13 s, user 3.01 s, sys 0.42 s, maxrss 222544 KB]
[busy 351 jiffies]
[exit 0]
--- lexindex routed1024   load 0.97 1.00 0.89
1000000 keys
lexindex DictIndex block 1024 routed: build 225 ms, size 17.304 MiB (18.144 B/key), latency cold 358.3 ns, then mean 359.2 / min 357.8 ns
224.758,17.303509,358.301
[time 2.15 s, user 2.58 s, sys 0.21 s, maxrss 245272 KB]
[busy 288 jiffies]
[exit 0]
--- lexindex string   load 0.97 1.00 0.89
1000000 keys
lexindex StringIndex: build 2352 ms, size 35.389 MiB (37.108 B/key), latency cold 427.0 ns, then mean 429.5 / min 428.6 ns
2351.574,35.389391,427.030
[time 4.54 s, user 4.43 s, sys 0.09 s, maxrss 199468 KB]
[busy 464 jiffies]
[exit 0]
--- lexindex hashed0   load 0.97 1.00 0.90
1000000 keys
lexindex HashedDictIndex closed: build 331 ms, size 19.818 MiB (20.781 B/key), latency cold 55.6 ns, then mean 54.7 / min 54.6 ns
330.702,19.818487,55.568
[time 1.03 s, user 2.02 s, sys 0.41 s, maxrss 229556 KB]
[busy 245 jiffies]
[exit 0]
--- lexindex hashed8   load 1.05 1.02 0.90
1000000 keys
lexindex HashedDictIndex fp=8: build 332 ms, size 20.772 MiB (21.781 B/key), latency cold 70.5 ns, then mean 64.5 / min 64.0 ns
332.454,20.772161,70.499
[time 1.08 s, user 2.02 s, sys 0.43 s, maxrss 224272 KB]
[busy 255 jiffies]
[exit 0]
--- lexindex hashed16   load 1.05 1.02 0.90
1000000 keys
lexindex HashedDictIndex fp=16: build 329 ms, size 21.726 MiB (22.781 B/key), latency cold 67.9 ns, then mean 66.1 / min 65.9 ns
329.166,21.725836,67.884
[time 1.07 s, user 1.99 s, sys 0.41 s, maxrss 231284 KB]
[busy 246 jiffies]
[exit 0]
--- lexindex da   skipped: exit 3 in round 1
--- c2 case 0 rec 0   load 1.05 1.02 0.90
[TEST C2-FST]
Processing dataset...
Done!
Building trie...
Done!
build time: 1097.654148 ms (1097.654148 ns per key)
space cost: 22.510774 MB (65.567381% of original size 34.332275 MB)
Querying trie...
Done!
total time: 435.112498 ms, avg latency: 435.112498 ns
topology: 0.773712 MB, link: 3.131501 MB, data: 18.605560 MB
--- Unary Path Analysis (FST, cutoff=4) ---
  shared unary steps in main trie: 13682
  terminal suffixes: inplace=0 (avg len=0.00)  links=1000000 (100.0% of terminal)
  link len: avg=29.32  max=30  total_chars=29323284
  link length distribution (len:count):  24:2  25:10  26:206  28:3376  29:54458  30:556568  31:385380
1097.654148,22.510774,435.112498
[PASSED]
[time 2.23 s, user 2.04 s, sys 0.17 s, maxrss 312284 KB]
[busy 229 jiffies]
[exit 0]
--- c2 case 0 rec 1   load 1.05 1.02 0.90
[TEST C2-FST]
Processing dataset...
Done!
Building trie...
trie size: 4.445807 MB
Done!
build time: 2024.814980 ms (2024.814980 ns per key)
space cost: 22.510774 MB (65.567381% of original size 34.332275 MB)
Querying trie...
Done!
total time: 434.342721 ms, avg latency: 434.342721 ns
topology: 0.773712 MB, link: 3.131501 MB, data: 18.605560 MB
--- Unary Path Analysis (FST, cutoff=4) ---
  shared unary steps in main trie: 13682
  terminal suffixes: inplace=0 (avg len=0.00)  links=1000000 (100.0% of terminal)
  link len: avg=29.32  max=30  total_chars=29323284
  link length distribution (len:count):  24:2  25:10  26:206  28:3376  29:54458  30:556568  31:385380
2024.814980,22.510774,434.342721
[PASSED]
[time 3.14 s, user 2.96 s, sys 0.16 s, maxrss 362068 KB]
[busy 319 jiffies]
[exit 0]
--- c2 case 0 rec 2   load 1.04 1.02 0.90
[TEST C2-FST]
Processing dataset...
Done!
Building trie...
trie size: 4.445807 MB
Done!
build time: 2012.777713 ms (2012.777713 ns per key)
space cost: 22.510774 MB (65.567381% of original size 34.332275 MB)
Querying trie...
Done!
total time: 428.510067 ms, avg latency: 428.510067 ns
topology: 0.773712 MB, link: 3.131501 MB, data: 18.605560 MB
--- Unary Path Analysis (FST, cutoff=4) ---
  shared unary steps in main trie: 13682
  terminal suffixes: inplace=0 (avg len=0.00)  links=1000000 (100.0% of terminal)
  link len: avg=29.32  max=30  total_chars=29323284
  link length distribution (len:count):  24:2  25:10  26:206  28:3376  29:54458  30:556568  31:385380
2012.777713,22.510774,428.510067
[PASSED]
[time 3.12 s, user 2.93 s, sys 0.17 s, maxrss 361880 KB]
[busy 316 jiffies]
[exit 0]
--- c2 case 1 rec 0   load 1.04 1.02 0.91
[TEST C2-CoCo(LOUDS-Sparse)]
Processing dataset...
Done!
Building trie...
Done!
build time: 1441.398276 ms (1441.398276 ns per key)
space cost: 21.333610 MB (62.138642% of original size 34.332275 MB)
Querying trie...
Done!
total time: 488.921036 ms, avg latency: 488.921036 ns
topology: 0.346375 MB, link: 3.293192 MB, data: 17.694043 MB
1441.398276,21.333610,488.921036
[PASSED]
[time 2.61 s, user 2.39 s, sys 0.20 s, maxrss 431236 KB]
[busy 266 jiffies]
[exit 0]
--- c2 case 1 rec 1   load 1.04 1.01 0.91
[TEST C2-CoCo(LOUDS-Sparse)]
Processing dataset...
Done!
Building trie...
trie size: 4.445807 MB
Done!
build time: 2389.780578 ms (2389.780578 ns per key)
space cost: 21.333610 MB (62.138642% of original size 34.332275 MB)
Querying trie...
Done!
total time: 492.912198 ms, avg latency: 492.912198 ns
topology: 0.346375 MB, link: 3.293192 MB, data: 17.694043 MB
2389.780578,21.333610,492.912198
[PASSED]
[time 3.57 s, user 3.32 s, sys 0.22 s, maxrss 474844 KB]
[busy 364 jiffies]
[exit 0]
--- c2 case 1 rec 2   load 1.03 1.01 0.91
[TEST C2-CoCo(LOUDS-Sparse)]
Processing dataset...
Done!
Building trie...
trie size: 4.445807 MB
Done!
build time: 2385.765791 ms (2385.765791 ns per key)
space cost: 21.333610 MB (62.138642% of original size 34.332275 MB)
Querying trie...
Done!
total time: 486.751777 ms, avg latency: 486.751777 ns
topology: 0.346375 MB, link: 3.293192 MB, data: 17.694043 MB
2385.765791,21.333610,486.751777
[PASSED]
[time 3.56 s, user 3.30 s, sys 0.24 s, maxrss 475008 KB]
[busy 363 jiffies]
[exit 0]
--- c2 case 2 rec 0   load 0.95 1.00 0.90
[TEST C2-MARISA]
Processing dataset...
Done!
Building trie...
trie size: 1.966455 MB
Done!
build time: 1007.955506 ms (1007.955506 ns per key)
space cost: 21.883573 MB (63.740525% of original size 34.332275 MB)
Querying trie...
Done!
total time: 361.049096 ms, avg latency: 361.049096 ns
topology: 0.650684 MB, link: 2.984713 MB, data: 18.227668 MB
--- Unary Path Analysis (Marisa, cutoff=3) ---
  branches: 1358149  |  single-char: 345387 (25.4%)  short-unary: 12003 (0.9%)  links: 1000759 (73.7%)
  link len: avg=31.30  max=32  total_chars=31325722
  link length distribution (len:count):  3:655  4:51  5:49  6:4  25:2  26:10  27:206  29:3376  30:54458  31:556568  32:385380
  short unary avg len: 2.00
1007.955506,21.883573,361.049096
[PASSED]
[time 2.05 s, user 1.87 s, sys 0.16 s, maxrss 313456 KB]
[busy 210 jiffies]
[exit 0]
--- c2 case 2 rec 1   load 0.95 1.00 0.90
[TEST C2-MARISA]
Processing dataset...
Done!
Building trie...
trie size: 1.966455 MB
trie size: 4.448333 MB
Done!
build time: 1955.931605 ms (1955.931605 ns per key)
space cost: 21.883573 MB (63.740525% of original size 34.332275 MB)
Querying trie...
Done!
total time: 365.240135 ms, avg latency: 365.240135 ns
topology: 0.650684 MB, link: 2.984713 MB, data: 18.227668 MB
--- Unary Path Analysis (Marisa, cutoff=3) ---
  branches: 1358149  |  single-char: 345387 (25.4%)  short-unary: 12003 (0.9%)  links: 1000759 (73.7%)
  link len: avg=31.30  max=32  total_chars=31325722
  link length distribution (len:count):  3:655  4:51  5:49  6:4  25:2  26:10  27:206  29:3376  30:54458  31:556568  32:385380
  short unary avg len: 2.00
1955.931605,21.883573,365.240135
[PASSED]
[time 3.01 s, user 2.80 s, sys 0.19 s, maxrss 361892 KB]
[busy 306 jiffies]
[exit 0]
--- c2 case 2 rec 2   load 0.95 1.00 0.90
[TEST C2-MARISA]
Processing dataset...
Done!
Building trie...
trie size: 1.966455 MB
trie size: 4.448333 MB
Done!
build time: 1942.400309 ms (1942.400309 ns per key)
space cost: 21.883573 MB (63.740525% of original size 34.332275 MB)
Querying trie...
Done!
total time: 363.184090 ms, avg latency: 363.184090 ns
topology: 0.650684 MB, link: 2.984713 MB, data: 18.227668 MB
--- Unary Path Analysis (Marisa, cutoff=3) ---
  branches: 1358149  |  single-char: 345387 (25.4%)  short-unary: 12003 (0.9%)  links: 1000759 (73.7%)
  link len: avg=31.30  max=32  total_chars=31325722
  link length distribution (len:count):  3:655  4:51  5:49  6:4  25:2  26:10  27:206  29:3376  30:54458  31:556568  32:385380
  short unary avg len: 2.00
1942.400309,21.883573,363.184090
[PASSED]
[time 2.99 s, user 2.79 s, sys 0.19 s, maxrss 361584 KB]
[busy 305 jiffies]
[exit 0]
--- c2 case 3 rec 0   load 0.96 1.00 0.90
[TEST FST]
Processing dataset...
Done!
Building trie...
Done!
build time: 828.859799 ms (828.859799 ns per key)
space cost: 34.505507 MB (100.504572% of original size 34.332275 MB)
Querying trie...
Done!
total time: 452.479123 ms, avg latency: 452.479123 ns
not implemented
828.859799,34.505507,452.479123
[PASSED]
[time 1.98 s, user 1.84 s, sys 0.12 s, maxrss 207676 KB]
[busy 202 jiffies]
[exit 0]
--- c2 case 4 rec 0   skipped: exit 134 in round 1
--- c2 case 5 rec 0   load 0.96 1.00 0.90
[TEST MARISA]
Processing dataset...
Done!
Building trie...
Done!
build time: 667.592835 ms (667.592835 ns per key)
space cost: 34.975940 MB (101.874808% of original size 34.332275 MB)
Querying trie...
Done!
total time: 522.084986 ms, avg latency: 522.084986 ns
not implemented
667.592835,34.975940,522.084986
[PASSED]
[time 1.89 s, user 1.72 s, sys 0.16 s, maxrss 282276 KB]
[busy 194 jiffies]
[exit 0]
--- c2 case 5 rec 1   load 0.96 1.00 0.91
[TEST MARISA]
Processing dataset...
Done!
Building trie...
Done!
build time: 1043.327347 ms (1043.327347 ns per key)
space cost: 33.974524 MB (98.957975% of original size 34.332275 MB)
Querying trie...
Done!
total time: 792.622150 ms, avg latency: 792.622150 ns
not implemented
1043.327347,33.974524,792.622150
[PASSED]
[time 2.52 s, user 2.35 s, sys 0.15 s, maxrss 251940 KB]
[busy 259 jiffies]
[exit 0]
--- c2 case 5 rec 2   load 0.97 1.00 0.91
[TEST MARISA]
Processing dataset...
Done!
Building trie...
Done!
build time: 1318.515054 ms (1318.515054 ns per key)
space cost: 32.972683 MB (96.039900% of original size 34.332275 MB)
Querying trie...
Done!
total time: 1131.398119 ms, avg latency: 1131.398119 ns
not implemented
1318.515054,32.972683,1131.398119
[PASSED]
[time 3.11 s, user 2.94 s, sys 0.15 s, maxrss 273028 KB]
[busy 318 jiffies]
[exit 0]
--- c2 case 6 rec 0   load 0.89 0.98 0.90
[TEST PDT]
Processing dataset...
Done!
Building trie...
dict size: 166618, stream size: 19935113
Done!
build time: 16716.872197 ms (16716.872197 ns per key)
space cost: 20.446564 MB (59.554933% of original size 34.332275 MB)
Querying trie...
Done!
total time: 719.915018 ms, avg latency: 719.915018 ns
not implemented
16716.872197,20.446564,719.915018
[PASSED]
[time 18.12 s, user 17.64 s, sys 0.41 s, maxrss 648376 KB]
[busy 1853 jiffies]
[exit 0]
--- c2 case 7 rec 0   load 0.91 0.98 0.90
[TEST ART]
Processing dataset...
Done!
Building trie...
Done!
build time: 188.083192 ms (188.083192 ns per key)
space cost: 25.565071 MB (74.463667% of original size 34.332275 MB)
Querying trie...
Done!
total time: 362.030381 ms, avg latency: 362.030381 ns
not implemented
188.083192,25.565071,362.030381
[PASSED]
[time 1.26 s, user 1.12 s, sys 0.13 s, maxrss 225440 KB]
[busy 130 jiffies]
[exit 0]
--- c2 case 8 rec 0   load 0.92 0.98 0.91
[TEST CART]
Processing dataset...
Done!
Building trie...
Done!
build time: 217.544552 ms (217.544552 ns per key)
space cost: 12.300360 MB (35.827394% of original size 34.332275 MB)
Querying trie...
Done!
total time: 380.644471 ms, avg latency: 380.644471 ns
not implemented
217.544552,12.300360,380.644471
[PASSED]
[time 1.31 s, user 1.19 s, sys 0.11 s, maxrss 214964 KB]
[busy 137 jiffies]
[exit 0]
--- xcdat 7   load 0.92 0.98 0.91
build time: 850.797717 ms
space cost: 36.820305 MiB (107.246911% of original size 34.332275 MiB)
avg latency: 339.143168 ns
850.797717,36.820305,339.143168
[time 1.89 s, user 1.74 s, sys 0.14 s, maxrss 231692 KB]
[busy 192 jiffies]
[exit 0]
--- xcdat 8   load 0.93 0.98 0.91
build time: 788.201782 ms
space cost: 36.200803 MiB (105.442481% of original size 34.332275 MiB)
avg latency: 344.040685 ns
788.201782,36.200803,344.040685
[time 1.83 s, user 1.67 s, sys 0.14 s, maxrss 231136 KB]
[busy 187 jiffies]
[exit 0]
--- xcdat 15   load 0.93 0.98 0.91
build time: 802.707238 ms
space cost: 37.074831 MiB (107.988272% of original size 34.332275 MiB)
avg latency: 330.546459 ns
802.707238,37.074831,330.546459
[time 1.82 s, user 1.67 s, sys 0.14 s, maxrss 230888 KB]
[busy 185 jiffies]
[exit 0]
--- xcdat 16   load 0.93 0.99 0.91
build time: 785.142982 ms
space cost: 37.473558 MiB (109.149650% of original size 34.332275 MiB)
avg latency: 338.063539 ns
785.142982,37.473558,338.063539
[time 1.82 s, user 1.68 s, sys 0.13 s, maxrss 231012 KB]
[busy 189 jiffies]
[exit 0]

campaign done 2026-09-25T09:26:32+03:00, load 0.93 0.99 0.91
