frontier campaign
date: 2026-09-26T03:23:31+03:00
host: arz
commit: be75a38
table: frontier-1m
lexindex: 4.5.2
kernel: Linux 7.2.7-200.fc44.x86_64 x86_64
cpu: AMD Ryzen 7 5800HS with Radeon Graphics
cores/threads: 8 / 16
caches: L2 512 KiB, L3 16384 KiB
governor: powersave
transparent hugepages: always [madvise] never
compiler: c++ (GCC) 16.2.1 20260819 (Red Hat 16.2.1-2)
rustc: rustc 1.98.1 (48a229cea 2026-09-01)
load at start: 0.35 0.53 0.72
memory: 38.6 GiB total, 33.3 available
swap in use: 2 MiB
memory layout: not read (needs root)
rounds: 3, even rounds in the reverse order
quiet before each process: under 1.0 busy CPUs for 1 s
clock ticks: 100
address space cap: 28000000 KB
timeout: 1800 s a process
pin c2: 92c1b861456b https://github.com/alexztc/C2
pin c2/lib/sdsl-lite: 4312ea9c9370 https://github.com/vgteam/sdsl-lite
pin c2/lib/ds2i: 4f46606cc077 https://github.com/aboffa/ds2i (modified: compact_elias_fano.hpp,succinct)
pin c2/lib/sux: 5944f6b5c1c7 https://github.com/vigna/sux (modified: sux/util/Vector.hpp)
pin c2/lib/fsst: e638d4cf8c26 https://github.com/cwida/fsst
pin c2/baseline_marisa/marisa: e54f296bb52d https://github.com/s-yata/marisa-trie
pin c2/baseline_ctriepp/ctriepp: 52d2c16a7bb6 https://gitlab.com/ofek.gila1/ctriepp
pin xcdat: 2451441dcc09 https://github.com/kampersanda/xcdat
pin c2/lib/ds2i/succinct: ea74747a8b1c (gitlink)
pin c2/lib/sdsl-lite/external/googletest: 71815bbf7de6 (gitlink)
pin c2/lib/sdsl-lite/external/libdivsufsort: 0f24acd8de20 (gitlink)
pin coco adapted headers: ee860d4b1e62 https://github.com/aboffa/CoCo-trie (by sha256)

##### words-full (479823 lines, 4953557 bytes)   round 1/3   2026-09-26T03:23:31+03:00
--- lexindex dict32   load 0.35 0.53 0.72
479823 keys
lexindex DictIndex block 32: build 41 ms, size 1.304 MiB (2.850 B/key), latency cold 206.8 ns, then mean 204.7 / min 204.5 ns
40.930,1.304057,206.763
[time 0.61 s, user 0.71 s, sys 0.05 s, maxrss 73312 KB]
[busy 78 jiffies]
[exit 0]
--- lexindex dict256   load 0.32 0.52 0.72
479823 keys
lexindex DictIndex block 256: build 41 ms, size 1.206 MiB (2.635 B/key), latency cold 241.1 ns, then mean 240.0 / min 239.9 ns
40.763,1.205790,241.109
[time 0.68 s, user 0.78 s, sys 0.06 s, maxrss 73268 KB]
[busy 87 jiffies]
[exit 0]
--- lexindex dict1024   load 0.32 0.52 0.72
479823 keys
lexindex DictIndex block 1024: build 49 ms, size 1.150 MiB (2.513 B/key), latency cold 295.3 ns, then mean 294.5 / min 293.7 ns
49.061,1.150117,295.271
[time 0.79 s, user 0.85 s, sys 0.04 s, maxrss 64736 KB]
[busy 92 jiffies]
[exit 0]
--- lexindex routed32   load 0.32 0.52 0.72
479823 keys
lexindex DictIndex block 32 routed: build 43 ms, size 1.533 MiB (3.350 B/key), latency cold 183.9 ns, then mean 182.1 / min 181.0 ns
42.754,1.532863,183.877
[time 0.57 s, user 0.67 s, sys 0.06 s, maxrss 72812 KB]
[busy 77 jiffies]
[exit 0]
--- lexindex routed256   load 0.29 0.51 0.72
479823 keys
lexindex DictIndex block 256 routed: build 42 ms, size 1.435 MiB (3.135 B/key), latency cold 173.7 ns, then mean 167.9 / min 167.9 ns
42.091,1.434671,173.698
[time 0.54 s, user 0.64 s, sys 0.07 s, maxrss 74248 KB]
[busy 72 jiffies]
[exit 0]
--- lexindex routed1024   load 0.29 0.51 0.72
479823 keys
lexindex DictIndex block 1024 routed: build 51 ms, size 1.265 MiB (2.764 B/key), latency cold 194.2 ns, then mean 192.5 / min 191.9 ns
51.005,1.264619,194.216
[time 0.60 s, user 0.65 s, sys 0.04 s, maxrss 64456 KB]
[busy 72 jiffies]
[exit 0]
--- lexindex string   load 0.29 0.51 0.72
479823 keys
lexindex StringIndex: build 145 ms, size 2.724 MiB (5.953 B/key), latency cold 151.2 ns, then mean 147.4 / min 147.3 ns
144.857,2.724010,151.160
[time 0.60 s, user 0.57 s, sys 0.02 s, maxrss 64768 KB]
[busy 65 jiffies]
[exit 0]
--- lexindex hashed0   load 0.27 0.51 0.71
479823 keys
lexindex HashedDictIndex closed: build 83 ms, size 2.403 MiB (5.252 B/key), latency cold 14.2 ns, then mean 12.1 / min 11.8 ns
82.644,2.403296,14.158
[time 0.28 s, user 0.39 s, sys 0.06 s, maxrss 74324 KB]
[busy 49 jiffies]
[exit 0]
--- lexindex hashed8   load 0.27 0.51 0.71
479823 keys
lexindex HashedDictIndex fp=8: build 84 ms, size 2.861 MiB (6.252 B/key), latency cold 17.6 ns, then mean 14.6 / min 14.4 ns
83.997,2.860890,17.629
[time 0.29 s, user 0.38 s, sys 0.09 s, maxrss 78160 KB]
[busy 51 jiffies]
[exit 0]
--- lexindex hashed16   load 0.27 0.51 0.71
479823 keys
lexindex HashedDictIndex fp=16: build 84 ms, size 3.318 MiB (7.252 B/key), latency cold 17.7 ns, then mean 14.6 / min 14.5 ns
83.932,3.318485,17.669
[time 0.28 s, user 0.39 s, sys 0.07 s, maxrss 82108 KB]
[busy 51 jiffies]
[exit 0]
--- lexindex da   load 0.27 0.51 0.71
479823 keys
lexindex DoubleArrayIndex: build 213 ms, size 11.176 MiB (24.422 B/key), latency cold 72.3 ns, then mean 58.4 / min 57.8 ns
213.291,11.175512,72.325
[time 0.50 s, user 0.44 s, sys 0.06 s, maxrss 76352 KB]
[busy 54 jiffies]
[exit 0]
--- c2 case 0 rec 0   load 0.33 0.51 0.71
[TEST C2-FST]
Processing dataset...
Done!
Building trie...
Done!
build time: 69.852122 ms (145.578936 ns per key)
space cost: 1.889297 MB (44.282271% of original size 4.266485 MB)
Querying trie...
Done!
total time: 123.845623 ms, avg latency: 258.106891 ns
topology: 0.420059 MB, link: 0.189988 MB, data: 1.279249 MB
--- Unary Path Analysis (FST, cutoff=4) ---
  shared unary steps in main trie: 150595
  terminal suffixes: inplace=193950 (avg len=1.79)  links=60939 (23.9% of terminal)
  link len: avg=4.24  max=35  total_chars=258586
  link length distribution (len:count):  4:25346  5:15798  6:9608  7:4976  8:2612  9:1355  10:653  11:330  12:137  13:65  14:25  15:11  16:9  17:6  18:2  19:3  20:1  21:1  36:1
69.852122,1.889297,258.106891
[PASSED]
[time 0.37 s, user 0.33 s, sys 0.03 s, maxrss 48600 KB]
[busy 38 jiffies]
[exit 0]
--- c2 case 0 rec 1   load 0.33 0.51 0.71
[TEST C2-FST]
Processing dataset...
Done!
Building trie...
trie size: 0.142362 MB
Done!
build time: 72.700755 ms (151.515778 ns per key)
space cost: 1.889297 MB (44.282271% of original size 4.266485 MB)
Querying trie...
Done!
total time: 123.379148 ms, avg latency: 257.134710 ns
topology: 0.420059 MB, link: 0.189988 MB, data: 1.279249 MB
--- Unary Path Analysis (FST, cutoff=4) ---
  shared unary steps in main trie: 150595
  terminal suffixes: inplace=193950 (avg len=1.79)  links=60939 (23.9% of terminal)
  link len: avg=4.24  max=35  total_chars=258586
  link length distribution (len:count):  4:25346  5:15798  6:9608  7:4976  8:2612  9:1355  10:653  11:330  12:137  13:65  14:25  15:11  16:9  17:6  18:2  19:3  20:1  21:1  36:1
72.700755,1.889297,257.134710
[PASSED]
[time 0.37 s, user 0.33 s, sys 0.04 s, maxrss 48728 KB]
[busy 38 jiffies]
[exit 0]
--- c2 case 0 rec 2   load 0.33 0.51 0.71
[TEST C2-FST]
Processing dataset...
Done!
Building trie...
trie size: 0.142362 MB
Done!
build time: 73.568606 ms (153.324468 ns per key)
space cost: 1.889297 MB (44.282271% of original size 4.266485 MB)
Querying trie...
Done!
total time: 123.799367 ms, avg latency: 258.010489 ns
topology: 0.420059 MB, link: 0.189988 MB, data: 1.279249 MB
--- Unary Path Analysis (FST, cutoff=4) ---
  shared unary steps in main trie: 150595
  terminal suffixes: inplace=193950 (avg len=1.79)  links=60939 (23.9% of terminal)
  link len: avg=4.24  max=35  total_chars=258586
  link length distribution (len:count):  4:25346  5:15798  6:9608  7:4976  8:2612  9:1355  10:653  11:330  12:137  13:65  14:25  15:11  16:9  17:6  18:2  19:3  20:1  21:1  36:1
73.568606,1.889297,258.010489
[PASSED]
[time 0.37 s, user 0.34 s, sys 0.02 s, maxrss 48856 KB]
[busy 39 jiffies]
[exit 0]
--- c2 case 1 rec 0   load 0.30 0.50 0.71
[TEST C2-CoCo(LOUDS-Sparse)]
Processing dataset...
Done!
Building trie...
Done!
build time: 413.092761 ms (860.927386 ns per key)
space cost: 2.136750 MB (50.082199% of original size 4.266485 MB)
Querying trie...
Done!
total time: 197.202532 ms, avg latency: 410.990161 ns
topology: 0.195229 MB, link: 0.520357 MB, data: 1.421164 MB
413.092761,2.136750,410.990161
[PASSED]
[time 0.78 s, user 0.72 s, sys 0.05 s, maxrss 97724 KB]
[busy 82 jiffies]
[exit 0]
--- c2 case 1 rec 1   load 0.30 0.50 0.71
[TEST C2-CoCo(LOUDS-Sparse)]
Processing dataset...
Done!
Building trie...
trie size: 0.142362 MB
Done!
build time: 414.111826 ms (863.051221 ns per key)
space cost: 2.136750 MB (50.082199% of original size 4.266485 MB)
Querying trie...
Done!
total time: 196.862633 ms, avg latency: 410.281777 ns
topology: 0.195229 MB, link: 0.520357 MB, data: 1.421164 MB
414.111826,2.136750,410.281777
[PASSED]
[time 0.78 s, user 0.73 s, sys 0.05 s, maxrss 98056 KB]
[busy 81 jiffies]
[exit 0]
--- c2 case 1 rec 2   load 0.30 0.50 0.71
[TEST C2-CoCo(LOUDS-Sparse)]
Processing dataset...
Done!
Building trie...
trie size: 0.142362 MB
Done!
build time: 418.283706 ms (871.745844 ns per key)
space cost: 2.136750 MB (50.082199% of original size 4.266485 MB)
Querying trie...
Done!
total time: 195.607836 ms, avg latency: 407.666652 ns
topology: 0.195229 MB, link: 0.520357 MB, data: 1.421164 MB
418.283706,2.136750,407.666652
[PASSED]
[time 0.79 s, user 0.72 s, sys 0.06 s, maxrss 98096 KB]
[busy 81 jiffies]
[exit 0]
--- c2 case 2 rec 0   load 0.36 0.51 0.71
[TEST C2-MARISA]
Processing dataset...
Done!
Building trie...
trie size: 1.224291 MB
Done!
build time: 114.007065 ms (237.602335 ns per key)
space cost: 1.753984 MB (41.110759% of original size 4.266485 MB)
Querying trie...
Done!
total time: 98.548297 ms, avg latency: 205.384688 ns
topology: 0.405689 MB, link: 0.420969 MB, data: 0.917072 MB
--- Unary Path Analysis (Marisa, cutoff=3) ---
  branches: 742737  |  single-char: 411656 (55.4%)  short-unary: 124451 (16.8%)  links: 206630 (27.8%)
  link len: avg=4.35  max=37  total_chars=898820
  link length distribution (len:count):  3:81252  4:55503  5:30038  6:18037  7:10646  8:5519  9:2885  10:1442  11:688  12:346  13:146  14:66  15:26  16:12  17:9  18:7  19:2  20:3  21:1  22:1  37:1
  short unary avg len: 2.00
114.007065,1.753984,205.384688
[PASSED]
[time 0.38 s, user 0.33 s, sys 0.04 s, maxrss 62672 KB]
[busy 40 jiffies]
[exit 0]
--- c2 case 2 rec 1   load 0.36 0.51 0.71
[TEST C2-MARISA]
Processing dataset...
Done!
Building trie...
trie size: 1.224291 MB
trie size: 0.455650 MB
Done!
build time: 113.027776 ms (235.561397 ns per key)
space cost: 1.692706 MB (39.674487% of original size 4.266485 MB)
Querying trie...
Done!
total time: 104.885355 ms, avg latency: 218.591762 ns
topology: 0.426247 MB, link: 0.398585 MB, data: 0.857620 MB
--- Unary Path Analysis (Marisa, cutoff=3) ---
  branches: 742737  |  single-char: 411656 (55.4%)  short-unary: 124451 (16.8%)  links: 206630 (27.8%)
  link len: avg=4.35  max=37  total_chars=898820
  link length distribution (len:count):  3:81252  4:55503  5:30038  6:18037  7:10646  8:5519  9:2885  10:1442  11:688  12:346  13:146  14:66  15:26  16:12  17:9  18:7  19:2  20:3  21:1  22:1  37:1
  short unary avg len: 2.00
113.027776,1.692706,218.591762
[PASSED]
[time 0.39 s, user 0.35 s, sys 0.03 s, maxrss 62920 KB]
[busy 42 jiffies]
[exit 0]
--- c2 case 2 rec 2   load 0.36 0.51 0.71
[TEST C2-MARISA]
Processing dataset...
Done!
Building trie...
trie size: 1.224291 MB
trie size: 0.455650 MB
trie size: 0.007228 MB
Done!
build time: 112.417638 ms (234.289807 ns per key)
space cost: 1.692706 MB (39.674487% of original size 4.266485 MB)
Querying trie...
Done!
total time: 104.139313 ms, avg latency: 217.036934 ns
topology: 0.426247 MB, link: 0.398585 MB, data: 0.857620 MB
--- Unary Path Analysis (Marisa, cutoff=3) ---
  branches: 742737  |  single-char: 411656 (55.4%)  short-unary: 124451 (16.8%)  links: 206630 (27.8%)
  link len: avg=4.35  max=37  total_chars=898820
  link length distribution (len:count):  3:81252  4:55503  5:30038  6:18037  7:10646  8:5519  9:2885  10:1442  11:688  12:346  13:146  14:66  15:26  16:12  17:9  18:7  19:2  20:3  21:1  22:1  37:1
  short unary avg len: 2.00
112.417638,1.692706,217.036934
[PASSED]
[time 0.38 s, user 0.34 s, sys 0.03 s, maxrss 62852 KB]
[busy 40 jiffies]
[exit 0]
--- c2 case 3 rec 0   load 0.36 0.51 0.71
[TEST FST]
Processing dataset...
Done!
Building trie...
Done!
build time: 181.982612 ms (379.270298 ns per key)
space cost: 2.144493 MB (50.263695% of original size 4.266485 MB)
Querying trie...
Done!
total time: 203.159587 ms, avg latency: 423.405270 ns
not implemented
181.982612,2.144493,423.405270
[PASSED]
[time 0.56 s, user 0.52 s, sys 0.03 s, maxrss 41476 KB]
[busy 61 jiffies]
[exit 0]
--- c2 case 4 rec 0   load 0.41 0.52 0.71
[TEST COCO]
Processing dataset...
Done!
Building trie...
num nodes = 100870, average depth = 2.907644
ef = 0.002379, pa = 0.381531, bv = 0.002558, de = 0.468484
efr = 0.010370, par = 0.134639, bvr = 0.000020, der = 0.000020
Done!
build time: 1606.001378 ms (3347.070436 ns per key)
space cost: 2.485874 MB (58.265159% of original size 4.266485 MB)
Querying trie...
Done!
total time: 168.655498 ms, avg latency: 351.495235 ns
not implemented
1606.001378,2.485874,351.495235
[PASSED]
[time 2.01 s, user 1.59 s, sys 0.41 s, maxrss 919992 KB]
[busy 208 jiffies]
[exit 0]
--- c2 case 5 rec 0   load 0.41 0.52 0.71
[TEST MARISA]
Processing dataset...
Done!
Building trie...
Done!
build time: 151.680249 ms (316.117087 ns per key)
space cost: 1.546566 MB (36.249182% of original size 4.266485 MB)
Querying trie...
Done!
total time: 146.514582 ms, avg latency: 305.351311 ns
not implemented
151.680249,1.546566,305.351311
[PASSED]
[time 0.47 s, user 0.43 s, sys 0.04 s, maxrss 63344 KB]
[busy 50 jiffies]
[exit 0]
--- c2 case 5 rec 1   load 0.38 0.51 0.71
[TEST MARISA]
Processing dataset...
Done!
Building trie...
Done!
build time: 155.936187 ms (324.986895 ns per key)
space cost: 1.371034 MB (32.134968% of original size 4.266485 MB)
Querying trie...
Done!
total time: 164.383099 ms, avg latency: 342.591120 ns
not implemented
155.936187,1.371034,342.591120
[PASSED]
[time 0.49 s, user 0.44 s, sys 0.04 s, maxrss 63288 KB]
[busy 51 jiffies]
[exit 0]
--- c2 case 5 rec 2   load 0.38 0.51 0.71
[TEST MARISA]
Processing dataset...
Done!
Building trie...
Done!
build time: 155.867618 ms (324.843990 ns per key)
space cost: 1.362252 MB (31.929145% of original size 4.266485 MB)
Querying trie...
Done!
total time: 165.376125 ms, avg latency: 344.660687 ns
not implemented
155.867618,1.362252,344.660687
[PASSED]
[time 0.49 s, user 0.45 s, sys 0.04 s, maxrss 63232 KB]
[busy 51 jiffies]
[exit 0]
--- c2 case 6 rec 0   load 0.38 0.51 0.71
[TEST PDT]
Processing dataset...
Done!
Building trie...
dict size: 35774, stream size: 975943
Done!
build time: 332.775073 ms (693.537144 ns per key)
space cost: 1.577207 MB (36.967352% of original size 4.266485 MB)
Querying trie...
Done!
total time: 205.851364 ms, avg latency: 429.015208 ns
not implemented
332.775073,1.577207,429.015208
[PASSED]
[time 0.71 s, user 0.67 s, sys 0.03 s, maxrss 53000 KB]
[busy 73 jiffies]
[exit 0]
--- c2 case 7 rec 0   load 0.35 0.50 0.71
[TEST ART]
Processing dataset...
Done!
Building trie...
Done!
build time: 45.780278 ms (95.410762 ns per key)
space cost: 16.425407 MB (384.986859% of original size 4.266485 MB)
Querying trie...
Done!
total time: 83.270076 ms, avg latency: 173.543319 ns
not implemented
45.780278,16.425407,173.543319
[PASSED]
[time 0.30 s, user 0.26 s, sys 0.03 s, maxrss 61848 KB]
[busy 31 jiffies]
[exit 0]
--- c2 case 8 rec 0   load 0.35 0.50 0.71
[TEST CART]
Processing dataset...
Done!
Building trie...
Done!
build time: 66.769509 ms (139.154457 ns per key)
space cost: 7.328448 MB (171.767812% of original size 4.266485 MB)
Querying trie...
Done!
total time: 99.776304 ms, avg latency: 207.943979 ns
not implemented
66.769509,7.328448,207.943979
[PASSED]
[time 0.34 s, user 0.30 s, sys 0.03 s, maxrss 62156 KB]
[busy 36 jiffies]
[exit 0]
--- xcdat 7   load 0.35 0.50 0.71
build time: 106.122419 ms
space cost: 2.721505 MiB (63.787990% of original size 4.266485 MiB)
avg latency: 106.310860 ns
106.122419,2.721505,106.310860
[time 0.32 s, user 0.28 s, sys 0.03 s, maxrss 51952 KB]
[busy 33 jiffies]
[exit 0]
--- xcdat 8   load 0.35 0.50 0.71
build time: 95.682632 ms
space cost: 2.597720 MiB (60.886655% of original size 4.266485 MiB)
avg latency: 109.885474 ns
95.682632,2.597720,109.885474
[time 0.32 s, user 0.28 s, sys 0.04 s, maxrss 52044 KB]
[busy 35 jiffies]
[exit 0]
--- xcdat 15   load 0.40 0.51 0.71
build time: 106.425258 ms
space cost: 3.340850 MiB (78.304499% of original size 4.266485 MiB)
avg latency: 77.674676 ns
106.425258,3.340850,77.674676
[time 0.31 s, user 0.27 s, sys 0.04 s, maxrss 58200 KB]
[busy 31 jiffies]
[exit 0]
--- xcdat 16   load 0.40 0.51 0.71
build time: 96.244297 ms
space cost: 3.550420 MiB (83.216503% of original size 4.266485 MiB)
avg latency: 84.684511 ns
96.244297,3.550420,84.684511
[time 0.30 s, user 0.26 s, sys 0.03 s, maxrss 58296 KB]
[busy 31 jiffies]
[exit 0]

##### dna-1000000 (1000000 lines, 25000000 bytes)   round 1/3   2026-09-26T03:24:21+03:00
--- lexindex dict32   load 0.40 0.51 0.71
1000000 keys
lexindex DictIndex block 32: build 85 ms, size 4.768 MiB (5.000 B/key), latency cold 320.3 ns, then mean 317.4 / min 314.7 ns
84.662,4.768131,320.275
[time 1.84 s, user 2.45 s, sys 0.18 s, maxrss 176268 KB]
[busy 271 jiffies]
[exit 0]
--- lexindex dict256   load 0.45 0.52 0.71
1000000 keys
lexindex DictIndex block 256: build 84 ms, size 4.172 MiB (4.375 B/key), latency cold 310.1 ns, then mean 304.3 / min 302.9 ns
83.978,4.172320,310.071
[time 1.79 s, user 2.39 s, sys 0.17 s, maxrss 173684 KB]
[busy 265 jiffies]
[exit 0]
--- lexindex dict1024   load 0.45 0.52 0.71
1000000 keys
lexindex DictIndex block 1024: build 85 ms, size 4.035 MiB (4.231 B/key), latency cold 339.1 ns, then mean 329.5 / min 328.6 ns
85.140,4.034555,339.108
[time 1.89 s, user 2.21 s, sys 0.14 s, maxrss 158852 KB]
[busy 248 jiffies]
[exit 0]
--- lexindex routed32   load 0.57 0.55 0.72
1000000 keys
lexindex DictIndex block 32 routed: build 85 ms, size 5.245 MiB (5.500 B/key), latency cold 297.6 ns, then mean 290.6 / min 287.6 ns
84.879,5.244968,297.567
[time 1.73 s, user 2.35 s, sys 0.17 s, maxrss 176496 KB]
[busy 259 jiffies]
[exit 0]
--- lexindex routed256   load 0.53 0.54 0.71
1000000 keys
lexindex DictIndex block 256 routed: build 85 ms, size 4.649 MiB (4.875 B/key), latency cold 259.1 ns, then mean 254.7 / min 253.1 ns
85.046,4.649249,259.117
[time 1.58 s, user 2.19 s, sys 0.17 s, maxrss 173988 KB]
[busy 246 jiffies]
[exit 0]
--- lexindex routed1024   load 0.53 0.54 0.71
1000000 keys
lexindex DictIndex block 1024 routed: build 86 ms, size 4.273 MiB (4.481 B/key), latency cold 265.2 ns, then mean 262.5 / min 261.8 ns
86.176,4.273081,265.230
[time 1.62 s, user 1.96 s, sys 0.12 s, maxrss 161532 KB]
[busy 215 jiffies]
[exit 0]
--- lexindex string   load 0.48 0.53 0.71
1000000 keys
lexindex StringIndex: build 1119 ms, size 16.920 MiB (17.741 B/key), latency cold 422.6 ns, then mean 412.5 / min 407.8 ns
1118.944,16.919603,422.609
[time 3.26 s, user 3.17 s, sys 0.07 s, maxrss 165132 KB]
[busy 334 jiffies]
[exit 0]
--- lexindex hashed0   load 0.48 0.53 0.71
1000000 keys
lexindex HashedDictIndex closed: build 176 ms, size 6.786 MiB (7.115 B/key), latency cold 42.6 ns, then mean 41.6 / min 41.5 ns
175.928,6.785599,42.630
[time 0.81 s, user 1.46 s, sys 0.17 s, maxrss 173668 KB]
[busy 170 jiffies]
[exit 0]
--- lexindex hashed8   load 0.52 0.54 0.71
1000000 keys
lexindex HashedDictIndex fp=8: build 176 ms, size 7.739 MiB (8.115 B/key), latency cold 57.8 ns, then mean 56.2 / min 56.0 ns
175.856,7.739273,57.750
[time 0.87 s, user 1.51 s, sys 0.17 s, maxrss 174508 KB]
[busy 174 jiffies]
[exit 0]
--- lexindex hashed16   load 0.52 0.54 0.71
1000000 keys
lexindex HashedDictIndex fp=16: build 176 ms, size 8.693 MiB (9.115 B/key), latency cold 59.5 ns, then mean 58.2 / min 57.7 ns
175.928,8.692947,59.527
[time 0.88 s, user 1.50 s, sys 0.19 s, maxrss 173808 KB]
[busy 174 jiffies]
[exit 0]
--- lexindex da   load 0.48 0.53 0.71
1000000 keys
lexindex DoubleArrayIndex refused: format error: double-array: the trie needs more than 8 388 608 slots; bases are 23 bits
Command exited with non-zero status 3
[time 1.34 s, user 1.05 s, sys 0.28 s, maxrss 454952 KB]
[busy 137 jiffies]
[exit 3]
--- c2 case 0 rec 0   load 0.48 0.53 0.71
[TEST C2-FST]
Processing dataset...
Done!
Building trie...
Done!
build time: 1435.613014 ms (1435.613014 ns per key)
space cost: 11.502727 MB (50.256179% of original size 22.888184 MB)
Querying trie...
Done!
total time: 411.704692 ms, avg latency: 411.704692 ns
topology: 0.892128 MB, link: 2.893083 MB, data: 7.717516 MB
--- Unary Path Analysis (FST, cutoff=4) ---
  shared unary steps in main trie: 98146
  terminal suffixes: inplace=2 (avg len=3.00)  links=999998 (100.0% of terminal)
  link len: avg=12.12  max=15  total_chars=12118007
  link length distribution (len:count):  4:2  5:10  6:40  7:176  8:732  9:2727  10:11261  11:42928  12:153933  13:402475  14:363824  15:21889  16:1
1435.613014,11.502727,411.704692
[PASSED]
[time 2.56 s, user 2.39 s, sys 0.16 s, maxrss 256012 KB]
[busy 265 jiffies]
[exit 0]
--- c2 case 0 rec 1   load 0.52 0.53 0.71
[TEST C2-FST]
Processing dataset...
Done!
Building trie...
trie size: 5.258043 MB
Done!
build time: 2141.251650 ms (2141.251650 ns per key)
space cost: 11.502727 MB (50.256179% of original size 22.888184 MB)
Querying trie...
Done!
total time: 414.783147 ms, avg latency: 414.783147 ns
topology: 0.892128 MB, link: 2.893083 MB, data: 7.717516 MB
--- Unary Path Analysis (FST, cutoff=4) ---
  shared unary steps in main trie: 98146
  terminal suffixes: inplace=2 (avg len=3.00)  links=999998 (100.0% of terminal)
  link len: avg=12.12  max=15  total_chars=12118007
  link length distribution (len:count):  4:2  5:10  6:40  7:176  8:732  9:2727  10:11261  11:42928  12:153933  13:402475  14:363824  15:21889  16:1
2141.251650,11.502727,414.783147
[PASSED]
[time 3.26 s, user 3.07 s, sys 0.18 s, maxrss 284188 KB]
[busy 335 jiffies]
[exit 0]
--- c2 case 0 rec 2   load 0.48 0.52 0.71
[TEST C2-FST]
Processing dataset...
Done!
Building trie...
trie size: 5.258043 MB
Done!
build time: 2144.364751 ms (2144.364751 ns per key)
space cost: 11.502727 MB (50.256179% of original size 22.888184 MB)
Querying trie...
Done!
total time: 415.273769 ms, avg latency: 415.273769 ns
topology: 0.892128 MB, link: 2.893083 MB, data: 7.717516 MB
--- Unary Path Analysis (FST, cutoff=4) ---
  shared unary steps in main trie: 98146
  terminal suffixes: inplace=2 (avg len=3.00)  links=999998 (100.0% of terminal)
  link len: avg=12.12  max=15  total_chars=12118007
  link length distribution (len:count):  4:2  5:10  6:40  7:176  8:732  9:2727  10:11261  11:42928  12:153933  13:402475  14:363824  15:21889  16:1
2144.364751,11.502727,415.273769
[PASSED]
[time 3.26 s, user 3.05 s, sys 0.19 s, maxrss 284220 KB]
[busy 340 jiffies]
[exit 0]
--- c2 case 1 rec 0   load 0.48 0.52 0.71
[TEST C2-CoCo(LOUDS-Sparse)]
Processing dataset...
Done!
Building trie...
Done!
build time: 1999.018714 ms (1999.018714 ns per key)
space cost: 9.777104 MB (42.716818% of original size 22.888184 MB)
Querying trie...
Done!
total time: 453.489773 ms, avg latency: 453.489773 ns
topology: 0.343521 MB, link: 3.029230 MB, data: 6.404353 MB
1999.018714,9.777104,453.489773
[PASSED]
[time 3.16 s, user 2.95 s, sys 0.19 s, maxrss 385844 KB]
[busy 327 jiffies]
[exit 0]
--- c2 case 1 rec 1   load 0.52 0.53 0.71
[TEST C2-CoCo(LOUDS-Sparse)]
Processing dataset...
Done!
Building trie...
trie size: 5.258043 MB
Done!
build time: 2702.362399 ms (2702.362399 ns per key)
space cost: 9.777104 MB (42.716818% of original size 22.888184 MB)
Querying trie...
Done!
total time: 455.378091 ms, avg latency: 455.378091 ns
topology: 0.343521 MB, link: 3.029230 MB, data: 6.404353 MB
2702.362399,9.777104,455.378091
[PASSED]
[time 3.85 s, user 3.62 s, sys 0.21 s, maxrss 413924 KB]
[busy 397 jiffies]
[exit 0]
--- c2 case 1 rec 2   load 0.56 0.54 0.71
[TEST C2-CoCo(LOUDS-Sparse)]
Processing dataset...
Done!
Building trie...
trie size: 5.258043 MB
Done!
build time: 2700.241353 ms (2700.241353 ns per key)
space cost: 9.777104 MB (42.716818% of original size 22.888184 MB)
Querying trie...
Done!
total time: 461.165927 ms, avg latency: 461.165927 ns
topology: 0.343521 MB, link: 3.029230 MB, data: 6.404353 MB
2700.241353,9.777104,461.165927
[PASSED]
[time 3.86 s, user 3.63 s, sys 0.20 s, maxrss 414164 KB]
[busy 400 jiffies]
[exit 0]
--- c2 case 2 rec 0   load 0.60 0.55 0.71
[TEST C2-MARISA]
Processing dataset...
Done!
Building trie...
trie size: 2.428399 MB
Done!
build time: 1340.514841 ms (1340.514841 ns per key)
space cost: 10.748939 MB (46.962829% of original size 22.888184 MB)
Querying trie...
Done!
total time: 389.413484 ms, avg latency: 389.413484 ns
topology: 0.804615 MB, link: 2.791285 MB, data: 7.132531 MB
--- Unary Path Analysis (Marisa, cutoff=3) ---
  branches: 1681124  |  single-char: 605889 (36.0%)  short-unary: 58000 (3.5%)  links: 1017235 (60.5%)
  link len: avg=13.94  max=17  total_chars=14175392
  link length distribution (len:count):  3:13001  4:3156  5:812  6:209  7:97  8:186  9:733  10:2730  11:11261  12:42928  13:153933  14:402475  15:363824  16:21889  17:1
  short unary avg len: 2.00
1340.514841,10.748939,389.413484
[PASSED]
[time 2.44 s, user 2.27 s, sys 0.15 s, maxrss 252236 KB]
[busy 251 jiffies]
[exit 0]
--- c2 case 2 rec 1   load 0.63 0.56 0.71
[TEST C2-MARISA]
Processing dataset...
Done!
Building trie...
trie size: 2.428399 MB
trie size: 5.162292 MB
Done!
build time: 2225.070268 ms (2225.070268 ns per key)
space cost: 10.748939 MB (46.962829% of original size 22.888184 MB)
Querying trie...
Done!
total time: 394.047031 ms, avg latency: 394.047031 ns
topology: 0.804615 MB, link: 2.791285 MB, data: 7.132531 MB
--- Unary Path Analysis (Marisa, cutoff=3) ---
  branches: 1681124  |  single-char: 605889 (36.0%)  short-unary: 58000 (3.5%)  links: 1017235 (60.5%)
  link len: avg=13.94  max=17  total_chars=14175392
  link length distribution (len:count):  3:13001  4:3156  5:812  6:209  7:97  8:186  9:733  10:2730  11:11261  12:42928  13:153933  14:402475  15:363824  16:21889  17:1
  short unary avg len: 2.00
2225.070268,10.748939,394.047031
[PASSED]
[time 3.35 s, user 3.11 s, sys 0.22 s, maxrss 285420 KB]
[busy 345 jiffies]
[exit 0]
--- c2 case 2 rec 2   load 0.66 0.56 0.72
[TEST C2-MARISA]
Processing dataset...
Done!
Building trie...
trie size: 2.428399 MB
trie size: 5.162292 MB
Done!
build time: 2225.294509 ms (2225.294509 ns per key)
space cost: 10.748939 MB (46.962829% of original size 22.888184 MB)
Querying trie...
Done!
total time: 384.251934 ms, avg latency: 384.251934 ns
topology: 0.804615 MB, link: 2.791285 MB, data: 7.132531 MB
--- Unary Path Analysis (Marisa, cutoff=3) ---
  branches: 1681124  |  single-char: 605889 (36.0%)  short-unary: 58000 (3.5%)  links: 1017235 (60.5%)
  link len: avg=13.94  max=17  total_chars=14175392
  link length distribution (len:count):  3:13001  4:3156  5:812  6:209  7:97  8:186  9:733  10:2730  11:11261  12:42928  13:153933  14:402475  15:363824  16:21889  17:1
  short unary avg len: 2.00
2225.294509,10.748939,384.251934
[PASSED]
[time 3.34 s, user 3.09 s, sys 0.23 s, maxrss 285308 KB]
[busy 345 jiffies]
[exit 0]
--- c2 case 3 rec 0   load 0.69 0.57 0.72
[TEST FST]
Processing dataset...
Done!
Building trie...
Done!
build time: 954.741847 ms (954.741847 ns per key)
space cost: 18.082896 MB (79.005379% of original size 22.888184 MB)
Querying trie...
Done!
total time: 551.962517 ms, avg latency: 551.962517 ns
not implemented
954.741847,18.082896,551.962517
[PASSED]
[time 2.23 s, user 2.10 s, sys 0.12 s, maxrss 179048 KB]
[busy 229 jiffies]
[exit 0]
--- c2 case 4 rec 0   load 0.69 0.57 0.72
[TEST COCO]
Processing dataset...
Done!
Building trie...
num nodes = 65537, average depth = 14.999878
ef = 0.000000, pa = 0.000000, bv = 0.000000, de = 0.000015
efr = 0.000015, par = 0.999969, bvr = 0.000000, der = 0.000000
Done!
build time: 22543.896924 ms (22543.896924 ns per key)
space cost: 5.857979 MB (25.593899% of original size 22.888184 MB)
Querying trie...
Done!
total time: 357.615291 ms, avg latency: 357.615291 ns
not implemented
22543.896924,5.857979,357.615291
[PASSED]
[time 24.54 s, user 18.51 s, sys 5.93 s, maxrss 13623648 KB]
[busy 2538 jiffies]
[exit 0]
--- c2 case 5 rec 0   load 0.79 0.61 0.73
[TEST MARISA]
Processing dataset...
Done!
Building trie...
Done!
build time: 687.847414 ms (687.847414 ns per key)
space cost: 18.867507 MB (82.433396% of original size 22.888184 MB)
Querying trie...
Done!
total time: 542.692197 ms, avg latency: 542.692197 ns
not implemented
687.847414,18.867507,542.692197
[PASSED]
[time 1.93 s, user 1.77 s, sys 0.15 s, maxrss 222940 KB]
[busy 203 jiffies]
[exit 0]
--- c2 case 5 rec 1   load 0.81 0.61 0.73
[TEST MARISA]
Processing dataset...
Done!
Building trie...
Done!
build time: 974.828844 ms (974.828844 ns per key)
space cost: 7.640043 MB (33.379858% of original size 22.888184 MB)
Querying trie...
Done!
total time: 736.563339 ms, avg latency: 736.563339 ns
not implemented
974.828844,7.640043,736.563339
[PASSED]
[time 2.43 s, user 2.25 s, sys 0.16 s, maxrss 222048 KB]
[busy 252 jiffies]
[exit 0]
--- c2 case 5 rec 2   load 0.83 0.62 0.73
[TEST MARISA]
Processing dataset...
Done!
Building trie...
Done!
build time: 960.006651 ms (960.006651 ns per key)
space cost: 7.210847 MB (31.504671% of original size 22.888184 MB)
Querying trie...
Done!
total time: 785.227105 ms, avg latency: 785.227105 ns
not implemented
960.006651,7.210847,785.227105
[PASSED]
[time 2.45 s, user 2.30 s, sys 0.14 s, maxrss 221980 KB]
[busy 253 jiffies]
[exit 0]
--- c2 case 6 rec 0   load 0.83 0.62 0.73
[TEST PDT]
Processing dataset...
Done!
Building trie...
dict size: 151324, stream size: 6218209
Done!
build time: 2899.911141 ms (2899.911141 ns per key)
space cost: 7.350519 MB (32.114908% of original size 22.888184 MB)
Querying trie...
Done!
total time: 770.960166 ms, avg latency: 770.960166 ns
not implemented
2899.911141,7.350519,770.960166
[PASSED]
[time 4.39 s, user 4.21 s, sys 0.16 s, maxrss 212996 KB]
[busy 456 jiffies]
[exit 0]
--- c2 case 7 rec 0   load 0.77 0.62 0.73
[TEST ART]
Processing dataset...
Done!
Building trie...
Done!
build time: 192.091888 ms (192.091888 ns per key)
space cost: 33.278465 MB (145.395833% of original size 22.888184 MB)
Querying trie...
Done!
total time: 420.911573 ms, avg latency: 420.911573 ns
not implemented
192.091888,33.278465,420.911573
[PASSED]
[time 1.35 s, user 1.22 s, sys 0.11 s, maxrss 223212 KB]
[busy 138 jiffies]
[exit 0]
--- c2 case 8 rec 0   load 0.77 0.62 0.73
[TEST CART]
Processing dataset...
Done!
Building trie...
Done!
build time: 242.916686 ms (242.916686 ns per key)
space cost: 15.643999 MB (68.349675% of original size 22.888184 MB)
Querying trie...
Done!
total time: 451.282646 ms, avg latency: 451.282646 ns
not implemented
242.916686,15.643999,451.282646
[PASSED]
[time 1.43 s, user 1.31 s, sys 0.11 s, maxrss 214416 KB]
[busy 147 jiffies]
[exit 0]
--- xcdat 7   load 0.77 0.62 0.73
build time: 834.071722 ms
space cost: 19.789600 MiB (86.462083% of original size 22.888184 MiB)
avg latency: 297.061341 ns
834.071722,19.789600,297.061341
[time 1.84 s, user 1.71 s, sys 0.12 s, maxrss 180324 KB]
[busy 192 jiffies]
[exit 0]
--- xcdat 8   load 0.95 0.66 0.74
build time: 795.067287 ms
space cost: 19.685819 MiB (86.008654% of original size 22.888184 MiB)
avg latency: 301.012446 ns
795.067287,19.685819,301.012446
[time 1.80 s, user 1.67 s, sys 0.12 s, maxrss 180480 KB]
[busy 185 jiffies]
[exit 0]
--- xcdat 15   load 0.96 0.66 0.74
build time: 822.632024 ms
space cost: 21.414997 MiB (93.563550% of original size 22.888184 MiB)
avg latency: 287.017837 ns
822.632024,21.414997,287.017837
[time 1.82 s, user 1.68 s, sys 0.13 s, maxrss 182220 KB]
[busy 193 jiffies]
[exit 0]
--- xcdat 16   load 0.96 0.66 0.74
build time: 797.442760 ms
space cost: 21.935129 MiB (95.836042% of original size 22.888184 MiB)
avg latency: 295.502411 ns
797.442760,21.935129,295.502411
[time 1.82 s, user 1.69 s, sys 0.12 s, maxrss 182700 KB]
[busy 187 jiffies]
[exit 0]

##### domains-1000000 (1000000 lines, 14782044 bytes)   round 1/3   2026-09-26T03:26:28+03:00
--- lexindex dict32   load 1.04 0.68 0.75
1000000 keys
lexindex DictIndex block 32: build 186 ms, size 4.599 MiB (4.822 B/key), latency cold 290.4 ns, then mean 283.6 / min 280.9 ns
186.117,4.598972,290.412
[time 1.80 s, user 3.24 s, sys 0.27 s, maxrss 192476 KB]
[busy 364 jiffies]
[exit 0]
--- lexindex dict256   load 1.04 0.68 0.75
1000000 keys
lexindex DictIndex block 256: build 181 ms, size 4.291 MiB (4.500 B/key), latency cold 307.7 ns, then mean 303.8 / min 302.0 ns
181.429,4.291158,307.736
[time 1.87 s, user 3.33 s, sys 0.27 s, maxrss 189924 KB]
[busy 372 jiffies]
[exit 0]
--- lexindex dict1024   load 1.12 0.71 0.75
1000000 keys
lexindex DictIndex block 1024: build 199 ms, size 4.160 MiB (4.363 B/key), latency cold 370.7 ns, then mean 368.7 / min 367.8 ns
199.416,4.160439,370.652
[time 2.13 s, user 2.99 s, sys 0.21 s, maxrss 160944 KB]
[busy 326 jiffies]
[exit 0]
--- lexindex routed32   load 1.19 0.73 0.76
1000000 keys
lexindex DictIndex block 32 routed: build 187 ms, size 5.076 MiB (5.322 B/key), latency cold 262.9 ns, then mean 246.9 / min 245.8 ns
187.228,5.075809,262.867
[time 1.66 s, user 3.10 s, sys 0.26 s, maxrss 192472 KB]
[busy 346 jiffies]
[exit 0]
--- lexindex routed256   load 1.19 0.73 0.76
1000000 keys
lexindex DictIndex block 256 routed: build 181 ms, size 4.768 MiB (5.000 B/key), latency cold 233.1 ns, then mean 224.4 / min 222.6 ns
181.250,4.768086,233.147
[time 1.55 s, user 3.00 s, sys 0.28 s, maxrss 188516 KB]
[busy 340 jiffies]
[exit 0]
--- lexindex routed1024   load 1.17 0.73 0.76
1000000 keys
lexindex DictIndex block 1024 routed: build 199 ms, size 4.399 MiB (4.613 B/key), latency cold 254.4 ns, then mean 250.5 / min 248.6 ns
199.370,4.398964,254.377
[time 1.66 s, user 2.52 s, sys 0.21 s, maxrss 166220 KB]
[busy 280 jiffies]
[exit 0]
--- lexindex string   load 1.17 0.73 0.76
1000000 keys
lexindex StringIndex: build 583 ms, size 10.017 MiB (10.504 B/key), latency cold 210.6 ns, then mean 201.8 / min 200.3 ns
582.698,10.017015,210.637
[time 1.86 s, user 1.78 s, sys 0.07 s, maxrss 136188 KB]
[busy 191 jiffies]
[exit 0]
--- lexindex hashed0   load 1.16 0.74 0.76
1000000 keys
lexindex HashedDictIndex closed: build 275 ms, size 6.905 MiB (7.240 B/key), latency cold 27.9 ns, then mean 20.2 / min 19.7 ns
275.478,6.904865,27.875
[time 0.83 s, user 2.31 s, sys 0.31 s, maxrss 190048 KB]
[busy 269 jiffies]
[exit 0]
--- lexindex hashed8   load 1.16 0.74 0.76
1000000 keys
lexindex HashedDictIndex fp=8: build 276 ms, size 7.859 MiB (8.240 B/key), latency cold 33.0 ns, then mean 24.1 / min 23.8 ns
276.400,7.858540,32.962
[time 0.85 s, user 2.37 s, sys 0.26 s, maxrss 194264 KB]
[busy 276 jiffies]
[exit 0]
--- lexindex hashed16   load 1.16 0.74 0.76
1000000 keys
lexindex HashedDictIndex fp=16: build 273 ms, size 8.812 MiB (9.240 B/key), latency cold 33.8 ns, then mean 25.8 / min 25.2 ns
273.284,8.812214,33.824
[time 0.85 s, user 2.36 s, sys 0.25 s, maxrss 193436 KB]
[busy 274 jiffies]
[exit 0]
--- lexindex da   load 2.59 1.04 0.86
1000000 keys
lexindex DoubleArrayIndex: build 1395 ms, size 62.183 MiB (65.204 B/key), latency cold 558.0 ns, then mean 573.6 / min 570.0 ns
1395.357,62.183310,557.964
[time 4.12 s, user 3.88 s, sys 0.22 s, maxrss 272256 KB]
[busy 426 jiffies]
[exit 0]
--- c2 case 0 rec 0   load 2.62 1.07 0.87
[TEST C2-FST]
Processing dataset...
Done!
Building trie...
Done!
build time: 632.524505 ms (632.524505 ns per key)
space cost: 6.917822 MB (52.632701% of original size 13.143581 MB)
Querying trie...
Done!
total time: 339.836572 ms, avg latency: 339.836572 ns
topology: 0.942398 MB, link: 2.041207 MB, data: 3.934216 MB
--- Unary Path Analysis (FST, cutoff=4) ---
  shared unary steps in main trie: 268333
  terminal suffixes: inplace=220500 (avg len=1.97)  links=754948 (77.4% of terminal)
  link len: avg=6.76  max=63  total_chars=5105329
  link length distribution (len:count):  4:91687  5:111663  6:114934  7:103953  8:85177  9:68086  10:51456  11:37502  12:26935  13:19286  14:13392  15:9281  16:6718  17:4599  18:3138  19:2143  20:1561  21:980  22:717  23:511  24:315  25:289  26:154  27:98  28:76  29:70  30:38  31:24  32:35  33:24  34:15  35:9  36:12  37:9  38:5  39:5  40:5  41:8  42:4  43:7  45:3  46:1  48:1  50:1  52:4  54:2  55:1  56:5  57:4  59:2  63:2  64:1
632.524505,6.917822,339.836572
[PASSED]
[time 1.39 s, user 1.28 s, sys 0.10 s, maxrss 183036 KB]
[busy 143 jiffies]
[exit 0]
--- c2 case 0 rec 1   load 2.62 1.07 0.87
[TEST C2-FST]
Processing dataset...
Done!
Building trie...
trie size: 2.171301 MB
Done!
build time: 704.103041 ms (704.103041 ns per key)
space cost: 6.261899 MB (47.642258% of original size 13.143581 MB)
Querying trie...
Done!
total time: 394.552181 ms, avg latency: 394.552181 ns
topology: 1.096256 MB, link: 1.933458 MB, data: 3.232184 MB
--- Unary Path Analysis (FST, cutoff=4) ---
  shared unary steps in main trie: 268333
  terminal suffixes: inplace=220500 (avg len=1.97)  links=754948 (77.4% of terminal)
  link len: avg=6.76  max=63  total_chars=5105329
  link length distribution (len:count):  4:91687  5:111663  6:114934  7:103953  8:85177  9:68086  10:51456  11:37502  12:26935  13:19286  14:13392  15:9281  16:6718  17:4599  18:3138  19:2143  20:1561  21:980  22:717  23:511  24:315  25:289  26:154  27:98  28:76  29:70  30:38  31:24  32:35  33:24  34:15  35:9  36:12  37:9  38:5  39:5  40:5  41:8  42:4  43:7  45:3  46:1  48:1  50:1  52:4  54:2  55:1  56:5  57:4  59:2  63:2  64:1
704.103041,6.261899,394.552181
[PASSED]
[time 1.54 s, user 1.42 s, sys 0.11 s, maxrss 183132 KB]
[busy 161 jiffies]
[exit 0]
--- c2 case 0 rec 2   load 2.57 1.09 0.88
[TEST C2-FST]
Processing dataset...
Done!
Building trie...
trie size: 2.171301 MB
trie size: 0.145336 MB
Done!
build time: 709.610400 ms (709.610400 ns per key)
space cost: 6.261899 MB (47.642258% of original size 13.143581 MB)
Querying trie...
Done!
total time: 394.550267 ms, avg latency: 394.550267 ns
topology: 1.096256 MB, link: 1.933458 MB, data: 3.232184 MB
--- Unary Path Analysis (FST, cutoff=4) ---
  shared unary steps in main trie: 268333
  terminal suffixes: inplace=220500 (avg len=1.97)  links=754948 (77.4% of terminal)
  link len: avg=6.76  max=63  total_chars=5105329
  link length distribution (len:count):  4:91687  5:111663  6:114934  7:103953  8:85177  9:68086  10:51456  11:37502  12:26935  13:19286  14:13392  15:9281  16:6718  17:4599  18:3138  19:2143  20:1561  21:980  22:717  23:511  24:315  25:289  26:154  27:98  28:76  29:70  30:38  31:24  32:35  33:24  34:15  35:9  36:12  37:9  38:5  39:5  40:5  41:8  42:4  43:7  45:3  46:1  48:1  50:1  52:4  54:2  55:1  56:5  57:4  59:2  63:2  64:1
709.610400,6.261899,394.550267
[PASSED]
[time 1.55 s, user 1.42 s, sys 0.12 s, maxrss 183228 KB]
[busy 159 jiffies]
[exit 0]
--- c2 case 1 rec 0   load 2.57 1.09 0.88
[TEST C2-CoCo(LOUDS-Sparse)]
Processing dataset...
Done!
Building trie...
Done!
build time: 1363.969906 ms (1363.969906 ns per key)
space cost: 6.955368 MB (52.918365% of original size 13.143581 MB)
Querying trie...
Done!
total time: 488.128564 ms, avg latency: 488.128564 ns
topology: 0.405121 MB, link: 2.743303 MB, data: 3.806944 MB
1363.969906,6.955368,488.128564
[PASSED]
[time 2.28 s, user 2.08 s, sys 0.19 s, maxrss 326656 KB]
[busy 236 jiffies]
[exit 0]
--- c2 case 1 rec 1   load 2.52 1.10 0.89
[TEST C2-CoCo(LOUDS-Sparse)]
Processing dataset...
Done!
Building trie...
trie size: 2.171301 MB
Done!
build time: 1441.641783 ms (1441.641783 ns per key)
space cost: 6.299446 MB (47.927923% of original size 13.143581 MB)
Querying trie...
Done!
total time: 536.768205 ms, avg latency: 536.768205 ns
topology: 0.558979 MB, link: 2.635554 MB, data: 3.104912 MB
1441.641783,6.299446,536.768205
[PASSED]
[time 2.41 s, user 2.22 s, sys 0.18 s, maxrss 326868 KB]
[busy 247 jiffies]
[exit 0]
--- c2 case 1 rec 2   load 2.32 1.09 0.88
[TEST C2-CoCo(LOUDS-Sparse)]
Processing dataset...
Done!
Building trie...
trie size: 2.171301 MB
trie size: 0.145336 MB
Done!
build time: 1436.711518 ms (1436.711518 ns per key)
space cost: 6.299446 MB (47.927923% of original size 13.143581 MB)
Querying trie...
Done!
total time: 532.132073 ms, avg latency: 532.132073 ns
topology: 0.558979 MB, link: 2.635554 MB, data: 3.104912 MB
1436.711518,6.299446,532.132073
[PASSED]
[time 2.41 s, user 2.21 s, sys 0.18 s, maxrss 327036 KB]
[busy 245 jiffies]
[exit 0]
--- c2 case 2 rec 0   load 2.32 1.09 0.88
[TEST C2-MARISA]
Processing dataset...
Done!
Building trie...
trie size: 2.220281 MB
Done!
build time: 700.867671 ms (700.867671 ns per key)
space cost: 6.286226 MB (47.827347% of original size 13.143581 MB)
Querying trie...
Done!
total time: 261.602519 ms, avg latency: 261.602519 ns
topology: 0.735279 MB, link: 2.419176 MB, data: 3.111263 MB
--- Unary Path Analysis (Marisa, cutoff=3) ---
  branches: 1529804  |  single-char: 445053 (29.1%)  short-unary: 119280 (7.8%)  links: 965471 (63.1%)
  link len: avg=7.67  max=65  total_chars=7409785
  link length distribution (len:count):  3:106346  4:81524  5:100388  6:117171  7:118183  8:106006  9:86378  10:68801  11:51930  12:37786  13:27091  14:19390  15:13458  16:9322  17:6753  18:4616  19:3149  20:2153  21:1566  22:983  23:724  24:512  25:321  26:290  27:155  28:98  29:77  30:70  31:40  32:24  33:35  34:24  35:16  36:9  37:12  38:9  39:5  40:5  41:5  42:8  43:4  44:7  46:3  47:1  49:1  51:1  53:4  55:2  56:1  57:5  58:4  60:2  64:2  65:1
  short unary avg len: 2.00
700.867671,6.286226,261.602519
[PASSED]
[time 1.39 s, user 1.26 s, sys 0.12 s, maxrss 205952 KB]
[busy 145 jiffies]
[exit 0]
--- c2 case 2 rec 1   load 2.22 1.08 0.88
[TEST C2-MARISA]
Processing dataset...
Done!
Building trie...
trie size: 2.220281 MB
trie size: 2.823213 MB
Done!
build time: 800.662611 ms (800.662611 ns per key)
space cost: 5.413679 MB (41.188767% of original size 13.143581 MB)
Querying trie...
Done!
total time: 327.244971 ms, avg latency: 327.244971 ns
topology: 0.947487 MB, link: 2.305346 MB, data: 2.140338 MB
--- Unary Path Analysis (Marisa, cutoff=3) ---
  branches: 1529804  |  single-char: 445053 (29.1%)  short-unary: 119280 (7.8%)  links: 965471 (63.1%)
  link len: avg=7.67  max=65  total_chars=7409785
  link length distribution (len:count):  3:106346  4:81524  5:100388  6:117171  7:118183  8:106006  9:86378  10:68801  11:51930  12:37786  13:27091  14:19390  15:13458  16:9322  17:6753  18:4616  19:3149  20:2153  21:1566  22:983  23:724  24:512  25:321  26:290  27:155  28:98  29:77  30:70  31:40  32:24  33:35  34:24  35:16  36:9  37:12  38:9  39:5  40:5  41:5  42:8  43:4  44:7  46:3  47:1  49:1  51:1  53:4  55:2  56:1  57:5  58:4  60:2  64:2  65:1
  short unary avg len: 2.00
800.662611,5.413679,327.244971
[PASSED]
[time 1.57 s, user 1.43 s, sys 0.13 s, maxrss 206068 KB]
[busy 161 jiffies]
[exit 0]
--- c2 case 2 rec 2   load 2.22 1.08 0.88
[TEST C2-MARISA]
Processing dataset...
Done!
Building trie...
trie size: 2.220281 MB
trie size: 2.823213 MB
trie size: 0.214430 MB
Done!
build time: 818.968760 ms (818.968760 ns per key)
space cost: 5.413679 MB (41.188767% of original size 13.143581 MB)
Querying trie...
Done!
total time: 333.401309 ms, avg latency: 333.401309 ns
topology: 0.947487 MB, link: 2.305346 MB, data: 2.140338 MB
--- Unary Path Analysis (Marisa, cutoff=3) ---
  branches: 1529804  |  single-char: 445053 (29.1%)  short-unary: 119280 (7.8%)  links: 965471 (63.1%)
  link len: avg=7.67  max=65  total_chars=7409785
  link length distribution (len:count):  3:106346  4:81524  5:100388  6:117171  7:118183  8:106006  9:86378  10:68801  11:51930  12:37786  13:27091  14:19390  15:13458  16:9322  17:6753  18:4616  19:3149  20:2153  21:1566  22:983  23:724  24:512  25:321  26:290  27:155  28:98  29:77  30:70  31:40  32:24  33:35  34:24  35:16  36:9  37:12  38:9  39:5  40:5  41:5  42:8  43:4  44:7  46:3  47:1  49:1  51:1  53:4  55:2  56:1  57:5  58:4  60:2  64:2  65:1
  short unary avg len: 2.00
818.968760,5.413679,333.401309
[PASSED]
[time 1.60 s, user 1.47 s, sys 0.11 s, maxrss 205784 KB]
[busy 168 jiffies]
[exit 0]
--- c2 case 3 rec 0   load 2.20 1.10 0.89
[TEST FST]
Processing dataset...
Done!
Building trie...
Done!
build time: 612.936846 ms (612.936846 ns per key)
space cost: 6.751218 MB (51.365131% of original size 13.143581 MB)
Querying trie...
Done!
total time: 444.478440 ms, avg latency: 444.478440 ns
not implemented
612.936846,6.751218,444.478440
[PASSED]
[time 1.50 s, user 1.42 s, sys 0.06 s, maxrss 95048 KB]
[busy 154 jiffies]
[exit 0]
--- c2 case 4 rec 0   load 2.20 1.10 0.89
[TEST COCO]
Processing dataset...
Done!
Building trie...
num nodes = 310886, average depth = 6.283062
ef = 0.001168, pa = 0.211653, bv = 0.000885, de = 0.651638
efr = 0.002046, par = 0.129141, bvr = 0.000006, der = 0.003464
Done!
build time: 10367.758053 ms (10367.758053 ns per key)
space cost: 9.668336 MB (73.559374% of original size 13.143581 MB)
Querying trie...
Done!
total time: 405.201301 ms, avg latency: 405.201301 ns
not implemented
10367.758053,9.668336,405.201301
[PASSED]
[time 11.64 s, user 8.89 s, sys 2.70 s, maxrss 6138124 KB]
[busy 1197 jiffies]
[exit 0]
--- c2 case 5 rec 0   load 1.93 1.09 0.89
[TEST MARISA]
Processing dataset...
Done!
Building trie...
Done!
build time: 486.233673 ms (486.233673 ns per key)
space cost: 6.885828 MB (52.389283% of original size 13.143581 MB)
Querying trie...
Done!
total time: 383.415193 ms, avg latency: 383.415193 ns
not implemented
486.233673,6.885828,383.415193
[PASSED]
[time 1.29 s, user 1.18 s, sys 0.10 s, maxrss 172632 KB]
[busy 133 jiffies]
[exit 0]
--- c2 case 5 rec 1   load 1.93 1.09 0.89
[TEST MARISA]
Processing dataset...
Done!
Building trie...
Done!
build time: 543.700482 ms (543.700482 ns per key)
space cost: 4.826345 MB (36.720170% of original size 13.143581 MB)
Querying trie...
Done!
total time: 518.401090 ms, avg latency: 518.401090 ns
not implemented
543.700482,4.826345,518.401090
[PASSED]
[time 1.49 s, user 1.37 s, sys 0.11 s, maxrss 172428 KB]
[busy 157 jiffies]
[exit 0]
--- c2 case 5 rec 2   load 1.94 1.11 0.90
[TEST MARISA]
Processing dataset...
Done!
Building trie...
Done!
build time: 557.917828 ms (557.917828 ns per key)
space cost: 4.647946 MB (35.362861% of original size 13.143581 MB)
Querying trie...
Done!
total time: 537.071905 ms, avg latency: 537.071905 ns
not implemented
557.917828,4.647946,537.071905
[PASSED]
[time 1.52 s, user 1.40 s, sys 0.11 s, maxrss 172312 KB]
[busy 156 jiffies]
[exit 0]
--- c2 case 6 rec 0   load 1.94 1.11 0.90
[TEST PDT]
Processing dataset...
Done!
Building trie...
dict size: 155466, stream size: 4016746
Done!
build time: 1919.584326 ms (1919.584326 ns per key)
space cost: 5.254991 MB (39.981421% of original size 13.143581 MB)
Querying trie...
Done!
total time: 542.178672 ms, avg latency: 542.178672 ns
not implemented
1919.584326,5.254991,542.178672
[PASSED]
[time 2.91 s, user 2.78 s, sys 0.11 s, maxrss 152568 KB]
[busy 302 jiffies]
[exit 0]
--- c2 case 7 rec 0   load 1.86 1.11 0.90
[TEST ART]
Processing dataset...
Done!
Building trie...
Done!
build time: 112.450480 ms (112.450480 ns per key)
space cost: 31.580688 MB (240.274607% of original size 13.143581 MB)
Querying trie...
Done!
total time: 250.648955 ms, avg latency: 250.648955 ns
not implemented
112.450480,31.580688,250.648955
[PASSED]
[time 0.79 s, user 0.72 s, sys 0.06 s, maxrss 136172 KB]
[busy 83 jiffies]
[exit 0]
--- c2 case 8 rec 0   load 1.71 1.09 0.89
[TEST CART]
Processing dataset...
Done!
Building trie...
Done!
build time: 157.633095 ms (157.633095 ns per key)
space cost: 13.831998 MB (105.237663% of original size 13.143581 MB)
Querying trie...
Done!
total time: 318.907112 ms, avg latency: 318.907112 ns
not implemented
157.633095,13.831998,318.907112
[PASSED]
[time 0.91 s, user 0.84 s, sys 0.07 s, maxrss 134488 KB]
[busy 95 jiffies]
[exit 0]
--- xcdat 7   load 1.71 1.09 0.89
build time: 525.413247 ms
space cost: 9.017626 MiB (68.608590% of original size 13.143581 MiB)
avg latency: 176.869333 ns
525.413247,9.017626,176.869333
[time 1.15 s, user 1.05 s, sys 0.08 s, maxrss 139588 KB]
[busy 118 jiffies]
[exit 0]
--- xcdat 8   load 1.71 1.09 0.89
build time: 497.459448 ms
space cost: 8.488643 MiB (64.583940% of original size 13.143581 MiB)
avg latency: 173.182826 ns
497.459448,8.488643,173.182826
[time 1.12 s, user 1.02 s, sys 0.09 s, maxrss 139672 KB]
[busy 117 jiffies]
[exit 0]
--- xcdat 15   load 1.66 1.09 0.90
build time: 520.155488 ms
space cost: 9.847433 MiB (74.921993% of original size 13.143581 MiB)
avg latency: 145.618538 ns
520.155488,9.847433,145.618538
[time 1.11 s, user 1.00 s, sys 0.10 s, maxrss 139904 KB]
[busy 114 jiffies]
[exit 0]
--- xcdat 16   load 1.66 1.09 0.90
build time: 494.701505 ms
space cost: 10.260450 MiB (78.064342% of original size 13.143581 MiB)
avg latency: 160.088269 ns
494.701505,10.260450,160.088269
[time 1.10 s, user 1.00 s, sys 0.08 s, maxrss 139704 KB]
[busy 115 jiffies]
[exit 0]

##### idents-1000000 (1000000 lines, 17569522 bytes)   round 1/3   2026-09-26T03:28:03+03:00
--- lexindex dict32   load 1.76 1.12 0.91
1000000 keys
lexindex DictIndex block 32: build 214 ms, size 5.150 MiB (5.400 B/key), latency cold 337.2 ns, then mean 330.4 / min 330.1 ns
214.306,5.149525,337.184
[time 2.03 s, user 3.49 s, sys 0.27 s, maxrss 192156 KB]
[busy 388 jiffies]
[exit 0]
--- lexindex dict256   load 1.76 1.12 0.91
1000000 keys
lexindex DictIndex block 256: build 221 ms, size 4.794 MiB (5.027 B/key), latency cold 358.5 ns, then mean 355.0 / min 352.3 ns
221.465,4.794402,358.530
[time 2.14 s, user 3.65 s, sys 0.27 s, maxrss 194944 KB]
[busy 405 jiffies]
[exit 0]
--- lexindex dict1024   load 1.70 1.12 0.91
1000000 keys
lexindex DictIndex block 1024: build 243 ms, size 4.635 MiB (4.860 B/key), latency cold 425.9 ns, then mean 418.8 / min 418.3 ns
242.625,4.634645,425.929
[time 2.42 s, user 3.35 s, sys 0.24 s, maxrss 192812 KB]
[busy 368 jiffies]
[exit 0]
--- lexindex routed32   load 1.57 1.10 0.90
1000000 keys
lexindex DictIndex block 32 routed: build 221 ms, size 5.626 MiB (5.900 B/key), latency cold 319.0 ns, then mean 304.7 / min 299.0 ns
220.597,5.626362,318.982
[time 1.95 s, user 3.42 s, sys 0.28 s, maxrss 194788 KB]
[busy 385 jiffies]
[exit 0]
--- lexindex routed256   load 1.57 1.10 0.90
1000000 keys
lexindex DictIndex block 256 routed: build 225 ms, size 5.271 MiB (5.527 B/key), latency cold 295.8 ns, then mean 290.0 / min 282.2 ns
224.765,5.271331,295.830
[time 1.88 s, user 3.44 s, sys 0.24 s, maxrss 192084 KB]
[busy 381 jiffies]
[exit 0]
--- lexindex routed1024   load 1.52 1.10 0.90
1000000 keys
lexindex DictIndex block 1024 routed: build 242 ms, size 4.873 MiB (5.110 B/key), latency cold 323.8 ns, then mean 322.6 / min 318.7 ns
241.618,4.873170,323.761
[time 2.02 s, user 2.97 s, sys 0.24 s, maxrss 196424 KB]
[busy 332 jiffies]
[exit 0]
--- lexindex string   load 1.52 1.10 0.90
1000000 keys
lexindex StringIndex: build 622 ms, size 9.621 MiB (10.089 B/key), latency cold 247.2 ns, then mean 242.2 / min 240.9 ns
622.121,9.621364,247.187
[time 2.07 s, user 1.98 s, sys 0.08 s, maxrss 147028 KB]
[busy 219 jiffies]
[exit 0]
--- lexindex hashed0   load 1.48 1.09 0.91
1000000 keys
lexindex HashedDictIndex closed: build 319 ms, size 7.408 MiB (7.768 B/key), latency cold 35.8 ns, then mean 31.4 / min 30.6 ns
319.113,7.408405,35.824
[time 0.94 s, user 2.49 s, sys 0.32 s, maxrss 192524 KB]
[busy 289 jiffies]
[exit 0]
--- lexindex hashed8   load 1.48 1.09 0.91
1000000 keys
lexindex HashedDictIndex fp=8: build 319 ms, size 8.362 MiB (8.768 B/key), latency cold 41.3 ns, then mean 36.5 / min 36.1 ns
318.999,8.362080,41.349
[time 0.96 s, user 2.56 s, sys 0.26 s, maxrss 192404 KB]
[busy 292 jiffies]
[exit 0]
--- lexindex hashed16   load 2.00 1.21 0.94
1000000 keys
lexindex HashedDictIndex fp=16: build 316 ms, size 9.316 MiB (9.768 B/key), latency cold 42.7 ns, then mean 37.7 / min 37.3 ns
316.055,9.315754,42.663
[time 0.96 s, user 2.51 s, sys 0.27 s, maxrss 201280 KB]
[busy 291 jiffies]
[exit 0]
--- lexindex da   load 2.00 1.21 0.94
1000000 keys
lexindex DoubleArrayIndex: build 1373 ms, size 57.087 MiB (59.860 B/key), latency cold 688.8 ns, then mean 687.0 / min 686.0 ns
1372.873,57.086805,688.803
[time 4.60 s, user 4.37 s, sys 0.20 s, maxrss 266396 KB]
[busy 473 jiffies]
[exit 0]
--- c2 case 0 rec 0   load 1.92 1.21 0.94
[TEST C2-FST]
Processing dataset...
Done!
Building trie...
Done!
build time: 547.828258 ms (547.828258 ns per key)
space cost: 7.689586 MB (48.662327% of original size 15.801928 MB)
Querying trie...
Done!
total time: 447.752631 ms, avg latency: 447.752631 ns
topology: 1.065430 MB, link: 1.308976 MB, data: 5.315180 MB
--- Unary Path Analysis (FST, cutoff=4) ---
  shared unary steps in main trie: 867425
  terminal suffixes: inplace=228819 (avg len=2.12)  links=441434 (65.9% of terminal)
  link len: avg=9.49  max=2370  total_chars=4189664
  link length distribution (len:count):  4:76627  5:51488  6:45151  7:37358  8:31909  9:27077  10:23240  11:20333  12:17528  13:14251  14:12152  15:10600  16:8656  17:7441  18:5953  19:5050  20:4404  21:3491  22:2961  23:2494  24:2088  25:1693  26:1542  27:2862  28:3159  29:978  30:1046  31:5827  32:8054  33:556  34:479  35:449  36:385  37:237  38:218  39:200  40:169  41:158  42:128  43:138  44:139  45:102  46:86  47:84  48:98  49:89  50:50  51:76  52:71  53:81  54:65  55:77  56:94  57:109  58:136  59:196  60:305  61:337  62:22  63:7  64:10  65:18  66:16  67:12  68:9  69:17  70:11  71:14  72:16  73:30  74:18  75:39  76:18  77:12  78:9  79:12  80:11  81:6  82:5  83:7  84:10  85:7  86:12  87:15  88:14  89:35  90:43  91:58  92:54  93:3  94:5  95:6  96:4  97:1  99:4  100:6  101:3  103:2  104:2  105:1  106:3  107:3  109:2  110:1  111:2  112:4  113:1  114:1  115:1  116:1  117:1  118:3  119:1  120:3  121:2  122:1  123:3  124:1  127:2  128:1  129:4  130:1  131:1  135:2  136:1  140:1  142:1  147:1  149:1  150:1  153:2  159:1  168:1  176:2  181:1  184:1  185:1  186:1  188:1  197:1  211:1  219:1  226:1  245:1  246:1  247:2  248:1  249:5  250:7  251:5  252:3  253:1  272:1  382:1  506:1  507:2  508:1  512:1  520:2  649:1  956:1  1018:1  2371:1
547.828258,7.689586,447.752631
[PASSED]
[time 1.50 s, user 1.39 s, sys 0.10 s, maxrss 154264 KB]
[busy 156 jiffies]
[exit 0]
--- c2 case 0 rec 1   load 1.85 1.20 0.95
[TEST C2-FST]
Processing dataset...
Done!
Building trie...
trie size: 1.502977 MB
Done!
build time: 651.284799 ms (651.284799 ns per key)
space cost: 6.915090 MB (43.761051% of original size 15.801928 MB)
Querying trie...
Done!
total time: 519.903073 ms, avg latency: 519.903073 ns
topology: 1.233204 MB, link: 1.320040 MB, data: 4.361846 MB
--- Unary Path Analysis (FST, cutoff=4) ---
  shared unary steps in main trie: 867425
  terminal suffixes: inplace=228819 (avg len=2.12)  links=441434 (65.9% of terminal)
  link len: avg=9.49  max=2370  total_chars=4189664
  link length distribution (len:count):  4:76627  5:51488  6:45151  7:37358  8:31909  9:27077  10:23240  11:20333  12:17528  13:14251  14:12152  15:10600  16:8656  17:7441  18:5953  19:5050  20:4404  21:3491  22:2961  23:2494  24:2088  25:1693  26:1542  27:2862  28:3159  29:978  30:1046  31:5827  32:8054  33:556  34:479  35:449  36:385  37:237  38:218  39:200  40:169  41:158  42:128  43:138  44:139  45:102  46:86  47:84  48:98  49:89  50:50  51:76  52:71  53:81  54:65  55:77  56:94  57:109  58:136  59:196  60:305  61:337  62:22  63:7  64:10  65:18  66:16  67:12  68:9  69:17  70:11  71:14  72:16  73:30  74:18  75:39  76:18  77:12  78:9  79:12  80:11  81:6  82:5  83:7  84:10  85:7  86:12  87:15  88:14  89:35  90:43  91:58  92:54  93:3  94:5  95:6  96:4  97:1  99:4  100:6  101:3  103:2  104:2  105:1  106:3  107:3  109:2  110:1  111:2  112:4  113:1  114:1  115:1  116:1  117:1  118:3  119:1  120:3  121:2  122:1  123:3  124:1  127:2  128:1  129:4  130:1  131:1  135:2  136:1  140:1  142:1  147:1  149:1  150:1  153:2  159:1  168:1  176:2  181:1  184:1  185:1  186:1  188:1  197:1  211:1  219:1  226:1  245:1  246:1  247:2  248:1  249:5  250:7  251:5  252:3  253:1  272:1  382:1  506:1  507:2  508:1  512:1  520:2  649:1  956:1  1018:1  2371:1
651.284799,6.915090,519.903073
[PASSED]
[time 1.69 s, user 1.56 s, sys 0.11 s, maxrss 154520 KB]
[busy 177 jiffies]
[exit 0]
--- c2 case 0 rec 2   load 1.85 1.20 0.95
[TEST C2-FST]
Processing dataset...
Done!
Building trie...
trie size: 1.502977 MB
trie size: 0.331999 MB
Done!
build time: 685.131030 ms (685.131030 ns per key)
space cost: 6.915090 MB (43.761051% of original size 15.801928 MB)
Querying trie...
Done!
total time: 514.506181 ms, avg latency: 514.506181 ns
topology: 1.233204 MB, link: 1.320040 MB, data: 4.361846 MB
--- Unary Path Analysis (FST, cutoff=4) ---
  shared unary steps in main trie: 867425
  terminal suffixes: inplace=228819 (avg len=2.12)  links=441434 (65.9% of terminal)
  link len: avg=9.49  max=2370  total_chars=4189664
  link length distribution (len:count):  4:76627  5:51488  6:45151  7:37358  8:31909  9:27077  10:23240  11:20333  12:17528  13:14251  14:12152  15:10600  16:8656  17:7441  18:5953  19:5050  20:4404  21:3491  22:2961  23:2494  24:2088  25:1693  26:1542  27:2862  28:3159  29:978  30:1046  31:5827  32:8054  33:556  34:479  35:449  36:385  37:237  38:218  39:200  40:169  41:158  42:128  43:138  44:139  45:102  46:86  47:84  48:98  49:89  50:50  51:76  52:71  53:81  54:65  55:77  56:94  57:109  58:136  59:196  60:305  61:337  62:22  63:7  64:10  65:18  66:16  67:12  68:9  69:17  70:11  71:14  72:16  73:30  74:18  75:39  76:18  77:12  78:9  79:12  80:11  81:6  82:5  83:7  84:10  85:7  86:12  87:15  88:14  89:35  90:43  91:58  92:54  93:3  94:5  95:6  96:4  97:1  99:4  100:6  101:3  103:2  104:2  105:1  106:3  107:3  109:2  110:1  111:2  112:4  113:1  114:1  115:1  116:1  117:1  118:3  119:1  120:3  121:2  122:1  123:3  124:1  127:2  128:1  129:4  130:1  131:1  135:2  136:1  140:1  142:1  147:1  149:1  150:1  153:2  159:1  168:1  176:2  181:1  184:1  185:1  186:1  188:1  197:1  211:1  219:1  226:1  245:1  246:1  247:2  248:1  249:5  250:7  251:5  252:3  253:1  272:1  382:1  506:1  507:2  508:1  512:1  520:2  649:1  956:1  1018:1  2371:1
685.131030,6.915090,514.506181
[PASSED]
[time 1.70 s, user 1.59 s, sys 0.10 s, maxrss 154404 KB]
[busy 179 jiffies]
[exit 0]
--- c2 case 1 rec 0   load 1.78 1.20 0.95
[TEST C2-CoCo(LOUDS-Sparse)]
Processing dataset...
Done!
Building trie...
Done!
build time: 1952.257383 ms (1952.257383 ns per key)
space cost: 7.851791 MB (49.688819% of original size 15.801928 MB)
Querying trie...
Done!
total time: 574.866928 ms, avg latency: 574.866928 ns
topology: 0.418465 MB, link: 2.132715 MB, data: 5.300611 MB
1952.257383,7.851791,574.866928
[PASSED]
[time 3.03 s, user 2.84 s, sys 0.18 s, maxrss 310840 KB]
[busy 312 jiffies]
[exit 0]
--- c2 case 1 rec 1   load 1.72 1.20 0.95
[TEST C2-CoCo(LOUDS-Sparse)]
Processing dataset...
Done!
Building trie...
trie size: 1.502977 MB
Done!
build time: 2042.211480 ms (2042.211480 ns per key)
space cost: 7.077295 MB (44.787543% of original size 15.801928 MB)
Querying trie...
Done!
total time: 624.213296 ms, avg latency: 624.213296 ns
topology: 0.586239 MB, link: 2.143779 MB, data: 4.347277 MB
2042.211480,7.077295,624.213296
[PASSED]
[time 3.15 s, user 2.99 s, sys 0.15 s, maxrss 310524 KB]
[busy 322 jiffies]
[exit 0]
--- c2 case 1 rec 2   load 1.66 1.19 0.95
[TEST C2-CoCo(LOUDS-Sparse)]
Processing dataset...
Done!
Building trie...
trie size: 1.502977 MB
trie size: 0.331999 MB
Done!
build time: 2083.296254 ms (2083.296254 ns per key)
space cost: 7.077295 MB (44.787543% of original size 15.801928 MB)
Querying trie...
Done!
total time: 623.073315 ms, avg latency: 623.073315 ns
topology: 0.586239 MB, link: 2.143779 MB, data: 4.347277 MB
2083.296254,7.077295,623.073315
[PASSED]
[time 3.21 s, user 3.01 s, sys 0.17 s, maxrss 310916 KB]
[busy 334 jiffies]
[exit 0]
--- c2 case 2 rec 0   load 1.66 1.19 0.95
[TEST C2-MARISA]
Processing dataset...
Done!
Building trie...
trie size: 2.270097 MB
Done!
build time: 614.921877 ms (614.921877 ns per key)
space cost: 7.011691 MB (44.372378% of original size 15.801928 MB)
Querying trie...
Done!
total time: 336.598417 ms, avg latency: 336.598417 ns
topology: 0.751881 MB, link: 1.982347 MB, data: 4.256955 MB
--- Unary Path Analysis (Marisa, cutoff=3) ---
  branches: 1422581  |  single-char: 551890 (38.8%)  short-unary: 115667 (8.1%)  links: 755024 (53.1%)
  link len: avg=8.77  max=2372  total_chars=6624040
  link length distribution (len:count):  3:105528  4:121910  5:97474  6:66582  7:57085  8:45533  9:37849  10:31975  11:26876  12:23163  13:19820  14:16116  15:13775  16:11928  17:9756  18:8336  19:6634  20:5552  21:4837  22:3831  23:3236  24:2773  25:2292  26:1859  27:1695  28:2977  29:3248  30:1048  31:1122  32:5884  33:8094  34:587  35:508  36:468  37:402  38:249  39:231  40:207  41:175  42:162  43:138  44:148  45:142  46:106  47:87  48:88  49:101  50:90  51:51  52:78  53:71  54:83  55:67  56:79  57:94  58:109  59:138  60:196  61:305  62:337  63:26  64:9  65:10  66:21  67:20  68:12  69:11  70:17  71:11  72:14  73:16  74:32  75:19  76:39  77:18  78:13  79:10  80:14  81:11  82:6  83:5  84:8  85:10  86:7  87:12  88:15  89:14  90:35  91:43  92:58  93:54  94:3  95:5  96:6  97:4  98:1  100:4  101:6  102:3  104:3  105:2  106:1  107:3  108:3  110:2  111:3  112:2  113:4  114:1  115:1  116:1  117:1  118:1  119:3  120:1  121:3  122:2  123:1  124:3  125:1  128:2  129:1  130:4  131:1  132:1  136:2  137:1  141:1  143:1  148:1  150:1  151:1  154:2  160:1  169:1  177:2  182:1  185:1  186:1  187:1  189:1  195:1  198:1  212:1  220:1  227:1  246:1  247:1  248:2  249:1  250:5  251:7  252:5  253:3  254:1  255:1  273:1  383:1  507:1  508:2  509:1  513:1  521:2  647:1  650:1  957:1  1019:1  1023:1  2372:1
  short unary avg len: 2.00
614.921877,7.011691,336.598417
[PASSED]
[time 1.46 s, user 1.32 s, sys 0.13 s, maxrss 191788 KB]
[busy 151 jiffies]
[exit 0]
--- c2 case 2 rec 1   load 1.61 1.19 0.95
[TEST C2-MARISA]
Processing dataset...
Done!
Building trie...
trie size: 2.270097 MB
trie size: 2.365652 MB
Done!
build time: 746.360950 ms (746.360950 ns per key)
space cost: 5.935715 MB (37.563232% of original size 15.801928 MB)
Querying trie...
Done!
total time: 415.809125 ms, avg latency: 415.809125 ns
topology: 0.970436 MB, link: 1.946986 MB, data: 2.997785 MB
--- Unary Path Analysis (Marisa, cutoff=3) ---
  branches: 1422581  |  single-char: 551890 (38.8%)  short-unary: 115667 (8.1%)  links: 755024 (53.1%)
  link len: avg=8.77  max=2372  total_chars=6624040
  link length distribution (len:count):  3:105528  4:121910  5:97474  6:66582  7:57085  8:45533  9:37849  10:31975  11:26876  12:23163  13:19820  14:16116  15:13775  16:11928  17:9756  18:8336  19:6634  20:5552  21:4837  22:3831  23:3236  24:2773  25:2292  26:1859  27:1695  28:2977  29:3248  30:1048  31:1122  32:5884  33:8094  34:587  35:508  36:468  37:402  38:249  39:231  40:207  41:175  42:162  43:138  44:148  45:142  46:106  47:87  48:88  49:101  50:90  51:51  52:78  53:71  54:83  55:67  56:79  57:94  58:109  59:138  60:196  61:305  62:337  63:26  64:9  65:10  66:21  67:20  68:12  69:11  70:17  71:11  72:14  73:16  74:32  75:19  76:39  77:18  78:13  79:10  80:14  81:11  82:6  83:5  84:8  85:10  86:7  87:12  88:15  89:14  90:35  91:43  92:58  93:54  94:3  95:5  96:6  97:4  98:1  100:4  101:6  102:3  104:3  105:2  106:1  107:3  108:3  110:2  111:3  112:2  113:4  114:1  115:1  116:1  117:1  118:1  119:3  120:1  121:3  122:2  123:1  124:3  125:1  128:2  129:1  130:4  131:1  132:1  136:2  137:1  141:1  143:1  148:1  150:1  151:1  154:2  160:1  169:1  177:2  182:1  185:1  186:1  187:1  189:1  195:1  198:1  212:1  220:1  227:1  246:1  247:1  248:2  249:1  250:5  251:7  252:5  253:3  254:1  255:1  273:1  383:1  507:1  508:2  509:1  513:1  521:2  647:1  650:1  957:1  1019:1  1023:1  2372:1
  short unary avg len: 2.00
746.360950,5.935715,415.809125
[PASSED]
[time 1.67 s, user 1.52 s, sys 0.13 s, maxrss 191744 KB]
[busy 172 jiffies]
[exit 0]
--- c2 case 2 rec 2   load 1.61 1.19 0.95
[TEST C2-MARISA]
Processing dataset...
Done!
Building trie...
trie size: 2.270097 MB
trie size: 2.365652 MB
trie size: 0.409595 MB
Done!
build time: 792.394965 ms (792.394965 ns per key)
space cost: 5.935715 MB (37.563232% of original size 15.801928 MB)
Querying trie...
Done!
total time: 416.201052 ms, avg latency: 416.201052 ns
topology: 0.970436 MB, link: 1.946986 MB, data: 2.997785 MB
--- Unary Path Analysis (Marisa, cutoff=3) ---
  branches: 1422581  |  single-char: 551890 (38.8%)  short-unary: 115667 (8.1%)  links: 755024 (53.1%)
  link len: avg=8.77  max=2372  total_chars=6624040
  link length distribution (len:count):  3:105528  4:121910  5:97474  6:66582  7:57085  8:45533  9:37849  10:31975  11:26876  12:23163  13:19820  14:16116  15:13775  16:11928  17:9756  18:8336  19:6634  20:5552  21:4837  22:3831  23:3236  24:2773  25:2292  26:1859  27:1695  28:2977  29:3248  30:1048  31:1122  32:5884  33:8094  34:587  35:508  36:468  37:402  38:249  39:231  40:207  41:175  42:162  43:138  44:148  45:142  46:106  47:87  48:88  49:101  50:90  51:51  52:78  53:71  54:83  55:67  56:79  57:94  58:109  59:138  60:196  61:305  62:337  63:26  64:9  65:10  66:21  67:20  68:12  69:11  70:17  71:11  72:14  73:16  74:32  75:19  76:39  77:18  78:13  79:10  80:14  81:11  82:6  83:5  84:8  85:10  86:7  87:12  88:15  89:14  90:35  91:43  92:58  93:54  94:3  95:5  96:6  97:4  98:1  100:4  101:6  102:3  104:3  105:2  106:1  107:3  108:3  110:2  111:3  112:2  113:4  114:1  115:1  116:1  117:1  118:1  119:3  120:1  121:3  122:2  123:1  124:3  125:1  128:2  129:1  130:4  131:1  132:1  136:2  137:1  141:1  143:1  148:1  150:1  151:1  154:2  160:1  169:1  177:2  182:1  185:1  186:1  187:1  189:1  195:1  198:1  212:1  220:1  227:1  246:1  247:1  248:2  249:1  250:5  251:7  252:5  253:3  254:1  255:1  273:1  383:1  507:1  508:2  509:1  513:1  521:2  647:1  650:1  957:1  1019:1  1023:1  2372:1
  short unary avg len: 2.00
792.394965,5.935715,416.201052
[PASSED]
[time 1.72 s, user 1.58 s, sys 0.12 s, maxrss 191640 KB]
[busy 179 jiffies]
[exit 0]
--- c2 case 3 rec 0   load 1.56 1.18 0.95
[TEST FST]
Processing dataset...
Done!
Building trie...
Done!
build time: 642.776700 ms (642.776700 ns per key)
space cost: 8.221326 MB (52.027361% of original size 15.801928 MB)
Querying trie...
Done!
total time: 727.632947 ms, avg latency: 727.632947 ns
not implemented
642.776700,8.221326,727.632947
[PASSED]
[time 1.88 s, user 1.79 s, sys 0.07 s, maxrss 111160 KB]
[busy 192 jiffies]
[exit 0]
--- c2 case 4 rec 0   load 1.43 1.16 0.94
[TEST COCO]
Processing dataset...
Done!
Building trie...
num nodes = 399248, average depth = 7.939321
ef = 0.000363, pa = 0.211826, bv = 0.005743, de = 0.595417
efr = 0.002081, par = 0.107439, bvr = 0.000498, der = 0.076632
Done!
build time: 13361.592595 ms (13361.592595 ns per key)
space cost: 9.456138 MB (59.841676% of original size 15.801928 MB)
Querying trie...
Done!
total time: 511.695480 ms, avg latency: 511.695480 ns
not implemented
13361.592595,9.456138,511.695480
[PASSED]
[time 14.90 s, user 11.66 s, sys 3.17 s, maxrss 7164396 KB]
[busy 1536 jiffies]
[exit 0]
--- c2 case 5 rec 0   load 1.34 1.16 0.94
[TEST MARISA]
Processing dataset...
Done!
Building trie...
Done!
build time: 447.902447 ms (447.902447 ns per key)
space cost: 6.900187 MB (43.666745% of original size 15.801928 MB)
Querying trie...
Done!
total time: 452.841188 ms, avg latency: 452.841188 ns
not implemented
447.902447,6.900187,452.841188
[PASSED]
[time 1.39 s, user 1.28 s, sys 0.10 s, maxrss 154388 KB]
[busy 144 jiffies]
[exit 0]
--- c2 case 5 rec 1   load 1.34 1.16 0.94
[TEST MARISA]
Processing dataset...
Done!
Building trie...
Done!
build time: 522.999933 ms (522.999933 ns per key)
space cost: 5.376669 MB (34.025399% of original size 15.801928 MB)
Querying trie...
Done!
total time: 642.166347 ms, avg latency: 642.166347 ns
not implemented
522.999933,5.376669,642.166347
[PASSED]
[time 1.66 s, user 1.57 s, sys 0.08 s, maxrss 154252 KB]
[busy 174 jiffies]
[exit 0]
--- c2 case 5 rec 2   load 1.31 1.15 0.94
[TEST MARISA]
Processing dataset...
Done!
Building trie...
Done!
build time: 535.115739 ms (535.115739 ns per key)
space cost: 5.101574 MB (32.284504% of original size 15.801928 MB)
Querying trie...
Done!
total time: 687.734974 ms, avg latency: 687.734974 ns
not implemented
535.115739,5.101574,687.734974
[PASSED]
[time 1.71 s, user 1.61 s, sys 0.08 s, maxrss 154276 KB]
[busy 175 jiffies]
[exit 0]
--- c2 case 6 rec 0   load 1.31 1.15 0.94
[TEST PDT]
Processing dataset...
Done!
Building trie...
dict size: 159382, stream size: 4661413
Done!
build time: 2539.598548 ms (2539.598548 ns per key)
space cost: 5.873528 MB (37.169690% of original size 15.801928 MB)
Querying trie...
Done!
total time: 579.498217 ms, avg latency: 579.498217 ns
not implemented
2539.598548,5.873528,579.498217
[PASSED]
[time 3.61 s, user 3.50 s, sys 0.10 s, maxrss 164516 KB]
[busy 369 jiffies]
[exit 0]
--- c2 case 7 rec 0   load 1.28 1.15 0.94
[TEST ART]
Processing dataset...
Done!
Building trie...
Done!
build time: 179.418283 ms (179.418283 ns per key)
space cost: 32.581932 MB (206.189605% of original size 15.801928 MB)
Querying trie...
Done!
total time: 518.509645 ms, avg latency: 518.509645 ns
not implemented
179.418283,32.581932,518.509645
[PASSED]
[time 1.21 s, user 1.13 s, sys 0.07 s, maxrss 156084 KB]
[busy 124 jiffies]
[exit 0]
--- c2 case 8 rec 0   load 1.18 1.13 0.94
[TEST CART]
Processing dataset...
Done!
Building trie...
Done!
build time: 228.332948 ms (228.332948 ns per key)
space cost: 15.394894 MB (97.424150% of original size 15.801928 MB)
Querying trie...
Done!
total time: 551.234648 ms, avg latency: 551.234648 ns
not implemented
228.332948,15.394894,551.234648
[PASSED]
[time 1.29 s, user 1.20 s, sys 0.08 s, maxrss 146128 KB]
[busy 134 jiffies]
[exit 0]
--- xcdat 7   load 1.18 1.13 0.94
build time: 504.022722 ms
space cost: 10.636815 MiB (67.313402% of original size 15.801928 MiB)
avg latency: 213.356746 ns
504.022722,10.636815,213.356746
[time 1.23 s, user 1.10 s, sys 0.11 s, maxrss 178004 KB]
[busy 129 jiffies]
[exit 0]
--- xcdat 8   load 1.09 1.11 0.93
build time: 451.985911 ms
space cost: 10.202523 MiB (64.565055% of original size 15.801928 MiB)
avg latency: 205.681153 ns
451.985911,10.202523,205.681153
[time 1.17 s, user 1.06 s, sys 0.10 s, maxrss 178232 KB]
[busy 122 jiffies]
[exit 0]
--- xcdat 15   load 1.09 1.11 0.93
build time: 503.680620 ms
space cost: 12.607800 MiB (79.786472% of original size 15.801928 MiB)
avg latency: 194.911415 ns
503.680620,12.607800,194.911415
[time 1.22 s, user 1.08 s, sys 0.13 s, maxrss 178112 KB]
[busy 127 jiffies]
[exit 0]
--- xcdat 16   load 1.09 1.11 0.93
build time: 450.776598 ms
space cost: 13.179976 MiB (83.407397% of original size 15.801928 MiB)
avg latency: 199.027871 ns
450.776598,13.179976,199.027871
[time 1.17 s, user 1.06 s, sys 0.10 s, maxrss 178008 KB]
[busy 122 jiffies]
[exit 0]

##### numeric-1000000 (1000000 lines, 6888890 bytes)   round 1/3   2026-09-26T03:29:49+03:00
--- lexindex dict32   load 1.08 1.11 0.93
1000000 keys
lexindex DictIndex block 32: build 58 ms, size 1.160 MiB (1.216 B/key), latency cold 230.0 ns, then mean 229.9 / min 229.5 ns
58.064,1.159871,229.998
[time 1.38 s, user 1.70 s, sys 0.17 s, maxrss 138512 KB]
[busy 194 jiffies]
[exit 0]
--- lexindex dict256   load 1.08 1.11 0.93
1000000 keys
lexindex DictIndex block 256: build 59 ms, size 0.964 MiB (1.011 B/key), latency cold 248.7 ns, then mean 246.3 / min 244.9 ns
59.195,0.964076,248.703
[time 1.45 s, user 1.80 s, sys 0.16 s, maxrss 137548 KB]
[busy 204 jiffies]
[exit 0]
--- lexindex dict1024   load 1.07 1.11 0.93
1000000 keys
lexindex DictIndex block 1024: build 55 ms, size 0.875 MiB (0.918 B/key), latency cold 266.8 ns, then mean 268.4 / min 268.0 ns
54.649,0.875449,266.821
[time 1.54 s, user 1.70 s, sys 0.11 s, maxrss 127428 KB]
[busy 189 jiffies]
[exit 0]
--- lexindex routed32   load 1.07 1.11 0.93
1000000 keys
lexindex DictIndex block 32 routed: build 61 ms, size 1.637 MiB (1.716 B/key), latency cold 201.5 ns, then mean 197.6 / min 197.2 ns
60.767,1.636708,201.486
[time 1.27 s, user 1.61 s, sys 0.16 s, maxrss 137212 KB]
[busy 185 jiffies]
[exit 0]
--- lexindex routed256   load 1.07 1.11 0.94
1000000 keys
lexindex DictIndex block 256 routed: build 59 ms, size 1.441 MiB (1.511 B/key), latency cold 180.4 ns, then mean 179.5 / min 179.3 ns
59.289,1.441005,180.416
[time 1.18 s, user 1.51 s, sys 0.18 s, maxrss 137940 KB]
[busy 176 jiffies]
[exit 0]
--- lexindex routed1024   load 1.07 1.11 0.94
1000000 keys
lexindex DictIndex block 1024 routed: build 56 ms, size 1.114 MiB (1.168 B/key), latency cold 179.3 ns, then mean 179.6 / min 178.5 ns
55.914,1.113975,179.271
[time 1.18 s, user 1.35 s, sys 0.10 s, maxrss 129428 KB]
[busy 154 jiffies]
[exit 0]
--- lexindex string   load 1.06 1.10 0.94
1000000 keys
lexindex StringIndex: build 134 ms, size 0.000 MiB (0.000 B/key), latency cold 83.9 ns, then mean 84.2 / min 84.1 ns
133.818,0.000287,83.944
[time 0.87 s, user 0.80 s, sys 0.06 s, maxrss 115404 KB]
[busy 90 jiffies]
[exit 0]
--- lexindex hashed0   load 1.06 1.10 0.94
1000000 keys
lexindex HashedDictIndex closed: build 142 ms, size 3.578 MiB (3.752 B/key), latency cold 13.9 ns, then mean 12.1 / min 12.1 ns
142.454,3.577960,13.938
[time 0.60 s, user 0.99 s, sys 0.16 s, maxrss 149604 KB]
[busy 122 jiffies]
[exit 0]
--- lexindex hashed8   load 1.06 1.10 0.94
1000000 keys
lexindex HashedDictIndex fp=8: build 148 ms, size 4.532 MiB (4.752 B/key), latency cold 18.7 ns, then mean 16.0 / min 15.9 ns
147.538,4.531634,18.681
[time 0.63 s, user 1.01 s, sys 0.17 s, maxrss 151688 KB]
[busy 130 jiffies]
[exit 0]
--- lexindex hashed16   load 1.06 1.10 0.94
1000000 keys
lexindex HashedDictIndex fp=16: build 145 ms, size 5.485 MiB (5.752 B/key), latency cold 20.0 ns, then mean 16.1 / min 16.0 ns
145.370,5.485309,19.995
[time 0.63 s, user 1.02 s, sys 0.17 s, maxrss 149664 KB]
[busy 123 jiffies]
[exit 0]
--- lexindex da   load 1.06 1.10 0.94
1000000 keys
lexindex DoubleArrayIndex: build 137 ms, size 7.630 MiB (8.000 B/key), latency cold 29.5 ns, then mean 22.2 / min 22.0 ns
137.482,7.629574,29.480
[time 0.63 s, user 0.54 s, sys 0.09 s, maxrss 123348 KB]
[busy 66 jiffies]
[exit 0]
--- c2 case 0 rec 0   load 1.06 1.10 0.94
timeout: the monitored command dumped core
Command terminated by signal 11
[time 0.37 s, user 0.26 s, sys 0.04 s, maxrss 83772 KB]
[busy 43 jiffies]
[exit 139]
--- c2 case 0 rec 1   load 1.05 1.10 0.94
timeout: the monitored command dumped core
Command terminated by signal 11
[time 0.37 s, user 0.24 s, sys 0.05 s, maxrss 83920 KB]
[busy 40 jiffies]
[exit 139]
--- c2 case 0 rec 2   load 1.05 1.10 0.94
timeout: the monitored command dumped core
Command terminated by signal 11
[time 0.36 s, user 0.24 s, sys 0.05 s, maxrss 83848 KB]
[busy 38 jiffies]
[exit 139]
--- c2 case 1 rec 0   load 1.05 1.10 0.94
timeout: the monitored command dumped core
Command terminated by signal 11
[time 0.41 s, user 0.29 s, sys 0.05 s, maxrss 83952 KB]
[busy 44 jiffies]
[exit 139]
--- c2 case 1 rec 1   load 0.97 1.08 0.93
timeout: the monitored command dumped core
Command terminated by signal 11
[time 0.40 s, user 0.29 s, sys 0.05 s, maxrss 84016 KB]
[busy 43 jiffies]
[exit 139]
--- c2 case 1 rec 2   load 0.97 1.08 0.93
timeout: the monitored command dumped core
Command terminated by signal 11
[time 0.40 s, user 0.29 s, sys 0.05 s, maxrss 83928 KB]
[busy 42 jiffies]
[exit 139]
--- c2 case 2 rec 0   load 0.97 1.08 0.93
timeout: the monitored command dumped core
Command terminated by signal 11
[time 0.37 s, user 0.26 s, sys 0.05 s, maxrss 83932 KB]
[busy 39 jiffies]
[exit 139]
--- c2 case 2 rec 1   load 0.97 1.08 0.93
timeout: the monitored command dumped core
Command terminated by signal 11
[time 0.37 s, user 0.26 s, sys 0.05 s, maxrss 84112 KB]
[busy 39 jiffies]
[exit 139]
--- c2 case 2 rec 2   load 0.89 1.06 0.93
timeout: the monitored command dumped core
Command terminated by signal 11
[time 0.38 s, user 0.26 s, sys 0.04 s, maxrss 84048 KB]
[busy 41 jiffies]
[exit 139]
--- c2 case 3 rec 0   load 0.89 1.06 0.93
[TEST FST]
Processing dataset...
Done!
Building trie...
Done!
build time: 222.067654 ms (222.067654 ns per key)
space cost: 1.445107 MB (25.731589% of original size 5.616083 MB)
Querying trie...
Done!
total time: 247.803745 ms, avg latency: 247.803745 ns
not implemented
222.067654,1.445107,247.803745
[PASSED]
[time 0.79 s, user 0.72 s, sys 0.06 s, maxrss 74232 KB]
[busy 81 jiffies]
[exit 0]
--- c2 case 4 rec 0   load 0.89 1.06 0.93
[TEST COCO]
Processing dataset...
Done!
Building trie...
num nodes = 9001, average depth = 1.000222
ef = 0.000000, pa = 0.000000, bv = 0.000111, de = 0.999889
efr = 0.000000, par = 0.000000, bvr = 0.000000, der = 0.000000
Done!
build time: 716.279672 ms (716.279672 ns per key)
space cost: 0.497188 MB (8.852927% of original size 5.616083 MB)
Querying trie...
Done!
total time: 224.327200 ms, avg latency: 224.327200 ns
not implemented
716.279672,0.497188,224.327200
[PASSED]
[time 1.28 s, user 1.04 s, sys 0.23 s, maxrss 494712 KB]
[busy 132 jiffies]
[exit 0]
--- c2 case 5 rec 0   load 0.90 1.06 0.93
[TEST MARISA]
Processing dataset...
Done!
Building trie...
Done!
build time: 146.997721 ms (146.997721 ns per key)
space cost: 1.565816 MB (27.880925% of original size 5.616083 MB)
Querying trie...
Done!
total time: 187.796917 ms, avg latency: 187.796917 ns
not implemented
146.997721,1.565816,187.796917
[PASSED]
[time 0.66 s, user 0.59 s, sys 0.07 s, maxrss 108208 KB]
[busy 70 jiffies]
[exit 0]
--- c2 case 5 rec 1   load 0.90 1.06 0.93
[TEST MARISA]
Processing dataset...
Done!
Building trie...
Done!
build time: 148.203568 ms (148.203568 ns per key)
space cost: 1.565816 MB (27.880925% of original size 5.616083 MB)
Querying trie...
Done!
total time: 186.818528 ms, avg latency: 186.818528 ns
not implemented
148.203568,1.565816,186.818528
[PASSED]
[time 0.66 s, user 0.59 s, sys 0.06 s, maxrss 108176 KB]
[busy 67 jiffies]
[exit 0]
--- c2 case 5 rec 2   load 0.90 1.06 0.93
[TEST MARISA]
Processing dataset...
Done!
Building trie...
Done!
build time: 146.073145 ms (146.073145 ns per key)
space cost: 1.565816 MB (27.880925% of original size 5.616083 MB)
Querying trie...
Done!
total time: 185.906445 ms, avg latency: 185.906445 ns
not implemented
146.073145,1.565816,185.906445
[PASSED]
[time 0.66 s, user 0.58 s, sys 0.07 s, maxrss 108224 KB]
[busy 70 jiffies]
[exit 0]
--- c2 case 6 rec 0   load 0.91 1.06 0.93
[TEST PDT]
Processing dataset...
Done!
Building trie...
dict size: 92, stream size: 296698
Done!
build time: 109.097784 ms (109.097784 ns per key)
space cost: 1.559100 MB (27.761344% of original size 5.616083 MB)
Querying trie...
Done!
total time: 394.300435 ms, avg latency: 394.300435 ns
not implemented
109.097784,1.559100,394.300435
[PASSED]
[time 0.81 s, user 0.76 s, sys 0.05 s, maxrss 90168 KB]
[busy 86 jiffies]
[exit 0]
--- c2 case 7 rec 0   load 0.91 1.06 0.93
[TEST ART]
Processing dataset...
Done!
Building trie...
Done!
build time: 57.157134 ms (57.157134 ns per key)
space cost: 20.065308 MB (357.282951% of original size 5.616083 MB)
Querying trie...
Done!
total time: 76.740112 ms, avg latency: 76.740112 ns
not implemented
57.157134,20.065308,76.740112
[PASSED]
[time 0.46 s, user 0.40 s, sys 0.05 s, maxrss 103336 KB]
[busy 48 jiffies]
[exit 0]
--- c2 case 8 rec 0   load 0.91 1.06 0.93
[TEST CART]
Processing dataset...
Done!
Building trie...
Done!
build time: 71.646300 ms (71.646300 ns per key)
space cost: 11.262885 MB (200.546979% of original size 5.616083 MB)
Querying trie...
Done!
total time: 83.166097 ms, avg latency: 83.166097 ns
not implemented
71.646300,11.262885,83.166097
[PASSED]
[time 0.48 s, user 0.43 s, sys 0.05 s, maxrss 105144 KB]
[busy 52 jiffies]
[exit 0]
--- xcdat 7   load 0.91 1.06 0.93
build time: 277.888557 ms
space cost: 5.285287 MiB (94.109841% of original size 5.616083 MiB)
avg latency: 85.475346 ns
277.888557,5.285287,85.475346
[time 0.69 s, user 0.61 s, sys 0.07 s, maxrss 90304 KB]
[busy 71 jiffies]
[exit 0]
--- xcdat 8   load 0.91 1.06 0.93
build time: 182.227953 ms
space cost: 4.607934 MiB (82.048892% of original size 5.616083 MiB)
avg latency: 94.631050 ns
182.227953,4.607934,94.631050
[time 0.59 s, user 0.52 s, sys 0.06 s, maxrss 90372 KB]
[busy 62 jiffies]
[exit 0]
--- xcdat 15   load 0.91 1.06 0.93
build time: 209.622068 ms
space cost: 6.727912 MiB (119.797228% of original size 5.616083 MiB)
avg latency: 53.913428 ns
209.622068,6.727912,53.913428
[time 0.58 s, user 0.50 s, sys 0.07 s, maxrss 90452 KB]
[busy 62 jiffies]
[exit 0]
--- xcdat 16   load 0.92 1.06 0.93
build time: 181.124138 ms
space cost: 7.181439 MiB (127.872740% of original size 5.616083 MiB)
avg latency: 69.906100 ns
181.124138,7.181439,69.906100
[time 0.57 s, user 0.50 s, sys 0.07 s, maxrss 90480 KB]
[busy 59 jiffies]
[exit 0]

##### opaque-1000000 (1000000 lines, 17000000 bytes)   round 1/3   2026-09-26T03:30:45+03:00
--- lexindex dict32   load 0.92 1.06 0.93
1000000 keys
lexindex DictIndex block 32: build 112 ms, size 10.145 MiB (10.638 B/key), latency cold 324.1 ns, then mean 320.9 / min 320.5 ns
112.320,10.144960,324.091
[time 1.82 s, user 2.57 s, sys 0.30 s, maxrss 171300 KB]
[busy 295 jiffies]
[exit 0]
--- lexindex dict256   load 0.85 1.04 0.92
1000000 keys
lexindex DictIndex block 256: build 114 ms, size 9.917 MiB (10.399 B/key), latency cold 327.5 ns, then mean 325.7 / min 324.5 ns
114.047,9.916968,327.530
[time 1.85 s, user 2.60 s, sys 0.30 s, maxrss 171760 KB]
[busy 298 jiffies]
[exit 0]
--- lexindex dict1024   load 0.85 1.04 0.92
1000000 keys
lexindex DictIndex block 1024: build 109 ms, size 9.814 MiB (10.291 B/key), latency cold 361.5 ns, then mean 360.7 / min 358.3 ns
109.494,9.813874,361.498
[time 1.98 s, user 2.38 s, sys 0.20 s, maxrss 152124 KB]
[busy 268 jiffies]
[exit 0]
--- lexindex routed32   load 0.86 1.04 0.92
1000000 keys
lexindex DictIndex block 32 routed: build 112 ms, size 10.622 MiB (11.138 B/key), latency cold 311.4 ns, then mean 306.4 / min 304.9 ns
111.787,10.621798,311.360
[time 1.77 s, user 2.53 s, sys 0.30 s, maxrss 168820 KB]
[busy 291 jiffies]
[exit 0]
--- lexindex routed256   load 0.86 1.04 0.92
1000000 keys
lexindex DictIndex block 256 routed: build 114 ms, size 10.394 MiB (10.899 B/key), latency cold 296.8 ns, then mean 285.5 / min 283.4 ns
114.482,10.393897,296.751
[time 1.70 s, user 2.46 s, sys 0.29 s, maxrss 171376 KB]
[busy 285 jiffies]
[exit 0]
--- lexindex routed1024   load 0.87 1.04 0.92
1000000 keys
lexindex DictIndex block 1024 routed: build 112 ms, size 10.052 MiB (10.541 B/key), latency cold 299.2 ns, then mean 295.4 / min 294.6 ns
112.354,10.052400,299.154
[time 1.74 s, user 2.13 s, sys 0.21 s, maxrss 151908 KB]
[busy 243 jiffies]
[exit 0]
--- lexindex string   load 0.87 1.04 0.92
1000000 keys
lexindex StringIndex: build 1073 ms, size 20.443 MiB (21.436 B/key), latency cold 288.4 ns, then mean 283.1 / min 282.1 ns
1073.035,20.442799,288.434
[time 2.63 s, user 2.54 s, sys 0.08 s, maxrss 153124 KB]
[busy 272 jiffies]
[exit 0]
--- lexindex hashed0   load 0.88 1.04 0.92
1000000 keys
lexindex HashedDictIndex closed: build 204 ms, size 12.530 MiB (13.139 B/key), latency cold 46.1 ns, then mean 44.6 / min 44.2 ns
203.512,12.530238,46.107
[time 0.80 s, user 1.58 s, sys 0.30 s, maxrss 172240 KB]
[busy 200 jiffies]
[exit 0]
--- lexindex hashed8   load 0.89 1.04 0.92
1000000 keys
lexindex HashedDictIndex fp=8: build 206 ms, size 13.484 MiB (14.139 B/key), latency cold 55.6 ns, then mean 54.5 / min 54.3 ns
206.365,13.483912,55.618
[time 0.84 s, user 1.63 s, sys 0.30 s, maxrss 171140 KB]
[busy 202 jiffies]
[exit 0]
--- lexindex hashed16   load 0.89 1.04 0.92
1000000 keys
lexindex HashedDictIndex fp=16: build 205 ms, size 14.438 MiB (15.139 B/key), latency cold 57.1 ns, then mean 55.4 / min 54.2 ns
205.219,14.437587,57.067
[time 0.86 s, user 1.64 s, sys 0.33 s, maxrss 174788 KB]
[busy 203 jiffies]
[exit 0]
--- lexindex da   load 0.89 1.04 0.92
1000000 keys
lexindex DoubleArrayIndex refused: format error: double-array: the trie needs more than 8 388 608 slots; bases are 23 bits
Command exited with non-zero status 3
[time 2.63 s, user 2.37 s, sys 0.25 s, maxrss 389260 KB]
[busy 276 jiffies]
[exit 3]
--- c2 case 0 rec 0   load 0.90 1.04 0.93
[TEST C2-FST]
Processing dataset...
Done!
Building trie...
Done!
build time: 1083.205227 ms (1083.205227 ns per key)
space cost: 16.922257 MB (110.901706% of original size 15.258789 MB)
Querying trie...
Done!
total time: 397.073466 ms, avg latency: 397.073466 ns
topology: 0.743332 MB, link: 3.012292 MB, data: 13.166634 MB
--- Unary Path Analysis (FST, cutoff=4) ---
  shared unary steps in main trie: 1041
  terminal suffixes: inplace=0 (avg len=0.00)  links=1000000 (100.0% of terminal)
  link len: avg=10.96  max=12  total_chars=10963783
  link length distribution (len:count):  9:6  10:856  11:56569  12:920487  13:22082
1083.205227,16.922257,397.073466
[PASSED]
[time 2.12 s, user 1.97 s, sys 0.14 s, maxrss 249980 KB]
[busy 220 jiffies]
[exit 0]
--- c2 case 0 rec 1   load 0.83 1.02 0.92
[TEST C2-FST]
Processing dataset...
Done!
Building trie...
trie size: 4.316751 MB
Done!
build time: 1985.788119 ms (1985.788119 ns per key)
space cost: 16.922257 MB (110.901706% of original size 15.258789 MB)
Querying trie...
Done!
total time: 394.726045 ms, avg latency: 394.726045 ns
topology: 0.743332 MB, link: 3.012292 MB, data: 13.166634 MB
--- Unary Path Analysis (FST, cutoff=4) ---
  shared unary steps in main trie: 1041
  terminal suffixes: inplace=0 (avg len=0.00)  links=1000000 (100.0% of terminal)
  link len: avg=10.96  max=12  total_chars=10963783
  link length distribution (len:count):  9:6  10:856  11:56569  12:920487  13:22082
1985.788119,16.922257,394.726045
[PASSED]
[time 3.04 s, user 2.81 s, sys 0.22 s, maxrss 311348 KB]
[busy 314 jiffies]
[exit 0]
--- c2 case 0 rec 2   load 0.83 1.02 0.92
[TEST C2-FST]
Processing dataset...
Done!
Building trie...
trie size: 4.316751 MB
Done!
build time: 1976.477894 ms (1976.477894 ns per key)
space cost: 16.922257 MB (110.901706% of original size 15.258789 MB)
Querying trie...
Done!
total time: 393.715165 ms, avg latency: 393.715165 ns
topology: 0.743332 MB, link: 3.012292 MB, data: 13.166634 MB
--- Unary Path Analysis (FST, cutoff=4) ---
  shared unary steps in main trie: 1041
  terminal suffixes: inplace=0 (avg len=0.00)  links=1000000 (100.0% of terminal)
  link len: avg=10.96  max=12  total_chars=10963783
  link length distribution (len:count):  9:6  10:856  11:56569  12:920487  13:22082
1976.477894,16.922257,393.715165
[PASSED]
[time 3.03 s, user 2.79 s, sys 0.23 s, maxrss 311376 KB]
[busy 312 jiffies]
[exit 0]
--- c2 case 1 rec 0   load 0.84 1.02 0.92
[TEST C2-CoCo(LOUDS-Sparse)]
Processing dataset...
Done!
Building trie...
Done!
build time: 1355.783225 ms (1355.783225 ns per key)
space cost: 16.089285 MB (105.442735% of original size 15.258789 MB)
Querying trie...
Done!
total time: 530.013582 ms, avg latency: 530.013582 ns
topology: 0.346626 MB, link: 3.175570 MB, data: 12.567089 MB
1355.783225,16.089285,530.013582
[PASSED]
[time 2.55 s, user 2.34 s, sys 0.19 s, maxrss 357304 KB]
[busy 264 jiffies]
[exit 0]
--- c2 case 1 rec 1   load 0.85 1.02 0.92
[TEST C2-CoCo(LOUDS-Sparse)]
Processing dataset...
Done!
Building trie...
trie size: 4.316751 MB
Done!
build time: 2238.447498 ms (2238.447498 ns per key)
space cost: 16.089285 MB (105.442735% of original size 15.258789 MB)
Querying trie...
Done!
total time: 526.351110 ms, avg latency: 526.351110 ns
topology: 0.346626 MB, link: 3.175570 MB, data: 12.567089 MB
2238.447498,16.089285,526.351110
[PASSED]
[time 3.43 s, user 3.17 s, sys 0.24 s, maxrss 418896 KB]
[busy 352 jiffies]
[exit 0]
--- c2 case 1 rec 2   load 0.87 1.02 0.92
[TEST C2-CoCo(LOUDS-Sparse)]
Processing dataset...
Done!
Building trie...
trie size: 4.316751 MB
Done!
build time: 2221.164713 ms (2221.164713 ns per key)
space cost: 16.089285 MB (105.442735% of original size 15.258789 MB)
Querying trie...
Done!
total time: 532.502659 ms, avg latency: 532.502659 ns
topology: 0.346626 MB, link: 3.175570 MB, data: 12.567089 MB
2221.164713,16.089285,532.502659
[PASSED]
[time 3.42 s, user 3.16 s, sys 0.24 s, maxrss 418684 KB]
[busy 351 jiffies]
[exit 0]
--- c2 case 2 rec 0   load 0.88 1.02 0.92
[TEST C2-MARISA]
Processing dataset...
Done!
Building trie...
trie size: 1.836515 MB
Done!
build time: 982.830855 ms (982.830855 ns per key)
space cost: 16.609414 MB (108.851456% of original size 15.258789 MB)
Querying trie...
Done!
total time: 335.350884 ms, avg latency: 335.350884 ns
topology: 0.607349 MB, link: 2.863268 MB, data: 13.118289 MB
--- Unary Path Analysis (Marisa, cutoff=3) ---
  branches: 1267337  |  single-char: 266306 (21.0%)  short-unary: 1021 (0.1%)  links: 1000010 (78.9%)
  link len: avg=12.96  max=14  total_chars=12963813
  link length distribution (len:count):  3:10  10:6  11:856  12:56569  13:920487  14:22082
  short unary avg len: 2.00
982.830855,16.609414,335.350884
[PASSED]
[time 1.97 s, user 1.83 s, sys 0.12 s, maxrss 236852 KB]
[busy 204 jiffies]
[exit 0]
--- c2 case 2 rec 1   load 0.88 1.02 0.92
[TEST C2-MARISA]
Processing dataset...
Done!
Building trie...
trie size: 1.836515 MB
trie size: 4.316792 MB
Done!
build time: 2005.232297 ms (2005.232297 ns per key)
space cost: 16.609414 MB (108.851456% of original size 15.258789 MB)
Querying trie...
Done!
total time: 323.403814 ms, avg latency: 323.403814 ns
topology: 0.607349 MB, link: 2.863268 MB, data: 13.118289 MB
--- Unary Path Analysis (Marisa, cutoff=3) ---
  branches: 1267337  |  single-char: 266306 (21.0%)  short-unary: 1021 (0.1%)  links: 1000010 (78.9%)
  link len: avg=12.96  max=14  total_chars=12963813
  link length distribution (len:count):  3:10  10:6  11:856  12:56569  13:920487  14:22082
  short unary avg len: 2.00
2005.232297,16.609414,323.403814
[PASSED]
[time 2.98 s, user 2.79 s, sys 0.18 s, maxrss 283616 KB]
[busy 308 jiffies]
[exit 0]
--- c2 case 2 rec 2   load 0.89 1.02 0.92
[TEST C2-MARISA]
Processing dataset...
Done!
Building trie...
trie size: 1.836515 MB
trie size: 4.316792 MB
Done!
build time: 2014.357944 ms (2014.357944 ns per key)
space cost: 16.609414 MB (108.851456% of original size 15.258789 MB)
Querying trie...
Done!
total time: 328.331333 ms, avg latency: 328.331333 ns
topology: 0.607349 MB, link: 2.863268 MB, data: 13.118289 MB
--- Unary Path Analysis (Marisa, cutoff=3) ---
  branches: 1267337  |  single-char: 266306 (21.0%)  short-unary: 1021 (0.1%)  links: 1000010 (78.9%)
  link len: avg=12.96  max=14  total_chars=12963813
  link length distribution (len:count):  3:10  10:6  11:856  12:56569  13:920487  14:22082
  short unary avg len: 2.00
2014.357944,16.609414,328.331333
[PASSED]
[time 2.99 s, user 2.78 s, sys 0.20 s, maxrss 283588 KB]
[busy 309 jiffies]
[exit 0]
--- c2 case 3 rec 0   load 0.90 1.01 0.92
[TEST FST]
Processing dataset...
Done!
Building trie...
Done!
build time: 655.845300 ms (655.845300 ns per key)
space cost: 16.760878 MB (109.844088% of original size 15.258789 MB)
Querying trie...
Done!
total time: 340.892948 ms, avg latency: 340.892948 ns
not implemented
655.845300,16.760878,340.892948
[PASSED]
[time 1.65 s, user 1.55 s, sys 0.09 s, maxrss 146920 KB]
[busy 170 jiffies]
[exit 0]
--- c2 case 4 rec 0   load 0.82 1.00 0.92
[TEST COCO]
Processing dataset...
Done!
Building trie...
num nodes = 4097, average depth = 12.997071
ef = 0.000000, pa = 0.000000, bv = 0.000000, de = 0.000000
efr = 0.000000, par = 0.999756, bvr = 0.000244, der = 0.000000
Done!
build time: 17505.791534 ms (17505.791534 ns per key)
space cost: 10.595579 MB (69.439184% of original size 15.258789 MB)
Querying trie...
Done!
total time: 471.481455 ms, avg latency: 471.481455 ns
not implemented
17505.791534,10.595579,471.481455
[PASSED]
[time 19.43 s, user 14.50 s, sys 4.85 s, maxrss 11388632 KB]
[busy 2000 jiffies]
[exit 0]
--- c2 case 5 rec 0   load 0.79 0.98 0.91
[TEST MARISA]
Processing dataset...
Done!
Building trie...
Done!
build time: 458.659722 ms (458.659722 ns per key)
space cost: 17.200768 MB (112.726950% of original size 15.258789 MB)
Querying trie...
Done!
total time: 454.898313 ms, avg latency: 454.898313 ns
not implemented
458.659722,17.200768,454.898313
[PASSED]
[time 1.56 s, user 1.44 s, sys 0.11 s, maxrss 194892 KB]
[busy 163 jiffies]
[exit 0]
--- c2 case 5 rec 1   load 0.79 0.98 0.91
[TEST MARISA]
Processing dataset...
Done!
Building trie...
Done!
build time: 727.666920 ms (727.666920 ns per key)
space cost: 17.634758 MB (115.571150% of original size 15.258789 MB)
Querying trie...
Done!
total time: 691.067286 ms, avg latency: 691.067286 ns
not implemented
727.666920,17.634758,691.067286
[PASSED]
[time 2.06 s, user 1.94 s, sys 0.11 s, maxrss 185356 KB]
[busy 215 jiffies]
[exit 0]
--- c2 case 5 rec 2   load 0.81 0.98 0.91
[TEST MARISA]
Processing dataset...
Done!
Building trie...
Done!
build time: 950.782244 ms (950.782244 ns per key)
space cost: 17.949429 MB (117.633375% of original size 15.258789 MB)
Querying trie...
Done!
total time: 978.956985 ms, avg latency: 978.956985 ns
not implemented
950.782244,17.949429,978.956985
[PASSED]
[time 2.59 s, user 2.43 s, sys 0.14 s, maxrss 225564 KB]
[busy 266 jiffies]
[exit 0]
--- c2 case 6 rec 0   load 0.81 0.98 0.91
[TEST PDT]
Processing dataset...
Done!
Building trie...
dict size: 177882, stream size: 12826382
Done!
build time: 16342.251780 ms (16342.251780 ns per key)
space cost: 13.677892 MB (89.639431% of original size 15.258789 MB)
Querying trie...
Done!
total time: 593.281547 ms, avg latency: 593.281547 ns
not implemented
16342.251780,13.677892,593.281547
[PASSED]
[time 17.58 s, user 17.31 s, sys 0.20 s, maxrss 361116 KB]
[busy 1810 jiffies]
[exit 0]
--- c2 case 7 rec 0   load 0.87 0.98 0.92
[TEST ART]
Processing dataset...
Done!
Building trie...
Done!
build time: 141.074251 ms (141.074251 ns per key)
space cost: 30.301407 MB (198.583300% of original size 15.258789 MB)
Querying trie...
Done!
total time: 184.463012 ms, avg latency: 184.463012 ns
not implemented
141.074251,30.301407,184.463012
[PASSED]
[time 1.00 s, user 0.91 s, sys 0.08 s, maxrss 178932 KB]
[busy 105 jiffies]
[exit 0]
--- c2 case 8 rec 0   load 0.80 0.97 0.91
[TEST CART]
Processing dataset...
Done!
Building trie...
Done!
build time: 162.272644 ms (162.272644 ns per key)
space cost: 11.383729 MB (74.604406% of original size 15.258789 MB)
Querying trie...
Done!
total time: 229.036089 ms, avg latency: 229.036089 ns
not implemented
162.272644,11.383729,229.036089
[PASSED]
[time 1.06 s, user 0.96 s, sys 0.09 s, maxrss 161168 KB]
[busy 110 jiffies]
[exit 0]
--- xcdat 7   load 0.80 0.97 0.91
build time: 670.014646 ms
space cost: 19.932177 MiB (130.627512% of original size 15.258789 MiB)
avg latency: 226.854880 ns
670.014646,19.932177,226.854880
[time 1.57 s, user 1.45 s, sys 0.11 s, maxrss 173136 KB]
[busy 162 jiffies]
[exit 0]
--- xcdat 8   load 0.73 0.95 0.91
build time: 643.851253 ms
space cost: 18.565336 MiB (121.669787% of original size 15.258789 MiB)
avg latency: 214.341006 ns
643.851253,18.565336,214.341006
[time 1.54 s, user 1.42 s, sys 0.10 s, maxrss 179868 KB]
[busy 159 jiffies]
[exit 0]
--- xcdat 15   load 0.73 0.95 0.91
build time: 666.985003 ms
space cost: 19.094490 MiB (125.137650% of original size 15.258789 MiB)
avg latency: 207.171113 ns
666.985003,19.094490,207.171113
[time 1.55 s, user 1.44 s, sys 0.11 s, maxrss 181100 KB]
[busy 163 jiffies]
[exit 0]
--- xcdat 16   load 0.67 0.94 0.90
build time: 640.907762 ms
space cost: 19.227987 MiB (126.012538% of original size 15.258789 MiB)
avg latency: 209.802107 ns
640.907762,19.227987,209.802107
[time 1.54 s, user 1.43 s, sys 0.10 s, maxrss 179960 KB]
[busy 158 jiffies]
[exit 0]

##### paths-1000000 (1000000 lines, 59358139 bytes)   round 1/3   2026-09-26T03:32:55+03:00
--- lexindex dict32   load 0.67 0.94 0.90
1000000 keys
lexindex DictIndex block 32: build 265 ms, size 7.889 MiB (8.272 B/key), latency cold 551.7 ns, then mean 551.3 / min 545.9 ns
265.295,7.888713,551.720
[time 3.07 s, user 5.06 s, sys 0.40 s, maxrss 267776 KB]
[busy 563 jiffies]
[exit 0]
--- lexindex dict256   load 0.70 0.94 0.90
1000000 keys
lexindex DictIndex block 256: build 267 ms, size 6.536 MiB (6.854 B/key), latency cold 558.8 ns, then mean 551.8 / min 551.4 ns
266.841,6.536199,558.824
[time 3.09 s, user 5.14 s, sys 0.39 s, maxrss 270840 KB]
[busy 568 jiffies]
[exit 0]
--- lexindex dict1024   load 0.64 0.92 0.90
1000000 keys
lexindex DictIndex block 1024: build 291 ms, size 6.209 MiB (6.511 B/key), latency cold 601.7 ns, then mean 600.5 / min 598.5 ns
290.808,6.209176,601.682
[time 3.31 s, user 4.55 s, sys 0.34 s, maxrss 275696 KB]
[busy 505 jiffies]
[exit 0]
--- lexindex routed32   load 0.59 0.91 0.89
1000000 keys
lexindex DictIndex block 32 routed: build 267 ms, size 8.366 MiB (8.772 B/key), latency cold 531.2 ns, then mean 529.5 / min 523.6 ns
266.642,8.365550,531.245
[time 2.99 s, user 4.94 s, sys 0.44 s, maxrss 283988 KB]
[busy 553 jiffies]
[exit 0]
--- lexindex routed256   load 0.59 0.91 0.89
1000000 keys
lexindex DictIndex block 256 routed: build 270 ms, size 7.013 MiB (7.354 B/key), latency cold 532.9 ns, then mean 529.2 / min 525.0 ns
269.698,7.013127,532.922
[time 2.99 s, user 5.03 s, sys 0.41 s, maxrss 274768 KB]
[busy 556 jiffies]
[exit 0]
--- lexindex routed1024   load 0.62 0.91 0.89
1000000 keys
lexindex DictIndex block 1024 routed: build 295 ms, size 6.448 MiB (6.761 B/key), latency cold 586.0 ns, then mean 590.8 / min 583.1 ns
295.222,6.447701,585.957
[time 3.26 s, user 4.55 s, sys 0.32 s, maxrss 257688 KB]
[busy 504 jiffies]
[exit 0]
--- lexindex string   load 0.65 0.91 0.89
1000000 keys
lexindex StringIndex: build 882 ms, size 10.366 MiB (10.870 B/key), latency cold 494.1 ns, then mean 497.1 / min 489.7 ns
881.938,10.366158,494.103
[time 3.47 s, user 3.32 s, sys 0.13 s, maxrss 235772 KB]
[busy 363 jiffies]
[exit 0]
--- lexindex hashed0   load 0.68 0.91 0.89
1000000 keys
lexindex HashedDictIndex closed: build 383 ms, size 9.149 MiB (9.594 B/key), latency cold 60.9 ns, then mean 58.9 / min 58.7 ns
382.849,9.149382,60.913
[time 1.22 s, user 3.31 s, sys 0.41 s, maxrss 258408 KB]
[busy 382 jiffies]
[exit 0]
--- lexindex hashed8   load 0.68 0.91 0.89
1000000 keys
lexindex HashedDictIndex fp=8: build 383 ms, size 10.103 MiB (10.594 B/key), latency cold 72.5 ns, then mean 70.7 / min 70.0 ns
383.410,10.103056,72.482
[time 1.27 s, user 3.35 s, sys 0.38 s, maxrss 267844 KB]
[busy 385 jiffies]
[exit 0]
--- lexindex hashed16   load 0.71 0.91 0.90
1000000 keys
lexindex HashedDictIndex fp=16: build 383 ms, size 11.057 MiB (11.594 B/key), latency cold 72.7 ns, then mean 70.8 / min 70.3 ns
383.447,11.056730,72.680
[time 1.26 s, user 3.30 s, sys 0.43 s, maxrss 274980 KB]
[busy 381 jiffies]
[exit 0]
--- lexindex da   load 0.71 0.91 0.90
1000000 keys
lexindex DoubleArrayIndex refused: format error: double-array: the trie needs more than 8 388 608 slots; bases are 23 bits
Command exited with non-zero status 3
[time 2.71 s, user 2.30 s, sys 0.39 s, maxrss 491572 KB]
[busy 280 jiffies]
[exit 3]
--- c2 case 0 rec 0   load 0.73 0.91 0.90
[TEST C2-FST]
Processing dataset...
Done!
Building trie...
Done!
build time: 1116.820544 ms (1116.820544 ns per key)
space cost: 10.677848 MB (19.185901% of original size 55.654658 MB)
Querying trie...
Done!
total time: 1232.948208 ms, avg latency: 1232.948208 ns
topology: 1.512909 MB, link: 2.183862 MB, data: 6.981077 MB
--- Unary Path Analysis (FST, cutoff=4) ---
  shared unary steps in main trie: 1983898
  terminal suffixes: inplace=155036 (avg len=2.03)  links=775026 (83.3% of terminal)
  link len: avg=9.81  max=128  total_chars=7602444
  link length distribution (len:count):  4:63662  5:73939  6:69531  7:88678  8:71526  9:52778  10:51773  11:44074  12:39713  13:31763  14:26712  15:22182  16:18455  17:22937  18:16541  19:12402  20:10319  21:8136  22:6539  23:6401  24:4377  25:3649  26:3160  27:3721  28:2559  29:1865  30:1985  31:1339  32:1222  33:997  34:1398  35:1349  36:841  37:575  38:604  39:530  40:470  41:758  42:1158  43:1471  44:308  45:277  46:258  47:317  48:236  49:197  50:181  51:216  52:108  53:92  54:67  55:72  56:56  57:66  58:37  59:33  60:19  61:34  62:14  63:20  64:25  65:11  66:17  67:20  68:11  69:14  70:14  71:20  72:13  73:15  74:14  75:14  76:8  77:11  78:18  79:34  80:20  81:7  82:8  83:2  85:4  86:2  87:2  88:1  90:2  91:4  92:1  93:2  96:2  97:1  98:1  99:3  102:1  104:1  108:1  110:1  111:1  129:3
1116.820544,10.677848,1232.948208
[PASSED]
[time 3.17 s, user 2.98 s, sys 0.18 s, maxrss 258416 KB]
[busy 330 jiffies]
[exit 0]
--- c2 case 0 rec 1   load 0.75 0.92 0.90
[TEST C2-FST]
Processing dataset...
Done!
Building trie...
trie size: 2.433954 MB
Done!
build time: 1280.717279 ms (1280.717279 ns per key)
space cost: 9.494965 MB (17.060503% of original size 55.654658 MB)
Querying trie...
Done!
total time: 1363.755456 ms, avg latency: 1363.755456 ns
topology: 1.739155 MB, link: 2.123735 MB, data: 5.632074 MB
--- Unary Path Analysis (FST, cutoff=4) ---
  shared unary steps in main trie: 1983898
  terminal suffixes: inplace=155036 (avg len=2.03)  links=775026 (83.3% of terminal)
  link len: avg=9.81  max=128  total_chars=7602444
  link length distribution (len:count):  4:63662  5:73939  6:69531  7:88678  8:71526  9:52778  10:51773  11:44074  12:39713  13:31763  14:26712  15:22182  16:18455  17:22937  18:16541  19:12402  20:10319  21:8136  22:6539  23:6401  24:4377  25:3649  26:3160  27:3721  28:2559  29:1865  30:1985  31:1339  32:1222  33:997  34:1398  35:1349  36:841  37:575  38:604  39:530  40:470  41:758  42:1158  43:1471  44:308  45:277  46:258  47:317  48:236  49:197  50:181  51:216  52:108  53:92  54:67  55:72  56:56  57:66  58:37  59:33  60:19  61:34  62:14  63:20  64:25  65:11  66:17  67:20  68:11  69:14  70:14  71:20  72:13  73:15  74:14  75:14  76:8  77:11  78:18  79:34  80:20  81:7  82:8  83:2  85:4  86:2  87:2  88:1  90:2  91:4  92:1  93:2  96:2  97:1  98:1  99:3  102:1  104:1  108:1  110:1  111:1  129:3
1280.717279,9.494965,1363.755456
[PASSED]
[time 3.46 s, user 3.26 s, sys 0.18 s, maxrss 258340 KB]
[busy 357 jiffies]
[exit 0]
--- c2 case 0 rec 2   load 0.77 0.92 0.90
[TEST C2-FST]
Processing dataset...
Done!
Building trie...
trie size: 2.433954 MB
trie size: 0.408309 MB
Done!
build time: 1331.176628 ms (1331.176628 ns per key)
space cost: 9.494965 MB (17.060503% of original size 55.654658 MB)
Querying trie...
Done!
total time: 1363.104182 ms, avg latency: 1363.104182 ns
topology: 1.739155 MB, link: 2.123735 MB, data: 5.632074 MB
--- Unary Path Analysis (FST, cutoff=4) ---
  shared unary steps in main trie: 1983898
  terminal suffixes: inplace=155036 (avg len=2.03)  links=775026 (83.3% of terminal)
  link len: avg=9.81  max=128  total_chars=7602444
  link length distribution (len:count):  4:63662  5:73939  6:69531  7:88678  8:71526  9:52778  10:51773  11:44074  12:39713  13:31763  14:26712  15:22182  16:18455  17:22937  18:16541  19:12402  20:10319  21:8136  22:6539  23:6401  24:4377  25:3649  26:3160  27:3721  28:2559  29:1865  30:1985  31:1339  32:1222  33:997  34:1398  35:1349  36:841  37:575  38:604  39:530  40:470  41:758  42:1158  43:1471  44:308  45:277  46:258  47:317  48:236  49:197  50:181  51:216  52:108  53:92  54:67  55:72  56:56  57:66  58:37  59:33  60:19  61:34  62:14  63:20  64:25  65:11  66:17  67:20  68:11  69:14  70:14  71:20  72:13  73:15  74:14  75:14  76:8  77:11  78:18  79:34  80:20  81:7  82:8  83:2  85:4  86:2  87:2  88:1  90:2  91:4  92:1  93:2  96:2  97:1  98:1  99:3  102:1  104:1  108:1  110:1  111:1  129:3
1331.176628,9.494965,1363.104182
[PASSED]
[time 3.51 s, user 3.31 s, sys 0.18 s, maxrss 258116 KB]
[busy 362 jiffies]
[exit 0]
--- c2 case 1 rec 0   load 0.71 0.90 0.89
[TEST C2-CoCo(LOUDS-Sparse)]
Processing dataset...
Done!
Building trie...
Done!
build time: 3959.253634 ms (3959.253634 ns per key)
space cost: 10.850550 MB (19.496212% of original size 55.654658 MB)
Querying trie...
Done!
total time: 1168.806659 ms, avg latency: 1168.806659 ns
topology: 0.452286 MB, link: 3.359728 MB, data: 7.038537 MB
3959.253634,10.850550,1168.806659
[PASSED]
[time 5.94 s, user 5.62 s, sys 0.29 s, maxrss 511800 KB]
[busy 611 jiffies]
[exit 0]
--- c2 case 1 rec 1   load 0.73 0.90 0.89
[TEST C2-CoCo(LOUDS-Sparse)]
Processing dataset...
Done!
Building trie...
trie size: 2.433954 MB
Done!
build time: 4102.994266 ms (4102.994266 ns per key)
space cost: 9.667667 MB (17.370814% of original size 55.654658 MB)
Querying trie...
Done!
total time: 1258.166415 ms, avg latency: 1258.166415 ns
topology: 0.678532 MB, link: 3.299602 MB, data: 5.689534 MB
4102.994266,9.667667,1258.166415
[PASSED]
[time 6.18 s, user 5.86 s, sys 0.28 s, maxrss 511712 KB]
[busy 639 jiffies]
[exit 0]
--- c2 case 1 rec 2   load 0.70 0.89 0.89
[TEST C2-CoCo(LOUDS-Sparse)]
Processing dataset...
Done!
Building trie...
trie size: 2.433954 MB
trie size: 0.408309 MB
Done!
build time: 4139.477410 ms (4139.477410 ns per key)
space cost: 9.667667 MB (17.370814% of original size 55.654658 MB)
Querying trie...
Done!
total time: 1278.700761 ms, avg latency: 1278.700761 ns
topology: 0.678532 MB, link: 3.299602 MB, data: 5.689534 MB
4139.477410,9.667667,1278.700761
[PASSED]
[time 6.24 s, user 5.90 s, sys 0.31 s, maxrss 512124 KB]
[busy 643 jiffies]
[exit 0]
--- c2 case 2 rec 0   load 0.72 0.89 0.89
[TEST C2-MARISA]
Processing dataset...
Done!
Building trie...
trie size: 2.379500 MB
Done!
build time: 1271.125346 ms (1271.125346 ns per key)
space cost: 9.142673 MB (16.427506% of original size 55.654658 MB)
Querying trie...
Done!
total time: 635.966106 ms, avg latency: 635.966106 ns
topology: 0.788380 MB, link: 3.028383 MB, data: 5.305402 MB
--- Unary Path Analysis (Marisa, cutoff=3) ---
  branches: 1624370  |  single-char: 364657 (22.4%)  short-unary: 105835 (6.5%)  links: 1153878 (71.0%)
  link len: avg=10.16  max=130  total_chars=11724159
  link length distribution (len:count):  3:86064  4:95323  5:99308  6:104992  7:95461  8:108108  9:90737  10:64624  11:60242  12:50948  13:45360  14:36727  15:31143  16:26922  17:21639  18:24976  19:18225  20:13819  21:11536  22:9190  23:7326  24:7075  25:5058  26:4084  27:3561  28:4082  29:2881  30:2128  31:2425  32:1998  33:1765  34:1248  35:1581  36:1516  37:1026  38:745  39:954  40:1077  41:823  42:929  43:1258  44:1550  45:383  46:326  47:319  48:359  49:278  50:229  51:212  52:245  53:136  54:111  55:80  56:86  57:71  58:74  59:40  60:37  61:20  62:40  63:19  64:21  65:31  66:12  67:22  68:22  69:12  70:15  71:16  72:21  73:14  74:16  75:15  76:14  77:8  78:13  79:18  80:34  81:21  82:7  83:8  84:2  86:4  87:2  88:3  89:2  90:1  91:3  92:4  93:1  94:2  97:2  98:1  99:1  100:3  103:1  105:1  109:1  111:1  112:1  130:3
  short unary avg len: 2.00
1271.125346,9.142673,635.966106
[PASSED]
[time 2.74 s, user 2.54 s, sys 0.18 s, maxrss 246528 KB]
[busy 285 jiffies]
[exit 0]
--- c2 case 2 rec 1   load 0.74 0.89 0.89
[TEST C2-MARISA]
Processing dataset...
Done!
Building trie...
trie size: 2.379500 MB
trie size: 3.728127 MB
Done!
build time: 1507.395999 ms (1507.395999 ns per key)
space cost: 7.584204 MB (13.627258% of original size 55.654658 MB)
Querying trie...
Done!
total time: 986.562638 ms, avg latency: 986.562638 ns
topology: 1.114113 MB, link: 3.112300 MB, data: 3.337283 MB
--- Unary Path Analysis (Marisa, cutoff=3) ---
  branches: 1624370  |  single-char: 364657 (22.4%)  short-unary: 105835 (6.5%)  links: 1153878 (71.0%)
  link len: avg=10.16  max=130  total_chars=11724159
  link length distribution (len:count):  3:86064  4:95323  5:99308  6:104992  7:95461  8:108108  9:90737  10:64624  11:60242  12:50948  13:45360  14:36727  15:31143  16:26922  17:21639  18:24976  19:18225  20:13819  21:11536  22:9190  23:7326  24:7075  25:5058  26:4084  27:3561  28:4082  29:2881  30:2128  31:2425  32:1998  33:1765  34:1248  35:1581  36:1516  37:1026  38:745  39:954  40:1077  41:823  42:929  43:1258  44:1550  45:383  46:326  47:319  48:359  49:278  50:229  51:212  52:245  53:136  54:111  55:80  56:86  57:71  58:74  59:40  60:37  61:20  62:40  63:19  64:21  65:31  66:12  67:22  68:22  69:12  70:15  71:16  72:21  73:14  74:16  75:15  76:14  77:8  78:13  79:18  80:34  81:21  82:7  83:8  84:2  86:4  87:2  88:3  89:2  90:1  91:3  92:4  93:1  94:2  97:2  98:1  99:1  100:3  103:1  105:1  109:1  111:1  112:1  130:3
  short unary avg len: 2.00
1507.395999,7.584204,986.562638
[PASSED]
[time 3.30 s, user 3.12 s, sys 0.16 s, maxrss 231096 KB]
[busy 342 jiffies]
[exit 0]
--- c2 case 2 rec 2   load 0.68 0.88 0.89
[TEST C2-MARISA]
Processing dataset...
Done!
Building trie...
trie size: 2.379500 MB
trie size: 3.728127 MB
trie size: 0.593370 MB
Done!
build time: 1575.160935 ms (1575.160935 ns per key)
space cost: 7.584204 MB (13.627258% of original size 55.654658 MB)
Querying trie...
Done!
total time: 996.312308 ms, avg latency: 996.312308 ns
topology: 1.114113 MB, link: 3.112300 MB, data: 3.337283 MB
--- Unary Path Analysis (Marisa, cutoff=3) ---
  branches: 1624370  |  single-char: 364657 (22.4%)  short-unary: 105835 (6.5%)  links: 1153878 (71.0%)
  link len: avg=10.16  max=130  total_chars=11724159
  link length distribution (len:count):  3:86064  4:95323  5:99308  6:104992  7:95461  8:108108  9:90737  10:64624  11:60242  12:50948  13:45360  14:36727  15:31143  16:26922  17:21639  18:24976  19:18225  20:13819  21:11536  22:9190  23:7326  24:7075  25:5058  26:4084  27:3561  28:4082  29:2881  30:2128  31:2425  32:1998  33:1765  34:1248  35:1581  36:1516  37:1026  38:745  39:954  40:1077  41:823  42:929  43:1258  44:1550  45:383  46:326  47:319  48:359  49:278  50:229  51:212  52:245  53:136  54:111  55:80  56:86  57:71  58:74  59:40  60:37  61:20  62:40  63:19  64:21  65:31  66:12  67:22  68:22  69:12  70:15  71:16  72:21  73:14  74:16  75:15  76:14  77:8  78:13  79:18  80:34  81:21  82:7  83:8  84:2  86:4  87:2  88:3  89:2  90:1  91:3  92:4  93:1  94:2  97:2  98:1  99:1  100:3  103:1  105:1  109:1  111:1  112:1  130:3
  short unary avg len: 2.00
1575.160935,7.584204,996.312308
[PASSED]
[time 3.38 s, user 3.20 s, sys 0.16 s, maxrss 231064 KB]
[busy 348 jiffies]
[exit 0]
--- c2 case 3 rec 0   load 0.68 0.88 0.89
[TEST FST]
Processing dataset...
Done!
Building trie...
Done!
build time: 1738.561569 ms (1738.561569 ns per key)
space cost: 10.595835 MB (19.038541% of original size 55.654658 MB)
Querying trie...
Done!
total time: 2215.070231 ms, avg latency: 2215.070231 ns
not implemented
1738.561569,10.595835,2215.070231
[PASSED]
[time 4.78 s, user 4.62 s, sys 0.13 s, maxrss 223840 KB]
[busy 495 jiffies]
[exit 0]
--- c2 case 4 rec 0   load 0.65 0.87 0.88
[TEST COCO]
Processing dataset...
Done!
Building trie...
num nodes = 402454, average depth = 9.995585
ef = 0.000169, pa = 0.212941, bv = 0.000770, de = 0.549568
efr = 0.000959, par = 0.190315, bvr = 0.000032, der = 0.045245
Done!
build time: 24354.848170 ms (24354.848170 ns per key)
space cost: 14.335197 MB (25.757407% of original size 55.654658 MB)
Querying trie...
Done!
total time: 1070.030451 ms, avg latency: 1070.030451 ns
not implemented
24354.848170,14.335197,1070.030451
[PASSED]
[time 27.08 s, user 21.39 s, sys 5.58 s, maxrss 12688896 KB]
[busy 2780 jiffies]
[exit 0]
--- c2 case 5 rec 0   load 0.77 0.88 0.89
[TEST MARISA]
Processing dataset...
Done!
Building trie...
Done!
build time: 929.899492 ms (929.899492 ns per key)
space cost: 9.765432 MB (17.546478% of original size 55.654658 MB)
Querying trie...
Done!
total time: 766.784856 ms, avg latency: 766.784856 ns
not implemented
929.899492,9.765432,766.784856
[PASSED]
[time 2.48 s, user 2.30 s, sys 0.17 s, maxrss 279472 KB]
[busy 258 jiffies]
[exit 0]
--- c2 case 5 rec 1   load 0.79 0.88 0.89
[TEST MARISA]
Processing dataset...
Done!
Building trie...
Done!
build time: 1061.445709 ms (1061.445709 ns per key)
space cost: 6.956338 MB (12.499112% of original size 55.654658 MB)
Querying trie...
Done!
total time: 1307.452868 ms, avg latency: 1307.452868 ns
not implemented
1061.445709,6.956338,1307.452868
[PASSED]
[time 3.15 s, user 2.98 s, sys 0.15 s, maxrss 279228 KB]
[busy 331 jiffies]
[exit 0]
--- c2 case 5 rec 2   load 0.81 0.88 0.89
[TEST MARISA]
Processing dataset...
Done!
Building trie...
Done!
build time: 1081.093089 ms (1081.093089 ns per key)
space cost: 6.472832 MB (11.630350% of original size 55.654658 MB)
Querying trie...
Done!
total time: 1458.127369 ms, avg latency: 1458.127369 ns
not implemented
1081.093089,6.472832,1458.127369
[PASSED]
[time 3.33 s, user 3.15 s, sys 0.16 s, maxrss 279416 KB]
[busy 343 jiffies]
[exit 0]
--- c2 case 6 rec 0   load 0.74 0.87 0.89
[TEST PDT]
Processing dataset...
Done!
Building trie...
dict size: 155232, stream size: 6622105
Done!
build time: 2692.686714 ms (2692.686714 ns per key)
space cost: 7.739431 MB (13.906170% of original size 55.654658 MB)
Querying trie...
Done!
total time: 847.668924 ms, avg latency: 847.668924 ns
not implemented
2692.686714,7.739431,847.668924
[PASSED]
[time 4.34 s, user 4.15 s, sys 0.17 s, maxrss 229208 KB]
[busy 447 jiffies]
[exit 0]
--- c2 case 7 rec 0   load 0.76 0.87 0.89
[TEST ART]
Processing dataset...
Done!
Building trie...
Done!
build time: 286.053119 ms (286.053119 ns per key)
space cost: 35.506813 MB (63.798457% of original size 55.654658 MB)
Querying trie...
Done!
total time: 636.022582 ms, avg latency: 636.022582 ns
not implemented
286.053119,35.506813,636.022582
[PASSED]
[time 1.76 s, user 1.59 s, sys 0.16 s, maxrss 310920 KB]
[busy 184 jiffies]
[exit 0]
--- c2 case 8 rec 0   load 0.76 0.87 0.89
[TEST CART]
Processing dataset...
Done!
Building trie...
Done!
build time: 345.336478 ms (345.336478 ns per key)
space cost: 18.037062 MB (32.408898% of original size 55.654658 MB)
Querying trie...
Done!
total time: 668.322095 ms, avg latency: 668.322095 ns
not implemented
345.336478,18.037062,668.322095
[PASSED]
[time 1.85 s, user 1.67 s, sys 0.16 s, maxrss 300684 KB]
[busy 191 jiffies]
[exit 0]
--- xcdat 7   load 0.78 0.87 0.89
build time: 944.244808 ms
space cost: 14.567592 MiB (26.174973% of original size 55.654658 MiB)
avg latency: 481.658178 ns
944.244808,14.567592,481.658178
[time 2.23 s, user 2.04 s, sys 0.18 s, maxrss 234012 KB]
[busy 230 jiffies]
[exit 0]
--- xcdat 8   load 0.78 0.87 0.89
build time: 913.575469 ms
space cost: 14.422580 MiB (25.914416% of original size 55.654658 MiB)
avg latency: 484.832433 ns
913.575469,14.422580,484.832433
[time 2.20 s, user 2.02 s, sys 0.17 s, maxrss 233852 KB]
[busy 227 jiffies]
[exit 0]
--- xcdat 15   load 0.80 0.88 0.89
build time: 955.592873 ms
space cost: 18.773955 MiB (33.732945% of original size 55.654658 MiB)
avg latency: 449.114024 ns
955.592873,18.773955,449.114024
[time 2.22 s, user 2.02 s, sys 0.18 s, maxrss 237492 KB]
[busy 228 jiffies]
[exit 0]
--- xcdat 16   load 0.82 0.88 0.89
build time: 904.814506 ms
space cost: 19.772616 MiB (35.527334% of original size 55.654658 MiB)
avg latency: 468.896598 ns
904.814506,19.772616,468.896598
[time 2.18 s, user 1.97 s, sys 0.19 s, maxrss 237120 KB]
[busy 224 jiffies]
[exit 0]

##### pypi-full (895600 lines, 12836944 bytes)   round 1/3   2026-09-26T03:35:32+03:00
--- lexindex dict32   load 0.82 0.88 0.89
895600 keys
lexindex DictIndex block 32: build 151 ms, size 3.820 MiB (4.472 B/key), latency cold 300.0 ns, then mean 293.1 / min 291.3 ns
151.276,3.819597,300.014
[time 1.63 s, user 2.61 s, sys 0.20 s, maxrss 164752 KB]
[busy 294 jiffies]
[exit 0]
--- lexindex dict256   load 1.63 1.05 0.94
895600 keys
lexindex DictIndex block 256: build 151 ms, size 3.556 MiB (4.163 B/key), latency cold 318.2 ns, then mean 308.5 / min 306.7 ns
151.249,3.555855,318.166
[time 1.69 s, user 2.71 s, sys 0.17 s, maxrss 161560 KB]
[busy 297 jiffies]
[exit 0]
--- lexindex dict1024   load 1.50 1.03 0.94
895600 keys
lexindex DictIndex block 1024: build 171 ms, size 3.437 MiB (4.024 B/key), latency cold 383.9 ns, then mean 373.7 / min 371.8 ns
171.495,3.436601,383.922
[time 1.94 s, user 2.55 s, sys 0.17 s, maxrss 144364 KB]
[busy 277 jiffies]
[exit 0]
--- lexindex routed32   load 1.50 1.03 0.94
895600 keys
lexindex DictIndex block 32 routed: build 150 ms, size 4.247 MiB (4.972 B/key), latency cold 272.6 ns, then mean 260.1 / min 259.7 ns
149.531,4.246660,272.597
[time 1.50 s, user 2.47 s, sys 0.20 s, maxrss 163020 KB]
[busy 275 jiffies]
[exit 0]
--- lexindex routed256   load 1.38 1.01 0.93
895600 keys
lexindex DictIndex block 256 routed: build 153 ms, size 3.983 MiB (4.663 B/key), latency cold 245.8 ns, then mean 234.4 / min 232.6 ns
153.228,3.982979,245.824
[time 1.42 s, user 2.42 s, sys 0.20 s, maxrss 163240 KB]
[busy 270 jiffies]
[exit 0]
--- lexindex routed1024   load 1.38 1.01 0.93
895600 keys
lexindex DictIndex block 1024 routed: build 174 ms, size 3.650 MiB (4.274 B/key), latency cold 276.3 ns, then mean 270.7 / min 268.4 ns
174.165,3.650224,276.320
[time 1.56 s, user 2.17 s, sys 0.18 s, maxrss 144764 KB]
[busy 240 jiffies]
[exit 0]
--- lexindex string   load 1.27 1.00 0.93
895600 keys
lexindex StringIndex: build 479 ms, size 8.534 MiB (9.992 B/key), latency cold 213.7 ns, then mean 208.5 / min 207.9 ns
478.782,8.534456,213.719
[time 1.63 s, user 1.56 s, sys 0.06 s, maxrss 123480 KB]
[busy 167 jiffies]
[exit 0]
--- lexindex hashed0   load 1.27 1.00 0.93
895600 keys
lexindex HashedDictIndex closed: build 236 ms, size 5.897 MiB (6.904 B/key), latency cold 28.3 ns, then mean 20.1 / min 19.6 ns
235.908,5.897046,28.308
[time 0.74 s, user 1.77 s, sys 0.22 s, maxrss 162132 KB]
[busy 205 jiffies]
[exit 0]
--- lexindex hashed8   load 1.27 1.00 0.93
895600 keys
lexindex HashedDictIndex fp=8: build 235 ms, size 6.751 MiB (7.904 B/key), latency cold 32.6 ns, then mean 23.3 / min 22.8 ns
235.379,6.751157,32.623
[time 0.75 s, user 1.80 s, sys 0.19 s, maxrss 163400 KB]
[busy 207 jiffies]
[exit 0]
--- lexindex hashed16   load 1.25 1.00 0.93
895600 keys
lexindex HashedDictIndex fp=16: build 238 ms, size 7.605 MiB (8.904 B/key), latency cold 33.4 ns, then mean 24.4 / min 23.9 ns
237.674,7.605268,33.392
[time 0.75 s, user 1.82 s, sys 0.21 s, maxrss 164744 KB]
[busy 214 jiffies]
[exit 0]
--- lexindex da   load 1.25 1.00 0.93
895600 keys
lexindex DoubleArrayIndex: build 1037 ms, size 41.584 MiB (48.687 B/key), latency cold 454.2 ns, then mean 452.2 / min 448.4 ns
1036.642,41.583891,454.244
[time 3.06 s, user 2.89 s, sys 0.15 s, maxrss 206360 KB]
[busy 314 jiffies]
[exit 0]
--- c2 case 0 rec 0   load 1.23 1.00 0.93
[TEST C2-FST]
Processing dataset...
Done!
Building trie...
Done!
build time: 407.590288 ms (455.103046 ns per key)
space cost: 5.600983 MB (49.182538% of original size 11.388153 MB)
Querying trie...
Done!
total time: 323.337790 ms, avg latency: 361.029243 ns
topology: 0.856544 MB, link: 1.156816 MB, data: 3.587623 MB
--- Unary Path Analysis (FST, cutoff=4) ---
  shared unary steps in main trie: 346869
  terminal suffixes: inplace=290212 (avg len=1.99)  links=407890 (58.4% of terminal)
  link len: avg=7.08  max=176  total_chars=2886275
  link length distribution (len:count):  4:75217  5:66403  6:54145  7:41199  8:34065  9:27491  10:20897  11:17025  12:14758  13:12079  14:9477  15:7348  16:5933  17:4527  18:3618  19:2821  20:2157  21:1675  22:1346  23:1100  24:876  25:726  26:556  27:430  28:362  29:398  30:314  31:175  32:150  33:104  34:105  35:76  36:46  37:52  38:48  39:27  40:25  41:13  42:21  43:16  44:7  45:10  46:6  47:5  48:10  49:1  50:4  51:5  52:2  53:2  54:2  55:1  56:5  57:3  60:2  62:2  63:1  64:3  65:2  67:1  68:3  71:1  75:1  77:2  82:1  86:1  99:2  106:1  113:1  153:1  177:1
407.590288,5.600983,361.029243
[PASSED]
[time 1.13 s, user 1.04 s, sys 0.08 s, maxrss 130376 KB]
[busy 118 jiffies]
[exit 0]
--- c2 case 0 rec 1   load 1.23 1.00 0.93
[TEST C2-FST]
Processing dataset...
Done!
Building trie...
trie size: 1.308683 MB
Done!
build time: 465.608709 ms (519.884668 ns per key)
space cost: 5.164801 MB (45.352399% of original size 11.388153 MB)
Querying trie...
Done!
total time: 364.400781 ms, avg latency: 406.878943 ns
topology: 0.984890 MB, link: 1.153795 MB, data: 3.026115 MB
--- Unary Path Analysis (FST, cutoff=4) ---
  shared unary steps in main trie: 346869
  terminal suffixes: inplace=290212 (avg len=1.99)  links=407890 (58.4% of terminal)
  link len: avg=7.08  max=176  total_chars=2886275
  link length distribution (len:count):  4:75217  5:66403  6:54145  7:41199  8:34065  9:27491  10:20897  11:17025  12:14758  13:12079  14:9477  15:7348  16:5933  17:4527  18:3618  19:2821  20:2157  21:1675  22:1346  23:1100  24:876  25:726  26:556  27:430  28:362  29:398  30:314  31:175  32:150  33:104  34:105  35:76  36:46  37:52  38:48  39:27  40:25  41:13  42:21  43:16  44:7  45:10  46:6  47:5  48:10  49:1  50:4  51:5  52:2  53:2  54:2  55:1  56:5  57:3  60:2  62:2  63:1  64:3  65:2  67:1  68:3  71:1  75:1  77:2  82:1  86:1  99:2  106:1  113:1  153:1  177:1
465.608709,5.164801,406.878943
[PASSED]
[time 1.23 s, user 1.14 s, sys 0.08 s, maxrss 130504 KB]
[busy 129 jiffies]
[exit 0]
--- c2 case 0 rec 2   load 1.21 1.00 0.93
[TEST C2-FST]
Processing dataset...
Done!
Building trie...
trie size: 1.308683 MB
trie size: 0.188839 MB
Done!
build time: 478.531933 ms (534.314351 ns per key)
space cost: 5.164801 MB (45.352399% of original size 11.388153 MB)
Querying trie...
Done!
total time: 369.100963 ms, avg latency: 412.127024 ns
topology: 0.984890 MB, link: 1.153795 MB, data: 3.026115 MB
--- Unary Path Analysis (FST, cutoff=4) ---
  shared unary steps in main trie: 346869
  terminal suffixes: inplace=290212 (avg len=1.99)  links=407890 (58.4% of terminal)
  link len: avg=7.08  max=176  total_chars=2886275
  link length distribution (len:count):  4:75217  5:66403  6:54145  7:41199  8:34065  9:27491  10:20897  11:17025  12:14758  13:12079  14:9477  15:7348  16:5933  17:4527  18:3618  19:2821  20:2157  21:1675  22:1346  23:1100  24:876  25:726  26:556  27:430  28:362  29:398  30:314  31:175  32:150  33:104  34:105  35:76  36:46  37:52  38:48  39:27  40:25  41:13  42:21  43:16  44:7  45:10  46:6  47:5  48:10  49:1  50:4  51:5  52:2  53:2  54:2  55:1  56:5  57:3  60:2  62:2  63:1  64:3  65:2  67:1  68:3  71:1  75:1  77:2  82:1  86:1  99:2  106:1  113:1  153:1  177:1
478.531933,5.164801,412.127024
[PASSED]
[time 1.25 s, user 1.16 s, sys 0.08 s, maxrss 130520 KB]
[busy 128 jiffies]
[exit 0]
--- c2 case 1 rec 0   load 1.21 1.00 0.93
[TEST C2-CoCo(LOUDS-Sparse)]
Processing dataset...
Done!
Building trie...
Done!
build time: 1212.745294 ms (1354.114888 ns per key)
space cost: 5.931293 MB (52.083012% of original size 11.388153 MB)
Querying trie...
Done!
total time: 480.647789 ms, avg latency: 536.676852 ns
topology: 0.367439 MB, link: 1.827341 MB, data: 3.736513 MB
1212.745294,5.931293,536.676852
[PASSED]
[time 2.08 s, user 1.95 s, sys 0.12 s, maxrss 253096 KB]
[busy 216 jiffies]
[exit 0]
--- c2 case 1 rec 1   load 1.19 1.00 0.93
[TEST C2-CoCo(LOUDS-Sparse)]
Processing dataset...
Done!
Building trie...
trie size: 1.308683 MB
Done!
build time: 1264.866184 ms (1412.311505 ns per key)
space cost: 5.495111 MB (48.252874% of original size 11.388153 MB)
Querying trie...
Done!
total time: 515.129474 ms, avg latency: 575.178064 ns
topology: 0.495785 MB, link: 1.824321 MB, data: 3.175006 MB
1264.866184,5.495111,575.178064
[PASSED]
[time 2.17 s, user 2.03 s, sys 0.13 s, maxrss 253048 KB]
[busy 222 jiffies]
[exit 0]
--- c2 case 1 rec 2   load 1.10 0.98 0.92
[TEST C2-CoCo(LOUDS-Sparse)]
Processing dataset...
Done!
Building trie...
trie size: 1.308683 MB
trie size: 0.188839 MB
Done!
build time: 1279.937735 ms (1429.139945 ns per key)
space cost: 5.495111 MB (48.252874% of original size 11.388153 MB)
Querying trie...
Done!
total time: 520.382585 ms, avg latency: 581.043529 ns
topology: 0.495785 MB, link: 1.824321 MB, data: 3.175006 MB
1279.937735,5.495111,581.043529
[PASSED]
[time 2.18 s, user 2.04 s, sys 0.13 s, maxrss 253136 KB]
[busy 227 jiffies]
[exit 0]
--- c2 case 2 rec 0   load 1.10 0.98 0.92
[TEST C2-MARISA]
Processing dataset...
Done!
Building trie...
trie size: 2.048235 MB
Done!
build time: 501.990284 ms (560.507240 ns per key)
space cost: 5.176098 MB (45.451601% of original size 11.388153 MB)
Querying trie...
Done!
total time: 237.024711 ms, avg latency: 264.654657 ns
topology: 0.677906 MB, link: 1.695078 MB, data: 2.782606 MB
--- Unary Path Analysis (Marisa, cutoff=3) ---
  branches: 1299053  |  single-char: 486988 (37.5%)  short-unary: 135839 (10.5%)  links: 676226 (52.1%)
  link len: avg=7.04  max=178  total_chars=4759844
  link length distribution (len:count):  3:129138  4:106899  5:84856  6:73131  7:58892  8:44392  9:36260  10:29010  11:21889  12:17780  13:15419  14:12564  15:9815  16:7584  17:6145  18:4698  19:3717  20:2895  21:2218  22:1723  23:1373  24:1124  25:897  26:746  27:568  28:440  29:369  30:404  31:318  32:179  33:153  34:107  35:105  36:76  37:46  38:54  39:48  40:27  41:26  42:13  43:21  44:16  45:7  46:10  47:6  48:5  49:10  50:2  51:4  52:5  53:2  54:2  55:2  56:1  57:5  58:3  61:2  63:2  64:1  65:3  66:2  68:2  69:3  72:1  76:1  78:2  83:1  87:1  100:2  107:1  114:1  154:1  178:1
  short unary avg len: 2.00
501.990284,5.176098,264.654657
[PASSED]
[time 1.12 s, user 1.03 s, sys 0.09 s, maxrss 159656 KB]
[busy 115 jiffies]
[exit 0]
--- c2 case 2 rec 1   load 1.09 0.98 0.93
[TEST C2-MARISA]
Processing dataset...
Done!
Building trie...
trie size: 2.048235 MB
trie size: 2.033304 MB
Done!
build time: 577.743650 ms (645.091168 ns per key)
space cost: 4.556563 MB (40.011434% of original size 11.388153 MB)
Querying trie...
Done!
total time: 289.793006 ms, avg latency: 323.574147 ns
topology: 0.845192 MB, link: 1.658626 MB, data: 2.032238 MB
--- Unary Path Analysis (Marisa, cutoff=3) ---
  branches: 1299053  |  single-char: 486988 (37.5%)  short-unary: 135839 (10.5%)  links: 676226 (52.1%)
  link len: avg=7.04  max=178  total_chars=4759844
  link length distribution (len:count):  3:129138  4:106899  5:84856  6:73131  7:58892  8:44392  9:36260  10:29010  11:21889  12:17780  13:15419  14:12564  15:9815  16:7584  17:6145  18:4698  19:3717  20:2895  21:2218  22:1723  23:1373  24:1124  25:897  26:746  27:568  28:440  29:369  30:404  31:318  32:179  33:153  34:107  35:105  36:76  37:46  38:54  39:48  40:27  41:26  42:13  43:21  44:16  45:7  46:10  47:6  48:5  49:10  50:2  51:4  52:5  53:2  54:2  55:2  56:1  57:5  58:3  61:2  63:2  64:1  65:3  66:2  68:2  69:3  72:1  76:1  78:2  83:1  87:1  100:2  107:1  114:1  154:1  178:1
  short unary avg len: 2.00
577.743650,4.556563,323.574147
[PASSED]
[time 1.27 s, user 1.16 s, sys 0.10 s, maxrss 159832 KB]
[busy 130 jiffies]
[exit 0]
--- c2 case 2 rec 2   load 1.09 0.98 0.93
[TEST C2-MARISA]
Processing dataset...
Done!
Building trie...
trie size: 2.048235 MB
trie size: 2.033304 MB
trie size: 0.241896 MB
Done!
build time: 597.270203 ms (666.893929 ns per key)
space cost: 4.556563 MB (40.011434% of original size 11.388153 MB)
Querying trie...
Done!
total time: 290.346657 ms, avg latency: 324.192337 ns
topology: 0.845192 MB, link: 1.658626 MB, data: 2.032238 MB
--- Unary Path Analysis (Marisa, cutoff=3) ---
  branches: 1299053  |  single-char: 486988 (37.5%)  short-unary: 135839 (10.5%)  links: 676226 (52.1%)
  link len: avg=7.04  max=178  total_chars=4759844
  link length distribution (len:count):  3:129138  4:106899  5:84856  6:73131  7:58892  8:44392  9:36260  10:29010  11:21889  12:17780  13:15419  14:12564  15:9815  16:7584  17:6145  18:4698  19:3717  20:2895  21:2218  22:1723  23:1373  24:1124  25:897  26:746  27:568  28:440  29:369  30:404  31:318  32:179  33:153  34:107  35:105  36:76  37:46  38:54  39:48  40:27  41:26  42:13  43:21  44:16  45:7  46:10  47:6  48:5  49:10  50:2  51:4  52:5  53:2  54:2  55:2  56:1  57:5  58:3  61:2  63:2  64:1  65:3  66:2  68:2  69:3  72:1  76:1  78:2  83:1  87:1  100:2  107:1  114:1  154:1  178:1
  short unary avg len: 2.00
597.270203,4.556563,324.192337
[PASSED]
[time 1.29 s, user 1.17 s, sys 0.10 s, maxrss 159828 KB]
[busy 136 jiffies]
[exit 0]
--- c2 case 3 rec 0   load 1.08 0.98 0.93
[TEST FST]
Processing dataset...
Done!
Building trie...
Done!
build time: 522.235436 ms (583.112367 ns per key)
space cost: 5.913843 MB (51.929783% of original size 11.388153 MB)
Querying trie...
Done!
total time: 491.808882 ms, avg latency: 549.138993 ns
not implemented
522.235436,5.913843,549.138993
[PASSED]
[time 1.42 s, user 1.35 s, sys 0.05 s, maxrss 87020 KB]
[busy 145 jiffies]
[exit 0]
--- c2 case 4 rec 0   load 1.08 0.98 0.93
[TEST COCO]
Processing dataset...
Done!
Building trie...
num nodes = 377711, average depth = 5.232855
ef = 0.000439, pa = 0.203121, bv = 0.001033, de = 0.703067
efr = 0.002123, par = 0.078563, bvr = 0.000029, der = 0.011625
Done!
build time: 7833.485004 ms (8746.633546 ns per key)
space cost: 7.712429 MB (67.723262% of original size 11.388153 MB)
Querying trie...
Done!
total time: 469.556357 ms, avg latency: 524.292493 ns
not implemented
7833.485004,7.712429,524.292493
[PASSED]
[time 9.01 s, user 7.04 s, sys 1.93 s, maxrss 4372540 KB]
[busy 930 jiffies]
[exit 0]
--- c2 case 5 rec 0   load 1.07 0.98 0.93
[TEST MARISA]
Processing dataset...
Done!
Building trie...
Done!
build time: 388.244656 ms (433.502296 ns per key)
space cost: 5.346809 MB (46.950628% of original size 11.388153 MB)
Querying trie...
Done!
total time: 346.148414 ms, avg latency: 386.498899 ns
not implemented
388.244656,5.346809,386.498899
[PASSED]
[time 1.13 s, user 1.02 s, sys 0.10 s, maxrss 132836 KB]
[busy 117 jiffies]
[exit 0]
--- c2 case 5 rec 1   load 0.98 0.97 0.92
[TEST MARISA]
Processing dataset...
Done!
Building trie...
Done!
build time: 440.071373 ms (491.370448 ns per key)
space cost: 4.061914 MB (35.667895% of original size 11.388153 MB)
Querying trie...
Done!
total time: 456.476649 ms, avg latency: 509.688085 ns
not implemented
440.071373,4.061914,509.688085
[PASSED]
[time 1.28 s, user 1.19 s, sys 0.08 s, maxrss 132780 KB]
[busy 131 jiffies]
[exit 0]
--- c2 case 5 rec 2   load 0.98 0.97 0.92
[TEST MARISA]
Processing dataset...
Done!
Building trie...
Done!
build time: 448.921563 ms (501.252303 ns per key)
space cost: 3.852798 MB (33.831627% of original size 11.388153 MB)
Querying trie...
Done!
total time: 480.015451 ms, avg latency: 535.970803 ns
not implemented
448.921563,3.852798,535.970803
[PASSED]
[time 1.32 s, user 1.23 s, sys 0.08 s, maxrss 132792 KB]
[busy 140 jiffies]
[exit 0]
--- c2 case 6 rec 0   load 0.98 0.97 0.92
[TEST PDT]
Processing dataset...
Done!
Building trie...
dict size: 158882, stream size: 3197544
Done!
build time: 1554.796980 ms (1736.039504 ns per key)
space cost: 4.343886 MB (38.143906% of original size 11.388153 MB)
Querying trie...
Done!
total time: 460.935758 ms, avg latency: 514.666992 ns
not implemented
1554.796980,4.343886,514.666992
[PASSED]
[time 2.41 s, user 2.31 s, sys 0.09 s, maxrss 139372 KB]
[busy 247 jiffies]
[exit 0]
--- c2 case 7 rec 0   load 0.98 0.97 0.92
[TEST ART]
Processing dataset...
Done!
Building trie...
Done!
build time: 97.817348 ms (109.219906 ns per key)
space cost: 28.831062 MB (253.167148% of original size 11.388153 MB)
Querying trie...
Done!
total time: 264.151504 ms, avg latency: 294.943618 ns
not implemented
97.817348,28.831062,294.943618
[PASSED]
[time 0.76 s, user 0.68 s, sys 0.07 s, maxrss 124276 KB]
[busy 77 jiffies]
[exit 0]
--- c2 case 8 rec 0   load 0.98 0.97 0.92
[TEST CART]
Processing dataset...
Done!
Building trie...
Done!
build time: 143.690277 ms (160.440238 ns per key)
space cost: 12.769355 MB (112.128409% of original size 11.388153 MB)
Querying trie...
Done!
total time: 318.106219 ms, avg latency: 355.187828 ns
not implemented
143.690277,12.769355,355.187828
[PASSED]
[time 0.87 s, user 0.80 s, sys 0.06 s, maxrss 121572 KB]
[busy 90 jiffies]
[exit 0]
--- xcdat 7   load 0.98 0.97 0.92
build time: 376.089204 ms
space cost: 7.492425 MiB (65.791397% of original size 11.388153 MiB)
avg latency: 169.450638 ns
376.089204,7.492425,169.450638
[time 0.93 s, user 0.84 s, sys 0.08 s, maxrss 125556 KB]
[busy 97 jiffies]
[exit 0]
--- xcdat 8   load 0.98 0.97 0.92
build time: 351.630975 ms
space cost: 7.110240 MiB (62.435409% of original size 11.388153 MiB)
avg latency: 168.676941 ns
351.630975,7.110240,168.676941
[time 0.90 s, user 0.82 s, sys 0.07 s, maxrss 125576 KB]
[busy 93 jiffies]
[exit 0]
--- xcdat 15   load 0.91 0.95 0.92
build time: 371.367091 ms
space cost: 8.468211 MiB (74.359829% of original size 11.388153 MiB)
avg latency: 135.721167 ns
371.367091,8.468211,135.721167
[time 0.89 s, user 0.79 s, sys 0.10 s, maxrss 125352 KB]
[busy 92 jiffies]
[exit 0]
--- xcdat 16   load 0.91 0.95 0.92
build time: 351.645473 ms
space cost: 8.846028 MiB (77.677462% of original size 11.388153 MiB)
avg latency: 142.391696 ns
351.645473,8.846028,142.391696
[time 0.88 s, user 0.79 s, sys 0.08 s, maxrss 125756 KB]
[busy 91 jiffies]
[exit 0]

##### titles-en-1000000 (1000000 lines, 21984647 bytes)   round 1/3   2026-09-26T03:36:57+03:00
--- lexindex dict32   load 0.91 0.95 0.92
1000000 keys
lexindex DictIndex block 32: build 341 ms, size 7.447 MiB (7.809 B/key), latency cold 371.6 ns, then mean 364.8 / min 363.9 ns
340.961,7.446899,371.582
[time 2.31 s, user 4.81 s, sys 0.54 s, maxrss 225288 KB]
[busy 547 jiffies]
[exit 0]
--- lexindex dict256   load 2.11 1.20 1.00
1000000 keys
lexindex DictIndex block 256: build 359 ms, size 7.029 MiB (7.370 B/key), latency cold 398.7 ns, then mean 392.2 / min 387.9 ns
358.846,7.028672,398.716
[time 2.43 s, user 5.02 s, sys 0.57 s, maxrss 214340 KB]
[busy 575 jiffies]
[exit 0]
--- lexindex dict1024   load 2.03 1.20 1.00
1000000 keys
lexindex DictIndex block 1024: build 384 ms, size 6.878 MiB (7.212 B/key), latency cold 451.3 ns, then mean 449.2 / min 449.1 ns
384.038,6.877800,451.308
[time 2.68 s, user 4.31 s, sys 0.41 s, maxrss 180828 KB]
[busy 483 jiffies]
[exit 0]
--- lexindex routed32   load 1.86 1.18 0.99
1000000 keys
lexindex DictIndex block 32 routed: build 346 ms, size 7.924 MiB (8.309 B/key), latency cold 349.2 ns, then mean 340.2 / min 339.0 ns
345.673,7.923737,349.167
[time 2.21 s, user 4.70 s, sys 0.59 s, maxrss 212136 KB]
[busy 540 jiffies]
[exit 0]
--- lexindex routed256   load 1.86 1.18 0.99
1000000 keys
lexindex DictIndex block 256 routed: build 356 ms, size 7.506 MiB (7.870 B/key), latency cold 327.2 ns, then mean 321.8 / min 314.6 ns
356.115,7.505601,327.180
[time 2.14 s, user 4.76 s, sys 0.52 s, maxrss 210420 KB]
[busy 544 jiffies]
[exit 0]
--- lexindex routed1024   load 1.79 1.18 0.99
1000000 keys
lexindex DictIndex block 1024 routed: build 390 ms, size 7.116 MiB (7.462 B/key), latency cold 349.4 ns, then mean 349.8 / min 346.9 ns
390.306,7.116325,349.366
[time 2.29 s, user 3.88 s, sys 0.45 s, maxrss 196372 KB]
[busy 442 jiffies]
[exit 0]
--- lexindex string   load 1.79 1.18 0.99
1000000 keys
lexindex StringIndex: build 983 ms, size 16.482 MiB (17.283 B/key), latency cold 336.3 ns, then mean 332.0 / min 330.5 ns
982.515,16.482312,336.260
[time 2.80 s, user 2.71 s, sys 0.08 s, maxrss 164424 KB]
[busy 289 jiffies]
[exit 0]
--- lexindex hashed0   load 1.73 1.17 0.99
1000000 keys
lexindex HashedDictIndex closed: build 465 ms, size 9.642 MiB (10.110 B/key), latency cold 42.3 ns, then mean 39.6 / min 39.4 ns
464.732,9.642032,42.271
[time 1.12 s, user 3.77 s, sys 0.57 s, maxrss 226620 KB]
[busy 448 jiffies]
[exit 0]
--- lexindex hashed8   load 1.59 1.15 0.99
1000000 keys
lexindex HashedDictIndex fp=8: build 470 ms, size 10.596 MiB (11.110 B/key), latency cold 50.3 ns, then mean 47.5 / min 47.0 ns
469.715,10.595706,50.311
[time 1.16 s, user 3.83 s, sys 0.55 s, maxrss 205500 KB]
[busy 452 jiffies]
[exit 0]
--- lexindex hashed16   load 1.59 1.15 0.99
1000000 keys
lexindex HashedDictIndex fp=16: build 466 ms, size 11.549 MiB (12.110 B/key), latency cold 51.2 ns, then mean 48.0 / min 47.7 ns
465.582,11.549380,51.168
[time 1.15 s, user 3.79 s, sys 0.59 s, maxrss 211996 KB]
[busy 450 jiffies]
[exit 0]
--- lexindex da   load 1.54 1.15 0.99
1000000 keys
lexindex DoubleArrayIndex refused: format error: double-array: the trie needs more than 8 388 608 slots; bases are 23 bits
Command exited with non-zero status 3
[time 2.11 s, user 1.78 s, sys 0.31 s, maxrss 392308 KB]
[busy 217 jiffies]
[exit 3]
--- c2 case 0 rec 0   load 1.54 1.15 0.99
[TEST C2-FST]
Processing dataset...
Done!
Building trie...
Done!
build time: 1034.442879 ms (1034.442879 ns per key)
space cost: 11.326162 MB (56.595386% of original size 20.012519 MB)
Querying trie...
Done!
total time: 479.236348 ms, avg latency: 479.236348 ns
topology: 1.047974 MB, link: 2.330659 MB, data: 7.947530 MB
--- Unary Path Analysis (FST, cutoff=4) ---
  shared unary steps in main trie: 632648
  terminal suffixes: inplace=148307 (avg len=2.14)  links=794871 (84.3% of terminal)
  link len: avg=12.03  max=232  total_chars=9558452
  link length distribution (len:count):  4:67686  5:69275  6:65423  7:58787  8:51921  9:47544  10:42795  11:38054  12:34227  13:30736  14:30694  15:28260  16:25308  17:22807  18:19264  19:17586  20:15912  21:14224  22:12066  23:10759  24:9477  25:8347  26:7925  27:7112  28:6113  29:5746  30:5072  31:4462  32:3927  33:3658  34:3228  35:2847  36:2644  37:2353  38:2038  39:1870  40:1644  41:1489  42:1315  43:1143  44:928  45:846  46:722  47:679  48:610  49:543  50:459  51:451  52:342  53:339  54:284  55:273  56:239  57:215  58:214  59:177  60:158  61:140  62:127  63:109  64:95  65:79  66:80  67:78  68:75  69:69  70:68  71:54  72:51  73:42  74:46  75:42  76:35  77:41  78:38  79:39  80:21  81:18  82:21  83:19  84:14  85:18  86:14  87:15  88:11  89:14  90:13  91:7  92:5  93:8  94:7  95:5  96:8  97:8  98:5  99:7  100:11  101:5  102:6  103:3  104:3  105:3  106:5  107:4  108:5  109:1  110:2  111:6  112:1  113:1  114:1  115:4  116:1  118:1  119:2  121:2  123:2  125:1  126:1  128:1  129:1  131:1  132:2  134:1  135:1  136:1  137:3  138:1  139:1  141:2  145:1  152:1  154:1  156:1  159:3  165:1  168:1  174:1  175:1  179:1  181:1  199:1  201:1  202:1  204:1  207:1  216:1  217:1  219:1  233:1
1034.442879,11.326162,479.236348
[PASSED]
[time 2.08 s, user 1.94 s, sys 0.12 s, maxrss 185104 KB]
[busy 216 jiffies]
[exit 0]
--- c2 case 0 rec 1   load 1.50 1.15 0.99
[TEST C2-FST]
Processing dataset...
Done!
Building trie...
trie size: 3.096522 MB
Done!
build time: 1351.632586 ms (1351.632586 ns per key)
space cost: 9.522977 MB (47.585099% of original size 20.012519 MB)
Querying trie...
Done!
total time: 615.092633 ms, avg latency: 615.092633 ns
topology: 1.448536 MB, link: 2.515947 MB, data: 5.558494 MB
--- Unary Path Analysis (FST, cutoff=4) ---
  shared unary steps in main trie: 632648
  terminal suffixes: inplace=148307 (avg len=2.14)  links=794871 (84.3% of terminal)
  link len: avg=12.03  max=232  total_chars=9558452
  link length distribution (len:count):  4:67686  5:69275  6:65423  7:58787  8:51921  9:47544  10:42795  11:38054  12:34227  13:30736  14:30694  15:28260  16:25308  17:22807  18:19264  19:17586  20:15912  21:14224  22:12066  23:10759  24:9477  25:8347  26:7925  27:7112  28:6113  29:5746  30:5072  31:4462  32:3927  33:3658  34:3228  35:2847  36:2644  37:2353  38:2038  39:1870  40:1644  41:1489  42:1315  43:1143  44:928  45:846  46:722  47:679  48:610  49:543  50:459  51:451  52:342  53:339  54:284  55:273  56:239  57:215  58:214  59:177  60:158  61:140  62:127  63:109  64:95  65:79  66:80  67:78  68:75  69:69  70:68  71:54  72:51  73:42  74:46  75:42  76:35  77:41  78:38  79:39  80:21  81:18  82:21  83:19  84:14  85:18  86:14  87:15  88:11  89:14  90:13  91:7  92:5  93:8  94:7  95:5  96:8  97:8  98:5  99:7  100:11  101:5  102:6  103:3  104:3  105:3  106:5  107:4  108:5  109:1  110:2  111:6  112:1  113:1  114:1  115:4  116:1  118:1  119:2  121:2  123:2  125:1  126:1  128:1  129:1  131:1  132:2  134:1  135:1  136:1  137:3  138:1  139:1  141:2  145:1  152:1  154:1  156:1  159:3  165:1  168:1  174:1  175:1  179:1  181:1  199:1  201:1  202:1  204:1  207:1  216:1  217:1  219:1  233:1
1351.632586,9.522977,615.092633
[PASSED]
[time 2.55 s, user 2.39 s, sys 0.14 s, maxrss 180984 KB]
[busy 260 jiffies]
[exit 0]
--- c2 case 0 rec 2   load 1.50 1.15 0.99
[TEST C2-FST]
Processing dataset...
Done!
Building trie...
trie size: 3.096522 MB
trie size: 0.887704 MB
Done!
build time: 1458.050655 ms (1458.050655 ns per key)
space cost: 9.522977 MB (47.585099% of original size 20.012519 MB)
Querying trie...
Done!
total time: 608.605052 ms, avg latency: 608.605052 ns
topology: 1.448536 MB, link: 2.515947 MB, data: 5.558494 MB
--- Unary Path Analysis (FST, cutoff=4) ---
  shared unary steps in main trie: 632648
  terminal suffixes: inplace=148307 (avg len=2.14)  links=794871 (84.3% of terminal)
  link len: avg=12.03  max=232  total_chars=9558452
  link length distribution (len:count):  4:67686  5:69275  6:65423  7:58787  8:51921  9:47544  10:42795  11:38054  12:34227  13:30736  14:30694  15:28260  16:25308  17:22807  18:19264  19:17586  20:15912  21:14224  22:12066  23:10759  24:9477  25:8347  26:7925  27:7112  28:6113  29:5746  30:5072  31:4462  32:3927  33:3658  34:3228  35:2847  36:2644  37:2353  38:2038  39:1870  40:1644  41:1489  42:1315  43:1143  44:928  45:846  46:722  47:679  48:610  49:543  50:459  51:451  52:342  53:339  54:284  55:273  56:239  57:215  58:214  59:177  60:158  61:140  62:127  63:109  64:95  65:79  66:80  67:78  68:75  69:69  70:68  71:54  72:51  73:42  74:46  75:42  76:35  77:41  78:38  79:39  80:21  81:18  82:21  83:19  84:14  85:18  86:14  87:15  88:11  89:14  90:13  91:7  92:5  93:8  94:7  95:5  96:8  97:8  98:5  99:7  100:11  101:5  102:6  103:3  104:3  105:3  106:5  107:4  108:5  109:1  110:2  111:6  112:1  113:1  114:1  115:4  116:1  118:1  119:2  121:2  123:2  125:1  126:1  128:1  129:1  131:1  132:2  134:1  135:1  136:1  137:3  138:1  139:1  141:2  145:1  152:1  154:1  156:1  159:3  165:1  168:1  174:1  175:1  179:1  181:1  199:1  201:1  202:1  204:1  207:1  216:1  217:1  219:1  233:1
1458.050655,9.522977,608.605052
[PASSED]
[time 2.64 s, user 2.48 s, sys 0.14 s, maxrss 180872 KB]
[busy 272 jiffies]
[exit 0]
--- c2 case 1 rec 0   load 1.46 1.14 0.99
[TEST C2-CoCo(LOUDS-Sparse)]
Processing dataset...
Done!
Building trie...
Done!
build time: 2128.550042 ms (2128.550042 ns per key)
space cost: 12.265971 MB (61.291488% of original size 20.012519 MB)
Querying trie...
Done!
total time: 733.890815 ms, avg latency: 733.890815 ns
topology: 0.432648 MB, link: 3.282862 MB, data: 8.550461 MB
2128.550042,12.265971,733.890815
[PASSED]
[time 3.42 s, user 3.21 s, sys 0.19 s, maxrss 358200 KB]
[busy 352 jiffies]
[exit 0]
--- c2 case 1 rec 1   load 1.42 1.14 0.99
[TEST C2-CoCo(LOUDS-Sparse)]
Processing dataset...
Done!
Building trie...
trie size: 3.096522 MB
Done!
build time: 2432.014638 ms (2432.014638 ns per key)
space cost: 10.462785 MB (52.281201% of original size 20.012519 MB)
Querying trie...
Done!
total time: 856.692240 ms, avg latency: 856.692240 ns
topology: 0.833210 MB, link: 3.468150 MB, data: 6.161425 MB
2432.014638,10.462785,856.692240
[PASSED]
[time 3.86 s, user 3.64 s, sys 0.20 s, maxrss 345192 KB]
[busy 397 jiffies]
[exit 0]
--- c2 case 1 rec 2   load 1.39 1.14 0.99
[TEST C2-CoCo(LOUDS-Sparse)]
Processing dataset...
Done!
Building trie...
trie size: 3.096522 MB
trie size: 0.887704 MB
Done!
build time: 2565.011651 ms (2565.011651 ns per key)
space cost: 10.462785 MB (52.281201% of original size 20.012519 MB)
Querying trie...
Done!
total time: 854.288844 ms, avg latency: 854.288844 ns
topology: 0.833210 MB, link: 3.468150 MB, data: 6.161425 MB
2565.011651,10.462785,854.288844
[PASSED]
[time 4.00 s, user 3.78 s, sys 0.19 s, maxrss 344668 KB]
[busy 414 jiffies]
[exit 0]
--- c2 case 2 rec 0   load 1.36 1.14 0.99
[TEST C2-MARISA]
Processing dataset...
Done!
Building trie...
trie size: 2.238578 MB
Done!
build time: 1041.343325 ms (1041.343325 ns per key)
space cost: 10.766413 MB (53.798389% of original size 20.012519 MB)
Querying trie...
Done!
total time: 379.700350 ms, avg latency: 379.700350 ns
topology: 0.741383 MB, link: 2.768053 MB, data: 7.236469 MB
--- Unary Path Analysis (Marisa, cutoff=3) ---
  branches: 1523874  |  single-char: 417651 (27.4%)  short-unary: 97461 (6.4%)  links: 1008762 (66.2%)
  link len: avg=12.11  max=234  total_chars=12215333
  link length distribution (len:count):  3:76859  4:82017  5:81216  6:79010  7:72564  8:64127  9:55531  10:50303  11:44703  12:39548  13:35394  14:31778  15:31462  16:28952  17:25995  18:23521  19:19840  20:18044  21:16382  22:14569  23:12399  24:11015  25:9715  26:8556  27:8141  28:7267  29:6255  30:5853  31:5207  32:4578  33:4049  34:3736  35:3293  36:2910  37:2688  38:2423  39:2074  40:1908  41:1670  42:1511  43:1333  44:1158  45:939  46:855  47:728  48:689  49:615  50:544  51:465  52:457  53:344  54:344  55:284  56:276  57:242  58:216  59:216  60:177  61:159  62:140  63:127  64:109  65:95  66:79  67:80  68:79  69:75  70:69  71:69  72:55  73:51  74:42  75:46  76:42  77:35  78:41  79:38  80:39  81:21  82:18  83:21  84:19  85:14  86:18  87:14  88:15  89:11  90:14  91:13  92:7  93:5  94:8  95:7  96:5  97:9  98:8  99:5  100:7  101:11  102:5  103:6  104:3  105:3  106:3  107:5  108:4  109:5  110:1  111:2  112:6  113:1  114:1  115:1  116:4  117:1  119:1  120:2  122:2  124:2  126:1  127:1  129:1  130:1  132:1  133:2  135:1  136:1  137:1  138:3  139:1  140:1  142:2  146:1  153:1  155:1  157:1  160:3  166:1  169:1  175:1  176:1  180:1  182:1  200:1  202:1  203:1  205:1  208:1  217:1  218:1  220:1  234:1
  short unary avg len: 2.00
1041.343325,10.766413,379.700350
[PASSED]
[time 1.99 s, user 1.84 s, sys 0.13 s, maxrss 201752 KB]
[busy 205 jiffies]
[exit 0]
--- c2 case 2 rec 1   load 1.25 1.12 0.99
[TEST C2-MARISA]
Processing dataset...
Done!
Building trie...
trie size: 2.238578 MB
trie size: 3.821277 MB
Done!
build time: 1399.731047 ms (1399.731047 ns per key)
space cost: 8.586061 MB (42.903452% of original size 20.012519 MB)
Querying trie...
Done!
total time: 501.306198 ms, avg latency: 501.306198 ns
topology: 1.213478 MB, link: 2.963206 MB, data: 4.388869 MB
--- Unary Path Analysis (Marisa, cutoff=3) ---
  branches: 1523874  |  single-char: 417651 (27.4%)  short-unary: 97461 (6.4%)  links: 1008762 (66.2%)
  link len: avg=12.11  max=234  total_chars=12215333
  link length distribution (len:count):  3:76859  4:82017  5:81216  6:79010  7:72564  8:64127  9:55531  10:50303  11:44703  12:39548  13:35394  14:31778  15:31462  16:28952  17:25995  18:23521  19:19840  20:18044  21:16382  22:14569  23:12399  24:11015  25:9715  26:8556  27:8141  28:7267  29:6255  30:5853  31:5207  32:4578  33:4049  34:3736  35:3293  36:2910  37:2688  38:2423  39:2074  40:1908  41:1670  42:1511  43:1333  44:1158  45:939  46:855  47:728  48:689  49:615  50:544  51:465  52:457  53:344  54:344  55:284  56:276  57:242  58:216  59:216  60:177  61:159  62:140  63:127  64:109  65:95  66:79  67:80  68:79  69:75  70:69  71:69  72:55  73:51  74:42  75:46  76:42  77:35  78:41  79:38  80:39  81:21  82:18  83:21  84:19  85:14  86:18  87:14  88:15  89:11  90:14  91:13  92:7  93:5  94:8  95:7  96:5  97:9  98:8  99:5  100:7  101:11  102:5  103:6  104:3  105:3  106:3  107:5  108:4  109:5  110:1  111:2  112:6  113:1  114:1  115:1  116:4  117:1  119:1  120:2  122:2  124:2  126:1  127:1  129:1  130:1  132:1  133:2  135:1  136:1  137:1  138:3  139:1  140:1  142:2  146:1  153:1  155:1  157:1  160:3  166:1  169:1  175:1  176:1  180:1  182:1  200:1  202:1  203:1  205:1  208:1  217:1  218:1  220:1  234:1
  short unary avg len: 2.00
1399.731047,8.586061,501.306198
[PASSED]
[time 2.48 s, user 2.32 s, sys 0.15 s, maxrss 197280 KB]
[busy 260 jiffies]
[exit 0]
--- c2 case 2 rec 2   load 1.25 1.12 0.99
[TEST C2-MARISA]
Processing dataset...
Done!
Building trie...
trie size: 2.238578 MB
trie size: 3.821277 MB
trie size: 1.037524 MB
Done!
build time: 1570.594063 ms (1570.594063 ns per key)
space cost: 8.586061 MB (42.903452% of original size 20.012519 MB)
Querying trie...
Done!
total time: 508.142094 ms, avg latency: 508.142094 ns
topology: 1.213478 MB, link: 2.963206 MB, data: 4.388869 MB
--- Unary Path Analysis (Marisa, cutoff=3) ---
  branches: 1523874  |  single-char: 417651 (27.4%)  short-unary: 97461 (6.4%)  links: 1008762 (66.2%)
  link len: avg=12.11  max=234  total_chars=12215333
  link length distribution (len:count):  3:76859  4:82017  5:81216  6:79010  7:72564  8:64127  9:55531  10:50303  11:44703  12:39548  13:35394  14:31778  15:31462  16:28952  17:25995  18:23521  19:19840  20:18044  21:16382  22:14569  23:12399  24:11015  25:9715  26:8556  27:8141  28:7267  29:6255  30:5853  31:5207  32:4578  33:4049  34:3736  35:3293  36:2910  37:2688  38:2423  39:2074  40:1908  41:1670  42:1511  43:1333  44:1158  45:939  46:855  47:728  48:689  49:615  50:544  51:465  52:457  53:344  54:344  55:284  56:276  57:242  58:216  59:216  60:177  61:159  62:140  63:127  64:109  65:95  66:79  67:80  68:79  69:75  70:69  71:69  72:55  73:51  74:42  75:46  76:42  77:35  78:41  79:38  80:39  81:21  82:18  83:21  84:19  85:14  86:18  87:14  88:15  89:11  90:14  91:13  92:7  93:5  94:8  95:7  96:5  97:9  98:8  99:5  100:7  101:11  102:5  103:6  104:3  105:3  106:3  107:5  108:4  109:5  110:1  111:2  112:6  113:1  114:1  115:1  116:4  117:1  119:1  120:2  122:2  124:2  126:1  127:1  129:1  130:1  132:1  133:2  135:1  136:1  137:1  138:3  139:1  140:1  142:2  146:1  153:1  155:1  157:1  160:3  166:1  169:1  175:1  176:1  180:1  182:1  200:1  202:1  203:1  205:1  208:1  217:1  218:1  220:1  234:1
  short unary avg len: 2.00
1570.594063,8.586061,508.142094
[PASSED]
[time 2.66 s, user 2.51 s, sys 0.13 s, maxrss 197320 KB]
[busy 277 jiffies]
[exit 0]
--- c2 case 3 rec 0   load 1.23 1.12 0.99
[TEST FST]
Processing dataset...
Done!
Building trie...
Done!
build time: 807.358007 ms (807.358007 ns per key)
space cost: 12.223534 MB (61.079436% of original size 20.012519 MB)
Querying trie...
Done!
total time: 688.822728 ms, avg latency: 688.822728 ns
not implemented
807.358007,12.223534,688.822728
[PASSED]
[time 2.08 s, user 1.97 s, sys 0.09 s, maxrss 131084 KB]
[busy 218 jiffies]
[exit 0]
--- c2 case 4 rec 0   load 1.21 1.11 0.99
terminate called after throwing an instance of 'std::runtime_error'
  what():  Sequence is not sorted
timeout: the monitored command dumped core
Command terminated by signal 6
[time 22.77 s, user 16.68 s, sys 5.94 s, maxrss 13650712 KB]
[busy 2361 jiffies]
[exit 134]
--- c2 case 5 rec 0   load 1.15 1.11 0.99
[TEST MARISA]
Processing dataset...
Done!
Building trie...
Done!
build time: 602.931772 ms (602.931772 ns per key)
space cost: 12.537066 MB (62.646119% of original size 20.012519 MB)
Querying trie...
Done!
total time: 503.738359 ms, avg latency: 503.738359 ns
not implemented
602.931772,12.537066,503.738359
[PASSED]
[time 1.69 s, user 1.54 s, sys 0.14 s, maxrss 195332 KB]
[busy 174 jiffies]
[exit 0]
--- c2 case 5 rec 1   load 1.14 1.10 0.99
[TEST MARISA]
Processing dataset...
Done!
Building trie...
Done!
build time: 779.687932 ms (779.687932 ns per key)
space cost: 8.680676 MB (43.376231% of original size 20.012519 MB)
Querying trie...
Done!
total time: 785.703676 ms, avg latency: 785.703676 ns
not implemented
779.687932,8.680676,785.703676
[PASSED]
[time 2.14 s, user 1.99 s, sys 0.13 s, maxrss 195272 KB]
[busy 222 jiffies]
[exit 0]
--- c2 case 5 rec 2   load 1.05 1.09 0.98
[TEST MARISA]
Processing dataset...
Done!
Building trie...
Done!
build time: 829.203446 ms (829.203446 ns per key)
space cost: 7.806685 MB (39.009010% of original size 20.012519 MB)
Querying trie...
Done!
total time: 893.295811 ms, avg latency: 893.295811 ns
not implemented
829.203446,7.806685,893.295811
[PASSED]
[time 2.30 s, user 2.14 s, sys 0.15 s, maxrss 194976 KB]
[busy 239 jiffies]
[exit 0]
--- c2 case 6 rec 0   load 1.05 1.09 0.98
[TEST PDT]
Processing dataset...
Done!
Building trie...
dict size: 157446, stream size: 7395682
Done!
build time: 3449.543344 ms (3449.543344 ns per key)
space cost: 8.479283 MB (42.369895% of original size 20.012519 MB)
Querying trie...
Done!
total time: 649.036697 ms, avg latency: 649.036697 ns
not implemented
3449.543344,8.479283,649.036697
[PASSED]
[time 4.68 s, user 4.49 s, sys 0.16 s, maxrss 256760 KB]
[busy 482 jiffies]
[exit 0]
--- c2 case 7 rec 0   load 1.04 1.08 0.98
[TEST ART]
Processing dataset...
Done!
Building trie...
Done!
build time: 162.668468 ms (162.668468 ns per key)
space cost: 32.696541 MB (163.380437% of original size 20.012519 MB)
Querying trie...
Done!
total time: 397.978006 ms, avg latency: 397.978006 ns
not implemented
162.668468,32.696541,397.978006
[PASSED]
[time 1.14 s, user 1.05 s, sys 0.09 s, maxrss 176308 KB]
[busy 119 jiffies]
[exit 0]
--- c2 case 8 rec 0   load 1.04 1.08 0.99
[TEST CART]
Processing dataset...
Done!
Building trie...
Done!
build time: 210.258434 ms (210.258434 ns per key)
space cost: 14.850546 MB (74.206280% of original size 20.012519 MB)
Querying trie...
Done!
total time: 448.343076 ms, avg latency: 448.343076 ns
not implemented
210.258434,14.850546,448.343076
[PASSED]
[time 1.24 s, user 1.16 s, sys 0.08 s, maxrss 163884 KB]
[busy 128 jiffies]
[exit 0]
--- xcdat 7   load 1.04 1.08 0.99
build time: 641.393936 ms
space cost: 14.813288 MiB (74.020106% of original size 20.012519 MiB)
avg latency: 266.949602 ns
641.393936,14.813288,266.949602
[time 1.49 s, user 1.38 s, sys 0.10 s, maxrss 161148 KB]
[busy 155 jiffies]
[exit 0]
--- xcdat 8   load 1.04 1.08 0.99
build time: 610.792442 ms
space cost: 14.333878 MiB (71.624555% of original size 20.012519 MiB)
avg latency: 261.045487 ns
610.792442,14.333878,261.045487
[time 1.46 s, user 1.34 s, sys 0.11 s, maxrss 161324 KB]
[busy 151 jiffies]
[exit 0]
--- xcdat 15   load 1.04 1.08 0.99
build time: 636.664769 ms
space cost: 16.333202 MiB (81.614925% of original size 20.012519 MiB)
avg latency: 242.628831 ns
636.664769,16.333202,242.628831
[time 1.48 s, user 1.37 s, sys 0.10 s, maxrss 163564 KB]
[busy 153 jiffies]
[exit 0]
--- xcdat 16   load 1.03 1.08 0.99
build time: 611.045769 ms
space cost: 16.875467 MiB (84.324554% of original size 20.012519 MiB)
avg latency: 254.897946 ns
611.045769,16.875467,254.897946
[time 1.45 s, user 1.33 s, sys 0.11 s, maxrss 164352 KB]
[busy 149 jiffies]
[exit 0]

##### titles-ru-1000000 (1000000 lines, 36819661 bytes)   round 1/3   2026-09-26T03:39:02+03:00
--- lexindex dict32   load 1.03 1.08 0.99
1000000 keys
lexindex DictIndex block 32: build 287 ms, size 6.963 MiB (7.302 B/key), latency cold 450.9 ns, then mean 447.9 / min 446.6 ns
287.344,6.963340,450.877
[time 2.67 s, user 5.06 s, sys 0.32 s, maxrss 301996 KB]
[busy 558 jiffies]
[exit 0]
--- lexindex dict256   load 1.03 1.08 0.99
1000000 keys
lexindex DictIndex block 256: build 290 ms, size 6.544 MiB (6.862 B/key), latency cold 477.0 ns, then mean 473.1 / min 469.1 ns
289.971,6.543816,476.998
[time 2.77 s, user 5.25 s, sys 0.32 s, maxrss 299196 KB]
[busy 577 jiffies]
[exit 0]
--- lexindex dict1024   load 1.03 1.08 0.99
1000000 keys
lexindex DictIndex block 1024: build 307 ms, size 6.388 MiB (6.698 B/key), latency cold 529.5 ns, then mean 526.0 / min 524.2 ns
307.165,6.387671,529.498
[time 3.01 s, user 4.56 s, sys 0.27 s, maxrss 301788 KB]
[busy 497 jiffies]
[exit 0]
--- lexindex routed32   load 0.94 1.06 0.98
1000000 keys
lexindex DictIndex block 32 routed: build 287 ms, size 7.440 MiB (7.802 B/key), latency cold 436.0 ns, then mean 420.7 / min 418.3 ns
286.516,7.440177,436.046
[time 2.56 s, user 4.90 s, sys 0.32 s, maxrss 302712 KB]
[busy 538 jiffies]
[exit 0]
--- lexindex routed256   load 0.94 1.06 0.98
1000000 keys
lexindex DictIndex block 256 routed: build 293 ms, size 7.021 MiB (7.362 B/key), latency cold 410.3 ns, then mean 405.7 / min 403.9 ns
292.686,7.020744,410.271
[time 2.50 s, user 4.94 s, sys 0.35 s, maxrss 302140 KB]
[busy 543 jiffies]
[exit 0]
--- lexindex routed1024   load 0.95 1.06 0.98
1000000 keys
lexindex DictIndex block 1024 routed: build 309 ms, size 6.626 MiB (6.948 B/key), latency cold 439.9 ns, then mean 437.8 / min 433.2 ns
309.413,6.626197,439.899
[time 2.65 s, user 4.19 s, sys 0.27 s, maxrss 302500 KB]
[busy 456 jiffies]
[exit 0]
--- lexindex string   load 0.95 1.06 0.98
1000000 keys
lexindex StringIndex: build 1495 ms, size 30.276 MiB (31.746 B/key), latency cold 553.6 ns, then mean 552.8 / min 550.2 ns
1495.158,30.275526,553.574
[time 4.27 s, user 4.14 s, sys 0.10 s, maxrss 213568 KB]
[busy 440 jiffies]
[exit 0]
--- lexindex hashed0   load 0.96 1.06 0.98
1000000 keys
lexindex HashedDictIndex closed: build 463 ms, size 9.157 MiB (9.602 B/key), latency cold 53.2 ns, then mean 51.6 / min 51.2 ns
463.173,9.157313,53.204
[time 1.25 s, user 3.76 s, sys 0.36 s, maxrss 303496 KB]
[busy 424 jiffies]
[exit 0]
--- lexindex hashed8   load 0.96 1.06 0.98
1000000 keys
lexindex HashedDictIndex fp=8: build 461 ms, size 10.111 MiB (10.602 B/key), latency cold 62.5 ns, then mean 60.6 / min 60.4 ns
461.409,10.110988,62.467
[time 1.29 s, user 3.81 s, sys 0.34 s, maxrss 304880 KB]
[busy 430 jiffies]
[exit 0]
--- lexindex hashed16   load 0.96 1.05 0.98
1000000 keys
lexindex HashedDictIndex fp=16: build 457 ms, size 11.065 MiB (11.602 B/key), latency cold 63.4 ns, then mean 61.4 / min 61.0 ns
456.784,11.064662,63.352
[time 1.29 s, user 3.80 s, sys 0.33 s, maxrss 306024 KB]
[busy 426 jiffies]
[exit 0]
--- lexindex da   load 0.96 1.05 0.98
1000000 keys
lexindex DoubleArrayIndex refused: format error: double-array: the trie needs more than 8 388 608 slots; bases are 23 bits
Command exited with non-zero status 3
[time 1.97 s, user 1.68 s, sys 0.28 s, maxrss 377484 KB]
[busy 207 jiffies]
[exit 3]
--- c2 case 0 rec 0   load 0.96 1.05 0.98
[TEST C2-FST]
Processing dataset...
Done!
Building trie...
Done!
build time: 1292.884724 ms (1292.884724 ns per key)
space cost: 13.454716 MB (39.387006% of original size 34.160291 MB)
Querying trie...
Done!
total time: 716.836438 ms, avg latency: 716.836438 ns
topology: 1.316696 MB, link: 2.448647 MB, data: 9.689372 MB
--- Unary Path Analysis (FST, cutoff=4) ---
  shared unary steps in main trie: 1444849
  terminal suffixes: inplace=70261 (avg len=2.02)  links=837902 (92.3% of terminal)
  link len: avg=18.90  max=238  total_chars=15835418
  link length distribution (len:count):  4:38002  5:25136  6:46678  7:25626  8:51081  9:27061  10:49555  11:26346  12:44099  13:24737  14:35638  15:24081  16:29538  17:19279  18:25434  19:16078  20:16463  21:14405  22:12877  23:14367  24:11738  25:15079  26:11391  27:16946  28:11354  29:17411  30:12058  31:16873  32:11600  33:15555  34:11210  35:12790  36:9994  37:10106  38:7923  39:7962  40:6648  41:5829  42:4930  43:4945  44:3895  45:3528  46:3382  47:2749  48:2598  49:2269  50:2117  51:1901  52:1753  53:1665  54:1553  55:1449  56:1305  57:1145  58:1092  59:1004  60:875  61:848  62:788  63:815  64:741  65:605  66:640  67:594  68:554  69:512  70:530  71:482  72:415  73:428  74:424  75:368  76:310  77:349  78:289  79:299  80:274  81:267  82:209  83:198  84:204  85:187  86:188  87:169  88:154  89:148  90:143  91:149  92:108  93:110  94:105  95:111  96:95  97:79  98:91  99:85  100:98  101:68  102:61  103:57  104:50  105:52  106:54  107:61  108:50  109:62  110:44  111:43  112:42  113:44  114:37  115:29  116:42  117:29  118:35  119:28  120:37  121:28  122:24  123:19  124:19  125:31  126:29  127:26  128:15  129:19  130:30  131:11  132:22  133:9  134:11  135:14  136:17  137:15  138:6  139:7  140:14  141:16  142:8  143:9  144:14  145:12  146:8  147:11  148:7  149:9  150:6  151:12  152:9  153:13  154:7  155:5  156:6  157:3  158:8  159:4  160:7  161:11  162:5  163:11  164:3  165:5  166:7  167:4  168:4  169:6  170:3  171:4  172:3  173:9  174:4  175:1  176:4  177:5  178:6  179:4  180:4  181:2  182:6  183:7  184:4  185:2  186:3  187:2  188:2  190:1  191:1  192:3  193:3  194:2  196:2  197:2  198:4  200:1  202:1  205:2  207:2  208:1  210:2  212:2  213:1  217:2  218:2  220:1  222:1  228:2  234:1  239:1
1292.884724,13.454716,716.836438
[PASSED]
[time 2.72 s, user 2.58 s, sys 0.13 s, maxrss 227064 KB]
[busy 278 jiffies]
[exit 0]
--- c2 case 0 rec 1   load 0.97 1.05 0.98
[TEST C2-FST]
Processing dataset...
Done!
Building trie...
trie size: 3.233313 MB
Done!
build time: 1674.701110 ms (1674.701110 ns per key)
space cost: 10.950089 MB (32.055021% of original size 34.160291 MB)
Querying trie...
Done!
total time: 746.588044 ms, avg latency: 746.588044 ns
topology: 1.728611 MB, link: 2.656099 MB, data: 6.565378 MB
--- Unary Path Analysis (FST, cutoff=4) ---
  shared unary steps in main trie: 1444849
  terminal suffixes: inplace=70261 (avg len=2.02)  links=837902 (92.3% of terminal)
  link len: avg=18.90  max=238  total_chars=15835418
  link length distribution (len:count):  4:38002  5:25136  6:46678  7:25626  8:51081  9:27061  10:49555  11:26346  12:44099  13:24737  14:35638  15:24081  16:29538  17:19279  18:25434  19:16078  20:16463  21:14405  22:12877  23:14367  24:11738  25:15079  26:11391  27:16946  28:11354  29:17411  30:12058  31:16873  32:11600  33:15555  34:11210  35:12790  36:9994  37:10106  38:7923  39:7962  40:6648  41:5829  42:4930  43:4945  44:3895  45:3528  46:3382  47:2749  48:2598  49:2269  50:2117  51:1901  52:1753  53:1665  54:1553  55:1449  56:1305  57:1145  58:1092  59:1004  60:875  61:848  62:788  63:815  64:741  65:605  66:640  67:594  68:554  69:512  70:530  71:482  72:415  73:428  74:424  75:368  76:310  77:349  78:289  79:299  80:274  81:267  82:209  83:198  84:204  85:187  86:188  87:169  88:154  89:148  90:143  91:149  92:108  93:110  94:105  95:111  96:95  97:79  98:91  99:85  100:98  101:68  102:61  103:57  104:50  105:52  106:54  107:61  108:50  109:62  110:44  111:43  112:42  113:44  114:37  115:29  116:42  117:29  118:35  119:28  120:37  121:28  122:24  123:19  124:19  125:31  126:29  127:26  128:15  129:19  130:30  131:11  132:22  133:9  134:11  135:14  136:17  137:15  138:6  139:7  140:14  141:16  142:8  143:9  144:14  145:12  146:8  147:11  148:7  149:9  150:6  151:12  152:9  153:13  154:7  155:5  156:6  157:3  158:8  159:4  160:7  161:11  162:5  163:11  164:3  165:5  166:7  167:4  168:4  169:6  170:3  171:4  172:3  173:9  174:4  175:1  176:4  177:5  178:6  179:4  180:4  181:2  182:6  183:7  184:4  185:2  186:3  187:2  188:2  190:1  191:1  192:3  193:3  194:2  196:2  197:2  198:4  200:1  202:1  205:2  207:2  208:1  210:2  212:2  213:1  217:2  218:2  220:1  222:1  228:2  234:1  239:1
1674.701110,10.950089,746.588044
[PASSED]
[time 3.14 s, user 2.98 s, sys 0.14 s, maxrss 215716 KB]
[busy 325 jiffies]
[exit 0]
--- c2 case 0 rec 2   load 0.97 1.05 0.98
[TEST C2-FST]
Processing dataset...
Done!
Building trie...
trie size: 3.233313 MB
trie size: 0.910584 MB
Done!
build time: 1812.836389 ms (1812.836389 ns per key)
space cost: 10.950089 MB (32.055021% of original size 34.160291 MB)
Querying trie...
Done!
total time: 750.806361 ms, avg latency: 750.806361 ns
topology: 1.728611 MB, link: 2.656099 MB, data: 6.565378 MB
--- Unary Path Analysis (FST, cutoff=4) ---
  shared unary steps in main trie: 1444849
  terminal suffixes: inplace=70261 (avg len=2.02)  links=837902 (92.3% of terminal)
  link len: avg=18.90  max=238  total_chars=15835418
  link length distribution (len:count):  4:38002  5:25136  6:46678  7:25626  8:51081  9:27061  10:49555  11:26346  12:44099  13:24737  14:35638  15:24081  16:29538  17:19279  18:25434  19:16078  20:16463  21:14405  22:12877  23:14367  24:11738  25:15079  26:11391  27:16946  28:11354  29:17411  30:12058  31:16873  32:11600  33:15555  34:11210  35:12790  36:9994  37:10106  38:7923  39:7962  40:6648  41:5829  42:4930  43:4945  44:3895  45:3528  46:3382  47:2749  48:2598  49:2269  50:2117  51:1901  52:1753  53:1665  54:1553  55:1449  56:1305  57:1145  58:1092  59:1004  60:875  61:848  62:788  63:815  64:741  65:605  66:640  67:594  68:554  69:512  70:530  71:482  72:415  73:428  74:424  75:368  76:310  77:349  78:289  79:299  80:274  81:267  82:209  83:198  84:204  85:187  86:188  87:169  88:154  89:148  90:143  91:149  92:108  93:110  94:105  95:111  96:95  97:79  98:91  99:85  100:98  101:68  102:61  103:57  104:50  105:52  106:54  107:61  108:50  109:62  110:44  111:43  112:42  113:44  114:37  115:29  116:42  117:29  118:35  119:28  120:37  121:28  122:24  123:19  124:19  125:31  126:29  127:26  128:15  129:19  130:30  131:11  132:22  133:9  134:11  135:14  136:17  137:15  138:6  139:7  140:14  141:16  142:8  143:9  144:14  145:12  146:8  147:11  148:7  149:9  150:6  151:12  152:9  153:13  154:7  155:5  156:6  157:3  158:8  159:4  160:7  161:11  162:5  163:11  164:3  165:5  166:7  167:4  168:4  169:6  170:3  171:4  172:3  173:9  174:4  175:1  176:4  177:5  178:6  179:4  180:4  181:2  182:6  183:7  184:4  185:2  186:3  187:2  188:2  190:1  191:1  192:3  193:3  194:2  196:2  197:2  198:4  200:1  202:1  205:2  207:2  208:1  210:2  212:2  213:1  217:2  218:2  220:1  222:1  228:2  234:1  239:1
1812.836389,10.950089,750.806361
[PASSED]
[time 3.29 s, user 3.12 s, sys 0.14 s, maxrss 215648 KB]
[busy 339 jiffies]
[exit 0]
--- c2 case 1 rec 0   load 0.97 1.05 0.99
[TEST C2-CoCo(LOUDS-Sparse)]
Processing dataset...
Done!
Building trie...
Done!
build time: 3492.759952 ms (3492.759952 ns per key)
space cost: 14.618523 MB (42.793905% of original size 34.160291 MB)
Querying trie...
Done!
total time: 1012.540031 ms, avg latency: 1012.540031 ns
topology: 0.472511 MB, link: 3.816133 MB, data: 10.329878 MB
3492.759952,14.618523,1012.540031
[PASSED]
[time 5.20 s, user 4.94 s, sys 0.24 s, maxrss 445952 KB]
[busy 532 jiffies]
[exit 0]
--- c2 case 1 rec 1   load 0.89 1.03 0.98
[TEST C2-CoCo(LOUDS-Sparse)]
Processing dataset...
Done!
Building trie...
trie size: 3.233313 MB
Done!
build time: 3895.446424 ms (3895.446424 ns per key)
space cost: 12.113895 MB (35.461921% of original size 34.160291 MB)
Querying trie...
Done!
total time: 1069.211833 ms, avg latency: 1069.211833 ns
topology: 0.884426 MB, link: 4.023585 MB, data: 7.205884 MB
3895.446424,12.113895,1069.211833
[PASSED]
[time 5.69 s, user 5.45 s, sys 0.22 s, maxrss 432676 KB]
[busy 586 jiffies]
[exit 0]
--- c2 case 1 rec 2   load 0.90 1.03 0.98
[TEST C2-CoCo(LOUDS-Sparse)]
Processing dataset...
Done!
Building trie...
trie size: 3.233313 MB
trie size: 0.910584 MB
Done!
build time: 4001.220363 ms (4001.220363 ns per key)
space cost: 12.113895 MB (35.461921% of original size 34.160291 MB)
Querying trie...
Done!
total time: 1029.031420 ms, avg latency: 1029.031420 ns
topology: 0.884426 MB, link: 4.023585 MB, data: 7.205884 MB
4001.220363,12.113895,1029.031420
[PASSED]
[time 5.73 s, user 5.46 s, sys 0.24 s, maxrss 432460 KB]
[busy 589 jiffies]
[exit 0]
--- c2 case 2 rec 0   load 0.91 1.03 0.98
[TEST C2-MARISA]
Processing dataset...
Done!
Building trie...
trie size: 2.484302 MB
Done!
build time: 1241.019374 ms (1241.019374 ns per key)
space cost: 12.012337 MB (35.164621% of original size 34.160291 MB)
Querying trie...
Done!
total time: 527.655751 ms, avg latency: 527.655751 ns
topology: 0.823292 MB, link: 2.965906 MB, data: 8.202631 MB
--- Unary Path Analysis (Marisa, cutoff=3) ---
  branches: 1657128  |  single-char: 447774 (27.0%)  short-unary: 128432 (7.8%)  links: 1080922 (65.2%)
  link len: avg=17.77  max=240  total_chars=19212544
  link length distribution (len:count):  3:87321  4:48292  5:58975  6:36358  7:58121  8:33015  9:59626  10:32247  11:55687  12:30072  13:49121  14:27545  15:39628  16:26319  17:32373  18:20972  19:27510  20:17247  21:17760  22:15297  23:13707  24:14933  25:12396  26:15583  27:11863  28:17395  29:11704  30:17896  31:12395  32:17216  33:11862  34:15819  35:11459  36:13046  37:10194  38:10344  39:8104  40:8139  41:6769  42:6000  43:5033  44:5077  45:3963  46:3720  47:3456  48:2871  49:2663  50:2321  51:2168  52:1981  53:1813  54:1693  55:1597  56:1488  57:1344  58:1172  59:1122  60:1025  61:904  62:871  63:814  64:834  65:767  66:626  67:663  68:607  69:568  70:524  71:545  72:489  73:428  74:436  75:441  76:375  77:319  78:357  79:299  80:304  81:282  82:274  83:213  84:203  85:208  86:189  87:193  88:179  89:159  90:153  91:146  92:153  93:110  94:115  95:107  96:113  97:98  98:81  99:92  100:91  101:100  102:69  103:62  104:60  105:53  106:53  107:55  108:63  109:50  110:63  111:44  112:45  113:43  114:49  115:38  116:32  117:45  118:31  119:36  120:28  121:37  122:28  123:24  124:20  125:19  126:32  127:29  128:26  129:15  130:19  131:30  132:11  133:22  134:9  135:11  136:14  137:18  138:15  139:6  140:8  141:14  142:16  143:8  144:10  145:14  146:12  147:8  148:11  149:7  150:9  151:6  152:12  153:9  154:13  155:7  156:5  157:6  158:3  159:8  160:4  161:7  162:11  163:6  164:11  165:3  166:5  167:7  168:4  169:5  170:6  171:3  172:4  173:3  174:9  175:4  176:1  177:4  178:5  179:7  180:4  181:4  182:2  183:6  184:7  185:4  186:2  187:3  188:2  189:2  191:1  192:1  193:3  194:3  195:2  197:2  198:2  199:4  201:1  203:1  206:2  208:2  209:1  211:2  213:2  214:1  218:2  219:2  221:1  223:1  229:2  235:1  240:1
  short unary avg len: 2.00
1241.019374,12.012337,527.655751
[PASSED]
[time 2.48 s, user 2.31 s, sys 0.16 s, maxrss 243368 KB]
[busy 257 jiffies]
[exit 0]
--- c2 case 2 rec 1   load 0.92 1.03 0.98
[TEST C2-MARISA]
Processing dataset...
Done!
Building trie...
trie size: 2.484302 MB
trie size: 4.015308 MB
Done!
build time: 1683.756396 ms (1683.756396 ns per key)
space cost: 9.221785 MB (26.995627% of original size 34.160291 MB)
Querying trie...
Done!
total time: 399.603079 ms, avg latency: 399.603079 ns
topology: 1.302711 MB, link: 3.189349 MB, data: 4.709216 MB
--- Unary Path Analysis (Marisa, cutoff=3) ---
  branches: 1657128  |  single-char: 447774 (27.0%)  short-unary: 128432 (7.8%)  links: 1080922 (65.2%)
  link len: avg=17.77  max=240  total_chars=19212544
  link length distribution (len:count):  3:87321  4:48292  5:58975  6:36358  7:58121  8:33015  9:59626  10:32247  11:55687  12:30072  13:49121  14:27545  15:39628  16:26319  17:32373  18:20972  19:27510  20:17247  21:17760  22:15297  23:13707  24:14933  25:12396  26:15583  27:11863  28:17395  29:11704  30:17896  31:12395  32:17216  33:11862  34:15819  35:11459  36:13046  37:10194  38:10344  39:8104  40:8139  41:6769  42:6000  43:5033  44:5077  45:3963  46:3720  47:3456  48:2871  49:2663  50:2321  51:2168  52:1981  53:1813  54:1693  55:1597  56:1488  57:1344  58:1172  59:1122  60:1025  61:904  62:871  63:814  64:834  65:767  66:626  67:663  68:607  69:568  70:524  71:545  72:489  73:428  74:436  75:441  76:375  77:319  78:357  79:299  80:304  81:282  82:274  83:213  84:203  85:208  86:189  87:193  88:179  89:159  90:153  91:146  92:153  93:110  94:115  95:107  96:113  97:98  98:81  99:92  100:91  101:100  102:69  103:62  104:60  105:53  106:53  107:55  108:63  109:50  110:63  111:44  112:45  113:43  114:49  115:38  116:32  117:45  118:31  119:36  120:28  121:37  122:28  123:24  124:20  125:19  126:32  127:29  128:26  129:15  130:19  131:30  132:11  133:22  134:9  135:11  136:14  137:18  138:15  139:6  140:8  141:14  142:16  143:8  144:10  145:14  146:12  147:8  148:11  149:7  150:9  151:6  152:12  153:9  154:13  155:7  156:5  157:6  158:3  159:8  160:4  161:7  162:11  163:6  164:11  165:3  166:5  167:7  168:4  169:5  170:6  171:3  172:4  173:3  174:9  175:4  176:1  177:4  178:5  179:7  180:4  181:4  182:2  183:6  184:7  185:4  186:2  187:3  188:2  189:2  191:1  192:1  193:3  194:3  195:2  197:2  198:2  199:4  201:1  203:1  206:2  208:2  209:1  211:2  213:2  214:1  218:2  219:2  221:1  223:1  229:2  235:1  240:1
  short unary avg len: 2.00
1683.756396,9.221785,399.603079
[PASSED]
[time 2.82 s, user 2.64 s, sys 0.17 s, maxrss 227296 KB]
[busy 294 jiffies]
[exit 0]
--- c2 case 2 rec 2   load 0.84 1.01 0.98
[TEST C2-MARISA]
Processing dataset...
Done!
Building trie...
trie size: 2.484302 MB
trie size: 4.015308 MB
trie size: 1.015766 MB
Done!
build time: 1795.103176 ms (1795.103176 ns per key)
space cost: 8.714260 MB (25.509912% of original size 34.160291 MB)
Querying trie...
Done!
total time: 391.020372 ms, avg latency: 391.020372 ns
topology: 1.481594 MB, link: 3.266720 MB, data: 3.945438 MB
--- Unary Path Analysis (Marisa, cutoff=3) ---
  branches: 1657128  |  single-char: 447774 (27.0%)  short-unary: 128432 (7.8%)  links: 1080922 (65.2%)
  link len: avg=17.77  max=240  total_chars=19212544
  link length distribution (len:count):  3:87321  4:48292  5:58975  6:36358  7:58121  8:33015  9:59626  10:32247  11:55687  12:30072  13:49121  14:27545  15:39628  16:26319  17:32373  18:20972  19:27510  20:17247  21:17760  22:15297  23:13707  24:14933  25:12396  26:15583  27:11863  28:17395  29:11704  30:17896  31:12395  32:17216  33:11862  34:15819  35:11459  36:13046  37:10194  38:10344  39:8104  40:8139  41:6769  42:6000  43:5033  44:5077  45:3963  46:3720  47:3456  48:2871  49:2663  50:2321  51:2168  52:1981  53:1813  54:1693  55:1597  56:1488  57:1344  58:1172  59:1122  60:1025  61:904  62:871  63:814  64:834  65:767  66:626  67:663  68:607  69:568  70:524  71:545  72:489  73:428  74:436  75:441  76:375  77:319  78:357  79:299  80:304  81:282  82:274  83:213  84:203  85:208  86:189  87:193  88:179  89:159  90:153  91:146  92:153  93:110  94:115  95:107  96:113  97:98  98:81  99:92  100:91  101:100  102:69  103:62  104:60  105:53  106:53  107:55  108:63  109:50  110:63  111:44  112:45  113:43  114:49  115:38  116:32  117:45  118:31  119:36  120:28  121:37  122:28  123:24  124:20  125:19  126:32  127:29  128:26  129:15  130:19  131:30  132:11  133:22  134:9  135:11  136:14  137:18  138:15  139:6  140:8  141:14  142:16  143:8  144:10  145:14  146:12  147:8  148:11  149:7  150:9  151:6  152:12  153:9  154:13  155:7  156:5  157:6  158:3  159:8  160:4  161:7  162:11  163:6  164:11  165:3  166:5  167:7  168:4  169:5  170:6  171:3  172:4  173:3  174:9  175:4  176:1  177:4  178:5  179:7  180:4  181:4  182:2  183:6  184:7  185:4  186:2  187:3  188:2  189:2  191:1  192:1  193:3  194:3  195:2  197:2  198:2  199:4  201:1  203:1  206:2  208:2  209:1  211:2  213:2  214:1  218:2  219:2  221:1  223:1  229:2  235:1  240:1
  short unary avg len: 2.00
1795.103176,8.714260,391.020372
[PASSED]
[time 2.91 s, user 2.74 s, sys 0.15 s, maxrss 227384 KB]
[busy 298 jiffies]
[exit 0]
--- c2 case 3 rec 0   load 0.84 1.01 0.98
[TEST FST]
Processing dataset...
Done!
Building trie...
Done!
build time: 1160.481807 ms (1160.481807 ns per key)
space cost: 15.406425 MB (45.100393% of original size 34.160291 MB)
Querying trie...
Done!
total time: 1197.085558 ms, avg latency: 1197.085558 ns
not implemented
1160.481807,15.406425,1197.085558
[PASSED]
[time 3.08 s, user 2.95 s, sys 0.11 s, maxrss 177304 KB]
[busy 319 jiffies]
[exit 0]
--- c2 case 4 rec 0   load 0.86 1.01 0.98
terminate called after throwing an instance of 'std::runtime_error'
  what():  Sequence is not sorted
timeout: the monitored command dumped core
Command terminated by signal 6
[time 47.55 s, user 35.73 s, sys 11.57 s, maxrss 26676988 KB]
[busy 4959 jiffies]
[exit 134]
--- c2 case 5 rec 0   load 1.01 1.02 0.99
[TEST MARISA]
Processing dataset...
Done!
Building trie...
Done!
build time: 771.436697 ms (771.436697 ns per key)
space cost: 14.925114 MB (43.691413% of original size 34.160291 MB)
Querying trie...
Done!
total time: 687.231487 ms, avg latency: 687.231487 ns
not implemented
771.436697,14.925114,687.231487
[PASSED]
[time 2.17 s, user 2.01 s, sys 0.15 s, maxrss 231316 KB]
[busy 227 jiffies]
[exit 0]
--- c2 case 5 rec 1   load 0.93 1.01 0.98
[TEST MARISA]
Processing dataset...
Done!
Building trie...
Done!
build time: 954.989519 ms (954.989519 ns per key)
space cost: 9.445531 MB (27.650616% of original size 34.160291 MB)
Querying trie...
Done!
total time: 1092.324293 ms, avg latency: 1092.324293 ns
not implemented
954.989519,9.445531,1092.324293
[PASSED]
[time 2.74 s, user 2.58 s, sys 0.15 s, maxrss 231196 KB]
[busy 279 jiffies]
[exit 0]
--- c2 case 5 rec 2   load 0.93 1.01 0.98
[TEST MARISA]
Processing dataset...
Done!
Building trie...
Done!
build time: 1025.190823 ms (1025.190823 ns per key)
space cost: 8.209226 MB (24.031487% of original size 34.160291 MB)
Querying trie...
Done!
total time: 1230.452207 ms, avg latency: 1230.452207 ns
not implemented
1025.190823,8.209226,1230.452207
[PASSED]
[time 2.95 s, user 2.79 s, sys 0.14 s, maxrss 230952 KB]
[busy 304 jiffies]
[exit 0]
--- c2 case 6 rec 0   load 0.93 1.01 0.98
[TEST PDT]
Processing dataset...
Done!
Building trie...
dict size: 149058, stream size: 8676288
Done!
build time: 2779.660104 ms (2779.660104 ns per key)
space cost: 9.692565 MB (28.373778% of original size 34.160291 MB)
Querying trie...
Done!
total time: 773.015935 ms, avg latency: 773.015935 ns
not implemented
2779.660104,9.692565,773.015935
[PASSED]
[time 4.27 s, user 4.05 s, sys 0.20 s, maxrss 238304 KB]
[busy 442 jiffies]
[exit 0]
--- c2 case 7 rec 0   load 0.94 1.01 0.98
[TEST ART]
Processing dataset...
Done!
Building trie...
Done!
build time: 233.929444 ms (233.929444 ns per key)
space cost: 37.032776 MB (108.408843% of original size 34.160291 MB)
Querying trie...
Done!
total time: 599.191023 ms, avg latency: 599.191023 ns
not implemented
233.929444,37.032776,599.191023
[PASSED]
[time 1.57 s, user 1.43 s, sys 0.12 s, maxrss 239452 KB]
[busy 163 jiffies]
[exit 0]
--- c2 case 8 rec 0   load 0.94 1.01 0.98
[TEST CART]
Processing dataset...
Done!
Building trie...
Done!
build time: 295.868653 ms (295.868653 ns per key)
space cost: 17.935776 MB (52.504752% of original size 34.160291 MB)
Querying trie...
Done!
total time: 644.851913 ms, avg latency: 644.851913 ns
not implemented
295.868653,17.935776,644.851913
[PASSED]
[time 1.68 s, user 1.55 s, sys 0.11 s, maxrss 228420 KB]
[busy 173 jiffies]
[exit 0]
--- xcdat 7   load 0.94 1.01 0.98
build time: 838.143284 ms
space cost: 18.793670 MiB (55.016129% of original size 34.160291 MiB)
avg latency: 391.122503 ns
838.143284,18.793670,391.122503
[time 1.97 s, user 1.80 s, sys 0.15 s, maxrss 207152 KB]
[busy 204 jiffies]
[exit 0]
--- xcdat 8   load 0.95 1.01 0.98
build time: 779.309481 ms
space cost: 18.486019 MiB (54.115521% of original size 34.160291 MiB)
avg latency: 374.940617 ns
779.309481,18.486019,374.940617
[time 1.86 s, user 1.69 s, sys 0.16 s, maxrss 207204 KB]
[busy 192 jiffies]
[exit 0]
--- xcdat 15   load 0.95 1.01 0.98
build time: 819.963232 ms
space cost: 22.013930 MiB (64.443041% of original size 34.160291 MiB)
avg latency: 365.856717 ns
819.963232,22.013930,365.856717
[time 1.90 s, user 1.75 s, sys 0.14 s, maxrss 213300 KB]
[busy 195 jiffies]
[exit 0]
--- xcdat 16   load 0.95 1.00 0.98
build time: 781.616727 ms
space cost: 22.860906 MiB (66.922456% of original size 34.160291 MiB)
avg latency: 380.225287 ns
781.616727,22.860906,380.225287
[time 1.88 s, user 1.72 s, sys 0.15 s, maxrss 213600 KB]
[busy 193 jiffies]
[exit 0]

##### titles-zh-1000000 (1000000 lines, 17871822 bytes)   round 1/3   2026-09-26T03:41:48+03:00
--- lexindex dict32   load 0.88 0.99 0.98
1000000 keys
lexindex DictIndex block 32: build 216 ms, size 5.823 MiB (6.105 B/key), latency cold 363.2 ns, then mean 356.4 / min 355.2 ns
215.651,5.822630,363.239
[time 2.15 s, user 3.72 s, sys 0.27 s, maxrss 263488 KB]
[busy 410 jiffies]
[exit 0]
--- lexindex dict256   load 0.88 0.99 0.98
1000000 keys
lexindex DictIndex block 256: build 218 ms, size 5.580 MiB (5.851 B/key), latency cold 384.3 ns, then mean 369.5 / min 368.9 ns
217.997,5.580144,384.268
[time 2.22 s, user 3.81 s, sys 0.29 s, maxrss 263296 KB]
[busy 422 jiffies]
[exit 0]
--- lexindex dict1024   load 0.89 0.99 0.98
1000000 keys
lexindex DictIndex block 1024: build 236 ms, size 5.423 MiB (5.687 B/key), latency cold 450.5 ns, then mean 447.0 / min 446.5 ns
236.300,5.423172,450.538
[time 2.53 s, user 3.46 s, sys 0.24 s, maxrss 248692 KB]
[busy 379 jiffies]
[exit 0]
--- lexindex routed32   load 0.81 0.97 0.97
1000000 keys
lexindex DictIndex block 32 routed: build 218 ms, size 6.299 MiB (6.605 B/key), latency cold 339.9 ns, then mean 325.4 / min 323.2 ns
217.837,6.299467,339.880
[time 2.04 s, user 3.58 s, sys 0.26 s, maxrss 259784 KB]
[busy 394 jiffies]
[exit 0]
--- lexindex routed256   load 0.81 0.97 0.97
1000000 keys
lexindex DictIndex block 256 routed: build 219 ms, size 6.057 MiB (6.351 B/key), latency cold 303.5 ns, then mean 297.7 / min 294.7 ns
219.347,6.057073,303.467
[time 1.93 s, user 3.52 s, sys 0.28 s, maxrss 259472 KB]
[busy 392 jiffies]
[exit 0]
--- lexindex routed1024   load 0.83 0.97 0.97
1000000 keys
lexindex DictIndex block 1024 routed: build 236 ms, size 5.662 MiB (5.937 B/key), latency cold 332.5 ns, then mean 324.9 / min 323.2 ns
235.746,5.661697,332.497
[time 2.05 s, user 3.00 s, sys 0.23 s, maxrss 251140 KB]
[busy 332 jiffies]
[exit 0]
--- lexindex string   load 0.83 0.97 0.97
1000000 keys
lexindex StringIndex: build 771 ms, size 16.712 MiB (17.523 B/key), latency cold 290.5 ns, then mean 282.9 / min 280.8 ns
770.919,16.711605,290.533
[time 2.40 s, user 2.32 s, sys 0.07 s, maxrss 152960 KB]
[busy 249 jiffies]
[exit 0]
--- lexindex hashed0   load 0.92 0.99 0.98
1000000 keys
lexindex HashedDictIndex closed: build 337 ms, size 8.194 MiB (8.592 B/key), latency cold 34.7 ns, then mean 29.4 / min 28.8 ns
337.334,8.193651,34.680
[time 0.96 s, user 2.58 s, sys 0.29 s, maxrss 260272 KB]
[busy 296 jiffies]
[exit 0]
--- lexindex hashed8   load 0.85 0.97 0.97
1000000 keys
lexindex HashedDictIndex fp=8: build 334 ms, size 9.147 MiB (9.592 B/key), latency cold 40.5 ns, then mean 35.2 / min 35.1 ns
333.945,9.147326,40.478
[time 0.98 s, user 2.55 s, sys 0.29 s, maxrss 259060 KB]
[busy 293 jiffies]
[exit 0]
--- lexindex hashed16   load 0.85 0.97 0.97
1000000 keys
lexindex HashedDictIndex fp=16: build 340 ms, size 10.101 MiB (10.592 B/key), latency cold 41.9 ns, then mean 36.5 / min 36.1 ns
339.634,10.101000,41.887
[time 1.00 s, user 2.63 s, sys 0.30 s, maxrss 261976 KB]
[busy 304 jiffies]
[exit 0]
--- lexindex da   load 0.85 0.97 0.97
1000000 keys
lexindex DoubleArrayIndex: build 1593 ms, size 31.692 MiB (33.232 B/key), latency cold 229.2 ns, then mean 226.5 / min 225.1 ns
1593.202,31.692200,229.151
[time 2.98 s, user 2.81 s, sys 0.16 s, maxrss 188144 KB]
[busy 305 jiffies]
[exit 0]
--- c2 case 0 rec 0   load 0.86 0.97 0.98
[TEST C2-FST]
Processing dataset...
Done!
Building trie...
Done!
build time: 669.554151 ms (669.554151 ns per key)
space cost: 9.315402 MB (57.894796% of original size 16.090223 MB)
Querying trie...
Done!
total time: 427.336453 ms, avg latency: 427.336453 ns
topology: 1.013481 MB, link: 1.860200 MB, data: 6.441721 MB
--- Unary Path Analysis (FST, cutoff=4) ---
  shared unary steps in main trie: 533155
  terminal suffixes: inplace=237541 (avg len=1.85)  links=651614 (73.3% of terminal)
  link len: avg=9.49  max=219  total_chars=6184530
  link length distribution (len:count):  4:101787  5:75109  6:33236  7:70197  8:54797  9:28682  10:45020  11:39800  12:18111  13:26128  14:25316  15:13287  16:18412  17:17629  18:7811  19:11663  20:10322  21:4897  22:7909  23:6587  24:3201  25:5027  26:3953  27:2124  28:3009  29:2707  30:1318  31:2090  32:1807  33:932  34:1302  35:1246  36:576  37:856  38:792  39:335  40:596  41:485  42:228  43:398  44:289  45:126  46:187  47:184  48:83  49:123  50:115  51:56  52:76  53:79  54:43  55:73  56:58  57:28  58:35  59:27  60:9  61:32  62:19  63:18  64:20  65:11  66:19  67:16  68:13  69:6  70:14  71:16  72:6  73:9  74:5  75:5  76:7  77:5  78:2  79:17  80:2  81:7  82:8  83:7  84:3  85:7  86:7  87:3  88:3  89:2  90:4  91:3  92:3  93:1  94:1  95:3  96:5  97:1  98:4  101:2  102:1  103:1  104:1  106:2  107:1  112:2  113:1  115:1  116:1  120:1  121:1  122:1  124:1  130:1  138:1  148:1  151:1  155:2  184:1  188:1  204:1  220:1
669.554151,9.315402,427.336453
[PASSED]
[time 1.59 s, user 1.47 s, sys 0.11 s, maxrss 186516 KB]
[busy 165 jiffies]
[exit 0]
--- c2 case 0 rec 1   load 0.79 0.96 0.97
[TEST C2-FST]
Processing dataset...
Done!
Building trie...
trie size: 2.382156 MB
Done!
build time: 842.427615 ms (842.427615 ns per key)
space cost: 7.814046 MB (48.563937% of original size 16.090223 MB)
Querying trie...
Done!
total time: 435.463023 ms, avg latency: 435.463023 ns
topology: 1.289776 MB, link: 2.002253 MB, data: 4.522017 MB
--- Unary Path Analysis (FST, cutoff=4) ---
  shared unary steps in main trie: 533155
  terminal suffixes: inplace=237541 (avg len=1.85)  links=651614 (73.3% of terminal)
  link len: avg=9.49  max=219  total_chars=6184530
  link length distribution (len:count):  4:101787  5:75109  6:33236  7:70197  8:54797  9:28682  10:45020  11:39800  12:18111  13:26128  14:25316  15:13287  16:18412  17:17629  18:7811  19:11663  20:10322  21:4897  22:7909  23:6587  24:3201  25:5027  26:3953  27:2124  28:3009  29:2707  30:1318  31:2090  32:1807  33:932  34:1302  35:1246  36:576  37:856  38:792  39:335  40:596  41:485  42:228  43:398  44:289  45:126  46:187  47:184  48:83  49:123  50:115  51:56  52:76  53:79  54:43  55:73  56:58  57:28  58:35  59:27  60:9  61:32  62:19  63:18  64:20  65:11  66:19  67:16  68:13  69:6  70:14  71:16  72:6  73:9  74:5  75:5  76:7  77:5  78:2  79:17  80:2  81:7  82:8  83:7  84:3  85:7  86:7  87:3  88:3  89:2  90:4  91:3  92:3  93:1  94:1  95:3  96:5  97:1  98:4  101:2  102:1  103:1  104:1  106:2  107:1  112:2  113:1  115:1  116:1  120:1  121:1  122:1  124:1  130:1  138:1  148:1  151:1  155:2  184:1  188:1  204:1  220:1
842.427615,7.814046,435.463023
[PASSED]
[time 1.78 s, user 1.65 s, sys 0.12 s, maxrss 186188 KB]
[busy 183 jiffies]
[exit 0]
--- c2 case 0 rec 2   load 0.79 0.96 0.97
[TEST C2-FST]
Processing dataset...
Done!
Building trie...
trie size: 2.382156 MB
trie size: 0.519189 MB
Done!
build time: 897.426203 ms (897.426203 ns per key)
space cost: 7.814046 MB (48.563937% of original size 16.090223 MB)
Querying trie...
Done!
total time: 442.283630 ms, avg latency: 442.283630 ns
topology: 1.289776 MB, link: 2.002253 MB, data: 4.522017 MB
--- Unary Path Analysis (FST, cutoff=4) ---
  shared unary steps in main trie: 533155
  terminal suffixes: inplace=237541 (avg len=1.85)  links=651614 (73.3% of terminal)
  link len: avg=9.49  max=219  total_chars=6184530
  link length distribution (len:count):  4:101787  5:75109  6:33236  7:70197  8:54797  9:28682  10:45020  11:39800  12:18111  13:26128  14:25316  15:13287  16:18412  17:17629  18:7811  19:11663  20:10322  21:4897  22:7909  23:6587  24:3201  25:5027  26:3953  27:2124  28:3009  29:2707  30:1318  31:2090  32:1807  33:932  34:1302  35:1246  36:576  37:856  38:792  39:335  40:596  41:485  42:228  43:398  44:289  45:126  46:187  47:184  48:83  49:123  50:115  51:56  52:76  53:79  54:43  55:73  56:58  57:28  58:35  59:27  60:9  61:32  62:19  63:18  64:20  65:11  66:19  67:16  68:13  69:6  70:14  71:16  72:6  73:9  74:5  75:5  76:7  77:5  78:2  79:17  80:2  81:7  82:8  83:7  84:3  85:7  86:7  87:3  88:3  89:2  90:4  91:3  92:3  93:1  94:1  95:3  96:5  97:1  98:4  101:2  102:1  103:1  104:1  106:2  107:1  112:2  113:1  115:1  116:1  120:1  121:1  122:1  124:1  130:1  138:1  148:1  151:1  155:2  184:1  188:1  204:1  220:1
897.426203,7.814046,442.283630
[PASSED]
[time 1.84 s, user 1.71 s, sys 0.11 s, maxrss 186084 KB]
[busy 190 jiffies]
[exit 0]
--- c2 case 1 rec 0   load 0.81 0.96 0.97
[TEST C2-CoCo(LOUDS-Sparse)]
Processing dataset...
Done!
Building trie...
Done!
build time: 1633.887408 ms (1633.887408 ns per key)
space cost: 10.076944 MB (62.627748% of original size 16.090223 MB)
Querying trie...
Done!
total time: 623.650093 ms, avg latency: 623.650093 ns
topology: 0.428116 MB, link: 2.771456 MB, data: 6.877373 MB
1633.887408,10.076944,623.650093
[PASSED]
[time 2.75 s, user 2.53 s, sys 0.20 s, maxrss 343608 KB]
[busy 280 jiffies]
[exit 0]
--- c2 case 1 rec 1   load 0.74 0.94 0.97
[TEST C2-CoCo(LOUDS-Sparse)]
Processing dataset...
Done!
Building trie...
trie size: 2.382156 MB
Done!
build time: 1805.599640 ms (1805.599640 ns per key)
space cost: 8.575588 MB (53.296888% of original size 16.090223 MB)
Querying trie...
Done!
total time: 636.242856 ms, avg latency: 636.242856 ns
topology: 0.704411 MB, link: 2.913508 MB, data: 4.957669 MB
1805.599640,8.575588,636.242856
[PASSED]
[time 2.95 s, user 2.75 s, sys 0.18 s, maxrss 343872 KB]
[busy 305 jiffies]
[exit 0]
--- c2 case 1 rec 2   load 0.74 0.94 0.97
[TEST C2-CoCo(LOUDS-Sparse)]
Processing dataset...
Done!
Building trie...
trie size: 2.382156 MB
trie size: 0.519189 MB
Done!
build time: 1858.260043 ms (1858.260043 ns per key)
space cost: 8.575588 MB (53.296888% of original size 16.090223 MB)
Querying trie...
Done!
total time: 629.884829 ms, avg latency: 629.884829 ns
topology: 0.704411 MB, link: 2.913508 MB, data: 4.957669 MB
1858.260043,8.575588,629.884829
[PASSED]
[time 2.99 s, user 2.78 s, sys 0.19 s, maxrss 343352 KB]
[busy 307 jiffies]
[exit 0]
--- c2 case 2 rec 0   load 0.76 0.94 0.97
[TEST C2-MARISA]
Processing dataset...
Done!
Building trie...
trie size: 2.376703 MB
Done!
build time: 741.207374 ms (741.207374 ns per key)
space cost: 9.316646 MB (57.902525% of original size 16.090223 MB)
Querying trie...
Done!
total time: 327.766111 ms, avg latency: 327.766111 ns
topology: 0.787403 MB, link: 2.444094 MB, data: 6.064641 MB
--- Unary Path Analysis (Marisa, cutoff=3) ---
  branches: 1581104  |  single-char: 512959 (32.4%)  short-unary: 177539 (11.2%)  links: 890606 (56.3%)
  link len: avg=9.57  max=221  total_chars=8521548
  link length distribution (len:count):  3:117743  4:70413  5:118917  6:85174  7:37680  8:75877  9:57977  10:30193  11:47337  12:41279  13:18765  14:27062  15:25994  16:13620  17:18901  18:18001  19:8082  20:11948  21:10483  22:5017  23:8072  24:6695  25:3249  26:5099  27:4017  28:2164  29:3054  30:2749  31:1341  32:2116  33:1821  34:942  35:1314  36:1256  37:587  38:865  39:798  40:341  41:600  42:486  43:231  44:401  45:290  46:126  47:187  48:184  49:84  50:123  51:115  52:56  53:77  54:82  55:43  56:74  57:60  58:29  59:35  60:27  61:10  62:32  63:19  64:19  65:20  66:11  67:19  68:16  69:13  70:6  71:14  72:16  73:6  74:9  75:5  76:5  77:7  78:5  79:2  80:17  81:2  82:7  83:8  84:7  85:3  86:7  87:7  88:3  89:3  90:2  91:4  92:3  93:3  94:1  95:1  96:4  97:5  98:1  99:4  102:2  103:1  104:1  105:1  107:2  108:1  113:2  114:1  116:1  117:1  121:1  122:1  123:1  125:1  131:1  139:1  149:1  152:1  156:2  185:1  189:1  205:1  221:1
  short unary avg len: 2.00
741.207374,9.316646,327.766111
[PASSED]
[time 1.56 s, user 1.40 s, sys 0.15 s, maxrss 216344 KB]
[busy 163 jiffies]
[exit 0]
--- c2 case 2 rec 1   load 0.70 0.93 0.96
[TEST C2-MARISA]
Processing dataset...
Done!
Building trie...
trie size: 2.376703 MB
trie size: 3.200656 MB
Done!
build time: 945.893146 ms (945.893146 ns per key)
space cost: 7.215687 MB (44.845163% of original size 16.090223 MB)
Querying trie...
Done!
total time: 287.166911 ms, avg latency: 287.166911 ns
topology: 1.146584 MB, link: 2.476871 MB, data: 3.571725 MB
--- Unary Path Analysis (Marisa, cutoff=3) ---
  branches: 1581104  |  single-char: 512959 (32.4%)  short-unary: 177539 (11.2%)  links: 890606 (56.3%)
  link len: avg=9.57  max=221  total_chars=8521548
  link length distribution (len:count):  3:117743  4:70413  5:118917  6:85174  7:37680  8:75877  9:57977  10:30193  11:47337  12:41279  13:18765  14:27062  15:25994  16:13620  17:18901  18:18001  19:8082  20:11948  21:10483  22:5017  23:8072  24:6695  25:3249  26:5099  27:4017  28:2164  29:3054  30:2749  31:1341  32:2116  33:1821  34:942  35:1314  36:1256  37:587  38:865  39:798  40:341  41:600  42:486  43:231  44:401  45:290  46:126  47:187  48:184  49:84  50:123  51:115  52:56  53:77  54:82  55:43  56:74  57:60  58:29  59:35  60:27  61:10  62:32  63:19  64:19  65:20  66:11  67:19  68:16  69:13  70:6  71:14  72:16  73:6  74:9  75:5  76:5  77:7  78:5  79:2  80:17  81:2  82:7  83:8  84:7  85:3  86:7  87:7  88:3  89:3  90:2  91:4  92:3  93:3  94:1  95:1  96:4  97:5  98:1  99:4  102:2  103:1  104:1  105:1  107:2  108:1  113:2  114:1  116:1  117:1  121:1  122:1  123:1  125:1  131:1  139:1  149:1  152:1  156:2  185:1  189:1  205:1  221:1
  short unary avg len: 2.00
945.893146,7.215687,287.166911
[PASSED]
[time 1.73 s, user 1.58 s, sys 0.14 s, maxrss 216488 KB]
[busy 178 jiffies]
[exit 0]
--- c2 case 2 rec 2   load 0.70 0.93 0.96
[TEST C2-MARISA]
Processing dataset...
Done!
Building trie...
trie size: 2.376703 MB
trie size: 3.200656 MB
trie size: 0.643222 MB
Done!
build time: 1019.073508 ms (1019.073508 ns per key)
space cost: 7.215687 MB (44.845163% of original size 16.090223 MB)
Querying trie...
Done!
total time: 285.244579 ms, avg latency: 285.244579 ns
topology: 1.146584 MB, link: 2.476871 MB, data: 3.571725 MB
--- Unary Path Analysis (Marisa, cutoff=3) ---
  branches: 1581104  |  single-char: 512959 (32.4%)  short-unary: 177539 (11.2%)  links: 890606 (56.3%)
  link len: avg=9.57  max=221  total_chars=8521548
  link length distribution (len:count):  3:117743  4:70413  5:118917  6:85174  7:37680  8:75877  9:57977  10:30193  11:47337  12:41279  13:18765  14:27062  15:25994  16:13620  17:18901  18:18001  19:8082  20:11948  21:10483  22:5017  23:8072  24:6695  25:3249  26:5099  27:4017  28:2164  29:3054  30:2749  31:1341  32:2116  33:1821  34:942  35:1314  36:1256  37:587  38:865  39:798  40:341  41:600  42:486  43:231  44:401  45:290  46:126  47:187  48:184  49:84  50:123  51:115  52:56  53:77  54:82  55:43  56:74  57:60  58:29  59:35  60:27  61:10  62:32  63:19  64:19  65:20  66:11  67:19  68:16  69:13  70:6  71:14  72:16  73:6  74:9  75:5  76:5  77:7  78:5  79:2  80:17  81:2  82:7  83:8  84:7  85:3  86:7  87:7  88:3  89:3  90:2  91:4  92:3  93:3  94:1  95:1  96:4  97:5  98:1  99:4  102:2  103:1  104:1  105:1  107:2  108:1  113:2  114:1  116:1  117:1  121:1  122:1  123:1  125:1  131:1  139:1  149:1  152:1  156:2  185:1  189:1  205:1  221:1
  short unary avg len: 2.00
1019.073508,7.215687,285.244579
[PASSED]
[time 1.80 s, user 1.64 s, sys 0.14 s, maxrss 216488 KB]
[busy 187 jiffies]
[exit 0]
--- c2 case 3 rec 0   load 0.73 0.93 0.96
[TEST FST]
Processing dataset...
Done!
Building trie...
Done!
build time: 660.623880 ms (660.623880 ns per key)
space cost: 9.251146 MB (57.495450% of original size 16.090223 MB)
Querying trie...
Done!
total time: 604.775646 ms, avg latency: 604.775646 ns
not implemented
660.623880,9.251146,604.775646
[PASSED]
[time 1.76 s, user 1.68 s, sys 0.07 s, maxrss 110668 KB]
[busy 180 jiffies]
[exit 0]
--- c2 case 4 rec 0   load 0.73 0.93 0.96
terminate called after throwing an instance of 'std::runtime_error'
  what():  Sequence is not sorted
timeout: the monitored command dumped core
Command terminated by signal 6
[time 13.99 s, user 9.98 s, sys 3.88 s, maxrss 8765284 KB]
[busy 1442 jiffies]
[exit 134]
--- c2 case 5 rec 0   load 0.79 0.93 0.96
[TEST MARISA]
Processing dataset...
Done!
Building trie...
Done!
build time: 526.569029 ms (526.569029 ns per key)
space cost: 9.064179 MB (56.333459% of original size 16.090223 MB)
Querying trie...
Done!
total time: 465.148896 ms, avg latency: 465.148896 ns
not implemented
526.569029,9.064179,465.148896
[PASSED]
[time 1.49 s, user 1.37 s, sys 0.11 s, maxrss 182272 KB]
[busy 157 jiffies]
[exit 0]
--- c2 case 5 rec 1   load 0.81 0.93 0.96
[TEST MARISA]
Processing dataset...
Done!
Building trie...
Done!
build time: 642.110071 ms (642.110071 ns per key)
space cost: 6.703102 MB (41.659472% of original size 16.090223 MB)
Querying trie...
Done!
total time: 678.308040 ms, avg latency: 678.308040 ns
not implemented
642.110071,6.703102,678.308040
[PASSED]
[time 1.81 s, user 1.68 s, sys 0.12 s, maxrss 182304 KB]
[busy 187 jiffies]
[exit 0]
--- c2 case 5 rec 2   load 0.81 0.93 0.96
[TEST MARISA]
Processing dataset...
Done!
Building trie...
Done!
build time: 679.622360 ms (679.622360 ns per key)
space cost: 6.233802 MB (38.742793% of original size 16.090223 MB)
Querying trie...
Done!
total time: 759.107639 ms, avg latency: 759.107639 ns
not implemented
679.622360,6.233802,759.107639
[PASSED]
[time 1.92 s, user 1.80 s, sys 0.11 s, maxrss 182264 KB]
[busy 199 jiffies]
[exit 0]
--- c2 case 6 rec 0   load 0.82 0.93 0.96
[TEST PDT]
Processing dataset...
Done!
Building trie...
dict size: 161960, stream size: 6363323
Done!
build time: 3185.453816 ms (3185.453816 ns per key)
space cost: 7.499054 MB (46.606276% of original size 16.090223 MB)
Querying trie...
Done!
total time: 614.365346 ms, avg latency: 614.365346 ns
not implemented
3185.453816,7.499054,614.365346
[PASSED]
[time 4.29 s, user 4.16 s, sys 0.10 s, maxrss 166796 KB]
[busy 440 jiffies]
[exit 0]
--- c2 case 7 rec 0   load 0.84 0.94 0.96
[TEST ART]
Processing dataset...
Done!
Building trie...
Done!
build time: 132.110968 ms (132.110968 ns per key)
space cost: 33.565483 MB (208.607938% of original size 16.090223 MB)
Querying trie...
Done!
total time: 353.045423 ms, avg latency: 353.045423 ns
not implemented
132.110968,33.565483,353.045423
[PASSED]
[time 0.99 s, user 0.90 s, sys 0.08 s, maxrss 155972 KB]
[busy 105 jiffies]
[exit 0]
--- c2 case 8 rec 0   load 0.84 0.94 0.96
[TEST CART]
Processing dataset...
Done!
Building trie...
Done!
build time: 185.549794 ms (185.549794 ns per key)
space cost: 15.100161 MB (93.846806% of original size 16.090223 MB)
Querying trie...
Done!
total time: 425.413319 ms, avg latency: 425.413319 ns
not implemented
185.549794,15.100161,425.413319
[PASSED]
[time 1.13 s, user 1.03 s, sys 0.08 s, maxrss 147044 KB]
[busy 116 jiffies]
[exit 0]
--- xcdat 7   load 0.85 0.94 0.96
build time: 555.410224 ms
space cost: 11.666194 MiB (72.504860% of original size 16.090223 MiB)
avg latency: 222.462417 ns
555.410224,11.666194,222.462417
[time 1.28 s, user 1.18 s, sys 0.09 s, maxrss 147844 KB]
[busy 133 jiffies]
[exit 0]
--- xcdat 8   load 0.85 0.94 0.96
build time: 516.916992 ms
space cost: 11.129195 MiB (69.167438% of original size 16.090223 MiB)
avg latency: 216.766934 ns
516.916992,11.129195,216.766934
[time 1.24 s, user 1.15 s, sys 0.08 s, maxrss 148112 KB]
[busy 131 jiffies]
[exit 0]
--- xcdat 15   load 0.86 0.94 0.96
build time: 537.388029 ms
space cost: 12.949578 MiB (80.481035% of original size 16.090223 MiB)
avg latency: 194.802070 ns
537.388029,12.949578,194.802070
[time 1.25 s, user 1.15 s, sys 0.09 s, maxrss 148632 KB]
[busy 129 jiffies]
[exit 0]
--- xcdat 16   load 0.86 0.94 0.96
build time: 515.294143 ms
space cost: 13.463712 MiB (83.676351% of original size 16.090223 MiB)
avg latency: 202.301403 ns
515.294143,13.463712,202.301403
[time 1.23 s, user 1.12 s, sys 0.10 s, maxrss 149504 KB]
[busy 128 jiffies]
[exit 0]

##### urls-1000000 (1000000 lines, 53361181 bytes)   round 1/3   2026-09-26T03:43:33+03:00
--- lexindex dict32   load 0.87 0.94 0.97
1000000 keys
lexindex DictIndex block 32: build 352 ms, size 8.414 MiB (8.823 B/key), latency cold 422.7 ns, then mean 420.9 / min 419.5 ns
352.094,8.414411,422.743
[time 2.62 s, user 5.22 s, sys 0.49 s, maxrss 262976 KB]
[busy 585 jiffies]
[exit 0]
--- lexindex dict256   load 0.87 0.94 0.97
1000000 keys
lexindex DictIndex block 256: build 368 ms, size 7.163 MiB (7.511 B/key), latency cold 446.0 ns, then mean 442.6 / min 441.8 ns
368.001,7.163084,446.029
[time 2.72 s, user 5.38 s, sys 0.49 s, maxrss 252784 KB]
[busy 600 jiffies]
[exit 0]
--- lexindex dict1024   load 0.88 0.94 0.97
1000000 keys
lexindex DictIndex block 1024: build 396 ms, size 6.934 MiB (7.271 B/key), latency cold 507.3 ns, then mean 502.8 / min 501.6 ns
395.984,6.934203,507.262
[time 3.00 s, user 4.69 s, sys 0.42 s, maxrss 241440 KB]
[busy 522 jiffies]
[exit 0]
--- lexindex routed32   load 0.89 0.94 0.97
1000000 keys
lexindex DictIndex block 32 routed: build 359 ms, size 8.891 MiB (9.323 B/key), latency cold 408.3 ns, then mean 404.4 / min 391.7 ns
359.313,8.891248,408.294
[time 2.57 s, user 5.23 s, sys 0.46 s, maxrss 262716 KB]
[busy 585 jiffies]
[exit 0]
--- lexindex routed256   load 0.90 0.94 0.97
1000000 keys
lexindex DictIndex block 256 routed: build 366 ms, size 7.640 MiB (8.011 B/key), latency cold 380.5 ns, then mean 378.4 / min 376.4 ns
366.046,7.640013,380.523
[time 2.46 s, user 5.13 s, sys 0.48 s, maxrss 246636 KB]
[busy 575 jiffies]
[exit 0]
--- lexindex routed1024   load 0.90 0.94 0.97
1000000 keys
lexindex DictIndex block 1024 routed: build 398 ms, size 7.173 MiB (7.521 B/key), latency cold 405.7 ns, then mean 401.1 / min 400.2 ns
398.241,7.172729,405.675
[time 2.60 s, user 4.28 s, sys 0.42 s, maxrss 253012 KB]
[busy 485 jiffies]
[exit 0]
--- lexindex string   load 1.47 1.06 1.00
1000000 keys
lexindex StringIndex: build 1115 ms, size 16.099 MiB (16.881 B/key), latency cold 435.5 ns, then mean 428.2 / min 426.3 ns
1115.010,16.099341,435.467
[time 3.41 s, user 3.27 s, sys 0.12 s, maxrss 220580 KB]
[busy 350 jiffies]
[exit 0]
--- lexindex hashed0   load 1.51 1.08 1.01
1000000 keys
lexindex HashedDictIndex closed: build 482 ms, size 9.777 MiB (10.251 B/key), latency cold 59.0 ns, then mean 58.3 / min 57.9 ns
481.577,9.776591,58.997
[time 1.29 s, user 4.01 s, sys 0.50 s, maxrss 244696 KB]
[busy 462 jiffies]
[exit 0]
--- lexindex hashed8   load 1.51 1.08 1.01
1000000 keys
lexindex HashedDictIndex fp=8: build 481 ms, size 10.730 MiB (11.251 B/key), latency cold 71.2 ns, then mean 70.4 / min 70.3 ns
481.016,10.730266,71.236
[time 1.34 s, user 4.04 s, sys 0.48 s, maxrss 258456 KB]
[busy 461 jiffies]
[exit 0]
--- lexindex hashed16   load 1.47 1.08 1.01
1000000 keys
lexindex HashedDictIndex fp=16: build 475 ms, size 11.684 MiB (12.251 B/key), latency cold 72.6 ns, then mean 71.3 / min 71.1 ns
474.992,11.683940,72.557
[time 1.34 s, user 4.06 s, sys 0.49 s, maxrss 264572 KB]
[busy 466 jiffies]
[exit 0]
--- lexindex da   load 1.47 1.08 1.01
1000000 keys
lexindex DoubleArrayIndex refused: format error: double-array: the trie needs more than 8 388 608 slots; bases are 23 bits
Command exited with non-zero status 3
[time 2.73 s, user 2.33 s, sys 0.38 s, maxrss 508168 KB]
[busy 282 jiffies]
[exit 3]
--- c2 case 0 rec 0   load 1.43 1.07 1.01
[TEST C2-FST]
Processing dataset...
Done!
Building trie...
Done!
build time: 1221.401030 ms (1221.401030 ns per key)
space cost: 11.640069 MB (23.310202% of original size 49.935513 MB)
Querying trie...
Done!
total time: 828.485417 ms, avg latency: 828.485417 ns
topology: 1.074997 MB, link: 2.347375 MB, data: 8.217697 MB
--- Unary Path Analysis (FST, cutoff=4) ---
  shared unary steps in main trie: 711966
  terminal suffixes: inplace=143732 (avg len=2.14)  links=800966 (84.8% of terminal)
  link len: avg=13.15  max=596  total_chars=10531952
  link length distribution (len:count):  4:63058  5:62039  6:59659  7:54131  8:47449  9:44821  10:40952  11:37727  12:34320  13:30594  14:29226  15:26885  16:26206  17:21450  18:19914  19:21120  20:19131  21:16702  22:14529  23:13405  24:12440  25:10970  26:9615  27:8669  28:7752  29:7002  30:6267  31:5704  32:4931  33:4493  34:4087  35:3562  36:3323  37:3007  38:2533  39:2401  40:2145  41:1856  42:1793  43:1565  44:1379  45:1246  46:1005  47:985  48:849  49:826  50:642  51:609  52:482  53:442  54:385  55:389  56:339  57:263  58:263  59:238  60:228  61:217  62:184  63:166  64:151  65:119  66:125  67:156  68:131  69:105  70:94  71:74  72:74  73:77  74:67  75:66  76:74  77:39  78:49  79:44  80:45  81:42  82:48  83:36  84:31  85:34  86:39  87:18  88:23  89:15  90:18  91:31  92:24  93:20  94:16  95:16  96:16  97:12  98:16  99:14  100:17  101:16  102:2  103:18  104:4  105:3  106:10  107:11  108:9  109:19  110:13  111:7  112:6  113:5  114:3  115:8  116:5  117:6  118:7  119:10  120:11  121:9  122:10  123:8  124:9  125:7  126:5  127:7  128:18  129:5  130:4  131:10  132:3  133:4  134:4  135:4  136:3  137:4  139:2  140:3  141:2  142:2  143:4  144:7  145:1  146:5  147:5  148:1  149:4  150:4  152:1  153:6  154:3  155:1  156:2  157:1  158:1  159:1  161:2  162:1  163:2  164:1  165:1  166:1  167:3  168:3  170:1  174:1  177:2  180:3  182:2  183:1  184:2  188:1  189:3  190:1  191:1  192:1  193:1  194:1  195:2  199:1  202:2  204:2  206:1  207:1  209:2  211:1  213:1  215:2  219:1  220:1  222:1  224:1  225:1  226:1  229:1  233:1  236:1  238:2  240:1  241:1  246:1  247:1  249:1  252:1  254:1  256:1  260:1  264:1  271:1  311:1  337:1  383:1  506:1  597:1
1221.401030,11.640069,828.485417
[PASSED]
[time 2.84 s, user 2.65 s, sys 0.17 s, maxrss 231260 KB]
[busy 292 jiffies]
[exit 0]
--- c2 case 0 rec 1   load 1.40 1.07 1.01
[TEST C2-FST]
Processing dataset...
Done!
Building trie...
trie size: 3.124794 MB
Done!
build time: 1582.386532 ms (1582.386532 ns per key)
space cost: 9.773470 MB (19.572183% of original size 49.935513 MB)
Querying trie...
Done!
total time: 983.699227 ms, avg latency: 983.699227 ns
topology: 1.480076 MB, link: 2.557474 MB, data: 5.735920 MB
--- Unary Path Analysis (FST, cutoff=4) ---
  shared unary steps in main trie: 711966
  terminal suffixes: inplace=143732 (avg len=2.14)  links=800966 (84.8% of terminal)
  link len: avg=13.15  max=596  total_chars=10531952
  link length distribution (len:count):  4:63058  5:62039  6:59659  7:54131  8:47449  9:44821  10:40952  11:37727  12:34320  13:30594  14:29226  15:26885  16:26206  17:21450  18:19914  19:21120  20:19131  21:16702  22:14529  23:13405  24:12440  25:10970  26:9615  27:8669  28:7752  29:7002  30:6267  31:5704  32:4931  33:4493  34:4087  35:3562  36:3323  37:3007  38:2533  39:2401  40:2145  41:1856  42:1793  43:1565  44:1379  45:1246  46:1005  47:985  48:849  49:826  50:642  51:609  52:482  53:442  54:385  55:389  56:339  57:263  58:263  59:238  60:228  61:217  62:184  63:166  64:151  65:119  66:125  67:156  68:131  69:105  70:94  71:74  72:74  73:77  74:67  75:66  76:74  77:39  78:49  79:44  80:45  81:42  82:48  83:36  84:31  85:34  86:39  87:18  88:23  89:15  90:18  91:31  92:24  93:20  94:16  95:16  96:16  97:12  98:16  99:14  100:17  101:16  102:2  103:18  104:4  105:3  106:10  107:11  108:9  109:19  110:13  111:7  112:6  113:5  114:3  115:8  116:5  117:6  118:7  119:10  120:11  121:9  122:10  123:8  124:9  125:7  126:5  127:7  128:18  129:5  130:4  131:10  132:3  133:4  134:4  135:4  136:3  137:4  139:2  140:3  141:2  142:2  143:4  144:7  145:1  146:5  147:5  148:1  149:4  150:4  152:1  153:6  154:3  155:1  156:2  157:1  158:1  159:1  161:2  162:1  163:2  164:1  165:1  166:1  167:3  168:3  170:1  174:1  177:2  180:3  182:2  183:1  184:2  188:1  189:3  190:1  191:1  192:1  193:1  194:1  195:2  199:1  202:2  204:2  206:1  207:1  209:2  211:1  213:1  215:2  219:1  220:1  222:1  224:1  225:1  226:1  229:1  233:1  236:1  238:2  240:1  241:1  246:1  247:1  249:1  252:1  254:1  256:1  260:1  264:1  271:1  311:1  337:1  383:1  506:1  597:1
1582.386532,9.773470,983.699227
[PASSED]
[time 3.38 s, user 3.17 s, sys 0.19 s, maxrss 228108 KB]
[busy 346 jiffies]
[exit 0]
--- c2 case 0 rec 2   load 1.37 1.07 1.01
[TEST C2-FST]
Processing dataset...
Done!
Building trie...
trie size: 3.124794 MB
trie size: 0.926831 MB
Done!
build time: 1698.649691 ms (1698.649691 ns per key)
space cost: 9.773470 MB (19.572183% of original size 49.935513 MB)
Querying trie...
Done!
total time: 977.915939 ms, avg latency: 977.915939 ns
topology: 1.480076 MB, link: 2.557474 MB, data: 5.735920 MB
--- Unary Path Analysis (FST, cutoff=4) ---
  shared unary steps in main trie: 711966
  terminal suffixes: inplace=143732 (avg len=2.14)  links=800966 (84.8% of terminal)
  link len: avg=13.15  max=596  total_chars=10531952
  link length distribution (len:count):  4:63058  5:62039  6:59659  7:54131  8:47449  9:44821  10:40952  11:37727  12:34320  13:30594  14:29226  15:26885  16:26206  17:21450  18:19914  19:21120  20:19131  21:16702  22:14529  23:13405  24:12440  25:10970  26:9615  27:8669  28:7752  29:7002  30:6267  31:5704  32:4931  33:4493  34:4087  35:3562  36:3323  37:3007  38:2533  39:2401  40:2145  41:1856  42:1793  43:1565  44:1379  45:1246  46:1005  47:985  48:849  49:826  50:642  51:609  52:482  53:442  54:385  55:389  56:339  57:263  58:263  59:238  60:228  61:217  62:184  63:166  64:151  65:119  66:125  67:156  68:131  69:105  70:94  71:74  72:74  73:77  74:67  75:66  76:74  77:39  78:49  79:44  80:45  81:42  82:48  83:36  84:31  85:34  86:39  87:18  88:23  89:15  90:18  91:31  92:24  93:20  94:16  95:16  96:16  97:12  98:16  99:14  100:17  101:16  102:2  103:18  104:4  105:3  106:10  107:11  108:9  109:19  110:13  111:7  112:6  113:5  114:3  115:8  116:5  117:6  118:7  119:10  120:11  121:9  122:10  123:8  124:9  125:7  126:5  127:7  128:18  129:5  130:4  131:10  132:3  133:4  134:4  135:4  136:3  137:4  139:2  140:3  141:2  142:2  143:4  144:7  145:1  146:5  147:5  148:1  149:4  150:4  152:1  153:6  154:3  155:1  156:2  157:1  158:1  159:1  161:2  162:1  163:2  164:1  165:1  166:1  167:3  168:3  170:1  174:1  177:2  180:3  182:2  183:1  184:2  188:1  189:3  190:1  191:1  192:1  193:1  194:1  195:2  199:1  202:2  204:2  206:1  207:1  209:2  211:1  213:1  215:2  219:1  220:1  222:1  224:1  225:1  226:1  229:1  233:1  236:1  238:2  240:1  241:1  246:1  247:1  249:1  252:1  254:1  256:1  260:1  264:1  271:1  311:1  337:1  383:1  506:1  597:1
1698.649691,9.773470,977.915939
[PASSED]
[time 3.46 s, user 3.28 s, sys 0.16 s, maxrss 228164 KB]
[busy 355 jiffies]
[exit 0]
--- c2 case 1 rec 0   load 1.34 1.07 1.01
[TEST C2-CoCo(LOUDS-Sparse)]
Processing dataset...
Done!
Building trie...
Done!
build time: 2504.722262 ms (2504.722262 ns per key)
space cost: 12.005466 MB (24.041940% of original size 49.935513 MB)
Querying trie...
Done!
total time: 893.411568 ms, avg latency: 893.411568 ns
topology: 0.422745 MB, link: 3.209543 MB, data: 8.373178 MB
2504.722262,12.005466,893.411568
[PASSED]
[time 4.17 s, user 3.92 s, sys 0.23 s, maxrss 407816 KB]
[busy 431 jiffies]
[exit 0]
--- c2 case 1 rec 1   load 1.31 1.07 1.01
[TEST C2-CoCo(LOUDS-Sparse)]
Processing dataset...
Done!
Building trie...
trie size: 3.124794 MB
Done!
build time: 2833.115172 ms (2833.115172 ns per key)
space cost: 10.138867 MB (20.303920% of original size 49.935513 MB)
Querying trie...
Done!
total time: 1027.411186 ms, avg latency: 1027.411186 ns
topology: 0.827824 MB, link: 3.419642 MB, data: 5.891401 MB
2833.115172,10.138867,1027.411186
[PASSED]
[time 4.64 s, user 4.40 s, sys 0.22 s, maxrss 397860 KB]
[busy 479 jiffies]
[exit 0]
--- c2 case 1 rec 2   load 1.28 1.07 1.01
[TEST C2-CoCo(LOUDS-Sparse)]
Processing dataset...
Done!
Building trie...
trie size: 3.124794 MB
trie size: 0.926831 MB
Done!
build time: 2973.832141 ms (2973.832141 ns per key)
space cost: 10.138867 MB (20.303920% of original size 49.935513 MB)
Querying trie...
Done!
total time: 1026.703516 ms, avg latency: 1026.703516 ns
topology: 0.827824 MB, link: 3.419642 MB, data: 5.891401 MB
2973.832141,10.138867,1026.703516
[PASSED]
[time 4.86 s, user 4.59 s, sys 0.25 s, maxrss 398244 KB]
[busy 502 jiffies]
[exit 0]
--- c2 case 2 rec 0   load 1.26 1.07 1.01
[TEST C2-MARISA]
Processing dataset...
Done!
Building trie...
trie size: 2.244002 MB
Done!
build time: 1198.217566 ms (1198.217566 ns per key)
space cost: 10.960715 MB (21.949740% of original size 49.935513 MB)
Querying trie...
Done!
total time: 463.591589 ms, avg latency: 463.591589 ns
topology: 0.743214 MB, link: 2.809175 MB, data: 7.387818 MB
--- Unary Path Analysis (Marisa, cutoff=3) ---
  branches: 1527762  |  single-char: 409800 (26.8%)  short-unary: 94203 (6.2%)  links: 1023759 (67.0%)
  link len: avg=12.97  max=598  total_chars=13282609
  link length distribution (len:count):  3:78091  4:83418  5:77115  6:71727  7:67342  8:60401  9:52007  10:48612  11:43341  12:39688  13:35797  14:31899  15:30173  16:27648  17:26857  18:22212  19:20563  20:21642  21:19617  22:17114  23:14842  24:13684  25:12695  26:11175  27:9829  28:8848  29:7935  30:7132  31:6445  32:5847  33:5055  34:4589  35:4148  36:3637  37:3382  38:3086  39:2567  40:2441  41:2168  42:1886  43:1827  44:1585  45:1405  46:1260  47:1016  48:995  49:861  50:844  51:650  52:616  53:486  54:450  55:392  56:393  57:345  58:266  59:265  60:240  61:230  62:219  63:185  64:166  65:151  66:119  67:125  68:158  69:131  70:105  71:94  72:74  73:75  74:77  75:68  76:66  77:74  78:40  79:49  80:44  81:45  82:43  83:48  84:36  85:31  86:35  87:40  88:19  89:24  90:15  91:18  92:31  93:24  94:20  95:16  96:16  97:16  98:12  99:16  100:14  101:17  102:16  103:2  104:18  105:4  106:3  107:10  108:11  109:9  110:19  111:13  112:7  113:6  114:5  115:3  116:8  117:5  118:6  119:8  120:10  121:11  122:9  123:10  124:8  125:9  126:7  127:5  128:7  129:18  130:5  131:4  132:10  133:3  134:4  135:4  136:4  137:4  138:4  140:2  141:3  142:2  143:2  144:4  145:7  146:1  147:5  148:5  149:1  150:4  151:4  153:1  154:6  155:3  156:1  157:2  158:1  159:1  160:1  162:2  163:1  164:2  165:1  166:1  167:1  168:3  169:3  171:1  175:1  178:2  181:3  183:2  184:1  185:2  189:1  190:3  191:1  192:1  193:1  194:1  195:1  196:2  200:1  203:2  205:2  207:1  208:1  210:2  212:1  214:1  216:2  220:1  221:1  223:1  225:1  226:1  227:1  230:1  234:1  237:1  239:2  241:1  242:1  247:1  248:1  250:1  253:1  255:1  257:1  261:1  265:1  272:1  312:1  338:1  384:1  507:1  598:1
  short unary avg len: 2.00
1198.217566,10.960715,463.591589
[PASSED]
[time 2.45 s, user 2.27 s, sys 0.17 s, maxrss 246984 KB]
[busy 251 jiffies]
[exit 0]
--- c2 case 2 rec 1   load 1.24 1.06 1.01
[TEST C2-MARISA]
Processing dataset...
Done!
Building trie...
trie size: 2.244002 MB
trie size: 3.864603 MB
Done!
build time: 1613.724319 ms (1613.724319 ns per key)
space cost: 8.779989 MB (17.582655% of original size 49.935513 MB)
Querying trie...
Done!
total time: 616.721423 ms, avg latency: 616.721423 ns
topology: 1.217873 MB, link: 3.069385 MB, data: 4.472224 MB
--- Unary Path Analysis (Marisa, cutoff=3) ---
  branches: 1527762  |  single-char: 409800 (26.8%)  short-unary: 94203 (6.2%)  links: 1023759 (67.0%)
  link len: avg=12.97  max=598  total_chars=13282609
  link length distribution (len:count):  3:78091  4:83418  5:77115  6:71727  7:67342  8:60401  9:52007  10:48612  11:43341  12:39688  13:35797  14:31899  15:30173  16:27648  17:26857  18:22212  19:20563  20:21642  21:19617  22:17114  23:14842  24:13684  25:12695  26:11175  27:9829  28:8848  29:7935  30:7132  31:6445  32:5847  33:5055  34:4589  35:4148  36:3637  37:3382  38:3086  39:2567  40:2441  41:2168  42:1886  43:1827  44:1585  45:1405  46:1260  47:1016  48:995  49:861  50:844  51:650  52:616  53:486  54:450  55:392  56:393  57:345  58:266  59:265  60:240  61:230  62:219  63:185  64:166  65:151  66:119  67:125  68:158  69:131  70:105  71:94  72:74  73:75  74:77  75:68  76:66  77:74  78:40  79:49  80:44  81:45  82:43  83:48  84:36  85:31  86:35  87:40  88:19  89:24  90:15  91:18  92:31  93:24  94:20  95:16  96:16  97:16  98:12  99:16  100:14  101:17  102:16  103:2  104:18  105:4  106:3  107:10  108:11  109:9  110:19  111:13  112:7  113:6  114:5  115:3  116:8  117:5  118:6  119:8  120:10  121:11  122:9  123:10  124:8  125:9  126:7  127:5  128:7  129:18  130:5  131:4  132:10  133:3  134:4  135:4  136:4  137:4  138:4  140:2  141:3  142:2  143:2  144:4  145:7  146:1  147:5  148:5  149:1  150:4  151:4  153:1  154:6  155:3  156:1  157:2  158:1  159:1  160:1  162:2  163:1  164:2  165:1  166:1  167:1  168:3  169:3  171:1  175:1  178:2  181:3  183:2  184:1  185:2  189:1  190:3  191:1  192:1  193:1  194:1  195:1  196:2  200:1  203:2  205:2  207:1  208:1  210:2  212:1  214:1  216:2  220:1  221:1  223:1  225:1  226:1  227:1  230:1  234:1  237:1  239:2  241:1  242:1  247:1  248:1  250:1  253:1  255:1  257:1  261:1  265:1  272:1  312:1  338:1  384:1  507:1  598:1
  short unary avg len: 2.00
1613.724319,8.779989,616.721423
[PASSED]
[time 3.04 s, user 2.83 s, sys 0.18 s, maxrss 242056 KB]
[busy 312 jiffies]
[exit 0]
--- c2 case 2 rec 2   load 1.14 1.05 1.00
[TEST C2-MARISA]
Processing dataset...
Done!
Building trie...
trie size: 2.244002 MB
trie size: 3.864603 MB
trie size: 1.068947 MB
Done!
build time: 1746.188511 ms (1746.188511 ns per key)
space cost: 8.365690 MB (16.752987% of original size 49.935513 MB)
Querying trie...
Done!
total time: 694.806552 ms, avg latency: 694.806552 ns
topology: 1.410183 MB, link: 3.158367 MB, data: 3.776632 MB
--- Unary Path Analysis (Marisa, cutoff=3) ---
  branches: 1527762  |  single-char: 409800 (26.8%)  short-unary: 94203 (6.2%)  links: 1023759 (67.0%)
  link len: avg=12.97  max=598  total_chars=13282609
  link length distribution (len:count):  3:78091  4:83418  5:77115  6:71727  7:67342  8:60401  9:52007  10:48612  11:43341  12:39688  13:35797  14:31899  15:30173  16:27648  17:26857  18:22212  19:20563  20:21642  21:19617  22:17114  23:14842  24:13684  25:12695  26:11175  27:9829  28:8848  29:7935  30:7132  31:6445  32:5847  33:5055  34:4589  35:4148  36:3637  37:3382  38:3086  39:2567  40:2441  41:2168  42:1886  43:1827  44:1585  45:1405  46:1260  47:1016  48:995  49:861  50:844  51:650  52:616  53:486  54:450  55:392  56:393  57:345  58:266  59:265  60:240  61:230  62:219  63:185  64:166  65:151  66:119  67:125  68:158  69:131  70:105  71:94  72:74  73:75  74:77  75:68  76:66  77:74  78:40  79:49  80:44  81:45  82:43  83:48  84:36  85:31  86:35  87:40  88:19  89:24  90:15  91:18  92:31  93:24  94:20  95:16  96:16  97:16  98:12  99:16  100:14  101:17  102:16  103:2  104:18  105:4  106:3  107:10  108:11  109:9  110:19  111:13  112:7  113:6  114:5  115:3  116:8  117:5  118:6  119:8  120:10  121:11  122:9  123:10  124:8  125:9  126:7  127:5  128:7  129:18  130:5  131:4  132:10  133:3  134:4  135:4  136:4  137:4  138:4  140:2  141:3  142:2  143:2  144:4  145:7  146:1  147:5  148:5  149:1  150:4  151:4  153:1  154:6  155:3  156:1  157:2  158:1  159:1  160:1  162:2  163:1  164:2  165:1  166:1  167:1  168:3  169:3  171:1  175:1  178:2  181:3  183:2  184:1  185:2  189:1  190:3  191:1  192:1  193:1  194:1  195:1  196:2  200:1  203:2  205:2  207:1  208:1  210:2  212:1  214:1  216:2  220:1  221:1  223:1  225:1  226:1  227:1  230:1  234:1  237:1  239:2  241:1  242:1  247:1  248:1  250:1  253:1  255:1  257:1  261:1  265:1  272:1  312:1  338:1  384:1  507:1  598:1
  short unary avg len: 2.00
1746.188511,8.365690,694.806552
[PASSED]
[time 3.24 s, user 3.04 s, sys 0.19 s, maxrss 242288 KB]
[busy 333 jiffies]
[exit 0]
--- c2 case 3 rec 0   load 1.14 1.05 1.00
[TEST FST]
Processing dataset...
Done!
Building trie...
Done!
build time: 1427.266107 ms (1427.266107 ns per key)
space cost: 12.952020 MB (25.937492% of original size 49.935513 MB)
Querying trie...
Done!
total time: 1198.674564 ms, avg latency: 1198.674564 ns
not implemented
1427.266107,12.952020,1198.674564
[PASSED]
[time 3.44 s, user 3.29 s, sys 0.13 s, maxrss 215320 KB]
[busy 354 jiffies]
[exit 0]
--- c2 case 4 rec 0   load 1.13 1.04 1.00
[TEST COCO]
Processing dataset...
Done!
Building trie...
num nodes = 618926, average depth = 10.757375
ef = 0.000126, pa = 0.112513, bv = 0.000294, de = 0.664175
efr = 0.000805, par = 0.102747, bvr = 0.000005, der = 0.119336
Done!
build time: 30948.409159 ms (30948.409159 ns per key)
space cost: 17.219774 MB (34.484023% of original size 49.935513 MB)
Querying trie...
Done!
total time: 1344.459787 ms, avg latency: 1344.459787 ns
not implemented
30948.409159,17.219774,1344.459787
[PASSED]
[time 34.14 s, user 27.35 s, sys 6.65 s, maxrss 15529012 KB]
[busy 3511 jiffies]
[exit 0]
--- c2 case 5 rec 0   load 1.13 1.05 1.00
[TEST MARISA]
Processing dataset...
Done!
Building trie...
Done!
build time: 1019.256532 ms (1019.256532 ns per key)
space cost: 13.234698 MB (26.503579% of original size 49.935513 MB)
Querying trie...
Done!
total time: 581.867590 ms, avg latency: 581.867590 ns
not implemented
1019.256532,13.234698,581.867590
[PASSED]
[time 2.36 s, user 2.19 s, sys 0.15 s, maxrss 267964 KB]
[busy 243 jiffies]
[exit 0]
--- c2 case 5 rec 1   load 1.12 1.05 1.00
[TEST MARISA]
Processing dataset...
Done!
Building trie...
Done!
build time: 1209.001029 ms (1209.001029 ns per key)
space cost: 8.973619 MB (17.970414% of original size 49.935513 MB)
Querying trie...
Done!
total time: 894.917278 ms, avg latency: 894.917278 ns
not implemented
1209.001029,8.973619,894.917278
[PASSED]
[time 2.87 s, user 2.68 s, sys 0.18 s, maxrss 267900 KB]
[busy 296 jiffies]
[exit 0]
--- c2 case 5 rec 2   load 1.11 1.05 1.00
[TEST MARISA]
Processing dataset...
Done!
Building trie...
Done!
build time: 1251.626536 ms (1251.626536 ns per key)
space cost: 8.005336 MB (16.031348% of original size 49.935513 MB)
Querying trie...
Done!
total time: 1024.677158 ms, avg latency: 1024.677158 ns
not implemented
1251.626536,8.005336,1024.677158
[PASSED]
[time 3.05 s, user 2.88 s, sys 0.15 s, maxrss 268160 KB]
[busy 315 jiffies]
[exit 0]
--- c2 case 6 rec 0   load 1.02 1.04 1.00
[TEST PDT]
Processing dataset...
Done!
Building trie...
dict size: 156062, stream size: 7596722
Done!
build time: 3558.706039 ms (3558.706039 ns per key)
space cost: 8.669690 MB (17.361772% of original size 49.935513 MB)
Querying trie...
Done!
total time: 738.391503 ms, avg latency: 738.391503 ns
not implemented
3558.706039,8.669690,738.391503
[PASSED]
[time 5.08 s, user 4.87 s, sys 0.19 s, maxrss 299164 KB]
[busy 524 jiffies]
[exit 0]
--- c2 case 7 rec 0   load 1.02 1.03 1.00
[TEST ART]
Processing dataset...
Done!
Building trie...
Done!
build time: 316.737948 ms (316.737948 ns per key)
space cost: 32.934517 MB (65.954097% of original size 49.935513 MB)
Querying trie...
Done!
total time: 637.033662 ms, avg latency: 637.033662 ns
not implemented
316.737948,32.934517,637.033662
[PASSED]
[time 1.77 s, user 1.60 s, sys 0.16 s, maxrss 290952 KB]
[busy 186 jiffies]
[exit 0]
--- c2 case 8 rec 0   load 1.02 1.03 1.00
[TEST CART]
Processing dataset...
Done!
Building trie...
Done!
build time: 364.844154 ms (364.844154 ns per key)
space cost: 15.060642 MB (30.160183% of original size 49.935513 MB)
Querying trie...
Done!
total time: 657.809782 ms, avg latency: 657.809782 ns
not implemented
364.844154,15.060642,657.809782
[PASSED]
[time 1.84 s, user 1.68 s, sys 0.15 s, maxrss 278536 KB]
[busy 190 jiffies]
[exit 0]
--- xcdat 7   load 1.02 1.03 1.00
build time: 1176.694832 ms
space cost: 15.639350 MiB (31.319093% of original size 49.935513 MiB)
avg latency: 396.426510 ns
1176.694832,15.639350,396.426510
[time 2.38 s, user 2.21 s, sys 0.16 s, maxrss 231324 KB]
[busy 249 jiffies]
[exit 0]
--- xcdat 8   load 0.93 1.02 0.99
build time: 1136.663089 ms
space cost: 15.165496 MiB (30.370161% of original size 49.935513 MiB)
avg latency: 380.290970 ns
1136.663089,15.165496,380.290970
[time 2.31 s, user 2.16 s, sys 0.14 s, maxrss 231312 KB]
[busy 238 jiffies]
[exit 0]
--- xcdat 15   load 0.93 1.02 0.99
build time: 1177.700202 ms
space cost: 17.302892 MiB (34.650473% of original size 49.935513 MiB)
avg latency: 358.490225 ns
1177.700202,17.302892,358.490225
[time 2.33 s, user 2.15 s, sys 0.17 s, maxrss 231280 KB]
[busy 246 jiffies]
[exit 0]
--- xcdat 16   load 0.94 1.02 0.99
build time: 1140.385374 ms
space cost: 17.859698 MiB (35.765524% of original size 49.935513 MiB)
avg latency: 382.960697 ns
1140.385374,17.859698,382.960697
[time 2.33 s, user 2.16 s, sys 0.15 s, maxrss 231184 KB]
[busy 241 jiffies]
[exit 0]

##### uuid-1000000 (1000000 lines, 37000000 bytes)   round 1/3   2026-09-26T03:46:08+03:00
--- lexindex dict32   load 0.86 1.00 0.99
1000000 keys
lexindex DictIndex block 32: build 176 ms, size 17.741 MiB (18.603 B/key), latency cold 431.5 ns, then mean 427.5 / min 426.8 ns
175.896,17.741351,431.477
[time 2.38 s, user 3.25 s, sys 0.40 s, maxrss 246228 KB]
[busy 379 jiffies]
[exit 0]
--- lexindex dict256   load 0.86 1.00 0.99
1000000 keys
lexindex DictIndex block 256: build 179 ms, size 17.205 MiB (18.040 B/key), latency cold 409.9 ns, then mean 408.4 / min 408.1 ns
178.992,17.204642,409.875
[time 2.30 s, user 3.19 s, sys 0.38 s, maxrss 222060 KB]
[busy 367 jiffies]
[exit 0]
--- lexindex dict1024   load 0.87 1.00 0.99
1000000 keys
lexindex DictIndex block 1024: build 172 ms, size 17.065 MiB (17.894 B/key), latency cold 436.1 ns, then mean 436.2 / min 433.9 ns
172.045,17.064983,436.140
[time 2.40 s, user 2.87 s, sys 0.22 s, maxrss 236756 KB]
[busy 322 jiffies]
[exit 0]
--- lexindex routed32   load 0.80 0.98 0.98
1000000 keys
lexindex DictIndex block 32 routed: build 181 ms, size 18.218 MiB (19.103 B/key), latency cold 383.6 ns, then mean 382.7 / min 378.9 ns
180.981,18.218188,383.581
[time 2.20 s, user 3.12 s, sys 0.39 s, maxrss 247400 KB]
[busy 357 jiffies]
[exit 0]
--- lexindex routed256   load 0.80 0.98 0.98
1000000 keys
lexindex DictIndex block 256 routed: build 181 ms, size 17.682 MiB (18.540 B/key), latency cold 355.7 ns, then mean 355.3 / min 352.9 ns
180.747,17.681571,355.750
[time 2.09 s, user 3.01 s, sys 0.39 s, maxrss 223928 KB]
[busy 351 jiffies]
[exit 0]
--- lexindex routed1024   load 0.82 0.98 0.98
1000000 keys
lexindex DictIndex block 1024 routed: build 174 ms, size 17.304 MiB (18.144 B/key), latency cold 364.5 ns, then mean 361.9 / min 360.6 ns
174.105,17.303509,364.541
[time 2.13 s, user 2.62 s, sys 0.20 s, maxrss 245416 KB]
[busy 290 jiffies]
[exit 0]
--- lexindex string   load 0.75 0.97 0.98
1000000 keys
lexindex StringIndex: build 2390 ms, size 35.389 MiB (37.108 B/key), latency cold 433.8 ns, then mean 433.9 / min 431.5 ns
2389.878,35.389391,433.774
[time 4.60 s, user 4.48 s, sys 0.10 s, maxrss 199788 KB]
[busy 473 jiffies]
[exit 0]
--- lexindex hashed0   load 0.77 0.97 0.98
1000000 keys
lexindex HashedDictIndex closed: build 284 ms, size 19.818 MiB (20.781 B/key), latency cold 57.4 ns, then mean 55.8 / min 55.3 ns
283.643,19.818487,57.427
[time 0.99 s, user 1.94 s, sys 0.41 s, maxrss 223500 KB]
[busy 243 jiffies]
[exit 0]
--- lexindex hashed8   load 0.77 0.97 0.98
1000000 keys
lexindex HashedDictIndex fp=8: build 284 ms, size 20.772 MiB (21.781 B/key), latency cold 67.9 ns, then mean 66.5 / min 66.3 ns
283.500,20.772161,67.909
[time 1.03 s, user 2.00 s, sys 0.38 s, maxrss 224336 KB]
[busy 246 jiffies]
[exit 0]
--- lexindex hashed16   load 0.71 0.95 0.97
1000000 keys
lexindex HashedDictIndex fp=16: build 283 ms, size 21.726 MiB (22.781 B/key), latency cold 69.5 ns, then mean 68.0 / min 67.6 ns
283.250,21.725836,69.475
[time 1.04 s, user 2.00 s, sys 0.37 s, maxrss 224508 KB]
[busy 245 jiffies]
[exit 0]
--- lexindex da   load 0.71 0.95 0.97
1000000 keys
lexindex DoubleArrayIndex refused: format error: double-array: the trie needs more than 8 388 608 slots; bases are 23 bits
Command exited with non-zero status 3
[time 2.52 s, user 1.96 s, sys 0.54 s, maxrss 840076 KB]
[busy 260 jiffies]
[exit 3]
--- c2 case 0 rec 0   load 0.74 0.95 0.97
[TEST C2-FST]
Processing dataset...
Done!
Building trie...
Done!
build time: 1123.869192 ms (1123.869192 ns per key)
space cost: 22.510774 MB (65.567381% of original size 34.332275 MB)
Querying trie...
Done!
total time: 442.152520 ms, avg latency: 442.152520 ns
topology: 0.773712 MB, link: 3.131501 MB, data: 18.605560 MB
--- Unary Path Analysis (FST, cutoff=4) ---
  shared unary steps in main trie: 13682
  terminal suffixes: inplace=0 (avg len=0.00)  links=1000000 (100.0% of terminal)
  link len: avg=29.32  max=30  total_chars=29323284
  link length distribution (len:count):  24:2  25:10  26:206  28:3376  29:54458  30:556568  31:385380
1123.869192,22.510774,442.152520
[PASSED]
[time 2.26 s, user 2.08 s, sys 0.16 s, maxrss 312188 KB]
[busy 233 jiffies]
[exit 0]
--- c2 case 0 rec 1   load 0.74 0.95 0.97
[TEST C2-FST]
Processing dataset...
Done!
Building trie...
trie size: 4.445807 MB
Done!
build time: 2060.498476 ms (2060.498476 ns per key)
space cost: 22.510774 MB (65.567381% of original size 34.332275 MB)
Querying trie...
Done!
total time: 440.108609 ms, avg latency: 440.108609 ns
topology: 0.773712 MB, link: 3.131501 MB, data: 18.605560 MB
--- Unary Path Analysis (FST, cutoff=4) ---
  shared unary steps in main trie: 13682
  terminal suffixes: inplace=0 (avg len=0.00)  links=1000000 (100.0% of terminal)
  link len: avg=29.32  max=30  total_chars=29323284
  link length distribution (len:count):  24:2  25:10  26:206  28:3376  29:54458  30:556568  31:385380
2060.498476,22.510774,440.108609
[PASSED]
[time 3.19 s, user 2.97 s, sys 0.20 s, maxrss 361676 KB]
[busy 332 jiffies]
[exit 0]
--- c2 case 0 rec 2   load 0.76 0.95 0.97
[TEST C2-FST]
Processing dataset...
Done!
Building trie...
trie size: 4.445807 MB
Done!
build time: 2061.715283 ms (2061.715283 ns per key)
space cost: 22.510774 MB (65.567381% of original size 34.332275 MB)
Querying trie...
Done!
total time: 439.720460 ms, avg latency: 439.720460 ns
topology: 0.773712 MB, link: 3.131501 MB, data: 18.605560 MB
--- Unary Path Analysis (FST, cutoff=4) ---
  shared unary steps in main trie: 13682
  terminal suffixes: inplace=0 (avg len=0.00)  links=1000000 (100.0% of terminal)
  link len: avg=29.32  max=30  total_chars=29323284
  link length distribution (len:count):  24:2  25:10  26:206  28:3376  29:54458  30:556568  31:385380
2061.715283,22.510774,439.720460
[PASSED]
[time 3.19 s, user 2.99 s, sys 0.18 s, maxrss 361920 KB]
[busy 329 jiffies]
[exit 0]
--- c2 case 1 rec 0   load 0.78 0.95 0.97
[TEST C2-CoCo(LOUDS-Sparse)]
Processing dataset...
Done!
Building trie...
Done!
build time: 1476.329258 ms (1476.329258 ns per key)
space cost: 21.333610 MB (62.138642% of original size 34.332275 MB)
Querying trie...
Done!
total time: 507.778400 ms, avg latency: 507.778400 ns
topology: 0.346375 MB, link: 3.293192 MB, data: 17.694043 MB
1476.329258,21.333610,507.778400
[PASSED]
[time 2.67 s, user 2.42 s, sys 0.23 s, maxrss 431256 KB]
[busy 278 jiffies]
[exit 0]
--- c2 case 1 rec 1   load 0.79 0.95 0.97
[TEST C2-CoCo(LOUDS-Sparse)]
Processing dataset...
Done!
Building trie...
trie size: 4.445807 MB
Done!
build time: 2419.219798 ms (2419.219798 ns per key)
space cost: 21.333610 MB (62.138642% of original size 34.332275 MB)
Querying trie...
Done!
total time: 506.159648 ms, avg latency: 506.159648 ns
topology: 0.346375 MB, link: 3.293192 MB, data: 17.694043 MB
2419.219798,21.333610,506.159648
[PASSED]
[time 3.62 s, user 3.35 s, sys 0.25 s, maxrss 475080 KB]
[busy 377 jiffies]
[exit 0]
--- c2 case 1 rec 2   load 0.73 0.94 0.97
[TEST C2-CoCo(LOUDS-Sparse)]
Processing dataset...
Done!
Building trie...
trie size: 4.445807 MB
Done!
build time: 2412.664130 ms (2412.664130 ns per key)
space cost: 21.333610 MB (62.138642% of original size 34.332275 MB)
Querying trie...
Done!
total time: 501.981917 ms, avg latency: 501.981917 ns
topology: 0.346375 MB, link: 3.293192 MB, data: 17.694043 MB
2412.664130,21.333610,501.981917
[PASSED]
[time 3.61 s, user 3.35 s, sys 0.24 s, maxrss 474956 KB]
[busy 370 jiffies]
[exit 0]
--- c2 case 2 rec 0   load 0.67 0.92 0.96
[TEST C2-MARISA]
Processing dataset...
Done!
Building trie...
trie size: 1.966455 MB
Done!
build time: 1046.927889 ms (1046.927889 ns per key)
space cost: 21.883573 MB (63.740525% of original size 34.332275 MB)
Querying trie...
Done!
total time: 367.592663 ms, avg latency: 367.592663 ns
topology: 0.650684 MB, link: 2.984713 MB, data: 18.227668 MB
--- Unary Path Analysis (Marisa, cutoff=3) ---
  branches: 1358149  |  single-char: 345387 (25.4%)  short-unary: 12003 (0.9%)  links: 1000759 (73.7%)
  link len: avg=31.30  max=32  total_chars=31325722
  link length distribution (len:count):  3:655  4:51  5:49  6:4  25:2  26:10  27:206  29:3376  30:54458  31:556568  32:385380
  short unary avg len: 2.00
1046.927889,21.883573,367.592663
[PASSED]
[time 2.10 s, user 1.92 s, sys 0.17 s, maxrss 313372 KB]
[busy 218 jiffies]
[exit 0]
--- c2 case 2 rec 1   load 0.67 0.92 0.96
[TEST C2-MARISA]
Processing dataset...
Done!
Building trie...
trie size: 1.966455 MB
trie size: 4.448333 MB
Done!
build time: 1973.972042 ms (1973.972042 ns per key)
space cost: 21.883573 MB (63.740525% of original size 34.332275 MB)
Querying trie...
Done!
total time: 370.045362 ms, avg latency: 370.045362 ns
topology: 0.650684 MB, link: 2.984713 MB, data: 18.227668 MB
--- Unary Path Analysis (Marisa, cutoff=3) ---
  branches: 1358149  |  single-char: 345387 (25.4%)  short-unary: 12003 (0.9%)  links: 1000759 (73.7%)
  link len: avg=31.30  max=32  total_chars=31325722
  link length distribution (len:count):  3:655  4:51  5:49  6:4  25:2  26:10  27:206  29:3376  30:54458  31:556568  32:385380
  short unary avg len: 2.00
1973.972042,21.883573,370.045362
[PASSED]
[time 3.04 s, user 2.84 s, sys 0.18 s, maxrss 361876 KB]
[busy 315 jiffies]
[exit 0]
--- c2 case 2 rec 2   load 0.70 0.92 0.96
[TEST C2-MARISA]
Processing dataset...
Done!
Building trie...
trie size: 1.966455 MB
trie size: 4.448333 MB
Done!
build time: 1974.769100 ms (1974.769100 ns per key)
space cost: 21.883573 MB (63.740525% of original size 34.332275 MB)
Querying trie...
Done!
total time: 371.143917 ms, avg latency: 371.143917 ns
topology: 0.650684 MB, link: 2.984713 MB, data: 18.227668 MB
--- Unary Path Analysis (Marisa, cutoff=3) ---
  branches: 1358149  |  single-char: 345387 (25.4%)  short-unary: 12003 (0.9%)  links: 1000759 (73.7%)
  link len: avg=31.30  max=32  total_chars=31325722
  link length distribution (len:count):  3:655  4:51  5:49  6:4  25:2  26:10  27:206  29:3376  30:54458  31:556568  32:385380
  short unary avg len: 2.00
1974.769100,21.883573,371.143917
[PASSED]
[time 3.04 s, user 2.82 s, sys 0.20 s, maxrss 361884 KB]
[busy 313 jiffies]
[exit 0]
--- c2 case 3 rec 0   load 0.72 0.93 0.96
[TEST FST]
Processing dataset...
Done!
Building trie...
Done!
build time: 836.225553 ms (836.225553 ns per key)
space cost: 34.505507 MB (100.504572% of original size 34.332275 MB)
Querying trie...
Done!
total time: 453.673700 ms, avg latency: 453.673700 ns
not implemented
836.225553,34.505507,453.673700
[PASSED]
[time 1.99 s, user 1.85 s, sys 0.12 s, maxrss 207888 KB]
[busy 204 jiffies]
[exit 0]
--- c2 case 4 rec 0   load 0.72 0.93 0.96
terminate called after throwing an instance of 'std::bad_alloc'
  what():  std::bad_alloc
timeout: the monitored command dumped core
Command terminated by signal 6
[time 41.75 s, user 29.64 s, sys 11.85 s, maxrss 27995072 KB]
[busy 4545 jiffies]
[exit 134]
--- c2 case 5 rec 0   load 1.03 0.97 0.98
[TEST MARISA]
Processing dataset...
Done!
Building trie...
Done!
build time: 679.174594 ms (679.174594 ns per key)
space cost: 34.975940 MB (101.874808% of original size 34.332275 MB)
Querying trie...
Done!
total time: 528.266639 ms, avg latency: 528.266639 ns
not implemented
679.174594,34.975940,528.266639
[PASSED]
[time 1.91 s, user 1.72 s, sys 0.18 s, maxrss 282564 KB]
[busy 198 jiffies]
[exit 0]
--- c2 case 5 rec 1   load 0.95 0.96 0.97
[TEST MARISA]
Processing dataset...
Done!
Building trie...
Done!
build time: 1052.180440 ms (1052.180440 ns per key)
space cost: 33.974524 MB (98.957975% of original size 34.332275 MB)
Querying trie...
Done!
total time: 808.281653 ms, avg latency: 808.281653 ns
not implemented
1052.180440,33.974524,808.281653
[PASSED]
[time 2.55 s, user 2.38 s, sys 0.16 s, maxrss 251764 KB]
[busy 269 jiffies]
[exit 0]
--- c2 case 5 rec 2   load 0.95 0.96 0.97
[TEST MARISA]
Processing dataset...
Done!
Building trie...
Done!
build time: 1331.887213 ms (1331.887213 ns per key)
space cost: 32.972683 MB (96.039900% of original size 34.332275 MB)
Querying trie...
Done!
total time: 1142.863124 ms, avg latency: 1142.863124 ns
not implemented
1331.887213,32.972683,1142.863124
[PASSED]
[time 3.17 s, user 2.96 s, sys 0.19 s, maxrss 272956 KB]
[busy 331 jiffies]
[exit 0]
--- c2 case 6 rec 0   load 0.95 0.96 0.97
[TEST PDT]
Processing dataset...
Done!
Building trie...
dict size: 166618, stream size: 19935113
Done!
build time: 16759.197924 ms (16759.197924 ns per key)
space cost: 20.446564 MB (59.554933% of original size 34.332275 MB)
Querying trie...
Done!
total time: 731.858163 ms, avg latency: 731.858163 ns
not implemented
16759.197924,20.446564,731.858163
[PASSED]
[time 18.20 s, user 17.69 s, sys 0.44 s, maxrss 648564 KB]
[busy 1875 jiffies]
[exit 0]
--- c2 case 7 rec 0   load 0.97 0.96 0.98
[TEST ART]
Processing dataset...
Done!
Building trie...
Done!
build time: 190.919422 ms (190.919422 ns per key)
space cost: 25.565071 MB (74.463667% of original size 34.332275 MB)
Querying trie...
Done!
total time: 370.943810 ms, avg latency: 370.943810 ns
not implemented
190.919422,25.565071,370.943810
[PASSED]
[time 1.29 s, user 1.16 s, sys 0.11 s, maxrss 225232 KB]
[busy 134 jiffies]
[exit 0]
--- c2 case 8 rec 0   load 0.97 0.96 0.98
[TEST CART]
Processing dataset...
Done!
Building trie...
Done!
build time: 222.865742 ms (222.865742 ns per key)
space cost: 12.300360 MB (35.827394% of original size 34.332275 MB)
Querying trie...
Done!
total time: 380.322844 ms, avg latency: 380.322844 ns
not implemented
222.865742,12.300360,380.322844
[PASSED]
[time 1.33 s, user 1.20 s, sys 0.12 s, maxrss 214856 KB]
[busy 137 jiffies]
[exit 0]
--- xcdat 7   load 0.97 0.96 0.98
build time: 870.935678 ms
space cost: 36.820305 MiB (107.246911% of original size 34.332275 MiB)
avg latency: 352.374988 ns
870.935678,36.820305,352.374988
[time 1.93 s, user 1.78 s, sys 0.14 s, maxrss 231544 KB]
[busy 202 jiffies]
[exit 0]
--- xcdat 8   load 0.89 0.95 0.97
build time: 793.595616 ms
space cost: 36.200803 MiB (105.442481% of original size 34.332275 MiB)
avg latency: 347.548117 ns
793.595616,36.200803,347.548117
[time 1.84 s, user 1.67 s, sys 0.15 s, maxrss 230864 KB]
[busy 189 jiffies]
[exit 0]
--- xcdat 15   load 0.89 0.95 0.97
build time: 813.598675 ms
space cost: 37.074831 MiB (107.988272% of original size 34.332275 MiB)
avg latency: 340.117463 ns
813.598675,37.074831,340.117463
[time 1.86 s, user 1.70 s, sys 0.15 s, maxrss 231016 KB]
[busy 197 jiffies]
[exit 0]
--- xcdat 16   load 0.82 0.93 0.97
build time: 795.649565 ms
space cost: 37.473558 MiB (109.149650% of original size 34.332275 MiB)
avg latency: 341.762955 ns
795.649565,37.473558,341.762955
[time 1.83 s, user 1.68 s, sys 0.14 s, maxrss 230808 KB]
[busy 188 jiffies]
[exit 0]

##### uuid-1000000 (1000000 lines, 37000000 bytes)   round 2/3   2026-09-26T03:48:51+03:00
--- xcdat 16   load 0.82 0.93 0.97
build time: 798.502537 ms
space cost: 37.473558 MiB (109.149650% of original size 34.332275 MiB)
avg latency: 343.325402 ns
798.502537,37.473558,343.325402
[time 1.84 s, user 1.68 s, sys 0.14 s, maxrss 230944 KB]
[busy 192 jiffies]
[exit 0]
--- xcdat 15   load 0.83 0.93 0.97
build time: 813.293391 ms
space cost: 37.074831 MiB (107.988272% of original size 34.332275 MiB)
avg latency: 338.890678 ns
813.293391,37.074831,338.890678
[time 1.86 s, user 1.71 s, sys 0.13 s, maxrss 231184 KB]
[busy 191 jiffies]
[exit 0]
--- xcdat 8   load 0.83 0.93 0.97
build time: 798.707853 ms
space cost: 36.200803 MiB (105.442481% of original size 34.332275 MiB)
avg latency: 347.273160 ns
798.707853,36.200803,347.273160
[time 1.85 s, user 1.71 s, sys 0.13 s, maxrss 231096 KB]
[busy 193 jiffies]
[exit 0]
--- xcdat 7   load 0.85 0.93 0.97
build time: 869.354357 ms
space cost: 36.820305 MiB (107.246911% of original size 34.332275 MiB)
avg latency: 352.512274 ns
869.354357,36.820305,352.512274
[time 1.93 s, user 1.77 s, sys 0.15 s, maxrss 231344 KB]
[busy 201 jiffies]
[exit 0]
--- c2 case 8 rec 0   load 0.78 0.92 0.96
[TEST CART]
Processing dataset...
Done!
Building trie...
Done!
build time: 222.261777 ms (222.261777 ns per key)
space cost: 12.300360 MB (35.827394% of original size 34.332275 MB)
Querying trie...
Done!
total time: 370.356176 ms, avg latency: 370.356176 ns
not implemented
222.261777,12.300360,370.356176
[PASSED]
[time 1.30 s, user 1.18 s, sys 0.11 s, maxrss 214304 KB]
[busy 135 jiffies]
[exit 0]
--- c2 case 7 rec 0   load 0.78 0.92 0.96
[TEST ART]
Processing dataset...
Done!
Building trie...
Done!
build time: 188.119119 ms (188.119119 ns per key)
space cost: 25.565071 MB (74.463667% of original size 34.332275 MB)
Querying trie...
Done!
total time: 373.557672 ms, avg latency: 373.557672 ns
not implemented
188.119119,25.565071,373.557672
[PASSED]
[time 1.28 s, user 1.16 s, sys 0.11 s, maxrss 225220 KB]
[busy 132 jiffies]
[exit 0]
--- c2 case 6 rec 0   load 0.78 0.92 0.96
[TEST PDT]
Processing dataset...
Done!
Building trie...
dict size: 166618, stream size: 19935113
Done!
build time: 16716.597591 ms (16716.597591 ns per key)
space cost: 20.446564 MB (59.554933% of original size 34.332275 MB)
Querying trie...
Done!
total time: 728.068763 ms, avg latency: 728.068763 ns
not implemented
16716.597591,20.446564,728.068763
[PASSED]
[time 18.15 s, user 17.64 s, sys 0.43 s, maxrss 648612 KB]
[busy 1863 jiffies]
[exit 0]
--- c2 case 5 rec 2   load 0.84 0.92 0.96
[TEST MARISA]
Processing dataset...
Done!
Building trie...
Done!
build time: 1337.404692 ms (1337.404692 ns per key)
space cost: 32.972683 MB (96.039900% of original size 34.332275 MB)
Querying trie...
Done!
total time: 1128.903632 ms, avg latency: 1128.903632 ns
not implemented
1337.404692,32.972683,1128.903632
[PASSED]
[time 3.15 s, user 2.96 s, sys 0.18 s, maxrss 273036 KB]
[busy 325 jiffies]
[exit 0]
--- c2 case 5 rec 1   load 0.86 0.92 0.96
[TEST MARISA]
Processing dataset...
Done!
Building trie...
Done!
build time: 1052.577266 ms (1052.577266 ns per key)
space cost: 33.974524 MB (98.957975% of original size 34.332275 MB)
Querying trie...
Done!
total time: 804.484888 ms, avg latency: 804.484888 ns
not implemented
1052.577266,33.974524,804.484888
[PASSED]
[time 2.55 s, user 2.37 s, sys 0.16 s, maxrss 252024 KB]
[busy 262 jiffies]
[exit 0]
--- c2 case 5 rec 0   load 0.87 0.93 0.97
[TEST MARISA]
Processing dataset...
Done!
Building trie...
Done!
build time: 678.984688 ms (678.984688 ns per key)
space cost: 34.975940 MB (101.874808% of original size 34.332275 MB)
Querying trie...
Done!
total time: 527.548180 ms, avg latency: 527.548180 ns
not implemented
678.984688,34.975940,527.548180
[PASSED]
[time 1.91 s, user 1.72 s, sys 0.18 s, maxrss 282296 KB]
[busy 196 jiffies]
[exit 0]
--- c2 case 4 rec 0   skipped: exit 134 in round 1
--- c2 case 3 rec 0   load 0.87 0.93 0.97
[TEST FST]
Processing dataset...
Done!
Building trie...
Done!
build time: 839.445905 ms (839.445905 ns per key)
space cost: 34.505507 MB (100.504572% of original size 34.332275 MB)
Querying trie...
Done!
total time: 461.472876 ms, avg latency: 461.472876 ns
not implemented
839.445905,34.505507,461.472876
[PASSED]
[time 2.01 s, user 1.87 s, sys 0.13 s, maxrss 207788 KB]
[busy 209 jiffies]
[exit 0]
--- c2 case 2 rec 2   load 0.88 0.93 0.97
[TEST C2-MARISA]
Processing dataset...
Done!
Building trie...
trie size: 1.966455 MB
trie size: 4.448333 MB
Done!
build time: 1979.879322 ms (1979.879322 ns per key)
space cost: 21.883573 MB (63.740525% of original size 34.332275 MB)
Querying trie...
Done!
total time: 365.665432 ms, avg latency: 365.665432 ns
topology: 0.650684 MB, link: 2.984713 MB, data: 18.227668 MB
--- Unary Path Analysis (Marisa, cutoff=3) ---
  branches: 1358149  |  single-char: 345387 (25.4%)  short-unary: 12003 (0.9%)  links: 1000759 (73.7%)
  link len: avg=31.30  max=32  total_chars=31325722
  link length distribution (len:count):  3:655  4:51  5:49  6:4  25:2  26:10  27:206  29:3376  30:54458  31:556568  32:385380
  short unary avg len: 2.00
1979.879322,21.883573,365.665432
[PASSED]
[time 3.05 s, user 2.83 s, sys 0.20 s, maxrss 361700 KB]
[busy 315 jiffies]
[exit 0]
--- c2 case 2 rec 1   load 0.89 0.93 0.97
[TEST C2-MARISA]
Processing dataset...
Done!
Building trie...
trie size: 1.966455 MB
trie size: 4.448333 MB
Done!
build time: 1971.573965 ms (1971.573965 ns per key)
space cost: 21.883573 MB (63.740525% of original size 34.332275 MB)
Querying trie...
Done!
total time: 367.347612 ms, avg latency: 367.347612 ns
topology: 0.650684 MB, link: 2.984713 MB, data: 18.227668 MB
--- Unary Path Analysis (Marisa, cutoff=3) ---
  branches: 1358149  |  single-char: 345387 (25.4%)  short-unary: 12003 (0.9%)  links: 1000759 (73.7%)
  link len: avg=31.30  max=32  total_chars=31325722
  link length distribution (len:count):  3:655  4:51  5:49  6:4  25:2  26:10  27:206  29:3376  30:54458  31:556568  32:385380
  short unary avg len: 2.00
1971.573965,21.883573,367.347612
[PASSED]
[time 3.04 s, user 2.82 s, sys 0.20 s, maxrss 361880 KB]
[busy 315 jiffies]
[exit 0]
--- c2 case 2 rec 0   load 0.82 0.91 0.96
[TEST C2-MARISA]
Processing dataset...
Done!
Building trie...
trie size: 1.966455 MB
Done!
build time: 1038.188216 ms (1038.188216 ns per key)
space cost: 21.883573 MB (63.740525% of original size 34.332275 MB)
Querying trie...
Done!
total time: 369.404608 ms, avg latency: 369.404608 ns
topology: 0.650684 MB, link: 2.984713 MB, data: 18.227668 MB
--- Unary Path Analysis (Marisa, cutoff=3) ---
  branches: 1358149  |  single-char: 345387 (25.4%)  short-unary: 12003 (0.9%)  links: 1000759 (73.7%)
  link len: avg=31.30  max=32  total_chars=31325722
  link length distribution (len:count):  3:655  4:51  5:49  6:4  25:2  26:10  27:206  29:3376  30:54458  31:556568  32:385380
  short unary avg len: 2.00
1038.188216,21.883573,369.404608
[PASSED]
[time 2.10 s, user 1.92 s, sys 0.16 s, maxrss 313332 KB]
[busy 217 jiffies]
[exit 0]
--- c2 case 1 rec 2   load 0.82 0.91 0.96
[TEST C2-CoCo(LOUDS-Sparse)]
Processing dataset...
Done!
Building trie...
trie size: 4.445807 MB
Done!
build time: 2421.045690 ms (2421.045690 ns per key)
space cost: 21.333610 MB (62.138642% of original size 34.332275 MB)
Querying trie...
Done!
total time: 495.870674 ms, avg latency: 495.870674 ns
topology: 0.346375 MB, link: 3.293192 MB, data: 17.694043 MB
2421.045690,21.333610,495.870674
[PASSED]
[time 3.61 s, user 3.36 s, sys 0.23 s, maxrss 475060 KB]
[busy 374 jiffies]
[exit 0]
--- c2 case 1 rec 1   load 0.83 0.91 0.96
[TEST C2-CoCo(LOUDS-Sparse)]
Processing dataset...
Done!
Building trie...
trie size: 4.445807 MB
Done!
build time: 2435.892208 ms (2435.892208 ns per key)
space cost: 21.333610 MB (62.138642% of original size 34.332275 MB)
Querying trie...
Done!
total time: 497.894617 ms, avg latency: 497.894617 ns
topology: 0.346375 MB, link: 3.293192 MB, data: 17.694043 MB
2435.892208,21.333610,497.894617
[PASSED]
[time 3.64 s, user 3.37 s, sys 0.25 s, maxrss 475020 KB]
[busy 376 jiffies]
[exit 0]
--- c2 case 1 rec 0   load 0.85 0.92 0.96
[TEST C2-CoCo(LOUDS-Sparse)]
Processing dataset...
Done!
Building trie...
Done!
build time: 1482.468965 ms (1482.468965 ns per key)
space cost: 21.333610 MB (62.138642% of original size 34.332275 MB)
Querying trie...
Done!
total time: 505.364042 ms, avg latency: 505.364042 ns
topology: 0.346375 MB, link: 3.293192 MB, data: 17.694043 MB
1482.468965,21.333610,505.364042
[PASSED]
[time 2.67 s, user 2.44 s, sys 0.22 s, maxrss 431220 KB]
[busy 278 jiffies]
[exit 0]
--- c2 case 0 rec 2   load 0.86 0.92 0.96
[TEST C2-FST]
Processing dataset...
Done!
Building trie...
trie size: 4.445807 MB
Done!
build time: 2068.037653 ms (2068.037653 ns per key)
space cost: 22.510774 MB (65.567381% of original size 34.332275 MB)
Querying trie...
Done!
total time: 448.121727 ms, avg latency: 448.121727 ns
topology: 0.773712 MB, link: 3.131501 MB, data: 18.605560 MB
--- Unary Path Analysis (FST, cutoff=4) ---
  shared unary steps in main trie: 13682
  terminal suffixes: inplace=0 (avg len=0.00)  links=1000000 (100.0% of terminal)
  link len: avg=29.32  max=30  total_chars=29323284
  link length distribution (len:count):  24:2  25:10  26:206  28:3376  29:54458  30:556568  31:385380
2068.037653,22.510774,448.121727
[PASSED]
[time 3.22 s, user 3.02 s, sys 0.18 s, maxrss 362068 KB]
[busy 334 jiffies]
[exit 0]
--- c2 case 0 rec 1   load 0.87 0.92 0.96
[TEST C2-FST]
Processing dataset...
Done!
Building trie...
trie size: 4.445807 MB
Done!
build time: 2055.604580 ms (2055.604580 ns per key)
space cost: 22.510774 MB (65.567381% of original size 34.332275 MB)
Querying trie...
Done!
total time: 436.486783 ms, avg latency: 436.486783 ns
topology: 0.773712 MB, link: 3.131501 MB, data: 18.605560 MB
--- Unary Path Analysis (FST, cutoff=4) ---
  shared unary steps in main trie: 13682
  terminal suffixes: inplace=0 (avg len=0.00)  links=1000000 (100.0% of terminal)
  link len: avg=29.32  max=30  total_chars=29323284
  link length distribution (len:count):  24:2  25:10  26:206  28:3376  29:54458  30:556568  31:385380
2055.604580,22.510774,436.486783
[PASSED]
[time 3.19 s, user 2.99 s, sys 0.19 s, maxrss 362032 KB]
[busy 327 jiffies]
[exit 0]
--- c2 case 0 rec 0   load 0.80 0.90 0.96
[TEST C2-FST]
Processing dataset...
Done!
Building trie...
Done!
build time: 1114.005567 ms (1114.005567 ns per key)
space cost: 22.510774 MB (65.567381% of original size 34.332275 MB)
Querying trie...
Done!
total time: 434.998597 ms, avg latency: 434.998597 ns
topology: 0.773712 MB, link: 3.131501 MB, data: 18.605560 MB
--- Unary Path Analysis (FST, cutoff=4) ---
  shared unary steps in main trie: 13682
  terminal suffixes: inplace=0 (avg len=0.00)  links=1000000 (100.0% of terminal)
  link len: avg=29.32  max=30  total_chars=29323284
  link length distribution (len:count):  24:2  25:10  26:206  28:3376  29:54458  30:556568  31:385380
1114.005567,22.510774,434.998597
[PASSED]
[time 2.25 s, user 2.06 s, sys 0.17 s, maxrss 312024 KB]
[busy 230 jiffies]
[exit 0]
--- lexindex da   skipped: exit 3 in round 1
--- lexindex hashed16   load 0.80 0.90 0.96
1000000 keys
lexindex HashedDictIndex fp=16: build 282 ms, size 21.726 MiB (22.781 B/key), latency cold 69.0 ns, then mean 68.2 / min 67.8 ns
281.967,21.725836,69.015
[time 1.03 s, user 1.96 s, sys 0.39 s, maxrss 225032 KB]
[busy 243 jiffies]
[exit 0]
--- lexindex hashed8   load 0.74 0.89 0.95
1000000 keys
lexindex HashedDictIndex fp=8: build 280 ms, size 20.772 MiB (21.781 B/key), latency cold 67.9 ns, then mean 66.9 / min 66.7 ns
280.277,20.772161,67.902
[time 1.03 s, user 1.97 s, sys 0.40 s, maxrss 224024 KB]
[busy 245 jiffies]
[exit 0]
--- lexindex hashed0   load 0.74 0.89 0.95
1000000 keys
lexindex HashedDictIndex closed: build 281 ms, size 19.818 MiB (20.781 B/key), latency cold 56.9 ns, then mean 55.9 / min 55.8 ns
281.471,19.818487,56.931
[time 0.99 s, user 1.91 s, sys 0.43 s, maxrss 223308 KB]
[busy 243 jiffies]
[exit 0]
--- lexindex string   load 0.74 0.89 0.95
1000000 keys
lexindex StringIndex: build 2377 ms, size 35.389 MiB (37.108 B/key), latency cold 431.1 ns, then mean 428.9 / min 427.5 ns
2376.989,35.389391,431.069
[time 4.56 s, user 4.43 s, sys 0.10 s, maxrss 199768 KB]
[busy 469 jiffies]
[exit 0]
--- lexindex routed1024   load 0.70 0.87 0.95
1000000 keys
lexindex DictIndex block 1024 routed: build 172 ms, size 17.304 MiB (18.144 B/key), latency cold 367.6 ns, then mean 366.5 / min 364.6 ns
172.089,17.303509,367.612
[time 2.13 s, user 2.62 s, sys 0.19 s, maxrss 245340 KB]
[busy 290 jiffies]
[exit 0]
--- lexindex routed256   load 0.70 0.87 0.95
1000000 keys
lexindex DictIndex block 256 routed: build 182 ms, size 17.682 MiB (18.540 B/key), latency cold 361.9 ns, then mean 359.9 / min 356.3 ns
181.619,17.681571,361.857
[time 2.13 s, user 3.07 s, sys 0.37 s, maxrss 222676 KB]
[busy 358 jiffies]
[exit 0]
--- lexindex routed32   load 0.72 0.88 0.95
1000000 keys
lexindex DictIndex block 32 routed: build 178 ms, size 18.218 MiB (19.103 B/key), latency cold 382.1 ns, then mean 381.8 / min 381.1 ns
178.077,18.218188,382.074
[time 2.20 s, user 3.06 s, sys 0.42 s, maxrss 253016 KB]
[busy 361 jiffies]
[exit 0]
--- lexindex dict1024   load 0.72 0.88 0.95
1000000 keys
lexindex DictIndex block 1024: build 171 ms, size 17.065 MiB (17.894 B/key), latency cold 439.8 ns, then mean 437.6 / min 436.7 ns
171.110,17.064983,439.803
[time 2.41 s, user 2.89 s, sys 0.21 s, maxrss 244224 KB]
[busy 316 jiffies]
[exit 0]
--- lexindex dict256   load 0.74 0.88 0.95
1000000 keys
lexindex DictIndex block 256: build 179 ms, size 17.205 MiB (18.040 B/key), latency cold 409.5 ns, then mean 411.3 / min 409.1 ns
179.292,17.204642,409.545
[time 2.31 s, user 3.17 s, sys 0.40 s, maxrss 222248 KB]
[busy 368 jiffies]
[exit 0]
--- lexindex dict32   load 0.76 0.88 0.95
1000000 keys
lexindex DictIndex block 32: build 175 ms, size 17.741 MiB (18.603 B/key), latency cold 430.7 ns, then mean 424.2 / min 422.3 ns
174.548,17.741351,430.654
[time 2.37 s, user 3.20 s, sys 0.40 s, maxrss 246988 KB]
[busy 369 jiffies]
[exit 0]

##### urls-1000000 (1000000 lines, 53361181 bytes)   round 2/3   2026-09-26T03:50:48+03:00
--- xcdat 16   load 0.70 0.87 0.94
build time: 1142.552941 ms
space cost: 17.859698 MiB (35.765524% of original size 49.935513 MiB)
avg latency: 379.648647 ns
1142.552941,17.859698,379.648647
[time 2.32 s, user 2.16 s, sys 0.14 s, maxrss 231232 KB]
[busy 239 jiffies]
[exit 0]
--- xcdat 15   load 0.70 0.87 0.94
build time: 1173.993141 ms
space cost: 17.302892 MiB (34.650473% of original size 49.935513 MiB)
avg latency: 364.575553 ns
1173.993141,17.302892,364.575553
[time 2.34 s, user 2.17 s, sys 0.15 s, maxrss 231224 KB]
[busy 242 jiffies]
[exit 0]
--- xcdat 8   load 0.73 0.87 0.94
build time: 1138.664925 ms
space cost: 15.165496 MiB (30.370161% of original size 49.935513 MiB)
avg latency: 377.497075 ns
1138.664925,15.165496,377.497075
[time 2.31 s, user 2.14 s, sys 0.15 s, maxrss 231256 KB]
[busy 236 jiffies]
[exit 0]
--- xcdat 7   load 0.67 0.85 0.94
build time: 1172.536845 ms
space cost: 15.639350 MiB (31.319093% of original size 49.935513 MiB)
avg latency: 398.212120 ns
1172.536845,15.639350,398.212120
[time 2.37 s, user 2.19 s, sys 0.16 s, maxrss 231080 KB]
[busy 242 jiffies]
[exit 0]
--- c2 case 8 rec 0   load 0.67 0.85 0.94
[TEST CART]
Processing dataset...
Done!
Building trie...
Done!
build time: 365.378762 ms (365.378762 ns per key)
space cost: 15.060642 MB (30.160183% of original size 49.935513 MB)
Querying trie...
Done!
total time: 670.837989 ms, avg latency: 670.837989 ns
not implemented
365.378762,15.060642,670.837989
[PASSED]
[time 1.85 s, user 1.69 s, sys 0.15 s, maxrss 278088 KB]
[busy 191 jiffies]
[exit 0]
--- c2 case 7 rec 0   load 0.69 0.86 0.94
[TEST ART]
Processing dataset...
Done!
Building trie...
Done!
build time: 322.705284 ms (322.705284 ns per key)
space cost: 32.934517 MB (65.954097% of original size 49.935513 MB)
Querying trie...
Done!
total time: 619.839377 ms, avg latency: 619.839377 ns
not implemented
322.705284,32.934517,619.839377
[PASSED]
[time 1.75 s, user 1.60 s, sys 0.15 s, maxrss 290784 KB]
[busy 179 jiffies]
[exit 0]
--- c2 case 6 rec 0   load 0.69 0.86 0.94
[TEST PDT]
Processing dataset...
Done!
Building trie...
dict size: 156062, stream size: 7596722
Done!
build time: 3655.326028 ms (3655.326028 ns per key)
space cost: 8.669690 MB (17.361772% of original size 49.935513 MB)
Querying trie...
Done!
total time: 736.012229 ms, avg latency: 736.012229 ns
not implemented
3655.326028,8.669690,736.012229
[PASSED]
[time 5.17 s, user 4.96 s, sys 0.18 s, maxrss 298952 KB]
[busy 533 jiffies]
[exit 0]
--- c2 case 5 rec 2   load 0.66 0.85 0.93
[TEST MARISA]
Processing dataset...
Done!
Building trie...
Done!
build time: 1264.548526 ms (1264.548526 ns per key)
space cost: 8.005336 MB (16.031348% of original size 49.935513 MB)
Querying trie...
Done!
total time: 1010.347650 ms, avg latency: 1010.347650 ns
not implemented
1264.548526,8.005336,1010.347650
[PASSED]
[time 3.04 s, user 2.86 s, sys 0.16 s, maxrss 267564 KB]
[busy 312 jiffies]
[exit 0]
--- c2 case 5 rec 1   load 0.66 0.85 0.93
[TEST MARISA]
Processing dataset...
Done!
Building trie...
Done!
build time: 1206.284701 ms (1206.284701 ns per key)
space cost: 8.973619 MB (17.970414% of original size 49.935513 MB)
Querying trie...
Done!
total time: 877.635247 ms, avg latency: 877.635247 ns
not implemented
1206.284701,8.973619,877.635247
[PASSED]
[time 2.87 s, user 2.67 s, sys 0.17 s, maxrss 267988 KB]
[busy 295 jiffies]
[exit 0]
--- c2 case 5 rec 0   load 0.69 0.85 0.93
[TEST MARISA]
Processing dataset...
Done!
Building trie...
Done!
build time: 1015.434680 ms (1015.434680 ns per key)
space cost: 13.234698 MB (26.503579% of original size 49.935513 MB)
Querying trie...
Done!
total time: 578.857736 ms, avg latency: 578.857736 ns
not implemented
1015.434680,13.234698,578.857736
[PASSED]
[time 2.37 s, user 2.20 s, sys 0.15 s, maxrss 268136 KB]
[busy 249 jiffies]
[exit 0]
--- c2 case 4 rec 0   load 0.71 0.85 0.93
[TEST COCO]
Processing dataset...
Done!
Building trie...
num nodes = 618926, average depth = 10.757375
ef = 0.000126, pa = 0.112513, bv = 0.000294, de = 0.664175
efr = 0.000805, par = 0.102747, bvr = 0.000005, der = 0.119336
Done!
build time: 30978.520791 ms (30978.520791 ns per key)
space cost: 17.219774 MB (34.484023% of original size 49.935513 MB)
Querying trie...
Done!
total time: 1324.090222 ms, avg latency: 1324.090222 ns
not implemented
30978.520791,17.219774,1324.090222
[PASSED]
[time 34.17 s, user 27.44 s, sys 6.58 s, maxrss 15528488 KB]
[busy 3509 jiffies]
[exit 0]
--- c2 case 3 rec 0   load 0.84 0.87 0.94
[TEST FST]
Processing dataset...
Done!
Building trie...
Done!
build time: 1423.610894 ms (1423.610894 ns per key)
space cost: 12.952020 MB (25.937492% of original size 49.935513 MB)
Querying trie...
Done!
total time: 1225.238818 ms, avg latency: 1225.238818 ns
not implemented
1423.610894,12.952020,1225.238818
[PASSED]
[time 3.44 s, user 3.30 s, sys 0.12 s, maxrss 215084 KB]
[busy 359 jiffies]
[exit 0]
--- c2 case 2 rec 2   load 0.85 0.87 0.94
[TEST C2-MARISA]
Processing dataset...
Done!
Building trie...
trie size: 2.244002 MB
trie size: 3.864603 MB
trie size: 1.068947 MB
Done!
build time: 1733.288417 ms (1733.288417 ns per key)
space cost: 8.365690 MB (16.752987% of original size 49.935513 MB)
Querying trie...
Done!
total time: 710.199184 ms, avg latency: 710.199184 ns
topology: 1.410183 MB, link: 3.158367 MB, data: 3.776632 MB
--- Unary Path Analysis (Marisa, cutoff=3) ---
  branches: 1527762  |  single-char: 409800 (26.8%)  short-unary: 94203 (6.2%)  links: 1023759 (67.0%)
  link len: avg=12.97  max=598  total_chars=13282609
  link length distribution (len:count):  3:78091  4:83418  5:77115  6:71727  7:67342  8:60401  9:52007  10:48612  11:43341  12:39688  13:35797  14:31899  15:30173  16:27648  17:26857  18:22212  19:20563  20:21642  21:19617  22:17114  23:14842  24:13684  25:12695  26:11175  27:9829  28:8848  29:7935  30:7132  31:6445  32:5847  33:5055  34:4589  35:4148  36:3637  37:3382  38:3086  39:2567  40:2441  41:2168  42:1886  43:1827  44:1585  45:1405  46:1260  47:1016  48:995  49:861  50:844  51:650  52:616  53:486  54:450  55:392  56:393  57:345  58:266  59:265  60:240  61:230  62:219  63:185  64:166  65:151  66:119  67:125  68:158  69:131  70:105  71:94  72:74  73:75  74:77  75:68  76:66  77:74  78:40  79:49  80:44  81:45  82:43  83:48  84:36  85:31  86:35  87:40  88:19  89:24  90:15  91:18  92:31  93:24  94:20  95:16  96:16  97:16  98:12  99:16  100:14  101:17  102:16  103:2  104:18  105:4  106:3  107:10  108:11  109:9  110:19  111:13  112:7  113:6  114:5  115:3  116:8  117:5  118:6  119:8  120:10  121:11  122:9  123:10  124:8  125:9  126:7  127:5  128:7  129:18  130:5  131:4  132:10  133:3  134:4  135:4  136:4  137:4  138:4  140:2  141:3  142:2  143:2  144:4  145:7  146:1  147:5  148:5  149:1  150:4  151:4  153:1  154:6  155:3  156:1  157:2  158:1  159:1  160:1  162:2  163:1  164:2  165:1  166:1  167:1  168:3  169:3  171:1  175:1  178:2  181:3  183:2  184:1  185:2  189:1  190:3  191:1  192:1  193:1  194:1  195:1  196:2  200:1  203:2  205:2  207:1  208:1  210:2  212:1  214:1  216:2  220:1  221:1  223:1  225:1  226:1  227:1  230:1  234:1  237:1  239:2  241:1  242:1  247:1  248:1  250:1  253:1  255:1  257:1  261:1  265:1  272:1  312:1  338:1  384:1  507:1  598:1
  short unary avg len: 2.00
1733.288417,8.365690,710.199184
[PASSED]
[time 3.25 s, user 3.04 s, sys 0.19 s, maxrss 242384 KB]
[busy 331 jiffies]
[exit 0]
--- c2 case 2 rec 1   load 0.79 0.86 0.93
[TEST C2-MARISA]
Processing dataset...
Done!
Building trie...
trie size: 2.244002 MB
trie size: 3.864603 MB
Done!
build time: 1600.644282 ms (1600.644282 ns per key)
space cost: 8.779989 MB (17.582655% of original size 49.935513 MB)
Querying trie...
Done!
total time: 633.893887 ms, avg latency: 633.893887 ns
topology: 1.217873 MB, link: 3.069385 MB, data: 4.472224 MB
--- Unary Path Analysis (Marisa, cutoff=3) ---
  branches: 1527762  |  single-char: 409800 (26.8%)  short-unary: 94203 (6.2%)  links: 1023759 (67.0%)
  link len: avg=12.97  max=598  total_chars=13282609
  link length distribution (len:count):  3:78091  4:83418  5:77115  6:71727  7:67342  8:60401  9:52007  10:48612  11:43341  12:39688  13:35797  14:31899  15:30173  16:27648  17:26857  18:22212  19:20563  20:21642  21:19617  22:17114  23:14842  24:13684  25:12695  26:11175  27:9829  28:8848  29:7935  30:7132  31:6445  32:5847  33:5055  34:4589  35:4148  36:3637  37:3382  38:3086  39:2567  40:2441  41:2168  42:1886  43:1827  44:1585  45:1405  46:1260  47:1016  48:995  49:861  50:844  51:650  52:616  53:486  54:450  55:392  56:393  57:345  58:266  59:265  60:240  61:230  62:219  63:185  64:166  65:151  66:119  67:125  68:158  69:131  70:105  71:94  72:74  73:75  74:77  75:68  76:66  77:74  78:40  79:49  80:44  81:45  82:43  83:48  84:36  85:31  86:35  87:40  88:19  89:24  90:15  91:18  92:31  93:24  94:20  95:16  96:16  97:16  98:12  99:16  100:14  101:17  102:16  103:2  104:18  105:4  106:3  107:10  108:11  109:9  110:19  111:13  112:7  113:6  114:5  115:3  116:8  117:5  118:6  119:8  120:10  121:11  122:9  123:10  124:8  125:9  126:7  127:5  128:7  129:18  130:5  131:4  132:10  133:3  134:4  135:4  136:4  137:4  138:4  140:2  141:3  142:2  143:2  144:4  145:7  146:1  147:5  148:5  149:1  150:4  151:4  153:1  154:6  155:3  156:1  157:2  158:1  159:1  160:1  162:2  163:1  164:2  165:1  166:1  167:1  168:3  169:3  171:1  175:1  178:2  181:3  183:2  184:1  185:2  189:1  190:3  191:1  192:1  193:1  194:1  195:1  196:2  200:1  203:2  205:2  207:1  208:1  210:2  212:1  214:1  216:2  220:1  221:1  223:1  225:1  226:1  227:1  230:1  234:1  237:1  239:2  241:1  242:1  247:1  248:1  250:1  253:1  255:1  257:1  261:1  265:1  272:1  312:1  338:1  384:1  507:1  598:1
  short unary avg len: 2.00
1600.644282,8.779989,633.893887
[PASSED]
[time 3.06 s, user 2.84 s, sys 0.20 s, maxrss 242316 KB]
[busy 315 jiffies]
[exit 0]
--- c2 case 2 rec 0   load 0.79 0.86 0.93
[TEST C2-MARISA]
Processing dataset...
Done!
Building trie...
trie size: 2.244002 MB
Done!
build time: 1199.443876 ms (1199.443876 ns per key)
space cost: 10.960715 MB (21.949740% of original size 49.935513 MB)
Querying trie...
Done!
total time: 457.875245 ms, avg latency: 457.875245 ns
topology: 0.743214 MB, link: 2.809175 MB, data: 7.387818 MB
--- Unary Path Analysis (Marisa, cutoff=3) ---
  branches: 1527762  |  single-char: 409800 (26.8%)  short-unary: 94203 (6.2%)  links: 1023759 (67.0%)
  link len: avg=12.97  max=598  total_chars=13282609
  link length distribution (len:count):  3:78091  4:83418  5:77115  6:71727  7:67342  8:60401  9:52007  10:48612  11:43341  12:39688  13:35797  14:31899  15:30173  16:27648  17:26857  18:22212  19:20563  20:21642  21:19617  22:17114  23:14842  24:13684  25:12695  26:11175  27:9829  28:8848  29:7935  30:7132  31:6445  32:5847  33:5055  34:4589  35:4148  36:3637  37:3382  38:3086  39:2567  40:2441  41:2168  42:1886  43:1827  44:1585  45:1405  46:1260  47:1016  48:995  49:861  50:844  51:650  52:616  53:486  54:450  55:392  56:393  57:345  58:266  59:265  60:240  61:230  62:219  63:185  64:166  65:151  66:119  67:125  68:158  69:131  70:105  71:94  72:74  73:75  74:77  75:68  76:66  77:74  78:40  79:49  80:44  81:45  82:43  83:48  84:36  85:31  86:35  87:40  88:19  89:24  90:15  91:18  92:31  93:24  94:20  95:16  96:16  97:16  98:12  99:16  100:14  101:17  102:16  103:2  104:18  105:4  106:3  107:10  108:11  109:9  110:19  111:13  112:7  113:6  114:5  115:3  116:8  117:5  118:6  119:8  120:10  121:11  122:9  123:10  124:8  125:9  126:7  127:5  128:7  129:18  130:5  131:4  132:10  133:3  134:4  135:4  136:4  137:4  138:4  140:2  141:3  142:2  143:2  144:4  145:7  146:1  147:5  148:5  149:1  150:4  151:4  153:1  154:6  155:3  156:1  157:2  158:1  159:1  160:1  162:2  163:1  164:2  165:1  166:1  167:1  168:3  169:3  171:1  175:1  178:2  181:3  183:2  184:1  185:2  189:1  190:3  191:1  192:1  193:1  194:1  195:1  196:2  200:1  203:2  205:2  207:1  208:1  210:2  212:1  214:1  216:2  220:1  221:1  223:1  225:1  226:1  227:1  230:1  234:1  237:1  239:2  241:1  242:1  247:1  248:1  250:1  253:1  255:1  257:1  261:1  265:1  272:1  312:1  338:1  384:1  507:1  598:1
  short unary avg len: 2.00
1199.443876,10.960715,457.875245
[PASSED]
[time 2.45 s, user 2.26 s, sys 0.17 s, maxrss 246932 KB]
[busy 252 jiffies]
[exit 0]
--- c2 case 1 rec 2   load 0.80 0.86 0.93
[TEST C2-CoCo(LOUDS-Sparse)]
Processing dataset...
Done!
Building trie...
trie size: 3.124794 MB
trie size: 0.926831 MB
Done!
build time: 2985.496594 ms (2985.496594 ns per key)
space cost: 10.138867 MB (20.303920% of original size 49.935513 MB)
Querying trie...
Done!
total time: 1025.992159 ms, avg latency: 1025.992159 ns
topology: 0.827824 MB, link: 3.419642 MB, data: 5.891401 MB
2985.496594,10.138867,1025.992159
[PASSED]
[time 4.80 s, user 4.54 s, sys 0.24 s, maxrss 398352 KB]
[busy 493 jiffies]
[exit 0]
--- c2 case 1 rec 1   load 0.82 0.86 0.93
[TEST C2-CoCo(LOUDS-Sparse)]
Processing dataset...
Done!
Building trie...
trie size: 3.124794 MB
Done!
build time: 2847.672606 ms (2847.672606 ns per key)
space cost: 10.138867 MB (20.303920% of original size 49.935513 MB)
Querying trie...
Done!
total time: 1021.790253 ms, avg latency: 1021.790253 ns
topology: 0.827824 MB, link: 3.419642 MB, data: 5.891401 MB
2847.672606,10.138867,1021.790253
[PASSED]
[time 4.66 s, user 4.40 s, sys 0.24 s, maxrss 398076 KB]
[busy 481 jiffies]
[exit 0]
--- c2 case 1 rec 0   load 0.83 0.86 0.93
[TEST C2-CoCo(LOUDS-Sparse)]
Processing dataset...
Done!
Building trie...
Done!
build time: 2498.745066 ms (2498.745066 ns per key)
space cost: 12.005466 MB (24.041940% of original size 49.935513 MB)
Querying trie...
Done!
total time: 884.794350 ms, avg latency: 884.794350 ns
topology: 0.422745 MB, link: 3.209543 MB, data: 8.373178 MB
2498.745066,12.005466,884.794350
[PASSED]
[time 4.16 s, user 3.93 s, sys 0.21 s, maxrss 408012 KB]
[busy 432 jiffies]
[exit 0]
--- c2 case 0 rec 2   load 0.85 0.87 0.94
[TEST C2-FST]
Processing dataset...
Done!
Building trie...
trie size: 3.124794 MB
trie size: 0.926831 MB
Done!
build time: 1699.345454 ms (1699.345454 ns per key)
space cost: 9.773470 MB (19.572183% of original size 49.935513 MB)
Querying trie...
Done!
total time: 976.480740 ms, avg latency: 976.480740 ns
topology: 1.480076 MB, link: 2.557474 MB, data: 5.735920 MB
--- Unary Path Analysis (FST, cutoff=4) ---
  shared unary steps in main trie: 711966
  terminal suffixes: inplace=143732 (avg len=2.14)  links=800966 (84.8% of terminal)
  link len: avg=13.15  max=596  total_chars=10531952
  link length distribution (len:count):  4:63058  5:62039  6:59659  7:54131  8:47449  9:44821  10:40952  11:37727  12:34320  13:30594  14:29226  15:26885  16:26206  17:21450  18:19914  19:21120  20:19131  21:16702  22:14529  23:13405  24:12440  25:10970  26:9615  27:8669  28:7752  29:7002  30:6267  31:5704  32:4931  33:4493  34:4087  35:3562  36:3323  37:3007  38:2533  39:2401  40:2145  41:1856  42:1793  43:1565  44:1379  45:1246  46:1005  47:985  48:849  49:826  50:642  51:609  52:482  53:442  54:385  55:389  56:339  57:263  58:263  59:238  60:228  61:217  62:184  63:166  64:151  65:119  66:125  67:156  68:131  69:105  70:94  71:74  72:74  73:77  74:67  75:66  76:74  77:39  78:49  79:44  80:45  81:42  82:48  83:36  84:31  85:34  86:39  87:18  88:23  89:15  90:18  91:31  92:24  93:20  94:16  95:16  96:16  97:12  98:16  99:14  100:17  101:16  102:2  103:18  104:4  105:3  106:10  107:11  108:9  109:19  110:13  111:7  112:6  113:5  114:3  115:8  116:5  117:6  118:7  119:10  120:11  121:9  122:10  123:8  124:9  125:7  126:5  127:7  128:18  129:5  130:4  131:10  132:3  133:4  134:4  135:4  136:3  137:4  139:2  140:3  141:2  142:2  143:4  144:7  145:1  146:5  147:5  148:1  149:4  150:4  152:1  153:6  154:3  155:1  156:2  157:1  158:1  159:1  161:2  162:1  163:2  164:1  165:1  166:1  167:3  168:3  170:1  174:1  177:2  180:3  182:2  183:1  184:2  188:1  189:3  190:1  191:1  192:1  193:1  194:1  195:2  199:1  202:2  204:2  206:1  207:1  209:2  211:1  213:1  215:2  219:1  220:1  222:1  224:1  225:1  226:1  229:1  233:1  236:1  238:2  240:1  241:1  246:1  247:1  249:1  252:1  254:1  256:1  260:1  264:1  271:1  311:1  337:1  383:1  506:1  597:1
1699.345454,9.773470,976.480740
[PASSED]
[time 3.47 s, user 3.31 s, sys 0.14 s, maxrss 228552 KB]
[busy 359 jiffies]
[exit 0]
--- c2 case 0 rec 1   load 0.86 0.87 0.94
[TEST C2-FST]
Processing dataset...
Done!
Building trie...
trie size: 3.124794 MB
Done!
build time: 1564.314233 ms (1564.314233 ns per key)
space cost: 9.773470 MB (19.572183% of original size 49.935513 MB)
Querying trie...
Done!
total time: 967.829764 ms, avg latency: 967.829764 ns
topology: 1.480076 MB, link: 2.557474 MB, data: 5.735920 MB
--- Unary Path Analysis (FST, cutoff=4) ---
  shared unary steps in main trie: 711966
  terminal suffixes: inplace=143732 (avg len=2.14)  links=800966 (84.8% of terminal)
  link len: avg=13.15  max=596  total_chars=10531952
  link length distribution (len:count):  4:63058  5:62039  6:59659  7:54131  8:47449  9:44821  10:40952  11:37727  12:34320  13:30594  14:29226  15:26885  16:26206  17:21450  18:19914  19:21120  20:19131  21:16702  22:14529  23:13405  24:12440  25:10970  26:9615  27:8669  28:7752  29:7002  30:6267  31:5704  32:4931  33:4493  34:4087  35:3562  36:3323  37:3007  38:2533  39:2401  40:2145  41:1856  42:1793  43:1565  44:1379  45:1246  46:1005  47:985  48:849  49:826  50:642  51:609  52:482  53:442  54:385  55:389  56:339  57:263  58:263  59:238  60:228  61:217  62:184  63:166  64:151  65:119  66:125  67:156  68:131  69:105  70:94  71:74  72:74  73:77  74:67  75:66  76:74  77:39  78:49  79:44  80:45  81:42  82:48  83:36  84:31  85:34  86:39  87:18  88:23  89:15  90:18  91:31  92:24  93:20  94:16  95:16  96:16  97:12  98:16  99:14  100:17  101:16  102:2  103:18  104:4  105:3  106:10  107:11  108:9  109:19  110:13  111:7  112:6  113:5  114:3  115:8  116:5  117:6  118:7  119:10  120:11  121:9  122:10  123:8  124:9  125:7  126:5  127:7  128:18  129:5  130:4  131:10  132:3  133:4  134:4  135:4  136:3  137:4  139:2  140:3  141:2  142:2  143:4  144:7  145:1  146:5  147:5  148:1  149:4  150:4  152:1  153:6  154:3  155:1  156:2  157:1  158:1  159:1  161:2  162:1  163:2  164:1  165:1  166:1  167:3  168:3  170:1  174:1  177:2  180:3  182:2  183:1  184:2  188:1  189:3  190:1  191:1  192:1  193:1  194:1  195:2  199:1  202:2  204:2  206:1  207:1  209:2  211:1  213:1  215:2  219:1  220:1  222:1  224:1  225:1  226:1  229:1  233:1  236:1  238:2  240:1  241:1  246:1  247:1  249:1  252:1  254:1  256:1  260:1  264:1  271:1  311:1  337:1  383:1  506:1  597:1
1564.314233,9.773470,967.829764
[PASSED]
[time 3.35 s, user 3.15 s, sys 0.18 s, maxrss 228540 KB]
[busy 347 jiffies]
[exit 0]
--- c2 case 0 rec 0   load 0.87 0.87 0.94
[TEST C2-FST]
Processing dataset...
Done!
Building trie...
Done!
build time: 1228.046784 ms (1228.046784 ns per key)
space cost: 11.640069 MB (23.310202% of original size 49.935513 MB)
Querying trie...
Done!
total time: 813.844457 ms, avg latency: 813.844457 ns
topology: 1.074997 MB, link: 2.347375 MB, data: 8.217697 MB
--- Unary Path Analysis (FST, cutoff=4) ---
  shared unary steps in main trie: 711966
  terminal suffixes: inplace=143732 (avg len=2.14)  links=800966 (84.8% of terminal)
  link len: avg=13.15  max=596  total_chars=10531952
  link length distribution (len:count):  4:63058  5:62039  6:59659  7:54131  8:47449  9:44821  10:40952  11:37727  12:34320  13:30594  14:29226  15:26885  16:26206  17:21450  18:19914  19:21120  20:19131  21:16702  22:14529  23:13405  24:12440  25:10970  26:9615  27:8669  28:7752  29:7002  30:6267  31:5704  32:4931  33:4493  34:4087  35:3562  36:3323  37:3007  38:2533  39:2401  40:2145  41:1856  42:1793  43:1565  44:1379  45:1246  46:1005  47:985  48:849  49:826  50:642  51:609  52:482  53:442  54:385  55:389  56:339  57:263  58:263  59:238  60:228  61:217  62:184  63:166  64:151  65:119  66:125  67:156  68:131  69:105  70:94  71:74  72:74  73:77  74:67  75:66  76:74  77:39  78:49  79:44  80:45  81:42  82:48  83:36  84:31  85:34  86:39  87:18  88:23  89:15  90:18  91:31  92:24  93:20  94:16  95:16  96:16  97:12  98:16  99:14  100:17  101:16  102:2  103:18  104:4  105:3  106:10  107:11  108:9  109:19  110:13  111:7  112:6  113:5  114:3  115:8  116:5  117:6  118:7  119:10  120:11  121:9  122:10  123:8  124:9  125:7  126:5  127:7  128:18  129:5  130:4  131:10  132:3  133:4  134:4  135:4  136:3  137:4  139:2  140:3  141:2  142:2  143:4  144:7  145:1  146:5  147:5  148:1  149:4  150:4  152:1  153:6  154:3  155:1  156:2  157:1  158:1  159:1  161:2  162:1  163:2  164:1  165:1  166:1  167:3  168:3  170:1  174:1  177:2  180:3  182:2  183:1  184:2  188:1  189:3  190:1  191:1  192:1  193:1  194:1  195:2  199:1  202:2  204:2  206:1  207:1  209:2  211:1  213:1  215:2  219:1  220:1  222:1  224:1  225:1  226:1  229:1  233:1  236:1  238:2  240:1  241:1  246:1  247:1  249:1  252:1  254:1  256:1  260:1  264:1  271:1  311:1  337:1  383:1  506:1  597:1
1228.046784,11.640069,813.844457
[PASSED]
[time 2.85 s, user 2.66 s, sys 0.17 s, maxrss 231388 KB]
[busy 295 jiffies]
[exit 0]
--- lexindex da   skipped: exit 3 in round 1
--- lexindex hashed16   load 0.88 0.87 0.94
1000000 keys
lexindex HashedDictIndex fp=16: build 478 ms, size 11.684 MiB (12.251 B/key), latency cold 72.5 ns, then mean 71.2 / min 70.9 ns
478.150,11.683940,72.498
[time 1.33 s, user 4.09 s, sys 0.44 s, maxrss 261472 KB]
[busy 461 jiffies]
[exit 0]
--- lexindex hashed8   load 0.88 0.87 0.94
1000000 keys
lexindex HashedDictIndex fp=8: build 479 ms, size 10.730 MiB (11.251 B/key), latency cold 71.2 ns, then mean 70.1 / min 70.0 ns
478.568,10.730266,71.194
[time 1.33 s, user 4.11 s, sys 0.44 s, maxrss 255296 KB]
[busy 466 jiffies]
[exit 0]
--- lexindex hashed0   load 0.89 0.88 0.94
1000000 keys
lexindex HashedDictIndex closed: build 480 ms, size 9.777 MiB (10.251 B/key), latency cold 59.7 ns, then mean 58.6 / min 58.2 ns
479.896,9.776591,59.681
[time 1.29 s, user 4.04 s, sys 0.47 s, maxrss 259608 KB]
[busy 463 jiffies]
[exit 0]
--- lexindex string   load 0.89 0.88 0.94
1000000 keys
lexindex StringIndex: build 1104 ms, size 16.099 MiB (16.881 B/key), latency cold 433.4 ns, then mean 429.0 / min 424.9 ns
1104.212,16.099341,433.413
[time 3.40 s, user 3.27 s, sys 0.11 s, maxrss 220628 KB]
[busy 353 jiffies]
[exit 0]
--- lexindex routed1024   load 0.90 0.88 0.94
1000000 keys
lexindex DictIndex block 1024 routed: build 398 ms, size 7.173 MiB (7.521 B/key), latency cold 404.2 ns, then mean 403.2 / min 402.8 ns
397.729,7.172729,404.239
[time 2.60 s, user 4.30 s, sys 0.40 s, maxrss 247288 KB]
[busy 485 jiffies]
[exit 0]
--- lexindex routed256   load 0.91 0.88 0.94
1000000 keys
lexindex DictIndex block 256 routed: build 367 ms, size 7.640 MiB (8.011 B/key), latency cold 381.8 ns, then mean 374.7 / min 367.3 ns
367.212,7.640013,381.769
[time 2.46 s, user 5.21 s, sys 0.46 s, maxrss 244580 KB]
[busy 582 jiffies]
[exit 0]
--- lexindex routed32   load 0.92 0.88 0.94
1000000 keys
lexindex DictIndex block 32 routed: build 360 ms, size 8.891 MiB (9.323 B/key), latency cold 400.0 ns, then mean 396.1 / min 393.0 ns
359.765,8.891248,400.049
[time 2.54 s, user 5.16 s, sys 0.51 s, maxrss 261784 KB]
[busy 580 jiffies]
[exit 0]
--- lexindex dict1024   load 0.92 0.88 0.94
1000000 keys
lexindex DictIndex block 1024: build 395 ms, size 6.934 MiB (7.271 B/key), latency cold 505.6 ns, then mean 502.8 / min 502.4 ns
395.037,6.934203,505.620
[time 3.00 s, user 4.72 s, sys 0.40 s, maxrss 267508 KB]
[busy 525 jiffies]
[exit 0]
--- lexindex dict256   load 2.04 1.12 1.01
1000000 keys
lexindex DictIndex block 256: build 365 ms, size 7.163 MiB (7.511 B/key), latency cold 454.4 ns, then mean 440.7 / min 438.3 ns
365.227,7.163084,454.407
[time 2.73 s, user 5.44 s, sys 0.49 s, maxrss 248352 KB]
[busy 613 jiffies]
[exit 0]
--- lexindex dict32   load 1.96 1.12 1.01
1000000 keys
lexindex DictIndex block 32: build 354 ms, size 8.414 MiB (8.823 B/key), latency cold 427.2 ns, then mean 424.8 / min 421.0 ns
353.805,8.414411,427.231
[time 2.63 s, user 5.26 s, sys 0.51 s, maxrss 262728 KB]
[busy 594 jiffies]
[exit 0]

##### titles-zh-1000000 (1000000 lines, 17871822 bytes)   round 2/3   2026-09-26T03:53:19+03:00
--- xcdat 16   load 1.88 1.11 1.01
build time: 516.664989 ms
space cost: 13.463712 MiB (83.676351% of original size 16.090223 MiB)
avg latency: 205.846842 ns
516.664989,13.463712,205.846842
[time 1.23 s, user 1.12 s, sys 0.09 s, maxrss 149180 KB]
[busy 130 jiffies]
[exit 0]
--- xcdat 15   load 1.88 1.11 1.01
build time: 539.981374 ms
space cost: 12.949578 MiB (80.481035% of original size 16.090223 MiB)
avg latency: 196.954523 ns
539.981374,12.949578,196.954523
[time 1.26 s, user 1.16 s, sys 0.09 s, maxrss 148604 KB]
[busy 131 jiffies]
[exit 0]
--- xcdat 8   load 1.73 1.09 1.01
build time: 514.897758 ms
space cost: 11.129195 MiB (69.167438% of original size 16.090223 MiB)
avg latency: 218.647687 ns
514.897758,11.129195,218.647687
[time 1.24 s, user 1.13 s, sys 0.10 s, maxrss 147888 KB]
[busy 128 jiffies]
[exit 0]
--- xcdat 7   load 1.73 1.09 1.01
build time: 558.006455 ms
space cost: 11.666194 MiB (72.504860% of original size 16.090223 MiB)
avg latency: 226.121131 ns
558.006455,11.666194,226.121131
[time 1.30 s, user 1.20 s, sys 0.09 s, maxrss 148208 KB]
[busy 135 jiffies]
[exit 0]
--- c2 case 8 rec 0   load 1.59 1.08 1.00
[TEST CART]
Processing dataset...
Done!
Building trie...
Done!
build time: 183.975733 ms (183.975733 ns per key)
space cost: 15.100161 MB (93.846806% of original size 16.090223 MB)
Querying trie...
Done!
total time: 420.843738 ms, avg latency: 420.843738 ns
not implemented
183.975733,15.100161,420.843738
[PASSED]
[time 1.12 s, user 1.02 s, sys 0.09 s, maxrss 146844 KB]
[busy 116 jiffies]
[exit 0]
--- c2 case 7 rec 0   load 1.59 1.08 1.00
[TEST ART]
Processing dataset...
Done!
Building trie...
Done!
build time: 133.142241 ms (133.142241 ns per key)
space cost: 33.565483 MB (208.607938% of original size 16.090223 MB)
Querying trie...
Done!
total time: 353.371951 ms, avg latency: 353.371951 ns
not implemented
133.142241,33.565483,353.371951
[PASSED]
[time 1.00 s, user 0.91 s, sys 0.08 s, maxrss 155720 KB]
[busy 103 jiffies]
[exit 0]
--- c2 case 6 rec 0   load 1.59 1.08 1.00
[TEST PDT]
Processing dataset...
Done!
Building trie...
dict size: 161960, stream size: 6363323
Done!
build time: 3157.732487 ms (3157.732487 ns per key)
space cost: 7.499054 MB (46.606276% of original size 16.090223 MB)
Querying trie...
Done!
total time: 610.945654 ms, avg latency: 610.945654 ns
not implemented
3157.732487,7.499054,610.945654
[PASSED]
[time 4.27 s, user 4.15 s, sys 0.10 s, maxrss 166772 KB]
[busy 446 jiffies]
[exit 0]
--- c2 case 5 rec 2   load 1.55 1.07 1.00
[TEST MARISA]
Processing dataset...
Done!
Building trie...
Done!
build time: 681.156299 ms (681.156299 ns per key)
space cost: 6.233802 MB (38.742793% of original size 16.090223 MB)
Querying trie...
Done!
total time: 759.288720 ms, avg latency: 759.288720 ns
not implemented
681.156299,6.233802,759.288720
[PASSED]
[time 1.92 s, user 1.79 s, sys 0.12 s, maxrss 182192 KB]
[busy 198 jiffies]
[exit 0]
--- c2 case 5 rec 1   load 1.50 1.07 1.00
[TEST MARISA]
Processing dataset...
Done!
Building trie...
Done!
build time: 651.255781 ms (651.255781 ns per key)
space cost: 6.703102 MB (41.659472% of original size 16.090223 MB)
Querying trie...
Done!
total time: 679.085337 ms, avg latency: 679.085337 ns
not implemented
651.255781,6.703102,679.085337
[PASSED]
[time 1.83 s, user 1.69 s, sys 0.13 s, maxrss 182364 KB]
[busy 188 jiffies]
[exit 0]
--- c2 case 5 rec 0   load 1.38 1.06 1.00
[TEST MARISA]
Processing dataset...
Done!
Building trie...
Done!
build time: 533.294167 ms (533.294167 ns per key)
space cost: 9.064179 MB (56.333459% of original size 16.090223 MB)
Querying trie...
Done!
total time: 460.937380 ms, avg latency: 460.937380 ns
not implemented
533.294167,9.064179,460.937380
[PASSED]
[time 1.49 s, user 1.36 s, sys 0.12 s, maxrss 182312 KB]
[busy 153 jiffies]
[exit 0]
--- c2 case 4 rec 0   skipped: exit 134 in round 1
--- c2 case 3 rec 0   load 1.38 1.06 1.00
[TEST FST]
Processing dataset...
Done!
Building trie...
Done!
build time: 662.586523 ms (662.586523 ns per key)
space cost: 9.251146 MB (57.495450% of original size 16.090223 MB)
Querying trie...
Done!
total time: 607.275557 ms, avg latency: 607.275557 ns
not implemented
662.586523,9.251146,607.275557
[PASSED]
[time 1.77 s, user 1.68 s, sys 0.08 s, maxrss 110744 KB]
[busy 185 jiffies]
[exit 0]
--- c2 case 2 rec 2   load 1.27 1.04 0.99
[TEST C2-MARISA]
Processing dataset...
Done!
Building trie...
trie size: 2.376703 MB
trie size: 3.200656 MB
trie size: 0.643222 MB
Done!
build time: 1015.701360 ms (1015.701360 ns per key)
space cost: 7.215687 MB (44.845163% of original size 16.090223 MB)
Querying trie...
Done!
total time: 287.678584 ms, avg latency: 287.678584 ns
topology: 1.146584 MB, link: 2.476871 MB, data: 3.571725 MB
--- Unary Path Analysis (Marisa, cutoff=3) ---
  branches: 1581104  |  single-char: 512959 (32.4%)  short-unary: 177539 (11.2%)  links: 890606 (56.3%)
  link len: avg=9.57  max=221  total_chars=8521548
  link length distribution (len:count):  3:117743  4:70413  5:118917  6:85174  7:37680  8:75877  9:57977  10:30193  11:47337  12:41279  13:18765  14:27062  15:25994  16:13620  17:18901  18:18001  19:8082  20:11948  21:10483  22:5017  23:8072  24:6695  25:3249  26:5099  27:4017  28:2164  29:3054  30:2749  31:1341  32:2116  33:1821  34:942  35:1314  36:1256  37:587  38:865  39:798  40:341  41:600  42:486  43:231  44:401  45:290  46:126  47:187  48:184  49:84  50:123  51:115  52:56  53:77  54:82  55:43  56:74  57:60  58:29  59:35  60:27  61:10  62:32  63:19  64:19  65:20  66:11  67:19  68:16  69:13  70:6  71:14  72:16  73:6  74:9  75:5  76:5  77:7  78:5  79:2  80:17  81:2  82:7  83:8  84:7  85:3  86:7  87:7  88:3  89:3  90:2  91:4  92:3  93:3  94:1  95:1  96:4  97:5  98:1  99:4  102:2  103:1  104:1  105:1  107:2  108:1  113:2  114:1  116:1  117:1  121:1  122:1  123:1  125:1  131:1  139:1  149:1  152:1  156:2  185:1  189:1  205:1  221:1
  short unary avg len: 2.00
1015.701360,7.215687,287.678584
[PASSED]
[time 1.81 s, user 1.66 s, sys 0.13 s, maxrss 216120 KB]
[busy 186 jiffies]
[exit 0]
--- c2 case 2 rec 1   load 1.27 1.04 0.99
[TEST C2-MARISA]
Processing dataset...
Done!
Building trie...
trie size: 2.376703 MB
trie size: 3.200656 MB
Done!
build time: 957.622413 ms (957.622413 ns per key)
space cost: 7.215687 MB (44.845163% of original size 16.090223 MB)
Querying trie...
Done!
total time: 284.760040 ms, avg latency: 284.760040 ns
topology: 1.146584 MB, link: 2.476871 MB, data: 3.571725 MB
--- Unary Path Analysis (Marisa, cutoff=3) ---
  branches: 1581104  |  single-char: 512959 (32.4%)  short-unary: 177539 (11.2%)  links: 890606 (56.3%)
  link len: avg=9.57  max=221  total_chars=8521548
  link length distribution (len:count):  3:117743  4:70413  5:118917  6:85174  7:37680  8:75877  9:57977  10:30193  11:47337  12:41279  13:18765  14:27062  15:25994  16:13620  17:18901  18:18001  19:8082  20:11948  21:10483  22:5017  23:8072  24:6695  25:3249  26:5099  27:4017  28:2164  29:3054  30:2749  31:1341  32:2116  33:1821  34:942  35:1314  36:1256  37:587  38:865  39:798  40:341  41:600  42:486  43:231  44:401  45:290  46:126  47:187  48:184  49:84  50:123  51:115  52:56  53:77  54:82  55:43  56:74  57:60  58:29  59:35  60:27  61:10  62:32  63:19  64:19  65:20  66:11  67:19  68:16  69:13  70:6  71:14  72:16  73:6  74:9  75:5  76:5  77:7  78:5  79:2  80:17  81:2  82:7  83:8  84:7  85:3  86:7  87:7  88:3  89:3  90:2  91:4  92:3  93:3  94:1  95:1  96:4  97:5  98:1  99:4  102:2  103:1  104:1  105:1  107:2  108:1  113:2  114:1  116:1  117:1  121:1  122:1  123:1  125:1  131:1  139:1  149:1  152:1  156:2  185:1  189:1  205:1  221:1
  short unary avg len: 2.00
957.622413,7.215687,284.760040
[PASSED]
[time 1.74 s, user 1.59 s, sys 0.14 s, maxrss 216520 KB]
[busy 180 jiffies]
[exit 0]
--- c2 case 2 rec 0   load 1.25 1.04 0.99
[TEST C2-MARISA]
Processing dataset...
Done!
Building trie...
trie size: 2.376703 MB
Done!
build time: 733.101350 ms (733.101350 ns per key)
space cost: 9.316646 MB (57.902525% of original size 16.090223 MB)
Querying trie...
Done!
total time: 327.204789 ms, avg latency: 327.204789 ns
topology: 0.787403 MB, link: 2.444094 MB, data: 6.064641 MB
--- Unary Path Analysis (Marisa, cutoff=3) ---
  branches: 1581104  |  single-char: 512959 (32.4%)  short-unary: 177539 (11.2%)  links: 890606 (56.3%)
  link len: avg=9.57  max=221  total_chars=8521548
  link length distribution (len:count):  3:117743  4:70413  5:118917  6:85174  7:37680  8:75877  9:57977  10:30193  11:47337  12:41279  13:18765  14:27062  15:25994  16:13620  17:18901  18:18001  19:8082  20:11948  21:10483  22:5017  23:8072  24:6695  25:3249  26:5099  27:4017  28:2164  29:3054  30:2749  31:1341  32:2116  33:1821  34:942  35:1314  36:1256  37:587  38:865  39:798  40:341  41:600  42:486  43:231  44:401  45:290  46:126  47:187  48:184  49:84  50:123  51:115  52:56  53:77  54:82  55:43  56:74  57:60  58:29  59:35  60:27  61:10  62:32  63:19  64:19  65:20  66:11  67:19  68:16  69:13  70:6  71:14  72:16  73:6  74:9  75:5  76:5  77:7  78:5  79:2  80:17  81:2  82:7  83:8  84:7  85:3  86:7  87:7  88:3  89:3  90:2  91:4  92:3  93:3  94:1  95:1  96:4  97:5  98:1  99:4  102:2  103:1  104:1  105:1  107:2  108:1  113:2  114:1  116:1  117:1  121:1  122:1  123:1  125:1  131:1  139:1  149:1  152:1  156:2  185:1  189:1  205:1  221:1
  short unary avg len: 2.00
733.101350,9.316646,327.204789
[PASSED]
[time 1.55 s, user 1.39 s, sys 0.15 s, maxrss 216152 KB]
[busy 160 jiffies]
[exit 0]
--- c2 case 1 rec 2   load 1.25 1.04 0.99
[TEST C2-CoCo(LOUDS-Sparse)]
Processing dataset...
Done!
Building trie...
trie size: 2.382156 MB
trie size: 0.519189 MB
Done!
build time: 1868.408625 ms (1868.408625 ns per key)
space cost: 8.575588 MB (53.296888% of original size 16.090223 MB)
Querying trie...
Done!
total time: 638.230385 ms, avg latency: 638.230385 ns
topology: 0.704411 MB, link: 2.913508 MB, data: 4.957669 MB
1868.408625,8.575588,638.230385
[PASSED]
[time 3.02 s, user 2.79 s, sys 0.20 s, maxrss 343736 KB]
[busy 311 jiffies]
[exit 0]
--- c2 case 1 rec 1   load 1.23 1.04 0.99
[TEST C2-CoCo(LOUDS-Sparse)]
Processing dataset...
Done!
Building trie...
trie size: 2.382156 MB
Done!
build time: 1807.971206 ms (1807.971206 ns per key)
space cost: 8.575588 MB (53.296888% of original size 16.090223 MB)
Querying trie...
Done!
total time: 643.914887 ms, avg latency: 643.914887 ns
topology: 0.704411 MB, link: 2.913508 MB, data: 4.957669 MB
1807.971206,8.575588,643.914887
[PASSED]
[time 2.95 s, user 2.74 s, sys 0.19 s, maxrss 343340 KB]
[busy 306 jiffies]
[exit 0]
--- c2 case 1 rec 0   load 1.21 1.03 0.99
[TEST C2-CoCo(LOUDS-Sparse)]
Processing dataset...
Done!
Building trie...
Done!
build time: 1642.727572 ms (1642.727572 ns per key)
space cost: 10.076944 MB (62.627748% of original size 16.090223 MB)
Querying trie...
Done!
total time: 626.469765 ms, avg latency: 626.469765 ns
topology: 0.428116 MB, link: 2.771456 MB, data: 6.877373 MB
1642.727572,10.076944,626.469765
[PASSED]
[time 2.77 s, user 2.57 s, sys 0.18 s, maxrss 343716 KB]
[busy 290 jiffies]
[exit 0]
--- c2 case 0 rec 2   load 1.11 1.02 0.99
[TEST C2-FST]
Processing dataset...
Done!
Building trie...
trie size: 2.382156 MB
trie size: 0.519189 MB
Done!
build time: 896.123089 ms (896.123089 ns per key)
space cost: 7.814046 MB (48.563937% of original size 16.090223 MB)
Querying trie...
Done!
total time: 435.849627 ms, avg latency: 435.849627 ns
topology: 1.289776 MB, link: 2.002253 MB, data: 4.522017 MB
--- Unary Path Analysis (FST, cutoff=4) ---
  shared unary steps in main trie: 533155
  terminal suffixes: inplace=237541 (avg len=1.85)  links=651614 (73.3% of terminal)
  link len: avg=9.49  max=219  total_chars=6184530
  link length distribution (len:count):  4:101787  5:75109  6:33236  7:70197  8:54797  9:28682  10:45020  11:39800  12:18111  13:26128  14:25316  15:13287  16:18412  17:17629  18:7811  19:11663  20:10322  21:4897  22:7909  23:6587  24:3201  25:5027  26:3953  27:2124  28:3009  29:2707  30:1318  31:2090  32:1807  33:932  34:1302  35:1246  36:576  37:856  38:792  39:335  40:596  41:485  42:228  43:398  44:289  45:126  46:187  47:184  48:83  49:123  50:115  51:56  52:76  53:79  54:43  55:73  56:58  57:28  58:35  59:27  60:9  61:32  62:19  63:18  64:20  65:11  66:19  67:16  68:13  69:6  70:14  71:16  72:6  73:9  74:5  75:5  76:7  77:5  78:2  79:17  80:2  81:7  82:8  83:7  84:3  85:7  86:7  87:3  88:3  89:2  90:4  91:3  92:3  93:1  94:1  95:3  96:5  97:1  98:4  101:2  102:1  103:1  104:1  106:2  107:1  112:2  113:1  115:1  116:1  120:1  121:1  122:1  124:1  130:1  138:1  148:1  151:1  155:2  184:1  188:1  204:1  220:1
896.123089,7.814046,435.849627
[PASSED]
[time 1.85 s, user 1.71 s, sys 0.13 s, maxrss 185992 KB]
[busy 189 jiffies]
[exit 0]
--- c2 case 0 rec 1   load 1.11 1.02 0.99
[TEST C2-FST]
Processing dataset...
Done!
Building trie...
trie size: 2.382156 MB
Done!
build time: 846.437343 ms (846.437343 ns per key)
space cost: 7.814046 MB (48.563937% of original size 16.090223 MB)
Querying trie...
Done!
total time: 437.250660 ms, avg latency: 437.250660 ns
topology: 1.289776 MB, link: 2.002253 MB, data: 4.522017 MB
--- Unary Path Analysis (FST, cutoff=4) ---
  shared unary steps in main trie: 533155
  terminal suffixes: inplace=237541 (avg len=1.85)  links=651614 (73.3% of terminal)
  link len: avg=9.49  max=219  total_chars=6184530
  link length distribution (len:count):  4:101787  5:75109  6:33236  7:70197  8:54797  9:28682  10:45020  11:39800  12:18111  13:26128  14:25316  15:13287  16:18412  17:17629  18:7811  19:11663  20:10322  21:4897  22:7909  23:6587  24:3201  25:5027  26:3953  27:2124  28:3009  29:2707  30:1318  31:2090  32:1807  33:932  34:1302  35:1246  36:576  37:856  38:792  39:335  40:596  41:485  42:228  43:398  44:289  45:126  46:187  47:184  48:83  49:123  50:115  51:56  52:76  53:79  54:43  55:73  56:58  57:28  58:35  59:27  60:9  61:32  62:19  63:18  64:20  65:11  66:19  67:16  68:13  69:6  70:14  71:16  72:6  73:9  74:5  75:5  76:7  77:5  78:2  79:17  80:2  81:7  82:8  83:7  84:3  85:7  86:7  87:3  88:3  89:2  90:4  91:3  92:3  93:1  94:1  95:3  96:5  97:1  98:4  101:2  102:1  103:1  104:1  106:2  107:1  112:2  113:1  115:1  116:1  120:1  121:1  122:1  124:1  130:1  138:1  148:1  151:1  155:2  184:1  188:1  204:1  220:1
846.437343,7.814046,437.250660
[PASSED]
[time 1.79 s, user 1.66 s, sys 0.12 s, maxrss 186280 KB]
[busy 187 jiffies]
[exit 0]
--- c2 case 0 rec 0   load 1.10 1.02 0.99
[TEST C2-FST]
Processing dataset...
Done!
Building trie...
Done!
build time: 671.570275 ms (671.570275 ns per key)
space cost: 9.315402 MB (57.894796% of original size 16.090223 MB)
Querying trie...
Done!
total time: 431.307491 ms, avg latency: 431.307491 ns
topology: 1.013481 MB, link: 1.860200 MB, data: 6.441721 MB
--- Unary Path Analysis (FST, cutoff=4) ---
  shared unary steps in main trie: 533155
  terminal suffixes: inplace=237541 (avg len=1.85)  links=651614 (73.3% of terminal)
  link len: avg=9.49  max=219  total_chars=6184530
  link length distribution (len:count):  4:101787  5:75109  6:33236  7:70197  8:54797  9:28682  10:45020  11:39800  12:18111  13:26128  14:25316  15:13287  16:18412  17:17629  18:7811  19:11663  20:10322  21:4897  22:7909  23:6587  24:3201  25:5027  26:3953  27:2124  28:3009  29:2707  30:1318  31:2090  32:1807  33:932  34:1302  35:1246  36:576  37:856  38:792  39:335  40:596  41:485  42:228  43:398  44:289  45:126  46:187  47:184  48:83  49:123  50:115  51:56  52:76  53:79  54:43  55:73  56:58  57:28  58:35  59:27  60:9  61:32  62:19  63:18  64:20  65:11  66:19  67:16  68:13  69:6  70:14  71:16  72:6  73:9  74:5  75:5  76:7  77:5  78:2  79:17  80:2  81:7  82:8  83:7  84:3  85:7  86:7  87:3  88:3  89:2  90:4  91:3  92:3  93:1  94:1  95:3  96:5  97:1  98:4  101:2  102:1  103:1  104:1  106:2  107:1  112:2  113:1  115:1  116:1  120:1  121:1  122:1  124:1  130:1  138:1  148:1  151:1  155:2  184:1  188:1  204:1  220:1
671.570275,9.315402,431.307491
[PASSED]
[time 1.59 s, user 1.47 s, sys 0.11 s, maxrss 186500 KB]
[busy 165 jiffies]
[exit 0]
--- lexindex da   load 1.10 1.02 0.99
1000000 keys
lexindex DoubleArrayIndex: build 1623 ms, size 31.692 MiB (33.232 B/key), latency cold 235.5 ns, then mean 232.7 / min 231.6 ns
1622.677,31.692200,235.470
[time 3.05 s, user 2.88 s, sys 0.15 s, maxrss 188352 KB]
[busy 312 jiffies]
[exit 0]
--- lexindex hashed16   load 1.09 1.02 0.99
1000000 keys
lexindex HashedDictIndex fp=16: build 335 ms, size 10.101 MiB (10.592 B/key), latency cold 41.7 ns, then mean 36.6 / min 36.2 ns
335.244,10.101000,41.715
[time 0.99 s, user 2.65 s, sys 0.28 s, maxrss 260876 KB]
[busy 301 jiffies]
[exit 0]
--- lexindex hashed8   load 1.01 1.00 0.98
1000000 keys
lexindex HashedDictIndex fp=8: build 337 ms, size 9.147 MiB (9.592 B/key), latency cold 40.2 ns, then mean 34.9 / min 34.7 ns
336.984,9.147326,40.213
[time 0.98 s, user 2.61 s, sys 0.30 s, maxrss 261044 KB]
[busy 300 jiffies]
[exit 0]
--- lexindex hashed0   load 1.01 1.00 0.98
1000000 keys
lexindex HashedDictIndex closed: build 338 ms, size 8.194 MiB (8.592 B/key), latency cold 35.3 ns, then mean 30.0 / min 29.9 ns
337.862,8.193651,35.261
[time 0.97 s, user 2.64 s, sys 0.27 s, maxrss 262736 KB]
[busy 301 jiffies]
[exit 0]
--- lexindex string   load 1.01 1.00 0.98
1000000 keys
lexindex StringIndex: build 771 ms, size 16.712 MiB (17.523 B/key), latency cold 288.3 ns, then mean 283.0 / min 280.7 ns
771.302,16.711605,288.293
[time 2.40 s, user 2.31 s, sys 0.08 s, maxrss 152404 KB]
[busy 247 jiffies]
[exit 0]
--- lexindex routed1024   load 1.01 1.00 0.98
1000000 keys
lexindex DictIndex block 1024 routed: build 235 ms, size 5.662 MiB (5.937 B/key), latency cold 333.4 ns, then mean 331.5 / min 329.7 ns
234.995,5.661697,333.407
[time 2.07 s, user 3.03 s, sys 0.22 s, maxrss 250416 KB]
[busy 338 jiffies]
[exit 0]
--- lexindex routed256   load 0.93 0.98 0.98
1000000 keys
lexindex DictIndex block 256 routed: build 221 ms, size 6.057 MiB (6.351 B/key), latency cold 304.0 ns, then mean 295.1 / min 291.6 ns
221.303,6.057073,303.978
[time 1.92 s, user 3.50 s, sys 0.30 s, maxrss 258704 KB]
[busy 391 jiffies]
[exit 0]
--- lexindex routed32   load 0.93 0.98 0.98
1000000 keys
lexindex DictIndex block 32 routed: build 219 ms, size 6.299 MiB (6.605 B/key), latency cold 336.5 ns, then mean 332.9 / min 326.1 ns
218.554,6.299467,336.533
[time 2.06 s, user 3.66 s, sys 0.26 s, maxrss 260632 KB]
[busy 407 jiffies]
[exit 0]
--- lexindex dict1024   load 0.93 0.98 0.98
1000000 keys
lexindex DictIndex block 1024: build 233 ms, size 5.423 MiB (5.687 B/key), latency cold 449.3 ns, then mean 447.6 / min 446.6 ns
233.174,5.423172,449.275
[time 2.53 s, user 3.47 s, sys 0.21 s, maxrss 247492 KB]
[busy 377 jiffies]
[exit 0]
--- lexindex dict256   load 0.86 0.97 0.97
1000000 keys
lexindex DictIndex block 256: build 221 ms, size 5.580 MiB (5.851 B/key), latency cold 386.0 ns, then mean 377.1 / min 374.6 ns
220.619,5.580144,386.003
[time 2.24 s, user 3.81 s, sys 0.31 s, maxrss 261372 KB]
[busy 423 jiffies]
[exit 0]
--- lexindex dict32   load 0.86 0.97 0.97
1000000 keys
lexindex DictIndex block 32: build 214 ms, size 5.823 MiB (6.105 B/key), latency cold 362.4 ns, then mean 359.0 / min 356.7 ns
214.093,5.822630,362.399
[time 2.16 s, user 3.63 s, sys 0.29 s, maxrss 258988 KB]
[busy 404 jiffies]
[exit 0]

##### titles-ru-1000000 (1000000 lines, 36819661 bytes)   round 2/3   2026-09-26T03:54:49+03:00
--- xcdat 16   load 0.87 0.97 0.97
build time: 781.142565 ms
space cost: 22.860906 MiB (66.922456% of original size 34.160291 MiB)
avg latency: 381.664475 ns
781.142565,22.860906,381.664475
[time 1.87 s, user 1.71 s, sys 0.15 s, maxrss 213240 KB]
[busy 194 jiffies]
[exit 0]
--- xcdat 15   load 0.87 0.97 0.97
build time: 822.332236 ms
space cost: 22.013930 MiB (64.443041% of original size 34.160291 MiB)
avg latency: 357.289322 ns
822.332236,22.013930,357.289322
[time 1.90 s, user 1.74 s, sys 0.15 s, maxrss 213260 KB]
[busy 196 jiffies]
[exit 0]
--- xcdat 8   load 0.88 0.97 0.97
build time: 783.595134 ms
space cost: 18.486019 MiB (54.115521% of original size 34.160291 MiB)
avg latency: 370.659716 ns
783.595134,18.486019,370.659716
[time 1.88 s, user 1.71 s, sys 0.16 s, maxrss 207556 KB]
[busy 194 jiffies]
[exit 0]
--- xcdat 7   load 0.81 0.95 0.97
build time: 837.743094 ms
space cost: 18.793670 MiB (55.016129% of original size 34.160291 MiB)
avg latency: 392.023561 ns
837.743094,18.793670,392.023561
[time 1.94 s, user 1.79 s, sys 0.14 s, maxrss 207364 KB]
[busy 201 jiffies]
[exit 0]
--- c2 case 8 rec 0   load 0.81 0.95 0.97
[TEST CART]
Processing dataset...
Done!
Building trie...
Done!
build time: 298.030817 ms (298.030817 ns per key)
space cost: 17.935776 MB (52.504752% of original size 34.160291 MB)
Querying trie...
Done!
total time: 671.265473 ms, avg latency: 671.265473 ns
not implemented
298.030817,17.935776,671.265473
[PASSED]
[time 1.71 s, user 1.59 s, sys 0.11 s, maxrss 228444 KB]
[busy 177 jiffies]
[exit 0]
--- c2 case 7 rec 0   load 0.82 0.95 0.97
[TEST ART]
Processing dataset...
Done!
Building trie...
Done!
build time: 232.725631 ms (232.725631 ns per key)
space cost: 37.032776 MB (108.408843% of original size 34.160291 MB)
Querying trie...
Done!
total time: 595.806415 ms, avg latency: 595.806415 ns
not implemented
232.725631,37.032776,595.806415
[PASSED]
[time 1.57 s, user 1.43 s, sys 0.13 s, maxrss 238996 KB]
[busy 164 jiffies]
[exit 0]
--- c2 case 6 rec 0   load 0.82 0.95 0.97
[TEST PDT]
Processing dataset...
Done!
Building trie...
dict size: 149058, stream size: 8676288
Done!
build time: 2771.534613 ms (2771.534613 ns per key)
space cost: 9.692565 MB (28.373778% of original size 34.160291 MB)
Querying trie...
Done!
total time: 774.990846 ms, avg latency: 774.990846 ns
not implemented
2771.534613,9.692565,774.990846
[PASSED]
[time 4.27 s, user 4.04 s, sys 0.20 s, maxrss 238364 KB]
[busy 441 jiffies]
[exit 0]
--- c2 case 5 rec 2   load 0.84 0.95 0.97
[TEST MARISA]
Processing dataset...
Done!
Building trie...
Done!
build time: 1013.015073 ms (1013.015073 ns per key)
space cost: 8.209226 MB (24.031487% of original size 34.160291 MB)
Querying trie...
Done!
total time: 1228.651421 ms, avg latency: 1228.651421 ns
not implemented
1013.015073,8.209226,1228.651421
[PASSED]
[time 2.93 s, user 2.77 s, sys 0.14 s, maxrss 231196 KB]
[busy 301 jiffies]
[exit 0]
--- c2 case 5 rec 1   load 0.85 0.96 0.97
[TEST MARISA]
Processing dataset...
Done!
Building trie...
Done!
build time: 964.282969 ms (964.282969 ns per key)
space cost: 9.445531 MB (27.650616% of original size 34.160291 MB)
Querying trie...
Done!
total time: 1097.277293 ms, avg latency: 1097.277293 ns
not implemented
964.282969,9.445531,1097.277293
[PASSED]
[time 2.76 s, user 2.60 s, sys 0.14 s, maxrss 231172 KB]
[busy 284 jiffies]
[exit 0]
--- c2 case 5 rec 0   load 0.86 0.96 0.97
[TEST MARISA]
Processing dataset...
Done!
Building trie...
Done!
build time: 760.854892 ms (760.854892 ns per key)
space cost: 14.925114 MB (43.691413% of original size 34.160291 MB)
Querying trie...
Done!
total time: 694.481698 ms, avg latency: 694.481698 ns
not implemented
760.854892,14.925114,694.481698
[PASSED]
[time 2.17 s, user 2.02 s, sys 0.14 s, maxrss 231288 KB]
[busy 223 jiffies]
[exit 0]
--- c2 case 4 rec 0   skipped: exit 134 in round 1
--- c2 case 3 rec 0   load 0.86 0.96 0.97
[TEST FST]
Processing dataset...
Done!
Building trie...
Done!
build time: 1152.206391 ms (1152.206391 ns per key)
space cost: 15.406425 MB (45.100393% of original size 34.160291 MB)
Querying trie...
Done!
total time: 1207.391451 ms, avg latency: 1207.391451 ns
not implemented
1152.206391,15.406425,1207.391451
[PASSED]
[time 3.08 s, user 2.95 s, sys 0.11 s, maxrss 177124 KB]
[busy 318 jiffies]
[exit 0]
--- c2 case 2 rec 2   load 0.87 0.96 0.97
[TEST C2-MARISA]
Processing dataset...
Done!
Building trie...
trie size: 2.484302 MB
trie size: 4.015308 MB
trie size: 1.015766 MB
Done!
build time: 1788.712646 ms (1788.712646 ns per key)
space cost: 8.714260 MB (25.509912% of original size 34.160291 MB)
Querying trie...
Done!
total time: 385.919341 ms, avg latency: 385.919341 ns
topology: 1.481594 MB, link: 3.266720 MB, data: 3.945438 MB
--- Unary Path Analysis (Marisa, cutoff=3) ---
  branches: 1657128  |  single-char: 447774 (27.0%)  short-unary: 128432 (7.8%)  links: 1080922 (65.2%)
  link len: avg=17.77  max=240  total_chars=19212544
  link length distribution (len:count):  3:87321  4:48292  5:58975  6:36358  7:58121  8:33015  9:59626  10:32247  11:55687  12:30072  13:49121  14:27545  15:39628  16:26319  17:32373  18:20972  19:27510  20:17247  21:17760  22:15297  23:13707  24:14933  25:12396  26:15583  27:11863  28:17395  29:11704  30:17896  31:12395  32:17216  33:11862  34:15819  35:11459  36:13046  37:10194  38:10344  39:8104  40:8139  41:6769  42:6000  43:5033  44:5077  45:3963  46:3720  47:3456  48:2871  49:2663  50:2321  51:2168  52:1981  53:1813  54:1693  55:1597  56:1488  57:1344  58:1172  59:1122  60:1025  61:904  62:871  63:814  64:834  65:767  66:626  67:663  68:607  69:568  70:524  71:545  72:489  73:428  74:436  75:441  76:375  77:319  78:357  79:299  80:304  81:282  82:274  83:213  84:203  85:208  86:189  87:193  88:179  89:159  90:153  91:146  92:153  93:110  94:115  95:107  96:113  97:98  98:81  99:92  100:91  101:100  102:69  103:62  104:60  105:53  106:53  107:55  108:63  109:50  110:63  111:44  112:45  113:43  114:49  115:38  116:32  117:45  118:31  119:36  120:28  121:37  122:28  123:24  124:20  125:19  126:32  127:29  128:26  129:15  130:19  131:30  132:11  133:22  134:9  135:11  136:14  137:18  138:15  139:6  140:8  141:14  142:16  143:8  144:10  145:14  146:12  147:8  148:11  149:7  150:9  151:6  152:12  153:9  154:13  155:7  156:5  157:6  158:3  159:8  160:4  161:7  162:11  163:6  164:11  165:3  166:5  167:7  168:4  169:5  170:6  171:3  172:4  173:3  174:9  175:4  176:1  177:4  178:5  179:7  180:4  181:4  182:2  183:6  184:7  185:4  186:2  187:3  188:2  189:2  191:1  192:1  193:3  194:3  195:2  197:2  198:2  199:4  201:1  203:1  206:2  208:2  209:1  211:2  213:2  214:1  218:2  219:2  221:1  223:1  229:2  235:1  240:1
  short unary avg len: 2.00
1788.712646,8.714260,385.919341
[PASSED]
[time 2.90 s, user 2.71 s, sys 0.17 s, maxrss 227040 KB]
[busy 300 jiffies]
[exit 0]
--- c2 case 2 rec 1   load 0.89 0.96 0.97
[TEST C2-MARISA]
Processing dataset...
Done!
Building trie...
trie size: 2.484302 MB
trie size: 4.015308 MB
Done!
build time: 1660.417414 ms (1660.417414 ns per key)
space cost: 9.221785 MB (26.995627% of original size 34.160291 MB)
Querying trie...
Done!
total time: 389.732086 ms, avg latency: 389.732086 ns
topology: 1.302711 MB, link: 3.189349 MB, data: 4.709216 MB
--- Unary Path Analysis (Marisa, cutoff=3) ---
  branches: 1657128  |  single-char: 447774 (27.0%)  short-unary: 128432 (7.8%)  links: 1080922 (65.2%)
  link len: avg=17.77  max=240  total_chars=19212544
  link length distribution (len:count):  3:87321  4:48292  5:58975  6:36358  7:58121  8:33015  9:59626  10:32247  11:55687  12:30072  13:49121  14:27545  15:39628  16:26319  17:32373  18:20972  19:27510  20:17247  21:17760  22:15297  23:13707  24:14933  25:12396  26:15583  27:11863  28:17395  29:11704  30:17896  31:12395  32:17216  33:11862  34:15819  35:11459  36:13046  37:10194  38:10344  39:8104  40:8139  41:6769  42:6000  43:5033  44:5077  45:3963  46:3720  47:3456  48:2871  49:2663  50:2321  51:2168  52:1981  53:1813  54:1693  55:1597  56:1488  57:1344  58:1172  59:1122  60:1025  61:904  62:871  63:814  64:834  65:767  66:626  67:663  68:607  69:568  70:524  71:545  72:489  73:428  74:436  75:441  76:375  77:319  78:357  79:299  80:304  81:282  82:274  83:213  84:203  85:208  86:189  87:193  88:179  89:159  90:153  91:146  92:153  93:110  94:115  95:107  96:113  97:98  98:81  99:92  100:91  101:100  102:69  103:62  104:60  105:53  106:53  107:55  108:63  109:50  110:63  111:44  112:45  113:43  114:49  115:38  116:32  117:45  118:31  119:36  120:28  121:37  122:28  123:24  124:20  125:19  126:32  127:29  128:26  129:15  130:19  131:30  132:11  133:22  134:9  135:11  136:14  137:18  138:15  139:6  140:8  141:14  142:16  143:8  144:10  145:14  146:12  147:8  148:11  149:7  150:9  151:6  152:12  153:9  154:13  155:7  156:5  157:6  158:3  159:8  160:4  161:7  162:11  163:6  164:11  165:3  166:5  167:7  168:4  169:5  170:6  171:3  172:4  173:3  174:9  175:4  176:1  177:4  178:5  179:7  180:4  181:4  182:2  183:6  184:7  185:4  186:2  187:3  188:2  189:2  191:1  192:1  193:3  194:3  195:2  197:2  198:2  199:4  201:1  203:1  206:2  208:2  209:1  211:2  213:2  214:1  218:2  219:2  221:1  223:1  229:2  235:1  240:1
  short unary avg len: 2.00
1660.417414,9.221785,389.732086
[PASSED]
[time 2.78 s, user 2.59 s, sys 0.17 s, maxrss 227376 KB]
[busy 286 jiffies]
[exit 0]
--- c2 case 2 rec 0   load 0.89 0.96 0.97
[TEST C2-MARISA]
Processing dataset...
Done!
Building trie...
trie size: 2.484302 MB
Done!
build time: 1221.053063 ms (1221.053063 ns per key)
space cost: 12.012337 MB (35.164621% of original size 34.160291 MB)
Querying trie...
Done!
total time: 544.769470 ms, avg latency: 544.769470 ns
topology: 0.823292 MB, link: 2.965906 MB, data: 8.202631 MB
--- Unary Path Analysis (Marisa, cutoff=3) ---
  branches: 1657128  |  single-char: 447774 (27.0%)  short-unary: 128432 (7.8%)  links: 1080922 (65.2%)
  link len: avg=17.77  max=240  total_chars=19212544
  link length distribution (len:count):  3:87321  4:48292  5:58975  6:36358  7:58121  8:33015  9:59626  10:32247  11:55687  12:30072  13:49121  14:27545  15:39628  16:26319  17:32373  18:20972  19:27510  20:17247  21:17760  22:15297  23:13707  24:14933  25:12396  26:15583  27:11863  28:17395  29:11704  30:17896  31:12395  32:17216  33:11862  34:15819  35:11459  36:13046  37:10194  38:10344  39:8104  40:8139  41:6769  42:6000  43:5033  44:5077  45:3963  46:3720  47:3456  48:2871  49:2663  50:2321  51:2168  52:1981  53:1813  54:1693  55:1597  56:1488  57:1344  58:1172  59:1122  60:1025  61:904  62:871  63:814  64:834  65:767  66:626  67:663  68:607  69:568  70:524  71:545  72:489  73:428  74:436  75:441  76:375  77:319  78:357  79:299  80:304  81:282  82:274  83:213  84:203  85:208  86:189  87:193  88:179  89:159  90:153  91:146  92:153  93:110  94:115  95:107  96:113  97:98  98:81  99:92  100:91  101:100  102:69  103:62  104:60  105:53  106:53  107:55  108:63  109:50  110:63  111:44  112:45  113:43  114:49  115:38  116:32  117:45  118:31  119:36  120:28  121:37  122:28  123:24  124:20  125:19  126:32  127:29  128:26  129:15  130:19  131:30  132:11  133:22  134:9  135:11  136:14  137:18  138:15  139:6  140:8  141:14  142:16  143:8  144:10  145:14  146:12  147:8  148:11  149:7  150:9  151:6  152:12  153:9  154:13  155:7  156:5  157:6  158:3  159:8  160:4  161:7  162:11  163:6  164:11  165:3  166:5  167:7  168:4  169:5  170:6  171:3  172:4  173:3  174:9  175:4  176:1  177:4  178:5  179:7  180:4  181:4  182:2  183:6  184:7  185:4  186:2  187:3  188:2  189:2  191:1  192:1  193:3  194:3  195:2  197:2  198:2  199:4  201:1  203:1  206:2  208:2  209:1  211:2  213:2  214:1  218:2  219:2  221:1  223:1  229:2  235:1  240:1
  short unary avg len: 2.00
1221.053063,12.012337,544.769470
[PASSED]
[time 2.47 s, user 2.31 s, sys 0.15 s, maxrss 243520 KB]
[busy 256 jiffies]
[exit 0]
--- c2 case 1 rec 2   load 0.82 0.94 0.97
[TEST C2-CoCo(LOUDS-Sparse)]
Processing dataset...
Done!
Building trie...
trie size: 3.233313 MB
trie size: 0.910584 MB
Done!
build time: 4014.473150 ms (4014.473150 ns per key)
space cost: 12.113895 MB (35.461921% of original size 34.160291 MB)
Querying trie...
Done!
total time: 1046.217124 ms, avg latency: 1046.217124 ns
topology: 0.884426 MB, link: 4.023585 MB, data: 7.205884 MB
4014.473150,12.113895,1046.217124
[PASSED]
[time 5.79 s, user 5.53 s, sys 0.24 s, maxrss 432668 KB]
[busy 597 jiffies]
[exit 0]
--- c2 case 1 rec 1   load 0.84 0.94 0.97
[TEST C2-CoCo(LOUDS-Sparse)]
Processing dataset...
Done!
Building trie...
trie size: 3.233313 MB
Done!
build time: 3896.848740 ms (3896.848740 ns per key)
space cost: 12.113895 MB (35.461921% of original size 34.160291 MB)
Querying trie...
Done!
total time: 1040.176763 ms, avg latency: 1040.176763 ns
topology: 0.884426 MB, link: 4.023585 MB, data: 7.205884 MB
3896.848740,12.113895,1040.176763
[PASSED]
[time 5.65 s, user 5.39 s, sys 0.23 s, maxrss 432536 KB]
[busy 581 jiffies]
[exit 0]
--- c2 case 1 rec 0   load 0.85 0.95 0.97
[TEST C2-CoCo(LOUDS-Sparse)]
Processing dataset...
Done!
Building trie...
Done!
build time: 3490.647436 ms (3490.647436 ns per key)
space cost: 14.618523 MB (42.793905% of original size 34.160291 MB)
Querying trie...
Done!
total time: 1005.305486 ms, avg latency: 1005.305486 ns
topology: 0.472511 MB, link: 3.816133 MB, data: 10.329878 MB
3490.647436,14.618523,1005.305486
[PASSED]
[time 5.20 s, user 4.94 s, sys 0.24 s, maxrss 445972 KB]
[busy 538 jiffies]
[exit 0]
--- c2 case 0 rec 2   load 0.86 0.95 0.97
[TEST C2-FST]
Processing dataset...
Done!
Building trie...
trie size: 3.233313 MB
trie size: 0.910584 MB
Done!
build time: 1820.496602 ms (1820.496602 ns per key)
space cost: 10.950089 MB (32.055021% of original size 34.160291 MB)
Querying trie...
Done!
total time: 744.079299 ms, avg latency: 744.079299 ns
topology: 1.728611 MB, link: 2.656099 MB, data: 6.565378 MB
--- Unary Path Analysis (FST, cutoff=4) ---
  shared unary steps in main trie: 1444849
  terminal suffixes: inplace=70261 (avg len=2.02)  links=837902 (92.3% of terminal)
  link len: avg=18.90  max=238  total_chars=15835418
  link length distribution (len:count):  4:38002  5:25136  6:46678  7:25626  8:51081  9:27061  10:49555  11:26346  12:44099  13:24737  14:35638  15:24081  16:29538  17:19279  18:25434  19:16078  20:16463  21:14405  22:12877  23:14367  24:11738  25:15079  26:11391  27:16946  28:11354  29:17411  30:12058  31:16873  32:11600  33:15555  34:11210  35:12790  36:9994  37:10106  38:7923  39:7962  40:6648  41:5829  42:4930  43:4945  44:3895  45:3528  46:3382  47:2749  48:2598  49:2269  50:2117  51:1901  52:1753  53:1665  54:1553  55:1449  56:1305  57:1145  58:1092  59:1004  60:875  61:848  62:788  63:815  64:741  65:605  66:640  67:594  68:554  69:512  70:530  71:482  72:415  73:428  74:424  75:368  76:310  77:349  78:289  79:299  80:274  81:267  82:209  83:198  84:204  85:187  86:188  87:169  88:154  89:148  90:143  91:149  92:108  93:110  94:105  95:111  96:95  97:79  98:91  99:85  100:98  101:68  102:61  103:57  104:50  105:52  106:54  107:61  108:50  109:62  110:44  111:43  112:42  113:44  114:37  115:29  116:42  117:29  118:35  119:28  120:37  121:28  122:24  123:19  124:19  125:31  126:29  127:26  128:15  129:19  130:30  131:11  132:22  133:9  134:11  135:14  136:17  137:15  138:6  139:7  140:14  141:16  142:8  143:9  144:14  145:12  146:8  147:11  148:7  149:9  150:6  151:12  152:9  153:13  154:7  155:5  156:6  157:3  158:8  159:4  160:7  161:11  162:5  163:11  164:3  165:5  166:7  167:4  168:4  169:6  170:3  171:4  172:3  173:9  174:4  175:1  176:4  177:5  178:6  179:4  180:4  181:2  182:6  183:7  184:4  185:2  186:3  187:2  188:2  190:1  191:1  192:3  193:3  194:2  196:2  197:2  198:4  200:1  202:1  205:2  207:2  208:1  210:2  212:2  213:1  217:2  218:2  220:1  222:1  228:2  234:1  239:1
1820.496602,10.950089,744.079299
[PASSED]
[time 3.29 s, user 3.12 s, sys 0.15 s, maxrss 215392 KB]
[busy 338 jiffies]
[exit 0]
--- c2 case 0 rec 1   load 0.87 0.95 0.97
[TEST C2-FST]
Processing dataset...
Done!
Building trie...
trie size: 3.233313 MB
Done!
build time: 1667.128695 ms (1667.128695 ns per key)
space cost: 10.950089 MB (32.055021% of original size 34.160291 MB)
Querying trie...
Done!
total time: 743.089900 ms, avg latency: 743.089900 ns
topology: 1.728611 MB, link: 2.656099 MB, data: 6.565378 MB
--- Unary Path Analysis (FST, cutoff=4) ---
  shared unary steps in main trie: 1444849
  terminal suffixes: inplace=70261 (avg len=2.02)  links=837902 (92.3% of terminal)
  link len: avg=18.90  max=238  total_chars=15835418
  link length distribution (len:count):  4:38002  5:25136  6:46678  7:25626  8:51081  9:27061  10:49555  11:26346  12:44099  13:24737  14:35638  15:24081  16:29538  17:19279  18:25434  19:16078  20:16463  21:14405  22:12877  23:14367  24:11738  25:15079  26:11391  27:16946  28:11354  29:17411  30:12058  31:16873  32:11600  33:15555  34:11210  35:12790  36:9994  37:10106  38:7923  39:7962  40:6648  41:5829  42:4930  43:4945  44:3895  45:3528  46:3382  47:2749  48:2598  49:2269  50:2117  51:1901  52:1753  53:1665  54:1553  55:1449  56:1305  57:1145  58:1092  59:1004  60:875  61:848  62:788  63:815  64:741  65:605  66:640  67:594  68:554  69:512  70:530  71:482  72:415  73:428  74:424  75:368  76:310  77:349  78:289  79:299  80:274  81:267  82:209  83:198  84:204  85:187  86:188  87:169  88:154  89:148  90:143  91:149  92:108  93:110  94:105  95:111  96:95  97:79  98:91  99:85  100:98  101:68  102:61  103:57  104:50  105:52  106:54  107:61  108:50  109:62  110:44  111:43  112:42  113:44  114:37  115:29  116:42  117:29  118:35  119:28  120:37  121:28  122:24  123:19  124:19  125:31  126:29  127:26  128:15  129:19  130:30  131:11  132:22  133:9  134:11  135:14  136:17  137:15  138:6  139:7  140:14  141:16  142:8  143:9  144:14  145:12  146:8  147:11  148:7  149:9  150:6  151:12  152:9  153:13  154:7  155:5  156:6  157:3  158:8  159:4  160:7  161:11  162:5  163:11  164:3  165:5  166:7  167:4  168:4  169:6  170:3  171:4  172:3  173:9  174:4  175:1  176:4  177:5  178:6  179:4  180:4  181:2  182:6  183:7  184:4  185:2  186:3  187:2  188:2  190:1  191:1  192:3  193:3  194:2  196:2  197:2  198:4  200:1  202:1  205:2  207:2  208:1  210:2  212:2  213:1  217:2  218:2  220:1  222:1  228:2  234:1  239:1
1667.128695,10.950089,743.089900
[PASSED]
[time 3.13 s, user 2.97 s, sys 0.14 s, maxrss 215752 KB]
[busy 327 jiffies]
[exit 0]
--- c2 case 0 rec 0   load 0.88 0.95 0.97
[TEST C2-FST]
Processing dataset...
Done!
Building trie...
Done!
build time: 1292.369976 ms (1292.369976 ns per key)
space cost: 13.454716 MB (39.387006% of original size 34.160291 MB)
Querying trie...
Done!
total time: 741.690210 ms, avg latency: 741.690210 ns
topology: 1.316696 MB, link: 2.448647 MB, data: 9.689372 MB
--- Unary Path Analysis (FST, cutoff=4) ---
  shared unary steps in main trie: 1444849
  terminal suffixes: inplace=70261 (avg len=2.02)  links=837902 (92.3% of terminal)
  link len: avg=18.90  max=238  total_chars=15835418
  link length distribution (len:count):  4:38002  5:25136  6:46678  7:25626  8:51081  9:27061  10:49555  11:26346  12:44099  13:24737  14:35638  15:24081  16:29538  17:19279  18:25434  19:16078  20:16463  21:14405  22:12877  23:14367  24:11738  25:15079  26:11391  27:16946  28:11354  29:17411  30:12058  31:16873  32:11600  33:15555  34:11210  35:12790  36:9994  37:10106  38:7923  39:7962  40:6648  41:5829  42:4930  43:4945  44:3895  45:3528  46:3382  47:2749  48:2598  49:2269  50:2117  51:1901  52:1753  53:1665  54:1553  55:1449  56:1305  57:1145  58:1092  59:1004  60:875  61:848  62:788  63:815  64:741  65:605  66:640  67:594  68:554  69:512  70:530  71:482  72:415  73:428  74:424  75:368  76:310  77:349  78:289  79:299  80:274  81:267  82:209  83:198  84:204  85:187  86:188  87:169  88:154  89:148  90:143  91:149  92:108  93:110  94:105  95:111  96:95  97:79  98:91  99:85  100:98  101:68  102:61  103:57  104:50  105:52  106:54  107:61  108:50  109:62  110:44  111:43  112:42  113:44  114:37  115:29  116:42  117:29  118:35  119:28  120:37  121:28  122:24  123:19  124:19  125:31  126:29  127:26  128:15  129:19  130:30  131:11  132:22  133:9  134:11  135:14  136:17  137:15  138:6  139:7  140:14  141:16  142:8  143:9  144:14  145:12  146:8  147:11  148:7  149:9  150:6  151:12  152:9  153:13  154:7  155:5  156:6  157:3  158:8  159:4  160:7  161:11  162:5  163:11  164:3  165:5  166:7  167:4  168:4  169:6  170:3  171:4  172:3  173:9  174:4  175:1  176:4  177:5  178:6  179:4  180:4  181:2  182:6  183:7  184:4  185:2  186:3  187:2  188:2  190:1  191:1  192:3  193:3  194:2  196:2  197:2  198:4  200:1  202:1  205:2  207:2  208:1  210:2  212:2  213:1  217:2  218:2  220:1  222:1  228:2  234:1  239:1
1292.369976,13.454716,741.690210
[PASSED]
[time 2.75 s, user 2.61 s, sys 0.13 s, maxrss 227116 KB]
[busy 285 jiffies]
[exit 0]
--- lexindex da   skipped: exit 3 in round 1
--- lexindex hashed16   load 0.89 0.95 0.97
1000000 keys
lexindex HashedDictIndex fp=16: build 456 ms, size 11.065 MiB (11.602 B/key), latency cold 63.9 ns, then mean 62.7 / min 62.5 ns
455.747,11.064662,63.858
[time 1.29 s, user 3.75 s, sys 0.31 s, maxrss 305804 KB]
[busy 418 jiffies]
[exit 0]
--- lexindex hashed8   load 0.89 0.95 0.97
1000000 keys
lexindex HashedDictIndex fp=8: build 455 ms, size 10.111 MiB (10.602 B/key), latency cold 62.7 ns, then mean 61.7 / min 61.6 ns
455.058,10.110988,62.718
[time 1.28 s, user 3.66 s, sys 0.35 s, maxrss 304168 KB]
[busy 414 jiffies]
[exit 0]
--- lexindex hashed0   load 2.10 1.20 1.05
1000000 keys
lexindex HashedDictIndex closed: build 457 ms, size 9.157 MiB (9.602 B/key), latency cold 53.8 ns, then mean 51.4 / min 51.3 ns
457.414,9.157313,53.844
[time 1.24 s, user 3.60 s, sys 0.32 s, maxrss 302432 KB]
[busy 405 jiffies]
[exit 0]
--- lexindex string   load 2.10 1.20 1.05
1000000 keys
lexindex StringIndex: build 1471 ms, size 30.276 MiB (31.746 B/key), latency cold 561.1 ns, then mean 554.0 / min 551.3 ns
1471.220,30.275526,561.053
[time 4.26 s, user 4.14 s, sys 0.10 s, maxrss 213240 KB]
[busy 437 jiffies]
[exit 0]
--- lexindex routed1024   load 2.02 1.20 1.05
1000000 keys
lexindex DictIndex block 1024 routed: build 305 ms, size 6.626 MiB (6.948 B/key), latency cold 439.6 ns, then mean 436.9 / min 435.7 ns
304.832,6.626197,439.616
[time 2.65 s, user 4.16 s, sys 0.28 s, maxrss 302840 KB]
[busy 457 jiffies]
[exit 0]
--- lexindex routed256   load 1.93 1.19 1.05
1000000 keys
lexindex DictIndex block 256 routed: build 288 ms, size 7.021 MiB (7.362 B/key), latency cold 413.2 ns, then mean 408.9 / min 405.8 ns
288.048,7.020744,413.196
[time 2.51 s, user 4.92 s, sys 0.33 s, maxrss 300256 KB]
[busy 542 jiffies]
[exit 0]
--- lexindex routed32   load 1.86 1.19 1.05
1000000 keys
lexindex DictIndex block 32 routed: build 277 ms, size 7.440 MiB (7.802 B/key), latency cold 431.3 ns, then mean 419.4 / min 414.5 ns
277.388,7.440177,431.273
[time 2.55 s, user 4.83 s, sys 0.33 s, maxrss 302368 KB]
[busy 531 jiffies]
[exit 0]
--- lexindex dict1024   load 1.71 1.17 1.04
1000000 keys
lexindex DictIndex block 1024: build 302 ms, size 6.388 MiB (6.698 B/key), latency cold 531.4 ns, then mean 528.8 / min 526.6 ns
301.990,6.387671,531.353
[time 3.00 s, user 4.49 s, sys 0.29 s, maxrss 301128 KB]
[busy 493 jiffies]
[exit 0]
--- lexindex dict256   load 1.71 1.17 1.04
1000000 keys
lexindex DictIndex block 256: build 284 ms, size 6.544 MiB (6.862 B/key), latency cold 475.0 ns, then mean 471.2 / min 469.5 ns
283.788,6.543816,475.041
[time 2.75 s, user 5.13 s, sys 0.31 s, maxrss 300972 KB]
[busy 563 jiffies]
[exit 0]
--- lexindex dict32   load 1.65 1.17 1.04
1000000 keys
lexindex DictIndex block 32: build 279 ms, size 6.963 MiB (7.302 B/key), latency cold 450.3 ns, then mean 447.2 / min 445.0 ns
279.330,6.963340,450.330
[time 2.66 s, user 4.98 s, sys 0.31 s, maxrss 300836 KB]
[busy 547 jiffies]
[exit 0]

##### titles-en-1000000 (1000000 lines, 21984647 bytes)   round 2/3   2026-09-26T03:56:44+03:00
--- xcdat 16   load 1.60 1.16 1.04
build time: 608.553468 ms
space cost: 16.875467 MiB (84.324554% of original size 20.012519 MiB)
avg latency: 260.725937 ns
608.553468,16.875467,260.725937
[time 1.45 s, user 1.32 s, sys 0.12 s, maxrss 164496 KB]
[busy 149 jiffies]
[exit 0]
--- xcdat 15   load 1.60 1.16 1.04
build time: 637.502257 ms
space cost: 16.333202 MiB (81.614925% of original size 20.012519 MiB)
avg latency: 241.964512 ns
637.502257,16.333202,241.964512
[time 1.47 s, user 1.36 s, sys 0.10 s, maxrss 163496 KB]
[busy 152 jiffies]
[exit 0]
--- xcdat 8   load 1.55 1.16 1.04
build time: 605.724303 ms
space cost: 14.333878 MiB (71.624555% of original size 20.012519 MiB)
avg latency: 258.546391 ns
605.724303,14.333878,258.546391
[time 1.44 s, user 1.34 s, sys 0.09 s, maxrss 161200 KB]
[busy 150 jiffies]
[exit 0]
--- xcdat 7   load 1.55 1.16 1.04
build time: 643.971233 ms
space cost: 14.813288 MiB (74.020106% of original size 20.012519 MiB)
avg latency: 264.410611 ns
643.971233,14.813288,264.410611
[time 1.50 s, user 1.38 s, sys 0.11 s, maxrss 161432 KB]
[busy 156 jiffies]
[exit 0]
--- c2 case 8 rec 0   load 1.51 1.16 1.04
[TEST CART]
Processing dataset...
Done!
Building trie...
Done!
build time: 214.497487 ms (214.497487 ns per key)
space cost: 14.850546 MB (74.206280% of original size 20.012519 MB)
Querying trie...
Done!
total time: 455.853115 ms, avg latency: 455.853115 ns
not implemented
214.497487,14.850546,455.853115
[PASSED]
[time 1.25 s, user 1.15 s, sys 0.09 s, maxrss 163800 KB]
[busy 131 jiffies]
[exit 0]
--- c2 case 7 rec 0   load 1.51 1.16 1.04
[TEST ART]
Processing dataset...
Done!
Building trie...
Done!
build time: 161.618071 ms (161.618071 ns per key)
space cost: 32.696541 MB (163.380437% of original size 20.012519 MB)
Querying trie...
Done!
total time: 404.901662 ms, avg latency: 404.901662 ns
not implemented
161.618071,32.696541,404.901662
[PASSED]
[time 1.16 s, user 1.05 s, sys 0.10 s, maxrss 176564 KB]
[busy 120 jiffies]
[exit 0]
--- c2 case 6 rec 0   load 1.39 1.14 1.03
[TEST PDT]
Processing dataset...
Done!
Building trie...
dict size: 157446, stream size: 7395682
Done!
build time: 3450.838661 ms (3450.838661 ns per key)
space cost: 8.479283 MB (42.369895% of original size 20.012519 MB)
Querying trie...
Done!
total time: 646.554337 ms, avg latency: 646.554337 ns
not implemented
3450.838661,8.479283,646.554337
[PASSED]
[time 4.68 s, user 4.47 s, sys 0.18 s, maxrss 256668 KB]
[busy 482 jiffies]
[exit 0]
--- c2 case 5 rec 2   load 1.35 1.14 1.03
[TEST MARISA]
Processing dataset...
Done!
Building trie...
Done!
build time: 835.218290 ms (835.218290 ns per key)
space cost: 7.806685 MB (39.009010% of original size 20.012519 MB)
Querying trie...
Done!
total time: 891.959194 ms, avg latency: 891.959194 ns
not implemented
835.218290,7.806685,891.959194
[PASSED]
[time 2.30 s, user 2.14 s, sys 0.14 s, maxrss 195284 KB]
[busy 235 jiffies]
[exit 0]
--- c2 case 5 rec 1   load 1.35 1.14 1.03
[TEST MARISA]
Processing dataset...
Done!
Building trie...
Done!
build time: 772.055630 ms (772.055630 ns per key)
space cost: 8.680676 MB (43.376231% of original size 20.012519 MB)
Querying trie...
Done!
total time: 784.845654 ms, avg latency: 784.845654 ns
not implemented
772.055630,8.680676,784.845654
[PASSED]
[time 2.13 s, user 1.98 s, sys 0.13 s, maxrss 195308 KB]
[busy 218 jiffies]
[exit 0]
--- c2 case 5 rec 0   load 1.25 1.12 1.03
[TEST MARISA]
Processing dataset...
Done!
Building trie...
Done!
build time: 605.372802 ms (605.372802 ns per key)
space cost: 12.537066 MB (62.646119% of original size 20.012519 MB)
Querying trie...
Done!
total time: 509.996037 ms, avg latency: 509.996037 ns
not implemented
605.372802,12.537066,509.996037
[PASSED]
[time 1.70 s, user 1.55 s, sys 0.13 s, maxrss 195160 KB]
[busy 177 jiffies]
[exit 0]
--- c2 case 4 rec 0   skipped: exit 134 in round 1
--- c2 case 3 rec 0   load 1.15 1.10 1.02
[TEST FST]
Processing dataset...
Done!
Building trie...
Done!
build time: 799.635285 ms (799.635285 ns per key)
space cost: 12.223534 MB (61.079436% of original size 20.012519 MB)
Querying trie...
Done!
total time: 686.154301 ms, avg latency: 686.154301 ns
not implemented
799.635285,12.223534,686.154301
[PASSED]
[time 2.07 s, user 2.00 s, sys 0.06 s, maxrss 131180 KB]
[busy 214 jiffies]
[exit 0]
--- c2 case 2 rec 2   load 1.15 1.10 1.02
[TEST C2-MARISA]
Processing dataset...
Done!
Building trie...
trie size: 2.238578 MB
trie size: 3.821277 MB
trie size: 1.037524 MB
Done!
build time: 1555.330512 ms (1555.330512 ns per key)
space cost: 8.586061 MB (42.903452% of original size 20.012519 MB)
Querying trie...
Done!
total time: 497.272708 ms, avg latency: 497.272708 ns
topology: 1.213478 MB, link: 2.963206 MB, data: 4.388869 MB
--- Unary Path Analysis (Marisa, cutoff=3) ---
  branches: 1523874  |  single-char: 417651 (27.4%)  short-unary: 97461 (6.4%)  links: 1008762 (66.2%)
  link len: avg=12.11  max=234  total_chars=12215333
  link length distribution (len:count):  3:76859  4:82017  5:81216  6:79010  7:72564  8:64127  9:55531  10:50303  11:44703  12:39548  13:35394  14:31778  15:31462  16:28952  17:25995  18:23521  19:19840  20:18044  21:16382  22:14569  23:12399  24:11015  25:9715  26:8556  27:8141  28:7267  29:6255  30:5853  31:5207  32:4578  33:4049  34:3736  35:3293  36:2910  37:2688  38:2423  39:2074  40:1908  41:1670  42:1511  43:1333  44:1158  45:939  46:855  47:728  48:689  49:615  50:544  51:465  52:457  53:344  54:344  55:284  56:276  57:242  58:216  59:216  60:177  61:159  62:140  63:127  64:109  65:95  66:79  67:80  68:79  69:75  70:69  71:69  72:55  73:51  74:42  75:46  76:42  77:35  78:41  79:38  80:39  81:21  82:18  83:21  84:19  85:14  86:18  87:14  88:15  89:11  90:14  91:13  92:7  93:5  94:8  95:7  96:5  97:9  98:8  99:5  100:7  101:11  102:5  103:6  104:3  105:3  106:3  107:5  108:4  109:5  110:1  111:2  112:6  113:1  114:1  115:1  116:4  117:1  119:1  120:2  122:2  124:2  126:1  127:1  129:1  130:1  132:1  133:2  135:1  136:1  137:1  138:3  139:1  140:1  142:2  146:1  153:1  155:1  157:1  160:3  166:1  169:1  175:1  176:1  180:1  182:1  200:1  202:1  203:1  205:1  208:1  217:1  218:1  220:1  234:1
  short unary avg len: 2.00
1555.330512,8.586061,497.272708
[PASSED]
[time 2.62 s, user 2.46 s, sys 0.15 s, maxrss 197328 KB]
[busy 271 jiffies]
[exit 0]
--- c2 case 2 rec 1   load 1.13 1.10 1.02
[TEST C2-MARISA]
Processing dataset...
Done!
Building trie...
trie size: 2.238578 MB
trie size: 3.821277 MB
Done!
build time: 1406.908508 ms (1406.908508 ns per key)
space cost: 8.586061 MB (42.903452% of original size 20.012519 MB)
Querying trie...
Done!
total time: 503.951659 ms, avg latency: 503.951659 ns
topology: 1.213478 MB, link: 2.963206 MB, data: 4.388869 MB
--- Unary Path Analysis (Marisa, cutoff=3) ---
  branches: 1523874  |  single-char: 417651 (27.4%)  short-unary: 97461 (6.4%)  links: 1008762 (66.2%)
  link len: avg=12.11  max=234  total_chars=12215333
  link length distribution (len:count):  3:76859  4:82017  5:81216  6:79010  7:72564  8:64127  9:55531  10:50303  11:44703  12:39548  13:35394  14:31778  15:31462  16:28952  17:25995  18:23521  19:19840  20:18044  21:16382  22:14569  23:12399  24:11015  25:9715  26:8556  27:8141  28:7267  29:6255  30:5853  31:5207  32:4578  33:4049  34:3736  35:3293  36:2910  37:2688  38:2423  39:2074  40:1908  41:1670  42:1511  43:1333  44:1158  45:939  46:855  47:728  48:689  49:615  50:544  51:465  52:457  53:344  54:344  55:284  56:276  57:242  58:216  59:216  60:177  61:159  62:140  63:127  64:109  65:95  66:79  67:80  68:79  69:75  70:69  71:69  72:55  73:51  74:42  75:46  76:42  77:35  78:41  79:38  80:39  81:21  82:18  83:21  84:19  85:14  86:18  87:14  88:15  89:11  90:14  91:13  92:7  93:5  94:8  95:7  96:5  97:9  98:8  99:5  100:7  101:11  102:5  103:6  104:3  105:3  106:3  107:5  108:4  109:5  110:1  111:2  112:6  113:1  114:1  115:1  116:4  117:1  119:1  120:2  122:2  124:2  126:1  127:1  129:1  130:1  132:1  133:2  135:1  136:1  137:1  138:3  139:1  140:1  142:2  146:1  153:1  155:1  157:1  160:3  166:1  169:1  175:1  176:1  180:1  182:1  200:1  202:1  203:1  205:1  208:1  217:1  218:1  220:1  234:1
  short unary avg len: 2.00
1406.908508,8.586061,503.951659
[PASSED]
[time 2.49 s, user 2.33 s, sys 0.14 s, maxrss 197024 KB]
[busy 261 jiffies]
[exit 0]
--- c2 case 2 rec 0   load 1.12 1.09 1.02
[TEST C2-MARISA]
Processing dataset...
Done!
Building trie...
trie size: 2.238578 MB
Done!
build time: 1028.119285 ms (1028.119285 ns per key)
space cost: 10.766413 MB (53.798389% of original size 20.012519 MB)
Querying trie...
Done!
total time: 367.960043 ms, avg latency: 367.960043 ns
topology: 0.741383 MB, link: 2.768053 MB, data: 7.236469 MB
--- Unary Path Analysis (Marisa, cutoff=3) ---
  branches: 1523874  |  single-char: 417651 (27.4%)  short-unary: 97461 (6.4%)  links: 1008762 (66.2%)
  link len: avg=12.11  max=234  total_chars=12215333
  link length distribution (len:count):  3:76859  4:82017  5:81216  6:79010  7:72564  8:64127  9:55531  10:50303  11:44703  12:39548  13:35394  14:31778  15:31462  16:28952  17:25995  18:23521  19:19840  20:18044  21:16382  22:14569  23:12399  24:11015  25:9715  26:8556  27:8141  28:7267  29:6255  30:5853  31:5207  32:4578  33:4049  34:3736  35:3293  36:2910  37:2688  38:2423  39:2074  40:1908  41:1670  42:1511  43:1333  44:1158  45:939  46:855  47:728  48:689  49:615  50:544  51:465  52:457  53:344  54:344  55:284  56:276  57:242  58:216  59:216  60:177  61:159  62:140  63:127  64:109  65:95  66:79  67:80  68:79  69:75  70:69  71:69  72:55  73:51  74:42  75:46  76:42  77:35  78:41  79:38  80:39  81:21  82:18  83:21  84:19  85:14  86:18  87:14  88:15  89:11  90:14  91:13  92:7  93:5  94:8  95:7  96:5  97:9  98:8  99:5  100:7  101:11  102:5  103:6  104:3  105:3  106:3  107:5  108:4  109:5  110:1  111:2  112:6  113:1  114:1  115:1  116:4  117:1  119:1  120:2  122:2  124:2  126:1  127:1  129:1  130:1  132:1  133:2  135:1  136:1  137:1  138:3  139:1  140:1  142:2  146:1  153:1  155:1  157:1  160:3  166:1  169:1  175:1  176:1  180:1  182:1  200:1  202:1  203:1  205:1  208:1  217:1  218:1  220:1  234:1
  short unary avg len: 2.00
1028.119285,10.766413,367.960043
[PASSED]
[time 1.97 s, user 1.82 s, sys 0.13 s, maxrss 201540 KB]
[busy 203 jiffies]
[exit 0]
--- c2 case 1 rec 2   load 1.12 1.09 1.02
[TEST C2-CoCo(LOUDS-Sparse)]
Processing dataset...
Done!
Building trie...
trie size: 3.096522 MB
trie size: 0.887704 MB
Done!
build time: 2568.018591 ms (2568.018591 ns per key)
space cost: 10.462785 MB (52.281201% of original size 20.012519 MB)
Querying trie...
Done!
total time: 856.765179 ms, avg latency: 856.765179 ns
topology: 0.833210 MB, link: 3.468150 MB, data: 6.161425 MB
2568.018591,10.462785,856.765179
[PASSED]
[time 4.00 s, user 3.79 s, sys 0.19 s, maxrss 344904 KB]
[busy 413 jiffies]
[exit 0]
--- c2 case 1 rec 1   load 1.11 1.09 1.02
[TEST C2-CoCo(LOUDS-Sparse)]
Processing dataset...
Done!
Building trie...
trie size: 3.096522 MB
Done!
build time: 2447.340651 ms (2447.340651 ns per key)
space cost: 10.462785 MB (52.281201% of original size 20.012519 MB)
Querying trie...
Done!
total time: 860.902063 ms, avg latency: 860.902063 ns
topology: 0.833210 MB, link: 3.468150 MB, data: 6.161425 MB
2447.340651,10.462785,860.902063
[PASSED]
[time 3.88 s, user 3.67 s, sys 0.20 s, maxrss 345000 KB]
[busy 400 jiffies]
[exit 0]
--- c2 case 1 rec 0   load 1.10 1.09 1.02
[TEST C2-CoCo(LOUDS-Sparse)]
Processing dataset...
Done!
Building trie...
Done!
build time: 2133.787966 ms (2133.787966 ns per key)
space cost: 12.265971 MB (61.291488% of original size 20.012519 MB)
Querying trie...
Done!
total time: 731.456198 ms, avg latency: 731.456198 ns
topology: 0.432648 MB, link: 3.282862 MB, data: 8.550461 MB
2133.787966,12.265971,731.456198
[PASSED]
[time 3.43 s, user 3.22 s, sys 0.19 s, maxrss 358320 KB]
[busy 350 jiffies]
[exit 0]
--- c2 case 0 rec 2   load 1.10 1.09 1.02
[TEST C2-FST]
Processing dataset...
Done!
Building trie...
trie size: 3.096522 MB
trie size: 0.887704 MB
Done!
build time: 1463.331965 ms (1463.331965 ns per key)
space cost: 9.522977 MB (47.585099% of original size 20.012519 MB)
Querying trie...
Done!
total time: 609.245939 ms, avg latency: 609.245939 ns
topology: 1.448536 MB, link: 2.515947 MB, data: 5.558494 MB
--- Unary Path Analysis (FST, cutoff=4) ---
  shared unary steps in main trie: 632648
  terminal suffixes: inplace=148307 (avg len=2.14)  links=794871 (84.3% of terminal)
  link len: avg=12.03  max=232  total_chars=9558452
  link length distribution (len:count):  4:67686  5:69275  6:65423  7:58787  8:51921  9:47544  10:42795  11:38054  12:34227  13:30736  14:30694  15:28260  16:25308  17:22807  18:19264  19:17586  20:15912  21:14224  22:12066  23:10759  24:9477  25:8347  26:7925  27:7112  28:6113  29:5746  30:5072  31:4462  32:3927  33:3658  34:3228  35:2847  36:2644  37:2353  38:2038  39:1870  40:1644  41:1489  42:1315  43:1143  44:928  45:846  46:722  47:679  48:610  49:543  50:459  51:451  52:342  53:339  54:284  55:273  56:239  57:215  58:214  59:177  60:158  61:140  62:127  63:109  64:95  65:79  66:80  67:78  68:75  69:69  70:68  71:54  72:51  73:42  74:46  75:42  76:35  77:41  78:38  79:39  80:21  81:18  82:21  83:19  84:14  85:18  86:14  87:15  88:11  89:14  90:13  91:7  92:5  93:8  94:7  95:5  96:8  97:8  98:5  99:7  100:11  101:5  102:6  103:3  104:3  105:3  106:5  107:4  108:5  109:1  110:2  111:6  112:1  113:1  114:1  115:4  116:1  118:1  119:2  121:2  123:2  125:1  126:1  128:1  129:1  131:1  132:2  134:1  135:1  136:1  137:3  138:1  139:1  141:2  145:1  152:1  154:1  156:1  159:3  165:1  168:1  174:1  175:1  179:1  181:1  199:1  201:1  202:1  204:1  207:1  216:1  217:1  219:1  233:1
1463.331965,9.522977,609.245939
[PASSED]
[time 2.64 s, user 2.50 s, sys 0.13 s, maxrss 181120 KB]
[busy 271 jiffies]
[exit 0]
--- c2 case 0 rec 1   load 1.09 1.09 1.02
[TEST C2-FST]
Processing dataset...
Done!
Building trie...
trie size: 3.096522 MB
Done!
build time: 1339.655260 ms (1339.655260 ns per key)
space cost: 9.522977 MB (47.585099% of original size 20.012519 MB)
Querying trie...
Done!
total time: 603.281332 ms, avg latency: 603.281332 ns
topology: 1.448536 MB, link: 2.515947 MB, data: 5.558494 MB
--- Unary Path Analysis (FST, cutoff=4) ---
  shared unary steps in main trie: 632648
  terminal suffixes: inplace=148307 (avg len=2.14)  links=794871 (84.3% of terminal)
  link len: avg=12.03  max=232  total_chars=9558452
  link length distribution (len:count):  4:67686  5:69275  6:65423  7:58787  8:51921  9:47544  10:42795  11:38054  12:34227  13:30736  14:30694  15:28260  16:25308  17:22807  18:19264  19:17586  20:15912  21:14224  22:12066  23:10759  24:9477  25:8347  26:7925  27:7112  28:6113  29:5746  30:5072  31:4462  32:3927  33:3658  34:3228  35:2847  36:2644  37:2353  38:2038  39:1870  40:1644  41:1489  42:1315  43:1143  44:928  45:846  46:722  47:679  48:610  49:543  50:459  51:451  52:342  53:339  54:284  55:273  56:239  57:215  58:214  59:177  60:158  61:140  62:127  63:109  64:95  65:79  66:80  67:78  68:75  69:69  70:68  71:54  72:51  73:42  74:46  75:42  76:35  77:41  78:38  79:39  80:21  81:18  82:21  83:19  84:14  85:18  86:14  87:15  88:11  89:14  90:13  91:7  92:5  93:8  94:7  95:5  96:8  97:8  98:5  99:7  100:11  101:5  102:6  103:3  104:3  105:3  106:5  107:4  108:5  109:1  110:2  111:6  112:1  113:1  114:1  115:4  116:1  118:1  119:2  121:2  123:2  125:1  126:1  128:1  129:1  131:1  132:2  134:1  135:1  136:1  137:3  138:1  139:1  141:2  145:1  152:1  154:1  156:1  159:3  165:1  168:1  174:1  175:1  179:1  181:1  199:1  201:1  202:1  204:1  207:1  216:1  217:1  219:1  233:1
1339.655260,9.522977,603.281332
[PASSED]
[time 2.52 s, user 2.38 s, sys 0.13 s, maxrss 180840 KB]
[busy 263 jiffies]
[exit 0]
--- c2 case 0 rec 0   load 1.00 1.07 1.01
[TEST C2-FST]
Processing dataset...
Done!
Building trie...
Done!
build time: 1035.803225 ms (1035.803225 ns per key)
space cost: 11.326162 MB (56.595386% of original size 20.012519 MB)
Querying trie...
Done!
total time: 475.529620 ms, avg latency: 475.529620 ns
topology: 1.047974 MB, link: 2.330659 MB, data: 7.947530 MB
--- Unary Path Analysis (FST, cutoff=4) ---
  shared unary steps in main trie: 632648
  terminal suffixes: inplace=148307 (avg len=2.14)  links=794871 (84.3% of terminal)
  link len: avg=12.03  max=232  total_chars=9558452
  link length distribution (len:count):  4:67686  5:69275  6:65423  7:58787  8:51921  9:47544  10:42795  11:38054  12:34227  13:30736  14:30694  15:28260  16:25308  17:22807  18:19264  19:17586  20:15912  21:14224  22:12066  23:10759  24:9477  25:8347  26:7925  27:7112  28:6113  29:5746  30:5072  31:4462  32:3927  33:3658  34:3228  35:2847  36:2644  37:2353  38:2038  39:1870  40:1644  41:1489  42:1315  43:1143  44:928  45:846  46:722  47:679  48:610  49:543  50:459  51:451  52:342  53:339  54:284  55:273  56:239  57:215  58:214  59:177  60:158  61:140  62:127  63:109  64:95  65:79  66:80  67:78  68:75  69:69  70:68  71:54  72:51  73:42  74:46  75:42  76:35  77:41  78:38  79:39  80:21  81:18  82:21  83:19  84:14  85:18  86:14  87:15  88:11  89:14  90:13  91:7  92:5  93:8  94:7  95:5  96:8  97:8  98:5  99:7  100:11  101:5  102:6  103:3  104:3  105:3  106:5  107:4  108:5  109:1  110:2  111:6  112:1  113:1  114:1  115:4  116:1  118:1  119:2  121:2  123:2  125:1  126:1  128:1  129:1  131:1  132:2  134:1  135:1  136:1  137:3  138:1  139:1  141:2  145:1  152:1  154:1  156:1  159:3  165:1  168:1  174:1  175:1  179:1  181:1  199:1  201:1  202:1  204:1  207:1  216:1  217:1  219:1  233:1
1035.803225,11.326162,475.529620
[PASSED]
[time 2.07 s, user 1.94 s, sys 0.12 s, maxrss 185484 KB]
[busy 212 jiffies]
[exit 0]
--- lexindex da   skipped: exit 3 in round 1
--- lexindex hashed16   load 1.00 1.07 1.01
1000000 keys
lexindex HashedDictIndex fp=16: build 460 ms, size 11.549 MiB (12.110 B/key), latency cold 54.6 ns, then mean 47.9 / min 47.4 ns
459.972,11.549380,54.606
[time 1.14 s, user 3.73 s, sys 0.55 s, maxrss 212184 KB]
[busy 439 jiffies]
[exit 0]
--- lexindex hashed8   load 0.92 1.05 1.01
1000000 keys
lexindex HashedDictIndex fp=8: build 466 ms, size 10.596 MiB (11.110 B/key), latency cold 50.2 ns, then mean 47.3 / min 46.8 ns
465.695,10.595706,50.151
[time 1.15 s, user 3.75 s, sys 0.55 s, maxrss 226872 KB]
[busy 440 jiffies]
[exit 0]
--- lexindex hashed0   load 0.92 1.05 1.01
1000000 keys
lexindex HashedDictIndex closed: build 463 ms, size 9.642 MiB (10.110 B/key), latency cold 42.4 ns, then mean 39.7 / min 39.3 ns
462.548,9.642032,42.415
[time 1.13 s, user 3.71 s, sys 0.53 s, maxrss 205396 KB]
[busy 435 jiffies]
[exit 0]
--- lexindex string   load 0.85 1.03 1.00
1000000 keys
lexindex StringIndex: build 994 ms, size 16.482 MiB (17.283 B/key), latency cold 339.7 ns, then mean 333.6 / min 330.6 ns
994.446,16.482312,339.660
[time 2.81 s, user 2.73 s, sys 0.07 s, maxrss 164600 KB]
[busy 293 jiffies]
[exit 0]
--- lexindex routed1024   load 0.85 1.03 1.00
1000000 keys
lexindex DictIndex block 1024 routed: build 380 ms, size 7.116 MiB (7.462 B/key), latency cold 352.6 ns, then mean 349.7 / min 348.6 ns
380.069,7.116325,352.563
[time 2.27 s, user 3.87 s, sys 0.42 s, maxrss 198672 KB]
[busy 446 jiffies]
[exit 0]
--- lexindex routed256   load 0.86 1.03 1.00
1000000 keys
lexindex DictIndex block 256 routed: build 362 ms, size 7.506 MiB (7.870 B/key), latency cold 320.5 ns, then mean 314.0 / min 309.9 ns
361.739,7.505601,320.470
[time 2.12 s, user 4.64 s, sys 0.56 s, maxrss 216436 KB]
[busy 536 jiffies]
[exit 0]
--- lexindex routed32   load 0.79 1.01 1.00
1000000 keys
lexindex DictIndex block 32 routed: build 337 ms, size 7.924 MiB (8.309 B/key), latency cold 349.7 ns, then mean 338.1 / min 335.6 ns
336.980,7.923737,349.663
[time 2.19 s, user 4.72 s, sys 0.49 s, maxrss 218196 KB]
[busy 532 jiffies]
[exit 0]
--- lexindex dict1024   load 0.79 1.01 1.00
1000000 keys
lexindex DictIndex block 1024: build 382 ms, size 6.878 MiB (7.212 B/key), latency cold 456.2 ns, then mean 451.2 / min 450.4 ns
381.550,6.877800,456.179
[time 2.68 s, user 4.26 s, sys 0.42 s, maxrss 189216 KB]
[busy 483 jiffies]
[exit 0]
--- lexindex dict256   load 0.81 1.01 1.00
1000000 keys
lexindex DictIndex block 256: build 350 ms, size 7.029 MiB (7.370 B/key), latency cold 410.5 ns, then mean 410.0 / min 406.2 ns
349.888,7.028672,410.516
[time 2.48 s, user 5.03 s, sys 0.55 s, maxrss 216764 KB]
[busy 577 jiffies]
[exit 0]
--- lexindex dict32   load 0.74 1.00 0.99
1000000 keys
lexindex DictIndex block 32: build 341 ms, size 7.447 MiB (7.809 B/key), latency cold 375.6 ns, then mean 372.9 / min 371.7 ns
340.900,7.446899,375.633
[time 2.33 s, user 4.80 s, sys 0.54 s, maxrss 207436 KB]
[busy 552 jiffies]
[exit 0]

##### pypi-full (895600 lines, 12836944 bytes)   round 2/3   2026-09-26T03:58:22+03:00
--- xcdat 16   load 0.74 1.00 0.99
build time: 351.640397 ms
space cost: 8.846028 MiB (77.677462% of original size 11.388153 MiB)
avg latency: 143.534715 ns
351.640397,8.846028,143.534715
[time 0.89 s, user 0.81 s, sys 0.07 s, maxrss 125568 KB]
[busy 94 jiffies]
[exit 0]
--- xcdat 15   load 0.76 1.00 0.99
build time: 370.657322 ms
space cost: 8.468211 MiB (74.359829% of original size 11.388153 MiB)
avg latency: 137.476368 ns
370.657322,8.468211,137.476368
[time 0.90 s, user 0.81 s, sys 0.08 s, maxrss 125388 KB]
[busy 92 jiffies]
[exit 0]
--- xcdat 8   load 0.76 1.00 0.99
build time: 364.324392 ms
space cost: 7.110240 MiB (62.435409% of original size 11.388153 MiB)
avg latency: 169.796503 ns
364.324392,7.110240,169.796503
[time 0.92 s, user 0.84 s, sys 0.07 s, maxrss 125668 KB]
[busy 98 jiffies]
[exit 0]
--- xcdat 7   load 0.70 0.98 0.99
build time: 378.527130 ms
space cost: 7.492425 MiB (65.791397% of original size 11.388153 MiB)
avg latency: 167.063912 ns
378.527130,7.492425,167.063912
[time 0.94 s, user 0.85 s, sys 0.08 s, maxrss 125308 KB]
[busy 97 jiffies]
[exit 0]
--- c2 case 8 rec 0   load 0.70 0.98 0.99
[TEST CART]
Processing dataset...
Done!
Building trie...
Done!
build time: 140.856076 ms (157.275654 ns per key)
space cost: 12.769355 MB (112.128409% of original size 11.388153 MB)
Querying trie...
Done!
total time: 328.862754 ms, avg latency: 367.198251 ns
not implemented
140.856076,12.769355,367.198251
[PASSED]
[time 0.88 s, user 0.80 s, sys 0.07 s, maxrss 121932 KB]
[busy 93 jiffies]
[exit 0]
--- c2 case 7 rec 0   load 0.70 0.98 0.99
[TEST ART]
Processing dataset...
Done!
Building trie...
Done!
build time: 98.479305 ms (109.959027 ns per key)
space cost: 28.831062 MB (253.167148% of original size 11.388153 MB)
Querying trie...
Done!
total time: 265.541976 ms, avg latency: 296.496177 ns
not implemented
98.479305,28.831062,296.496177
[PASSED]
[time 0.76 s, user 0.68 s, sys 0.07 s, maxrss 124476 KB]
[busy 79 jiffies]
[exit 0]
--- c2 case 6 rec 0   load 0.64 0.96 0.98
[TEST PDT]
Processing dataset...
Done!
Building trie...
dict size: 158882, stream size: 3197544
Done!
build time: 1559.036596 ms (1740.773332 ns per key)
space cost: 4.343886 MB (38.143906% of original size 11.388153 MB)
Querying trie...
Done!
total time: 465.846945 ms, avg latency: 520.150676 ns
not implemented
1559.036596,4.343886,520.150676
[PASSED]
[time 2.42 s, user 2.32 s, sys 0.08 s, maxrss 139612 KB]
[busy 247 jiffies]
[exit 0]
--- c2 case 5 rec 2   load 0.64 0.96 0.98
[TEST MARISA]
Processing dataset...
Done!
Building trie...
Done!
build time: 447.463220 ms (499.623962 ns per key)
space cost: 3.852798 MB (33.831627% of original size 11.388153 MB)
Querying trie...
Done!
total time: 483.567213 ms, avg latency: 539.936593 ns
not implemented
447.463220,3.852798,539.936593
[PASSED]
[time 1.31 s, user 1.22 s, sys 0.08 s, maxrss 132708 KB]
[busy 136 jiffies]
[exit 0]
--- c2 case 5 rec 1   load 0.67 0.96 0.98
[TEST MARISA]
Processing dataset...
Done!
Building trie...
Done!
build time: 437.227926 ms (488.195540 ns per key)
space cost: 4.061914 MB (35.667895% of original size 11.388153 MB)
Querying trie...
Done!
total time: 458.778012 ms, avg latency: 512.257718 ns
not implemented
437.227926,4.061914,512.257718
[PASSED]
[time 1.28 s, user 1.18 s, sys 0.08 s, maxrss 132724 KB]
[busy 134 jiffies]
[exit 0]
--- c2 case 5 rec 0   load 0.67 0.96 0.98
[TEST MARISA]
Processing dataset...
Done!
Building trie...
Done!
build time: 385.363687 ms (430.285492 ns per key)
space cost: 5.346809 MB (46.950628% of original size 11.388153 MB)
Querying trie...
Done!
total time: 348.537486 ms, avg latency: 389.166465 ns
not implemented
385.363687,5.346809,389.166465
[PASSED]
[time 1.13 s, user 1.05 s, sys 0.08 s, maxrss 132600 KB]
[busy 118 jiffies]
[exit 0]
--- c2 case 4 rec 0   load 0.62 0.95 0.97
[TEST COCO]
Processing dataset...
Done!
Building trie...
num nodes = 377711, average depth = 5.232855
ef = 0.000439, pa = 0.203121, bv = 0.001033, de = 0.703067
efr = 0.002123, par = 0.078563, bvr = 0.000029, der = 0.011625
Done!
build time: 7837.680689 ms (8751.318322 ns per key)
space cost: 7.712429 MB (67.723262% of original size 11.388153 MB)
Querying trie...
Done!
total time: 431.439520 ms, avg latency: 481.732381 ns
not implemented
7837.680689,7.712429,481.732381
[PASSED]
[time 9.00 s, user 6.98 s, sys 1.98 s, maxrss 4372500 KB]
[busy 928 jiffies]
[exit 0]
--- c2 case 3 rec 0   load 0.68 0.95 0.98
[TEST FST]
Processing dataset...
Done!
Building trie...
Done!
build time: 512.031211 ms (571.718637 ns per key)
space cost: 5.913843 MB (51.929783% of original size 11.388153 MB)
Querying trie...
Done!
total time: 486.477172 ms, avg latency: 543.185766 ns
not implemented
512.031211,5.913843,543.185766
[PASSED]
[time 1.40 s, user 1.33 s, sys 0.06 s, maxrss 87088 KB]
[busy 144 jiffies]
[exit 0]
--- c2 case 2 rec 2   load 0.68 0.95 0.98
[TEST C2-MARISA]
Processing dataset...
Done!
Building trie...
trie size: 2.048235 MB
trie size: 2.033304 MB
trie size: 0.241896 MB
Done!
build time: 588.812543 ms (657.450361 ns per key)
space cost: 4.556563 MB (40.011434% of original size 11.388153 MB)
Querying trie...
Done!
total time: 295.915493 ms, avg latency: 330.410332 ns
topology: 0.845192 MB, link: 1.658626 MB, data: 2.032238 MB
--- Unary Path Analysis (Marisa, cutoff=3) ---
  branches: 1299053  |  single-char: 486988 (37.5%)  short-unary: 135839 (10.5%)  links: 676226 (52.1%)
  link len: avg=7.04  max=178  total_chars=4759844
  link length distribution (len:count):  3:129138  4:106899  5:84856  6:73131  7:58892  8:44392  9:36260  10:29010  11:21889  12:17780  13:15419  14:12564  15:9815  16:7584  17:6145  18:4698  19:3717  20:2895  21:2218  22:1723  23:1373  24:1124  25:897  26:746  27:568  28:440  29:369  30:404  31:318  32:179  33:153  34:107  35:105  36:76  37:46  38:54  39:48  40:27  41:26  42:13  43:21  44:16  45:7  46:10  47:6  48:5  49:10  50:2  51:4  52:5  53:2  54:2  55:2  56:1  57:5  58:3  61:2  63:2  64:1  65:3  66:2  68:2  69:3  72:1  76:1  78:2  83:1  87:1  100:2  107:1  114:1  154:1  178:1
  short unary avg len: 2.00
588.812543,4.556563,330.410332
[PASSED]
[time 1.28 s, user 1.18 s, sys 0.09 s, maxrss 159916 KB]
[busy 133 jiffies]
[exit 0]
--- c2 case 2 rec 1   load 0.62 0.93 0.97
[TEST C2-MARISA]
Processing dataset...
Done!
Building trie...
trie size: 2.048235 MB
trie size: 2.033304 MB
Done!
build time: 572.413387 ms (639.139557 ns per key)
space cost: 4.556563 MB (40.011434% of original size 11.388153 MB)
Querying trie...
Done!
total time: 290.850815 ms, avg latency: 324.755265 ns
topology: 0.845192 MB, link: 1.658626 MB, data: 2.032238 MB
--- Unary Path Analysis (Marisa, cutoff=3) ---
  branches: 1299053  |  single-char: 486988 (37.5%)  short-unary: 135839 (10.5%)  links: 676226 (52.1%)
  link len: avg=7.04  max=178  total_chars=4759844
  link length distribution (len:count):  3:129138  4:106899  5:84856  6:73131  7:58892  8:44392  9:36260  10:29010  11:21889  12:17780  13:15419  14:12564  15:9815  16:7584  17:6145  18:4698  19:3717  20:2895  21:2218  22:1723  23:1373  24:1124  25:897  26:746  27:568  28:440  29:369  30:404  31:318  32:179  33:153  34:107  35:105  36:76  37:46  38:54  39:48  40:27  41:26  42:13  43:21  44:16  45:7  46:10  47:6  48:5  49:10  50:2  51:4  52:5  53:2  54:2  55:2  56:1  57:5  58:3  61:2  63:2  64:1  65:3  66:2  68:2  69:3  72:1  76:1  78:2  83:1  87:1  100:2  107:1  114:1  154:1  178:1
  short unary avg len: 2.00
572.413387,4.556563,324.755265
[PASSED]
[time 1.26 s, user 1.15 s, sys 0.09 s, maxrss 159948 KB]
[busy 131 jiffies]
[exit 0]
--- c2 case 2 rec 0   load 0.62 0.93 0.97
[TEST C2-MARISA]
Processing dataset...
Done!
Building trie...
trie size: 2.048235 MB
Done!
build time: 498.360472 ms (556.454301 ns per key)
space cost: 5.176098 MB (45.451601% of original size 11.388153 MB)
Querying trie...
Done!
total time: 234.902952 ms, avg latency: 262.285565 ns
topology: 0.677906 MB, link: 1.695078 MB, data: 2.782606 MB
--- Unary Path Analysis (Marisa, cutoff=3) ---
  branches: 1299053  |  single-char: 486988 (37.5%)  short-unary: 135839 (10.5%)  links: 676226 (52.1%)
  link len: avg=7.04  max=178  total_chars=4759844
  link length distribution (len:count):  3:129138  4:106899  5:84856  6:73131  7:58892  8:44392  9:36260  10:29010  11:21889  12:17780  13:15419  14:12564  15:9815  16:7584  17:6145  18:4698  19:3717  20:2895  21:2218  22:1723  23:1373  24:1124  25:897  26:746  27:568  28:440  29:369  30:404  31:318  32:179  33:153  34:107  35:105  36:76  37:46  38:54  39:48  40:27  41:26  42:13  43:21  44:16  45:7  46:10  47:6  48:5  49:10  50:2  51:4  52:5  53:2  54:2  55:2  56:1  57:5  58:3  61:2  63:2  64:1  65:3  66:2  68:2  69:3  72:1  76:1  78:2  83:1  87:1  100:2  107:1  114:1  154:1  178:1
  short unary avg len: 2.00
498.360472,5.176098,262.285565
[PASSED]
[time 1.12 s, user 1.03 s, sys 0.08 s, maxrss 159796 KB]
[busy 116 jiffies]
[exit 0]
--- c2 case 1 rec 2   load 0.57 0.92 0.97
[TEST C2-CoCo(LOUDS-Sparse)]
Processing dataset...
Done!
Building trie...
trie size: 1.308683 MB
trie size: 0.188839 MB
Done!
build time: 1283.489077 ms (1433.105267 ns per key)
space cost: 5.495111 MB (48.252874% of original size 11.388153 MB)
Querying trie...
Done!
total time: 522.505644 ms, avg latency: 583.414073 ns
topology: 0.495785 MB, link: 1.824321 MB, data: 3.175006 MB
1283.489077,5.495111,583.414073
[PASSED]
[time 2.19 s, user 2.03 s, sys 0.14 s, maxrss 252692 KB]
[busy 223 jiffies]
[exit 0]
--- c2 case 1 rec 1   load 0.57 0.92 0.97
[TEST C2-CoCo(LOUDS-Sparse)]
Processing dataset...
Done!
Building trie...
trie size: 1.308683 MB
Done!
build time: 1263.467645 ms (1410.749939 ns per key)
space cost: 5.495111 MB (48.252874% of original size 11.388153 MB)
Querying trie...
Done!
total time: 519.116235 ms, avg latency: 579.629561 ns
topology: 0.495785 MB, link: 1.824321 MB, data: 3.175006 MB
1263.467645,5.495111,579.629561
[PASSED]
[time 2.17 s, user 2.04 s, sys 0.12 s, maxrss 253208 KB]
[busy 225 jiffies]
[exit 0]
--- c2 case 1 rec 0   load 0.61 0.92 0.97
[TEST C2-CoCo(LOUDS-Sparse)]
Processing dataset...
Done!
Building trie...
Done!
build time: 1209.469956 ms (1350.457745 ns per key)
space cost: 5.931293 MB (52.083012% of original size 11.388153 MB)
Querying trie...
Done!
total time: 481.507574 ms, avg latency: 537.636862 ns
topology: 0.367439 MB, link: 1.827341 MB, data: 3.736513 MB
1209.469956,5.931293,537.636862
[PASSED]
[time 2.07 s, user 1.93 s, sys 0.13 s, maxrss 252848 KB]
[busy 212 jiffies]
[exit 0]
--- c2 case 0 rec 2   load 0.61 0.92 0.97
[TEST C2-FST]
Processing dataset...
Done!
Building trie...
trie size: 1.308683 MB
trie size: 0.188839 MB
Done!
build time: 476.659654 ms (532.223821 ns per key)
space cost: 5.164801 MB (45.352399% of original size 11.388153 MB)
Querying trie...
Done!
total time: 369.275815 ms, avg latency: 412.322259 ns
topology: 0.984890 MB, link: 1.153795 MB, data: 3.026115 MB
--- Unary Path Analysis (FST, cutoff=4) ---
  shared unary steps in main trie: 346869
  terminal suffixes: inplace=290212 (avg len=1.99)  links=407890 (58.4% of terminal)
  link len: avg=7.08  max=176  total_chars=2886275
  link length distribution (len:count):  4:75217  5:66403  6:54145  7:41199  8:34065  9:27491  10:20897  11:17025  12:14758  13:12079  14:9477  15:7348  16:5933  17:4527  18:3618  19:2821  20:2157  21:1675  22:1346  23:1100  24:876  25:726  26:556  27:430  28:362  29:398  30:314  31:175  32:150  33:104  34:105  35:76  36:46  37:52  38:48  39:27  40:25  41:13  42:21  43:16  44:7  45:10  46:6  47:5  48:10  49:1  50:4  51:5  52:2  53:2  54:2  55:1  56:5  57:3  60:2  62:2  63:1  64:3  65:2  67:1  68:3  71:1  75:1  77:2  82:1  86:1  99:2  106:1  113:1  153:1  177:1
476.659654,5.164801,412.322259
[PASSED]
[time 1.25 s, user 1.16 s, sys 0.08 s, maxrss 130480 KB]
[busy 134 jiffies]
[exit 0]
--- c2 case 0 rec 1   load 0.64 0.92 0.97
[TEST C2-FST]
Processing dataset...
Done!
Building trie...
trie size: 1.308683 MB
Done!
build time: 463.013381 ms (516.986803 ns per key)
space cost: 5.164801 MB (45.352399% of original size 11.388153 MB)
Querying trie...
Done!
total time: 363.936353 ms, avg latency: 406.360376 ns
topology: 0.984890 MB, link: 1.153795 MB, data: 3.026115 MB
--- Unary Path Analysis (FST, cutoff=4) ---
  shared unary steps in main trie: 346869
  terminal suffixes: inplace=290212 (avg len=1.99)  links=407890 (58.4% of terminal)
  link len: avg=7.08  max=176  total_chars=2886275
  link length distribution (len:count):  4:75217  5:66403  6:54145  7:41199  8:34065  9:27491  10:20897  11:17025  12:14758  13:12079  14:9477  15:7348  16:5933  17:4527  18:3618  19:2821  20:2157  21:1675  22:1346  23:1100  24:876  25:726  26:556  27:430  28:362  29:398  30:314  31:175  32:150  33:104  34:105  35:76  36:46  37:52  38:48  39:27  40:25  41:13  42:21  43:16  44:7  45:10  46:6  47:5  48:10  49:1  50:4  51:5  52:2  53:2  54:2  55:1  56:5  57:3  60:2  62:2  63:1  64:3  65:2  67:1  68:3  71:1  75:1  77:2  82:1  86:1  99:2  106:1  113:1  153:1  177:1
463.013381,5.164801,406.360376
[PASSED]
[time 1.22 s, user 1.14 s, sys 0.07 s, maxrss 130276 KB]
[busy 127 jiffies]
[exit 0]
--- c2 case 0 rec 0   load 0.64 0.92 0.97
[TEST C2-FST]
Processing dataset...
Done!
Building trie...
Done!
build time: 411.196370 ms (459.129489 ns per key)
space cost: 5.600983 MB (49.182538% of original size 11.388153 MB)
Querying trie...
Done!
total time: 320.894361 ms, avg latency: 358.300984 ns
topology: 0.856544 MB, link: 1.156816 MB, data: 3.587623 MB
--- Unary Path Analysis (FST, cutoff=4) ---
  shared unary steps in main trie: 346869
  terminal suffixes: inplace=290212 (avg len=1.99)  links=407890 (58.4% of terminal)
  link len: avg=7.08  max=176  total_chars=2886275
  link length distribution (len:count):  4:75217  5:66403  6:54145  7:41199  8:34065  9:27491  10:20897  11:17025  12:14758  13:12079  14:9477  15:7348  16:5933  17:4527  18:3618  19:2821  20:2157  21:1675  22:1346  23:1100  24:876  25:726  26:556  27:430  28:362  29:398  30:314  31:175  32:150  33:104  34:105  35:76  36:46  37:52  38:48  39:27  40:25  41:13  42:21  43:16  44:7  45:10  46:6  47:5  48:10  49:1  50:4  51:5  52:2  53:2  54:2  55:1  56:5  57:3  60:2  62:2  63:1  64:3  65:2  67:1  68:3  71:1  75:1  77:2  82:1  86:1  99:2  106:1  113:1  153:1  177:1
411.196370,5.600983,358.300984
[PASSED]
[time 1.12 s, user 1.02 s, sys 0.09 s, maxrss 129928 KB]
[busy 116 jiffies]
[exit 0]
--- lexindex da   load 0.67 0.92 0.97
895600 keys
lexindex DoubleArrayIndex: build 1019 ms, size 41.584 MiB (48.687 B/key), latency cold 448.5 ns, then mean 448.4 / min 445.1 ns
1019.381,41.583891,448.462
[time 3.02 s, user 2.85 s, sys 0.15 s, maxrss 206552 KB]
[busy 310 jiffies]
[exit 0]
--- lexindex hashed16   load 0.62 0.91 0.96
895600 keys
lexindex HashedDictIndex fp=16: build 235 ms, size 7.605 MiB (8.904 B/key), latency cold 33.9 ns, then mean 24.9 / min 24.6 ns
234.648,7.605268,33.892
[time 0.75 s, user 1.76 s, sys 0.21 s, maxrss 168836 KB]
[busy 200 jiffies]
[exit 0]
--- lexindex hashed8   load 0.62 0.91 0.96
895600 keys
lexindex HashedDictIndex fp=8: build 233 ms, size 6.751 MiB (7.904 B/key), latency cold 32.6 ns, then mean 25.2 / min 24.0 ns
233.333,6.751157,32.566
[time 0.74 s, user 1.77 s, sys 0.19 s, maxrss 169724 KB]
[busy 204 jiffies]
[exit 0]
--- lexindex hashed0   load 0.62 0.91 0.96
895600 keys
lexindex HashedDictIndex closed: build 233 ms, size 5.897 MiB (6.904 B/key), latency cold 28.2 ns, then mean 20.2 / min 19.8 ns
232.832,5.897046,28.166
[time 0.73 s, user 1.74 s, sys 0.20 s, maxrss 173364 KB]
[busy 202 jiffies]
[exit 0]
--- lexindex string   load 0.57 0.89 0.96
895600 keys
lexindex StringIndex: build 472 ms, size 8.534 MiB (9.992 B/key), latency cold 216.3 ns, then mean 207.6 / min 206.0 ns
472.410,8.534456,216.296
[time 1.63 s, user 1.57 s, sys 0.05 s, maxrss 123592 KB]
[busy 171 jiffies]
[exit 0]
--- lexindex routed1024   load 0.57 0.89 0.96
895600 keys
lexindex DictIndex block 1024 routed: build 171 ms, size 3.650 MiB (4.274 B/key), latency cold 276.9 ns, then mean 275.3 / min 269.5 ns
171.438,3.650224,276.899
[time 1.57 s, user 2.19 s, sys 0.14 s, maxrss 145624 KB]
[busy 249 jiffies]
[exit 0]
--- lexindex routed256   load 0.52 0.88 0.95
895600 keys
lexindex DictIndex block 256 routed: build 154 ms, size 3.983 MiB (4.663 B/key), latency cold 244.6 ns, then mean 234.2 / min 231.7 ns
153.598,3.982979,244.628
[time 1.41 s, user 2.40 s, sys 0.20 s, maxrss 163548 KB]
[busy 269 jiffies]
[exit 0]
--- lexindex routed32   load 0.52 0.88 0.95
895600 keys
lexindex DictIndex block 32 routed: build 149 ms, size 4.247 MiB (4.972 B/key), latency cold 271.7 ns, then mean 263.0 / min 256.9 ns
149.262,4.246660,271.672
[time 1.52 s, user 2.48 s, sys 0.19 s, maxrss 164848 KB]
[busy 278 jiffies]
[exit 0]
--- lexindex dict1024   load 0.48 0.86 0.95
895600 keys
lexindex DictIndex block 1024: build 170 ms, size 3.437 MiB (4.024 B/key), latency cold 385.9 ns, then mean 381.0 / min 378.8 ns
170.405,3.436601,385.942
[time 1.95 s, user 2.55 s, sys 0.17 s, maxrss 138348 KB]
[busy 279 jiffies]
[exit 0]
--- lexindex dict256   load 0.48 0.86 0.95
895600 keys
lexindex DictIndex block 256: build 151 ms, size 3.556 MiB (4.163 B/key), latency cold 312.9 ns, then mean 308.8 / min 305.8 ns
151.078,3.555855,312.874
[time 1.68 s, user 2.68 s, sys 0.20 s, maxrss 164932 KB]
[busy 296 jiffies]
[exit 0]
--- lexindex dict32   load 0.52 0.87 0.95
895600 keys
lexindex DictIndex block 32: build 149 ms, size 3.820 MiB (4.472 B/key), latency cold 306.3 ns, then mean 297.6 / min 295.7 ns
149.196,3.819597,306.280
[time 1.64 s, user 2.60 s, sys 0.18 s, maxrss 163068 KB]
[busy 291 jiffies]
[exit 0]

##### paths-1000000 (1000000 lines, 59358139 bytes)   round 2/3   2026-09-26T03:59:47+03:00
--- xcdat 16   load 0.52 0.87 0.95
build time: 901.428318 ms
space cost: 19.772616 MiB (35.527334% of original size 55.654658 MiB)
avg latency: 466.950659 ns
901.428318,19.772616,466.950659
[time 2.20 s, user 2.00 s, sys 0.19 s, maxrss 237500 KB]
[busy 227 jiffies]
[exit 0]
--- xcdat 15   load 0.56 0.87 0.95
build time: 948.469053 ms
space cost: 18.773955 MiB (33.732945% of original size 55.654658 MiB)
avg latency: 446.884321 ns
948.469053,18.773955,446.884321
[time 2.21 s, user 2.02 s, sys 0.17 s, maxrss 237288 KB]
[busy 233 jiffies]
[exit 0]
--- xcdat 8   load 0.51 0.85 0.94
build time: 899.000645 ms
space cost: 14.422580 MiB (25.914416% of original size 55.654658 MiB)
avg latency: 484.951465 ns
899.000645,14.422580,484.951465
[time 2.20 s, user 2.01 s, sys 0.18 s, maxrss 233672 KB]
[busy 229 jiffies]
[exit 0]
--- xcdat 7   load 0.51 0.85 0.94
build time: 948.415542 ms
space cost: 14.567592 MiB (26.174973% of original size 55.654658 MiB)
avg latency: 491.004088 ns
948.415542,14.567592,491.004088
[time 2.25 s, user 2.06 s, sys 0.18 s, maxrss 234128 KB]
[busy 238 jiffies]
[exit 0]
--- c2 case 8 rec 0   load 0.55 0.86 0.94
[TEST CART]
Processing dataset...
Done!
Building trie...
Done!
build time: 344.051796 ms (344.051796 ns per key)
space cost: 18.037062 MB (32.408898% of original size 55.654658 MB)
Querying trie...
Done!
total time: 656.756728 ms, avg latency: 656.756728 ns
not implemented
344.051796,18.037062,656.756728
[PASSED]
[time 1.83 s, user 1.66 s, sys 0.16 s, maxrss 300856 KB]
[busy 187 jiffies]
[exit 0]
--- c2 case 7 rec 0   load 0.55 0.86 0.94
[TEST ART]
Processing dataset...
Done!
Building trie...
Done!
build time: 283.093469 ms (283.093469 ns per key)
space cost: 35.506813 MB (63.798457% of original size 55.654658 MB)
Querying trie...
Done!
total time: 620.702017 ms, avg latency: 620.702017 ns
not implemented
283.093469,35.506813,620.702017
[PASSED]
[time 1.73 s, user 1.56 s, sys 0.16 s, maxrss 310868 KB]
[busy 179 jiffies]
[exit 0]
--- c2 case 6 rec 0   load 0.59 0.86 0.94
[TEST PDT]
Processing dataset...
Done!
Building trie...
dict size: 155232, stream size: 6622105
Done!
build time: 2705.859240 ms (2705.859240 ns per key)
space cost: 7.739431 MB (13.906170% of original size 55.654658 MB)
Querying trie...
Done!
total time: 849.325380 ms, avg latency: 849.325380 ns
not implemented
2705.859240,7.739431,849.325380
[PASSED]
[time 4.35 s, user 4.16 s, sys 0.16 s, maxrss 229212 KB]
[busy 447 jiffies]
[exit 0]
--- c2 case 5 rec 2   load 0.62 0.86 0.94
[TEST MARISA]
Processing dataset...
Done!
Building trie...
Done!
build time: 1071.087027 ms (1071.087027 ns per key)
space cost: 6.472832 MB (11.630350% of original size 55.654658 MB)
Querying trie...
Done!
total time: 1450.873163 ms, avg latency: 1450.873163 ns
not implemented
1071.087027,6.472832,1450.873163
[PASSED]
[time 3.30 s, user 3.12 s, sys 0.16 s, maxrss 279336 KB]
[busy 345 jiffies]
[exit 0]
--- c2 case 5 rec 1   load 0.65 0.86 0.94
[TEST MARISA]
Processing dataset...
Done!
Building trie...
Done!
build time: 1050.228071 ms (1050.228071 ns per key)
space cost: 6.956338 MB (12.499112% of original size 55.654658 MB)
Querying trie...
Done!
total time: 1291.349248 ms, avg latency: 1291.349248 ns
not implemented
1050.228071,6.956338,1291.349248
[PASSED]
[time 3.13 s, user 2.94 s, sys 0.17 s, maxrss 279356 KB]
[busy 326 jiffies]
[exit 0]
--- c2 case 5 rec 0   load 0.68 0.87 0.94
[TEST MARISA]
Processing dataset...
Done!
Building trie...
Done!
build time: 925.844458 ms (925.844458 ns per key)
space cost: 9.765432 MB (17.546478% of original size 55.654658 MB)
Querying trie...
Done!
total time: 770.263101 ms, avg latency: 770.263101 ns
not implemented
925.844458,9.765432,770.263101
[PASSED]
[time 2.47 s, user 2.30 s, sys 0.16 s, maxrss 279212 KB]
[busy 253 jiffies]
[exit 0]
--- c2 case 4 rec 0   load 0.63 0.85 0.94
[TEST COCO]
Processing dataset...
Done!
Building trie...
num nodes = 402454, average depth = 9.995585
ef = 0.000169, pa = 0.212941, bv = 0.000770, de = 0.549568
efr = 0.000959, par = 0.190315, bvr = 0.000032, der = 0.045245
Done!
build time: 24420.140369 ms (24420.140369 ns per key)
space cost: 14.335197 MB (25.757407% of original size 55.654658 MB)
Querying trie...
Done!
total time: 1076.349245 ms, avg latency: 1076.349245 ns
not implemented
24420.140369,14.335197,1076.349245
[PASSED]
[time 27.20 s, user 21.59 s, sys 5.49 s, maxrss 12688660 KB]
[busy 2811 jiffies]
[exit 0]
--- c2 case 3 rec 0   load 0.75 0.86 0.94
[TEST FST]
Processing dataset...
Done!
Building trie...
Done!
build time: 1726.445098 ms (1726.445098 ns per key)
space cost: 10.595835 MB (19.038541% of original size 55.654658 MB)
Querying trie...
Done!
total time: 2206.892338 ms, avg latency: 2206.892338 ns
not implemented
1726.445098,10.595835,2206.892338
[PASSED]
[time 4.73 s, user 4.60 s, sys 0.11 s, maxrss 223720 KB]
[busy 485 jiffies]
[exit 0]
--- c2 case 2 rec 2   load 0.77 0.87 0.94
[TEST C2-MARISA]
Processing dataset...
Done!
Building trie...
trie size: 2.379500 MB
trie size: 3.728127 MB
trie size: 0.593370 MB
Done!
build time: 1587.558131 ms (1587.558131 ns per key)
space cost: 7.584204 MB (13.627258% of original size 55.654658 MB)
Querying trie...
Done!
total time: 990.436044 ms, avg latency: 990.436044 ns
topology: 1.114113 MB, link: 3.112300 MB, data: 3.337283 MB
--- Unary Path Analysis (Marisa, cutoff=3) ---
  branches: 1624370  |  single-char: 364657 (22.4%)  short-unary: 105835 (6.5%)  links: 1153878 (71.0%)
  link len: avg=10.16  max=130  total_chars=11724159
  link length distribution (len:count):  3:86064  4:95323  5:99308  6:104992  7:95461  8:108108  9:90737  10:64624  11:60242  12:50948  13:45360  14:36727  15:31143  16:26922  17:21639  18:24976  19:18225  20:13819  21:11536  22:9190  23:7326  24:7075  25:5058  26:4084  27:3561  28:4082  29:2881  30:2128  31:2425  32:1998  33:1765  34:1248  35:1581  36:1516  37:1026  38:745  39:954  40:1077  41:823  42:929  43:1258  44:1550  45:383  46:326  47:319  48:359  49:278  50:229  51:212  52:245  53:136  54:111  55:80  56:86  57:71  58:74  59:40  60:37  61:20  62:40  63:19  64:21  65:31  66:12  67:22  68:22  69:12  70:15  71:16  72:21  73:14  74:16  75:15  76:14  77:8  78:13  79:18  80:34  81:21  82:7  83:8  84:2  86:4  87:2  88:3  89:2  90:1  91:3  92:4  93:1  94:2  97:2  98:1  99:1  100:3  103:1  105:1  109:1  111:1  112:1  130:3
  short unary avg len: 2.00
1587.558131,7.584204,990.436044
[PASSED]
[time 3.38 s, user 3.20 s, sys 0.16 s, maxrss 230944 KB]
[busy 348 jiffies]
[exit 0]
--- c2 case 2 rec 1   load 0.79 0.87 0.94
[TEST C2-MARISA]
Processing dataset...
Done!
Building trie...
trie size: 2.379500 MB
trie size: 3.728127 MB
Done!
build time: 1513.279753 ms (1513.279753 ns per key)
space cost: 7.584204 MB (13.627258% of original size 55.654658 MB)
Querying trie...
Done!
total time: 982.178668 ms, avg latency: 982.178668 ns
topology: 1.114113 MB, link: 3.112300 MB, data: 3.337283 MB
--- Unary Path Analysis (Marisa, cutoff=3) ---
  branches: 1624370  |  single-char: 364657 (22.4%)  short-unary: 105835 (6.5%)  links: 1153878 (71.0%)
  link len: avg=10.16  max=130  total_chars=11724159
  link length distribution (len:count):  3:86064  4:95323  5:99308  6:104992  7:95461  8:108108  9:90737  10:64624  11:60242  12:50948  13:45360  14:36727  15:31143  16:26922  17:21639  18:24976  19:18225  20:13819  21:11536  22:9190  23:7326  24:7075  25:5058  26:4084  27:3561  28:4082  29:2881  30:2128  31:2425  32:1998  33:1765  34:1248  35:1581  36:1516  37:1026  38:745  39:954  40:1077  41:823  42:929  43:1258  44:1550  45:383  46:326  47:319  48:359  49:278  50:229  51:212  52:245  53:136  54:111  55:80  56:86  57:71  58:74  59:40  60:37  61:20  62:40  63:19  64:21  65:31  66:12  67:22  68:22  69:12  70:15  71:16  72:21  73:14  74:16  75:15  76:14  77:8  78:13  79:18  80:34  81:21  82:7  83:8  84:2  86:4  87:2  88:3  89:2  90:1  91:3  92:4  93:1  94:2  97:2  98:1  99:1  100:3  103:1  105:1  109:1  111:1  112:1  130:3
  short unary avg len: 2.00
1513.279753,7.584204,982.178668
[PASSED]
[time 3.30 s, user 3.13 s, sys 0.15 s, maxrss 230908 KB]
[busy 340 jiffies]
[exit 0]
--- c2 case 2 rec 0   load 0.81 0.87 0.94
[TEST C2-MARISA]
Processing dataset...
Done!
Building trie...
trie size: 2.379500 MB
Done!
build time: 1280.987828 ms (1280.987828 ns per key)
space cost: 9.142673 MB (16.427506% of original size 55.654658 MB)
Querying trie...
Done!
total time: 640.377730 ms, avg latency: 640.377730 ns
topology: 0.788380 MB, link: 3.028383 MB, data: 5.305402 MB
--- Unary Path Analysis (Marisa, cutoff=3) ---
  branches: 1624370  |  single-char: 364657 (22.4%)  short-unary: 105835 (6.5%)  links: 1153878 (71.0%)
  link len: avg=10.16  max=130  total_chars=11724159
  link length distribution (len:count):  3:86064  4:95323  5:99308  6:104992  7:95461  8:108108  9:90737  10:64624  11:60242  12:50948  13:45360  14:36727  15:31143  16:26922  17:21639  18:24976  19:18225  20:13819  21:11536  22:9190  23:7326  24:7075  25:5058  26:4084  27:3561  28:4082  29:2881  30:2128  31:2425  32:1998  33:1765  34:1248  35:1581  36:1516  37:1026  38:745  39:954  40:1077  41:823  42:929  43:1258  44:1550  45:383  46:326  47:319  48:359  49:278  50:229  51:212  52:245  53:136  54:111  55:80  56:86  57:71  58:74  59:40  60:37  61:20  62:40  63:19  64:21  65:31  66:12  67:22  68:22  69:12  70:15  71:16  72:21  73:14  74:16  75:15  76:14  77:8  78:13  79:18  80:34  81:21  82:7  83:8  84:2  86:4  87:2  88:3  89:2  90:1  91:3  92:4  93:1  94:2  97:2  98:1  99:1  100:3  103:1  105:1  109:1  111:1  112:1  130:3
  short unary avg len: 2.00
1280.987828,9.142673,640.377730
[PASSED]
[time 2.74 s, user 2.54 s, sys 0.19 s, maxrss 246180 KB]
[busy 282 jiffies]
[exit 0]
--- c2 case 1 rec 2   load 0.83 0.87 0.94
[TEST C2-CoCo(LOUDS-Sparse)]
Processing dataset...
Done!
Building trie...
trie size: 2.433954 MB
trie size: 0.408309 MB
Done!
build time: 4181.488152 ms (4181.488152 ns per key)
space cost: 9.667667 MB (17.370814% of original size 55.654658 MB)
Querying trie...
Done!
total time: 1289.635498 ms, avg latency: 1289.635498 ns
topology: 0.678532 MB, link: 3.299602 MB, data: 5.689534 MB
4181.488152,9.667667,1289.635498
[PASSED]
[time 6.29 s, user 5.95 s, sys 0.30 s, maxrss 511820 KB]
[busy 646 jiffies]
[exit 0]
--- c2 case 1 rec 1   load 0.92 0.89 0.95
[TEST C2-CoCo(LOUDS-Sparse)]
Processing dataset...
Done!
Building trie...
trie size: 2.433954 MB
Done!
build time: 4096.142327 ms (4096.142327 ns per key)
space cost: 9.667667 MB (17.370814% of original size 55.654658 MB)
Querying trie...
Done!
total time: 1283.216295 ms, avg latency: 1283.216295 ns
topology: 0.678532 MB, link: 3.299602 MB, data: 5.689534 MB
4096.142327,9.667667,1283.216295
[PASSED]
[time 6.20 s, user 5.87 s, sys 0.30 s, maxrss 512108 KB]
[busy 638 jiffies]
[exit 0]
--- c2 case 1 rec 0   load 1.01 0.91 0.95
[TEST C2-CoCo(LOUDS-Sparse)]
Processing dataset...
Done!
Building trie...
Done!
build time: 3938.798298 ms (3938.798298 ns per key)
space cost: 10.850550 MB (19.496212% of original size 55.654658 MB)
Querying trie...
Done!
total time: 1170.762620 ms, avg latency: 1170.762620 ns
topology: 0.452286 MB, link: 3.359728 MB, data: 7.038537 MB
3938.798298,10.850550,1170.762620
[PASSED]
[time 5.93 s, user 5.58 s, sys 0.32 s, maxrss 511880 KB]
[busy 609 jiffies]
[exit 0]
--- c2 case 0 rec 2   load 1.01 0.91 0.95
[TEST C2-FST]
Processing dataset...
Done!
Building trie...
trie size: 2.433954 MB
trie size: 0.408309 MB
Done!
build time: 1338.194556 ms (1338.194556 ns per key)
space cost: 9.494965 MB (17.060503% of original size 55.654658 MB)
Querying trie...
Done!
total time: 1362.954623 ms, avg latency: 1362.954623 ns
topology: 1.739155 MB, link: 2.123735 MB, data: 5.632074 MB
--- Unary Path Analysis (FST, cutoff=4) ---
  shared unary steps in main trie: 1983898
  terminal suffixes: inplace=155036 (avg len=2.03)  links=775026 (83.3% of terminal)
  link len: avg=9.81  max=128  total_chars=7602444
  link length distribution (len:count):  4:63662  5:73939  6:69531  7:88678  8:71526  9:52778  10:51773  11:44074  12:39713  13:31763  14:26712  15:22182  16:18455  17:22937  18:16541  19:12402  20:10319  21:8136  22:6539  23:6401  24:4377  25:3649  26:3160  27:3721  28:2559  29:1865  30:1985  31:1339  32:1222  33:997  34:1398  35:1349  36:841  37:575  38:604  39:530  40:470  41:758  42:1158  43:1471  44:308  45:277  46:258  47:317  48:236  49:197  50:181  51:216  52:108  53:92  54:67  55:72  56:56  57:66  58:37  59:33  60:19  61:34  62:14  63:20  64:25  65:11  66:17  67:20  68:11  69:14  70:14  71:20  72:13  73:15  74:14  75:14  76:8  77:11  78:18  79:34  80:20  81:7  82:8  83:2  85:4  86:2  87:2  88:1  90:2  91:4  92:1  93:2  96:2  97:1  98:1  99:3  102:1  104:1  108:1  110:1  111:1  129:3
1338.194556,9.494965,1362.954623
[PASSED]
[time 3.51 s, user 3.30 s, sys 0.20 s, maxrss 258444 KB]
[busy 362 jiffies]
[exit 0]
--- c2 case 0 rec 1   load 1.01 0.92 0.96
[TEST C2-FST]
Processing dataset...
Done!
Building trie...
trie size: 2.433954 MB
Done!
build time: 1301.584191 ms (1301.584191 ns per key)
space cost: 9.494965 MB (17.060503% of original size 55.654658 MB)
Querying trie...
Done!
total time: 1373.565963 ms, avg latency: 1373.565963 ns
topology: 1.739155 MB, link: 2.123735 MB, data: 5.632074 MB
--- Unary Path Analysis (FST, cutoff=4) ---
  shared unary steps in main trie: 1983898
  terminal suffixes: inplace=155036 (avg len=2.03)  links=775026 (83.3% of terminal)
  link len: avg=9.81  max=128  total_chars=7602444
  link length distribution (len:count):  4:63662  5:73939  6:69531  7:88678  8:71526  9:52778  10:51773  11:44074  12:39713  13:31763  14:26712  15:22182  16:18455  17:22937  18:16541  19:12402  20:10319  21:8136  22:6539  23:6401  24:4377  25:3649  26:3160  27:3721  28:2559  29:1865  30:1985  31:1339  32:1222  33:997  34:1398  35:1349  36:841  37:575  38:604  39:530  40:470  41:758  42:1158  43:1471  44:308  45:277  46:258  47:317  48:236  49:197  50:181  51:216  52:108  53:92  54:67  55:72  56:56  57:66  58:37  59:33  60:19  61:34  62:14  63:20  64:25  65:11  66:17  67:20  68:11  69:14  70:14  71:20  72:13  73:15  74:14  75:14  76:8  77:11  78:18  79:34  80:20  81:7  82:8  83:2  85:4  86:2  87:2  88:1  90:2  91:4  92:1  93:2  96:2  97:1  98:1  99:3  102:1  104:1  108:1  110:1  111:1  129:3
1301.584191,9.494965,1373.565963
[PASSED]
[time 3.49 s, user 3.28 s, sys 0.19 s, maxrss 258364 KB]
[busy 361 jiffies]
[exit 0]
--- c2 case 0 rec 0   load 1.01 0.92 0.96
[TEST C2-FST]
Processing dataset...
Done!
Building trie...
Done!
build time: 1143.719092 ms (1143.719092 ns per key)
space cost: 10.677848 MB (19.185901% of original size 55.654658 MB)
Querying trie...
Done!
total time: 1215.669867 ms, avg latency: 1215.669867 ns
topology: 1.512909 MB, link: 2.183862 MB, data: 6.981077 MB
--- Unary Path Analysis (FST, cutoff=4) ---
  shared unary steps in main trie: 1983898
  terminal suffixes: inplace=155036 (avg len=2.03)  links=775026 (83.3% of terminal)
  link len: avg=9.81  max=128  total_chars=7602444
  link length distribution (len:count):  4:63662  5:73939  6:69531  7:88678  8:71526  9:52778  10:51773  11:44074  12:39713  13:31763  14:26712  15:22182  16:18455  17:22937  18:16541  19:12402  20:10319  21:8136  22:6539  23:6401  24:4377  25:3649  26:3160  27:3721  28:2559  29:1865  30:1985  31:1339  32:1222  33:997  34:1398  35:1349  36:841  37:575  38:604  39:530  40:470  41:758  42:1158  43:1471  44:308  45:277  46:258  47:317  48:236  49:197  50:181  51:216  52:108  53:92  54:67  55:72  56:56  57:66  58:37  59:33  60:19  61:34  62:14  63:20  64:25  65:11  66:17  67:20  68:11  69:14  70:14  71:20  72:13  73:15  74:14  75:14  76:8  77:11  78:18  79:34  80:20  81:7  82:8  83:2  85:4  86:2  87:2  88:1  90:2  91:4  92:1  93:2  96:2  97:1  98:1  99:3  102:1  104:1  108:1  110:1  111:1  129:3
1143.719092,10.677848,1215.669867
[PASSED]
[time 3.17 s, user 2.96 s, sys 0.19 s, maxrss 258332 KB]
[busy 330 jiffies]
[exit 0]
--- lexindex da   skipped: exit 3 in round 1
--- lexindex hashed16   load 1.01 0.92 0.96
1000000 keys
lexindex HashedDictIndex fp=16: build 381 ms, size 11.057 MiB (11.594 B/key), latency cold 74.5 ns, then mean 71.6 / min 71.5 ns
380.898,11.056730,74.486
[time 1.28 s, user 3.32 s, sys 0.41 s, maxrss 271820 KB]
[busy 383 jiffies]
[exit 0]
--- lexindex hashed8   load 1.01 0.92 0.96
1000000 keys
lexindex HashedDictIndex fp=8: build 377 ms, size 10.103 MiB (10.594 B/key), latency cold 72.8 ns, then mean 72.7 / min 71.8 ns
377.451,10.103056,72.796
[time 1.27 s, user 3.33 s, sys 0.41 s, maxrss 281380 KB]
[busy 383 jiffies]
[exit 0]
--- lexindex hashed0   load 0.93 0.90 0.95
1000000 keys
lexindex HashedDictIndex closed: build 381 ms, size 9.149 MiB (9.594 B/key), latency cold 60.5 ns, then mean 59.3 / min 59.0 ns
380.506,9.149382,60.506
[time 1.21 s, user 3.27 s, sys 0.38 s, maxrss 276712 KB]
[busy 375 jiffies]
[exit 0]
--- lexindex string   load 0.93 0.90 0.95
1000000 keys
lexindex StringIndex: build 884 ms, size 10.366 MiB (10.870 B/key), latency cold 502.7 ns, then mean 483.1 / min 480.8 ns
884.329,10.366158,502.652
[time 3.43 s, user 3.30 s, sys 0.11 s, maxrss 236080 KB]
[busy 356 jiffies]
[exit 0]
--- lexindex routed1024   load 0.93 0.90 0.95
1000000 keys
lexindex DictIndex block 1024 routed: build 290 ms, size 6.448 MiB (6.761 B/key), latency cold 590.2 ns, then mean 590.3 / min 587.8 ns
289.562,6.447701,590.191
[time 3.26 s, user 4.50 s, sys 0.32 s, maxrss 281824 KB]
[busy 499 jiffies]
[exit 0]
--- lexindex routed256   load 0.94 0.91 0.95
1000000 keys
lexindex DictIndex block 256 routed: build 267 ms, size 7.013 MiB (7.354 B/key), latency cold 535.5 ns, then mean 536.1 / min 528.2 ns
267.434,7.013127,535.503
[time 3.02 s, user 5.07 s, sys 0.36 s, maxrss 264744 KB]
[busy 562 jiffies]
[exit 0]
--- lexindex routed32   load 0.86 0.89 0.95
1000000 keys
lexindex DictIndex block 32 routed: build 265 ms, size 8.366 MiB (8.772 B/key), latency cold 534.8 ns, then mean 535.5 / min 534.4 ns
265.290,8.365550,534.841
[time 3.01 s, user 4.95 s, sys 0.40 s, maxrss 281536 KB]
[busy 553 jiffies]
[exit 0]
--- lexindex dict1024   load 0.86 0.89 0.95
1000000 keys
lexindex DictIndex block 1024: build 289 ms, size 6.209 MiB (6.511 B/key), latency cold 605.3 ns, then mean 600.3 / min 597.5 ns
289.347,6.209176,605.285
[time 3.32 s, user 4.57 s, sys 0.33 s, maxrss 265528 KB]
[busy 509 jiffies]
[exit 0]
--- lexindex dict256   load 0.87 0.89 0.95
1000000 keys
lexindex DictIndex block 256: build 263 ms, size 6.536 MiB (6.854 B/key), latency cold 552.4 ns, then mean 550.2 / min 548.7 ns
262.551,6.536199,552.447
[time 3.07 s, user 5.07 s, sys 0.42 s, maxrss 260972 KB]
[busy 566 jiffies]
[exit 0]
--- lexindex dict32   load 0.88 0.90 0.95
1000000 keys
lexindex DictIndex block 32: build 263 ms, size 7.889 MiB (8.272 B/key), latency cold 556.8 ns, then mean 550.3 / min 546.6 ns
263.155,7.888713,556.829
[time 3.08 s, user 5.03 s, sys 0.40 s, maxrss 267732 KB]
[busy 556 jiffies]
[exit 0]

##### opaque-1000000 (1000000 lines, 17000000 bytes)   round 2/3   2026-09-26T04:02:20+03:00
--- xcdat 16   load 0.89 0.90 0.95
build time: 640.783122 ms
space cost: 19.227987 MiB (126.012538% of original size 15.258789 MiB)
avg latency: 211.888064 ns
640.783122,19.227987,211.888064
[time 1.54 s, user 1.43 s, sys 0.10 s, maxrss 179844 KB]
[busy 159 jiffies]
[exit 0]
--- xcdat 15   load 0.82 0.88 0.94
build time: 669.730377 ms
space cost: 19.094490 MiB (125.137650% of original size 15.258789 MiB)
avg latency: 207.828496 ns
669.730377,19.094490,207.828496
[time 1.58 s, user 1.45 s, sys 0.12 s, maxrss 180580 KB]
[busy 164 jiffies]
[exit 0]
--- xcdat 8   load 0.82 0.88 0.94
build time: 648.319043 ms
space cost: 18.565336 MiB (121.669787% of original size 15.258789 MiB)
avg latency: 217.283323 ns
648.319043,18.565336,217.283323
[time 1.56 s, user 1.44 s, sys 0.10 s, maxrss 180052 KB]
[busy 161 jiffies]
[exit 0]
--- xcdat 7   load 0.76 0.87 0.94
build time: 673.042221 ms
space cost: 19.932177 MiB (130.627512% of original size 15.258789 MiB)
avg latency: 226.774558 ns
673.042221,19.932177,226.774558
[time 1.58 s, user 1.47 s, sys 0.10 s, maxrss 173112 KB]
[busy 163 jiffies]
[exit 0]
--- c2 case 8 rec 0   load 0.76 0.87 0.94
[TEST CART]
Processing dataset...
Done!
Building trie...
Done!
build time: 161.115025 ms (161.115025 ns per key)
space cost: 11.383729 MB (74.604406% of original size 15.258789 MB)
Querying trie...
Done!
total time: 230.944384 ms, avg latency: 230.944384 ns
not implemented
161.115025,11.383729,230.944384
[PASSED]
[time 1.06 s, user 0.96 s, sys 0.08 s, maxrss 160996 KB]
[busy 109 jiffies]
[exit 0]
--- c2 case 7 rec 0   load 0.76 0.87 0.94
[TEST ART]
Processing dataset...
Done!
Building trie...
Done!
build time: 138.396665 ms (138.396665 ns per key)
space cost: 30.301407 MB (198.583300% of original size 15.258789 MB)
Querying trie...
Done!
total time: 183.976104 ms, avg latency: 183.976104 ns
not implemented
138.396665,30.301407,183.976104
[PASSED]
[time 1.00 s, user 0.89 s, sys 0.10 s, maxrss 178972 KB]
[busy 103 jiffies]
[exit 0]
--- c2 case 6 rec 0   load 0.78 0.87 0.94
[TEST PDT]
Processing dataset...
Done!
Building trie...
dict size: 177882, stream size: 12826382
Done!
build time: 16177.823236 ms (16177.823236 ns per key)
space cost: 13.677892 MB (89.639431% of original size 15.258789 MB)
Querying trie...
Done!
total time: 595.587604 ms, avg latency: 595.587604 ns
not implemented
16177.823236,13.677892,595.587604
[PASSED]
[time 17.44 s, user 17.15 s, sys 0.22 s, maxrss 360996 KB]
[busy 1794 jiffies]
[exit 0]
--- c2 case 5 rec 2   load 0.76 0.86 0.93
[TEST MARISA]
Processing dataset...
Done!
Building trie...
Done!
build time: 960.301236 ms (960.301236 ns per key)
space cost: 17.949429 MB (117.633375% of original size 15.258789 MB)
Querying trie...
Done!
total time: 959.472740 ms, avg latency: 959.472740 ns
not implemented
960.301236,17.949429,959.472740
[PASSED]
[time 2.60 s, user 2.45 s, sys 0.13 s, maxrss 225436 KB]
[busy 267 jiffies]
[exit 0]
--- c2 case 5 rec 1   load 0.76 0.86 0.93
[TEST MARISA]
Processing dataset...
Done!
Building trie...
Done!
build time: 744.793280 ms (744.793280 ns per key)
space cost: 17.634758 MB (115.571150% of original size 15.258789 MB)
Querying trie...
Done!
total time: 683.505893 ms, avg latency: 683.505893 ns
not implemented
744.793280,17.634758,683.505893
[PASSED]
[time 2.08 s, user 1.94 s, sys 0.13 s, maxrss 185432 KB]
[busy 216 jiffies]
[exit 0]
--- c2 case 5 rec 0   load 0.78 0.87 0.93
[TEST MARISA]
Processing dataset...
Done!
Building trie...
Done!
build time: 476.846465 ms (476.846465 ns per key)
space cost: 17.200768 MB (112.726950% of original size 15.258789 MB)
Querying trie...
Done!
total time: 453.268198 ms, avg latency: 453.268198 ns
not implemented
476.846465,17.200768,453.268198
[PASSED]
[time 1.59 s, user 1.47 s, sys 0.11 s, maxrss 194928 KB]
[busy 164 jiffies]
[exit 0]
--- c2 case 4 rec 0   load 0.78 0.87 0.93
[TEST COCO]
Processing dataset...
Done!
Building trie...
num nodes = 4097, average depth = 12.997071
ef = 0.000000, pa = 0.000000, bv = 0.000000, de = 0.000000
efr = 0.000000, par = 0.999756, bvr = 0.000244, der = 0.000000
Done!
build time: 17561.419569 ms (17561.419569 ns per key)
space cost: 10.595579 MB (69.439184% of original size 15.258789 MB)
Querying trie...
Done!
total time: 474.979096 ms, avg latency: 474.979096 ns
not implemented
17561.419569,10.595579,474.979096
[PASSED]
[time 19.50 s, user 14.47 s, sys 4.95 s, maxrss 11388888 KB]
[busy 2005 jiffies]
[exit 0]
--- c2 case 3 rec 0   load 0.92 0.89 0.94
[TEST FST]
Processing dataset...
Done!
Building trie...
Done!
build time: 656.016378 ms (656.016378 ns per key)
space cost: 16.760878 MB (109.844088% of original size 15.258789 MB)
Querying trie...
Done!
total time: 341.202964 ms, avg latency: 341.202964 ns
not implemented
656.016378,16.760878,341.202964
[PASSED]
[time 1.64 s, user 1.55 s, sys 0.08 s, maxrss 147112 KB]
[busy 169 jiffies]
[exit 0]
--- c2 case 2 rec 2   load 0.92 0.89 0.94
[TEST C2-MARISA]
Processing dataset...
Done!
Building trie...
trie size: 1.836515 MB
trie size: 4.316792 MB
Done!
build time: 2022.581145 ms (2022.581145 ns per key)
space cost: 16.609414 MB (108.851456% of original size 15.258789 MB)
Querying trie...
Done!
total time: 334.796905 ms, avg latency: 334.796905 ns
topology: 0.607349 MB, link: 2.863268 MB, data: 13.118289 MB
--- Unary Path Analysis (Marisa, cutoff=3) ---
  branches: 1267337  |  single-char: 266306 (21.0%)  short-unary: 1021 (0.1%)  links: 1000010 (78.9%)
  link len: avg=12.96  max=14  total_chars=12963813
  link length distribution (len:count):  3:10  10:6  11:856  12:56569  13:920487  14:22082
  short unary avg len: 2.00
2022.581145,16.609414,334.796905
[PASSED]
[time 3.01 s, user 2.80 s, sys 0.19 s, maxrss 283780 KB]
[busy 313 jiffies]
[exit 0]
--- c2 case 2 rec 1   load 0.93 0.89 0.94
[TEST C2-MARISA]
Processing dataset...
Done!
Building trie...
trie size: 1.836515 MB
trie size: 4.316792 MB
Done!
build time: 2018.600995 ms (2018.600995 ns per key)
space cost: 16.609414 MB (108.851456% of original size 15.258789 MB)
Querying trie...
Done!
total time: 348.667861 ms, avg latency: 348.667861 ns
topology: 0.607349 MB, link: 2.863268 MB, data: 13.118289 MB
--- Unary Path Analysis (Marisa, cutoff=3) ---
  branches: 1267337  |  single-char: 266306 (21.0%)  short-unary: 1021 (0.1%)  links: 1000010 (78.9%)
  link len: avg=12.96  max=14  total_chars=12963813
  link length distribution (len:count):  3:10  10:6  11:856  12:56569  13:920487  14:22082
  short unary avg len: 2.00
2018.600995,16.609414,348.667861
[PASSED]
[time 3.02 s, user 2.83 s, sys 0.17 s, maxrss 283780 KB]
[busy 312 jiffies]
[exit 0]
--- c2 case 2 rec 0   load 0.85 0.88 0.94
[TEST C2-MARISA]
Processing dataset...
Done!
Building trie...
trie size: 1.836515 MB
Done!
build time: 990.791722 ms (990.791722 ns per key)
space cost: 16.609414 MB (108.851456% of original size 15.258789 MB)
Querying trie...
Done!
total time: 334.502944 ms, avg latency: 334.502944 ns
topology: 0.607349 MB, link: 2.863268 MB, data: 13.118289 MB
--- Unary Path Analysis (Marisa, cutoff=3) ---
  branches: 1267337  |  single-char: 266306 (21.0%)  short-unary: 1021 (0.1%)  links: 1000010 (78.9%)
  link len: avg=12.96  max=14  total_chars=12963813
  link length distribution (len:count):  3:10  10:6  11:856  12:56569  13:920487  14:22082
  short unary avg len: 2.00
990.791722,16.609414,334.502944
[PASSED]
[time 1.98 s, user 1.82 s, sys 0.15 s, maxrss 236932 KB]
[busy 208 jiffies]
[exit 0]
--- c2 case 1 rec 2   load 0.85 0.88 0.94
[TEST C2-CoCo(LOUDS-Sparse)]
Processing dataset...
Done!
Building trie...
trie size: 4.316751 MB
Done!
build time: 2243.312052 ms (2243.312052 ns per key)
space cost: 16.089285 MB (105.442735% of original size 15.258789 MB)
Querying trie...
Done!
total time: 538.956218 ms, avg latency: 538.956218 ns
topology: 0.346626 MB, link: 3.175570 MB, data: 12.567089 MB
2243.312052,16.089285,538.956218
[PASSED]
[time 3.45 s, user 3.19 s, sys 0.24 s, maxrss 418600 KB]
[busy 353 jiffies]
[exit 0]
--- c2 case 1 rec 1   load 0.87 0.88 0.94
[TEST C2-CoCo(LOUDS-Sparse)]
Processing dataset...
Done!
Building trie...
trie size: 4.316751 MB
Done!
build time: 2231.915016 ms (2231.915016 ns per key)
space cost: 16.089285 MB (105.442735% of original size 15.258789 MB)
Querying trie...
Done!
total time: 530.841930 ms, avg latency: 530.841930 ns
topology: 0.346626 MB, link: 3.175570 MB, data: 12.567089 MB
2231.915016,16.089285,530.841930
[PASSED]
[time 3.42 s, user 3.17 s, sys 0.23 s, maxrss 418788 KB]
[busy 352 jiffies]
[exit 0]
--- c2 case 1 rec 0   load 0.88 0.88 0.94
[TEST C2-CoCo(LOUDS-Sparse)]
Processing dataset...
Done!
Building trie...
Done!
build time: 1359.713541 ms (1359.713541 ns per key)
space cost: 16.089285 MB (105.442735% of original size 15.258789 MB)
Querying trie...
Done!
total time: 530.344726 ms, avg latency: 530.344726 ns
topology: 0.346626 MB, link: 3.175570 MB, data: 12.567089 MB
1359.713541,16.089285,530.344726
[PASSED]
[time 2.54 s, user 2.34 s, sys 0.19 s, maxrss 357356 KB]
[busy 262 jiffies]
[exit 0]
--- c2 case 0 rec 2   load 0.89 0.89 0.94
[TEST C2-FST]
Processing dataset...
Done!
Building trie...
trie size: 4.316751 MB
Done!
build time: 1978.817288 ms (1978.817288 ns per key)
space cost: 16.922257 MB (110.901706% of original size 15.258789 MB)
Querying trie...
Done!
total time: 394.648512 ms, avg latency: 394.648512 ns
topology: 0.743332 MB, link: 3.012292 MB, data: 13.166634 MB
--- Unary Path Analysis (FST, cutoff=4) ---
  shared unary steps in main trie: 1041
  terminal suffixes: inplace=0 (avg len=0.00)  links=1000000 (100.0% of terminal)
  link len: avg=10.96  max=12  total_chars=10963783
  link length distribution (len:count):  9:6  10:856  11:56569  12:920487  13:22082
1978.817288,16.922257,394.648512
[PASSED]
[time 3.04 s, user 2.79 s, sys 0.23 s, maxrss 311304 KB]
[busy 312 jiffies]
[exit 0]
--- c2 case 0 rec 1   load 0.82 0.87 0.93
[TEST C2-FST]
Processing dataset...
Done!
Building trie...
trie size: 4.316751 MB
Done!
build time: 1997.185694 ms (1997.185694 ns per key)
space cost: 16.922257 MB (110.901706% of original size 15.258789 MB)
Querying trie...
Done!
total time: 400.117890 ms, avg latency: 400.117890 ns
topology: 0.743332 MB, link: 3.012292 MB, data: 13.166634 MB
--- Unary Path Analysis (FST, cutoff=4) ---
  shared unary steps in main trie: 1041
  terminal suffixes: inplace=0 (avg len=0.00)  links=1000000 (100.0% of terminal)
  link len: avg=10.96  max=12  total_chars=10963783
  link length distribution (len:count):  9:6  10:856  11:56569  12:920487  13:22082
1997.185694,16.922257,400.117890
[PASSED]
[time 3.06 s, user 2.83 s, sys 0.21 s, maxrss 311524 KB]
[busy 318 jiffies]
[exit 0]
--- c2 case 0 rec 0   load 0.82 0.87 0.93
[TEST C2-FST]
Processing dataset...
Done!
Building trie...
Done!
build time: 1082.683521 ms (1082.683521 ns per key)
space cost: 16.922257 MB (110.901706% of original size 15.258789 MB)
Querying trie...
Done!
total time: 393.211903 ms, avg latency: 393.211903 ns
topology: 0.743332 MB, link: 3.012292 MB, data: 13.166634 MB
--- Unary Path Analysis (FST, cutoff=4) ---
  shared unary steps in main trie: 1041
  terminal suffixes: inplace=0 (avg len=0.00)  links=1000000 (100.0% of terminal)
  link len: avg=10.96  max=12  total_chars=10963783
  link length distribution (len:count):  9:6  10:856  11:56569  12:920487  13:22082
1082.683521,16.922257,393.211903
[PASSED]
[time 2.14 s, user 1.97 s, sys 0.15 s, maxrss 250012 KB]
[busy 222 jiffies]
[exit 0]
--- lexindex da   skipped: exit 3 in round 1
--- lexindex hashed16   load 0.83 0.87 0.93
1000000 keys
lexindex HashedDictIndex fp=16: build 203 ms, size 14.438 MiB (15.139 B/key), latency cold 57.0 ns, then mean 54.7 / min 54.1 ns
202.510,14.437587,56.979
[time 0.84 s, user 1.61 s, sys 0.30 s, maxrss 173876 KB]
[busy 194 jiffies]
[exit 0]
--- lexindex hashed8   load 0.83 0.87 0.93
1000000 keys
lexindex HashedDictIndex fp=8: build 202 ms, size 13.484 MiB (14.139 B/key), latency cold 55.7 ns, then mean 54.8 / min 54.5 ns
202.053,13.483912,55.732
[time 0.84 s, user 1.63 s, sys 0.26 s, maxrss 172664 KB]
[busy 195 jiffies]
[exit 0]
--- lexindex hashed0   load 0.84 0.88 0.93
1000000 keys
lexindex HashedDictIndex closed: build 204 ms, size 12.530 MiB (13.139 B/key), latency cold 45.8 ns, then mean 44.1 / min 43.8 ns
203.581,12.530238,45.757
[time 0.80 s, user 1.58 s, sys 0.30 s, maxrss 169248 KB]
[busy 197 jiffies]
[exit 0]
--- lexindex string   load 0.84 0.88 0.93
1000000 keys
lexindex StringIndex: build 1060 ms, size 20.443 MiB (21.436 B/key), latency cold 288.4 ns, then mean 285.2 / min 281.9 ns
1060.476,20.442799,288.373
[time 2.63 s, user 2.54 s, sys 0.07 s, maxrss 152996 KB]
[busy 274 jiffies]
[exit 0]
--- lexindex routed1024   load 0.86 0.88 0.93
1000000 keys
lexindex DictIndex block 1024 routed: build 110 ms, size 10.052 MiB (10.541 B/key), latency cold 295.8 ns, then mean 292.8 / min 292.5 ns
109.710,10.052400,295.844
[time 1.71 s, user 2.11 s, sys 0.19 s, maxrss 149008 KB]
[busy 235 jiffies]
[exit 0]
--- lexindex routed256   load 0.86 0.88 0.93
1000000 keys
lexindex DictIndex block 256 routed: build 113 ms, size 10.394 MiB (10.899 B/key), latency cold 291.5 ns, then mean 286.3 / min 285.1 ns
112.995,10.393897,291.466
[time 1.69 s, user 2.41 s, sys 0.30 s, maxrss 171784 KB]
[busy 281 jiffies]
[exit 0]
--- lexindex routed32   load 0.87 0.88 0.93
1000000 keys
lexindex DictIndex block 32 routed: build 110 ms, size 10.622 MiB (11.138 B/key), latency cold 313.1 ns, then mean 308.2 / min 305.1 ns
109.973,10.621798,313.134
[time 1.78 s, user 2.50 s, sys 0.28 s, maxrss 165476 KB]
[busy 286 jiffies]
[exit 0]
--- lexindex dict1024   load 0.80 0.87 0.93
1000000 keys
lexindex DictIndex block 1024: build 109 ms, size 9.814 MiB (10.291 B/key), latency cold 366.6 ns, then mean 364.5 / min 363.4 ns
108.627,9.813874,366.596
[time 2.01 s, user 2.40 s, sys 0.19 s, maxrss 152084 KB]
[busy 266 jiffies]
[exit 0]
--- lexindex dict256   load 0.80 0.87 0.93
1000000 keys
lexindex DictIndex block 256: build 111 ms, size 9.917 MiB (10.399 B/key), latency cold 331.0 ns, then mean 327.8 / min 325.5 ns
110.570,9.916968,331.020
[time 1.85 s, user 2.57 s, sys 0.30 s, maxrss 172224 KB]
[busy 297 jiffies]
[exit 0]
--- lexindex dict32   load 0.82 0.87 0.93
1000000 keys
lexindex DictIndex block 32: build 109 ms, size 10.145 MiB (10.638 B/key), latency cold 323.9 ns, then mean 318.1 / min 316.7 ns
108.667,10.144960,323.852
[time 1.81 s, user 2.52 s, sys 0.29 s, maxrss 167508 KB]
[busy 289 jiffies]
[exit 0]

##### numeric-1000000 (1000000 lines, 6888890 bytes)   round 2/3   2026-09-26T04:04:27+03:00
--- xcdat 16   load 0.82 0.87 0.93
build time: 184.642461 ms
space cost: 7.181439 MiB (127.872740% of original size 5.616083 MiB)
avg latency: 69.442914 ns
184.642461,7.181439,69.442914
[time 0.57 s, user 0.50 s, sys 0.06 s, maxrss 90468 KB]
[busy 60 jiffies]
[exit 0]
--- xcdat 15   load 0.75 0.85 0.92
build time: 213.197329 ms
space cost: 6.727912 MiB (119.797228% of original size 5.616083 MiB)
avg latency: 53.716521 ns
213.197329,6.727912,53.716521
[time 0.59 s, user 0.51 s, sys 0.07 s, maxrss 90116 KB]
[busy 62 jiffies]
[exit 0]
--- xcdat 8   load 0.75 0.85 0.92
build time: 184.619518 ms
space cost: 4.607934 MiB (82.048892% of original size 5.616083 MiB)
avg latency: 95.259126 ns
184.619518,4.607934,95.259126
[time 0.62 s, user 0.54 s, sys 0.07 s, maxrss 90196 KB]
[busy 65 jiffies]
[exit 0]
--- xcdat 7   load 0.75 0.85 0.92
build time: 279.284577 ms
space cost: 5.285287 MiB (94.109841% of original size 5.616083 MiB)
avg latency: 84.347361 ns
279.284577,5.285287,84.347361
[time 0.69 s, user 0.61 s, sys 0.07 s, maxrss 90192 KB]
[busy 71 jiffies]
[exit 0]
--- c2 case 8 rec 0   load 0.69 0.84 0.92
[TEST CART]
Processing dataset...
Done!
Building trie...
Done!
build time: 71.277170 ms (71.277170 ns per key)
space cost: 11.262885 MB (200.546979% of original size 5.616083 MB)
Querying trie...
Done!
total time: 89.691624 ms, avg latency: 89.691624 ns
not implemented
71.277170,11.262885,89.691624
[PASSED]
[time 0.48 s, user 0.42 s, sys 0.06 s, maxrss 104728 KB]
[busy 51 jiffies]
[exit 0]
--- c2 case 7 rec 0   load 0.69 0.84 0.92
[TEST ART]
Processing dataset...
Done!
Building trie...
Done!
build time: 56.668559 ms (56.668559 ns per key)
space cost: 20.065308 MB (357.282951% of original size 5.616083 MB)
Querying trie...
Done!
total time: 74.194893 ms, avg latency: 74.194893 ns
not implemented
56.668559,20.065308,74.194893
[PASSED]
[time 0.45 s, user 0.39 s, sys 0.05 s, maxrss 103480 KB]
[busy 47 jiffies]
[exit 0]
--- c2 case 6 rec 0   load 0.69 0.84 0.92
[TEST PDT]
Processing dataset...
Done!
Building trie...
dict size: 92, stream size: 296698
Done!
build time: 106.056797 ms (106.056797 ns per key)
space cost: 1.559100 MB (27.761344% of original size 5.616083 MB)
Querying trie...
Done!
total time: 393.033136 ms, avg latency: 393.033136 ns
not implemented
106.056797,1.559100,393.033136
[PASSED]
[time 0.81 s, user 0.76 s, sys 0.05 s, maxrss 90128 KB]
[busy 85 jiffies]
[exit 0]
--- c2 case 5 rec 2   load 0.63 0.83 0.91
[TEST MARISA]
Processing dataset...
Done!
Building trie...
Done!
build time: 147.166687 ms (147.166687 ns per key)
space cost: 1.565816 MB (27.880925% of original size 5.616083 MB)
Querying trie...
Done!
total time: 186.248017 ms, avg latency: 186.248017 ns
not implemented
147.166687,1.565816,186.248017
[PASSED]
[time 0.65 s, user 0.57 s, sys 0.07 s, maxrss 108280 KB]
[busy 66 jiffies]
[exit 0]
--- c2 case 5 rec 1   load 0.63 0.83 0.91
[TEST MARISA]
Processing dataset...
Done!
Building trie...
Done!
build time: 147.202565 ms (147.202565 ns per key)
space cost: 1.565816 MB (27.880925% of original size 5.616083 MB)
Querying trie...
Done!
total time: 187.239770 ms, avg latency: 187.239770 ns
not implemented
147.202565,1.565816,187.239770
[PASSED]
[time 0.67 s, user 0.59 s, sys 0.07 s, maxrss 108276 KB]
[busy 70 jiffies]
[exit 0]
--- c2 case 5 rec 0   load 0.63 0.83 0.91
[TEST MARISA]
Processing dataset...
Done!
Building trie...
Done!
build time: 145.909856 ms (145.909856 ns per key)
space cost: 1.565816 MB (27.880925% of original size 5.616083 MB)
Querying trie...
Done!
total time: 187.617380 ms, avg latency: 187.617380 ns
not implemented
145.909856,1.565816,187.617380
[PASSED]
[time 0.67 s, user 0.60 s, sys 0.06 s, maxrss 108200 KB]
[busy 69 jiffies]
[exit 0]
--- c2 case 4 rec 0   load 0.58 0.81 0.91
[TEST COCO]
Processing dataset...
Done!
Building trie...
num nodes = 9001, average depth = 1.000222
ef = 0.000000, pa = 0.000000, bv = 0.000111, de = 0.999889
efr = 0.000000, par = 0.000000, bvr = 0.000000, der = 0.000000
Done!
build time: 693.684204 ms (693.684204 ns per key)
space cost: 0.497188 MB (8.852927% of original size 5.616083 MB)
Querying trie...
Done!
total time: 225.519094 ms, avg latency: 225.519094 ns
not implemented
693.684204,0.497188,225.519094
[PASSED]
[time 1.27 s, user 1.03 s, sys 0.24 s, maxrss 494800 KB]
[busy 132 jiffies]
[exit 0]
--- c2 case 3 rec 0   load 0.58 0.81 0.91
[TEST FST]
Processing dataset...
Done!
Building trie...
Done!
build time: 222.833937 ms (222.833937 ns per key)
space cost: 1.445107 MB (25.731589% of original size 5.616083 MB)
Querying trie...
Done!
total time: 249.713067 ms, avg latency: 249.713067 ns
not implemented
222.833937,1.445107,249.713067
[PASSED]
[time 0.80 s, user 0.74 s, sys 0.05 s, maxrss 74044 KB]
[busy 85 jiffies]
[exit 0]
--- c2 case 2 rec 2   skipped: exit 139 in round 1
--- c2 case 2 rec 1   skipped: exit 139 in round 1
--- c2 case 2 rec 0   skipped: exit 139 in round 1
--- c2 case 1 rec 2   skipped: exit 139 in round 1
--- c2 case 1 rec 1   skipped: exit 139 in round 1
--- c2 case 1 rec 0   skipped: exit 139 in round 1
--- c2 case 0 rec 2   skipped: exit 139 in round 1
--- c2 case 0 rec 1   skipped: exit 139 in round 1
--- c2 case 0 rec 0   skipped: exit 139 in round 1
--- lexindex da   load 0.58 0.81 0.91
1000000 keys
lexindex DoubleArrayIndex: build 136 ms, size 7.630 MiB (8.000 B/key), latency cold 27.7 ns, then mean 20.4 / min 20.3 ns
136.025,7.629574,27.682
[time 0.63 s, user 0.54 s, sys 0.08 s, maxrss 123556 KB]
[busy 66 jiffies]
[exit 0]
--- lexindex hashed16   load 0.62 0.81 0.91
1000000 keys
lexindex HashedDictIndex fp=16: build 142 ms, size 5.485 MiB (5.752 B/key), latency cold 20.0 ns, then mean 16.3 / min 16.2 ns
141.930,5.485309,19.973
[time 0.61 s, user 0.99 s, sys 0.17 s, maxrss 152840 KB]
[busy 121 jiffies]
[exit 0]
--- lexindex hashed8   load 0.62 0.81 0.91
1000000 keys
lexindex HashedDictIndex fp=8: build 141 ms, size 4.532 MiB (4.752 B/key), latency cold 18.9 ns, then mean 16.0 / min 15.9 ns
141.167,4.531634,18.865
[time 0.61 s, user 0.98 s, sys 0.18 s, maxrss 152868 KB]
[busy 121 jiffies]
[exit 0]
--- lexindex hashed0   load 0.62 0.81 0.91
1000000 keys
lexindex HashedDictIndex closed: build 142 ms, size 3.578 MiB (3.752 B/key), latency cold 14.9 ns, then mean 13.1 / min 12.7 ns
141.590,3.577960,14.925
[time 0.61 s, user 0.95 s, sys 0.20 s, maxrss 150616 KB]
[busy 120 jiffies]
[exit 0]
--- lexindex string   load 0.65 0.82 0.91
1000000 keys
lexindex StringIndex: build 133 ms, size 0.000 MiB (0.000 B/key), latency cold 83.6 ns, then mean 84.3 / min 84.0 ns
133.156,0.000287,83.628
[time 0.87 s, user 0.81 s, sys 0.05 s, maxrss 115548 KB]
[busy 90 jiffies]
[exit 0]
--- lexindex routed1024   load 0.65 0.82 0.91
1000000 keys
lexindex DictIndex block 1024 routed: build 54 ms, size 1.114 MiB (1.168 B/key), latency cold 178.4 ns, then mean 179.2 / min 178.9 ns
53.977,1.113975,178.424
[time 1.18 s, user 1.33 s, sys 0.12 s, maxrss 127660 KB]
[busy 151 jiffies]
[exit 0]
--- lexindex routed256   load 0.60 0.80 0.90
1000000 keys
lexindex DictIndex block 256 routed: build 59 ms, size 1.441 MiB (1.511 B/key), latency cold 178.6 ns, then mean 177.9 / min 177.5 ns
58.507,1.441005,178.641
[time 1.18 s, user 1.51 s, sys 0.16 s, maxrss 136440 KB]
[busy 176 jiffies]
[exit 0]
--- lexindex routed32   load 0.60 0.80 0.90
1000000 keys
lexindex DictIndex block 32 routed: build 59 ms, size 1.637 MiB (1.716 B/key), latency cold 200.6 ns, then mean 198.2 / min 198.1 ns
59.276,1.636708,200.608
[time 1.27 s, user 1.61 s, sys 0.15 s, maxrss 137560 KB]
[busy 182 jiffies]
[exit 0]
--- lexindex dict1024   load 0.60 0.80 0.90
1000000 keys
lexindex DictIndex block 1024: build 53 ms, size 0.875 MiB (0.918 B/key), latency cold 270.7 ns, then mean 269.8 / min 269.4 ns
53.253,0.875449,270.712
[time 1.54 s, user 1.71 s, sys 0.10 s, maxrss 128696 KB]
[busy 187 jiffies]
[exit 0]
--- lexindex dict256   load 0.63 0.81 0.91
1000000 keys
lexindex DictIndex block 256: build 56 ms, size 0.964 MiB (1.011 B/key), latency cold 248.2 ns, then mean 248.2 / min 248.0 ns
56.488,0.964076,248.154
[time 1.45 s, user 1.78 s, sys 0.16 s, maxrss 137604 KB]
[busy 204 jiffies]
[exit 0]
--- lexindex dict32   load 0.63 0.81 0.91
1000000 keys
lexindex DictIndex block 32: build 57 ms, size 1.160 MiB (1.216 B/key), latency cold 231.7 ns, then mean 229.8 / min 229.7 ns
57.419,1.159871,231.725
[time 1.39 s, user 1.70 s, sys 0.18 s, maxrss 136936 KB]
[busy 194 jiffies]
[exit 0]

##### idents-1000000 (1000000 lines, 17569522 bytes)   round 2/3   2026-09-26T04:05:10+03:00
--- xcdat 16   load 0.66 0.81 0.91
build time: 460.193862 ms
space cost: 13.179976 MiB (83.407397% of original size 15.801928 MiB)
avg latency: 197.287001 ns
460.193862,13.179976,197.287001
[time 1.17 s, user 1.04 s, sys 0.11 s, maxrss 178012 KB]
[busy 121 jiffies]
[exit 0]
--- xcdat 15   load 0.66 0.81 0.91
build time: 485.787145 ms
space cost: 12.607800 MiB (79.786472% of original size 15.801928 MiB)
avg latency: 187.213632 ns
485.787145,12.607800,187.213632
[time 1.19 s, user 1.06 s, sys 0.12 s, maxrss 177972 KB]
[busy 123 jiffies]
[exit 0]
--- xcdat 8   load 0.69 0.81 0.91
build time: 460.572514 ms
space cost: 10.202523 MiB (64.565055% of original size 15.801928 MiB)
avg latency: 206.404674 ns
460.572514,10.202523,206.404674
[time 1.17 s, user 1.05 s, sys 0.11 s, maxrss 177940 KB]
[busy 120 jiffies]
[exit 0]
--- xcdat 7   load 0.69 0.81 0.91
build time: 495.944393 ms
space cost: 10.636815 MiB (67.313402% of original size 15.801928 MiB)
avg latency: 213.909317 ns
495.944393,10.636815,213.909317
[time 1.22 s, user 1.09 s, sys 0.12 s, maxrss 178204 KB]
[busy 126 jiffies]
[exit 0]
--- c2 case 8 rec 0   load 0.63 0.80 0.90
[TEST CART]
Processing dataset...
Done!
Building trie...
Done!
build time: 229.880199 ms (229.880199 ns per key)
space cost: 15.394894 MB (97.424150% of original size 15.801928 MB)
Querying trie...
Done!
total time: 553.068237 ms, avg latency: 553.068237 ns
not implemented
229.880199,15.394894,553.068237
[PASSED]
[time 1.30 s, user 1.21 s, sys 0.08 s, maxrss 145972 KB]
[busy 134 jiffies]
[exit 0]
--- c2 case 7 rec 0   load 0.63 0.80 0.90
[TEST ART]
Processing dataset...
Done!
Building trie...
Done!
build time: 180.172831 ms (180.172831 ns per key)
space cost: 32.581932 MB (206.189605% of original size 15.801928 MB)
Querying trie...
Done!
total time: 519.755827 ms, avg latency: 519.755827 ns
not implemented
180.172831,32.581932,519.755827
[PASSED]
[time 1.21 s, user 1.11 s, sys 0.09 s, maxrss 156288 KB]
[busy 125 jiffies]
[exit 0]
--- c2 case 6 rec 0   load 0.58 0.79 0.90
[TEST PDT]
Processing dataset...
Done!
Building trie...
dict size: 159382, stream size: 4661413
Done!
build time: 2532.902595 ms (2532.902595 ns per key)
space cost: 5.873528 MB (37.169690% of original size 15.801928 MB)
Querying trie...
Done!
total time: 582.393743 ms, avg latency: 582.393743 ns
not implemented
2532.902595,5.873528,582.393743
[PASSED]
[time 3.60 s, user 3.48 s, sys 0.10 s, maxrss 164492 KB]
[busy 372 jiffies]
[exit 0]
--- c2 case 5 rec 2   load 0.53 0.77 0.89
[TEST MARISA]
Processing dataset...
Done!
Building trie...
Done!
build time: 540.252183 ms (540.252183 ns per key)
space cost: 5.101574 MB (32.284504% of original size 15.801928 MB)
Querying trie...
Done!
total time: 689.068441 ms, avg latency: 689.068441 ns
not implemented
540.252183,5.101574,689.068441
[PASSED]
[time 1.71 s, user 1.60 s, sys 0.09 s, maxrss 154176 KB]
[busy 175 jiffies]
[exit 0]
--- c2 case 5 rec 1   load 0.53 0.77 0.89
[TEST MARISA]
Processing dataset...
Done!
Building trie...
Done!
build time: 525.065145 ms (525.065145 ns per key)
space cost: 5.376669 MB (34.025399% of original size 15.801928 MB)
Querying trie...
Done!
total time: 640.501987 ms, avg latency: 640.501987 ns
not implemented
525.065145,5.376669,640.501987
[PASSED]
[time 1.64 s, user 1.54 s, sys 0.09 s, maxrss 154228 KB]
[busy 172 jiffies]
[exit 0]
--- c2 case 5 rec 0   load 0.49 0.76 0.89
[TEST MARISA]
Processing dataset...
Done!
Building trie...
Done!
build time: 447.403156 ms (447.403156 ns per key)
space cost: 6.900187 MB (43.666745% of original size 15.801928 MB)
Querying trie...
Done!
total time: 458.407815 ms, avg latency: 458.407815 ns
not implemented
447.403156,6.900187,458.407815
[PASSED]
[time 1.41 s, user 1.30 s, sys 0.10 s, maxrss 154276 KB]
[busy 144 jiffies]
[exit 0]
--- c2 case 4 rec 0   load 0.49 0.76 0.89
[TEST COCO]
Processing dataset...
Done!
Building trie...
num nodes = 399248, average depth = 7.939321
ef = 0.000363, pa = 0.211826, bv = 0.005743, de = 0.595417
efr = 0.002081, par = 0.107439, bvr = 0.000498, der = 0.076632
Done!
build time: 13317.302003 ms (13317.302003 ns per key)
space cost: 9.456138 MB (59.841676% of original size 15.801928 MB)
Querying trie...
Done!
total time: 507.253684 ms, avg latency: 507.253684 ns
not implemented
13317.302003,9.456138,507.253684
[PASSED]
[time 14.86 s, user 11.68 s, sys 3.11 s, maxrss 7164396 KB]
[busy 1521 jiffies]
[exit 0]
--- c2 case 3 rec 0   load 0.60 0.77 0.89
[TEST FST]
Processing dataset...
Done!
Building trie...
Done!
build time: 638.082831 ms (638.082831 ns per key)
space cost: 8.221326 MB (52.027361% of original size 15.801928 MB)
Querying trie...
Done!
total time: 721.320296 ms, avg latency: 721.320296 ns
not implemented
638.082831,8.221326,721.320296
[PASSED]
[time 1.85 s, user 1.77 s, sys 0.07 s, maxrss 110744 KB]
[busy 190 jiffies]
[exit 0]
--- c2 case 2 rec 2   load 0.64 0.78 0.89
[TEST C2-MARISA]
Processing dataset...
Done!
Building trie...
trie size: 2.270097 MB
trie size: 2.365652 MB
trie size: 0.409595 MB
Done!
build time: 787.793109 ms (787.793109 ns per key)
space cost: 5.935715 MB (37.563232% of original size 15.801928 MB)
Querying trie...
Done!
total time: 412.621306 ms, avg latency: 412.621306 ns
topology: 0.970436 MB, link: 1.946986 MB, data: 2.997785 MB
--- Unary Path Analysis (Marisa, cutoff=3) ---
  branches: 1422581  |  single-char: 551890 (38.8%)  short-unary: 115667 (8.1%)  links: 755024 (53.1%)
  link len: avg=8.77  max=2372  total_chars=6624040
  link length distribution (len:count):  3:105528  4:121910  5:97474  6:66582  7:57085  8:45533  9:37849  10:31975  11:26876  12:23163  13:19820  14:16116  15:13775  16:11928  17:9756  18:8336  19:6634  20:5552  21:4837  22:3831  23:3236  24:2773  25:2292  26:1859  27:1695  28:2977  29:3248  30:1048  31:1122  32:5884  33:8094  34:587  35:508  36:468  37:402  38:249  39:231  40:207  41:175  42:162  43:138  44:148  45:142  46:106  47:87  48:88  49:101  50:90  51:51  52:78  53:71  54:83  55:67  56:79  57:94  58:109  59:138  60:196  61:305  62:337  63:26  64:9  65:10  66:21  67:20  68:12  69:11  70:17  71:11  72:14  73:16  74:32  75:19  76:39  77:18  78:13  79:10  80:14  81:11  82:6  83:5  84:8  85:10  86:7  87:12  88:15  89:14  90:35  91:43  92:58  93:54  94:3  95:5  96:6  97:4  98:1  100:4  101:6  102:3  104:3  105:2  106:1  107:3  108:3  110:2  111:3  112:2  113:4  114:1  115:1  116:1  117:1  118:1  119:3  120:1  121:3  122:2  123:1  124:3  125:1  128:2  129:1  130:4  131:1  132:1  136:2  137:1  141:1  143:1  148:1  150:1  151:1  154:2  160:1  169:1  177:2  182:1  185:1  186:1  187:1  189:1  195:1  198:1  212:1  220:1  227:1  246:1  247:1  248:2  249:1  250:5  251:7  252:5  253:3  254:1  255:1  273:1  383:1  507:1  508:2  509:1  513:1  521:2  647:1  650:1  957:1  1019:1  1023:1  2372:1
  short unary avg len: 2.00
787.793109,5.935715,412.621306
[PASSED]
[time 1.71 s, user 1.57 s, sys 0.12 s, maxrss 191764 KB]
[busy 175 jiffies]
[exit 0]
--- c2 case 2 rec 1   load 0.64 0.78 0.89
[TEST C2-MARISA]
Processing dataset...
Done!
Building trie...
trie size: 2.270097 MB
trie size: 2.365652 MB
Done!
build time: 738.076204 ms (738.076204 ns per key)
space cost: 5.935715 MB (37.563232% of original size 15.801928 MB)
Querying trie...
Done!
total time: 416.535781 ms, avg latency: 416.535781 ns
topology: 0.970436 MB, link: 1.946986 MB, data: 2.997785 MB
--- Unary Path Analysis (Marisa, cutoff=3) ---
  branches: 1422581  |  single-char: 551890 (38.8%)  short-unary: 115667 (8.1%)  links: 755024 (53.1%)
  link len: avg=8.77  max=2372  total_chars=6624040
  link length distribution (len:count):  3:105528  4:121910  5:97474  6:66582  7:57085  8:45533  9:37849  10:31975  11:26876  12:23163  13:19820  14:16116  15:13775  16:11928  17:9756  18:8336  19:6634  20:5552  21:4837  22:3831  23:3236  24:2773  25:2292  26:1859  27:1695  28:2977  29:3248  30:1048  31:1122  32:5884  33:8094  34:587  35:508  36:468  37:402  38:249  39:231  40:207  41:175  42:162  43:138  44:148  45:142  46:106  47:87  48:88  49:101  50:90  51:51  52:78  53:71  54:83  55:67  56:79  57:94  58:109  59:138  60:196  61:305  62:337  63:26  64:9  65:10  66:21  67:20  68:12  69:11  70:17  71:11  72:14  73:16  74:32  75:19  76:39  77:18  78:13  79:10  80:14  81:11  82:6  83:5  84:8  85:10  86:7  87:12  88:15  89:14  90:35  91:43  92:58  93:54  94:3  95:5  96:6  97:4  98:1  100:4  101:6  102:3  104:3  105:2  106:1  107:3  108:3  110:2  111:3  112:2  113:4  114:1  115:1  116:1  117:1  118:1  119:3  120:1  121:3  122:2  123:1  124:3  125:1  128:2  129:1  130:4  131:1  132:1  136:2  137:1  141:1  143:1  148:1  150:1  151:1  154:2  160:1  169:1  177:2  182:1  185:1  186:1  187:1  189:1  195:1  198:1  212:1  220:1  227:1  246:1  247:1  248:2  249:1  250:5  251:7  252:5  253:3  254:1  255:1  273:1  383:1  507:1  508:2  509:1  513:1  521:2  647:1  650:1  957:1  1019:1  1023:1  2372:1
  short unary avg len: 2.00
738.076204,5.935715,416.535781
[PASSED]
[time 1.66 s, user 1.53 s, sys 0.11 s, maxrss 191760 KB]
[busy 173 jiffies]
[exit 0]
--- c2 case 2 rec 0   load 0.66 0.78 0.89
[TEST C2-MARISA]
Processing dataset...
Done!
Building trie...
trie size: 2.270097 MB
Done!
build time: 610.144832 ms (610.144832 ns per key)
space cost: 7.011691 MB (44.372378% of original size 15.801928 MB)
Querying trie...
Done!
total time: 328.885755 ms, avg latency: 328.885755 ns
topology: 0.751881 MB, link: 1.982347 MB, data: 4.256955 MB
--- Unary Path Analysis (Marisa, cutoff=3) ---
  branches: 1422581  |  single-char: 551890 (38.8%)  short-unary: 115667 (8.1%)  links: 755024 (53.1%)
  link len: avg=8.77  max=2372  total_chars=6624040
  link length distribution (len:count):  3:105528  4:121910  5:97474  6:66582  7:57085  8:45533  9:37849  10:31975  11:26876  12:23163  13:19820  14:16116  15:13775  16:11928  17:9756  18:8336  19:6634  20:5552  21:4837  22:3831  23:3236  24:2773  25:2292  26:1859  27:1695  28:2977  29:3248  30:1048  31:1122  32:5884  33:8094  34:587  35:508  36:468  37:402  38:249  39:231  40:207  41:175  42:162  43:138  44:148  45:142  46:106  47:87  48:88  49:101  50:90  51:51  52:78  53:71  54:83  55:67  56:79  57:94  58:109  59:138  60:196  61:305  62:337  63:26  64:9  65:10  66:21  67:20  68:12  69:11  70:17  71:11  72:14  73:16  74:32  75:19  76:39  77:18  78:13  79:10  80:14  81:11  82:6  83:5  84:8  85:10  86:7  87:12  88:15  89:14  90:35  91:43  92:58  93:54  94:3  95:5  96:6  97:4  98:1  100:4  101:6  102:3  104:3  105:2  106:1  107:3  108:3  110:2  111:3  112:2  113:4  114:1  115:1  116:1  117:1  118:1  119:3  120:1  121:3  122:2  123:1  124:3  125:1  128:2  129:1  130:4  131:1  132:1  136:2  137:1  141:1  143:1  148:1  150:1  151:1  154:2  160:1  169:1  177:2  182:1  185:1  186:1  187:1  189:1  195:1  198:1  212:1  220:1  227:1  246:1  247:1  248:2  249:1  250:5  251:7  252:5  253:3  254:1  255:1  273:1  383:1  507:1  508:2  509:1  513:1  521:2  647:1  650:1  957:1  1019:1  1023:1  2372:1
  short unary avg len: 2.00
610.144832,7.011691,328.885755
[PASSED]
[time 1.45 s, user 1.31 s, sys 0.13 s, maxrss 191624 KB]
[busy 148 jiffies]
[exit 0]
--- c2 case 1 rec 2   load 0.66 0.78 0.89
[TEST C2-CoCo(LOUDS-Sparse)]
Processing dataset...
Done!
Building trie...
trie size: 1.502977 MB
trie size: 0.331999 MB
Done!
build time: 2086.656733 ms (2086.656733 ns per key)
space cost: 7.077295 MB (44.787543% of original size 15.801928 MB)
Querying trie...
Done!
total time: 628.111774 ms, avg latency: 628.111774 ns
topology: 0.586239 MB, link: 2.143779 MB, data: 4.347277 MB
2086.656733,7.077295,628.111774
[PASSED]
[time 3.22 s, user 3.03 s, sys 0.18 s, maxrss 310604 KB]
[busy 334 jiffies]
[exit 0]
--- c2 case 1 rec 1   load 0.69 0.79 0.89
[TEST C2-CoCo(LOUDS-Sparse)]
Processing dataset...
Done!
Building trie...
trie size: 1.502977 MB
Done!
build time: 2035.071377 ms (2035.071377 ns per key)
space cost: 7.077295 MB (44.787543% of original size 15.801928 MB)
Querying trie...
Done!
total time: 624.399788 ms, avg latency: 624.399788 ns
topology: 0.586239 MB, link: 2.143779 MB, data: 4.347277 MB
2035.071377,7.077295,624.399788
[PASSED]
[time 3.15 s, user 2.98 s, sys 0.16 s, maxrss 310584 KB]
[busy 324 jiffies]
[exit 0]
--- c2 case 1 rec 0   load 0.72 0.79 0.89
[TEST C2-CoCo(LOUDS-Sparse)]
Processing dataset...
Done!
Building trie...
Done!
build time: 1950.685163 ms (1950.685163 ns per key)
space cost: 7.851791 MB (49.688819% of original size 15.801928 MB)
Querying trie...
Done!
total time: 579.219188 ms, avg latency: 579.219188 ns
topology: 0.418465 MB, link: 2.132715 MB, data: 5.300611 MB
1950.685163,7.851791,579.219188
[PASSED]
[time 3.03 s, user 2.83 s, sys 0.18 s, maxrss 310456 KB]
[busy 316 jiffies]
[exit 0]
--- c2 case 0 rec 2   load 0.74 0.79 0.90
[TEST C2-FST]
Processing dataset...
Done!
Building trie...
trie size: 1.502977 MB
trie size: 0.331999 MB
Done!
build time: 675.574523 ms (675.574523 ns per key)
space cost: 6.915090 MB (43.761051% of original size 15.801928 MB)
Querying trie...
Done!
total time: 507.789301 ms, avg latency: 507.789301 ns
topology: 1.233204 MB, link: 1.320040 MB, data: 4.361846 MB
--- Unary Path Analysis (FST, cutoff=4) ---
  shared unary steps in main trie: 867425
  terminal suffixes: inplace=228819 (avg len=2.12)  links=441434 (65.9% of terminal)
  link len: avg=9.49  max=2370  total_chars=4189664
  link length distribution (len:count):  4:76627  5:51488  6:45151  7:37358  8:31909  9:27077  10:23240  11:20333  12:17528  13:14251  14:12152  15:10600  16:8656  17:7441  18:5953  19:5050  20:4404  21:3491  22:2961  23:2494  24:2088  25:1693  26:1542  27:2862  28:3159  29:978  30:1046  31:5827  32:8054  33:556  34:479  35:449  36:385  37:237  38:218  39:200  40:169  41:158  42:128  43:138  44:139  45:102  46:86  47:84  48:98  49:89  50:50  51:76  52:71  53:81  54:65  55:77  56:94  57:109  58:136  59:196  60:305  61:337  62:22  63:7  64:10  65:18  66:16  67:12  68:9  69:17  70:11  71:14  72:16  73:30  74:18  75:39  76:18  77:12  78:9  79:12  80:11  81:6  82:5  83:7  84:10  85:7  86:12  87:15  88:14  89:35  90:43  91:58  92:54  93:3  94:5  95:6  96:4  97:1  99:4  100:6  101:3  103:2  104:2  105:1  106:3  107:3  109:2  110:1  111:2  112:4  113:1  114:1  115:1  116:1  117:1  118:3  119:1  120:3  121:2  122:1  123:3  124:1  127:2  128:1  129:4  130:1  131:1  135:2  136:1  140:1  142:1  147:1  149:1  150:1  153:2  159:1  168:1  176:2  181:1  184:1  185:1  186:1  188:1  197:1  211:1  219:1  226:1  245:1  246:1  247:2  248:1  249:5  250:7  251:5  252:3  253:1  272:1  382:1  506:1  507:2  508:1  512:1  520:2  649:1  956:1  1018:1  2371:1
675.574523,6.915090,507.789301
[PASSED]
[time 1.68 s, user 1.57 s, sys 0.10 s, maxrss 154260 KB]
[busy 174 jiffies]
[exit 0]
--- c2 case 0 rec 1   load 0.74 0.79 0.90
[TEST C2-FST]
Processing dataset...
Done!
Building trie...
trie size: 1.502977 MB
Done!
build time: 648.145661 ms (648.145661 ns per key)
space cost: 6.915090 MB (43.761051% of original size 15.801928 MB)
Querying trie...
Done!
total time: 507.678031 ms, avg latency: 507.678031 ns
topology: 1.233204 MB, link: 1.320040 MB, data: 4.361846 MB
--- Unary Path Analysis (FST, cutoff=4) ---
  shared unary steps in main trie: 867425
  terminal suffixes: inplace=228819 (avg len=2.12)  links=441434 (65.9% of terminal)
  link len: avg=9.49  max=2370  total_chars=4189664
  link length distribution (len:count):  4:76627  5:51488  6:45151  7:37358  8:31909  9:27077  10:23240  11:20333  12:17528  13:14251  14:12152  15:10600  16:8656  17:7441  18:5953  19:5050  20:4404  21:3491  22:2961  23:2494  24:2088  25:1693  26:1542  27:2862  28:3159  29:978  30:1046  31:5827  32:8054  33:556  34:479  35:449  36:385  37:237  38:218  39:200  40:169  41:158  42:128  43:138  44:139  45:102  46:86  47:84  48:98  49:89  50:50  51:76  52:71  53:81  54:65  55:77  56:94  57:109  58:136  59:196  60:305  61:337  62:22  63:7  64:10  65:18  66:16  67:12  68:9  69:17  70:11  71:14  72:16  73:30  74:18  75:39  76:18  77:12  78:9  79:12  80:11  81:6  82:5  83:7  84:10  85:7  86:12  87:15  88:14  89:35  90:43  91:58  92:54  93:3  94:5  95:6  96:4  97:1  99:4  100:6  101:3  103:2  104:2  105:1  106:3  107:3  109:2  110:1  111:2  112:4  113:1  114:1  115:1  116:1  117:1  118:3  119:1  120:3  121:2  122:1  123:3  124:1  127:2  128:1  129:4  130:1  131:1  135:2  136:1  140:1  142:1  147:1  149:1  150:1  153:2  159:1  168:1  176:2  181:1  184:1  185:1  186:1  188:1  197:1  211:1  219:1  226:1  245:1  246:1  247:2  248:1  249:5  250:7  251:5  252:3  253:1  272:1  382:1  506:1  507:2  508:1  512:1  520:2  649:1  956:1  1018:1  2371:1
648.145661,6.915090,507.678031
[PASSED]
[time 1.67 s, user 1.53 s, sys 0.12 s, maxrss 154740 KB]
[busy 171 jiffies]
[exit 0]
--- c2 case 0 rec 0   load 0.76 0.80 0.90
[TEST C2-FST]
Processing dataset...
Done!
Building trie...
Done!
build time: 544.486480 ms (544.486480 ns per key)
space cost: 7.689586 MB (48.662327% of original size 15.801928 MB)
Querying trie...
Done!
total time: 452.826678 ms, avg latency: 452.826678 ns
topology: 1.065430 MB, link: 1.308976 MB, data: 5.315180 MB
--- Unary Path Analysis (FST, cutoff=4) ---
  shared unary steps in main trie: 867425
  terminal suffixes: inplace=228819 (avg len=2.12)  links=441434 (65.9% of terminal)
  link len: avg=9.49  max=2370  total_chars=4189664
  link length distribution (len:count):  4:76627  5:51488  6:45151  7:37358  8:31909  9:27077  10:23240  11:20333  12:17528  13:14251  14:12152  15:10600  16:8656  17:7441  18:5953  19:5050  20:4404  21:3491  22:2961  23:2494  24:2088  25:1693  26:1542  27:2862  28:3159  29:978  30:1046  31:5827  32:8054  33:556  34:479  35:449  36:385  37:237  38:218  39:200  40:169  41:158  42:128  43:138  44:139  45:102  46:86  47:84  48:98  49:89  50:50  51:76  52:71  53:81  54:65  55:77  56:94  57:109  58:136  59:196  60:305  61:337  62:22  63:7  64:10  65:18  66:16  67:12  68:9  69:17  70:11  71:14  72:16  73:30  74:18  75:39  76:18  77:12  78:9  79:12  80:11  81:6  82:5  83:7  84:10  85:7  86:12  87:15  88:14  89:35  90:43  91:58  92:54  93:3  94:5  95:6  96:4  97:1  99:4  100:6  101:3  103:2  104:2  105:1  106:3  107:3  109:2  110:1  111:2  112:4  113:1  114:1  115:1  116:1  117:1  118:3  119:1  120:3  121:2  122:1  123:3  124:1  127:2  128:1  129:4  130:1  131:1  135:2  136:1  140:1  142:1  147:1  149:1  150:1  153:2  159:1  168:1  176:2  181:1  184:1  185:1  186:1  188:1  197:1  211:1  219:1  226:1  245:1  246:1  247:2  248:1  249:5  250:7  251:5  252:3  253:1  272:1  382:1  506:1  507:2  508:1  512:1  520:2  649:1  956:1  1018:1  2371:1
544.486480,7.689586,452.826678
[PASSED]
[time 1.50 s, user 1.38 s, sys 0.11 s, maxrss 154192 KB]
[busy 156 jiffies]
[exit 0]
--- lexindex da   load 0.76 0.80 0.90
1000000 keys
lexindex DoubleArrayIndex: build 1342 ms, size 57.087 MiB (59.860 B/key), latency cold 693.1 ns, then mean 695.2 / min 689.2 ns
1342.375,57.086805,693.128
[time 4.58 s, user 4.36 s, sys 0.20 s, maxrss 266104 KB]
[busy 472 jiffies]
[exit 0]
--- lexindex hashed16   load 0.72 0.79 0.89
1000000 keys
lexindex HashedDictIndex fp=16: build 315 ms, size 9.316 MiB (9.768 B/key), latency cold 43.3 ns, then mean 38.0 / min 37.6 ns
314.529,9.315754,43.250
[time 0.96 s, user 2.49 s, sys 0.28 s, maxrss 191344 KB]
[busy 285 jiffies]
[exit 0]
--- lexindex hashed8   load 0.72 0.79 0.89
1000000 keys
lexindex HashedDictIndex fp=8: build 315 ms, size 8.362 MiB (8.768 B/key), latency cold 41.4 ns, then mean 36.6 / min 36.0 ns
315.175,8.362080,41.449
[time 0.95 s, user 2.47 s, sys 0.29 s, maxrss 201768 KB]
[busy 284 jiffies]
[exit 0]
--- lexindex hashed0   load 0.72 0.79 0.89
1000000 keys
lexindex HashedDictIndex closed: build 318 ms, size 7.408 MiB (7.768 B/key), latency cold 35.6 ns, then mean 30.8 / min 30.6 ns
317.760,7.408405,35.589
[time 0.93 s, user 2.47 s, sys 0.28 s, maxrss 194500 KB]
[busy 285 jiffies]
[exit 0]
--- lexindex string   load 0.74 0.79 0.89
1000000 keys
lexindex StringIndex: build 615 ms, size 9.621 MiB (10.089 B/key), latency cold 251.7 ns, then mean 242.1 / min 240.7 ns
614.691,9.621364,251.746
[time 2.08 s, user 1.99 s, sys 0.08 s, maxrss 146924 KB]
[busy 212 jiffies]
[exit 0]
--- lexindex routed1024   load 0.74 0.79 0.89
1000000 keys
lexindex DictIndex block 1024 routed: build 240 ms, size 4.873 MiB (5.110 B/key), latency cold 325.8 ns, then mean 321.6 / min 319.3 ns
239.681,4.873170,325.801
[time 2.02 s, user 2.93 s, sys 0.26 s, maxrss 189332 KB]
[busy 327 jiffies]
[exit 0]
--- lexindex routed256   load 0.92 0.83 0.91
1000000 keys
lexindex DictIndex block 256 routed: build 226 ms, size 5.271 MiB (5.527 B/key), latency cold 289.0 ns, then mean 284.3 / min 281.3 ns
225.567,5.271331,288.971
[time 1.85 s, user 3.33 s, sys 0.26 s, maxrss 193756 KB]
[busy 371 jiffies]
[exit 0]
--- lexindex routed32   load 0.85 0.81 0.90
1000000 keys
lexindex DictIndex block 32 routed: build 215 ms, size 5.626 MiB (5.900 B/key), latency cold 307.6 ns, then mean 302.9 / min 300.9 ns
214.527,5.626362,307.589
[time 1.93 s, user 3.37 s, sys 0.28 s, maxrss 207128 KB]
[busy 383 jiffies]
[exit 0]
--- lexindex dict1024   load 0.85 0.81 0.90
1000000 keys
lexindex DictIndex block 1024: build 240 ms, size 4.635 MiB (4.860 B/key), latency cold 419.8 ns, then mean 420.7 / min 418.7 ns
240.309,4.634645,419.764
[time 2.41 s, user 3.33 s, sys 0.24 s, maxrss 204836 KB]
[busy 366 jiffies]
[exit 0]
--- lexindex dict256   load 0.86 0.82 0.90
1000000 keys
lexindex DictIndex block 256: build 224 ms, size 4.794 MiB (5.027 B/key), latency cold 359.7 ns, then mean 351.7 / min 349.6 ns
223.850,4.794402,359.739
[time 2.14 s, user 3.65 s, sys 0.25 s, maxrss 191544 KB]
[busy 398 jiffies]
[exit 0]
--- lexindex dict32   load 0.86 0.82 0.90
1000000 keys
lexindex DictIndex block 32: build 216 ms, size 5.150 MiB (5.400 B/key), latency cold 337.1 ns, then mean 329.7 / min 327.9 ns
215.556,5.149525,337.150
[time 2.04 s, user 3.48 s, sys 0.27 s, maxrss 193232 KB]
[busy 386 jiffies]
[exit 0]

##### domains-1000000 (1000000 lines, 14782044 bytes)   round 2/3   2026-09-26T04:06:56+03:00
--- xcdat 16   load 0.87 0.82 0.90
build time: 496.926067 ms
space cost: 10.260450 MiB (78.064342% of original size 13.143581 MiB)
avg latency: 154.160661 ns
496.926067,10.260450,154.160661
[time 1.10 s, user 1.00 s, sys 0.09 s, maxrss 139944 KB]
[busy 114 jiffies]
[exit 0]
--- xcdat 15   load 0.80 0.81 0.90
build time: 520.484416 ms
space cost: 9.847433 MiB (74.921993% of original size 13.143581 MiB)
avg latency: 146.556812 ns
520.484416,9.847433,146.556812
[time 1.11 s, user 1.02 s, sys 0.08 s, maxrss 139712 KB]
[busy 114 jiffies]
[exit 0]
--- xcdat 8   load 0.80 0.81 0.90
build time: 498.421718 ms
space cost: 8.488643 MiB (64.583940% of original size 13.143581 MiB)
avg latency: 172.664702 ns
498.421718,8.488643,172.664702
[time 1.11 s, user 1.01 s, sys 0.09 s, maxrss 139832 KB]
[busy 115 jiffies]
[exit 0]
--- xcdat 7   load 0.80 0.81 0.90
build time: 530.622056 ms
space cost: 9.017626 MiB (68.608590% of original size 13.143581 MiB)
avg latency: 176.084369 ns
530.622056,9.017626,176.084369
[time 1.16 s, user 1.07 s, sys 0.08 s, maxrss 139848 KB]
[busy 122 jiffies]
[exit 0]
--- c2 case 8 rec 0   load 0.82 0.81 0.90
[TEST CART]
Processing dataset...
Done!
Building trie...
Done!
build time: 157.792105 ms (157.792105 ns per key)
space cost: 13.831998 MB (105.237663% of original size 13.143581 MB)
Querying trie...
Done!
total time: 316.579219 ms, avg latency: 316.579219 ns
not implemented
157.792105,13.831998,316.579219
[PASSED]
[time 0.92 s, user 0.84 s, sys 0.07 s, maxrss 134116 KB]
[busy 94 jiffies]
[exit 0]
--- c2 case 7 rec 0   load 0.82 0.81 0.90
[TEST ART]
Processing dataset...
Done!
Building trie...
Done!
build time: 111.405057 ms (111.405057 ns per key)
space cost: 31.580688 MB (240.274607% of original size 13.143581 MB)
Querying trie...
Done!
total time: 253.356274 ms, avg latency: 253.356274 ns
not implemented
111.405057,31.580688,253.356274
[PASSED]
[time 0.79 s, user 0.73 s, sys 0.05 s, maxrss 135888 KB]
[busy 81 jiffies]
[exit 0]
--- c2 case 6 rec 0   load 0.75 0.80 0.89
[TEST PDT]
Processing dataset...
Done!
Building trie...
dict size: 155466, stream size: 4016746
Done!
build time: 1919.706450 ms (1919.706450 ns per key)
space cost: 5.254991 MB (39.981421% of original size 13.143581 MB)
Querying trie...
Done!
total time: 530.532549 ms, avg latency: 530.532549 ns
not implemented
1919.706450,5.254991,530.532549
[PASSED]
[time 2.89 s, user 2.77 s, sys 0.10 s, maxrss 152504 KB]
[busy 298 jiffies]
[exit 0]
--- c2 case 5 rec 2   load 0.75 0.80 0.89
[TEST MARISA]
Processing dataset...
Done!
Building trie...
Done!
build time: 569.626793 ms (569.626793 ns per key)
space cost: 4.647946 MB (35.362861% of original size 13.143581 MB)
Querying trie...
Done!
total time: 546.166116 ms, avg latency: 546.166116 ns
not implemented
569.626793,4.647946,546.166116
[PASSED]
[time 1.56 s, user 1.44 s, sys 0.11 s, maxrss 172412 KB]
[busy 160 jiffies]
[exit 0]
--- c2 case 5 rec 1   load 0.77 0.80 0.89
[TEST MARISA]
Processing dataset...
Done!
Building trie...
Done!
build time: 561.283965 ms (561.283965 ns per key)
space cost: 4.826345 MB (36.720170% of original size 13.143581 MB)
Querying trie...
Done!
total time: 516.167714 ms, avg latency: 516.167714 ns
not implemented
561.283965,4.826345,516.167714
[PASSED]
[time 1.51 s, user 1.38 s, sys 0.12 s, maxrss 172544 KB]
[busy 157 jiffies]
[exit 0]
--- c2 case 5 rec 0   load 0.77 0.80 0.89
[TEST MARISA]
Processing dataset...
Done!
Building trie...
Done!
build time: 487.079594 ms (487.079594 ns per key)
space cost: 6.885828 MB (52.389283% of original size 13.143581 MB)
Querying trie...
Done!
total time: 383.881780 ms, avg latency: 383.881780 ns
not implemented
487.079594,6.885828,383.881780
[PASSED]
[time 1.32 s, user 1.20 s, sys 0.11 s, maxrss 172396 KB]
[busy 137 jiffies]
[exit 0]
--- c2 case 4 rec 0   load 0.79 0.80 0.90
[TEST COCO]
Processing dataset...
Done!
Building trie...
num nodes = 310886, average depth = 6.283062
ef = 0.001168, pa = 0.211653, bv = 0.000885, de = 0.651638
efr = 0.002046, par = 0.129141, bvr = 0.000006, der = 0.003464
Done!
build time: 10446.668892 ms (10446.668892 ns per key)
space cost: 9.668336 MB (73.559374% of original size 13.143581 MB)
Querying trie...
Done!
total time: 421.137389 ms, avg latency: 421.137389 ns
not implemented
10446.668892,9.668336,421.137389
[PASSED]
[time 11.77 s, user 8.94 s, sys 2.77 s, maxrss 6137900 KB]
[busy 1213 jiffies]
[exit 0]
--- c2 case 3 rec 0   load 0.82 0.81 0.90
[TEST FST]
Processing dataset...
Done!
Building trie...
Done!
build time: 605.374347 ms (605.374347 ns per key)
space cost: 6.751218 MB (51.365131% of original size 13.143581 MB)
Querying trie...
Done!
total time: 449.124721 ms, avg latency: 449.124721 ns
not implemented
605.374347,6.751218,449.124721
[PASSED]
[time 1.49 s, user 1.42 s, sys 0.05 s, maxrss 95184 KB]
[busy 152 jiffies]
[exit 0]
--- c2 case 2 rec 2   load 0.84 0.81 0.90
[TEST C2-MARISA]
Processing dataset...
Done!
Building trie...
trie size: 2.220281 MB
trie size: 2.823213 MB
trie size: 0.214430 MB
Done!
build time: 805.128114 ms (805.128114 ns per key)
space cost: 5.413679 MB (41.188767% of original size 13.143581 MB)
Querying trie...
Done!
total time: 326.689187 ms, avg latency: 326.689187 ns
topology: 0.947487 MB, link: 2.305346 MB, data: 2.140338 MB
--- Unary Path Analysis (Marisa, cutoff=3) ---
  branches: 1529804  |  single-char: 445053 (29.1%)  short-unary: 119280 (7.8%)  links: 965471 (63.1%)
  link len: avg=7.67  max=65  total_chars=7409785
  link length distribution (len:count):  3:106346  4:81524  5:100388  6:117171  7:118183  8:106006  9:86378  10:68801  11:51930  12:37786  13:27091  14:19390  15:13458  16:9322  17:6753  18:4616  19:3149  20:2153  21:1566  22:983  23:724  24:512  25:321  26:290  27:155  28:98  29:77  30:70  31:40  32:24  33:35  34:24  35:16  36:9  37:12  38:9  39:5  40:5  41:5  42:8  43:4  44:7  46:3  47:1  49:1  51:1  53:4  55:2  56:1  57:5  58:4  60:2  64:2  65:1
  short unary avg len: 2.00
805.128114,5.413679,326.689187
[PASSED]
[time 1.56 s, user 1.44 s, sys 0.11 s, maxrss 206132 KB]
[busy 162 jiffies]
[exit 0]
--- c2 case 2 rec 1   load 0.84 0.81 0.90
[TEST C2-MARISA]
Processing dataset...
Done!
Building trie...
trie size: 2.220281 MB
trie size: 2.823213 MB
Done!
build time: 800.802776 ms (800.802776 ns per key)
space cost: 5.413679 MB (41.188767% of original size 13.143581 MB)
Querying trie...
Done!
total time: 330.155841 ms, avg latency: 330.155841 ns
topology: 0.947487 MB, link: 2.305346 MB, data: 2.140338 MB
--- Unary Path Analysis (Marisa, cutoff=3) ---
  branches: 1529804  |  single-char: 445053 (29.1%)  short-unary: 119280 (7.8%)  links: 965471 (63.1%)
  link len: avg=7.67  max=65  total_chars=7409785
  link length distribution (len:count):  3:106346  4:81524  5:100388  6:117171  7:118183  8:106006  9:86378  10:68801  11:51930  12:37786  13:27091  14:19390  15:13458  16:9322  17:6753  18:4616  19:3149  20:2153  21:1566  22:983  23:724  24:512  25:321  26:290  27:155  28:98  29:77  30:70  31:40  32:24  33:35  34:24  35:16  36:9  37:12  38:9  39:5  40:5  41:5  42:8  43:4  44:7  46:3  47:1  49:1  51:1  53:4  55:2  56:1  57:5  58:4  60:2  64:2  65:1
  short unary avg len: 2.00
800.802776,5.413679,330.155841
[PASSED]
[time 1.58 s, user 1.45 s, sys 0.12 s, maxrss 205996 KB]
[busy 161 jiffies]
[exit 0]
--- c2 case 2 rec 0   load 0.85 0.82 0.90
[TEST C2-MARISA]
Processing dataset...
Done!
Building trie...
trie size: 2.220281 MB
Done!
build time: 680.007774 ms (680.007774 ns per key)
space cost: 6.286226 MB (47.827347% of original size 13.143581 MB)
Querying trie...
Done!
total time: 262.864221 ms, avg latency: 262.864221 ns
topology: 0.735279 MB, link: 2.419176 MB, data: 3.111263 MB
--- Unary Path Analysis (Marisa, cutoff=3) ---
  branches: 1529804  |  single-char: 445053 (29.1%)  short-unary: 119280 (7.8%)  links: 965471 (63.1%)
  link len: avg=7.67  max=65  total_chars=7409785
  link length distribution (len:count):  3:106346  4:81524  5:100388  6:117171  7:118183  8:106006  9:86378  10:68801  11:51930  12:37786  13:27091  14:19390  15:13458  16:9322  17:6753  18:4616  19:3149  20:2153  21:1566  22:983  23:724  24:512  25:321  26:290  27:155  28:98  29:77  30:70  31:40  32:24  33:35  34:24  35:16  36:9  37:12  38:9  39:5  40:5  41:5  42:8  43:4  44:7  46:3  47:1  49:1  51:1  53:4  55:2  56:1  57:5  58:4  60:2  64:2  65:1
  short unary avg len: 2.00
680.007774,6.286226,262.864221
[PASSED]
[time 1.37 s, user 1.25 s, sys 0.11 s, maxrss 206172 KB]
[busy 141 jiffies]
[exit 0]
--- c2 case 1 rec 2   load 0.85 0.82 0.90
[TEST C2-CoCo(LOUDS-Sparse)]
Processing dataset...
Done!
Building trie...
trie size: 2.171301 MB
trie size: 0.145336 MB
Done!
build time: 1442.556886 ms (1442.556886 ns per key)
space cost: 6.299446 MB (47.927923% of original size 13.143581 MB)
Querying trie...
Done!
total time: 539.821123 ms, avg latency: 539.821123 ns
topology: 0.558979 MB, link: 2.635554 MB, data: 3.104912 MB
1442.556886,6.299446,539.821123
[PASSED]
[time 2.42 s, user 2.22 s, sys 0.18 s, maxrss 326620 KB]
[busy 252 jiffies]
[exit 0]
--- c2 case 1 rec 1   load 0.86 0.82 0.90
[TEST C2-CoCo(LOUDS-Sparse)]
Processing dataset...
Done!
Building trie...
trie size: 2.171301 MB
Done!
build time: 1428.963752 ms (1428.963752 ns per key)
space cost: 6.299446 MB (47.927923% of original size 13.143581 MB)
Querying trie...
Done!
total time: 532.336849 ms, avg latency: 532.336849 ns
topology: 0.558979 MB, link: 2.635554 MB, data: 3.104912 MB
1428.963752,6.299446,532.336849
[PASSED]
[time 2.40 s, user 2.21 s, sys 0.17 s, maxrss 327052 KB]
[busy 246 jiffies]
[exit 0]
--- c2 case 1 rec 0   load 0.87 0.82 0.90
[TEST C2-CoCo(LOUDS-Sparse)]
Processing dataset...
Done!
Building trie...
Done!
build time: 1365.285652 ms (1365.285652 ns per key)
space cost: 6.955368 MB (52.918365% of original size 13.143581 MB)
Querying trie...
Done!
total time: 492.804021 ms, avg latency: 492.804021 ns
topology: 0.405121 MB, link: 2.743303 MB, data: 3.806944 MB
1365.285652,6.955368,492.804021
[PASSED]
[time 2.30 s, user 2.08 s, sys 0.20 s, maxrss 326808 KB]
[busy 238 jiffies]
[exit 0]
--- c2 case 0 rec 2   load 0.87 0.82 0.90
[TEST C2-FST]
Processing dataset...
Done!
Building trie...
trie size: 2.171301 MB
trie size: 0.145336 MB
Done!
build time: 715.083878 ms (715.083878 ns per key)
space cost: 6.261899 MB (47.642258% of original size 13.143581 MB)
Querying trie...
Done!
total time: 390.275013 ms, avg latency: 390.275013 ns
topology: 1.096256 MB, link: 1.933458 MB, data: 3.232184 MB
--- Unary Path Analysis (FST, cutoff=4) ---
  shared unary steps in main trie: 268333
  terminal suffixes: inplace=220500 (avg len=1.97)  links=754948 (77.4% of terminal)
  link len: avg=6.76  max=63  total_chars=5105329
  link length distribution (len:count):  4:91687  5:111663  6:114934  7:103953  8:85177  9:68086  10:51456  11:37502  12:26935  13:19286  14:13392  15:9281  16:6718  17:4599  18:3138  19:2143  20:1561  21:980  22:717  23:511  24:315  25:289  26:154  27:98  28:76  29:70  30:38  31:24  32:35  33:24  34:15  35:9  36:12  37:9  38:5  39:5  40:5  41:8  42:4  43:7  45:3  46:1  48:1  50:1  52:4  54:2  55:1  56:5  57:4  59:2  63:2  64:1
715.083878,6.261899,390.275013
[PASSED]
[time 1.55 s, user 1.43 s, sys 0.11 s, maxrss 183424 KB]
[busy 158 jiffies]
[exit 0]
--- c2 case 0 rec 1   load 0.88 0.83 0.90
[TEST C2-FST]
Processing dataset...
Done!
Building trie...
trie size: 2.171301 MB
Done!
build time: 704.916181 ms (704.916181 ns per key)
space cost: 6.261899 MB (47.642258% of original size 13.143581 MB)
Querying trie...
Done!
total time: 398.700346 ms, avg latency: 398.700346 ns
topology: 1.096256 MB, link: 1.933458 MB, data: 3.232184 MB
--- Unary Path Analysis (FST, cutoff=4) ---
  shared unary steps in main trie: 268333
  terminal suffixes: inplace=220500 (avg len=1.97)  links=754948 (77.4% of terminal)
  link len: avg=6.76  max=63  total_chars=5105329
  link length distribution (len:count):  4:91687  5:111663  6:114934  7:103953  8:85177  9:68086  10:51456  11:37502  12:26935  13:19286  14:13392  15:9281  16:6718  17:4599  18:3138  19:2143  20:1561  21:980  22:717  23:511  24:315  25:289  26:154  27:98  28:76  29:70  30:38  31:24  32:35  33:24  34:15  35:9  36:12  37:9  38:5  39:5  40:5  41:8  42:4  43:7  45:3  46:1  48:1  50:1  52:4  54:2  55:1  56:5  57:4  59:2  63:2  64:1
704.916181,6.261899,398.700346
[PASSED]
[time 1.55 s, user 1.43 s, sys 0.11 s, maxrss 183260 KB]
[busy 161 jiffies]
[exit 0]
--- c2 case 0 rec 0   load 0.88 0.83 0.90
[TEST C2-FST]
Processing dataset...
Done!
Building trie...
Done!
build time: 644.385184 ms (644.385184 ns per key)
space cost: 6.917822 MB (52.632701% of original size 13.143581 MB)
Querying trie...
Done!
total time: 339.534866 ms, avg latency: 339.534866 ns
topology: 0.942398 MB, link: 2.041207 MB, data: 3.934216 MB
--- Unary Path Analysis (FST, cutoff=4) ---
  shared unary steps in main trie: 268333
  terminal suffixes: inplace=220500 (avg len=1.97)  links=754948 (77.4% of terminal)
  link len: avg=6.76  max=63  total_chars=5105329
  link length distribution (len:count):  4:91687  5:111663  6:114934  7:103953  8:85177  9:68086  10:51456  11:37502  12:26935  13:19286  14:13392  15:9281  16:6718  17:4599  18:3138  19:2143  20:1561  21:980  22:717  23:511  24:315  25:289  26:154  27:98  28:76  29:70  30:38  31:24  32:35  33:24  34:15  35:9  36:12  37:9  38:5  39:5  40:5  41:8  42:4  43:7  45:3  46:1  48:1  50:1  52:4  54:2  55:1  56:5  57:4  59:2  63:2  64:1
644.385184,6.917822,339.534866
[PASSED]
[time 1.41 s, user 1.30 s, sys 0.10 s, maxrss 183324 KB]
[busy 146 jiffies]
[exit 0]
--- lexindex da   load 0.89 0.83 0.90
1000000 keys
lexindex DoubleArrayIndex: build 1375 ms, size 62.183 MiB (65.204 B/key), latency cold 570.0 ns, then mean 574.3 / min 572.3 ns
1375.320,62.183310,570.021
[time 4.11 s, user 3.89 s, sys 0.20 s, maxrss 272268 KB]
[busy 425 jiffies]
[exit 0]
--- lexindex hashed16   load 0.90 0.83 0.90
1000000 keys
lexindex HashedDictIndex fp=16: build 275 ms, size 8.812 MiB (9.240 B/key), latency cold 33.6 ns, then mean 25.5 / min 24.9 ns
274.676,8.812214,33.650
[time 0.85 s, user 2.34 s, sys 0.25 s, maxrss 192416 KB]
[busy 267 jiffies]
[exit 0]
--- lexindex hashed8   load 0.90 0.83 0.90
1000000 keys
lexindex HashedDictIndex fp=8: build 270 ms, size 7.859 MiB (8.240 B/key), latency cold 33.1 ns, then mean 25.3 / min 25.2 ns
269.989,7.858540,33.084
[time 0.86 s, user 2.31 s, sys 0.29 s, maxrss 192388 KB]
[busy 270 jiffies]
[exit 0]
--- lexindex hashed0   load 0.91 0.84 0.91
1000000 keys
lexindex HashedDictIndex closed: build 274 ms, size 6.905 MiB (7.240 B/key), latency cold 28.1 ns, then mean 21.0 / min 20.0 ns
273.785,6.904865,28.051
[time 0.82 s, user 2.29 s, sys 0.27 s, maxrss 190152 KB]
[busy 267 jiffies]
[exit 0]
--- lexindex string   load 0.91 0.84 0.91
1000000 keys
lexindex StringIndex: build 577 ms, size 10.017 MiB (10.504 B/key), latency cold 211.2 ns, then mean 207.6 / min 203.9 ns
577.433,10.017015,211.168
[time 1.86 s, user 1.78 s, sys 0.07 s, maxrss 136184 KB]
[busy 191 jiffies]
[exit 0]
--- lexindex routed1024   load 0.84 0.82 0.90
1000000 keys
lexindex DictIndex block 1024 routed: build 200 ms, size 4.399 MiB (4.613 B/key), latency cold 256.4 ns, then mean 251.4 / min 246.2 ns
200.266,4.398964,256.383
[time 1.68 s, user 2.53 s, sys 0.20 s, maxrss 158844 KB]
[busy 283 jiffies]
[exit 0]
--- lexindex routed256   load 0.84 0.82 0.90
1000000 keys
lexindex DictIndex block 256 routed: build 181 ms, size 4.768 MiB (5.000 B/key), latency cold 231.9 ns, then mean 224.7 / min 220.0 ns
181.022,4.768086,231.867
[time 1.56 s, user 3.00 s, sys 0.27 s, maxrss 192280 KB]
[busy 337 jiffies]
[exit 0]
--- lexindex routed32   load 0.85 0.82 0.90
1000000 keys
lexindex DictIndex block 32 routed: build 183 ms, size 5.076 MiB (5.322 B/key), latency cold 260.4 ns, then mean 249.9 / min 247.1 ns
182.774,5.075809,260.442
[time 1.66 s, user 3.06 s, sys 0.25 s, maxrss 194060 KB]
[busy 341 jiffies]
[exit 0]
--- lexindex dict1024   load 0.85 0.82 0.90
1000000 keys
lexindex DictIndex block 1024: build 199 ms, size 4.160 MiB (4.363 B/key), latency cold 371.7 ns, then mean 364.6 / min 362.8 ns
198.849,4.160439,371.699
[time 2.14 s, user 2.96 s, sys 0.21 s, maxrss 154244 KB]
[busy 332 jiffies]
[exit 0]
--- lexindex dict256   load 0.86 0.83 0.90
1000000 keys
lexindex DictIndex block 256: build 178 ms, size 4.291 MiB (4.500 B/key), latency cold 310.0 ns, then mean 303.5 / min 302.7 ns
177.746,4.291158,310.025
[time 1.87 s, user 3.31 s, sys 0.27 s, maxrss 192036 KB]
[busy 371 jiffies]
[exit 0]
--- lexindex dict32   load 0.79 0.81 0.90
1000000 keys
lexindex DictIndex block 32: build 183 ms, size 4.599 MiB (4.822 B/key), latency cold 296.0 ns, then mean 289.6 / min 284.8 ns
182.805,4.598972,295.988
[time 1.81 s, user 3.19 s, sys 0.29 s, maxrss 191784 KB]
[busy 362 jiffies]
[exit 0]

##### dna-1000000 (1000000 lines, 25000000 bytes)   round 2/3   2026-09-26T04:08:31+03:00
--- xcdat 16   load 0.79 0.81 0.90
build time: 799.774032 ms
space cost: 21.935129 MiB (95.836042% of original size 22.888184 MiB)
avg latency: 293.614935 ns
799.774032,21.935129,293.614935
[time 1.80 s, user 1.67 s, sys 0.12 s, maxrss 182560 KB]
[busy 189 jiffies]
[exit 0]
--- xcdat 15   load 0.73 0.80 0.89
build time: 824.689703 ms
space cost: 21.414997 MiB (93.563550% of original size 22.888184 MiB)
avg latency: 276.776113 ns
824.689703,21.414997,276.776113
[time 1.82 s, user 1.69 s, sys 0.12 s, maxrss 182212 KB]
[busy 187 jiffies]
[exit 0]
--- xcdat 8   load 0.73 0.80 0.89
build time: 800.582902 ms
space cost: 19.685819 MiB (86.008654% of original size 22.888184 MiB)
avg latency: 301.842396 ns
800.582902,19.685819,301.842396
[time 1.82 s, user 1.69 s, sys 0.12 s, maxrss 180544 KB]
[busy 188 jiffies]
[exit 0]
--- xcdat 7   load 0.75 0.80 0.89
build time: 830.741966 ms
space cost: 19.789600 MiB (86.462083% of original size 22.888184 MiB)
avg latency: 304.528915 ns
830.741966,19.789600,304.528915
[time 1.85 s, user 1.73 s, sys 0.11 s, maxrss 180428 KB]
[busy 192 jiffies]
[exit 0]
--- c2 case 8 rec 0   load 0.75 0.80 0.89
[TEST CART]
Processing dataset...
Done!
Building trie...
Done!
build time: 244.884804 ms (244.884804 ns per key)
space cost: 15.643999 MB (68.349675% of original size 22.888184 MB)
Querying trie...
Done!
total time: 460.381795 ms, avg latency: 460.381795 ns
not implemented
244.884804,15.643999,460.381795
[PASSED]
[time 1.45 s, user 1.33 s, sys 0.11 s, maxrss 214700 KB]
[busy 155 jiffies]
[exit 0]
--- c2 case 7 rec 0   load 0.77 0.81 0.89
[TEST ART]
Processing dataset...
Done!
Building trie...
Done!
build time: 193.476029 ms (193.476029 ns per key)
space cost: 33.278465 MB (145.395833% of original size 22.888184 MB)
Querying trie...
Done!
total time: 428.663571 ms, avg latency: 428.663571 ns
not implemented
193.476029,33.278465,428.663571
[PASSED]
[time 1.36 s, user 1.24 s, sys 0.11 s, maxrss 223172 KB]
[busy 139 jiffies]
[exit 0]
--- c2 case 6 rec 0   load 0.77 0.81 0.89
[TEST PDT]
Processing dataset...
Done!
Building trie...
dict size: 151324, stream size: 6218209
Done!
build time: 2921.788559 ms (2921.788559 ns per key)
space cost: 7.350519 MB (32.114908% of original size 22.888184 MB)
Querying trie...
Done!
total time: 768.591956 ms, avg latency: 768.591956 ns
not implemented
2921.788559,7.350519,768.591956
[PASSED]
[time 4.40 s, user 4.22 s, sys 0.15 s, maxrss 212908 KB]
[busy 451 jiffies]
[exit 0]
--- c2 case 5 rec 2   load 0.79 0.81 0.90
[TEST MARISA]
Processing dataset...
Done!
Building trie...
Done!
build time: 960.979682 ms (960.979682 ns per key)
space cost: 7.210847 MB (31.504671% of original size 22.888184 MB)
Querying trie...
Done!
total time: 783.781831 ms, avg latency: 783.781831 ns
not implemented
960.979682,7.210847,783.781831
[PASSED]
[time 2.45 s, user 2.29 s, sys 0.14 s, maxrss 221952 KB]
[busy 251 jiffies]
[exit 0]
--- c2 case 5 rec 1   load 0.81 0.81 0.90
[TEST MARISA]
Processing dataset...
Done!
Building trie...
Done!
build time: 971.398551 ms (971.398551 ns per key)
space cost: 7.640043 MB (33.379858% of original size 22.888184 MB)
Querying trie...
Done!
total time: 740.854644 ms, avg latency: 740.854644 ns
not implemented
971.398551,7.640043,740.854644
[PASSED]
[time 2.41 s, user 2.25 s, sys 0.15 s, maxrss 222092 KB]
[busy 250 jiffies]
[exit 0]
--- c2 case 5 rec 0   load 0.82 0.82 0.90
[TEST MARISA]
Processing dataset...
Done!
Building trie...
Done!
build time: 689.215156 ms (689.215156 ns per key)
space cost: 18.867507 MB (82.433396% of original size 22.888184 MB)
Querying trie...
Done!
total time: 538.095781 ms, avg latency: 538.095781 ns
not implemented
689.215156,18.867507,538.095781
[PASSED]
[time 1.94 s, user 1.78 s, sys 0.14 s, maxrss 222748 KB]
[busy 200 jiffies]
[exit 0]
--- c2 case 4 rec 0   load 0.82 0.82 0.90
[TEST COCO]
Processing dataset...
Done!
Building trie...
num nodes = 65537, average depth = 14.999878
ef = 0.000000, pa = 0.000000, bv = 0.000000, de = 0.000015
efr = 0.000015, par = 0.999969, bvr = 0.000000, der = 0.000000
Done!
build time: 22441.940707 ms (22441.940707 ns per key)
space cost: 5.857979 MB (25.593899% of original size 22.888184 MB)
Querying trie...
Done!
total time: 360.860720 ms, avg latency: 360.860720 ns
not implemented
22441.940707,5.857979,360.860720
[PASSED]
[time 24.49 s, user 18.55 s, sys 5.83 s, maxrss 13623312 KB]
[busy 2521 jiffies]
[exit 0]
--- c2 case 3 rec 0   load 0.88 0.83 0.90
[TEST FST]
Processing dataset...
Done!
Building trie...
Done!
build time: 945.878624 ms (945.878624 ns per key)
space cost: 18.082896 MB (79.005379% of original size 22.888184 MB)
Querying trie...
Done!
total time: 548.372142 ms, avg latency: 548.372142 ns
not implemented
945.878624,18.082896,548.372142
[PASSED]
[time 2.21 s, user 2.09 s, sys 0.11 s, maxrss 179304 KB]
[busy 232 jiffies]
[exit 0]
--- c2 case 2 rec 2   load 0.89 0.84 0.90
[TEST C2-MARISA]
Processing dataset...
Done!
Building trie...
trie size: 2.428399 MB
trie size: 5.162292 MB
Done!
build time: 2209.157601 ms (2209.157601 ns per key)
space cost: 10.748939 MB (46.962829% of original size 22.888184 MB)
Querying trie...
Done!
total time: 386.040947 ms, avg latency: 386.040947 ns
topology: 0.804615 MB, link: 2.791285 MB, data: 7.132531 MB
--- Unary Path Analysis (Marisa, cutoff=3) ---
  branches: 1681124  |  single-char: 605889 (36.0%)  short-unary: 58000 (3.5%)  links: 1017235 (60.5%)
  link len: avg=13.94  max=17  total_chars=14175392
  link length distribution (len:count):  3:13001  4:3156  5:812  6:209  7:97  8:186  9:733  10:2730  11:11261  12:42928  13:153933  14:402475  15:363824  16:21889  17:1
  short unary avg len: 2.00
2209.157601,10.748939,386.040947
[PASSED]
[time 3.33 s, user 3.09 s, sys 0.22 s, maxrss 285108 KB]
[busy 343 jiffies]
[exit 0]
--- c2 case 2 rec 1   load 0.90 0.84 0.90
[TEST C2-MARISA]
Processing dataset...
Done!
Building trie...
trie size: 2.428399 MB
trie size: 5.162292 MB
Done!
build time: 2229.583264 ms (2229.583264 ns per key)
space cost: 10.748939 MB (46.962829% of original size 22.888184 MB)
Querying trie...
Done!
total time: 390.544010 ms, avg latency: 390.544010 ns
topology: 0.804615 MB, link: 2.791285 MB, data: 7.132531 MB
--- Unary Path Analysis (Marisa, cutoff=3) ---
  branches: 1681124  |  single-char: 605889 (36.0%)  short-unary: 58000 (3.5%)  links: 1017235 (60.5%)
  link len: avg=13.94  max=17  total_chars=14175392
  link length distribution (len:count):  3:13001  4:3156  5:812  6:209  7:97  8:186  9:733  10:2730  11:11261  12:42928  13:153933  14:402475  15:363824  16:21889  17:1
  short unary avg len: 2.00
2229.583264,10.748939,390.544010
[PASSED]
[time 3.35 s, user 3.10 s, sys 0.23 s, maxrss 285248 KB]
[busy 347 jiffies]
[exit 0]
--- c2 case 2 rec 0   load 0.91 0.84 0.91
[TEST C2-MARISA]
Processing dataset...
Done!
Building trie...
trie size: 2.428399 MB
Done!
build time: 1344.162929 ms (1344.162929 ns per key)
space cost: 10.748939 MB (46.962829% of original size 22.888184 MB)
Querying trie...
Done!
total time: 391.886572 ms, avg latency: 391.886572 ns
topology: 0.804615 MB, link: 2.791285 MB, data: 7.132531 MB
--- Unary Path Analysis (Marisa, cutoff=3) ---
  branches: 1681124  |  single-char: 605889 (36.0%)  short-unary: 58000 (3.5%)  links: 1017235 (60.5%)
  link len: avg=13.94  max=17  total_chars=14175392
  link length distribution (len:count):  3:13001  4:3156  5:812  6:209  7:97  8:186  9:733  10:2730  11:11261  12:42928  13:153933  14:402475  15:363824  16:21889  17:1
  short unary avg len: 2.00
1344.162929,10.748939,391.886572
[PASSED]
[time 2.44 s, user 2.27 s, sys 0.16 s, maxrss 252416 KB]
[busy 252 jiffies]
[exit 0]
--- c2 case 1 rec 2   load 0.84 0.83 0.90
[TEST C2-CoCo(LOUDS-Sparse)]
Processing dataset...
Done!
Building trie...
trie size: 5.258043 MB
Done!
build time: 2718.056717 ms (2718.056717 ns per key)
space cost: 9.777104 MB (42.716818% of original size 22.888184 MB)
Querying trie...
Done!
total time: 467.758186 ms, avg latency: 467.758186 ns
topology: 0.343521 MB, link: 3.029230 MB, data: 6.404353 MB
2718.056717,9.777104,467.758186
[PASSED]
[time 3.90 s, user 3.68 s, sys 0.20 s, maxrss 414188 KB]
[busy 399 jiffies]
[exit 0]
--- c2 case 1 rec 1   load 0.77 0.81 0.90
[TEST C2-CoCo(LOUDS-Sparse)]
Processing dataset...
Done!
Building trie...
trie size: 5.258043 MB
Done!
build time: 2724.489174 ms (2724.489174 ns per key)
space cost: 9.777104 MB (42.716818% of original size 22.888184 MB)
Querying trie...
Done!
total time: 466.897709 ms, avg latency: 466.897709 ns
topology: 0.343521 MB, link: 3.029230 MB, data: 6.404353 MB
2724.489174,9.777104,466.897709
[PASSED]
[time 3.90 s, user 3.67 s, sys 0.21 s, maxrss 413864 KB]
[busy 404 jiffies]
[exit 0]
--- c2 case 1 rec 0   load 0.71 0.80 0.89
[TEST C2-CoCo(LOUDS-Sparse)]
Processing dataset...
Done!
Building trie...
Done!
build time: 2019.362989 ms (2019.362989 ns per key)
space cost: 9.777104 MB (42.716818% of original size 22.888184 MB)
Querying trie...
Done!
total time: 456.483810 ms, avg latency: 456.483810 ns
topology: 0.343521 MB, link: 3.029230 MB, data: 6.404353 MB
2019.362989,9.777104,456.483810
[PASSED]
[time 3.19 s, user 2.97 s, sys 0.21 s, maxrss 385952 KB]
[busy 326 jiffies]
[exit 0]
--- c2 case 0 rec 2   load 0.71 0.80 0.89
[TEST C2-FST]
Processing dataset...
Done!
Building trie...
trie size: 5.258043 MB
Done!
build time: 2152.811959 ms (2152.811959 ns per key)
space cost: 11.502727 MB (50.256179% of original size 22.888184 MB)
Querying trie...
Done!
total time: 412.994137 ms, avg latency: 412.994137 ns
topology: 0.892128 MB, link: 2.893083 MB, data: 7.717516 MB
--- Unary Path Analysis (FST, cutoff=4) ---
  shared unary steps in main trie: 98146
  terminal suffixes: inplace=2 (avg len=3.00)  links=999998 (100.0% of terminal)
  link len: avg=12.12  max=15  total_chars=12118007
  link length distribution (len:count):  4:2  5:10  6:40  7:176  8:732  9:2727  10:11261  11:42928  12:153933  13:402475  14:363824  15:21889  16:1
2152.811959,11.502727,412.994137
[PASSED]
[time 3.27 s, user 3.09 s, sys 0.17 s, maxrss 284292 KB]
[busy 339 jiffies]
[exit 0]
--- c2 case 0 rec 1   load 0.73 0.80 0.89
[TEST C2-FST]
Processing dataset...
Done!
Building trie...
trie size: 5.258043 MB
Done!
build time: 2160.548277 ms (2160.548277 ns per key)
space cost: 11.502727 MB (50.256179% of original size 22.888184 MB)
Querying trie...
Done!
total time: 420.845951 ms, avg latency: 420.845951 ns
topology: 0.892128 MB, link: 2.893083 MB, data: 7.717516 MB
--- Unary Path Analysis (FST, cutoff=4) ---
  shared unary steps in main trie: 98146
  terminal suffixes: inplace=2 (avg len=3.00)  links=999998 (100.0% of terminal)
  link len: avg=12.12  max=15  total_chars=12118007
  link length distribution (len:count):  4:2  5:10  6:40  7:176  8:732  9:2727  10:11261  11:42928  12:153933  13:402475  14:363824  15:21889  16:1
2160.548277,11.502727,420.845951
[PASSED]
[time 3.28 s, user 3.08 s, sys 0.18 s, maxrss 284148 KB]
[busy 340 jiffies]
[exit 0]
--- c2 case 0 rec 0   load 0.75 0.81 0.89
[TEST C2-FST]
Processing dataset...
Done!
Building trie...
Done!
build time: 1437.752918 ms (1437.752918 ns per key)
space cost: 11.502727 MB (50.256179% of original size 22.888184 MB)
Querying trie...
Done!
total time: 413.893717 ms, avg latency: 413.893717 ns
topology: 0.892128 MB, link: 2.893083 MB, data: 7.717516 MB
--- Unary Path Analysis (FST, cutoff=4) ---
  shared unary steps in main trie: 98146
  terminal suffixes: inplace=2 (avg len=3.00)  links=999998 (100.0% of terminal)
  link len: avg=12.12  max=15  total_chars=12118007
  link length distribution (len:count):  4:2  5:10  6:40  7:176  8:732  9:2727  10:11261  11:42928  12:153933  13:402475  14:363824  15:21889  16:1
1437.752918,11.502727,413.893717
[PASSED]
[time 2.56 s, user 2.38 s, sys 0.16 s, maxrss 255964 KB]
[busy 266 jiffies]
[exit 0]
--- lexindex da   skipped: exit 3 in round 1
--- lexindex hashed16   load 0.77 0.81 0.89
1000000 keys
lexindex HashedDictIndex fp=16: build 178 ms, size 8.693 MiB (9.115 B/key), latency cold 59.6 ns, then mean 58.6 / min 58.5 ns
178.020,8.692947,59.637
[time 0.89 s, user 1.52 s, sys 0.20 s, maxrss 173356 KB]
[busy 177 jiffies]
[exit 0]
--- lexindex hashed8   load 0.77 0.81 0.89
1000000 keys
lexindex HashedDictIndex fp=8: build 176 ms, size 7.739 MiB (8.115 B/key), latency cold 57.0 ns, then mean 56.3 / min 56.2 ns
176.280,7.739273,56.998
[time 0.88 s, user 1.52 s, sys 0.18 s, maxrss 174208 KB]
[busy 177 jiffies]
[exit 0]
--- lexindex hashed0   load 0.71 0.80 0.89
1000000 keys
lexindex HashedDictIndex closed: build 176 ms, size 6.786 MiB (7.115 B/key), latency cold 42.9 ns, then mean 41.6 / min 41.5 ns
176.197,6.785599,42.880
[time 0.82 s, user 1.46 s, sys 0.16 s, maxrss 174652 KB]
[busy 167 jiffies]
[exit 0]
--- lexindex string   load 0.71 0.80 0.89
1000000 keys
lexindex StringIndex: build 1127 ms, size 16.920 MiB (17.741 B/key), latency cold 427.3 ns, then mean 421.7 / min 418.0 ns
1127.440,16.919603,427.342
[time 3.29 s, user 3.20 s, sys 0.08 s, maxrss 165024 KB]
[busy 340 jiffies]
[exit 0]
--- lexindex routed1024   load 0.73 0.80 0.89
1000000 keys
lexindex DictIndex block 1024 routed: build 87 ms, size 4.273 MiB (4.481 B/key), latency cold 266.8 ns, then mean 264.0 / min 264.0 ns
86.601,4.273081,266.831
[time 1.63 s, user 1.96 s, sys 0.13 s, maxrss 156124 KB]
[busy 217 jiffies]
[exit 0]
--- lexindex routed256   load 0.73 0.80 0.89
1000000 keys
lexindex DictIndex block 256 routed: build 88 ms, size 4.649 MiB (4.875 B/key), latency cold 262.6 ns, then mean 260.0 / min 255.9 ns
87.662,4.649249,262.566
[time 1.62 s, user 2.22 s, sys 0.19 s, maxrss 173952 KB]
[busy 248 jiffies]
[exit 0]
--- lexindex routed32   load 0.76 0.80 0.89
1000000 keys
lexindex DictIndex block 32 routed: build 84 ms, size 5.245 MiB (5.500 B/key), latency cold 295.8 ns, then mean 290.8 / min 288.1 ns
84.363,5.244968,295.801
[time 1.74 s, user 2.32 s, sys 0.19 s, maxrss 178028 KB]
[busy 257 jiffies]
[exit 0]
--- lexindex dict1024   load 0.76 0.80 0.89
1000000 keys
lexindex DictIndex block 1024: build 86 ms, size 4.035 MiB (4.231 B/key), latency cold 335.4 ns, then mean 338.5 / min 337.8 ns
85.781,4.034555,335.360
[time 1.92 s, user 2.26 s, sys 0.11 s, maxrss 158420 KB]
[busy 244 jiffies]
[exit 0]
--- lexindex dict256   load 0.78 0.81 0.89
1000000 keys
lexindex DictIndex block 256: build 85 ms, size 4.172 MiB (4.375 B/key), latency cold 304.9 ns, then mean 300.7 / min 299.4 ns
84.563,4.172320,304.898
[time 1.78 s, user 2.35 s, sys 0.18 s, maxrss 174320 KB]
[busy 264 jiffies]
[exit 0]
--- lexindex dict32   load 0.71 0.79 0.89
1000000 keys
lexindex DictIndex block 32: build 83 ms, size 4.768 MiB (5.000 B/key), latency cold 321.8 ns, then mean 317.9 / min 317.1 ns
82.515,4.768131,321.774
[time 1.84 s, user 2.39 s, sys 0.20 s, maxrss 181608 KB]
[busy 270 jiffies]
[exit 0]

##### words-full (479823 lines, 4953557 bytes)   round 2/3   2026-09-26T04:10:36+03:00
--- xcdat 16   load 0.71 0.79 0.89
build time: 97.164105 ms
space cost: 3.550420 MiB (83.216503% of original size 4.266485 MiB)
avg latency: 85.439229 ns
97.164105,3.550420,85.439229
[time 0.31 s, user 0.26 s, sys 0.04 s, maxrss 58248 KB]
[busy 33 jiffies]
[exit 0]
--- xcdat 15   load 0.71 0.79 0.89
build time: 107.895071 ms
space cost: 3.340850 MiB (78.304499% of original size 4.266485 MiB)
avg latency: 78.541791 ns
107.895071,3.340850,78.541791
[time 0.31 s, user 0.28 s, sys 0.03 s, maxrss 58024 KB]
[busy 34 jiffies]
[exit 0]
--- xcdat 8   load 0.66 0.78 0.88
build time: 98.897974 ms
space cost: 2.597720 MiB (60.886655% of original size 4.266485 MiB)
avg latency: 108.737920 ns
98.897974,2.597720,108.737920
[time 0.32 s, user 0.28 s, sys 0.03 s, maxrss 51868 KB]
[busy 33 jiffies]
[exit 0]
--- xcdat 7   load 0.66 0.78 0.88
build time: 108.084687 ms
space cost: 2.721505 MiB (63.787990% of original size 4.266485 MiB)
avg latency: 106.059274 ns
108.084687,2.721505,106.059274
[time 0.32 s, user 0.29 s, sys 0.03 s, maxrss 52088 KB]
[busy 34 jiffies]
[exit 0]
--- c2 case 8 rec 0   load 0.66 0.78 0.88
[TEST CART]
Processing dataset...
Done!
Building trie...
Done!
build time: 67.342807 ms (140.349268 ns per key)
space cost: 7.328448 MB (171.767812% of original size 4.266485 MB)
Querying trie...
Done!
total time: 101.521815 ms, avg latency: 211.581802 ns
not implemented
67.342807,7.328448,211.581802
[PASSED]
[time 0.34 s, user 0.30 s, sys 0.03 s, maxrss 62468 KB]
[busy 36 jiffies]
[exit 0]
--- c2 case 7 rec 0   load 0.66 0.78 0.88
[TEST ART]
Processing dataset...
Done!
Building trie...
Done!
build time: 46.510620 ms (96.932869 ns per key)
space cost: 16.425407 MB (384.986859% of original size 4.266485 MB)
Querying trie...
Done!
total time: 83.024856 ms, avg latency: 173.032256 ns
not implemented
46.510620,16.425407,173.032256
[PASSED]
[time 0.30 s, user 0.26 s, sys 0.03 s, maxrss 62052 KB]
[busy 31 jiffies]
[exit 0]
--- c2 case 6 rec 0   load 0.68 0.78 0.88
[TEST PDT]
Processing dataset...
Done!
Building trie...
dict size: 35774, stream size: 975943
Done!
build time: 344.024453 ms (716.981998 ns per key)
space cost: 1.577207 MB (36.967352% of original size 4.266485 MB)
Querying trie...
Done!
total time: 207.921815 ms, avg latency: 433.330238 ns
not implemented
344.024453,1.577207,433.330238
[PASSED]
[time 0.72 s, user 0.69 s, sys 0.03 s, maxrss 52816 KB]
[busy 75 jiffies]
[exit 0]
--- c2 case 5 rec 2   load 0.68 0.78 0.88
[TEST MARISA]
Processing dataset...
Done!
Building trie...
Done!
build time: 155.872296 ms (324.853740 ns per key)
space cost: 1.362252 MB (31.929145% of original size 4.266485 MB)
Querying trie...
Done!
total time: 166.592933 ms, avg latency: 347.196639 ns
not implemented
155.872296,1.362252,347.196639
[PASSED]
[time 0.49 s, user 0.44 s, sys 0.04 s, maxrss 63004 KB]
[busy 55 jiffies]
[exit 0]
--- c2 case 5 rec 1   load 0.68 0.78 0.88
[TEST MARISA]
Processing dataset...
Done!
Building trie...
Done!
build time: 157.472463 ms (328.188651 ns per key)
space cost: 1.371034 MB (32.134968% of original size 4.266485 MB)
Querying trie...
Done!
total time: 165.371347 ms, avg latency: 344.650730 ns
not implemented
157.472463,1.371034,344.650730
[PASSED]
[time 0.50 s, user 0.45 s, sys 0.04 s, maxrss 63360 KB]
[busy 51 jiffies]
[exit 0]
--- c2 case 5 rec 0   load 0.63 0.77 0.88
[TEST MARISA]
Processing dataset...
Done!
Building trie...
Done!
build time: 152.486694 ms (317.797800 ns per key)
space cost: 1.546566 MB (36.249182% of original size 4.266485 MB)
Querying trie...
Done!
total time: 146.659835 ms, avg latency: 305.654033 ns
not implemented
152.486694,1.546566,305.654033
[PASSED]
[time 0.47 s, user 0.44 s, sys 0.03 s, maxrss 63300 KB]
[busy 49 jiffies]
[exit 0]
--- c2 case 4 rec 0   load 0.63 0.77 0.88
[TEST COCO]
Processing dataset...
Done!
Building trie...
num nodes = 100870, average depth = 2.907644
ef = 0.002379, pa = 0.381531, bv = 0.002558, de = 0.468484
efr = 0.010370, par = 0.134639, bvr = 0.000020, der = 0.000020
Done!
build time: 1622.361656 ms (3381.166922 ns per key)
space cost: 2.485874 MB (58.265159% of original size 4.266485 MB)
Querying trie...
Done!
total time: 170.250155 ms, avg latency: 354.818662 ns
not implemented
1622.361656,2.485874,354.818662
[PASSED]
[time 2.04 s, user 1.60 s, sys 0.43 s, maxrss 920356 KB]
[busy 209 jiffies]
[exit 0]
--- c2 case 3 rec 0   load 0.58 0.76 0.87
[TEST FST]
Processing dataset...
Done!
Building trie...
Done!
build time: 185.311879 ms (386.208829 ns per key)
space cost: 2.144493 MB (50.263695% of original size 4.266485 MB)
Querying trie...
Done!
total time: 205.788547 ms, avg latency: 428.884291 ns
not implemented
185.311879,2.144493,428.884291
[PASSED]
[time 0.56 s, user 0.53 s, sys 0.02 s, maxrss 41524 KB]
[busy 57 jiffies]
[exit 0]
--- c2 case 2 rec 2   load 0.58 0.76 0.87
[TEST C2-MARISA]
Processing dataset...
Done!
Building trie...
trie size: 1.224291 MB
trie size: 0.455650 MB
trie size: 0.007228 MB
Done!
build time: 115.536520 ms (240.789875 ns per key)
space cost: 1.692706 MB (39.674487% of original size 4.266485 MB)
Querying trie...
Done!
total time: 106.601870 ms, avg latency: 222.169154 ns
topology: 0.426247 MB, link: 0.398585 MB, data: 0.857620 MB
--- Unary Path Analysis (Marisa, cutoff=3) ---
  branches: 742737  |  single-char: 411656 (55.4%)  short-unary: 124451 (16.8%)  links: 206630 (27.8%)
  link len: avg=4.35  max=37  total_chars=898820
  link length distribution (len:count):  3:81252  4:55503  5:30038  6:18037  7:10646  8:5519  9:2885  10:1442  11:688  12:346  13:146  14:66  15:26  16:12  17:9  18:7  19:2  20:3  21:1  22:1  37:1
  short unary avg len: 2.00
115.536520,1.692706,222.169154
[PASSED]
[time 0.40 s, user 0.35 s, sys 0.04 s, maxrss 62716 KB]
[busy 40 jiffies]
[exit 0]
--- c2 case 2 rec 1   load 0.58 0.76 0.87
[TEST C2-MARISA]
Processing dataset...
Done!
Building trie...
trie size: 1.224291 MB
trie size: 0.455650 MB
Done!
build time: 113.733562 ms (237.032327 ns per key)
space cost: 1.692706 MB (39.674487% of original size 4.266485 MB)
Querying trie...
Done!
total time: 105.940909 ms, avg latency: 220.791644 ns
topology: 0.426247 MB, link: 0.398585 MB, data: 0.857620 MB
--- Unary Path Analysis (Marisa, cutoff=3) ---
  branches: 742737  |  single-char: 411656 (55.4%)  short-unary: 124451 (16.8%)  links: 206630 (27.8%)
  link len: avg=4.35  max=37  total_chars=898820
  link length distribution (len:count):  3:81252  4:55503  5:30038  6:18037  7:10646  8:5519  9:2885  10:1442  11:688  12:346  13:146  14:66  15:26  16:12  17:9  18:7  19:2  20:3  21:1  22:1  37:1
  short unary avg len: 2.00
113.733562,1.692706,220.791644
[PASSED]
[time 0.39 s, user 0.35 s, sys 0.03 s, maxrss 62884 KB]
[busy 41 jiffies]
[exit 0]
--- c2 case 2 rec 0   load 0.58 0.76 0.87
[TEST C2-MARISA]
Processing dataset...
Done!
Building trie...
trie size: 1.224291 MB
Done!
build time: 112.417579 ms (234.289684 ns per key)
space cost: 1.753984 MB (41.110759% of original size 4.266485 MB)
Querying trie...
Done!
total time: 98.993584 ms, avg latency: 206.312711 ns
topology: 0.405689 MB, link: 0.420969 MB, data: 0.917072 MB
--- Unary Path Analysis (Marisa, cutoff=3) ---
  branches: 742737  |  single-char: 411656 (55.4%)  short-unary: 124451 (16.8%)  links: 206630 (27.8%)
  link len: avg=4.35  max=37  total_chars=898820
  link length distribution (len:count):  3:81252  4:55503  5:30038  6:18037  7:10646  8:5519  9:2885  10:1442  11:688  12:346  13:146  14:66  15:26  16:12  17:9  18:7  19:2  20:3  21:1  22:1  37:1
  short unary avg len: 2.00
112.417579,1.753984,206.312711
[PASSED]
[time 0.38 s, user 0.34 s, sys 0.04 s, maxrss 62856 KB]
[busy 40 jiffies]
[exit 0]
--- c2 case 1 rec 2   load 0.61 0.76 0.87
[TEST C2-CoCo(LOUDS-Sparse)]
Processing dataset...
Done!
Building trie...
trie size: 0.142362 MB
Done!
build time: 421.061556 ms (877.535166 ns per key)
space cost: 2.136750 MB (50.082199% of original size 4.266485 MB)
Querying trie...
Done!
total time: 199.078287 ms, avg latency: 414.899425 ns
topology: 0.195229 MB, link: 0.520357 MB, data: 1.421164 MB
421.061556,2.136750,414.899425
[PASSED]
[time 0.79 s, user 0.73 s, sys 0.06 s, maxrss 97792 KB]
[busy 84 jiffies]
[exit 0]
--- c2 case 1 rec 1   load 0.61 0.76 0.87
[TEST C2-CoCo(LOUDS-Sparse)]
Processing dataset...
Done!
Building trie...
trie size: 0.142362 MB
Done!
build time: 418.227060 ms (871.627788 ns per key)
space cost: 2.136750 MB (50.082199% of original size 4.266485 MB)
Querying trie...
Done!
total time: 197.345331 ms, avg latency: 411.287769 ns
topology: 0.195229 MB, link: 0.520357 MB, data: 1.421164 MB
418.227060,2.136750,411.287769
[PASSED]
[time 0.78 s, user 0.72 s, sys 0.05 s, maxrss 97884 KB]
[busy 81 jiffies]
[exit 0]
--- c2 case 1 rec 0   load 0.61 0.76 0.87
[TEST C2-CoCo(LOUDS-Sparse)]
Processing dataset...
Done!
Building trie...
Done!
build time: 416.587348 ms (868.210461 ns per key)
space cost: 2.136750 MB (50.082199% of original size 4.266485 MB)
Querying trie...
Done!
total time: 198.724783 ms, avg latency: 414.162687 ns
topology: 0.195229 MB, link: 0.520357 MB, data: 1.421164 MB
416.587348,2.136750,414.162687
[PASSED]
[time 0.79 s, user 0.73 s, sys 0.05 s, maxrss 97604 KB]
[busy 82 jiffies]
[exit 0]
--- c2 case 0 rec 2   load 0.56 0.75 0.87
[TEST C2-FST]
Processing dataset...
Done!
Building trie...
trie size: 0.142362 MB
Done!
build time: 73.137687 ms (152.426388 ns per key)
space cost: 1.889297 MB (44.282271% of original size 4.266485 MB)
Querying trie...
Done!
total time: 123.552043 ms, avg latency: 257.495041 ns
topology: 0.420059 MB, link: 0.189988 MB, data: 1.279249 MB
--- Unary Path Analysis (FST, cutoff=4) ---
  shared unary steps in main trie: 150595
  terminal suffixes: inplace=193950 (avg len=1.79)  links=60939 (23.9% of terminal)
  link len: avg=4.24  max=35  total_chars=258586
  link length distribution (len:count):  4:25346  5:15798  6:9608  7:4976  8:2612  9:1355  10:653  11:330  12:137  13:65  14:25  15:11  16:9  17:6  18:2  19:3  20:1  21:1  36:1
73.137687,1.889297,257.495041
[PASSED]
[time 0.37 s, user 0.33 s, sys 0.03 s, maxrss 49112 KB]
[busy 39 jiffies]
[exit 0]
--- c2 case 0 rec 1   load 0.56 0.75 0.87
[TEST C2-FST]
Processing dataset...
Done!
Building trie...
trie size: 0.142362 MB
Done!
build time: 72.727024 ms (151.570525 ns per key)
space cost: 1.889297 MB (44.282271% of original size 4.266485 MB)
Querying trie...
Done!
total time: 124.429071 ms, avg latency: 259.322857 ns
topology: 0.420059 MB, link: 0.189988 MB, data: 1.279249 MB
--- Unary Path Analysis (FST, cutoff=4) ---
  shared unary steps in main trie: 150595
  terminal suffixes: inplace=193950 (avg len=1.79)  links=60939 (23.9% of terminal)
  link len: avg=4.24  max=35  total_chars=258586
  link length distribution (len:count):  4:25346  5:15798  6:9608  7:4976  8:2612  9:1355  10:653  11:330  12:137  13:65  14:25  15:11  16:9  17:6  18:2  19:3  20:1  21:1  36:1
72.727024,1.889297,259.322857
[PASSED]
[time 0.37 s, user 0.33 s, sys 0.03 s, maxrss 49008 KB]
[busy 39 jiffies]
[exit 0]
--- c2 case 0 rec 0   load 0.56 0.75 0.87
[TEST C2-FST]
Processing dataset...
Done!
Building trie...
Done!
build time: 70.104507 ms (146.104932 ns per key)
space cost: 1.889297 MB (44.282271% of original size 4.266485 MB)
Querying trie...
Done!
total time: 124.816078 ms, avg latency: 260.129419 ns
topology: 0.420059 MB, link: 0.189988 MB, data: 1.279249 MB
--- Unary Path Analysis (FST, cutoff=4) ---
  shared unary steps in main trie: 150595
  terminal suffixes: inplace=193950 (avg len=1.79)  links=60939 (23.9% of terminal)
  link len: avg=4.24  max=35  total_chars=258586
  link length distribution (len:count):  4:25346  5:15798  6:9608  7:4976  8:2612  9:1355  10:653  11:330  12:137  13:65  14:25  15:11  16:9  17:6  18:2  19:3  20:1  21:1  36:1
70.104507,1.889297,260.129419
[PASSED]
[time 0.37 s, user 0.33 s, sys 0.03 s, maxrss 48960 KB]
[busy 39 jiffies]
[exit 0]
--- lexindex da   load 0.52 0.74 0.86
479823 keys
lexindex DoubleArrayIndex: build 217 ms, size 11.176 MiB (24.422 B/key), latency cold 75.4 ns, then mean 57.6 / min 56.8 ns
217.081,11.175512,75.372
[time 0.51 s, user 0.44 s, sys 0.06 s, maxrss 76256 KB]
[busy 52 jiffies]
[exit 0]
--- lexindex hashed16   load 0.52 0.74 0.86
479823 keys
lexindex HashedDictIndex fp=16: build 85 ms, size 3.318 MiB (7.252 B/key), latency cold 17.9 ns, then mean 14.8 / min 14.6 ns
85.124,3.318485,17.900
[time 0.29 s, user 0.39 s, sys 0.08 s, maxrss 79548 KB]
[busy 51 jiffies]
[exit 0]
--- lexindex hashed8   load 0.52 0.74 0.86
479823 keys
lexindex HashedDictIndex fp=8: build 84 ms, size 2.861 MiB (6.252 B/key), latency cold 17.9 ns, then mean 14.7 / min 14.5 ns
84.015,2.860890,17.934
[time 0.29 s, user 0.38 s, sys 0.08 s, maxrss 79300 KB]
[busy 51 jiffies]
[exit 0]
--- lexindex hashed0   load 0.48 0.72 0.86
479823 keys
lexindex HashedDictIndex closed: build 87 ms, size 2.403 MiB (5.252 B/key), latency cold 14.0 ns, then mean 12.3 / min 11.9 ns
86.953,2.403296,14.011
[time 0.28 s, user 0.38 s, sys 0.07 s, maxrss 73768 KB]
[busy 48 jiffies]
[exit 0]
--- lexindex string   load 0.48 0.72 0.86
479823 keys
lexindex StringIndex: build 143 ms, size 2.724 MiB (5.953 B/key), latency cold 150.8 ns, then mean 148.6 / min 148.1 ns
143.271,2.724010,150.794
[time 0.60 s, user 0.57 s, sys 0.03 s, maxrss 64532 KB]
[busy 62 jiffies]
[exit 0]
--- lexindex routed1024   load 0.48 0.72 0.86
479823 keys
lexindex DictIndex block 1024 routed: build 51 ms, size 1.265 MiB (2.764 B/key), latency cold 196.7 ns, then mean 196.4 / min 194.7 ns
50.571,1.264619,196.654
[time 0.60 s, user 0.64 s, sys 0.05 s, maxrss 65048 KB]
[busy 70 jiffies]
[exit 0]
--- lexindex routed256   load 0.48 0.72 0.86
479823 keys
lexindex DictIndex block 256 routed: build 44 ms, size 1.435 MiB (3.135 B/key), latency cold 170.5 ns, then mean 168.1 / min 167.3 ns
43.731,1.434671,170.480
[time 0.54 s, user 0.63 s, sys 0.07 s, maxrss 73572 KB]
[busy 74 jiffies]
[exit 0]
--- lexindex routed32   load 0.52 0.73 0.86
479823 keys
lexindex DictIndex block 32 routed: build 44 ms, size 1.533 MiB (3.350 B/key), latency cold 185.0 ns, then mean 182.4 / min 181.7 ns
43.538,1.532863,185.002
[time 0.57 s, user 0.67 s, sys 0.06 s, maxrss 73880 KB]
[busy 80 jiffies]
[exit 0]
--- lexindex dict1024   load 0.52 0.73 0.86
479823 keys
lexindex DictIndex block 1024: build 50 ms, size 1.150 MiB (2.513 B/key), latency cold 299.5 ns, then mean 298.3 / min 297.0 ns
50.368,1.150117,299.505
[time 0.80 s, user 0.84 s, sys 0.05 s, maxrss 64732 KB]
[busy 94 jiffies]
[exit 0]
--- lexindex dict256   load 0.52 0.73 0.86
479823 keys
lexindex DictIndex block 256: build 42 ms, size 1.206 MiB (2.635 B/key), latency cold 241.5 ns, then mean 241.2 / min 239.8 ns
42.439,1.205790,241.512
[time 0.69 s, user 0.77 s, sys 0.07 s, maxrss 73864 KB]
[busy 86 jiffies]
[exit 0]
--- lexindex dict32   load 0.56 0.73 0.86
479823 keys
lexindex DictIndex block 32: build 44 ms, size 1.304 MiB (2.850 B/key), latency cold 210.0 ns, then mean 207.5 / min 207.2 ns
43.888,1.304057,209.954
[time 0.62 s, user 0.71 s, sys 0.07 s, maxrss 73324 KB]
[busy 80 jiffies]
[exit 0]

##### words-full (479823 lines, 4953557 bytes)   round 3/3   2026-09-26T04:11:26+03:00
--- lexindex dict32   load 0.56 0.73 0.86
479823 keys
lexindex DictIndex block 32: build 42 ms, size 1.304 MiB (2.850 B/key), latency cold 207.9 ns, then mean 204.9 / min 204.2 ns
41.636,1.304057,207.933
[time 0.61 s, user 0.70 s, sys 0.07 s, maxrss 72976 KB]
[busy 80 jiffies]
[exit 0]
--- lexindex dict256   load 0.56 0.73 0.86
479823 keys
lexindex DictIndex block 256: build 44 ms, size 1.206 MiB (2.635 B/key), latency cold 242.5 ns, then mean 241.6 / min 239.9 ns
44.420,1.205790,242.461
[time 0.69 s, user 0.80 s, sys 0.06 s, maxrss 73928 KB]
[busy 86 jiffies]
[exit 0]
--- lexindex dict1024   load 0.59 0.74 0.86
479823 keys
lexindex DictIndex block 1024: build 51 ms, size 1.150 MiB (2.513 B/key), latency cold 300.1 ns, then mean 296.8 / min 296.6 ns
51.171,1.150117,300.080
[time 0.80 s, user 0.85 s, sys 0.05 s, maxrss 64596 KB]
[busy 93 jiffies]
[exit 0]
--- lexindex routed32   load 0.59 0.74 0.86
479823 keys
lexindex DictIndex block 32 routed: build 46 ms, size 1.533 MiB (3.350 B/key), latency cold 183.7 ns, then mean 181.6 / min 180.8 ns
45.656,1.532863,183.666
[time 0.58 s, user 0.67 s, sys 0.07 s, maxrss 73808 KB]
[busy 75 jiffies]
[exit 0]
--- lexindex routed256   load 0.59 0.74 0.86
479823 keys
lexindex DictIndex block 256 routed: build 44 ms, size 1.435 MiB (3.135 B/key), latency cold 174.1 ns, then mean 167.1 / min 166.8 ns
44.035,1.434671,174.139
[time 0.55 s, user 0.63 s, sys 0.08 s, maxrss 73900 KB]
[busy 75 jiffies]
[exit 0]
--- lexindex routed1024   load 0.63 0.74 0.86
479823 keys
lexindex DictIndex block 1024 routed: build 51 ms, size 1.265 MiB (2.764 B/key), latency cold 198.0 ns, then mean 193.5 / min 193.4 ns
51.103,1.264619,197.999
[time 0.60 s, user 0.64 s, sys 0.06 s, maxrss 64624 KB]
[busy 71 jiffies]
[exit 0]
--- lexindex string   load 0.63 0.74 0.86
479823 keys
lexindex StringIndex: build 143 ms, size 2.724 MiB (5.953 B/key), latency cold 152.3 ns, then mean 149.5 / min 148.8 ns
142.731,2.724010,152.318
[time 0.60 s, user 0.57 s, sys 0.03 s, maxrss 64732 KB]
[busy 62 jiffies]
[exit 0]
--- lexindex hashed0   load 0.63 0.74 0.86
479823 keys
lexindex HashedDictIndex closed: build 84 ms, size 2.403 MiB (5.252 B/key), latency cold 14.7 ns, then mean 12.0 / min 11.8 ns
83.694,2.403296,14.657
[time 0.28 s, user 0.40 s, sys 0.06 s, maxrss 74340 KB]
[busy 50 jiffies]
[exit 0]
--- lexindex hashed8   load 0.58 0.73 0.86
479823 keys
lexindex HashedDictIndex fp=8: build 84 ms, size 2.861 MiB (6.252 B/key), latency cold 17.5 ns, then mean 14.7 / min 14.5 ns
84.325,2.860890,17.451
[time 0.29 s, user 0.40 s, sys 0.07 s, maxrss 78032 KB]
[busy 51 jiffies]
[exit 0]
--- lexindex hashed16   load 0.58 0.73 0.86
479823 keys
lexindex HashedDictIndex fp=16: build 84 ms, size 3.318 MiB (7.252 B/key), latency cold 17.8 ns, then mean 14.8 / min 14.6 ns
83.561,3.318485,17.821
[time 0.28 s, user 0.39 s, sys 0.08 s, maxrss 80280 KB]
[busy 50 jiffies]
[exit 0]
--- lexindex da   load 0.58 0.73 0.86
479823 keys
lexindex DoubleArrayIndex: build 216 ms, size 11.176 MiB (24.422 B/key), latency cold 74.2 ns, then mean 57.8 / min 57.7 ns
216.447,11.175512,74.156
[time 0.50 s, user 0.45 s, sys 0.04 s, maxrss 76520 KB]
[busy 51 jiffies]
[exit 0]
--- c2 case 0 rec 0   load 0.53 0.72 0.85
[TEST C2-FST]
Processing dataset...
Done!
Building trie...
Done!
build time: 69.565073 ms (144.980697 ns per key)
space cost: 1.889297 MB (44.282271% of original size 4.266485 MB)
Querying trie...
Done!
total time: 124.250565 ms, avg latency: 258.950832 ns
topology: 0.420059 MB, link: 0.189988 MB, data: 1.279249 MB
--- Unary Path Analysis (FST, cutoff=4) ---
  shared unary steps in main trie: 150595
  terminal suffixes: inplace=193950 (avg len=1.79)  links=60939 (23.9% of terminal)
  link len: avg=4.24  max=35  total_chars=258586
  link length distribution (len:count):  4:25346  5:15798  6:9608  7:4976  8:2612  9:1355  10:653  11:330  12:137  13:65  14:25  15:11  16:9  17:6  18:2  19:3  20:1  21:1  36:1
69.565073,1.889297,258.950832
[PASSED]
[time 0.36 s, user 0.33 s, sys 0.03 s, maxrss 48988 KB]
[busy 37 jiffies]
[exit 0]
--- c2 case 0 rec 1   load 0.53 0.72 0.85
[TEST C2-FST]
Processing dataset...
Done!
Building trie...
trie size: 0.142362 MB
Done!
build time: 74.788018 ms (155.865846 ns per key)
space cost: 1.889297 MB (44.282271% of original size 4.266485 MB)
Querying trie...
Done!
total time: 123.513861 ms, avg latency: 257.415466 ns
topology: 0.420059 MB, link: 0.189988 MB, data: 1.279249 MB
--- Unary Path Analysis (FST, cutoff=4) ---
  shared unary steps in main trie: 150595
  terminal suffixes: inplace=193950 (avg len=1.79)  links=60939 (23.9% of terminal)
  link len: avg=4.24  max=35  total_chars=258586
  link length distribution (len:count):  4:25346  5:15798  6:9608  7:4976  8:2612  9:1355  10:653  11:330  12:137  13:65  14:25  15:11  16:9  17:6  18:2  19:3  20:1  21:1  36:1
74.788018,1.889297,257.415466
[PASSED]
[time 0.37 s, user 0.34 s, sys 0.03 s, maxrss 49028 KB]
[busy 38 jiffies]
[exit 0]
--- c2 case 0 rec 2   load 0.53 0.72 0.85
[TEST C2-FST]
Processing dataset...
Done!
Building trie...
trie size: 0.142362 MB
Done!
build time: 73.388537 ms (152.949185 ns per key)
space cost: 1.889297 MB (44.282271% of original size 4.266485 MB)
Querying trie...
Done!
total time: 123.583792 ms, avg latency: 257.561209 ns
topology: 0.420059 MB, link: 0.189988 MB, data: 1.279249 MB
--- Unary Path Analysis (FST, cutoff=4) ---
  shared unary steps in main trie: 150595
  terminal suffixes: inplace=193950 (avg len=1.79)  links=60939 (23.9% of terminal)
  link len: avg=4.24  max=35  total_chars=258586
  link length distribution (len:count):  4:25346  5:15798  6:9608  7:4976  8:2612  9:1355  10:653  11:330  12:137  13:65  14:25  15:11  16:9  17:6  18:2  19:3  20:1  21:1  36:1
73.388537,1.889297,257.561209
[PASSED]
[time 0.37 s, user 0.33 s, sys 0.03 s, maxrss 48688 KB]
[busy 39 jiffies]
[exit 0]
--- c2 case 1 rec 0   load 0.53 0.72 0.85
[TEST C2-CoCo(LOUDS-Sparse)]
Processing dataset...
Done!
Building trie...
Done!
build time: 419.343608 ms (873.954787 ns per key)
space cost: 2.136750 MB (50.082199% of original size 4.266485 MB)
Querying trie...
Done!
total time: 198.469563 ms, avg latency: 413.630783 ns
topology: 0.195229 MB, link: 0.520357 MB, data: 1.421164 MB
419.343608,2.136750,413.630783
[PASSED]
[time 0.79 s, user 0.72 s, sys 0.06 s, maxrss 97704 KB]
[busy 84 jiffies]
[exit 0]
--- c2 case 1 rec 1   load 0.49 0.70 0.85
[TEST C2-CoCo(LOUDS-Sparse)]
Processing dataset...
Done!
Building trie...
trie size: 0.142362 MB
Done!
build time: 419.378654 ms (874.027827 ns per key)
space cost: 2.136750 MB (50.082199% of original size 4.266485 MB)
Querying trie...
Done!
total time: 199.557668 ms, avg latency: 415.898504 ns
topology: 0.195229 MB, link: 0.520357 MB, data: 1.421164 MB
419.378654,2.136750,415.898504
[PASSED]
[time 0.79 s, user 0.74 s, sys 0.05 s, maxrss 97888 KB]
[busy 83 jiffies]
[exit 0]
--- c2 case 1 rec 2   load 0.49 0.70 0.85
[TEST C2-CoCo(LOUDS-Sparse)]
Processing dataset...
Done!
Building trie...
trie size: 0.142362 MB
Done!
build time: 417.808102 ms (870.754637 ns per key)
space cost: 2.136750 MB (50.082199% of original size 4.266485 MB)
Querying trie...
Done!
total time: 197.801608 ms, avg latency: 412.238696 ns
topology: 0.195229 MB, link: 0.520357 MB, data: 1.421164 MB
417.808102,2.136750,412.238696
[PASSED]
[time 0.79 s, user 0.72 s, sys 0.05 s, maxrss 98076 KB]
[busy 81 jiffies]
[exit 0]
--- c2 case 2 rec 0   load 0.49 0.70 0.85
[TEST C2-MARISA]
Processing dataset...
Done!
Building trie...
trie size: 1.224291 MB
Done!
build time: 111.657380 ms (232.705352 ns per key)
space cost: 1.753984 MB (41.110759% of original size 4.266485 MB)
Querying trie...
Done!
total time: 100.133035 ms, avg latency: 208.687443 ns
topology: 0.405689 MB, link: 0.420969 MB, data: 0.917072 MB
--- Unary Path Analysis (Marisa, cutoff=3) ---
  branches: 742737  |  single-char: 411656 (55.4%)  short-unary: 124451 (16.8%)  links: 206630 (27.8%)
  link len: avg=4.35  max=37  total_chars=898820
  link length distribution (len:count):  3:81252  4:55503  5:30038  6:18037  7:10646  8:5519  9:2885  10:1442  11:688  12:346  13:146  14:66  15:26  16:12  17:9  18:7  19:2  20:3  21:1  22:1  37:1
  short unary avg len: 2.00
111.657380,1.753984,208.687443
[PASSED]
[time 0.39 s, user 0.34 s, sys 0.04 s, maxrss 62812 KB]
[busy 41 jiffies]
[exit 0]
--- c2 case 2 rec 1   load 0.53 0.71 0.85
[TEST C2-MARISA]
Processing dataset...
Done!
Building trie...
trie size: 1.224291 MB
trie size: 0.455650 MB
Done!
build time: 112.998150 ms (235.499653 ns per key)
space cost: 1.692706 MB (39.674487% of original size 4.266485 MB)
Querying trie...
Done!
total time: 104.547881 ms, avg latency: 217.888432 ns
topology: 0.426247 MB, link: 0.398585 MB, data: 0.857620 MB
--- Unary Path Analysis (Marisa, cutoff=3) ---
  branches: 742737  |  single-char: 411656 (55.4%)  short-unary: 124451 (16.8%)  links: 206630 (27.8%)
  link len: avg=4.35  max=37  total_chars=898820
  link length distribution (len:count):  3:81252  4:55503  5:30038  6:18037  7:10646  8:5519  9:2885  10:1442  11:688  12:346  13:146  14:66  15:26  16:12  17:9  18:7  19:2  20:3  21:1  22:1  37:1
  short unary avg len: 2.00
112.998150,1.692706,217.888432
[PASSED]
[time 0.39 s, user 0.34 s, sys 0.04 s, maxrss 63008 KB]
[busy 41 jiffies]
[exit 0]
--- c2 case 2 rec 2   load 0.53 0.71 0.85
[TEST C2-MARISA]
Processing dataset...
Done!
Building trie...
trie size: 1.224291 MB
trie size: 0.455650 MB
trie size: 0.007228 MB
Done!
build time: 114.478471 ms (238.584793 ns per key)
space cost: 1.692706 MB (39.674487% of original size 4.266485 MB)
Querying trie...
Done!
total time: 105.680168 ms, avg latency: 220.248233 ns
topology: 0.426247 MB, link: 0.398585 MB, data: 0.857620 MB
--- Unary Path Analysis (Marisa, cutoff=3) ---
  branches: 742737  |  single-char: 411656 (55.4%)  short-unary: 124451 (16.8%)  links: 206630 (27.8%)
  link len: avg=4.35  max=37  total_chars=898820
  link length distribution (len:count):  3:81252  4:55503  5:30038  6:18037  7:10646  8:5519  9:2885  10:1442  11:688  12:346  13:146  14:66  15:26  16:12  17:9  18:7  19:2  20:3  21:1  22:1  37:1
  short unary avg len: 2.00
114.478471,1.692706,220.248233
[PASSED]
[time 0.39 s, user 0.35 s, sys 0.03 s, maxrss 62768 KB]
[busy 43 jiffies]
[exit 0]
--- c2 case 3 rec 0   load 0.53 0.71 0.85
[TEST FST]
Processing dataset...
Done!
Building trie...
Done!
build time: 184.780289 ms (385.100941 ns per key)
space cost: 2.144493 MB (50.263695% of original size 4.266485 MB)
Querying trie...
Done!
total time: 206.011426 ms, avg latency: 429.348793 ns
not implemented
184.780289,2.144493,429.348793
[PASSED]
[time 0.56 s, user 0.52 s, sys 0.03 s, maxrss 41216 KB]
[busy 58 jiffies]
[exit 0]
--- c2 case 4 rec 0   load 0.49 0.70 0.85
[TEST COCO]
Processing dataset...
Done!
Building trie...
num nodes = 100870, average depth = 2.907644
ef = 0.002379, pa = 0.381531, bv = 0.002558, de = 0.468484
efr = 0.010370, par = 0.134639, bvr = 0.000020, der = 0.000020
Done!
build time: 1615.547821 ms (3366.966196 ns per key)
space cost: 2.485874 MB (58.265159% of original size 4.266485 MB)
Querying trie...
Done!
total time: 168.231160 ms, avg latency: 350.610871 ns
not implemented
1615.547821,2.485874,350.610871
[PASSED]
[time 2.03 s, user 1.61 s, sys 0.41 s, maxrss 920316 KB]
[busy 211 jiffies]
[exit 0]
--- c2 case 5 rec 0   load 0.49 0.70 0.85
[TEST MARISA]
Processing dataset...
Done!
Building trie...
Done!
build time: 152.880455 ms (318.618438 ns per key)
space cost: 1.546566 MB (36.249182% of original size 4.266485 MB)
Querying trie...
Done!
total time: 146.810599 ms, avg latency: 305.968240 ns
not implemented
152.880455,1.546566,305.968240
[PASSED]
[time 0.47 s, user 0.43 s, sys 0.04 s, maxrss 63240 KB]
[busy 48 jiffies]
[exit 0]
--- c2 case 5 rec 1   load 0.49 0.70 0.85
[TEST MARISA]
Processing dataset...
Done!
Building trie...
Done!
build time: 154.983496 ms (323.001390 ns per key)
space cost: 1.371034 MB (32.134968% of original size 4.266485 MB)
Querying trie...
Done!
total time: 165.467528 ms, avg latency: 344.851181 ns
not implemented
154.983496,1.371034,344.851181
[PASSED]
[time 0.49 s, user 0.44 s, sys 0.04 s, maxrss 63320 KB]
[busy 50 jiffies]
[exit 0]
--- c2 case 5 rec 2   load 0.53 0.70 0.85
[TEST MARISA]
Processing dataset...
Done!
Building trie...
Done!
build time: 157.679864 ms (328.620896 ns per key)
space cost: 1.362252 MB (31.929145% of original size 4.266485 MB)
Querying trie...
Done!
total time: 166.096770 ms, avg latency: 346.162585 ns
not implemented
157.679864,1.362252,346.162585
[PASSED]
[time 0.49 s, user 0.45 s, sys 0.04 s, maxrss 63208 KB]
[busy 50 jiffies]
[exit 0]
--- c2 case 6 rec 0   load 0.53 0.70 0.85
[TEST PDT]
Processing dataset...
Done!
Building trie...
dict size: 35774, stream size: 975943
Done!
build time: 334.896980 ms (697.959414 ns per key)
space cost: 1.577207 MB (36.967352% of original size 4.266485 MB)
Querying trie...
Done!
total time: 207.248961 ms, avg latency: 431.927942 ns
not implemented
334.896980,1.577207,431.927942
[PASSED]
[time 0.71 s, user 0.68 s, sys 0.03 s, maxrss 52872 KB]
[busy 73 jiffies]
[exit 0]
--- c2 case 7 rec 0   load 0.53 0.70 0.85
[TEST ART]
Processing dataset...
Done!
Building trie...
Done!
build time: 45.609727 ms (95.055316 ns per key)
space cost: 16.425407 MB (384.986859% of original size 4.266485 MB)
Querying trie...
Done!
total time: 83.093855 ms, avg latency: 173.176057 ns
not implemented
45.609727,16.425407,173.176057
[PASSED]
[time 0.30 s, user 0.26 s, sys 0.03 s, maxrss 61868 KB]
[busy 30 jiffies]
[exit 0]
--- c2 case 8 rec 0   load 0.56 0.71 0.85
[TEST CART]
Processing dataset...
Done!
Building trie...
Done!
build time: 67.484744 ms (140.645080 ns per key)
space cost: 7.328448 MB (171.767812% of original size 4.266485 MB)
Querying trie...
Done!
total time: 101.195010 ms, avg latency: 210.900707 ns
not implemented
67.484744,7.328448,210.900707
[PASSED]
[time 0.34 s, user 0.30 s, sys 0.04 s, maxrss 62240 KB]
[busy 36 jiffies]
[exit 0]
--- xcdat 7   load 0.56 0.71 0.85
build time: 107.758905 ms
space cost: 2.721505 MiB (63.787990% of original size 4.266485 MiB)
avg latency: 106.383043 ns
107.758905,2.721505,106.383043
[time 0.32 s, user 0.29 s, sys 0.03 s, maxrss 52100 KB]
[busy 34 jiffies]
[exit 0]
--- xcdat 8   load 0.56 0.71 0.85
build time: 96.450995 ms
space cost: 2.597720 MiB (60.886655% of original size 4.266485 MiB)
avg latency: 109.044671 ns
96.450995,2.597720,109.044671
[time 0.31 s, user 0.28 s, sys 0.03 s, maxrss 51908 KB]
[busy 35 jiffies]
[exit 0]
--- xcdat 15   load 0.52 0.70 0.84
build time: 106.694174 ms
space cost: 3.340850 MiB (78.304499% of original size 4.266485 MiB)
avg latency: 77.452698 ns
106.694174,3.340850,77.452698
[time 0.31 s, user 0.27 s, sys 0.03 s, maxrss 58236 KB]
[busy 33 jiffies]
[exit 0]
--- xcdat 16   load 0.52 0.70 0.84
build time: 97.184363 ms
space cost: 3.550420 MiB (83.216503% of original size 4.266485 MiB)
avg latency: 84.489009 ns
97.184363,3.550420,84.489009
[time 0.31 s, user 0.27 s, sys 0.03 s, maxrss 58288 KB]
[busy 33 jiffies]
[exit 0]

##### dna-1000000 (1000000 lines, 25000000 bytes)   round 3/3   2026-09-26T04:12:15+03:00
--- lexindex dict32   load 0.52 0.70 0.84
1000000 keys
lexindex DictIndex block 32: build 83 ms, size 4.768 MiB (5.000 B/key), latency cold 320.4 ns, then mean 317.7 / min 315.4 ns
82.946,4.768131,320.430
[time 1.84 s, user 2.41 s, sys 0.19 s, maxrss 180424 KB]
[busy 266 jiffies]
[exit 0]
--- lexindex dict256   load 0.48 0.68 0.84
1000000 keys
lexindex DictIndex block 256: build 83 ms, size 4.172 MiB (4.375 B/key), latency cold 308.3 ns, then mean 303.8 / min 302.1 ns
83.172,4.172320,308.254
[time 1.78 s, user 2.37 s, sys 0.18 s, maxrss 174024 KB]
[busy 261 jiffies]
[exit 0]
--- lexindex dict1024   load 0.48 0.68 0.84
1000000 keys
lexindex DictIndex block 1024: build 89 ms, size 4.035 MiB (4.231 B/key), latency cold 333.0 ns, then mean 335.1 / min 333.6 ns
89.180,4.034555,332.985
[time 1.91 s, user 2.23 s, sys 0.14 s, maxrss 161384 KB]
[busy 246 jiffies]
[exit 0]
--- lexindex routed32   load 0.52 0.69 0.84
1000000 keys
lexindex DictIndex block 32 routed: build 86 ms, size 5.245 MiB (5.500 B/key), latency cold 295.9 ns, then mean 294.9 / min 291.6 ns
85.591,5.244968,295.939
[time 1.76 s, user 2.36 s, sys 0.17 s, maxrss 188112 KB]
[busy 260 jiffies]
[exit 0]
--- lexindex routed256   load 0.52 0.69 0.84
1000000 keys
lexindex DictIndex block 256 routed: build 86 ms, size 4.649 MiB (4.875 B/key), latency cold 262.6 ns, then mean 259.3 / min 258.0 ns
85.978,4.649249,262.614
[time 1.60 s, user 2.17 s, sys 0.18 s, maxrss 172900 KB]
[busy 245 jiffies]
[exit 0]
--- lexindex routed1024   load 0.56 0.70 0.84
1000000 keys
lexindex DictIndex block 1024 routed: build 88 ms, size 4.273 MiB (4.481 B/key), latency cold 266.8 ns, then mean 266.3 / min 264.9 ns
87.891,4.273081,266.775
[time 1.63 s, user 1.95 s, sys 0.14 s, maxrss 156284 KB]
[busy 215 jiffies]
[exit 0]
--- lexindex string   load 0.56 0.70 0.84
1000000 keys
lexindex StringIndex: build 1115 ms, size 16.920 MiB (17.741 B/key), latency cold 420.2 ns, then mean 410.1 / min 407.8 ns
1115.304,16.919603,420.239
[time 3.24 s, user 3.14 s, sys 0.08 s, maxrss 165140 KB]
[busy 334 jiffies]
[exit 0]
--- lexindex hashed0   load 0.59 0.70 0.84
1000000 keys
lexindex HashedDictIndex closed: build 174 ms, size 6.786 MiB (7.115 B/key), latency cold 43.1 ns, then mean 42.1 / min 42.1 ns
174.375,6.785599,43.065
[time 0.81 s, user 1.44 s, sys 0.19 s, maxrss 173880 KB]
[busy 166 jiffies]
[exit 0]
--- lexindex hashed8   load 0.55 0.69 0.84
1000000 keys
lexindex HashedDictIndex fp=8: build 177 ms, size 7.739 MiB (8.115 B/key), latency cold 58.1 ns, then mean 57.3 / min 57.3 ns
176.918,7.739273,58.132
[time 0.88 s, user 1.52 s, sys 0.17 s, maxrss 174392 KB]
[busy 176 jiffies]
[exit 0]
--- lexindex hashed16   load 0.55 0.69 0.84
1000000 keys
lexindex HashedDictIndex fp=16: build 176 ms, size 8.693 MiB (9.115 B/key), latency cold 59.4 ns, then mean 58.4 / min 57.8 ns
175.662,8.692947,59.407
[time 0.89 s, user 1.50 s, sys 0.19 s, maxrss 175348 KB]
[busy 175 jiffies]
[exit 0]
--- lexindex da   skipped: exit 3 in round 1
--- c2 case 0 rec 0   load 0.55 0.69 0.84
[TEST C2-FST]
Processing dataset...
Done!
Building trie...
Done!
build time: 1435.421347 ms (1435.421347 ns per key)
space cost: 11.502727 MB (50.256179% of original size 22.888184 MB)
Querying trie...
Done!
total time: 417.255864 ms, avg latency: 417.255864 ns
topology: 0.892128 MB, link: 2.893083 MB, data: 7.717516 MB
--- Unary Path Analysis (FST, cutoff=4) ---
  shared unary steps in main trie: 98146
  terminal suffixes: inplace=2 (avg len=3.00)  links=999998 (100.0% of terminal)
  link len: avg=12.12  max=15  total_chars=12118007
  link length distribution (len:count):  4:2  5:10  6:40  7:176  8:732  9:2727  10:11261  11:42928  12:153933  13:402475  14:363824  15:21889  16:1
1435.421347,11.502727,417.255864
[PASSED]
[time 2.56 s, user 2.40 s, sys 0.15 s, maxrss 256036 KB]
[busy 270 jiffies]
[exit 0]
--- c2 case 0 rec 1   load 0.58 0.69 0.84
[TEST C2-FST]
Processing dataset...
Done!
Building trie...
trie size: 5.258043 MB
Done!
build time: 2150.451023 ms (2150.451023 ns per key)
space cost: 11.502727 MB (50.256179% of original size 22.888184 MB)
Querying trie...
Done!
total time: 422.698713 ms, avg latency: 422.698713 ns
topology: 0.892128 MB, link: 2.893083 MB, data: 7.717516 MB
--- Unary Path Analysis (FST, cutoff=4) ---
  shared unary steps in main trie: 98146
  terminal suffixes: inplace=2 (avg len=3.00)  links=999998 (100.0% of terminal)
  link len: avg=12.12  max=15  total_chars=12118007
  link length distribution (len:count):  4:2  5:10  6:40  7:176  8:732  9:2727  10:11261  11:42928  12:153933  13:402475  14:363824  15:21889  16:1
2150.451023,11.502727,422.698713
[PASSED]
[time 3.28 s, user 3.07 s, sys 0.18 s, maxrss 284468 KB]
[busy 337 jiffies]
[exit 0]
--- c2 case 0 rec 2   load 0.62 0.70 0.84
[TEST C2-FST]
Processing dataset...
Done!
Building trie...
trie size: 5.258043 MB
Done!
build time: 2165.047301 ms (2165.047301 ns per key)
space cost: 11.502727 MB (50.256179% of original size 22.888184 MB)
Querying trie...
Done!
total time: 412.854604 ms, avg latency: 412.854604 ns
topology: 0.892128 MB, link: 2.893083 MB, data: 7.717516 MB
--- Unary Path Analysis (FST, cutoff=4) ---
  shared unary steps in main trie: 98146
  terminal suffixes: inplace=2 (avg len=3.00)  links=999998 (100.0% of terminal)
  link len: avg=12.12  max=15  total_chars=12118007
  link length distribution (len:count):  4:2  5:10  6:40  7:176  8:732  9:2727  10:11261  11:42928  12:153933  13:402475  14:363824  15:21889  16:1
2165.047301,11.502727,412.854604
[PASSED]
[time 3.30 s, user 3.09 s, sys 0.19 s, maxrss 284140 KB]
[busy 341 jiffies]
[exit 0]
--- c2 case 1 rec 0   load 0.65 0.71 0.84
[TEST C2-CoCo(LOUDS-Sparse)]
Processing dataset...
Done!
Building trie...
Done!
build time: 2020.594273 ms (2020.594273 ns per key)
space cost: 9.777104 MB (42.716818% of original size 22.888184 MB)
Querying trie...
Done!
total time: 471.386674 ms, avg latency: 471.386674 ns
topology: 0.343521 MB, link: 3.029230 MB, data: 6.404353 MB
2020.594273,9.777104,471.386674
[PASSED]
[time 3.20 s, user 2.99 s, sys 0.19 s, maxrss 385816 KB]
[busy 333 jiffies]
[exit 0]
--- c2 case 1 rec 1   load 0.59 0.69 0.83
[TEST C2-CoCo(LOUDS-Sparse)]
Processing dataset...
Done!
Building trie...
trie size: 5.258043 MB
Done!
build time: 2711.912281 ms (2711.912281 ns per key)
space cost: 9.777104 MB (42.716818% of original size 22.888184 MB)
Querying trie...
Done!
total time: 453.209918 ms, avg latency: 453.209918 ns
topology: 0.343521 MB, link: 3.029230 MB, data: 6.404353 MB
2711.912281,9.777104,453.209918
[PASSED]
[time 3.88 s, user 3.65 s, sys 0.21 s, maxrss 413648 KB]
[busy 402 jiffies]
[exit 0]
--- c2 case 1 rec 2   load 0.55 0.68 0.83
[TEST C2-CoCo(LOUDS-Sparse)]
Processing dataset...
Done!
Building trie...
trie size: 5.258043 MB
Done!
build time: 2714.853347 ms (2714.853347 ns per key)
space cost: 9.777104 MB (42.716818% of original size 22.888184 MB)
Querying trie...
Done!
total time: 450.899737 ms, avg latency: 450.899737 ns
topology: 0.343521 MB, link: 3.029230 MB, data: 6.404353 MB
2714.853347,9.777104,450.899737
[PASSED]
[time 3.88 s, user 3.64 s, sys 0.22 s, maxrss 414168 KB]
[busy 403 jiffies]
[exit 0]
--- c2 case 2 rec 0   load 0.50 0.67 0.82
[TEST C2-MARISA]
Processing dataset...
Done!
Building trie...
trie size: 2.428399 MB
Done!
build time: 1345.024549 ms (1345.024549 ns per key)
space cost: 10.748939 MB (46.962829% of original size 22.888184 MB)
Querying trie...
Done!
total time: 393.118888 ms, avg latency: 393.118888 ns
topology: 0.804615 MB, link: 2.791285 MB, data: 7.132531 MB
--- Unary Path Analysis (Marisa, cutoff=3) ---
  branches: 1681124  |  single-char: 605889 (36.0%)  short-unary: 58000 (3.5%)  links: 1017235 (60.5%)
  link len: avg=13.94  max=17  total_chars=14175392
  link length distribution (len:count):  3:13001  4:3156  5:812  6:209  7:97  8:186  9:733  10:2730  11:11261  12:42928  13:153933  14:402475  15:363824  16:21889  17:1
  short unary avg len: 2.00
1345.024549,10.748939,393.118888
[PASSED]
[time 2.45 s, user 2.28 s, sys 0.15 s, maxrss 252020 KB]
[busy 256 jiffies]
[exit 0]
--- c2 case 2 rec 1   load 0.50 0.67 0.82
[TEST C2-MARISA]
Processing dataset...
Done!
Building trie...
trie size: 2.428399 MB
trie size: 5.162292 MB
Done!
build time: 2241.472596 ms (2241.472596 ns per key)
space cost: 10.748939 MB (46.962829% of original size 22.888184 MB)
Querying trie...
Done!
total time: 386.875676 ms, avg latency: 386.875676 ns
topology: 0.804615 MB, link: 2.791285 MB, data: 7.132531 MB
--- Unary Path Analysis (Marisa, cutoff=3) ---
  branches: 1681124  |  single-char: 605889 (36.0%)  short-unary: 58000 (3.5%)  links: 1017235 (60.5%)
  link len: avg=13.94  max=17  total_chars=14175392
  link length distribution (len:count):  3:13001  4:3156  5:812  6:209  7:97  8:186  9:733  10:2730  11:11261  12:42928  13:153933  14:402475  15:363824  16:21889  17:1
  short unary avg len: 2.00
2241.472596,10.748939,386.875676
[PASSED]
[time 3.37 s, user 3.14 s, sys 0.21 s, maxrss 285388 KB]
[busy 347 jiffies]
[exit 0]
--- c2 case 2 rec 2   load 0.54 0.68 0.82
[TEST C2-MARISA]
Processing dataset...
Done!
Building trie...
trie size: 2.428399 MB
trie size: 5.162292 MB
Done!
build time: 2246.668028 ms (2246.668028 ns per key)
space cost: 10.748939 MB (46.962829% of original size 22.888184 MB)
Querying trie...
Done!
total time: 388.749247 ms, avg latency: 388.749247 ns
topology: 0.804615 MB, link: 2.791285 MB, data: 7.132531 MB
--- Unary Path Analysis (Marisa, cutoff=3) ---
  branches: 1681124  |  single-char: 605889 (36.0%)  short-unary: 58000 (3.5%)  links: 1017235 (60.5%)
  link len: avg=13.94  max=17  total_chars=14175392
  link length distribution (len:count):  3:13001  4:3156  5:812  6:209  7:97  8:186  9:733  10:2730  11:11261  12:42928  13:153933  14:402475  15:363824  16:21889  17:1
  short unary avg len: 2.00
2246.668028,10.748939,388.749247
[PASSED]
[time 3.37 s, user 3.13 s, sys 0.22 s, maxrss 285164 KB]
[busy 348 jiffies]
[exit 0]
--- c2 case 3 rec 0   load 0.58 0.68 0.83
[TEST FST]
Processing dataset...
Done!
Building trie...
Done!
build time: 952.907011 ms (952.907011 ns per key)
space cost: 18.082896 MB (79.005379% of original size 22.888184 MB)
Querying trie...
Done!
total time: 558.933879 ms, avg latency: 558.933879 ns
not implemented
952.907011,18.082896,558.933879
[PASSED]
[time 2.23 s, user 2.11 s, sys 0.11 s, maxrss 179232 KB]
[busy 231 jiffies]
[exit 0]
--- c2 case 4 rec 0   load 0.61 0.69 0.83
[TEST COCO]
Processing dataset...
Done!
Building trie...
num nodes = 65537, average depth = 14.999878
ef = 0.000000, pa = 0.000000, bv = 0.000000, de = 0.000015
efr = 0.000015, par = 0.999969, bvr = 0.000000, der = 0.000000
Done!
build time: 22513.360845 ms (22513.360845 ns per key)
space cost: 5.857979 MB (25.593899% of original size 22.888184 MB)
Querying trie...
Done!
total time: 357.731200 ms, avg latency: 357.731200 ns
not implemented
22513.360845,5.857979,357.731200
[PASSED]
[time 24.55 s, user 18.60 s, sys 5.84 s, maxrss 13623460 KB]
[busy 2521 jiffies]
[exit 0]
--- c2 case 5 rec 0   load 0.75 0.71 0.83
[TEST MARISA]
Processing dataset...
Done!
Building trie...
Done!
build time: 681.426149 ms (681.426149 ns per key)
space cost: 18.867507 MB (82.433396% of original size 22.888184 MB)
Querying trie...
Done!
total time: 533.124329 ms, avg latency: 533.124329 ns
not implemented
681.426149,18.867507,533.124329
[PASSED]
[time 1.91 s, user 1.77 s, sys 0.13 s, maxrss 223024 KB]
[busy 197 jiffies]
[exit 0]
--- c2 case 5 rec 1   load 0.75 0.71 0.83
[TEST MARISA]
Processing dataset...
Done!
Building trie...
Done!
build time: 968.030280 ms (968.030280 ns per key)
space cost: 7.640043 MB (33.379858% of original size 22.888184 MB)
Querying trie...
Done!
total time: 748.032283 ms, avg latency: 748.032283 ns
not implemented
968.030280,7.640043,748.032283
[PASSED]
[time 2.44 s, user 2.24 s, sys 0.18 s, maxrss 222016 KB]
[busy 250 jiffies]
[exit 0]
--- c2 case 5 rec 2   load 0.77 0.72 0.83
[TEST MARISA]
Processing dataset...
Done!
Building trie...
Done!
build time: 949.741303 ms (949.741303 ns per key)
space cost: 7.210847 MB (31.504671% of original size 22.888184 MB)
Querying trie...
Done!
total time: 784.016171 ms, avg latency: 784.016171 ns
not implemented
949.741303,7.210847,784.016171
[PASSED]
[time 2.45 s, user 2.30 s, sys 0.14 s, maxrss 222016 KB]
[busy 251 jiffies]
[exit 0]
--- c2 case 6 rec 0   load 0.79 0.72 0.83
[TEST PDT]
Processing dataset...
Done!
Building trie...
dict size: 151324, stream size: 6218209
Done!
build time: 2930.408718 ms (2930.408718 ns per key)
space cost: 7.350519 MB (32.114908% of original size 22.888184 MB)
Querying trie...
Done!
total time: 772.510230 ms, avg latency: 772.510230 ns
not implemented
2930.408718,7.350519,772.510230
[PASSED]
[time 4.40 s, user 4.23 s, sys 0.15 s, maxrss 212872 KB]
[busy 460 jiffies]
[exit 0]
--- c2 case 7 rec 0   load 0.80 0.73 0.83
[TEST ART]
Processing dataset...
Done!
Building trie...
Done!
build time: 194.656799 ms (194.656799 ns per key)
space cost: 33.278465 MB (145.395833% of original size 22.888184 MB)
Querying trie...
Done!
total time: 424.422502 ms, avg latency: 424.422502 ns
not implemented
194.656799,33.278465,424.422502
[PASSED]
[time 1.36 s, user 1.23 s, sys 0.12 s, maxrss 223052 KB]
[busy 139 jiffies]
[exit 0]
--- c2 case 8 rec 0   load 0.80 0.73 0.83
[TEST CART]
Processing dataset...
Done!
Building trie...
Done!
build time: 242.482620 ms (242.482620 ns per key)
space cost: 15.643999 MB (68.349675% of original size 22.888184 MB)
Querying trie...
Done!
total time: 454.488441 ms, avg latency: 454.488441 ns
not implemented
242.482620,15.643999,454.488441
[PASSED]
[time 1.44 s, user 1.32 s, sys 0.11 s, maxrss 214544 KB]
[busy 150 jiffies]
[exit 0]
--- xcdat 7   load 0.82 0.73 0.84
build time: 834.350968 ms
space cost: 19.789600 MiB (86.462083% of original size 22.888184 MiB)
avg latency: 297.571831 ns
834.350968,19.789600,297.571831
[time 1.85 s, user 1.71 s, sys 0.13 s, maxrss 180608 KB]
[busy 190 jiffies]
[exit 0]
--- xcdat 8   load 0.82 0.73 0.84
build time: 802.659024 ms
space cost: 19.685819 MiB (86.008654% of original size 22.888184 MiB)
avg latency: 300.919992 ns
802.659024,19.685819,300.919992
[time 1.82 s, user 1.69 s, sys 0.12 s, maxrss 180444 KB]
[busy 187 jiffies]
[exit 0]
--- xcdat 15   load 0.83 0.74 0.84
build time: 822.434675 ms
space cost: 21.414997 MiB (93.563550% of original size 22.888184 MiB)
avg latency: 272.748634 ns
822.434675,21.414997,272.748634
[time 1.82 s, user 1.68 s, sys 0.13 s, maxrss 182056 KB]
[busy 187 jiffies]
[exit 0]
--- xcdat 16   load 0.77 0.73 0.83
build time: 795.203083 ms
space cost: 21.935129 MiB (95.836042% of original size 22.888184 MiB)
avg latency: 295.879862 ns
795.203083,21.935129,295.879862
[time 1.80 s, user 1.65 s, sys 0.13 s, maxrss 182652 KB]
[busy 186 jiffies]
[exit 0]

##### domains-1000000 (1000000 lines, 14782044 bytes)   round 3/3   2026-09-26T04:14:21+03:00
--- lexindex dict32   load 0.77 0.73 0.83
1000000 keys
lexindex DictIndex block 32: build 182 ms, size 4.599 MiB (4.822 B/key), latency cold 290.9 ns, then mean 286.0 / min 281.7 ns
181.686,4.598972,290.894
[time 1.80 s, user 3.21 s, sys 0.26 s, maxrss 193400 KB]
[busy 360 jiffies]
[exit 0]
--- lexindex dict256   load 0.87 0.75 0.84
1000000 keys
lexindex DictIndex block 256: build 177 ms, size 4.291 MiB (4.500 B/key), latency cold 312.9 ns, then mean 305.8 / min 304.2 ns
177.057,4.291158,312.894
[time 1.87 s, user 3.30 s, sys 0.26 s, maxrss 190048 KB]
[busy 368 jiffies]
[exit 0]
--- lexindex dict1024   load 0.87 0.75 0.84
1000000 keys
lexindex DictIndex block 1024: build 197 ms, size 4.160 MiB (4.363 B/key), latency cold 372.1 ns, then mean 367.5 / min 365.3 ns
197.385,4.160439,372.123
[time 2.13 s, user 2.98 s, sys 0.20 s, maxrss 155916 KB]
[busy 330 jiffies]
[exit 0]
--- lexindex routed32   load 0.88 0.75 0.84
1000000 keys
lexindex DictIndex block 32 routed: build 184 ms, size 5.076 MiB (5.322 B/key), latency cold 262.8 ns, then mean 249.1 / min 247.2 ns
184.456,5.075809,262.815
[time 1.65 s, user 3.05 s, sys 0.25 s, maxrss 193744 KB]
[busy 339 jiffies]
[exit 0]
--- lexindex routed256   load 0.88 0.75 0.84
1000000 keys
lexindex DictIndex block 256 routed: build 176 ms, size 4.768 MiB (5.000 B/key), latency cold 230.2 ns, then mean 221.0 / min 219.9 ns
176.420,4.768086,230.217
[time 1.53 s, user 2.96 s, sys 0.27 s, maxrss 192592 KB]
[busy 335 jiffies]
[exit 0]
--- lexindex routed1024   load 2.17 1.02 0.93
1000000 keys
lexindex DictIndex block 1024 routed: build 200 ms, size 4.399 MiB (4.613 B/key), latency cold 255.5 ns, then mean 250.1 / min 248.8 ns
199.609,4.398964,255.539
[time 1.67 s, user 2.52 s, sys 0.20 s, maxrss 158460 KB]
[busy 279 jiffies]
[exit 0]
--- lexindex string   load 2.17 1.02 0.93
1000000 keys
lexindex StringIndex: build 583 ms, size 10.017 MiB (10.504 B/key), latency cold 209.7 ns, then mean 204.6 / min 202.1 ns
583.156,10.017015,209.718
[time 1.86 s, user 1.79 s, sys 0.06 s, maxrss 135976 KB]
[busy 190 jiffies]
[exit 0]
--- lexindex hashed0   load 2.08 1.02 0.93
1000000 keys
lexindex HashedDictIndex closed: build 270 ms, size 6.905 MiB (7.240 B/key), latency cold 27.9 ns, then mean 20.4 / min 20.0 ns
269.975,6.904865,27.915
[time 0.82 s, user 2.29 s, sys 0.27 s, maxrss 190548 KB]
[busy 262 jiffies]
[exit 0]
--- lexindex hashed8   load 2.08 1.02 0.93
1000000 keys
lexindex HashedDictIndex fp=8: build 270 ms, size 7.859 MiB (8.240 B/key), latency cold 32.9 ns, then mean 24.8 / min 24.2 ns
270.407,7.858540,32.928
[time 0.84 s, user 2.30 s, sys 0.29 s, maxrss 189660 KB]
[busy 265 jiffies]
[exit 0]
--- lexindex hashed16   load 3.51 1.34 1.03
1000000 keys
lexindex HashedDictIndex fp=16: build 270 ms, size 8.812 MiB (9.240 B/key), latency cold 34.0 ns, then mean 25.7 / min 25.4 ns
269.710,8.812214,33.955
[time 0.84 s, user 2.34 s, sys 0.24 s, maxrss 189820 KB]
[busy 264 jiffies]
[exit 0]
--- lexindex da   load 3.51 1.34 1.03
1000000 keys
lexindex DoubleArrayIndex: build 1357 ms, size 62.183 MiB (65.204 B/key), latency cold 570.1 ns, then mean 577.6 / min 576.4 ns
1357.169,62.183310,570.119
[time 4.11 s, user 3.85 s, sys 0.23 s, maxrss 271964 KB]
[busy 425 jiffies]
[exit 0]
--- c2 case 0 rec 0   load 3.31 1.33 1.03
[TEST C2-FST]
Processing dataset...
Done!
Building trie...
Done!
build time: 636.197348 ms (636.197348 ns per key)
space cost: 6.917822 MB (52.632701% of original size 13.143581 MB)
Querying trie...
Done!
total time: 339.888961 ms, avg latency: 339.888961 ns
topology: 0.942398 MB, link: 2.041207 MB, data: 3.934216 MB
--- Unary Path Analysis (FST, cutoff=4) ---
  shared unary steps in main trie: 268333
  terminal suffixes: inplace=220500 (avg len=1.97)  links=754948 (77.4% of terminal)
  link len: avg=6.76  max=63  total_chars=5105329
  link length distribution (len:count):  4:91687  5:111663  6:114934  7:103953  8:85177  9:68086  10:51456  11:37502  12:26935  13:19286  14:13392  15:9281  16:6718  17:4599  18:3138  19:2143  20:1561  21:980  22:717  23:511  24:315  25:289  26:154  27:98  28:76  29:70  30:38  31:24  32:35  33:24  34:15  35:9  36:12  37:9  38:5  39:5  40:5  41:8  42:4  43:7  45:3  46:1  48:1  50:1  52:4  54:2  55:1  56:5  57:4  59:2  63:2  64:1
636.197348,6.917822,339.888961
[PASSED]
[time 1.40 s, user 1.27 s, sys 0.11 s, maxrss 183080 KB]
[busy 148 jiffies]
[exit 0]
--- c2 case 0 rec 1   load 3.04 1.31 1.02
[TEST C2-FST]
Processing dataset...
Done!
Building trie...
trie size: 2.171301 MB
Done!
build time: 715.276690 ms (715.276690 ns per key)
space cost: 6.261899 MB (47.642258% of original size 13.143581 MB)
Querying trie...
Done!
total time: 390.679624 ms, avg latency: 390.679624 ns
topology: 1.096256 MB, link: 1.933458 MB, data: 3.232184 MB
--- Unary Path Analysis (FST, cutoff=4) ---
  shared unary steps in main trie: 268333
  terminal suffixes: inplace=220500 (avg len=1.97)  links=754948 (77.4% of terminal)
  link len: avg=6.76  max=63  total_chars=5105329
  link length distribution (len:count):  4:91687  5:111663  6:114934  7:103953  8:85177  9:68086  10:51456  11:37502  12:26935  13:19286  14:13392  15:9281  16:6718  17:4599  18:3138  19:2143  20:1561  21:980  22:717  23:511  24:315  25:289  26:154  27:98  28:76  29:70  30:38  31:24  32:35  33:24  34:15  35:9  36:12  37:9  38:5  39:5  40:5  41:8  42:4  43:7  45:3  46:1  48:1  50:1  52:4  54:2  55:1  56:5  57:4  59:2  63:2  64:1
715.276690,6.261899,390.679624
[PASSED]
[time 1.55 s, user 1.41 s, sys 0.12 s, maxrss 183256 KB]
[busy 158 jiffies]
[exit 0]
--- c2 case 0 rec 2   load 3.04 1.31 1.02
[TEST C2-FST]
Processing dataset...
Done!
Building trie...
trie size: 2.171301 MB
trie size: 0.145336 MB
Done!
build time: 705.523432 ms (705.523432 ns per key)
space cost: 6.261899 MB (47.642258% of original size 13.143581 MB)
Querying trie...
Done!
total time: 394.259061 ms, avg latency: 394.259061 ns
topology: 1.096256 MB, link: 1.933458 MB, data: 3.232184 MB
--- Unary Path Analysis (FST, cutoff=4) ---
  shared unary steps in main trie: 268333
  terminal suffixes: inplace=220500 (avg len=1.97)  links=754948 (77.4% of terminal)
  link len: avg=6.76  max=63  total_chars=5105329
  link length distribution (len:count):  4:91687  5:111663  6:114934  7:103953  8:85177  9:68086  10:51456  11:37502  12:26935  13:19286  14:13392  15:9281  16:6718  17:4599  18:3138  19:2143  20:1561  21:980  22:717  23:511  24:315  25:289  26:154  27:98  28:76  29:70  30:38  31:24  32:35  33:24  34:15  35:9  36:12  37:9  38:5  39:5  40:5  41:8  42:4  43:7  45:3  46:1  48:1  50:1  52:4  54:2  55:1  56:5  57:4  59:2  63:2  64:1
705.523432,6.261899,394.259061
[PASSED]
[time 1.55 s, user 1.42 s, sys 0.12 s, maxrss 183176 KB]
[busy 161 jiffies]
[exit 0]
--- c2 case 1 rec 0   load 2.88 1.30 1.02
[TEST C2-CoCo(LOUDS-Sparse)]
Processing dataset...
Done!
Building trie...
Done!
build time: 1354.611764 ms (1354.611764 ns per key)
space cost: 6.955368 MB (52.918365% of original size 13.143581 MB)
Querying trie...
Done!
total time: 484.576621 ms, avg latency: 484.576621 ns
topology: 0.405121 MB, link: 2.743303 MB, data: 3.806944 MB
1354.611764,6.955368,484.576621
[PASSED]
[time 2.27 s, user 2.07 s, sys 0.18 s, maxrss 326812 KB]
[busy 232 jiffies]
[exit 0]
--- c2 case 1 rec 1   load 2.88 1.30 1.02
[TEST C2-CoCo(LOUDS-Sparse)]
Processing dataset...
Done!
Building trie...
trie size: 2.171301 MB
Done!
build time: 1433.201776 ms (1433.201776 ns per key)
space cost: 6.299446 MB (47.927923% of original size 13.143581 MB)
Querying trie...
Done!
total time: 538.792991 ms, avg latency: 538.792991 ns
topology: 0.558979 MB, link: 2.635554 MB, data: 3.104912 MB
1433.201776,6.299446,538.792991
[PASSED]
[time 2.42 s, user 2.23 s, sys 0.17 s, maxrss 326752 KB]
[busy 249 jiffies]
[exit 0]
--- c2 case 1 rec 2   load 2.73 1.30 1.02
[TEST C2-CoCo(LOUDS-Sparse)]
Processing dataset...
Done!
Building trie...
trie size: 2.171301 MB
trie size: 0.145336 MB
Done!
build time: 1449.866241 ms (1449.866241 ns per key)
space cost: 6.299446 MB (47.927923% of original size 13.143581 MB)
Querying trie...
Done!
total time: 540.647546 ms, avg latency: 540.647546 ns
topology: 0.558979 MB, link: 2.635554 MB, data: 3.104912 MB
1449.866241,6.299446,540.647546
[PASSED]
[time 2.42 s, user 2.22 s, sys 0.19 s, maxrss 326996 KB]
[busy 250 jiffies]
[exit 0]
--- c2 case 2 rec 0   load 2.59 1.29 1.02
[TEST C2-MARISA]
Processing dataset...
Done!
Building trie...
trie size: 2.220281 MB
Done!
build time: 691.520238 ms (691.520238 ns per key)
space cost: 6.286226 MB (47.827347% of original size 13.143581 MB)
Querying trie...
Done!
total time: 265.087999 ms, avg latency: 265.087999 ns
topology: 0.735279 MB, link: 2.419176 MB, data: 3.111263 MB
--- Unary Path Analysis (Marisa, cutoff=3) ---
  branches: 1529804  |  single-char: 445053 (29.1%)  short-unary: 119280 (7.8%)  links: 965471 (63.1%)
  link len: avg=7.67  max=65  total_chars=7409785
  link length distribution (len:count):  3:106346  4:81524  5:100388  6:117171  7:118183  8:106006  9:86378  10:68801  11:51930  12:37786  13:27091  14:19390  15:13458  16:9322  17:6753  18:4616  19:3149  20:2153  21:1566  22:983  23:724  24:512  25:321  26:290  27:155  28:98  29:77  30:70  31:40  32:24  33:35  34:24  35:16  36:9  37:12  38:9  39:5  40:5  41:5  42:8  43:4  44:7  46:3  47:1  49:1  51:1  53:4  55:2  56:1  57:5  58:4  60:2  64:2  65:1
  short unary avg len: 2.00
691.520238,6.286226,265.087999
[PASSED]
[time 1.39 s, user 1.26 s, sys 0.12 s, maxrss 206156 KB]
[busy 143 jiffies]
[exit 0]
--- c2 case 2 rec 1   load 2.59 1.29 1.02
[TEST C2-MARISA]
Processing dataset...
Done!
Building trie...
trie size: 2.220281 MB
trie size: 2.823213 MB
Done!
build time: 800.241471 ms (800.241471 ns per key)
space cost: 5.413679 MB (41.188767% of original size 13.143581 MB)
Querying trie...
Done!
total time: 337.633233 ms, avg latency: 337.633233 ns
topology: 0.947487 MB, link: 2.305346 MB, data: 2.140338 MB
--- Unary Path Analysis (Marisa, cutoff=3) ---
  branches: 1529804  |  single-char: 445053 (29.1%)  short-unary: 119280 (7.8%)  links: 965471 (63.1%)
  link len: avg=7.67  max=65  total_chars=7409785
  link length distribution (len:count):  3:106346  4:81524  5:100388  6:117171  7:118183  8:106006  9:86378  10:68801  11:51930  12:37786  13:27091  14:19390  15:13458  16:9322  17:6753  18:4616  19:3149  20:2153  21:1566  22:983  23:724  24:512  25:321  26:290  27:155  28:98  29:77  30:70  31:40  32:24  33:35  34:24  35:16  36:9  37:12  38:9  39:5  40:5  41:5  42:8  43:4  44:7  46:3  47:1  49:1  51:1  53:4  55:2  56:1  57:5  58:4  60:2  64:2  65:1
  short unary avg len: 2.00
800.241471,5.413679,337.633233
[PASSED]
[time 1.58 s, user 1.45 s, sys 0.11 s, maxrss 205944 KB]
[busy 164 jiffies]
[exit 0]
--- c2 case 2 rec 2   load 2.46 1.29 1.02
[TEST C2-MARISA]
Processing dataset...
Done!
Building trie...
trie size: 2.220281 MB
trie size: 2.823213 MB
trie size: 0.214430 MB
Done!
build time: 811.514084 ms (811.514084 ns per key)
space cost: 5.413679 MB (41.188767% of original size 13.143581 MB)
Querying trie...
Done!
total time: 336.091656 ms, avg latency: 336.091656 ns
topology: 0.947487 MB, link: 2.305346 MB, data: 2.140338 MB
--- Unary Path Analysis (Marisa, cutoff=3) ---
  branches: 1529804  |  single-char: 445053 (29.1%)  short-unary: 119280 (7.8%)  links: 965471 (63.1%)
  link len: avg=7.67  max=65  total_chars=7409785
  link length distribution (len:count):  3:106346  4:81524  5:100388  6:117171  7:118183  8:106006  9:86378  10:68801  11:51930  12:37786  13:27091  14:19390  15:13458  16:9322  17:6753  18:4616  19:3149  20:2153  21:1566  22:983  23:724  24:512  25:321  26:290  27:155  28:98  29:77  30:70  31:40  32:24  33:35  34:24  35:16  36:9  37:12  38:9  39:5  40:5  41:5  42:8  43:4  44:7  46:3  47:1  49:1  51:1  53:4  55:2  56:1  57:5  58:4  60:2  64:2  65:1
  short unary avg len: 2.00
811.514084,5.413679,336.091656
[PASSED]
[time 1.59 s, user 1.46 s, sys 0.13 s, maxrss 206008 KB]
[busy 168 jiffies]
[exit 0]
--- c2 case 3 rec 0   load 2.46 1.29 1.02
[TEST FST]
Processing dataset...
Done!
Building trie...
Done!
build time: 606.458545 ms (606.458545 ns per key)
space cost: 6.751218 MB (51.365131% of original size 13.143581 MB)
Querying trie...
Done!
total time: 444.114225 ms, avg latency: 444.114225 ns
not implemented
606.458545,6.751218,444.114225
[PASSED]
[time 1.47 s, user 1.39 s, sys 0.07 s, maxrss 95388 KB]
[busy 152 jiffies]
[exit 0]
--- c2 case 4 rec 0   load 2.35 1.28 1.02
[TEST COCO]
Processing dataset...
Done!
Building trie...
num nodes = 310886, average depth = 6.283062
ef = 0.001168, pa = 0.211653, bv = 0.000885, de = 0.651638
efr = 0.002046, par = 0.129141, bvr = 0.000006, der = 0.003464
Done!
build time: 10444.632786 ms (10444.632786 ns per key)
space cost: 9.668336 MB (73.559374% of original size 13.143581 MB)
Querying trie...
Done!
total time: 418.811118 ms, avg latency: 418.811118 ns
not implemented
10444.632786,9.668336,418.811118
[PASSED]
[time 11.74 s, user 9.01 s, sys 2.68 s, maxrss 6138032 KB]
[busy 1211 jiffies]
[exit 0]
--- c2 case 5 rec 0   load 2.14 1.27 1.02
[TEST MARISA]
Processing dataset...
Done!
Building trie...
Done!
build time: 483.151253 ms (483.151253 ns per key)
space cost: 6.885828 MB (52.389283% of original size 13.143581 MB)
Querying trie...
Done!
total time: 378.773992 ms, avg latency: 378.773992 ns
not implemented
483.151253,6.885828,378.773992
[PASSED]
[time 1.31 s, user 1.20 s, sys 0.09 s, maxrss 172572 KB]
[busy 137 jiffies]
[exit 0]
--- c2 case 5 rec 1   load 2.05 1.27 1.02
[TEST MARISA]
Processing dataset...
Done!
Building trie...
Done!
build time: 559.847926 ms (559.847926 ns per key)
space cost: 4.826345 MB (36.720170% of original size 13.143581 MB)
Querying trie...
Done!
total time: 521.806411 ms, avg latency: 521.806411 ns
not implemented
559.847926,4.826345,521.806411
[PASSED]
[time 1.51 s, user 1.38 s, sys 0.11 s, maxrss 172504 KB]
[busy 153 jiffies]
[exit 0]
--- c2 case 5 rec 2   load 2.05 1.27 1.02
[TEST MARISA]
Processing dataset...
Done!
Building trie...
Done!
build time: 564.269054 ms (564.269054 ns per key)
space cost: 4.647946 MB (35.362861% of original size 13.143581 MB)
Querying trie...
Done!
total time: 538.646465 ms, avg latency: 538.646465 ns
not implemented
564.269054,4.647946,538.646465
[PASSED]
[time 1.53 s, user 1.41 s, sys 0.11 s, maxrss 172416 KB]
[busy 159 jiffies]
[exit 0]
--- c2 case 6 rec 0   load 1.96 1.26 1.02
[TEST PDT]
Processing dataset...
Done!
Building trie...
dict size: 155466, stream size: 4016746
Done!
build time: 1926.016667 ms (1926.016667 ns per key)
space cost: 5.254991 MB (39.981421% of original size 13.143581 MB)
Querying trie...
Done!
total time: 523.333420 ms, avg latency: 523.333420 ns
not implemented
1926.016667,5.254991,523.333420
[PASSED]
[time 2.87 s, user 2.76 s, sys 0.10 s, maxrss 152728 KB]
[busy 299 jiffies]
[exit 0]
--- c2 case 7 rec 0   load 1.81 1.24 1.01
[TEST ART]
Processing dataset...
Done!
Building trie...
Done!
build time: 110.849682 ms (110.849682 ns per key)
space cost: 31.580688 MB (240.274607% of original size 13.143581 MB)
Querying trie...
Done!
total time: 251.473666 ms, avg latency: 251.473666 ns
not implemented
110.849682,31.580688,251.473666
[PASSED]
[time 0.79 s, user 0.70 s, sys 0.08 s, maxrss 136180 KB]
[busy 81 jiffies]
[exit 0]
--- c2 case 8 rec 0   load 1.81 1.24 1.01
[TEST CART]
Processing dataset...
Done!
Building trie...
Done!
build time: 158.081849 ms (158.081849 ns per key)
space cost: 13.831998 MB (105.237663% of original size 13.143581 MB)
Querying trie...
Done!
total time: 318.442100 ms, avg latency: 318.442100 ns
not implemented
158.081849,13.831998,318.442100
[PASSED]
[time 0.93 s, user 0.85 s, sys 0.07 s, maxrss 134396 KB]
[busy 96 jiffies]
[exit 0]
--- xcdat 7   load 1.81 1.24 1.01
build time: 525.691051 ms
space cost: 9.017626 MiB (68.608590% of original size 13.143581 MiB)
avg latency: 173.951370 ns
525.691051,9.017626,173.951370
[time 1.15 s, user 1.05 s, sys 0.09 s, maxrss 139940 KB]
[busy 122 jiffies]
[exit 0]
--- xcdat 8   load 1.74 1.24 1.01
build time: 489.880938 ms
space cost: 8.488643 MiB (64.583940% of original size 13.143581 MiB)
avg latency: 173.033806 ns
489.880938,8.488643,173.033806
[time 1.11 s, user 1.01 s, sys 0.09 s, maxrss 139796 KB]
[busy 115 jiffies]
[exit 0]
--- xcdat 15   load 1.74 1.24 1.01
build time: 524.243300 ms
space cost: 9.847433 MiB (74.921993% of original size 13.143581 MiB)
avg latency: 150.013598 ns
524.243300,9.847433,150.013598
[time 1.12 s, user 1.02 s, sys 0.09 s, maxrss 139868 KB]
[busy 115 jiffies]
[exit 0]
--- xcdat 16   load 1.60 1.22 1.01
build time: 497.049900 ms
space cost: 10.260450 MiB (78.064342% of original size 13.143581 MiB)
avg latency: 153.443924 ns
497.049900,10.260450,153.443924
[time 1.10 s, user 1.00 s, sys 0.09 s, maxrss 139952 KB]
[busy 117 jiffies]
[exit 0]

##### idents-1000000 (1000000 lines, 17569522 bytes)   round 3/3   2026-09-26T04:15:56+03:00
--- lexindex dict32   load 1.60 1.22 1.01
1000000 keys
lexindex DictIndex block 32: build 216 ms, size 5.150 MiB (5.400 B/key), latency cold 337.5 ns, then mean 336.1 / min 330.5 ns
216.292,5.149525,337.524
[time 2.05 s, user 3.51 s, sys 0.27 s, maxrss 191696 KB]
[busy 387 jiffies]
[exit 0]
--- lexindex dict256   load 1.47 1.20 1.00
1000000 keys
lexindex DictIndex block 256: build 216 ms, size 4.794 MiB (5.027 B/key), latency cold 358.6 ns, then mean 352.9 / min 351.1 ns
216.444,4.794402,358.587
[time 2.12 s, user 3.64 s, sys 0.23 s, maxrss 192788 KB]
[busy 398 jiffies]
[exit 0]
--- lexindex dict1024   load 1.47 1.20 1.00
1000000 keys
lexindex DictIndex block 1024: build 243 ms, size 4.635 MiB (4.860 B/key), latency cold 421.7 ns, then mean 414.5 / min 413.1 ns
242.573,4.634645,421.659
[time 2.40 s, user 3.31 s, sys 0.26 s, maxrss 187400 KB]
[busy 373 jiffies]
[exit 0]
--- lexindex routed32   load 1.43 1.19 1.00
1000000 keys
lexindex DictIndex block 32 routed: build 217 ms, size 5.626 MiB (5.900 B/key), latency cold 310.2 ns, then mean 300.4 / min 297.6 ns
216.669,5.626362,310.202
[time 1.92 s, user 3.37 s, sys 0.26 s, maxrss 191804 KB]
[busy 377 jiffies]
[exit 0]
--- lexindex routed256   load 1.32 1.17 0.99
1000000 keys
lexindex DictIndex block 256 routed: build 221 ms, size 5.271 MiB (5.527 B/key), latency cold 293.4 ns, then mean 285.9 / min 283.5 ns
221.222,5.271331,293.410
[time 1.87 s, user 3.39 s, sys 0.25 s, maxrss 192056 KB]
[busy 375 jiffies]
[exit 0]
--- lexindex routed1024   load 1.32 1.17 0.99
1000000 keys
lexindex DictIndex block 1024 routed: build 243 ms, size 4.873 MiB (5.110 B/key), latency cold 318.2 ns, then mean 318.1 / min 317.2 ns
242.905,4.873170,318.200
[time 2.01 s, user 2.90 s, sys 0.27 s, maxrss 184212 KB]
[busy 325 jiffies]
[exit 0]
--- lexindex string   load 1.29 1.17 1.00
1000000 keys
lexindex StringIndex: build 614 ms, size 9.621 MiB (10.089 B/key), latency cold 250.9 ns, then mean 240.9 / min 240.2 ns
614.346,9.621364,250.941
[time 2.07 s, user 1.97 s, sys 0.08 s, maxrss 147164 KB]
[busy 213 jiffies]
[exit 0]
--- lexindex hashed0   load 1.29 1.17 1.00
1000000 keys
lexindex HashedDictIndex closed: build 314 ms, size 7.408 MiB (7.768 B/key), latency cold 35.7 ns, then mean 30.9 / min 30.4 ns
314.021,7.408405,35.702
[time 0.93 s, user 2.44 s, sys 0.28 s, maxrss 196500 KB]
[busy 279 jiffies]
[exit 0]
--- lexindex hashed8   load 1.27 1.17 1.00
1000000 keys
lexindex HashedDictIndex fp=8: build 313 ms, size 8.362 MiB (8.768 B/key), latency cold 41.7 ns, then mean 36.5 / min 36.3 ns
313.051,8.362080,41.707
[time 0.95 s, user 2.52 s, sys 0.25 s, maxrss 190888 KB]
[busy 285 jiffies]
[exit 0]
--- lexindex hashed16   load 1.27 1.17 1.00
1000000 keys
lexindex HashedDictIndex fp=16: build 313 ms, size 9.316 MiB (9.768 B/key), latency cold 43.0 ns, then mean 37.9 / min 37.6 ns
312.639,9.315754,43.027
[time 0.96 s, user 2.51 s, sys 0.26 s, maxrss 191004 KB]
[busy 286 jiffies]
[exit 0]
--- lexindex da   load 1.17 1.15 0.99
1000000 keys
lexindex DoubleArrayIndex: build 1358 ms, size 57.087 MiB (59.860 B/key), latency cold 696.0 ns, then mean 698.6 / min 697.0 ns
1357.901,57.086805,696.017
[time 4.62 s, user 4.39 s, sys 0.21 s, maxrss 266488 KB]
[busy 477 jiffies]
[exit 0]
--- c2 case 0 rec 0   load 1.07 1.13 0.98
[TEST C2-FST]
Processing dataset...
Done!
Building trie...
Done!
build time: 553.622158 ms (553.622158 ns per key)
space cost: 7.689586 MB (48.662327% of original size 15.801928 MB)
Querying trie...
Done!
total time: 447.243286 ms, avg latency: 447.243286 ns
topology: 1.065430 MB, link: 1.308976 MB, data: 5.315180 MB
--- Unary Path Analysis (FST, cutoff=4) ---
  shared unary steps in main trie: 867425
  terminal suffixes: inplace=228819 (avg len=2.12)  links=441434 (65.9% of terminal)
  link len: avg=9.49  max=2370  total_chars=4189664
  link length distribution (len:count):  4:76627  5:51488  6:45151  7:37358  8:31909  9:27077  10:23240  11:20333  12:17528  13:14251  14:12152  15:10600  16:8656  17:7441  18:5953  19:5050  20:4404  21:3491  22:2961  23:2494  24:2088  25:1693  26:1542  27:2862  28:3159  29:978  30:1046  31:5827  32:8054  33:556  34:479  35:449  36:385  37:237  38:218  39:200  40:169  41:158  42:128  43:138  44:139  45:102  46:86  47:84  48:98  49:89  50:50  51:76  52:71  53:81  54:65  55:77  56:94  57:109  58:136  59:196  60:305  61:337  62:22  63:7  64:10  65:18  66:16  67:12  68:9  69:17  70:11  71:14  72:16  73:30  74:18  75:39  76:18  77:12  78:9  79:12  80:11  81:6  82:5  83:7  84:10  85:7  86:12  87:15  88:14  89:35  90:43  91:58  92:54  93:3  94:5  95:6  96:4  97:1  99:4  100:6  101:3  103:2  104:2  105:1  106:3  107:3  109:2  110:1  111:2  112:4  113:1  114:1  115:1  116:1  117:1  118:3  119:1  120:3  121:2  122:1  123:3  124:1  127:2  128:1  129:4  130:1  131:1  135:2  136:1  140:1  142:1  147:1  149:1  150:1  153:2  159:1  168:1  176:2  181:1  184:1  185:1  186:1  188:1  197:1  211:1  219:1  226:1  245:1  246:1  247:2  248:1  249:5  250:7  251:5  252:3  253:1  272:1  382:1  506:1  507:2  508:1  512:1  520:2  649:1  956:1  1018:1  2371:1
553.622158,7.689586,447.243286
[PASSED]
[time 1.51 s, user 1.39 s, sys 0.11 s, maxrss 154564 KB]
[busy 156 jiffies]
[exit 0]
--- c2 case 0 rec 1   load 1.07 1.13 0.98
[TEST C2-FST]
Processing dataset...
Done!
Building trie...
trie size: 1.502977 MB
Done!
build time: 654.295547 ms (654.295547 ns per key)
space cost: 6.915090 MB (43.761051% of original size 15.801928 MB)
Querying trie...
Done!
total time: 513.316797 ms, avg latency: 513.316797 ns
topology: 1.233204 MB, link: 1.320040 MB, data: 4.361846 MB
--- Unary Path Analysis (FST, cutoff=4) ---
  shared unary steps in main trie: 867425
  terminal suffixes: inplace=228819 (avg len=2.12)  links=441434 (65.9% of terminal)
  link len: avg=9.49  max=2370  total_chars=4189664
  link length distribution (len:count):  4:76627  5:51488  6:45151  7:37358  8:31909  9:27077  10:23240  11:20333  12:17528  13:14251  14:12152  15:10600  16:8656  17:7441  18:5953  19:5050  20:4404  21:3491  22:2961  23:2494  24:2088  25:1693  26:1542  27:2862  28:3159  29:978  30:1046  31:5827  32:8054  33:556  34:479  35:449  36:385  37:237  38:218  39:200  40:169  41:158  42:128  43:138  44:139  45:102  46:86  47:84  48:98  49:89  50:50  51:76  52:71  53:81  54:65  55:77  56:94  57:109  58:136  59:196  60:305  61:337  62:22  63:7  64:10  65:18  66:16  67:12  68:9  69:17  70:11  71:14  72:16  73:30  74:18  75:39  76:18  77:12  78:9  79:12  80:11  81:6  82:5  83:7  84:10  85:7  86:12  87:15  88:14  89:35  90:43  91:58  92:54  93:3  94:5  95:6  96:4  97:1  99:4  100:6  101:3  103:2  104:2  105:1  106:3  107:3  109:2  110:1  111:2  112:4  113:1  114:1  115:1  116:1  117:1  118:3  119:1  120:3  121:2  122:1  123:3  124:1  127:2  128:1  129:4  130:1  131:1  135:2  136:1  140:1  142:1  147:1  149:1  150:1  153:2  159:1  168:1  176:2  181:1  184:1  185:1  186:1  188:1  197:1  211:1  219:1  226:1  245:1  246:1  247:2  248:1  249:5  250:7  251:5  252:3  253:1  272:1  382:1  506:1  507:2  508:1  512:1  520:2  649:1  956:1  1018:1  2371:1
654.295547,6.915090,513.316797
[PASSED]
[time 1.68 s, user 1.56 s, sys 0.12 s, maxrss 154672 KB]
[busy 174 jiffies]
[exit 0]
--- c2 case 0 rec 2   load 1.07 1.13 0.99
[TEST C2-FST]
Processing dataset...
Done!
Building trie...
trie size: 1.502977 MB
trie size: 0.331999 MB
Done!
build time: 686.011947 ms (686.011947 ns per key)
space cost: 6.915090 MB (43.761051% of original size 15.801928 MB)
Querying trie...
Done!
total time: 514.612522 ms, avg latency: 514.612522 ns
topology: 1.233204 MB, link: 1.320040 MB, data: 4.361846 MB
--- Unary Path Analysis (FST, cutoff=4) ---
  shared unary steps in main trie: 867425
  terminal suffixes: inplace=228819 (avg len=2.12)  links=441434 (65.9% of terminal)
  link len: avg=9.49  max=2370  total_chars=4189664
  link length distribution (len:count):  4:76627  5:51488  6:45151  7:37358  8:31909  9:27077  10:23240  11:20333  12:17528  13:14251  14:12152  15:10600  16:8656  17:7441  18:5953  19:5050  20:4404  21:3491  22:2961  23:2494  24:2088  25:1693  26:1542  27:2862  28:3159  29:978  30:1046  31:5827  32:8054  33:556  34:479  35:449  36:385  37:237  38:218  39:200  40:169  41:158  42:128  43:138  44:139  45:102  46:86  47:84  48:98  49:89  50:50  51:76  52:71  53:81  54:65  55:77  56:94  57:109  58:136  59:196  60:305  61:337  62:22  63:7  64:10  65:18  66:16  67:12  68:9  69:17  70:11  71:14  72:16  73:30  74:18  75:39  76:18  77:12  78:9  79:12  80:11  81:6  82:5  83:7  84:10  85:7  86:12  87:15  88:14  89:35  90:43  91:58  92:54  93:3  94:5  95:6  96:4  97:1  99:4  100:6  101:3  103:2  104:2  105:1  106:3  107:3  109:2  110:1  111:2  112:4  113:1  114:1  115:1  116:1  117:1  118:3  119:1  120:3  121:2  122:1  123:3  124:1  127:2  128:1  129:4  130:1  131:1  135:2  136:1  140:1  142:1  147:1  149:1  150:1  153:2  159:1  168:1  176:2  181:1  184:1  185:1  186:1  188:1  197:1  211:1  219:1  226:1  245:1  246:1  247:2  248:1  249:5  250:7  251:5  252:3  253:1  272:1  382:1  506:1  507:2  508:1  512:1  520:2  649:1  956:1  1018:1  2371:1
686.011947,6.915090,514.612522
[PASSED]
[time 1.71 s, user 1.60 s, sys 0.10 s, maxrss 154580 KB]
[busy 178 jiffies]
[exit 0]
--- c2 case 1 rec 0   load 1.07 1.13 0.99
[TEST C2-CoCo(LOUDS-Sparse)]
Processing dataset...
Done!
Building trie...
Done!
build time: 1951.265123 ms (1951.265123 ns per key)
space cost: 7.851791 MB (49.688819% of original size 15.801928 MB)
Querying trie...
Done!
total time: 573.915011 ms, avg latency: 573.915011 ns
topology: 0.418465 MB, link: 2.132715 MB, data: 5.300611 MB
1951.265123,7.851791,573.915011
[PASSED]
[time 3.03 s, user 2.83 s, sys 0.18 s, maxrss 310748 KB]
[busy 311 jiffies]
[exit 0]
--- c2 case 1 rec 1   load 1.06 1.12 0.99
[TEST C2-CoCo(LOUDS-Sparse)]
Processing dataset...
Done!
Building trie...
trie size: 1.502977 MB
Done!
build time: 2043.644398 ms (2043.644398 ns per key)
space cost: 7.077295 MB (44.787543% of original size 15.801928 MB)
Querying trie...
Done!
total time: 625.911580 ms, avg latency: 625.911580 ns
topology: 0.586239 MB, link: 2.143779 MB, data: 4.347277 MB
2043.644398,7.077295,625.911580
[PASSED]
[time 3.17 s, user 2.99 s, sys 0.16 s, maxrss 310796 KB]
[busy 324 jiffies]
[exit 0]
--- c2 case 1 rec 2   load 1.06 1.12 0.99
[TEST C2-CoCo(LOUDS-Sparse)]
Processing dataset...
Done!
Building trie...
trie size: 1.502977 MB
trie size: 0.331999 MB
Done!
build time: 2081.556660 ms (2081.556660 ns per key)
space cost: 7.077295 MB (44.787543% of original size 15.801928 MB)
Querying trie...
Done!
total time: 624.396592 ms, avg latency: 624.396592 ns
topology: 0.586239 MB, link: 2.143779 MB, data: 4.347277 MB
2081.556660,7.077295,624.396592
[PASSED]
[time 3.22 s, user 3.03 s, sys 0.17 s, maxrss 310756 KB]
[busy 332 jiffies]
[exit 0]
--- c2 case 2 rec 0   load 1.05 1.12 0.99
[TEST C2-MARISA]
Processing dataset...
Done!
Building trie...
trie size: 2.270097 MB
Done!
build time: 614.086669 ms (614.086669 ns per key)
space cost: 7.011691 MB (44.372378% of original size 15.801928 MB)
Querying trie...
Done!
total time: 332.785693 ms, avg latency: 332.785693 ns
topology: 0.751881 MB, link: 1.982347 MB, data: 4.256955 MB
--- Unary Path Analysis (Marisa, cutoff=3) ---
  branches: 1422581  |  single-char: 551890 (38.8%)  short-unary: 115667 (8.1%)  links: 755024 (53.1%)
  link len: avg=8.77  max=2372  total_chars=6624040
  link length distribution (len:count):  3:105528  4:121910  5:97474  6:66582  7:57085  8:45533  9:37849  10:31975  11:26876  12:23163  13:19820  14:16116  15:13775  16:11928  17:9756  18:8336  19:6634  20:5552  21:4837  22:3831  23:3236  24:2773  25:2292  26:1859  27:1695  28:2977  29:3248  30:1048  31:1122  32:5884  33:8094  34:587  35:508  36:468  37:402  38:249  39:231  40:207  41:175  42:162  43:138  44:148  45:142  46:106  47:87  48:88  49:101  50:90  51:51  52:78  53:71  54:83  55:67  56:79  57:94  58:109  59:138  60:196  61:305  62:337  63:26  64:9  65:10  66:21  67:20  68:12  69:11  70:17  71:11  72:14  73:16  74:32  75:19  76:39  77:18  78:13  79:10  80:14  81:11  82:6  83:5  84:8  85:10  86:7  87:12  88:15  89:14  90:35  91:43  92:58  93:54  94:3  95:5  96:6  97:4  98:1  100:4  101:6  102:3  104:3  105:2  106:1  107:3  108:3  110:2  111:3  112:2  113:4  114:1  115:1  116:1  117:1  118:1  119:3  120:1  121:3  122:2  123:1  124:3  125:1  128:2  129:1  130:4  131:1  132:1  136:2  137:1  141:1  143:1  148:1  150:1  151:1  154:2  160:1  169:1  177:2  182:1  185:1  186:1  187:1  189:1  195:1  198:1  212:1  220:1  227:1  246:1  247:1  248:2  249:1  250:5  251:7  252:5  253:3  254:1  255:1  273:1  383:1  507:1  508:2  509:1  513:1  521:2  647:1  650:1  957:1  1019:1  1023:1  2372:1
  short unary avg len: 2.00
614.086669,7.011691,332.785693
[PASSED]
[time 1.45 s, user 1.31 s, sys 0.14 s, maxrss 191728 KB]
[busy 150 jiffies]
[exit 0]
--- c2 case 2 rec 1   load 1.05 1.12 0.99
[TEST C2-MARISA]
Processing dataset...
Done!
Building trie...
trie size: 2.270097 MB
trie size: 2.365652 MB
Done!
build time: 749.860789 ms (749.860789 ns per key)
space cost: 5.935715 MB (37.563232% of original size 15.801928 MB)
Querying trie...
Done!
total time: 414.803857 ms, avg latency: 414.803857 ns
topology: 0.970436 MB, link: 1.946986 MB, data: 2.997785 MB
--- Unary Path Analysis (Marisa, cutoff=3) ---
  branches: 1422581  |  single-char: 551890 (38.8%)  short-unary: 115667 (8.1%)  links: 755024 (53.1%)
  link len: avg=8.77  max=2372  total_chars=6624040
  link length distribution (len:count):  3:105528  4:121910  5:97474  6:66582  7:57085  8:45533  9:37849  10:31975  11:26876  12:23163  13:19820  14:16116  15:13775  16:11928  17:9756  18:8336  19:6634  20:5552  21:4837  22:3831  23:3236  24:2773  25:2292  26:1859  27:1695  28:2977  29:3248  30:1048  31:1122  32:5884  33:8094  34:587  35:508  36:468  37:402  38:249  39:231  40:207  41:175  42:162  43:138  44:148  45:142  46:106  47:87  48:88  49:101  50:90  51:51  52:78  53:71  54:83  55:67  56:79  57:94  58:109  59:138  60:196  61:305  62:337  63:26  64:9  65:10  66:21  67:20  68:12  69:11  70:17  71:11  72:14  73:16  74:32  75:19  76:39  77:18  78:13  79:10  80:14  81:11  82:6  83:5  84:8  85:10  86:7  87:12  88:15  89:14  90:35  91:43  92:58  93:54  94:3  95:5  96:6  97:4  98:1  100:4  101:6  102:3  104:3  105:2  106:1  107:3  108:3  110:2  111:3  112:2  113:4  114:1  115:1  116:1  117:1  118:1  119:3  120:1  121:3  122:2  123:1  124:3  125:1  128:2  129:1  130:4  131:1  132:1  136:2  137:1  141:1  143:1  148:1  150:1  151:1  154:2  160:1  169:1  177:2  182:1  185:1  186:1  187:1  189:1  195:1  198:1  212:1  220:1  227:1  246:1  247:1  248:2  249:1  250:5  251:7  252:5  253:3  254:1  255:1  273:1  383:1  507:1  508:2  509:1  513:1  521:2  647:1  650:1  957:1  1019:1  1023:1  2372:1
  short unary avg len: 2.00
749.860789,5.935715,414.803857
[PASSED]
[time 1.68 s, user 1.56 s, sys 0.11 s, maxrss 191784 KB]
[busy 174 jiffies]
[exit 0]
--- c2 case 2 rec 2   load 1.05 1.12 0.99
[TEST C2-MARISA]
Processing dataset...
Done!
Building trie...
trie size: 2.270097 MB
trie size: 2.365652 MB
trie size: 0.409595 MB
Done!
build time: 788.743425 ms (788.743425 ns per key)
space cost: 5.935715 MB (37.563232% of original size 15.801928 MB)
Querying trie...
Done!
total time: 418.935541 ms, avg latency: 418.935541 ns
topology: 0.970436 MB, link: 1.946986 MB, data: 2.997785 MB
--- Unary Path Analysis (Marisa, cutoff=3) ---
  branches: 1422581  |  single-char: 551890 (38.8%)  short-unary: 115667 (8.1%)  links: 755024 (53.1%)
  link len: avg=8.77  max=2372  total_chars=6624040
  link length distribution (len:count):  3:105528  4:121910  5:97474  6:66582  7:57085  8:45533  9:37849  10:31975  11:26876  12:23163  13:19820  14:16116  15:13775  16:11928  17:9756  18:8336  19:6634  20:5552  21:4837  22:3831  23:3236  24:2773  25:2292  26:1859  27:1695  28:2977  29:3248  30:1048  31:1122  32:5884  33:8094  34:587  35:508  36:468  37:402  38:249  39:231  40:207  41:175  42:162  43:138  44:148  45:142  46:106  47:87  48:88  49:101  50:90  51:51  52:78  53:71  54:83  55:67  56:79  57:94  58:109  59:138  60:196  61:305  62:337  63:26  64:9  65:10  66:21  67:20  68:12  69:11  70:17  71:11  72:14  73:16  74:32  75:19  76:39  77:18  78:13  79:10  80:14  81:11  82:6  83:5  84:8  85:10  86:7  87:12  88:15  89:14  90:35  91:43  92:58  93:54  94:3  95:5  96:6  97:4  98:1  100:4  101:6  102:3  104:3  105:2  106:1  107:3  108:3  110:2  111:3  112:2  113:4  114:1  115:1  116:1  117:1  118:1  119:3  120:1  121:3  122:2  123:1  124:3  125:1  128:2  129:1  130:4  131:1  132:1  136:2  137:1  141:1  143:1  148:1  150:1  151:1  154:2  160:1  169:1  177:2  182:1  185:1  186:1  187:1  189:1  195:1  198:1  212:1  220:1  227:1  246:1  247:1  248:2  249:1  250:5  251:7  252:5  253:3  254:1  255:1  273:1  383:1  507:1  508:2  509:1  513:1  521:2  647:1  650:1  957:1  1019:1  1023:1  2372:1
  short unary avg len: 2.00
788.743425,5.935715,418.935541
[PASSED]
[time 1.72 s, user 1.58 s, sys 0.13 s, maxrss 191776 KB]
[busy 175 jiffies]
[exit 0]
--- c2 case 3 rec 0   load 1.05 1.12 0.99
[TEST FST]
Processing dataset...
Done!
Building trie...
Done!
build time: 643.893220 ms (643.893220 ns per key)
space cost: 8.221326 MB (52.027361% of original size 15.801928 MB)
Querying trie...
Done!
total time: 728.562576 ms, avg latency: 728.562576 ns
not implemented
643.893220,8.221326,728.562576
[PASSED]
[time 1.87 s, user 1.78 s, sys 0.07 s, maxrss 110892 KB]
[busy 193 jiffies]
[exit 0]
--- c2 case 4 rec 0   load 1.04 1.11 0.99
[TEST COCO]
Processing dataset...
Done!
Building trie...
num nodes = 399248, average depth = 7.939321
ef = 0.000363, pa = 0.211826, bv = 0.005743, de = 0.595417
efr = 0.002081, par = 0.107439, bvr = 0.000498, der = 0.076632
Done!
build time: 13289.659439 ms (13289.659439 ns per key)
space cost: 9.456138 MB (59.841676% of original size 15.801928 MB)
Querying trie...
Done!
total time: 509.056512 ms, avg latency: 509.056512 ns
not implemented
13289.659439,9.456138,509.056512
[PASSED]
[time 14.82 s, user 11.56 s, sys 3.20 s, maxrss 7164532 KB]
[busy 1524 jiffies]
[exit 0]
--- c2 case 5 rec 0   load 1.03 1.11 0.99
[TEST MARISA]
Processing dataset...
Done!
Building trie...
Done!
build time: 442.309114 ms (442.309114 ns per key)
space cost: 6.900187 MB (43.666745% of original size 15.801928 MB)
Querying trie...
Done!
total time: 450.813875 ms, avg latency: 450.813875 ns
not implemented
442.309114,6.900187,450.813875
[PASSED]
[time 1.39 s, user 1.28 s, sys 0.10 s, maxrss 154328 KB]
[busy 144 jiffies]
[exit 0]
--- c2 case 5 rec 1   load 0.95 1.09 0.98
[TEST MARISA]
Processing dataset...
Done!
Building trie...
Done!
build time: 515.056707 ms (515.056707 ns per key)
space cost: 5.376669 MB (34.025399% of original size 15.801928 MB)
Querying trie...
Done!
total time: 646.413085 ms, avg latency: 646.413085 ns
not implemented
515.056707,5.376669,646.413085
[PASSED]
[time 1.64 s, user 1.54 s, sys 0.08 s, maxrss 154268 KB]
[busy 168 jiffies]
[exit 0]
--- c2 case 5 rec 2   load 0.95 1.09 0.98
[TEST MARISA]
Processing dataset...
Done!
Building trie...
Done!
build time: 532.253543 ms (532.253543 ns per key)
space cost: 5.101574 MB (32.284504% of original size 15.801928 MB)
Querying trie...
Done!
total time: 694.760998 ms, avg latency: 694.760998 ns
not implemented
532.253543,5.101574,694.760998
[PASSED]
[time 1.71 s, user 1.61 s, sys 0.09 s, maxrss 154212 KB]
[busy 176 jiffies]
[exit 0]
--- c2 case 6 rec 0   load 0.95 1.09 0.98
[TEST PDT]
Processing dataset...
Done!
Building trie...
dict size: 159382, stream size: 4661413
Done!
build time: 2542.276640 ms (2542.276640 ns per key)
space cost: 5.873528 MB (37.169690% of original size 15.801928 MB)
Querying trie...
Done!
total time: 596.963121 ms, avg latency: 596.963121 ns
not implemented
2542.276640,5.873528,596.963121
[PASSED]
[time 3.63 s, user 3.51 s, sys 0.10 s, maxrss 164504 KB]
[busy 375 jiffies]
[exit 0]
--- c2 case 7 rec 0   load 0.88 1.07 0.98
[TEST ART]
Processing dataset...
Done!
Building trie...
Done!
build time: 179.462737 ms (179.462737 ns per key)
space cost: 32.581932 MB (206.189605% of original size 15.801928 MB)
Querying trie...
Done!
total time: 512.144575 ms, avg latency: 512.144575 ns
not implemented
179.462737,32.581932,512.144575
[PASSED]
[time 1.20 s, user 1.11 s, sys 0.08 s, maxrss 156036 KB]
[busy 123 jiffies]
[exit 0]
--- c2 case 8 rec 0   load 0.88 1.07 0.98
[TEST CART]
Processing dataset...
Done!
Building trie...
Done!
build time: 229.257168 ms (229.257168 ns per key)
space cost: 15.394894 MB (97.424150% of original size 15.801928 MB)
Querying trie...
Done!
total time: 557.378636 ms, avg latency: 557.378636 ns
not implemented
229.257168,15.394894,557.378636
[PASSED]
[time 1.31 s, user 1.21 s, sys 0.08 s, maxrss 146284 KB]
[busy 134 jiffies]
[exit 0]
--- xcdat 7   load 0.81 1.05 0.97
build time: 493.825731 ms
space cost: 10.636815 MiB (67.313402% of original size 15.801928 MiB)
avg latency: 210.037752 ns
493.825731,10.636815,210.037752
[time 1.21 s, user 1.10 s, sys 0.11 s, maxrss 178260 KB]
[busy 126 jiffies]
[exit 0]
--- xcdat 8   load 0.81 1.05 0.97
build time: 449.513482 ms
space cost: 10.202523 MiB (64.565055% of original size 15.801928 MiB)
avg latency: 207.465268 ns
449.513482,10.202523,207.465268
[time 1.17 s, user 1.06 s, sys 0.11 s, maxrss 178320 KB]
[busy 120 jiffies]
[exit 0]
--- xcdat 15   load 0.81 1.05 0.97
build time: 490.593477 ms
space cost: 12.607800 MiB (79.786472% of original size 15.801928 MiB)
avg latency: 193.444290 ns
490.593477,12.607800,193.444290
[time 1.19 s, user 1.07 s, sys 0.11 s, maxrss 178152 KB]
[busy 123 jiffies]
[exit 0]
--- xcdat 16   load 0.82 1.05 0.97
build time: 453.714285 ms
space cost: 13.179976 MiB (83.407397% of original size 15.801928 MiB)
avg latency: 197.595311 ns
453.714285,13.179976,197.595311
[time 1.17 s, user 1.05 s, sys 0.11 s, maxrss 178240 KB]
[busy 122 jiffies]
[exit 0]

##### numeric-1000000 (1000000 lines, 6888890 bytes)   round 3/3   2026-09-26T04:17:42+03:00
--- lexindex dict32   load 0.82 1.05 0.97
1000000 keys
lexindex DictIndex block 32: build 58 ms, size 1.160 MiB (1.216 B/key), latency cold 232.4 ns, then mean 229.4 / min 228.4 ns
57.524,1.159871,232.433
[time 1.39 s, user 1.71 s, sys 0.17 s, maxrss 142312 KB]
[busy 198 jiffies]
[exit 0]
--- lexindex dict256   load 0.84 1.05 0.97
1000000 keys
lexindex DictIndex block 256: build 58 ms, size 0.964 MiB (1.011 B/key), latency cold 246.6 ns, then mean 246.3 / min 245.3 ns
57.568,0.964076,246.622
[time 1.45 s, user 1.78 s, sys 0.17 s, maxrss 138800 KB]
[busy 201 jiffies]
[exit 0]
--- lexindex dict1024   load 0.84 1.05 0.97
1000000 keys
lexindex DictIndex block 1024: build 54 ms, size 0.875 MiB (0.918 B/key), latency cold 267.8 ns, then mean 265.2 / min 264.3 ns
53.792,0.875449,267.818
[time 1.52 s, user 1.68 s, sys 0.10 s, maxrss 129212 KB]
[busy 186 jiffies]
[exit 0]
--- lexindex routed32   load 0.85 1.05 0.97
1000000 keys
lexindex DictIndex block 32 routed: build 60 ms, size 1.637 MiB (1.716 B/key), latency cold 203.9 ns, then mean 202.2 / min 201.9 ns
59.707,1.636708,203.912
[time 1.28 s, user 1.61 s, sys 0.17 s, maxrss 137016 KB]
[busy 184 jiffies]
[exit 0]
--- lexindex routed256   load 0.85 1.05 0.97
1000000 keys
lexindex DictIndex block 256 routed: build 59 ms, size 1.441 MiB (1.511 B/key), latency cold 182.6 ns, then mean 177.9 / min 177.5 ns
59.227,1.441005,182.579
[time 1.19 s, user 1.51 s, sys 0.17 s, maxrss 137644 KB]
[busy 177 jiffies]
[exit 0]
--- lexindex routed1024   load 0.78 1.03 0.97
1000000 keys
lexindex DictIndex block 1024 routed: build 56 ms, size 1.114 MiB (1.168 B/key), latency cold 178.2 ns, then mean 178.2 / min 178.1 ns
55.728,1.113975,178.201
[time 1.18 s, user 1.36 s, sys 0.09 s, maxrss 127148 KB]
[busy 149 jiffies]
[exit 0]
--- lexindex string   load 0.78 1.03 0.97
1000000 keys
lexindex StringIndex: build 137 ms, size 0.000 MiB (0.000 B/key), latency cold 84.2 ns, then mean 84.0 / min 83.9 ns
136.544,0.000287,84.192
[time 0.87 s, user 0.81 s, sys 0.05 s, maxrss 115508 KB]
[busy 88 jiffies]
[exit 0]
--- lexindex hashed0   load 0.78 1.03 0.97
1000000 keys
lexindex HashedDictIndex closed: build 141 ms, size 3.578 MiB (3.752 B/key), latency cold 13.3 ns, then mean 12.0 / min 12.0 ns
140.874,3.577960,13.334
[time 0.60 s, user 0.95 s, sys 0.16 s, maxrss 150200 KB]
[busy 118 jiffies]
[exit 0]
--- lexindex hashed8   load 0.80 1.03 0.97
1000000 keys
lexindex HashedDictIndex fp=8: build 146 ms, size 4.532 MiB (4.752 B/key), latency cold 18.9 ns, then mean 16.0 / min 15.9 ns
146.499,4.531634,18.948
[time 0.63 s, user 0.98 s, sys 0.19 s, maxrss 151884 KB]
[busy 122 jiffies]
[exit 0]
--- lexindex hashed16   load 0.80 1.03 0.97
1000000 keys
lexindex HashedDictIndex fp=16: build 141 ms, size 5.485 MiB (5.752 B/key), latency cold 20.0 ns, then mean 16.1 / min 16.0 ns
141.078,5.485309,20.006
[time 0.62 s, user 0.99 s, sys 0.17 s, maxrss 151216 KB]
[busy 123 jiffies]
[exit 0]
--- lexindex da   load 0.80 1.03 0.97
1000000 keys
lexindex DoubleArrayIndex: build 135 ms, size 7.630 MiB (8.000 B/key), latency cold 29.8 ns, then mean 22.2 / min 22.0 ns
134.846,7.629574,29.779
[time 0.63 s, user 0.54 s, sys 0.08 s, maxrss 123248 KB]
[busy 66 jiffies]
[exit 0]
--- c2 case 0 rec 0   skipped: exit 139 in round 1
--- c2 case 0 rec 1   skipped: exit 139 in round 1
--- c2 case 0 rec 2   skipped: exit 139 in round 1
--- c2 case 1 rec 0   skipped: exit 139 in round 1
--- c2 case 1 rec 1   skipped: exit 139 in round 1
--- c2 case 1 rec 2   skipped: exit 139 in round 1
--- c2 case 2 rec 0   skipped: exit 139 in round 1
--- c2 case 2 rec 1   skipped: exit 139 in round 1
--- c2 case 2 rec 2   skipped: exit 139 in round 1
--- c2 case 3 rec 0   load 0.82 1.03 0.97
[TEST FST]
Processing dataset...
Done!
Building trie...
Done!
build time: 221.274187 ms (221.274187 ns per key)
space cost: 1.445107 MB (25.731589% of original size 5.616083 MB)
Querying trie...
Done!
total time: 249.066622 ms, avg latency: 249.066622 ns
not implemented
221.274187,1.445107,249.066622
[PASSED]
[time 0.79 s, user 0.73 s, sys 0.05 s, maxrss 73864 KB]
[busy 87 jiffies]
[exit 0]
--- c2 case 4 rec 0   load 0.82 1.03 0.97
[TEST COCO]
Processing dataset...
Done!
Building trie...
num nodes = 9001, average depth = 1.000222
ef = 0.000000, pa = 0.000000, bv = 0.000111, de = 0.999889
efr = 0.000000, par = 0.000000, bvr = 0.000000, der = 0.000000
Done!
build time: 706.253474 ms (706.253474 ns per key)
space cost: 0.497188 MB (8.852927% of original size 5.616083 MB)
Querying trie...
Done!
total time: 233.348646 ms, avg latency: 233.348646 ns
not implemented
706.253474,0.497188,233.348646
[PASSED]
[time 1.30 s, user 1.06 s, sys 0.24 s, maxrss 494772 KB]
[busy 135 jiffies]
[exit 0]
--- c2 case 5 rec 0   load 0.75 1.01 0.97
[TEST MARISA]
Processing dataset...
Done!
Building trie...
Done!
build time: 145.832431 ms (145.832431 ns per key)
space cost: 1.565816 MB (27.880925% of original size 5.616083 MB)
Querying trie...
Done!
total time: 186.234041 ms, avg latency: 186.234041 ns
not implemented
145.832431,1.565816,186.234041
[PASSED]
[time 0.65 s, user 0.58 s, sys 0.07 s, maxrss 108216 KB]
[busy 68 jiffies]
[exit 0]
--- c2 case 5 rec 1   load 0.75 1.01 0.97
[TEST MARISA]
Processing dataset...
Done!
Building trie...
Done!
build time: 146.763771 ms (146.763771 ns per key)
space cost: 1.565816 MB (27.880925% of original size 5.616083 MB)
Querying trie...
Done!
total time: 186.191792 ms, avg latency: 186.191792 ns
not implemented
146.763771,1.565816,186.191792
[PASSED]
[time 0.67 s, user 0.59 s, sys 0.07 s, maxrss 108276 KB]
[busy 69 jiffies]
[exit 0]
--- c2 case 5 rec 2   load 0.75 1.01 0.97
[TEST MARISA]
Processing dataset...
Done!
Building trie...
Done!
build time: 147.293756 ms (147.293756 ns per key)
space cost: 1.565816 MB (27.880925% of original size 5.616083 MB)
Querying trie...
Done!
total time: 185.850661 ms, avg latency: 185.850661 ns
not implemented
147.293756,1.565816,185.850661
[PASSED]
[time 0.67 s, user 0.60 s, sys 0.06 s, maxrss 108256 KB]
[busy 69 jiffies]
[exit 0]
--- c2 case 6 rec 0   load 0.69 0.99 0.96
[TEST PDT]
Processing dataset...
Done!
Building trie...
dict size: 92, stream size: 296698
Done!
build time: 105.875365 ms (105.875365 ns per key)
space cost: 1.559100 MB (27.761344% of original size 5.616083 MB)
Querying trie...
Done!
total time: 392.169605 ms, avg latency: 392.169605 ns
not implemented
105.875365,1.559100,392.169605
[PASSED]
[time 0.81 s, user 0.77 s, sys 0.04 s, maxrss 90212 KB]
[busy 82 jiffies]
[exit 0]
--- c2 case 7 rec 0   load 0.69 0.99 0.96
[TEST ART]
Processing dataset...
Done!
Building trie...
Done!
build time: 57.301578 ms (57.301578 ns per key)
space cost: 20.065308 MB (357.282951% of original size 5.616083 MB)
Querying trie...
Done!
total time: 72.469992 ms, avg latency: 72.469992 ns
not implemented
57.301578,20.065308,72.469992
[PASSED]
[time 0.45 s, user 0.40 s, sys 0.05 s, maxrss 103424 KB]
[busy 50 jiffies]
[exit 0]
--- c2 case 8 rec 0   load 0.69 0.99 0.96
[TEST CART]
Processing dataset...
Done!
Building trie...
Done!
build time: 72.628179 ms (72.628179 ns per key)
space cost: 11.262885 MB (200.546979% of original size 5.616083 MB)
Querying trie...
Done!
total time: 85.672030 ms, avg latency: 85.672030 ns
not implemented
72.628179,11.262885,85.672030
[PASSED]
[time 0.48 s, user 0.42 s, sys 0.06 s, maxrss 104780 KB]
[busy 52 jiffies]
[exit 0]
--- xcdat 7   load 0.63 0.98 0.95
build time: 275.557924 ms
space cost: 5.285287 MiB (94.109841% of original size 5.616083 MiB)
avg latency: 84.052036 ns
275.557924,5.285287,84.052036
[time 0.69 s, user 0.63 s, sys 0.06 s, maxrss 90100 KB]
[busy 71 jiffies]
[exit 0]
--- xcdat 8   load 0.63 0.98 0.95
build time: 185.476748 ms
space cost: 4.607934 MiB (82.048892% of original size 5.616083 MiB)
avg latency: 96.225983 ns
185.476748,4.607934,96.225983
[time 0.61 s, user 0.54 s, sys 0.07 s, maxrss 90476 KB]
[busy 64 jiffies]
[exit 0]
--- xcdat 15   load 0.63 0.98 0.95
build time: 211.088537 ms
space cost: 6.727912 MiB (119.797228% of original size 5.616083 MiB)
avg latency: 53.529530 ns
211.088537,6.727912,53.529530
[time 0.59 s, user 0.52 s, sys 0.06 s, maxrss 90340 KB]
[busy 62 jiffies]
[exit 0]
--- xcdat 16   load 0.58 0.96 0.95
build time: 183.565527 ms
space cost: 7.181439 MiB (127.872740% of original size 5.616083 MiB)
avg latency: 67.721108 ns
183.565527,7.181439,67.721108
[time 0.59 s, user 0.53 s, sys 0.05 s, maxrss 90308 KB]
[busy 60 jiffies]
[exit 0]

##### opaque-1000000 (1000000 lines, 17000000 bytes)   round 3/3   2026-09-26T04:18:25+03:00
--- lexindex dict32   load 0.58 0.96 0.95
1000000 keys
lexindex DictIndex block 32: build 110 ms, size 10.145 MiB (10.638 B/key), latency cold 321.9 ns, then mean 318.0 / min 315.9 ns
110.401,10.144960,321.930
[time 1.81 s, user 2.52 s, sys 0.29 s, maxrss 168684 KB]
[busy 288 jiffies]
[exit 0]
--- lexindex dict256   load 0.58 0.96 0.95
1000000 keys
lexindex DictIndex block 256: build 110 ms, size 9.917 MiB (10.399 B/key), latency cold 333.4 ns, then mean 326.9 / min 324.9 ns
109.588,9.916968,333.442
[time 1.86 s, user 2.58 s, sys 0.29 s, maxrss 175464 KB]
[busy 296 jiffies]
[exit 0]
--- lexindex dict1024   load 0.62 0.96 0.95
1000000 keys
lexindex DictIndex block 1024: build 109 ms, size 9.814 MiB (10.291 B/key), latency cold 374.9 ns, then mean 366.6 / min 365.5 ns
109.002,9.813874,374.874
[time 2.02 s, user 2.40 s, sys 0.20 s, maxrss 153564 KB]
[busy 269 jiffies]
[exit 0]
--- lexindex routed32   load 0.57 0.95 0.94
1000000 keys
lexindex DictIndex block 32 routed: build 110 ms, size 10.622 MiB (11.138 B/key), latency cold 312.6 ns, then mean 305.5 / min 304.7 ns
109.951,10.621798,312.605
[time 1.77 s, user 2.47 s, sys 0.32 s, maxrss 166196 KB]
[busy 288 jiffies]
[exit 0]
--- lexindex routed256   load 0.57 0.95 0.94
1000000 keys
lexindex DictIndex block 256 routed: build 113 ms, size 10.394 MiB (10.899 B/key), latency cold 293.2 ns, then mean 287.3 / min 284.6 ns
113.168,10.393897,293.206
[time 1.69 s, user 2.42 s, sys 0.30 s, maxrss 171884 KB]
[busy 285 jiffies]
[exit 0]
--- lexindex routed1024   load 0.60 0.95 0.94
1000000 keys
lexindex DictIndex block 1024 routed: build 109 ms, size 10.052 MiB (10.541 B/key), latency cold 299.4 ns, then mean 297.8 / min 296.9 ns
109.339,10.052400,299.435
[time 1.72 s, user 2.13 s, sys 0.18 s, maxrss 148580 KB]
[busy 238 jiffies]
[exit 0]
--- lexindex string   load 0.60 0.95 0.94
1000000 keys
lexindex StringIndex: build 1073 ms, size 20.443 MiB (21.436 B/key), latency cold 292.5 ns, then mean 290.6 / min 287.4 ns
1072.588,20.442799,292.477
[time 2.65 s, user 2.55 s, sys 0.08 s, maxrss 152932 KB]
[busy 276 jiffies]
[exit 0]
--- lexindex hashed0   load 0.63 0.95 0.95
1000000 keys
lexindex HashedDictIndex closed: build 203 ms, size 12.530 MiB (13.139 B/key), latency cold 46.8 ns, then mean 44.6 / min 44.4 ns
203.179,12.530238,46.802
[time 0.80 s, user 1.62 s, sys 0.27 s, maxrss 172756 KB]
[busy 195 jiffies]
[exit 0]
--- lexindex hashed8   load 0.63 0.95 0.95
1000000 keys
lexindex HashedDictIndex fp=8: build 201 ms, size 13.484 MiB (14.139 B/key), latency cold 55.5 ns, then mean 54.4 / min 53.8 ns
200.948,13.483912,55.467
[time 0.84 s, user 1.61 s, sys 0.28 s, maxrss 171564 KB]
[busy 192 jiffies]
[exit 0]
--- lexindex hashed16   load 0.66 0.95 0.95
1000000 keys
lexindex HashedDictIndex fp=16: build 203 ms, size 14.438 MiB (15.139 B/key), latency cold 57.0 ns, then mean 53.9 / min 53.5 ns
202.661,14.437587,56.996
[time 0.85 s, user 1.61 s, sys 0.30 s, maxrss 171840 KB]
[busy 199 jiffies]
[exit 0]
--- lexindex da   skipped: exit 3 in round 1
--- c2 case 0 rec 0   load 0.66 0.95 0.95
[TEST C2-FST]
Processing dataset...
Done!
Building trie...
Done!
build time: 1085.625419 ms (1085.625419 ns per key)
space cost: 16.922257 MB (110.901706% of original size 15.258789 MB)
Querying trie...
Done!
total time: 391.964468 ms, avg latency: 391.964468 ns
topology: 0.743332 MB, link: 3.012292 MB, data: 13.166634 MB
--- Unary Path Analysis (FST, cutoff=4) ---
  shared unary steps in main trie: 1041
  terminal suffixes: inplace=0 (avg len=0.00)  links=1000000 (100.0% of terminal)
  link len: avg=10.96  max=12  total_chars=10963783
  link length distribution (len:count):  9:6  10:856  11:56569  12:920487  13:22082
1085.625419,16.922257,391.964468
[PASSED]
[time 2.13 s, user 1.98 s, sys 0.13 s, maxrss 250064 KB]
[busy 220 jiffies]
[exit 0]
--- c2 case 0 rec 1   load 0.69 0.95 0.95
[TEST C2-FST]
Processing dataset...
Done!
Building trie...
trie size: 4.316751 MB
Done!
build time: 1976.839361 ms (1976.839361 ns per key)
space cost: 16.922257 MB (110.901706% of original size 15.258789 MB)
Querying trie...
Done!
total time: 392.016225 ms, avg latency: 392.016225 ns
topology: 0.743332 MB, link: 3.012292 MB, data: 13.166634 MB
--- Unary Path Analysis (FST, cutoff=4) ---
  shared unary steps in main trie: 1041
  terminal suffixes: inplace=0 (avg len=0.00)  links=1000000 (100.0% of terminal)
  link len: avg=10.96  max=12  total_chars=10963783
  link length distribution (len:count):  9:6  10:856  11:56569  12:920487  13:22082
1976.839361,16.922257,392.016225
[PASSED]
[time 3.04 s, user 2.80 s, sys 0.22 s, maxrss 311504 KB]
[busy 317 jiffies]
[exit 0]
--- c2 case 0 rec 2   load 0.72 0.95 0.95
[TEST C2-FST]
Processing dataset...
Done!
Building trie...
trie size: 4.316751 MB
Done!
build time: 1976.468725 ms (1976.468725 ns per key)
space cost: 16.922257 MB (110.901706% of original size 15.258789 MB)
Querying trie...
Done!
total time: 394.151569 ms, avg latency: 394.151569 ns
topology: 0.743332 MB, link: 3.012292 MB, data: 13.166634 MB
--- Unary Path Analysis (FST, cutoff=4) ---
  shared unary steps in main trie: 1041
  terminal suffixes: inplace=0 (avg len=0.00)  links=1000000 (100.0% of terminal)
  link len: avg=10.96  max=12  total_chars=10963783
  link length distribution (len:count):  9:6  10:856  11:56569  12:920487  13:22082
1976.468725,16.922257,394.151569
[PASSED]
[time 3.04 s, user 2.81 s, sys 0.20 s, maxrss 311428 KB]
[busy 312 jiffies]
[exit 0]
--- c2 case 1 rec 0   load 0.72 0.95 0.95
[TEST C2-CoCo(LOUDS-Sparse)]
Processing dataset...
Done!
Building trie...
Done!
build time: 1350.791565 ms (1350.791565 ns per key)
space cost: 16.089285 MB (105.442735% of original size 15.258789 MB)
Querying trie...
Done!
total time: 533.713195 ms, avg latency: 533.713195 ns
topology: 0.346626 MB, link: 3.175570 MB, data: 12.567089 MB
1350.791565,16.089285,533.713195
[PASSED]
[time 2.54 s, user 2.35 s, sys 0.18 s, maxrss 357304 KB]
[busy 262 jiffies]
[exit 0]
--- c2 case 1 rec 1   load 0.74 0.95 0.95
[TEST C2-CoCo(LOUDS-Sparse)]
Processing dataset...
Done!
Building trie...
trie size: 4.316751 MB
Done!
build time: 2237.290798 ms (2237.290798 ns per key)
space cost: 16.089285 MB (105.442735% of original size 15.258789 MB)
Querying trie...
Done!
total time: 529.668905 ms, avg latency: 529.668905 ns
topology: 0.346626 MB, link: 3.175570 MB, data: 12.567089 MB
2237.290798,16.089285,529.668905
[PASSED]
[time 3.42 s, user 3.15 s, sys 0.25 s, maxrss 418544 KB]
[busy 353 jiffies]
[exit 0]
--- c2 case 1 rec 2   load 0.76 0.95 0.95
[TEST C2-CoCo(LOUDS-Sparse)]
Processing dataset...
Done!
Building trie...
trie size: 4.316751 MB
Done!
build time: 2232.754643 ms (2232.754643 ns per key)
space cost: 16.089285 MB (105.442735% of original size 15.258789 MB)
Querying trie...
Done!
total time: 530.241992 ms, avg latency: 530.241992 ns
topology: 0.346626 MB, link: 3.175570 MB, data: 12.567089 MB
2232.754643,16.089285,530.241992
[PASSED]
[time 3.49 s, user 3.23 s, sys 0.24 s, maxrss 418980 KB]
[busy 359 jiffies]
[exit 0]
--- c2 case 2 rec 0   load 0.78 0.95 0.95
[TEST C2-MARISA]
Processing dataset...
Done!
Building trie...
trie size: 1.836515 MB
Done!
build time: 980.244544 ms (980.244544 ns per key)
space cost: 16.609414 MB (108.851456% of original size 15.258789 MB)
Querying trie...
Done!
total time: 327.826243 ms, avg latency: 327.826243 ns
topology: 0.607349 MB, link: 2.863268 MB, data: 13.118289 MB
--- Unary Path Analysis (Marisa, cutoff=3) ---
  branches: 1267337  |  single-char: 266306 (21.0%)  short-unary: 1021 (0.1%)  links: 1000010 (78.9%)
  link len: avg=12.96  max=14  total_chars=12963813
  link length distribution (len:count):  3:10  10:6  11:856  12:56569  13:920487  14:22082
  short unary avg len: 2.00
980.244544,16.609414,327.826243
[PASSED]
[time 1.97 s, user 1.82 s, sys 0.14 s, maxrss 236748 KB]
[busy 201 jiffies]
[exit 0]
--- c2 case 2 rec 1   load 0.72 0.94 0.94
[TEST C2-MARISA]
Processing dataset...
Done!
Building trie...
trie size: 1.836515 MB
trie size: 4.316792 MB
Done!
build time: 2003.128492 ms (2003.128492 ns per key)
space cost: 16.609414 MB (108.851456% of original size 15.258789 MB)
Querying trie...
Done!
total time: 328.984370 ms, avg latency: 328.984370 ns
topology: 0.607349 MB, link: 2.863268 MB, data: 13.118289 MB
--- Unary Path Analysis (Marisa, cutoff=3) ---
  branches: 1267337  |  single-char: 266306 (21.0%)  short-unary: 1021 (0.1%)  links: 1000010 (78.9%)
  link len: avg=12.96  max=14  total_chars=12963813
  link length distribution (len:count):  3:10  10:6  11:856  12:56569  13:920487  14:22082
  short unary avg len: 2.00
2003.128492,16.609414,328.984370
[PASSED]
[time 2.99 s, user 2.78 s, sys 0.19 s, maxrss 283916 KB]
[busy 308 jiffies]
[exit 0]
--- c2 case 2 rec 2   load 0.72 0.94 0.94
[TEST C2-MARISA]
Processing dataset...
Done!
Building trie...
trie size: 1.836515 MB
trie size: 4.316792 MB
Done!
build time: 2025.341834 ms (2025.341834 ns per key)
space cost: 16.609414 MB (108.851456% of original size 15.258789 MB)
Querying trie...
Done!
total time: 329.665370 ms, avg latency: 329.665370 ns
topology: 0.607349 MB, link: 2.863268 MB, data: 13.118289 MB
--- Unary Path Analysis (Marisa, cutoff=3) ---
  branches: 1267337  |  single-char: 266306 (21.0%)  short-unary: 1021 (0.1%)  links: 1000010 (78.9%)
  link len: avg=12.96  max=14  total_chars=12963813
  link length distribution (len:count):  3:10  10:6  11:856  12:56569  13:920487  14:22082
  short unary avg len: 2.00
2025.341834,16.609414,329.665370
[PASSED]
[time 3.01 s, user 2.80 s, sys 0.19 s, maxrss 283836 KB]
[busy 314 jiffies]
[exit 0]
--- c2 case 3 rec 0   load 0.74 0.94 0.94
[TEST FST]
Processing dataset...
Done!
Building trie...
Done!
build time: 654.031942 ms (654.031942 ns per key)
space cost: 16.760878 MB (109.844088% of original size 15.258789 MB)
Querying trie...
Done!
total time: 346.966741 ms, avg latency: 346.966741 ns
not implemented
654.031942,16.760878,346.966741
[PASSED]
[time 1.65 s, user 1.55 s, sys 0.09 s, maxrss 147184 KB]
[busy 172 jiffies]
[exit 0]
--- c2 case 4 rec 0   load 0.68 0.92 0.94
[TEST COCO]
Processing dataset...
Done!
Building trie...
num nodes = 4097, average depth = 12.997071
ef = 0.000000, pa = 0.000000, bv = 0.000000, de = 0.000000
efr = 0.000000, par = 0.999756, bvr = 0.000244, der = 0.000000
Done!
build time: 17392.570900 ms (17392.570900 ns per key)
space cost: 10.595579 MB (69.439184% of original size 15.258789 MB)
Querying trie...
Done!
total time: 470.169107 ms, avg latency: 470.169107 ns
not implemented
17392.570900,10.595579,470.169107
[PASSED]
[time 19.31 s, user 14.37 s, sys 4.86 s, maxrss 11388896 KB]
[busy 1983 jiffies]
[exit 0]
--- c2 case 5 rec 0   load 0.77 0.93 0.94
[TEST MARISA]
Processing dataset...
Done!
Building trie...
Done!
build time: 475.196494 ms (475.196494 ns per key)
space cost: 17.200768 MB (112.726950% of original size 15.258789 MB)
Querying trie...
Done!
total time: 458.203211 ms, avg latency: 458.203211 ns
not implemented
475.196494,17.200768,458.203211
[PASSED]
[time 1.58 s, user 1.45 s, sys 0.12 s, maxrss 194756 KB]
[busy 166 jiffies]
[exit 0]
--- c2 case 5 rec 1   load 0.77 0.93 0.94
[TEST MARISA]
Processing dataset...
Done!
Building trie...
Done!
build time: 741.176118 ms (741.176118 ns per key)
space cost: 17.634758 MB (115.571150% of original size 15.258789 MB)
Querying trie...
Done!
total time: 686.867034 ms, avg latency: 686.867034 ns
not implemented
741.176118,17.634758,686.867034
[PASSED]
[time 2.08 s, user 1.94 s, sys 0.13 s, maxrss 185412 KB]
[busy 215 jiffies]
[exit 0]
--- c2 case 5 rec 2   load 0.79 0.93 0.94
[TEST MARISA]
Processing dataset...
Done!
Building trie...
Done!
build time: 960.898940 ms (960.898940 ns per key)
space cost: 17.949429 MB (117.633375% of original size 15.258789 MB)
Querying trie...
Done!
total time: 980.859198 ms, avg latency: 980.859198 ns
not implemented
960.898940,17.949429,980.859198
[PASSED]
[time 2.60 s, user 2.44 s, sys 0.14 s, maxrss 225676 KB]
[busy 271 jiffies]
[exit 0]
--- c2 case 6 rec 0   load 0.73 0.92 0.93
[TEST PDT]
Processing dataset...
Done!
Building trie...
dict size: 177882, stream size: 12826382
Done!
build time: 16215.395094 ms (16215.395094 ns per key)
space cost: 13.677892 MB (89.639431% of original size 15.258789 MB)
Querying trie...
Done!
total time: 596.462150 ms, avg latency: 596.462150 ns
not implemented
16215.395094,13.677892,596.462150
[PASSED]
[time 17.45 s, user 17.17 s, sys 0.21 s, maxrss 361156 KB]
[busy 1799 jiffies]
[exit 0]
--- c2 case 7 rec 0   load 0.79 0.92 0.94
[TEST ART]
Processing dataset...
Done!
Building trie...
Done!
build time: 142.809811 ms (142.809811 ns per key)
space cost: 30.301407 MB (198.583300% of original size 15.258789 MB)
Querying trie...
Done!
total time: 180.652884 ms, avg latency: 180.652884 ns
not implemented
142.809811,30.301407,180.652884
[PASSED]
[time 1.00 s, user 0.89 s, sys 0.10 s, maxrss 178848 KB]
[busy 108 jiffies]
[exit 0]
--- c2 case 8 rec 0   load 0.81 0.92 0.94
[TEST CART]
Processing dataset...
Done!
Building trie...
Done!
build time: 164.178295 ms (164.178295 ns per key)
space cost: 11.383729 MB (74.604406% of original size 15.258789 MB)
Querying trie...
Done!
total time: 228.379469 ms, avg latency: 228.379469 ns
not implemented
164.178295,11.383729,228.379469
[PASSED]
[time 1.08 s, user 0.98 s, sys 0.08 s, maxrss 160948 KB]
[busy 113 jiffies]
[exit 0]
--- xcdat 7   load 0.81 0.92 0.94
build time: 670.151673 ms
space cost: 19.932177 MiB (130.627512% of original size 15.258789 MiB)
avg latency: 233.282221 ns
670.151673,19.932177,233.282221
[time 1.59 s, user 1.47 s, sys 0.11 s, maxrss 173112 KB]
[busy 167 jiffies]
[exit 0]
--- xcdat 8   load 0.74 0.91 0.93
build time: 644.751072 ms
space cost: 18.565336 MiB (121.669787% of original size 15.258789 MiB)
avg latency: 216.905166 ns
644.751072,18.565336,216.905166
[time 1.56 s, user 1.44 s, sys 0.10 s, maxrss 179708 KB]
[busy 164 jiffies]
[exit 0]
--- xcdat 15   load 0.74 0.91 0.93
build time: 659.412012 ms
space cost: 19.094490 MiB (125.137650% of original size 15.258789 MiB)
avg latency: 206.287484 ns
659.412012,19.094490,206.287484
[time 1.55 s, user 1.43 s, sys 0.11 s, maxrss 181040 KB]
[busy 162 jiffies]
[exit 0]
--- xcdat 16   load 0.68 0.89 0.93
build time: 643.170141 ms
space cost: 19.227987 MiB (126.012538% of original size 15.258789 MiB)
avg latency: 211.149791 ns
643.170141,19.227987,211.149791
[time 1.55 s, user 1.43 s, sys 0.10 s, maxrss 180004 KB]
[busy 162 jiffies]
[exit 0]

##### paths-1000000 (1000000 lines, 59358139 bytes)   round 3/3   2026-09-26T04:20:31+03:00
--- lexindex dict32   load 0.68 0.89 0.93
1000000 keys
lexindex DictIndex block 32: build 258 ms, size 7.889 MiB (8.272 B/key), latency cold 560.3 ns, then mean 546.8 / min 544.9 ns
258.129,7.888713,560.318
[time 3.06 s, user 5.01 s, sys 0.39 s, maxrss 277372 KB]
[busy 555 jiffies]
[exit 0]
--- lexindex dict256   load 0.71 0.89 0.93
1000000 keys
lexindex DictIndex block 256: build 263 ms, size 6.536 MiB (6.854 B/key), latency cold 553.1 ns, then mean 552.4 / min 548.1 ns
262.863,6.536199,553.150
[time 3.07 s, user 5.06 s, sys 0.40 s, maxrss 260616 KB]
[busy 564 jiffies]
[exit 0]
--- lexindex dict1024   load 0.73 0.89 0.93
1000000 keys
lexindex DictIndex block 1024: build 289 ms, size 6.209 MiB (6.511 B/key), latency cold 605.4 ns, then mean 603.5 / min 601.4 ns
289.024,6.209176,605.373
[time 3.31 s, user 4.53 s, sys 0.34 s, maxrss 278768 KB]
[busy 500 jiffies]
[exit 0]
--- lexindex routed32   load 0.67 0.88 0.92
1000000 keys
lexindex DictIndex block 32 routed: build 265 ms, size 8.366 MiB (8.772 B/key), latency cold 532.3 ns, then mean 530.4 / min 527.4 ns
265.095,8.365550,532.330
[time 3.00 s, user 4.96 s, sys 0.39 s, maxrss 277180 KB]
[busy 547 jiffies]
[exit 0]
--- lexindex routed256   load 0.67 0.88 0.92
1000000 keys
lexindex DictIndex block 256 routed: build 266 ms, size 7.013 MiB (7.354 B/key), latency cold 536.2 ns, then mean 534.9 / min 531.3 ns
266.494,7.013127,536.169
[time 3.01 s, user 5.05 s, sys 0.38 s, maxrss 266472 KB]
[busy 557 jiffies]
[exit 0]
--- lexindex routed1024   load 0.62 0.86 0.92
1000000 keys
lexindex DictIndex block 1024 routed: build 292 ms, size 6.448 MiB (6.761 B/key), latency cold 588.1 ns, then mean 586.5 / min 583.9 ns
291.672,6.447701,588.100
[time 3.24 s, user 4.50 s, sys 0.30 s, maxrss 284772 KB]
[busy 492 jiffies]
[exit 0]
--- lexindex string   load 0.65 0.87 0.92
1000000 keys
lexindex StringIndex: build 888 ms, size 10.366 MiB (10.870 B/key), latency cold 495.2 ns, then mean 491.5 / min 490.2 ns
888.103,10.366158,495.231
[time 3.45 s, user 3.31 s, sys 0.12 s, maxrss 235788 KB]
[busy 354 jiffies]
[exit 0]
--- lexindex hashed0   load 0.68 0.87 0.92
1000000 keys
lexindex HashedDictIndex closed: build 379 ms, size 9.149 MiB (9.594 B/key), latency cold 60.3 ns, then mean 59.2 / min 58.7 ns
378.956,9.149382,60.271
[time 1.21 s, user 3.26 s, sys 0.42 s, maxrss 268380 KB]
[busy 379 jiffies]
[exit 0]
--- lexindex hashed8   load 0.68 0.87 0.92
1000000 keys
lexindex HashedDictIndex fp=8: build 375 ms, size 10.103 MiB (10.594 B/key), latency cold 72.4 ns, then mean 71.0 / min 70.3 ns
375.157,10.103056,72.354
[time 1.26 s, user 3.30 s, sys 0.41 s, maxrss 268324 KB]
[busy 385 jiffies]
[exit 0]
--- lexindex hashed16   load 0.62 0.85 0.91
1000000 keys
lexindex HashedDictIndex fp=16: build 378 ms, size 11.057 MiB (11.594 B/key), latency cold 73.6 ns, then mean 72.6 / min 72.4 ns
378.256,11.056730,73.581
[time 1.27 s, user 3.36 s, sys 0.36 s, maxrss 275200 KB]
[busy 381 jiffies]
[exit 0]
--- lexindex da   skipped: exit 3 in round 1
--- c2 case 0 rec 0   load 0.62 0.85 0.91
[TEST C2-FST]
Processing dataset...
Done!
Building trie...
Done!
build time: 1115.952905 ms (1115.952905 ns per key)
space cost: 10.677848 MB (19.185901% of original size 55.654658 MB)
Querying trie...
Done!
total time: 1218.821110 ms, avg latency: 1218.821110 ns
topology: 1.512909 MB, link: 2.183862 MB, data: 6.981077 MB
--- Unary Path Analysis (FST, cutoff=4) ---
  shared unary steps in main trie: 1983898
  terminal suffixes: inplace=155036 (avg len=2.03)  links=775026 (83.3% of terminal)
  link len: avg=9.81  max=128  total_chars=7602444
  link length distribution (len:count):  4:63662  5:73939  6:69531  7:88678  8:71526  9:52778  10:51773  11:44074  12:39713  13:31763  14:26712  15:22182  16:18455  17:22937  18:16541  19:12402  20:10319  21:8136  22:6539  23:6401  24:4377  25:3649  26:3160  27:3721  28:2559  29:1865  30:1985  31:1339  32:1222  33:997  34:1398  35:1349  36:841  37:575  38:604  39:530  40:470  41:758  42:1158  43:1471  44:308  45:277  46:258  47:317  48:236  49:197  50:181  51:216  52:108  53:92  54:67  55:72  56:56  57:66  58:37  59:33  60:19  61:34  62:14  63:20  64:25  65:11  66:17  67:20  68:11  69:14  70:14  71:20  72:13  73:15  74:14  75:14  76:8  77:11  78:18  79:34  80:20  81:7  82:8  83:2  85:4  86:2  87:2  88:1  90:2  91:4  92:1  93:2  96:2  97:1  98:1  99:3  102:1  104:1  108:1  110:1  111:1  129:3
1115.952905,10.677848,1218.821110
[PASSED]
[time 3.16 s, user 2.96 s, sys 0.18 s, maxrss 258144 KB]
[busy 327 jiffies]
[exit 0]
--- c2 case 0 rec 1   load 0.65 0.86 0.91
[TEST C2-FST]
Processing dataset...
Done!
Building trie...
trie size: 2.433954 MB
Done!
build time: 1298.364063 ms (1298.364063 ns per key)
space cost: 9.494965 MB (17.060503% of original size 55.654658 MB)
Querying trie...
Done!
total time: 1367.563509 ms, avg latency: 1367.563509 ns
topology: 1.739155 MB, link: 2.123735 MB, data: 5.632074 MB
--- Unary Path Analysis (FST, cutoff=4) ---
  shared unary steps in main trie: 1983898
  terminal suffixes: inplace=155036 (avg len=2.03)  links=775026 (83.3% of terminal)
  link len: avg=9.81  max=128  total_chars=7602444
  link length distribution (len:count):  4:63662  5:73939  6:69531  7:88678  8:71526  9:52778  10:51773  11:44074  12:39713  13:31763  14:26712  15:22182  16:18455  17:22937  18:16541  19:12402  20:10319  21:8136  22:6539  23:6401  24:4377  25:3649  26:3160  27:3721  28:2559  29:1865  30:1985  31:1339  32:1222  33:997  34:1398  35:1349  36:841  37:575  38:604  39:530  40:470  41:758  42:1158  43:1471  44:308  45:277  46:258  47:317  48:236  49:197  50:181  51:216  52:108  53:92  54:67  55:72  56:56  57:66  58:37  59:33  60:19  61:34  62:14  63:20  64:25  65:11  66:17  67:20  68:11  69:14  70:14  71:20  72:13  73:15  74:14  75:14  76:8  77:11  78:18  79:34  80:20  81:7  82:8  83:2  85:4  86:2  87:2  88:1  90:2  91:4  92:1  93:2  96:2  97:1  98:1  99:3  102:1  104:1  108:1  110:1  111:1  129:3
1298.364063,9.494965,1367.563509
[PASSED]
[time 3.49 s, user 3.27 s, sys 0.20 s, maxrss 258056 KB]
[busy 359 jiffies]
[exit 0]
--- c2 case 0 rec 2   load 0.68 0.86 0.91
[TEST C2-FST]
Processing dataset...
Done!
Building trie...
trie size: 2.433954 MB
trie size: 0.408309 MB
Done!
build time: 1349.830997 ms (1349.830997 ns per key)
space cost: 9.494965 MB (17.060503% of original size 55.654658 MB)
Querying trie...
Done!
total time: 1364.916476 ms, avg latency: 1364.916476 ns
topology: 1.739155 MB, link: 2.123735 MB, data: 5.632074 MB
--- Unary Path Analysis (FST, cutoff=4) ---
  shared unary steps in main trie: 1983898
  terminal suffixes: inplace=155036 (avg len=2.03)  links=775026 (83.3% of terminal)
  link len: avg=9.81  max=128  total_chars=7602444
  link length distribution (len:count):  4:63662  5:73939  6:69531  7:88678  8:71526  9:52778  10:51773  11:44074  12:39713  13:31763  14:26712  15:22182  16:18455  17:22937  18:16541  19:12402  20:10319  21:8136  22:6539  23:6401  24:4377  25:3649  26:3160  27:3721  28:2559  29:1865  30:1985  31:1339  32:1222  33:997  34:1398  35:1349  36:841  37:575  38:604  39:530  40:470  41:758  42:1158  43:1471  44:308  45:277  46:258  47:317  48:236  49:197  50:181  51:216  52:108  53:92  54:67  55:72  56:56  57:66  58:37  59:33  60:19  61:34  62:14  63:20  64:25  65:11  66:17  67:20  68:11  69:14  70:14  71:20  72:13  73:15  74:14  75:14  76:8  77:11  78:18  79:34  80:20  81:7  82:8  83:2  85:4  86:2  87:2  88:1  90:2  91:4  92:1  93:2  96:2  97:1  98:1  99:3  102:1  104:1  108:1  110:1  111:1  129:3
1349.830997,9.494965,1364.916476
[PASSED]
[time 3.54 s, user 3.34 s, sys 0.18 s, maxrss 258316 KB]
[busy 362 jiffies]
[exit 0]
--- c2 case 1 rec 0   load 0.71 0.86 0.91
[TEST C2-CoCo(LOUDS-Sparse)]
Processing dataset...
Done!
Building trie...
Done!
build time: 3938.698932 ms (3938.698932 ns per key)
space cost: 10.850550 MB (19.496212% of original size 55.654658 MB)
Querying trie...
Done!
total time: 1161.321108 ms, avg latency: 1161.321108 ns
topology: 0.452286 MB, link: 3.359728 MB, data: 7.038537 MB
3938.698932,10.850550,1161.321108
[PASSED]
[time 5.92 s, user 5.58 s, sys 0.31 s, maxrss 511960 KB]
[busy 607 jiffies]
[exit 0]
--- c2 case 1 rec 1   load 0.73 0.86 0.91
[TEST C2-CoCo(LOUDS-Sparse)]
Processing dataset...
Done!
Building trie...
trie size: 2.433954 MB
Done!
build time: 4094.101859 ms (4094.101859 ns per key)
space cost: 9.667667 MB (17.370814% of original size 55.654658 MB)
Querying trie...
Done!
total time: 1261.260279 ms, avg latency: 1261.260279 ns
topology: 0.678532 MB, link: 3.299602 MB, data: 5.689534 MB
4094.101859,9.667667,1261.260279
[PASSED]
[time 6.17 s, user 5.82 s, sys 0.32 s, maxrss 511876 KB]
[busy 635 jiffies]
[exit 0]
--- c2 case 1 rec 2   load 0.77 0.87 0.91
[TEST C2-CoCo(LOUDS-Sparse)]
Processing dataset...
Done!
Building trie...
trie size: 2.433954 MB
trie size: 0.408309 MB
Done!
build time: 4142.731220 ms (4142.731220 ns per key)
space cost: 9.667667 MB (17.370814% of original size 55.654658 MB)
Querying trie...
Done!
total time: 1262.688894 ms, avg latency: 1262.688894 ns
topology: 0.678532 MB, link: 3.299602 MB, data: 5.689534 MB
4142.731220,9.667667,1262.688894
[PASSED]
[time 6.22 s, user 5.91 s, sys 0.29 s, maxrss 511820 KB]
[busy 641 jiffies]
[exit 0]
--- c2 case 2 rec 0   load 0.79 0.87 0.92
[TEST C2-MARISA]
Processing dataset...
Done!
Building trie...
trie size: 2.379500 MB
Done!
build time: 1266.022539 ms (1266.022539 ns per key)
space cost: 9.142673 MB (16.427506% of original size 55.654658 MB)
Querying trie...
Done!
total time: 636.110478 ms, avg latency: 636.110478 ns
topology: 0.788380 MB, link: 3.028383 MB, data: 5.305402 MB
--- Unary Path Analysis (Marisa, cutoff=3) ---
  branches: 1624370  |  single-char: 364657 (22.4%)  short-unary: 105835 (6.5%)  links: 1153878 (71.0%)
  link len: avg=10.16  max=130  total_chars=11724159
  link length distribution (len:count):  3:86064  4:95323  5:99308  6:104992  7:95461  8:108108  9:90737  10:64624  11:60242  12:50948  13:45360  14:36727  15:31143  16:26922  17:21639  18:24976  19:18225  20:13819  21:11536  22:9190  23:7326  24:7075  25:5058  26:4084  27:3561  28:4082  29:2881  30:2128  31:2425  32:1998  33:1765  34:1248  35:1581  36:1516  37:1026  38:745  39:954  40:1077  41:823  42:929  43:1258  44:1550  45:383  46:326  47:319  48:359  49:278  50:229  51:212  52:245  53:136  54:111  55:80  56:86  57:71  58:74  59:40  60:37  61:20  62:40  63:19  64:21  65:31  66:12  67:22  68:22  69:12  70:15  71:16  72:21  73:14  74:16  75:15  76:14  77:8  78:13  79:18  80:34  81:21  82:7  83:8  84:2  86:4  87:2  88:3  89:2  90:1  91:3  92:4  93:1  94:2  97:2  98:1  99:1  100:3  103:1  105:1  109:1  111:1  112:1  130:3
  short unary avg len: 2.00
1266.022539,9.142673,636.110478
[PASSED]
[time 2.73 s, user 2.51 s, sys 0.20 s, maxrss 246412 KB]
[busy 281 jiffies]
[exit 0]
--- c2 case 2 rec 1   load 0.81 0.87 0.92
[TEST C2-MARISA]
Processing dataset...
Done!
Building trie...
trie size: 2.379500 MB
trie size: 3.728127 MB
Done!
build time: 1508.118644 ms (1508.118644 ns per key)
space cost: 7.584204 MB (13.627258% of original size 55.654658 MB)
Querying trie...
Done!
total time: 1001.571515 ms, avg latency: 1001.571515 ns
topology: 1.114113 MB, link: 3.112300 MB, data: 3.337283 MB
--- Unary Path Analysis (Marisa, cutoff=3) ---
  branches: 1624370  |  single-char: 364657 (22.4%)  short-unary: 105835 (6.5%)  links: 1153878 (71.0%)
  link len: avg=10.16  max=130  total_chars=11724159
  link length distribution (len:count):  3:86064  4:95323  5:99308  6:104992  7:95461  8:108108  9:90737  10:64624  11:60242  12:50948  13:45360  14:36727  15:31143  16:26922  17:21639  18:24976  19:18225  20:13819  21:11536  22:9190  23:7326  24:7075  25:5058  26:4084  27:3561  28:4082  29:2881  30:2128  31:2425  32:1998  33:1765  34:1248  35:1581  36:1516  37:1026  38:745  39:954  40:1077  41:823  42:929  43:1258  44:1550  45:383  46:326  47:319  48:359  49:278  50:229  51:212  52:245  53:136  54:111  55:80  56:86  57:71  58:74  59:40  60:37  61:20  62:40  63:19  64:21  65:31  66:12  67:22  68:22  69:12  70:15  71:16  72:21  73:14  74:16  75:15  76:14  77:8  78:13  79:18  80:34  81:21  82:7  83:8  84:2  86:4  87:2  88:3  89:2  90:1  91:3  92:4  93:1  94:2  97:2  98:1  99:1  100:3  103:1  105:1  109:1  111:1  112:1  130:3
  short unary avg len: 2.00
1508.118644,7.584204,1001.571515
[PASSED]
[time 3.31 s, user 3.14 s, sys 0.16 s, maxrss 231012 KB]
[busy 342 jiffies]
[exit 0]
--- c2 case 2 rec 2   load 0.82 0.88 0.92
[TEST C2-MARISA]
Processing dataset...
Done!
Building trie...
trie size: 2.379500 MB
trie size: 3.728127 MB
trie size: 0.593370 MB
Done!
build time: 1582.070501 ms (1582.070501 ns per key)
space cost: 7.584204 MB (13.627258% of original size 55.654658 MB)
Querying trie...
Done!
total time: 1008.319736 ms, avg latency: 1008.319736 ns
topology: 1.114113 MB, link: 3.112300 MB, data: 3.337283 MB
--- Unary Path Analysis (Marisa, cutoff=3) ---
  branches: 1624370  |  single-char: 364657 (22.4%)  short-unary: 105835 (6.5%)  links: 1153878 (71.0%)
  link len: avg=10.16  max=130  total_chars=11724159
  link length distribution (len:count):  3:86064  4:95323  5:99308  6:104992  7:95461  8:108108  9:90737  10:64624  11:60242  12:50948  13:45360  14:36727  15:31143  16:26922  17:21639  18:24976  19:18225  20:13819  21:11536  22:9190  23:7326  24:7075  25:5058  26:4084  27:3561  28:4082  29:2881  30:2128  31:2425  32:1998  33:1765  34:1248  35:1581  36:1516  37:1026  38:745  39:954  40:1077  41:823  42:929  43:1258  44:1550  45:383  46:326  47:319  48:359  49:278  50:229  51:212  52:245  53:136  54:111  55:80  56:86  57:71  58:74  59:40  60:37  61:20  62:40  63:19  64:21  65:31  66:12  67:22  68:22  69:12  70:15  71:16  72:21  73:14  74:16  75:15  76:14  77:8  78:13  79:18  80:34  81:21  82:7  83:8  84:2  86:4  87:2  88:3  89:2  90:1  91:3  92:4  93:1  94:2  97:2  98:1  99:1  100:3  103:1  105:1  109:1  111:1  112:1  130:3
  short unary avg len: 2.00
1582.070501,7.584204,1008.319736
[PASSED]
[time 3.40 s, user 3.21 s, sys 0.17 s, maxrss 231004 KB]
[busy 350 jiffies]
[exit 0]
--- c2 case 3 rec 0   load 0.84 0.88 0.92
[TEST FST]
Processing dataset...
Done!
Building trie...
Done!
build time: 1737.729577 ms (1737.729577 ns per key)
space cost: 10.595835 MB (19.038541% of original size 55.654658 MB)
Querying trie...
Done!
total time: 2233.488273 ms, avg latency: 2233.488273 ns
not implemented
1737.729577,10.595835,2233.488273
[PASSED]
[time 4.79 s, user 4.63 s, sys 0.14 s, maxrss 223816 KB]
[busy 494 jiffies]
[exit 0]
--- c2 case 4 rec 0   load 0.85 0.88 0.92
[TEST COCO]
Processing dataset...
Done!
Building trie...
num nodes = 402454, average depth = 9.995585
ef = 0.000169, pa = 0.212941, bv = 0.000770, de = 0.549568
efr = 0.000959, par = 0.190315, bvr = 0.000032, der = 0.045245
Done!
build time: 24276.498344 ms (24276.498344 ns per key)
space cost: 14.335197 MB (25.757407% of original size 55.654658 MB)
Querying trie...
Done!
total time: 1068.339122 ms, avg latency: 1068.339122 ns
not implemented
24276.498344,14.335197,1068.339122
[PASSED]
[time 27.02 s, user 21.39 s, sys 5.52 s, maxrss 12688628 KB]
[busy 2778 jiffies]
[exit 0]
--- c2 case 5 rec 0   load 0.83 0.88 0.91
[TEST MARISA]
Processing dataset...
Done!
Building trie...
Done!
build time: 922.635843 ms (922.635843 ns per key)
space cost: 9.765432 MB (17.546478% of original size 55.654658 MB)
Querying trie...
Done!
total time: 755.546497 ms, avg latency: 755.546497 ns
not implemented
922.635843,9.765432,755.546497
[PASSED]
[time 2.45 s, user 2.28 s, sys 0.15 s, maxrss 279324 KB]
[busy 252 jiffies]
[exit 0]
--- c2 case 5 rec 1   load 0.83 0.88 0.91
[TEST MARISA]
Processing dataset...
Done!
Building trie...
Done!
build time: 1042.599062 ms (1042.599062 ns per key)
space cost: 6.956338 MB (12.499112% of original size 55.654658 MB)
Querying trie...
Done!
total time: 1284.651064 ms, avg latency: 1284.651064 ns
not implemented
1042.599062,6.956338,1284.651064
[PASSED]
[time 3.11 s, user 2.93 s, sys 0.15 s, maxrss 279160 KB]
[busy 321 jiffies]
[exit 0]
--- c2 case 5 rec 2   load 0.84 0.88 0.91
[TEST MARISA]
Processing dataset...
Done!
Building trie...
Done!
build time: 1079.787645 ms (1079.787645 ns per key)
space cost: 6.472832 MB (11.630350% of original size 55.654658 MB)
Querying trie...
Done!
total time: 1449.698814 ms, avg latency: 1449.698814 ns
not implemented
1079.787645,6.472832,1449.698814
[PASSED]
[time 3.30 s, user 3.13 s, sys 0.15 s, maxrss 279468 KB]
[busy 340 jiffies]
[exit 0]
--- c2 case 6 rec 0   load 0.86 0.88 0.92
[TEST PDT]
Processing dataset...
Done!
Building trie...
dict size: 155232, stream size: 6622105
Done!
build time: 2701.960704 ms (2701.960704 ns per key)
space cost: 7.739431 MB (13.906170% of original size 55.654658 MB)
Querying trie...
Done!
total time: 846.511794 ms, avg latency: 846.511794 ns
not implemented
2701.960704,7.739431,846.511794
[PASSED]
[time 4.34 s, user 4.15 s, sys 0.17 s, maxrss 229304 KB]
[busy 448 jiffies]
[exit 0]
--- c2 case 7 rec 0   load 0.87 0.88 0.92
[TEST ART]
Processing dataset...
Done!
Building trie...
Done!
build time: 283.854365 ms (283.854365 ns per key)
space cost: 35.506813 MB (63.798457% of original size 55.654658 MB)
Querying trie...
Done!
total time: 632.639817 ms, avg latency: 632.639817 ns
not implemented
283.854365,35.506813,632.639817
[PASSED]
[time 1.76 s, user 1.58 s, sys 0.16 s, maxrss 311000 KB]
[busy 183 jiffies]
[exit 0]
--- c2 case 8 rec 0   load 0.80 0.87 0.91
[TEST CART]
Processing dataset...
Done!
Building trie...
Done!
build time: 342.549863 ms (342.549863 ns per key)
space cost: 18.037062 MB (32.408898% of original size 55.654658 MB)
Querying trie...
Done!
total time: 664.738604 ms, avg latency: 664.738604 ns
not implemented
342.549863,18.037062,664.738604
[PASSED]
[time 1.85 s, user 1.68 s, sys 0.16 s, maxrss 300488 KB]
[busy 191 jiffies]
[exit 0]
--- xcdat 7   load 0.80 0.87 0.91
build time: 960.013621 ms
space cost: 14.567592 MiB (26.174973% of original size 55.654658 MiB)
avg latency: 485.450145 ns
960.013621,14.567592,485.450145
[time 2.26 s, user 2.08 s, sys 0.17 s, maxrss 233944 KB]
[busy 235 jiffies]
[exit 0]
--- xcdat 8   load 0.81 0.87 0.91
build time: 900.793748 ms
space cost: 14.422580 MiB (25.914416% of original size 55.654658 MiB)
avg latency: 483.175951 ns
900.793748,14.422580,483.175951
[time 2.18 s, user 1.98 s, sys 0.18 s, maxrss 233940 KB]
[busy 223 jiffies]
[exit 0]
--- xcdat 15   load 0.81 0.87 0.91
build time: 956.097883 ms
space cost: 18.773955 MiB (33.732945% of original size 55.654658 MiB)
avg latency: 454.102066 ns
956.097883,18.773955,454.102066
[time 2.21 s, user 2.02 s, sys 0.18 s, maxrss 237236 KB]
[busy 228 jiffies]
[exit 0]
--- xcdat 16   load 0.83 0.87 0.91
build time: 908.116218 ms
space cost: 19.772616 MiB (35.527334% of original size 55.654658 MiB)
avg latency: 467.205630 ns
908.116218,19.772616,467.205630
[time 2.19 s, user 1.98 s, sys 0.19 s, maxrss 237384 KB]
[busy 227 jiffies]
[exit 0]

##### pypi-full (895600 lines, 12836944 bytes)   round 3/3   2026-09-26T04:23:04+03:00
--- lexindex dict32   load 0.84 0.88 0.91
895600 keys
lexindex DictIndex block 32: build 148 ms, size 3.820 MiB (4.472 B/key), latency cold 299.0 ns, then mean 297.2 / min 295.7 ns
148.452,3.819597,299.027
[time 1.63 s, user 2.60 s, sys 0.19 s, maxrss 164160 KB]
[busy 288 jiffies]
[exit 0]
--- lexindex dict256   load 0.84 0.88 0.91
895600 keys
lexindex DictIndex block 256: build 152 ms, size 3.556 MiB (4.163 B/key), latency cold 315.7 ns, then mean 306.8 / min 305.4 ns
151.848,3.555855,315.711
[time 1.67 s, user 2.64 s, sys 0.21 s, maxrss 162252 KB]
[busy 295 jiffies]
[exit 0]
--- lexindex dict1024   load 0.86 0.88 0.91
895600 keys
lexindex DictIndex block 1024: build 170 ms, size 3.437 MiB (4.024 B/key), latency cold 383.1 ns, then mean 375.7 / min 373.8 ns
169.960,3.436601,383.143
[time 1.94 s, user 2.54 s, sys 0.17 s, maxrss 145284 KB]
[busy 279 jiffies]
[exit 0]
--- lexindex routed32   load 0.86 0.88 0.91
895600 keys
lexindex DictIndex block 32 routed: build 150 ms, size 4.247 MiB (4.972 B/key), latency cold 272.8 ns, then mean 263.1 / min 259.2 ns
149.588,4.246660,272.818
[time 1.51 s, user 2.50 s, sys 0.18 s, maxrss 163604 KB]
[busy 280 jiffies]
[exit 0]
--- lexindex routed256   load 0.87 0.88 0.91
895600 keys
lexindex DictIndex block 256 routed: build 148 ms, size 3.983 MiB (4.663 B/key), latency cold 245.9 ns, then mean 234.1 / min 233.2 ns
147.840,3.982979,245.942
[time 1.42 s, user 2.41 s, sys 0.20 s, maxrss 163700 KB]
[busy 271 jiffies]
[exit 0]
--- lexindex routed1024   load 0.87 0.88 0.91
895600 keys
lexindex DictIndex block 1024 routed: build 170 ms, size 3.650 MiB (4.274 B/key), latency cold 276.4 ns, then mean 270.1 / min 268.5 ns
170.126,3.650224,276.443
[time 1.55 s, user 2.16 s, sys 0.16 s, maxrss 149280 KB]
[busy 241 jiffies]
[exit 0]
--- lexindex string   load 1.84 1.08 0.98
895600 keys
lexindex StringIndex: build 482 ms, size 8.534 MiB (9.992 B/key), latency cold 212.2 ns, then mean 208.6 / min 207.4 ns
481.860,8.534456,212.214
[time 1.64 s, user 1.56 s, sys 0.06 s, maxrss 123616 KB]
[busy 172 jiffies]
[exit 0]
--- lexindex hashed0   load 1.84 1.08 0.98
895600 keys
lexindex HashedDictIndex closed: build 230 ms, size 5.897 MiB (6.904 B/key), latency cold 28.0 ns, then mean 20.9 / min 19.4 ns
229.949,5.897046,27.968
[time 0.73 s, user 1.74 s, sys 0.20 s, maxrss 178440 KB]
[busy 201 jiffies]
[exit 0]
--- lexindex hashed8   load 1.77 1.08 0.98
895600 keys
lexindex HashedDictIndex fp=8: build 233 ms, size 6.751 MiB (7.904 B/key), latency cold 33.3 ns, then mean 24.2 / min 23.3 ns
232.895,6.751157,33.263
[time 0.74 s, user 1.75 s, sys 0.22 s, maxrss 163832 KB]
[busy 205 jiffies]
[exit 0]
--- lexindex hashed16   load 1.77 1.08 0.98
895600 keys
lexindex HashedDictIndex fp=16: build 235 ms, size 7.605 MiB (8.904 B/key), latency cold 34.4 ns, then mean 25.5 / min 24.8 ns
235.053,7.605268,34.389
[time 0.75 s, user 1.78 s, sys 0.20 s, maxrss 163804 KB]
[busy 204 jiffies]
[exit 0]
--- lexindex da   load 1.63 1.06 0.97
895600 keys
lexindex DoubleArrayIndex: build 1036 ms, size 41.584 MiB (48.687 B/key), latency cold 449.6 ns, then mean 448.0 / min 446.3 ns
1036.299,41.583891,449.641
[time 3.05 s, user 2.87 s, sys 0.17 s, maxrss 206684 KB]
[busy 311 jiffies]
[exit 0]
--- c2 case 0 rec 0   load 1.63 1.06 0.97
[TEST C2-FST]
Processing dataset...
Done!
Building trie...
Done!
build time: 407.782996 ms (455.318218 ns per key)
space cost: 5.600983 MB (49.182538% of original size 11.388153 MB)
Querying trie...
Done!
total time: 322.178622 ms, avg latency: 359.734951 ns
topology: 0.856544 MB, link: 1.156816 MB, data: 3.587623 MB
--- Unary Path Analysis (FST, cutoff=4) ---
  shared unary steps in main trie: 346869
  terminal suffixes: inplace=290212 (avg len=1.99)  links=407890 (58.4% of terminal)
  link len: avg=7.08  max=176  total_chars=2886275
  link length distribution (len:count):  4:75217  5:66403  6:54145  7:41199  8:34065  9:27491  10:20897  11:17025  12:14758  13:12079  14:9477  15:7348  16:5933  17:4527  18:3618  19:2821  20:2157  21:1675  22:1346  23:1100  24:876  25:726  26:556  27:430  28:362  29:398  30:314  31:175  32:150  33:104  34:105  35:76  36:46  37:52  38:48  39:27  40:25  41:13  42:21  43:16  44:7  45:10  46:6  47:5  48:10  49:1  50:4  51:5  52:2  53:2  54:2  55:1  56:5  57:3  60:2  62:2  63:1  64:3  65:2  67:1  68:3  71:1  75:1  77:2  82:1  86:1  99:2  106:1  113:1  153:1  177:1
407.782996,5.600983,359.734951
[PASSED]
[time 1.12 s, user 1.03 s, sys 0.09 s, maxrss 130188 KB]
[busy 117 jiffies]
[exit 0]
--- c2 case 0 rec 1   load 1.58 1.06 0.97
[TEST C2-FST]
Processing dataset...
Done!
Building trie...
trie size: 1.308683 MB
Done!
build time: 459.515710 ms (513.081409 ns per key)
space cost: 5.164801 MB (45.352399% of original size 11.388153 MB)
Querying trie...
Done!
total time: 365.509889 ms, avg latency: 408.117339 ns
topology: 0.984890 MB, link: 1.153795 MB, data: 3.026115 MB
--- Unary Path Analysis (FST, cutoff=4) ---
  shared unary steps in main trie: 346869
  terminal suffixes: inplace=290212 (avg len=1.99)  links=407890 (58.4% of terminal)
  link len: avg=7.08  max=176  total_chars=2886275
  link length distribution (len:count):  4:75217  5:66403  6:54145  7:41199  8:34065  9:27491  10:20897  11:17025  12:14758  13:12079  14:9477  15:7348  16:5933  17:4527  18:3618  19:2821  20:2157  21:1675  22:1346  23:1100  24:876  25:726  26:556  27:430  28:362  29:398  30:314  31:175  32:150  33:104  34:105  35:76  36:46  37:52  38:48  39:27  40:25  41:13  42:21  43:16  44:7  45:10  46:6  47:5  48:10  49:1  50:4  51:5  52:2  53:2  54:2  55:1  56:5  57:3  60:2  62:2  63:1  64:3  65:2  67:1  68:3  71:1  75:1  77:2  82:1  86:1  99:2  106:1  113:1  153:1  177:1
459.515710,5.164801,408.117339
[PASSED]
[time 1.22 s, user 1.13 s, sys 0.09 s, maxrss 130428 KB]
[busy 127 jiffies]
[exit 0]
--- c2 case 0 rec 2   load 1.58 1.06 0.97
[TEST C2-FST]
Processing dataset...
Done!
Building trie...
trie size: 1.308683 MB
trie size: 0.188839 MB
Done!
build time: 473.121166 ms (528.272852 ns per key)
space cost: 5.164801 MB (45.352399% of original size 11.388153 MB)
Querying trie...
Done!
total time: 363.600871 ms, avg latency: 405.985787 ns
topology: 0.984890 MB, link: 1.153795 MB, data: 3.026115 MB
--- Unary Path Analysis (FST, cutoff=4) ---
  shared unary steps in main trie: 346869
  terminal suffixes: inplace=290212 (avg len=1.99)  links=407890 (58.4% of terminal)
  link len: avg=7.08  max=176  total_chars=2886275
  link length distribution (len:count):  4:75217  5:66403  6:54145  7:41199  8:34065  9:27491  10:20897  11:17025  12:14758  13:12079  14:9477  15:7348  16:5933  17:4527  18:3618  19:2821  20:2157  21:1675  22:1346  23:1100  24:876  25:726  26:556  27:430  28:362  29:398  30:314  31:175  32:150  33:104  34:105  35:76  36:46  37:52  38:48  39:27  40:25  41:13  42:21  43:16  44:7  45:10  46:6  47:5  48:10  49:1  50:4  51:5  52:2  53:2  54:2  55:1  56:5  57:3  60:2  62:2  63:1  64:3  65:2  67:1  68:3  71:1  75:1  77:2  82:1  86:1  99:2  106:1  113:1  153:1  177:1
473.121166,5.164801,405.985787
[PASSED]
[time 1.23 s, user 1.13 s, sys 0.08 s, maxrss 130392 KB]
[busy 128 jiffies]
[exit 0]
--- c2 case 1 rec 0   load 1.45 1.04 0.97
[TEST C2-CoCo(LOUDS-Sparse)]
Processing dataset...
Done!
Building trie...
Done!
build time: 1198.154164 ms (1337.822872 ns per key)
space cost: 5.931293 MB (52.083012% of original size 11.388153 MB)
Querying trie...
Done!
total time: 483.613463 ms, avg latency: 539.988235 ns
topology: 0.367439 MB, link: 1.827341 MB, data: 3.736513 MB
1198.154164,5.931293,539.988235
[PASSED]
[time 2.06 s, user 1.92 s, sys 0.12 s, maxrss 253040 KB]
[busy 216 jiffies]
[exit 0]
--- c2 case 1 rec 1   load 1.45 1.04 0.97
[TEST C2-CoCo(LOUDS-Sparse)]
Processing dataset...
Done!
Building trie...
trie size: 1.308683 MB
Done!
build time: 1262.577895 ms (1409.756471 ns per key)
space cost: 5.495111 MB (48.252874% of original size 11.388153 MB)
Querying trie...
Done!
total time: 523.962395 ms, avg latency: 585.040638 ns
topology: 0.495785 MB, link: 1.824321 MB, data: 3.175006 MB
1262.577895,5.495111,585.040638
[PASSED]
[time 2.18 s, user 2.05 s, sys 0.12 s, maxrss 252720 KB]
[busy 225 jiffies]
[exit 0]
--- c2 case 1 rec 2   load 1.42 1.04 0.97
[TEST C2-CoCo(LOUDS-Sparse)]
Processing dataset...
Done!
Building trie...
trie size: 1.308683 MB
trie size: 0.188839 MB
Done!
build time: 1278.386042 ms (1427.407372 ns per key)
space cost: 5.495111 MB (48.252874% of original size 11.388153 MB)
Querying trie...
Done!
total time: 525.939840 ms, avg latency: 587.248593 ns
topology: 0.495785 MB, link: 1.824321 MB, data: 3.175006 MB
1278.386042,5.495111,587.248593
[PASSED]
[time 2.19 s, user 2.04 s, sys 0.13 s, maxrss 253156 KB]
[busy 227 jiffies]
[exit 0]
--- c2 case 2 rec 0   load 1.30 1.03 0.96
[TEST C2-MARISA]
Processing dataset...
Done!
Building trie...
trie size: 2.048235 MB
Done!
build time: 492.030130 ms (549.386032 ns per key)
space cost: 5.176098 MB (45.451601% of original size 11.388153 MB)
Querying trie...
Done!
total time: 234.494060 ms, avg latency: 261.829008 ns
topology: 0.677906 MB, link: 1.695078 MB, data: 2.782606 MB
--- Unary Path Analysis (Marisa, cutoff=3) ---
  branches: 1299053  |  single-char: 486988 (37.5%)  short-unary: 135839 (10.5%)  links: 676226 (52.1%)
  link len: avg=7.04  max=178  total_chars=4759844
  link length distribution (len:count):  3:129138  4:106899  5:84856  6:73131  7:58892  8:44392  9:36260  10:29010  11:21889  12:17780  13:15419  14:12564  15:9815  16:7584  17:6145  18:4698  19:3717  20:2895  21:2218  22:1723  23:1373  24:1124  25:897  26:746  27:568  28:440  29:369  30:404  31:318  32:179  33:153  34:107  35:105  36:76  37:46  38:54  39:48  40:27  41:26  42:13  43:21  44:16  45:7  46:10  47:6  48:5  49:10  50:2  51:4  52:5  53:2  54:2  55:2  56:1  57:5  58:3  61:2  63:2  64:1  65:3  66:2  68:2  69:3  72:1  76:1  78:2  83:1  87:1  100:2  107:1  114:1  154:1  178:1
  short unary avg len: 2.00
492.030130,5.176098,261.829008
[PASSED]
[time 1.11 s, user 1.01 s, sys 0.09 s, maxrss 159896 KB]
[busy 113 jiffies]
[exit 0]
--- c2 case 2 rec 1   load 1.30 1.03 0.96
[TEST C2-MARISA]
Processing dataset...
Done!
Building trie...
trie size: 2.048235 MB
trie size: 2.033304 MB
Done!
build time: 570.684212 ms (637.208812 ns per key)
space cost: 4.556563 MB (40.011434% of original size 11.388153 MB)
Querying trie...
Done!
total time: 290.824554 ms, avg latency: 324.725942 ns
topology: 0.845192 MB, link: 1.658626 MB, data: 2.032238 MB
--- Unary Path Analysis (Marisa, cutoff=3) ---
  branches: 1299053  |  single-char: 486988 (37.5%)  short-unary: 135839 (10.5%)  links: 676226 (52.1%)
  link len: avg=7.04  max=178  total_chars=4759844
  link length distribution (len:count):  3:129138  4:106899  5:84856  6:73131  7:58892  8:44392  9:36260  10:29010  11:21889  12:17780  13:15419  14:12564  15:9815  16:7584  17:6145  18:4698  19:3717  20:2895  21:2218  22:1723  23:1373  24:1124  25:897  26:746  27:568  28:440  29:369  30:404  31:318  32:179  33:153  34:107  35:105  36:76  37:46  38:54  39:48  40:27  41:26  42:13  43:21  44:16  45:7  46:10  47:6  48:5  49:10  50:2  51:4  52:5  53:2  54:2  55:2  56:1  57:5  58:3  61:2  63:2  64:1  65:3  66:2  68:2  69:3  72:1  76:1  78:2  83:1  87:1  100:2  107:1  114:1  154:1  178:1
  short unary avg len: 2.00
570.684212,4.556563,324.725942
[PASSED]
[time 1.26 s, user 1.16 s, sys 0.09 s, maxrss 159804 KB]
[busy 131 jiffies]
[exit 0]
--- c2 case 2 rec 2   load 1.30 1.03 0.96
[TEST C2-MARISA]
Processing dataset...
Done!
Building trie...
trie size: 2.048235 MB
trie size: 2.033304 MB
trie size: 0.241896 MB
Done!
build time: 596.998551 ms (666.590611 ns per key)
space cost: 4.556563 MB (40.011434% of original size 11.388153 MB)
Querying trie...
Done!
total time: 288.635510 ms, avg latency: 322.281722 ns
topology: 0.845192 MB, link: 1.658626 MB, data: 2.032238 MB
--- Unary Path Analysis (Marisa, cutoff=3) ---
  branches: 1299053  |  single-char: 486988 (37.5%)  short-unary: 135839 (10.5%)  links: 676226 (52.1%)
  link len: avg=7.04  max=178  total_chars=4759844
  link length distribution (len:count):  3:129138  4:106899  5:84856  6:73131  7:58892  8:44392  9:36260  10:29010  11:21889  12:17780  13:15419  14:12564  15:9815  16:7584  17:6145  18:4698  19:3717  20:2895  21:2218  22:1723  23:1373  24:1124  25:897  26:746  27:568  28:440  29:369  30:404  31:318  32:179  33:153  34:107  35:105  36:76  37:46  38:54  39:48  40:27  41:26  42:13  43:21  44:16  45:7  46:10  47:6  48:5  49:10  50:2  51:4  52:5  53:2  54:2  55:2  56:1  57:5  58:3  61:2  63:2  64:1  65:3  66:2  68:2  69:3  72:1  76:1  78:2  83:1  87:1  100:2  107:1  114:1  154:1  178:1
  short unary avg len: 2.00
596.998551,4.556563,322.281722
[PASSED]
[time 1.28 s, user 1.17 s, sys 0.10 s, maxrss 159756 KB]
[busy 132 jiffies]
[exit 0]
--- c2 case 3 rec 0   load 1.28 1.02 0.96
[TEST FST]
Processing dataset...
Done!
Building trie...
Done!
build time: 512.426667 ms (572.160191 ns per key)
space cost: 5.913843 MB (51.929783% of original size 11.388153 MB)
Querying trie...
Done!
total time: 490.943637 ms, avg latency: 548.172886 ns
not implemented
512.426667,5.913843,548.172886
[PASSED]
[time 1.40 s, user 1.33 s, sys 0.06 s, maxrss 87096 KB]
[busy 145 jiffies]
[exit 0]
--- c2 case 4 rec 0   load 1.28 1.02 0.96
[TEST COCO]
Processing dataset...
Done!
Building trie...
num nodes = 377711, average depth = 5.232855
ef = 0.000439, pa = 0.203121, bv = 0.001033, de = 0.703067
efr = 0.002123, par = 0.078563, bvr = 0.000029, der = 0.011625
Done!
build time: 7823.102576 ms (8735.040840 ns per key)
space cost: 7.712429 MB (67.723262% of original size 11.388153 MB)
Querying trie...
Done!
total time: 440.083053 ms, avg latency: 491.383489 ns
not implemented
7823.102576,7.712429,491.383489
[PASSED]
[time 9.00 s, user 6.96 s, sys 2.00 s, maxrss 4372440 KB]
[busy 926 jiffies]
[exit 0]
--- c2 case 5 rec 0   load 1.23 1.02 0.96
[TEST MARISA]
Processing dataset...
Done!
Building trie...
Done!
build time: 382.208879 ms (426.762929 ns per key)
space cost: 5.346809 MB (46.950628% of original size 11.388153 MB)
Querying trie...
Done!
total time: 343.664297 ms, avg latency: 383.725209 ns
not implemented
382.208879,5.346809,383.725209
[PASSED]
[time 1.12 s, user 1.03 s, sys 0.09 s, maxrss 132800 KB]
[busy 115 jiffies]
[exit 0]
--- c2 case 5 rec 1   load 1.30 1.04 0.97
[TEST MARISA]
Processing dataset...
Done!
Building trie...
Done!
build time: 430.697446 ms (480.903803 ns per key)
space cost: 4.061914 MB (35.667895% of original size 11.388153 MB)
Querying trie...
Done!
total time: 455.982470 ms, avg latency: 509.136300 ns
not implemented
430.697446,4.061914,509.136300
[PASSED]
[time 1.26 s, user 1.18 s, sys 0.07 s, maxrss 132848 KB]
[busy 131 jiffies]
[exit 0]
--- c2 case 5 rec 2   load 1.30 1.04 0.97
[TEST MARISA]
Processing dataset...
Done!
Building trie...
Done!
build time: 442.522988 ms (494.107847 ns per key)
space cost: 3.852798 MB (33.831627% of original size 11.388153 MB)
Querying trie...
Done!
total time: 487.009775 ms, avg latency: 543.780454 ns
not implemented
442.522988,3.852798,543.780454
[PASSED]
[time 1.33 s, user 1.24 s, sys 0.07 s, maxrss 132668 KB]
[busy 141 jiffies]
[exit 0]
--- c2 case 6 rec 0   load 1.27 1.04 0.97
[TEST PDT]
Processing dataset...
Done!
Building trie...
dict size: 158882, stream size: 3197544
Done!
build time: 1551.698768 ms (1732.580134 ns per key)
space cost: 4.343886 MB (38.143906% of original size 11.388153 MB)
Querying trie...
Done!
total time: 465.118157 ms, avg latency: 519.336933 ns
not implemented
1551.698768,4.343886,519.336933
[PASSED]
[time 2.42 s, user 2.32 s, sys 0.08 s, maxrss 139548 KB]
[busy 251 jiffies]
[exit 0]
--- c2 case 7 rec 0   load 1.27 1.04 0.97
[TEST ART]
Processing dataset...
Done!
Building trie...
Done!
build time: 98.950583 ms (110.485242 ns per key)
space cost: 28.831062 MB (253.167148% of original size 11.388153 MB)
Querying trie...
Done!
total time: 266.276644 ms, avg latency: 297.316485 ns
not implemented
98.950583,28.831062,297.316485
[PASSED]
[time 0.77 s, user 0.69 s, sys 0.07 s, maxrss 124296 KB]
[busy 80 jiffies]
[exit 0]
--- c2 case 8 rec 0   load 1.25 1.04 0.97
[TEST CART]
Processing dataset...
Done!
Building trie...
Done!
build time: 141.520308 ms (158.017316 ns per key)
space cost: 12.769355 MB (112.128409% of original size 11.388153 MB)
Querying trie...
Done!
total time: 317.607493 ms, avg latency: 354.630966 ns
not implemented
141.520308,12.769355,354.630966
[PASSED]
[time 0.88 s, user 0.79 s, sys 0.07 s, maxrss 121540 KB]
[busy 92 jiffies]
[exit 0]
--- xcdat 7   load 1.25 1.04 0.97
build time: 377.678034 ms
space cost: 7.492425 MiB (65.791397% of original size 11.388153 MiB)
avg latency: 172.969039 ns
377.678034,7.492425,172.969039
[time 0.93 s, user 0.85 s, sys 0.07 s, maxrss 125484 KB]
[busy 99 jiffies]
[exit 0]
--- xcdat 8   load 1.15 1.02 0.97
build time: 354.871086 ms
space cost: 7.110240 MiB (62.435409% of original size 11.388153 MiB)
avg latency: 165.651358 ns
354.871086,7.110240,165.651358
[time 0.91 s, user 0.84 s, sys 0.06 s, maxrss 125728 KB]
[busy 94 jiffies]
[exit 0]
--- xcdat 15   load 1.15 1.02 0.97
build time: 372.874268 ms
space cost: 8.468211 MiB (74.359829% of original size 11.388153 MiB)
avg latency: 134.611330 ns
372.874268,8.468211,134.611330
[time 0.90 s, user 0.82 s, sys 0.07 s, maxrss 125280 KB]
[busy 93 jiffies]
[exit 0]
--- xcdat 16   load 1.15 1.02 0.97
build time: 358.846086 ms
space cost: 8.846028 MiB (77.677462% of original size 11.388153 MiB)
avg latency: 140.289026 ns
358.846086,8.846028,140.289026
[time 0.89 s, user 0.80 s, sys 0.09 s, maxrss 125484 KB]
[busy 94 jiffies]
[exit 0]

##### titles-en-1000000 (1000000 lines, 21984647 bytes)   round 3/3   2026-09-26T04:24:29+03:00
--- lexindex dict32   load 1.14 1.02 0.97
1000000 keys
lexindex DictIndex block 32: build 341 ms, size 7.447 MiB (7.809 B/key), latency cold 370.5 ns, then mean 370.4 / min 369.2 ns
341.431,7.446899,370.507
[time 2.32 s, user 4.82 s, sys 0.51 s, maxrss 217760 KB]
[busy 549 jiffies]
[exit 0]
--- lexindex dict256   load 1.14 1.02 0.97
1000000 keys
lexindex DictIndex block 256: build 353 ms, size 7.029 MiB (7.370 B/key), latency cold 394.7 ns, then mean 389.4 / min 386.4 ns
353.075,7.028672,394.665
[time 2.42 s, user 4.96 s, sys 0.56 s, maxrss 218960 KB]
[busy 565 jiffies]
[exit 0]
--- lexindex dict1024   load 2.33 1.27 1.05
1000000 keys
lexindex DictIndex block 1024: build 383 ms, size 6.878 MiB (7.212 B/key), latency cold 452.5 ns, then mean 452.0 / min 450.2 ns
382.715,6.877800,452.529
[time 2.70 s, user 4.26 s, sys 0.41 s, maxrss 188508 KB]
[busy 480 jiffies]
[exit 0]
--- lexindex routed32   load 2.22 1.26 1.05
1000000 keys
lexindex DictIndex block 32 routed: build 345 ms, size 7.924 MiB (8.309 B/key), latency cold 350.3 ns, then mean 336.3 / min 335.2 ns
344.559,7.923737,350.323
[time 2.20 s, user 4.72 s, sys 0.50 s, maxrss 214824 KB]
[busy 534 jiffies]
[exit 0]
--- lexindex routed256   load 2.22 1.26 1.05
1000000 keys
lexindex DictIndex block 256 routed: build 353 ms, size 7.506 MiB (7.870 B/key), latency cold 324.1 ns, then mean 314.3 / min 312.0 ns
352.643,7.505601,324.050
[time 2.11 s, user 4.66 s, sys 0.53 s, maxrss 228012 KB]
[busy 532 jiffies]
[exit 0]
--- lexindex routed1024   load 2.12 1.26 1.05
1000000 keys
lexindex DictIndex block 1024 routed: build 379 ms, size 7.116 MiB (7.462 B/key), latency cold 353.8 ns, then mean 350.1 / min 348.3 ns
379.331,7.116325,353.784
[time 2.28 s, user 3.85 s, sys 0.41 s, maxrss 202524 KB]
[busy 441 jiffies]
[exit 0]
--- lexindex string   load 2.03 1.26 1.05
1000000 keys
lexindex StringIndex: build 998 ms, size 16.482 MiB (17.283 B/key), latency cold 334.4 ns, then mean 332.4 / min 329.9 ns
997.810,16.482312,334.409
[time 2.81 s, user 2.70 s, sys 0.09 s, maxrss 164232 KB]
[busy 292 jiffies]
[exit 0]
--- lexindex hashed0   load 1.87 1.23 1.04
1000000 keys
lexindex HashedDictIndex closed: build 464 ms, size 9.642 MiB (10.110 B/key), latency cold 42.7 ns, then mean 40.4 / min 39.7 ns
464.358,9.642032,42.725
[time 1.13 s, user 3.73 s, sys 0.55 s, maxrss 222472 KB]
[busy 437 jiffies]
[exit 0]
--- lexindex hashed8   load 1.87 1.23 1.04
1000000 keys
lexindex HashedDictIndex fp=8: build 461 ms, size 10.596 MiB (11.110 B/key), latency cold 50.3 ns, then mean 49.4 / min 49.1 ns
461.299,10.595706,50.258
[time 1.15 s, user 3.75 s, sys 0.51 s, maxrss 207768 KB]
[busy 437 jiffies]
[exit 0]
--- lexindex hashed16   load 1.87 1.23 1.04
1000000 keys
lexindex HashedDictIndex fp=16: build 464 ms, size 11.549 MiB (12.110 B/key), latency cold 50.7 ns, then mean 48.9 / min 48.5 ns
463.712,11.549380,50.747
[time 1.15 s, user 3.76 s, sys 0.53 s, maxrss 214044 KB]
[busy 440 jiffies]
[exit 0]
--- lexindex da   skipped: exit 3 in round 1
--- c2 case 0 rec 0   load 1.88 1.25 1.05
[TEST C2-FST]
Processing dataset...
Done!
Building trie...
Done!
build time: 1042.602248 ms (1042.602248 ns per key)
space cost: 11.326162 MB (56.595386% of original size 20.012519 MB)
Querying trie...
Done!
total time: 482.692592 ms, avg latency: 482.692592 ns
topology: 1.047974 MB, link: 2.330659 MB, data: 7.947530 MB
--- Unary Path Analysis (FST, cutoff=4) ---
  shared unary steps in main trie: 632648
  terminal suffixes: inplace=148307 (avg len=2.14)  links=794871 (84.3% of terminal)
  link len: avg=12.03  max=232  total_chars=9558452
  link length distribution (len:count):  4:67686  5:69275  6:65423  7:58787  8:51921  9:47544  10:42795  11:38054  12:34227  13:30736  14:30694  15:28260  16:25308  17:22807  18:19264  19:17586  20:15912  21:14224  22:12066  23:10759  24:9477  25:8347  26:7925  27:7112  28:6113  29:5746  30:5072  31:4462  32:3927  33:3658  34:3228  35:2847  36:2644  37:2353  38:2038  39:1870  40:1644  41:1489  42:1315  43:1143  44:928  45:846  46:722  47:679  48:610  49:543  50:459  51:451  52:342  53:339  54:284  55:273  56:239  57:215  58:214  59:177  60:158  61:140  62:127  63:109  64:95  65:79  66:80  67:78  68:75  69:69  70:68  71:54  72:51  73:42  74:46  75:42  76:35  77:41  78:38  79:39  80:21  81:18  82:21  83:19  84:14  85:18  86:14  87:15  88:11  89:14  90:13  91:7  92:5  93:8  94:7  95:5  96:8  97:8  98:5  99:7  100:11  101:5  102:6  103:3  104:3  105:3  106:5  107:4  108:5  109:1  110:2  111:6  112:1  113:1  114:1  115:4  116:1  118:1  119:2  121:2  123:2  125:1  126:1  128:1  129:1  131:1  132:2  134:1  135:1  136:1  137:3  138:1  139:1  141:2  145:1  152:1  154:1  156:1  159:3  165:1  168:1  174:1  175:1  179:1  181:1  199:1  201:1  202:1  204:1  207:1  216:1  217:1  219:1  233:1
1042.602248,11.326162,482.692592
[PASSED]
[time 2.09 s, user 1.96 s, sys 0.12 s, maxrss 185040 KB]
[busy 220 jiffies]
[exit 0]
--- c2 case 0 rec 1   load 1.88 1.25 1.05
[TEST C2-FST]
Processing dataset...
Done!
Building trie...
trie size: 3.096522 MB
Done!
build time: 1338.315598 ms (1338.315598 ns per key)
space cost: 9.522977 MB (47.585099% of original size 20.012519 MB)
Querying trie...
Done!
total time: 605.907332 ms, avg latency: 605.907332 ns
topology: 1.448536 MB, link: 2.515947 MB, data: 5.558494 MB
--- Unary Path Analysis (FST, cutoff=4) ---
  shared unary steps in main trie: 632648
  terminal suffixes: inplace=148307 (avg len=2.14)  links=794871 (84.3% of terminal)
  link len: avg=12.03  max=232  total_chars=9558452
  link length distribution (len:count):  4:67686  5:69275  6:65423  7:58787  8:51921  9:47544  10:42795  11:38054  12:34227  13:30736  14:30694  15:28260  16:25308  17:22807  18:19264  19:17586  20:15912  21:14224  22:12066  23:10759  24:9477  25:8347  26:7925  27:7112  28:6113  29:5746  30:5072  31:4462  32:3927  33:3658  34:3228  35:2847  36:2644  37:2353  38:2038  39:1870  40:1644  41:1489  42:1315  43:1143  44:928  45:846  46:722  47:679  48:610  49:543  50:459  51:451  52:342  53:339  54:284  55:273  56:239  57:215  58:214  59:177  60:158  61:140  62:127  63:109  64:95  65:79  66:80  67:78  68:75  69:69  70:68  71:54  72:51  73:42  74:46  75:42  76:35  77:41  78:38  79:39  80:21  81:18  82:21  83:19  84:14  85:18  86:14  87:15  88:11  89:14  90:13  91:7  92:5  93:8  94:7  95:5  96:8  97:8  98:5  99:7  100:11  101:5  102:6  103:3  104:3  105:3  106:5  107:4  108:5  109:1  110:2  111:6  112:1  113:1  114:1  115:4  116:1  118:1  119:2  121:2  123:2  125:1  126:1  128:1  129:1  131:1  132:2  134:1  135:1  136:1  137:3  138:1  139:1  141:2  145:1  152:1  154:1  156:1  159:3  165:1  168:1  174:1  175:1  179:1  181:1  199:1  201:1  202:1  204:1  207:1  216:1  217:1  219:1  233:1
1338.315598,9.522977,605.907332
[PASSED]
[time 2.52 s, user 2.38 s, sys 0.13 s, maxrss 180952 KB]
[busy 259 jiffies]
[exit 0]
--- c2 case 0 rec 2   load 1.81 1.24 1.05
[TEST C2-FST]
Processing dataset...
Done!
Building trie...
trie size: 3.096522 MB
trie size: 0.887704 MB
Done!
build time: 1482.831064 ms (1482.831064 ns per key)
space cost: 9.522977 MB (47.585099% of original size 20.012519 MB)
Querying trie...
Done!
total time: 602.893990 ms, avg latency: 602.893990 ns
topology: 1.448536 MB, link: 2.515947 MB, data: 5.558494 MB
--- Unary Path Analysis (FST, cutoff=4) ---
  shared unary steps in main trie: 632648
  terminal suffixes: inplace=148307 (avg len=2.14)  links=794871 (84.3% of terminal)
  link len: avg=12.03  max=232  total_chars=9558452
  link length distribution (len:count):  4:67686  5:69275  6:65423  7:58787  8:51921  9:47544  10:42795  11:38054  12:34227  13:30736  14:30694  15:28260  16:25308  17:22807  18:19264  19:17586  20:15912  21:14224  22:12066  23:10759  24:9477  25:8347  26:7925  27:7112  28:6113  29:5746  30:5072  31:4462  32:3927  33:3658  34:3228  35:2847  36:2644  37:2353  38:2038  39:1870  40:1644  41:1489  42:1315  43:1143  44:928  45:846  46:722  47:679  48:610  49:543  50:459  51:451  52:342  53:339  54:284  55:273  56:239  57:215  58:214  59:177  60:158  61:140  62:127  63:109  64:95  65:79  66:80  67:78  68:75  69:69  70:68  71:54  72:51  73:42  74:46  75:42  76:35  77:41  78:38  79:39  80:21  81:18  82:21  83:19  84:14  85:18  86:14  87:15  88:11  89:14  90:13  91:7  92:5  93:8  94:7  95:5  96:8  97:8  98:5  99:7  100:11  101:5  102:6  103:3  104:3  105:3  106:5  107:4  108:5  109:1  110:2  111:6  112:1  113:1  114:1  115:4  116:1  118:1  119:2  121:2  123:2  125:1  126:1  128:1  129:1  131:1  132:2  134:1  135:1  136:1  137:3  138:1  139:1  141:2  145:1  152:1  154:1  156:1  159:3  165:1  168:1  174:1  175:1  179:1  181:1  199:1  201:1  202:1  204:1  207:1  216:1  217:1  219:1  233:1
1482.831064,9.522977,602.893990
[PASSED]
[time 2.66 s, user 2.51 s, sys 0.14 s, maxrss 181120 KB]
[busy 276 jiffies]
[exit 0]
--- c2 case 1 rec 0   load 1.75 1.24 1.04
[TEST C2-CoCo(LOUDS-Sparse)]
Processing dataset...
Done!
Building trie...
Done!
build time: 2139.679392 ms (2139.679392 ns per key)
space cost: 12.265971 MB (61.291488% of original size 20.012519 MB)
Querying trie...
Done!
total time: 727.117665 ms, avg latency: 727.117665 ns
topology: 0.432648 MB, link: 3.282862 MB, data: 8.550461 MB
2139.679392,12.265971,727.117665
[PASSED]
[time 3.44 s, user 3.23 s, sys 0.19 s, maxrss 358076 KB]
[busy 357 jiffies]
[exit 0]
--- c2 case 1 rec 1   load 1.68 1.23 1.04
[TEST C2-CoCo(LOUDS-Sparse)]
Processing dataset...
Done!
Building trie...
trie size: 3.096522 MB
Done!
build time: 2456.882064 ms (2456.882064 ns per key)
space cost: 10.462785 MB (52.281201% of original size 20.012519 MB)
Querying trie...
Done!
total time: 863.832212 ms, avg latency: 863.832212 ns
topology: 0.833210 MB, link: 3.468150 MB, data: 6.161425 MB
2456.882064,10.462785,863.832212
[PASSED]
[time 3.90 s, user 3.67 s, sys 0.21 s, maxrss 344956 KB]
[busy 402 jiffies]
[exit 0]
--- c2 case 1 rec 2   load 1.63 1.23 1.04
[TEST C2-CoCo(LOUDS-Sparse)]
Processing dataset...
Done!
Building trie...
trie size: 3.096522 MB
trie size: 0.887704 MB
Done!
build time: 2555.880177 ms (2555.880177 ns per key)
space cost: 10.462785 MB (52.281201% of original size 20.012519 MB)
Querying trie...
Done!
total time: 859.258166 ms, avg latency: 859.258166 ns
topology: 0.833210 MB, link: 3.468150 MB, data: 6.161425 MB
2555.880177,10.462785,859.258166
[PASSED]
[time 3.99 s, user 3.77 s, sys 0.20 s, maxrss 344668 KB]
[busy 410 jiffies]
[exit 0]
--- c2 case 2 rec 0   load 1.58 1.23 1.04
[TEST C2-MARISA]
Processing dataset...
Done!
Building trie...
trie size: 2.238578 MB
Done!
build time: 1045.906507 ms (1045.906507 ns per key)
space cost: 10.766413 MB (53.798389% of original size 20.012519 MB)
Querying trie...
Done!
total time: 370.389859 ms, avg latency: 370.389859 ns
topology: 0.741383 MB, link: 2.768053 MB, data: 7.236469 MB
--- Unary Path Analysis (Marisa, cutoff=3) ---
  branches: 1523874  |  single-char: 417651 (27.4%)  short-unary: 97461 (6.4%)  links: 1008762 (66.2%)
  link len: avg=12.11  max=234  total_chars=12215333
  link length distribution (len:count):  3:76859  4:82017  5:81216  6:79010  7:72564  8:64127  9:55531  10:50303  11:44703  12:39548  13:35394  14:31778  15:31462  16:28952  17:25995  18:23521  19:19840  20:18044  21:16382  22:14569  23:12399  24:11015  25:9715  26:8556  27:8141  28:7267  29:6255  30:5853  31:5207  32:4578  33:4049  34:3736  35:3293  36:2910  37:2688  38:2423  39:2074  40:1908  41:1670  42:1511  43:1333  44:1158  45:939  46:855  47:728  48:689  49:615  50:544  51:465  52:457  53:344  54:344  55:284  56:276  57:242  58:216  59:216  60:177  61:159  62:140  63:127  64:109  65:95  66:79  67:80  68:79  69:75  70:69  71:69  72:55  73:51  74:42  75:46  76:42  77:35  78:41  79:38  80:39  81:21  82:18  83:21  84:19  85:14  86:18  87:14  88:15  89:11  90:14  91:13  92:7  93:5  94:8  95:7  96:5  97:9  98:8  99:5  100:7  101:11  102:5  103:6  104:3  105:3  106:3  107:5  108:4  109:5  110:1  111:2  112:6  113:1  114:1  115:1  116:4  117:1  119:1  120:2  122:2  124:2  126:1  127:1  129:1  130:1  132:1  133:2  135:1  136:1  137:1  138:3  139:1  140:1  142:2  146:1  153:1  155:1  157:1  160:3  166:1  169:1  175:1  176:1  180:1  182:1  200:1  202:1  203:1  205:1  208:1  217:1  218:1  220:1  234:1
  short unary avg len: 2.00
1045.906507,10.766413,370.389859
[PASSED]
[time 1.98 s, user 1.85 s, sys 0.12 s, maxrss 201564 KB]
[busy 205 jiffies]
[exit 0]
--- c2 case 2 rec 1   load 1.58 1.23 1.04
[TEST C2-MARISA]
Processing dataset...
Done!
Building trie...
trie size: 2.238578 MB
trie size: 3.821277 MB
Done!
build time: 1422.937535 ms (1422.937535 ns per key)
space cost: 8.586061 MB (42.903452% of original size 20.012519 MB)
Querying trie...
Done!
total time: 500.125432 ms, avg latency: 500.125432 ns
topology: 1.213478 MB, link: 2.963206 MB, data: 4.388869 MB
--- Unary Path Analysis (Marisa, cutoff=3) ---
  branches: 1523874  |  single-char: 417651 (27.4%)  short-unary: 97461 (6.4%)  links: 1008762 (66.2%)
  link len: avg=12.11  max=234  total_chars=12215333
  link length distribution (len:count):  3:76859  4:82017  5:81216  6:79010  7:72564  8:64127  9:55531  10:50303  11:44703  12:39548  13:35394  14:31778  15:31462  16:28952  17:25995  18:23521  19:19840  20:18044  21:16382  22:14569  23:12399  24:11015  25:9715  26:8556  27:8141  28:7267  29:6255  30:5853  31:5207  32:4578  33:4049  34:3736  35:3293  36:2910  37:2688  38:2423  39:2074  40:1908  41:1670  42:1511  43:1333  44:1158  45:939  46:855  47:728  48:689  49:615  50:544  51:465  52:457  53:344  54:344  55:284  56:276  57:242  58:216  59:216  60:177  61:159  62:140  63:127  64:109  65:95  66:79  67:80  68:79  69:75  70:69  71:69  72:55  73:51  74:42  75:46  76:42  77:35  78:41  79:38  80:39  81:21  82:18  83:21  84:19  85:14  86:18  87:14  88:15  89:11  90:14  91:13  92:7  93:5  94:8  95:7  96:5  97:9  98:8  99:5  100:7  101:11  102:5  103:6  104:3  105:3  106:3  107:5  108:4  109:5  110:1  111:2  112:6  113:1  114:1  115:1  116:4  117:1  119:1  120:2  122:2  124:2  126:1  127:1  129:1  130:1  132:1  133:2  135:1  136:1  137:1  138:3  139:1  140:1  142:2  146:1  153:1  155:1  157:1  160:3  166:1  169:1  175:1  176:1  180:1  182:1  200:1  202:1  203:1  205:1  208:1  217:1  218:1  220:1  234:1
  short unary avg len: 2.00
1422.937535,8.586061,500.125432
[PASSED]
[time 2.51 s, user 2.35 s, sys 0.14 s, maxrss 197280 KB]
[busy 257 jiffies]
[exit 0]
--- c2 case 2 rec 2   load 1.53 1.22 1.04
[TEST C2-MARISA]
Processing dataset...
Done!
Building trie...
trie size: 2.238578 MB
trie size: 3.821277 MB
trie size: 1.037524 MB
Done!
build time: 1554.853335 ms (1554.853335 ns per key)
space cost: 8.586061 MB (42.903452% of original size 20.012519 MB)
Querying trie...
Done!
total time: 504.318751 ms, avg latency: 504.318751 ns
topology: 1.213478 MB, link: 2.963206 MB, data: 4.388869 MB
--- Unary Path Analysis (Marisa, cutoff=3) ---
  branches: 1523874  |  single-char: 417651 (27.4%)  short-unary: 97461 (6.4%)  links: 1008762 (66.2%)
  link len: avg=12.11  max=234  total_chars=12215333
  link length distribution (len:count):  3:76859  4:82017  5:81216  6:79010  7:72564  8:64127  9:55531  10:50303  11:44703  12:39548  13:35394  14:31778  15:31462  16:28952  17:25995  18:23521  19:19840  20:18044  21:16382  22:14569  23:12399  24:11015  25:9715  26:8556  27:8141  28:7267  29:6255  30:5853  31:5207  32:4578  33:4049  34:3736  35:3293  36:2910  37:2688  38:2423  39:2074  40:1908  41:1670  42:1511  43:1333  44:1158  45:939  46:855  47:728  48:689  49:615  50:544  51:465  52:457  53:344  54:344  55:284  56:276  57:242  58:216  59:216  60:177  61:159  62:140  63:127  64:109  65:95  66:79  67:80  68:79  69:75  70:69  71:69  72:55  73:51  74:42  75:46  76:42  77:35  78:41  79:38  80:39  81:21  82:18  83:21  84:19  85:14  86:18  87:14  88:15  89:11  90:14  91:13  92:7  93:5  94:8  95:7  96:5  97:9  98:8  99:5  100:7  101:11  102:5  103:6  104:3  105:3  106:3  107:5  108:4  109:5  110:1  111:2  112:6  113:1  114:1  115:1  116:4  117:1  119:1  120:2  122:2  124:2  126:1  127:1  129:1  130:1  132:1  133:2  135:1  136:1  137:1  138:3  139:1  140:1  142:2  146:1  153:1  155:1  157:1  160:3  166:1  169:1  175:1  176:1  180:1  182:1  200:1  202:1  203:1  205:1  208:1  217:1  218:1  220:1  234:1
  short unary avg len: 2.00
1554.853335,8.586061,504.318751
[PASSED]
[time 2.64 s, user 2.47 s, sys 0.16 s, maxrss 197152 KB]
[busy 273 jiffies]
[exit 0]
--- c2 case 3 rec 0   load 1.49 1.22 1.04
[TEST FST]
Processing dataset...
Done!
Building trie...
Done!
build time: 798.248581 ms (798.248581 ns per key)
space cost: 12.223534 MB (61.079436% of original size 20.012519 MB)
Querying trie...
Done!
total time: 681.901446 ms, avg latency: 681.901446 ns
not implemented
798.248581,12.223534,681.901446
[PASSED]
[time 2.05 s, user 1.96 s, sys 0.08 s, maxrss 131072 KB]
[busy 211 jiffies]
[exit 0]
--- c2 case 4 rec 0   skipped: exit 134 in round 1
--- c2 case 5 rec 0   load 1.49 1.22 1.04
[TEST MARISA]
Processing dataset...
Done!
Building trie...
Done!
build time: 604.125193 ms (604.125193 ns per key)
space cost: 12.537066 MB (62.646119% of original size 20.012519 MB)
Querying trie...
Done!
total time: 505.283624 ms, avg latency: 505.283624 ns
not implemented
604.125193,12.537066,505.283624
[PASSED]
[time 1.70 s, user 1.55 s, sys 0.14 s, maxrss 195228 KB]
[busy 175 jiffies]
[exit 0]
--- c2 case 5 rec 1   load 1.45 1.22 1.04
[TEST MARISA]
Processing dataset...
Done!
Building trie...
Done!
build time: 772.937978 ms (772.937978 ns per key)
space cost: 8.680676 MB (43.376231% of original size 20.012519 MB)
Querying trie...
Done!
total time: 796.052644 ms, avg latency: 796.052644 ns
not implemented
772.937978,8.680676,796.052644
[PASSED]
[time 2.15 s, user 2.00 s, sys 0.13 s, maxrss 195028 KB]
[busy 225 jiffies]
[exit 0]
--- c2 case 5 rec 2   load 1.33 1.19 1.04
[TEST MARISA]
Processing dataset...
Done!
Building trie...
Done!
build time: 826.272672 ms (826.272672 ns per key)
space cost: 7.806685 MB (39.009010% of original size 20.012519 MB)
Querying trie...
Done!
total time: 888.554458 ms, avg latency: 888.554458 ns
not implemented
826.272672,7.806685,888.554458
[PASSED]
[time 2.30 s, user 2.16 s, sys 0.12 s, maxrss 195224 KB]
[busy 240 jiffies]
[exit 0]
--- c2 case 6 rec 0   load 1.33 1.19 1.04
[TEST PDT]
Processing dataset...
Done!
Building trie...
dict size: 157446, stream size: 7395682
Done!
build time: 3432.464381 ms (3432.464381 ns per key)
space cost: 8.479283 MB (42.369895% of original size 20.012519 MB)
Querying trie...
Done!
total time: 650.875163 ms, avg latency: 650.875163 ns
not implemented
3432.464381,8.479283,650.875163
[PASSED]
[time 4.67 s, user 4.48 s, sys 0.17 s, maxrss 256680 KB]
[busy 483 jiffies]
[exit 0]
--- c2 case 7 rec 0   load 1.31 1.19 1.04
[TEST ART]
Processing dataset...
Done!
Building trie...
Done!
build time: 164.678636 ms (164.678636 ns per key)
space cost: 32.696541 MB (163.380437% of original size 20.012519 MB)
Querying trie...
Done!
total time: 405.741680 ms, avg latency: 405.741680 ns
not implemented
164.678636,32.696541,405.741680
[PASSED]
[time 1.15 s, user 1.03 s, sys 0.11 s, maxrss 176612 KB]
[busy 118 jiffies]
[exit 0]
--- c2 case 8 rec 0   load 1.28 1.19 1.04
[TEST CART]
Processing dataset...
Done!
Building trie...
Done!
build time: 214.688011 ms (214.688011 ns per key)
space cost: 14.850546 MB (74.206280% of original size 20.012519 MB)
Querying trie...
Done!
total time: 464.300461 ms, avg latency: 464.300461 ns
not implemented
214.688011,14.850546,464.300461
[PASSED]
[time 1.27 s, user 1.17 s, sys 0.09 s, maxrss 163668 KB]
[busy 131 jiffies]
[exit 0]
--- xcdat 7   load 1.28 1.19 1.04
build time: 640.228697 ms
space cost: 14.813288 MiB (74.020106% of original size 20.012519 MiB)
avg latency: 264.618969 ns
640.228697,14.813288,264.618969
[time 1.50 s, user 1.38 s, sys 0.11 s, maxrss 161528 KB]
[busy 159 jiffies]
[exit 0]
--- xcdat 8   load 1.26 1.18 1.03
build time: 610.313973 ms
space cost: 14.333878 MiB (71.624555% of original size 20.012519 MiB)
avg latency: 256.393442 ns
610.313973,14.333878,256.393442
[time 1.47 s, user 1.36 s, sys 0.10 s, maxrss 161440 KB]
[busy 152 jiffies]
[exit 0]
--- xcdat 15   load 1.26 1.18 1.03
build time: 637.124564 ms
space cost: 16.333202 MiB (81.614925% of original size 20.012519 MiB)
avg latency: 247.370547 ns
637.124564,16.333202,247.370547
[time 1.47 s, user 1.36 s, sys 0.09 s, maxrss 163396 KB]
[busy 154 jiffies]
[exit 0]
--- xcdat 16   load 1.24 1.18 1.03
build time: 608.977120 ms
space cost: 16.875467 MiB (84.324554% of original size 20.012519 MiB)
avg latency: 251.264524 ns
608.977120,16.875467,251.264524
[time 1.45 s, user 1.34 s, sys 0.11 s, maxrss 164772 KB]
[busy 149 jiffies]
[exit 0]

##### titles-ru-1000000 (1000000 lines, 36819661 bytes)   round 3/3   2026-09-26T04:26:07+03:00
--- lexindex dict32   load 1.24 1.18 1.03
1000000 keys
lexindex DictIndex block 32: build 277 ms, size 6.963 MiB (7.302 B/key), latency cold 449.7 ns, then mean 447.7 / min 446.2 ns
276.796,6.963340,449.719
[time 2.66 s, user 4.93 s, sys 0.32 s, maxrss 300672 KB]
[busy 541 jiffies]
[exit 0]
--- lexindex dict256   load 1.22 1.18 1.03
1000000 keys
lexindex DictIndex block 256: build 294 ms, size 6.544 MiB (6.862 B/key), latency cold 470.4 ns, then mean 468.2 / min 467.2 ns
293.730,6.543816,470.448
[time 2.74 s, user 5.12 s, sys 0.30 s, maxrss 299676 KB]
[busy 554 jiffies]
[exit 0]
--- lexindex dict1024   load 1.20 1.17 1.03
1000000 keys
lexindex DictIndex block 1024: build 305 ms, size 6.388 MiB (6.698 B/key), latency cold 531.0 ns, then mean 526.0 / min 523.5 ns
304.638,6.387671,530.958
[time 3.00 s, user 4.49 s, sys 0.30 s, maxrss 301080 KB]
[busy 494 jiffies]
[exit 0]
--- lexindex routed32   load 1.10 1.15 1.03
1000000 keys
lexindex DictIndex block 32 routed: build 282 ms, size 7.440 MiB (7.802 B/key), latency cold 433.4 ns, then mean 419.0 / min 413.8 ns
281.711,7.440177,433.354
[time 2.56 s, user 4.88 s, sys 0.29 s, maxrss 301388 KB]
[busy 528 jiffies]
[exit 0]
--- lexindex routed256   load 1.10 1.15 1.03
1000000 keys
lexindex DictIndex block 256 routed: build 286 ms, size 7.021 MiB (7.362 B/key), latency cold 408.2 ns, then mean 402.8 / min 401.4 ns
286.440,7.020744,408.211
[time 2.49 s, user 4.88 s, sys 0.33 s, maxrss 301032 KB]
[busy 535 jiffies]
[exit 0]
--- lexindex routed1024   load 1.10 1.15 1.03
1000000 keys
lexindex DictIndex block 1024 routed: build 302 ms, size 6.626 MiB (6.948 B/key), latency cold 435.7 ns, then mean 432.3 / min 429.8 ns
301.739,6.626197,435.742
[time 2.62 s, user 4.10 s, sys 0.29 s, maxrss 300472 KB]
[busy 450 jiffies]
[exit 0]
--- lexindex string   load 1.09 1.15 1.03
1000000 keys
lexindex StringIndex: build 1495 ms, size 30.276 MiB (31.746 B/key), latency cold 555.8 ns, then mean 554.6 / min 553.1 ns
1494.765,30.275526,555.782
[time 4.29 s, user 4.17 s, sys 0.10 s, maxrss 213360 KB]
[busy 443 jiffies]
[exit 0]
--- lexindex hashed0   load 1.08 1.15 1.03
1000000 keys
lexindex HashedDictIndex closed: build 452 ms, size 9.157 MiB (9.602 B/key), latency cold 53.3 ns, then mean 51.8 / min 51.3 ns
451.709,9.157313,53.301
[time 1.23 s, user 3.67 s, sys 0.33 s, maxrss 303008 KB]
[busy 412 jiffies]
[exit 0]
--- lexindex hashed8   load 1.08 1.15 1.03
1000000 keys
lexindex HashedDictIndex fp=8: build 455 ms, size 10.111 MiB (10.602 B/key), latency cold 63.3 ns, then mean 60.8 / min 60.6 ns
454.651,10.110988,63.323
[time 1.28 s, user 3.68 s, sys 0.32 s, maxrss 305256 KB]
[busy 414 jiffies]
[exit 0]
--- lexindex hashed16   load 1.07 1.14 1.03
1000000 keys
lexindex HashedDictIndex fp=16: build 452 ms, size 11.065 MiB (11.602 B/key), latency cold 64.1 ns, then mean 62.6 / min 62.2 ns
451.692,11.064662,64.101
[time 1.28 s, user 3.74 s, sys 0.32 s, maxrss 305516 KB]
[busy 415 jiffies]
[exit 0]
--- lexindex da   skipped: exit 3 in round 1
--- c2 case 0 rec 0   load 1.07 1.14 1.03
[TEST C2-FST]
Processing dataset...
Done!
Building trie...
Done!
build time: 1300.371556 ms (1300.371556 ns per key)
space cost: 13.454716 MB (39.387006% of original size 34.160291 MB)
Querying trie...
Done!
total time: 734.369892 ms, avg latency: 734.369892 ns
topology: 1.316696 MB, link: 2.448647 MB, data: 9.689372 MB
--- Unary Path Analysis (FST, cutoff=4) ---
  shared unary steps in main trie: 1444849
  terminal suffixes: inplace=70261 (avg len=2.02)  links=837902 (92.3% of terminal)
  link len: avg=18.90  max=238  total_chars=15835418
  link length distribution (len:count):  4:38002  5:25136  6:46678  7:25626  8:51081  9:27061  10:49555  11:26346  12:44099  13:24737  14:35638  15:24081  16:29538  17:19279  18:25434  19:16078  20:16463  21:14405  22:12877  23:14367  24:11738  25:15079  26:11391  27:16946  28:11354  29:17411  30:12058  31:16873  32:11600  33:15555  34:11210  35:12790  36:9994  37:10106  38:7923  39:7962  40:6648  41:5829  42:4930  43:4945  44:3895  45:3528  46:3382  47:2749  48:2598  49:2269  50:2117  51:1901  52:1753  53:1665  54:1553  55:1449  56:1305  57:1145  58:1092  59:1004  60:875  61:848  62:788  63:815  64:741  65:605  66:640  67:594  68:554  69:512  70:530  71:482  72:415  73:428  74:424  75:368  76:310  77:349  78:289  79:299  80:274  81:267  82:209  83:198  84:204  85:187  86:188  87:169  88:154  89:148  90:143  91:149  92:108  93:110  94:105  95:111  96:95  97:79  98:91  99:85  100:98  101:68  102:61  103:57  104:50  105:52  106:54  107:61  108:50  109:62  110:44  111:43  112:42  113:44  114:37  115:29  116:42  117:29  118:35  119:28  120:37  121:28  122:24  123:19  124:19  125:31  126:29  127:26  128:15  129:19  130:30  131:11  132:22  133:9  134:11  135:14  136:17  137:15  138:6  139:7  140:14  141:16  142:8  143:9  144:14  145:12  146:8  147:11  148:7  149:9  150:6  151:12  152:9  153:13  154:7  155:5  156:6  157:3  158:8  159:4  160:7  161:11  162:5  163:11  164:3  165:5  166:7  167:4  168:4  169:6  170:3  171:4  172:3  173:9  174:4  175:1  176:4  177:5  178:6  179:4  180:4  181:2  182:6  183:7  184:4  185:2  186:3  187:2  188:2  190:1  191:1  192:3  193:3  194:2  196:2  197:2  198:4  200:1  202:1  205:2  207:2  208:1  210:2  212:2  213:1  217:2  218:2  220:1  222:1  228:2  234:1  239:1
1300.371556,13.454716,734.369892
[PASSED]
[time 2.75 s, user 2.59 s, sys 0.14 s, maxrss 227140 KB]
[busy 286 jiffies]
[exit 0]
--- c2 case 0 rec 1   load 1.15 1.16 1.03
[TEST C2-FST]
Processing dataset...
Done!
Building trie...
trie size: 3.233313 MB
Done!
build time: 1681.451533 ms (1681.451533 ns per key)
space cost: 10.950089 MB (32.055021% of original size 34.160291 MB)
Querying trie...
Done!
total time: 735.333012 ms, avg latency: 735.333012 ns
topology: 1.728611 MB, link: 2.656099 MB, data: 6.565378 MB
--- Unary Path Analysis (FST, cutoff=4) ---
  shared unary steps in main trie: 1444849
  terminal suffixes: inplace=70261 (avg len=2.02)  links=837902 (92.3% of terminal)
  link len: avg=18.90  max=238  total_chars=15835418
  link length distribution (len:count):  4:38002  5:25136  6:46678  7:25626  8:51081  9:27061  10:49555  11:26346  12:44099  13:24737  14:35638  15:24081  16:29538  17:19279  18:25434  19:16078  20:16463  21:14405  22:12877  23:14367  24:11738  25:15079  26:11391  27:16946  28:11354  29:17411  30:12058  31:16873  32:11600  33:15555  34:11210  35:12790  36:9994  37:10106  38:7923  39:7962  40:6648  41:5829  42:4930  43:4945  44:3895  45:3528  46:3382  47:2749  48:2598  49:2269  50:2117  51:1901  52:1753  53:1665  54:1553  55:1449  56:1305  57:1145  58:1092  59:1004  60:875  61:848  62:788  63:815  64:741  65:605  66:640  67:594  68:554  69:512  70:530  71:482  72:415  73:428  74:424  75:368  76:310  77:349  78:289  79:299  80:274  81:267  82:209  83:198  84:204  85:187  86:188  87:169  88:154  89:148  90:143  91:149  92:108  93:110  94:105  95:111  96:95  97:79  98:91  99:85  100:98  101:68  102:61  103:57  104:50  105:52  106:54  107:61  108:50  109:62  110:44  111:43  112:42  113:44  114:37  115:29  116:42  117:29  118:35  119:28  120:37  121:28  122:24  123:19  124:19  125:31  126:29  127:26  128:15  129:19  130:30  131:11  132:22  133:9  134:11  135:14  136:17  137:15  138:6  139:7  140:14  141:16  142:8  143:9  144:14  145:12  146:8  147:11  148:7  149:9  150:6  151:12  152:9  153:13  154:7  155:5  156:6  157:3  158:8  159:4  160:7  161:11  162:5  163:11  164:3  165:5  166:7  167:4  168:4  169:6  170:3  171:4  172:3  173:9  174:4  175:1  176:4  177:5  178:6  179:4  180:4  181:2  182:6  183:7  184:4  185:2  186:3  187:2  188:2  190:1  191:1  192:3  193:3  194:2  196:2  197:2  198:4  200:1  202:1  205:2  207:2  208:1  210:2  212:2  213:1  217:2  218:2  220:1  222:1  228:2  234:1  239:1
1681.451533,10.950089,735.333012
[PASSED]
[time 3.15 s, user 2.99 s, sys 0.15 s, maxrss 215480 KB]
[busy 324 jiffies]
[exit 0]
--- c2 case 0 rec 2   load 1.14 1.16 1.03
[TEST C2-FST]
Processing dataset...
Done!
Building trie...
trie size: 3.233313 MB
trie size: 0.910584 MB
Done!
build time: 1829.355176 ms (1829.355176 ns per key)
space cost: 10.950089 MB (32.055021% of original size 34.160291 MB)
Querying trie...
Done!
total time: 759.798447 ms, avg latency: 759.798447 ns
topology: 1.728611 MB, link: 2.656099 MB, data: 6.565378 MB
--- Unary Path Analysis (FST, cutoff=4) ---
  shared unary steps in main trie: 1444849
  terminal suffixes: inplace=70261 (avg len=2.02)  links=837902 (92.3% of terminal)
  link len: avg=18.90  max=238  total_chars=15835418
  link length distribution (len:count):  4:38002  5:25136  6:46678  7:25626  8:51081  9:27061  10:49555  11:26346  12:44099  13:24737  14:35638  15:24081  16:29538  17:19279  18:25434  19:16078  20:16463  21:14405  22:12877  23:14367  24:11738  25:15079  26:11391  27:16946  28:11354  29:17411  30:12058  31:16873  32:11600  33:15555  34:11210  35:12790  36:9994  37:10106  38:7923  39:7962  40:6648  41:5829  42:4930  43:4945  44:3895  45:3528  46:3382  47:2749  48:2598  49:2269  50:2117  51:1901  52:1753  53:1665  54:1553  55:1449  56:1305  57:1145  58:1092  59:1004  60:875  61:848  62:788  63:815  64:741  65:605  66:640  67:594  68:554  69:512  70:530  71:482  72:415  73:428  74:424  75:368  76:310  77:349  78:289  79:299  80:274  81:267  82:209  83:198  84:204  85:187  86:188  87:169  88:154  89:148  90:143  91:149  92:108  93:110  94:105  95:111  96:95  97:79  98:91  99:85  100:98  101:68  102:61  103:57  104:50  105:52  106:54  107:61  108:50  109:62  110:44  111:43  112:42  113:44  114:37  115:29  116:42  117:29  118:35  119:28  120:37  121:28  122:24  123:19  124:19  125:31  126:29  127:26  128:15  129:19  130:30  131:11  132:22  133:9  134:11  135:14  136:17  137:15  138:6  139:7  140:14  141:16  142:8  143:9  144:14  145:12  146:8  147:11  148:7  149:9  150:6  151:12  152:9  153:13  154:7  155:5  156:6  157:3  158:8  159:4  160:7  161:11  162:5  163:11  164:3  165:5  166:7  167:4  168:4  169:6  170:3  171:4  172:3  173:9  174:4  175:1  176:4  177:5  178:6  179:4  180:4  181:2  182:6  183:7  184:4  185:2  186:3  187:2  188:2  190:1  191:1  192:3  193:3  194:2  196:2  197:2  198:4  200:1  202:1  205:2  207:2  208:1  210:2  212:2  213:1  217:2  218:2  220:1  222:1  228:2  234:1  239:1
1829.355176,10.950089,759.798447
[PASSED]
[time 3.31 s, user 3.14 s, sys 0.16 s, maxrss 215472 KB]
[busy 345 jiffies]
[exit 0]
--- c2 case 1 rec 0   load 1.04 1.14 1.02
[TEST C2-CoCo(LOUDS-Sparse)]
Processing dataset...
Done!
Building trie...
Done!
build time: 3492.459661 ms (3492.459661 ns per key)
space cost: 14.618523 MB (42.793905% of original size 34.160291 MB)
Querying trie...
Done!
total time: 1004.557627 ms, avg latency: 1004.557627 ns
topology: 0.472511 MB, link: 3.816133 MB, data: 10.329878 MB
3492.459661,14.618523,1004.557627
[PASSED]
[time 5.21 s, user 4.94 s, sys 0.24 s, maxrss 445788 KB]
[busy 538 jiffies]
[exit 0]
--- c2 case 1 rec 1   load 1.04 1.13 1.02
[TEST C2-CoCo(LOUDS-Sparse)]
Processing dataset...
Done!
Building trie...
trie size: 3.233313 MB
Done!
build time: 3891.750159 ms (3891.750159 ns per key)
space cost: 12.113895 MB (35.461921% of original size 34.160291 MB)
Querying trie...
Done!
total time: 1023.093478 ms, avg latency: 1023.093478 ns
topology: 0.884426 MB, link: 4.023585 MB, data: 7.205884 MB
3891.750159,12.113895,1023.093478
[PASSED]
[time 5.63 s, user 5.36 s, sys 0.25 s, maxrss 432744 KB]
[busy 580 jiffies]
[exit 0]
--- c2 case 1 rec 2   load 1.04 1.13 1.02
[TEST C2-CoCo(LOUDS-Sparse)]
Processing dataset...
Done!
Building trie...
trie size: 3.233313 MB
trie size: 0.910584 MB
Done!
build time: 4028.632692 ms (4028.632692 ns per key)
space cost: 12.113895 MB (35.461921% of original size 34.160291 MB)
Querying trie...
Done!
total time: 1032.940362 ms, avg latency: 1032.940362 ns
topology: 0.884426 MB, link: 4.023585 MB, data: 7.205884 MB
4028.632692,12.113895,1032.940362
[PASSED]
[time 5.79 s, user 5.53 s, sys 0.22 s, maxrss 432796 KB]
[busy 597 jiffies]
[exit 0]
--- c2 case 2 rec 0   load 1.03 1.13 1.02
[TEST C2-MARISA]
Processing dataset...
Done!
Building trie...
trie size: 2.484302 MB
Done!
build time: 1222.447905 ms (1222.447905 ns per key)
space cost: 12.012337 MB (35.164621% of original size 34.160291 MB)
Querying trie...
Done!
total time: 533.376486 ms, avg latency: 533.376486 ns
topology: 0.823292 MB, link: 2.965906 MB, data: 8.202631 MB
--- Unary Path Analysis (Marisa, cutoff=3) ---
  branches: 1657128  |  single-char: 447774 (27.0%)  short-unary: 128432 (7.8%)  links: 1080922 (65.2%)
  link len: avg=17.77  max=240  total_chars=19212544
  link length distribution (len:count):  3:87321  4:48292  5:58975  6:36358  7:58121  8:33015  9:59626  10:32247  11:55687  12:30072  13:49121  14:27545  15:39628  16:26319  17:32373  18:20972  19:27510  20:17247  21:17760  22:15297  23:13707  24:14933  25:12396  26:15583  27:11863  28:17395  29:11704  30:17896  31:12395  32:17216  33:11862  34:15819  35:11459  36:13046  37:10194  38:10344  39:8104  40:8139  41:6769  42:6000  43:5033  44:5077  45:3963  46:3720  47:3456  48:2871  49:2663  50:2321  51:2168  52:1981  53:1813  54:1693  55:1597  56:1488  57:1344  58:1172  59:1122  60:1025  61:904  62:871  63:814  64:834  65:767  66:626  67:663  68:607  69:568  70:524  71:545  72:489  73:428  74:436  75:441  76:375  77:319  78:357  79:299  80:304  81:282  82:274  83:213  84:203  85:208  86:189  87:193  88:179  89:159  90:153  91:146  92:153  93:110  94:115  95:107  96:113  97:98  98:81  99:92  100:91  101:100  102:69  103:62  104:60  105:53  106:53  107:55  108:63  109:50  110:63  111:44  112:45  113:43  114:49  115:38  116:32  117:45  118:31  119:36  120:28  121:37  122:28  123:24  124:20  125:19  126:32  127:29  128:26  129:15  130:19  131:30  132:11  133:22  134:9  135:11  136:14  137:18  138:15  139:6  140:8  141:14  142:16  143:8  144:10  145:14  146:12  147:8  148:11  149:7  150:9  151:6  152:12  153:9  154:13  155:7  156:5  157:6  158:3  159:8  160:4  161:7  162:11  163:6  164:11  165:3  166:5  167:7  168:4  169:5  170:6  171:3  172:4  173:3  174:9  175:4  176:1  177:4  178:5  179:7  180:4  181:4  182:2  183:6  184:7  185:4  186:2  187:3  188:2  189:2  191:1  192:1  193:3  194:3  195:2  197:2  198:2  199:4  201:1  203:1  206:2  208:2  209:1  211:2  213:2  214:1  218:2  219:2  221:1  223:1  229:2  235:1  240:1
  short unary avg len: 2.00
1222.447905,12.012337,533.376486
[PASSED]
[time 2.47 s, user 2.31 s, sys 0.15 s, maxrss 243604 KB]
[busy 257 jiffies]
[exit 0]
--- c2 case 2 rec 1   load 1.03 1.13 1.02
[TEST C2-MARISA]
Processing dataset...
Done!
Building trie...
trie size: 2.484302 MB
trie size: 4.015308 MB
Done!
build time: 1684.417496 ms (1684.417496 ns per key)
space cost: 9.221785 MB (26.995627% of original size 34.160291 MB)
Querying trie...
Done!
total time: 400.142318 ms, avg latency: 400.142318 ns
topology: 1.302711 MB, link: 3.189349 MB, data: 4.709216 MB
--- Unary Path Analysis (Marisa, cutoff=3) ---
  branches: 1657128  |  single-char: 447774 (27.0%)  short-unary: 128432 (7.8%)  links: 1080922 (65.2%)
  link len: avg=17.77  max=240  total_chars=19212544
  link length distribution (len:count):  3:87321  4:48292  5:58975  6:36358  7:58121  8:33015  9:59626  10:32247  11:55687  12:30072  13:49121  14:27545  15:39628  16:26319  17:32373  18:20972  19:27510  20:17247  21:17760  22:15297  23:13707  24:14933  25:12396  26:15583  27:11863  28:17395  29:11704  30:17896  31:12395  32:17216  33:11862  34:15819  35:11459  36:13046  37:10194  38:10344  39:8104  40:8139  41:6769  42:6000  43:5033  44:5077  45:3963  46:3720  47:3456  48:2871  49:2663  50:2321  51:2168  52:1981  53:1813  54:1693  55:1597  56:1488  57:1344  58:1172  59:1122  60:1025  61:904  62:871  63:814  64:834  65:767  66:626  67:663  68:607  69:568  70:524  71:545  72:489  73:428  74:436  75:441  76:375  77:319  78:357  79:299  80:304  81:282  82:274  83:213  84:203  85:208  86:189  87:193  88:179  89:159  90:153  91:146  92:153  93:110  94:115  95:107  96:113  97:98  98:81  99:92  100:91  101:100  102:69  103:62  104:60  105:53  106:53  107:55  108:63  109:50  110:63  111:44  112:45  113:43  114:49  115:38  116:32  117:45  118:31  119:36  120:28  121:37  122:28  123:24  124:20  125:19  126:32  127:29  128:26  129:15  130:19  131:30  132:11  133:22  134:9  135:11  136:14  137:18  138:15  139:6  140:8  141:14  142:16  143:8  144:10  145:14  146:12  147:8  148:11  149:7  150:9  151:6  152:12  153:9  154:13  155:7  156:5  157:6  158:3  159:8  160:4  161:7  162:11  163:6  164:11  165:3  166:5  167:7  168:4  169:5  170:6  171:3  172:4  173:3  174:9  175:4  176:1  177:4  178:5  179:7  180:4  181:4  182:2  183:6  184:7  185:4  186:2  187:3  188:2  189:2  191:1  192:1  193:3  194:3  195:2  197:2  198:2  199:4  201:1  203:1  206:2  208:2  209:1  211:2  213:2  214:1  218:2  219:2  221:1  223:1  229:2  235:1  240:1
  short unary avg len: 2.00
1684.417496,9.221785,400.142318
[PASSED]
[time 2.82 s, user 2.65 s, sys 0.15 s, maxrss 227092 KB]
[busy 293 jiffies]
[exit 0]
--- c2 case 2 rec 2   load 1.02 1.12 1.02
[TEST C2-MARISA]
Processing dataset...
Done!
Building trie...
trie size: 2.484302 MB
trie size: 4.015308 MB
trie size: 1.015766 MB
Done!
build time: 1780.751812 ms (1780.751812 ns per key)
space cost: 8.714260 MB (25.509912% of original size 34.160291 MB)
Querying trie...
Done!
total time: 400.752595 ms, avg latency: 400.752595 ns
topology: 1.481594 MB, link: 3.266720 MB, data: 3.945438 MB
--- Unary Path Analysis (Marisa, cutoff=3) ---
  branches: 1657128  |  single-char: 447774 (27.0%)  short-unary: 128432 (7.8%)  links: 1080922 (65.2%)
  link len: avg=17.77  max=240  total_chars=19212544
  link length distribution (len:count):  3:87321  4:48292  5:58975  6:36358  7:58121  8:33015  9:59626  10:32247  11:55687  12:30072  13:49121  14:27545  15:39628  16:26319  17:32373  18:20972  19:27510  20:17247  21:17760  22:15297  23:13707  24:14933  25:12396  26:15583  27:11863  28:17395  29:11704  30:17896  31:12395  32:17216  33:11862  34:15819  35:11459  36:13046  37:10194  38:10344  39:8104  40:8139  41:6769  42:6000  43:5033  44:5077  45:3963  46:3720  47:3456  48:2871  49:2663  50:2321  51:2168  52:1981  53:1813  54:1693  55:1597  56:1488  57:1344  58:1172  59:1122  60:1025  61:904  62:871  63:814  64:834  65:767  66:626  67:663  68:607  69:568  70:524  71:545  72:489  73:428  74:436  75:441  76:375  77:319  78:357  79:299  80:304  81:282  82:274  83:213  84:203  85:208  86:189  87:193  88:179  89:159  90:153  91:146  92:153  93:110  94:115  95:107  96:113  97:98  98:81  99:92  100:91  101:100  102:69  103:62  104:60  105:53  106:53  107:55  108:63  109:50  110:63  111:44  112:45  113:43  114:49  115:38  116:32  117:45  118:31  119:36  120:28  121:37  122:28  123:24  124:20  125:19  126:32  127:29  128:26  129:15  130:19  131:30  132:11  133:22  134:9  135:11  136:14  137:18  138:15  139:6  140:8  141:14  142:16  143:8  144:10  145:14  146:12  147:8  148:11  149:7  150:9  151:6  152:12  153:9  154:13  155:7  156:5  157:6  158:3  159:8  160:4  161:7  162:11  163:6  164:11  165:3  166:5  167:7  168:4  169:5  170:6  171:3  172:4  173:3  174:9  175:4  176:1  177:4  178:5  179:7  180:4  181:4  182:2  183:6  184:7  185:4  186:2  187:3  188:2  189:2  191:1  192:1  193:3  194:3  195:2  197:2  198:2  199:4  201:1  203:1  206:2  208:2  209:1  211:2  213:2  214:1  218:2  219:2  221:1  223:1  229:2  235:1  240:1
  short unary avg len: 2.00
1780.751812,8.714260,400.752595
[PASSED]
[time 2.90 s, user 2.74 s, sys 0.14 s, maxrss 227400 KB]
[busy 299 jiffies]
[exit 0]
--- c2 case 3 rec 0   load 1.02 1.12 1.02
[TEST FST]
Processing dataset...
Done!
Building trie...
Done!
build time: 1159.738634 ms (1159.738634 ns per key)
space cost: 15.406425 MB (45.100393% of original size 34.160291 MB)
Querying trie...
Done!
total time: 1208.047174 ms, avg latency: 1208.047174 ns
not implemented
1159.738634,15.406425,1208.047174
[PASSED]
[time 3.09 s, user 2.96 s, sys 0.11 s, maxrss 177284 KB]
[busy 319 jiffies]
[exit 0]
--- c2 case 4 rec 0   skipped: exit 134 in round 1
--- c2 case 5 rec 0   load 0.94 1.10 1.02
[TEST MARISA]
Processing dataset...
Done!
Building trie...
Done!
build time: 764.725976 ms (764.725976 ns per key)
space cost: 14.925114 MB (43.691413% of original size 34.160291 MB)
Querying trie...
Done!
total time: 693.803994 ms, avg latency: 693.803994 ns
not implemented
764.725976,14.925114,693.803994
[PASSED]
[time 2.17 s, user 2.00 s, sys 0.15 s, maxrss 231288 KB]
[busy 224 jiffies]
[exit 0]
--- c2 case 5 rec 1   load 0.94 1.10 1.02
[TEST MARISA]
Processing dataset...
Done!
Building trie...
Done!
build time: 961.609720 ms (961.609720 ns per key)
space cost: 9.445531 MB (27.650616% of original size 34.160291 MB)
Querying trie...
Done!
total time: 1084.317117 ms, avg latency: 1084.317117 ns
not implemented
961.609720,9.445531,1084.317117
[PASSED]
[time 2.74 s, user 2.58 s, sys 0.14 s, maxrss 231064 KB]
[busy 283 jiffies]
[exit 0]
--- c2 case 5 rec 2   load 0.94 1.10 1.02
[TEST MARISA]
Processing dataset...
Done!
Building trie...
Done!
build time: 1018.949531 ms (1018.949531 ns per key)
space cost: 8.209226 MB (24.031487% of original size 34.160291 MB)
Querying trie...
Done!
total time: 1230.571370 ms, avg latency: 1230.571370 ns
not implemented
1018.949531,8.209226,1230.571370
[PASSED]
[time 2.95 s, user 2.78 s, sys 0.16 s, maxrss 231360 KB]
[busy 303 jiffies]
[exit 0]
--- c2 case 6 rec 0   load 0.95 1.10 1.02
[TEST PDT]
Processing dataset...
Done!
Building trie...
dict size: 149058, stream size: 8676288
Done!
build time: 2784.262241 ms (2784.262241 ns per key)
space cost: 9.692565 MB (28.373778% of original size 34.160291 MB)
Querying trie...
Done!
total time: 774.763919 ms, avg latency: 774.763919 ns
not implemented
2784.262241,9.692565,774.763919
[PASSED]
[time 4.27 s, user 4.05 s, sys 0.20 s, maxrss 238176 KB]
[busy 440 jiffies]
[exit 0]
--- c2 case 7 rec 0   load 0.95 1.10 1.01
[TEST ART]
Processing dataset...
Done!
Building trie...
Done!
build time: 234.872732 ms (234.872732 ns per key)
space cost: 37.032776 MB (108.408843% of original size 34.160291 MB)
Querying trie...
Done!
total time: 589.208202 ms, avg latency: 589.208202 ns
not implemented
234.872732,37.032776,589.208202
[PASSED]
[time 1.55 s, user 1.43 s, sys 0.11 s, maxrss 239256 KB]
[busy 162 jiffies]
[exit 0]
--- c2 case 8 rec 0   load 0.95 1.10 1.01
[TEST CART]
Processing dataset...
Done!
Building trie...
Done!
build time: 296.145652 ms (296.145652 ns per key)
space cost: 17.935776 MB (52.504752% of original size 34.160291 MB)
Querying trie...
Done!
total time: 660.738568 ms, avg latency: 660.738568 ns
not implemented
296.145652,17.935776,660.738568
[PASSED]
[time 1.71 s, user 1.58 s, sys 0.12 s, maxrss 228696 KB]
[busy 179 jiffies]
[exit 0]
--- xcdat 7   load 0.96 1.09 1.01
build time: 830.571419 ms
space cost: 18.793670 MiB (55.016129% of original size 34.160291 MiB)
avg latency: 390.048661 ns
830.571419,18.793670,390.048661
[time 1.93 s, user 1.78 s, sys 0.14 s, maxrss 207444 KB]
[busy 201 jiffies]
[exit 0]
--- xcdat 8   load 0.88 1.08 1.01
build time: 778.561375 ms
space cost: 18.486019 MiB (54.115521% of original size 34.160291 MiB)
avg latency: 370.498863 ns
778.561375,18.486019,370.498863
[time 1.87 s, user 1.71 s, sys 0.15 s, maxrss 207428 KB]
[busy 195 jiffies]
[exit 0]
--- xcdat 15   load 0.88 1.08 1.01
build time: 824.087706 ms
space cost: 22.013930 MiB (64.443041% of original size 34.160291 MiB)
avg latency: 360.631702 ns
824.087706,22.013930,360.631702
[time 1.91 s, user 1.74 s, sys 0.15 s, maxrss 213312 KB]
[busy 197 jiffies]
[exit 0]
--- xcdat 16   load 0.89 1.07 1.01
build time: 788.214826 ms
space cost: 22.860906 MiB (66.922456% of original size 34.160291 MiB)
avg latency: 382.907101 ns
788.214826,22.860906,382.907101
[time 1.90 s, user 1.73 s, sys 0.15 s, maxrss 213308 KB]
[busy 199 jiffies]
[exit 0]

##### titles-zh-1000000 (1000000 lines, 17871822 bytes)   round 3/3   2026-09-26T04:28:02+03:00
--- lexindex dict32   load 0.89 1.07 1.01
1000000 keys
lexindex DictIndex block 32: build 216 ms, size 5.823 MiB (6.105 B/key), latency cold 362.4 ns, then mean 356.6 / min 355.8 ns
215.772,5.822630,362.430
[time 2.16 s, user 3.71 s, sys 0.29 s, maxrss 260192 KB]
[busy 414 jiffies]
[exit 0]
--- lexindex dict256   load 0.90 1.07 1.01
1000000 keys
lexindex DictIndex block 256: build 219 ms, size 5.580 MiB (5.851 B/key), latency cold 376.9 ns, then mean 372.4 / min 369.6 ns
219.298,5.580144,376.936
[time 2.21 s, user 3.81 s, sys 0.29 s, maxrss 261628 KB]
[busy 424 jiffies]
[exit 0]
--- lexindex dict1024   load 0.83 1.06 1.00
1000000 keys
lexindex DictIndex block 1024: build 233 ms, size 5.423 MiB (5.687 B/key), latency cold 452.6 ns, then mean 448.8 / min 447.7 ns
233.400,5.423172,452.592
[time 2.53 s, user 3.48 s, sys 0.22 s, maxrss 248820 KB]
[busy 379 jiffies]
[exit 0]
--- lexindex routed32   load 0.83 1.06 1.00
1000000 keys
lexindex DictIndex block 32 routed: build 218 ms, size 6.299 MiB (6.605 B/key), latency cold 342.8 ns, then mean 326.2 / min 325.0 ns
218.357,6.299467,342.825
[time 2.05 s, user 3.59 s, sys 0.30 s, maxrss 260816 KB]
[busy 400 jiffies]
[exit 0]
--- lexindex routed256   load 0.84 1.05 1.00
1000000 keys
lexindex DictIndex block 256 routed: build 221 ms, size 6.057 MiB (6.351 B/key), latency cold 301.4 ns, then mean 296.6 / min 292.8 ns
221.337,6.057073,301.351
[time 1.92 s, user 3.54 s, sys 0.28 s, maxrss 261912 KB]
[busy 394 jiffies]
[exit 0]
--- lexindex routed1024   load 0.77 1.04 1.00
1000000 keys
lexindex DictIndex block 1024 routed: build 235 ms, size 5.662 MiB (5.937 B/key), latency cold 332.0 ns, then mean 330.9 / min 330.2 ns
234.725,5.661697,332.033
[time 2.06 s, user 2.99 s, sys 0.24 s, maxrss 249164 KB]
[busy 333 jiffies]
[exit 0]
--- lexindex string   load 0.77 1.04 1.00
1000000 keys
lexindex StringIndex: build 758 ms, size 16.712 MiB (17.523 B/key), latency cold 297.0 ns, then mean 282.3 / min 279.9 ns
757.768,16.711605,297.048
[time 2.40 s, user 2.31 s, sys 0.07 s, maxrss 152788 KB]
[busy 248 jiffies]
[exit 0]
--- lexindex hashed0   load 0.79 1.04 1.00
1000000 keys
lexindex HashedDictIndex closed: build 340 ms, size 8.194 MiB (8.592 B/key), latency cold 35.1 ns, then mean 29.7 / min 29.1 ns
339.805,8.193651,35.118
[time 0.97 s, user 2.60 s, sys 0.31 s, maxrss 256640 KB]
[busy 300 jiffies]
[exit 0]
--- lexindex hashed8   load 0.79 1.04 1.00
1000000 keys
lexindex HashedDictIndex fp=8: build 346 ms, size 9.147 MiB (9.592 B/key), latency cold 44.9 ns, then mean 35.6 / min 34.6 ns
346.314,9.147326,44.908
[time 1.00 s, user 2.70 s, sys 0.29 s, maxrss 262120 KB]
[busy 312 jiffies]
[exit 0]
--- lexindex hashed16   load 0.73 1.02 0.99
1000000 keys
lexindex HashedDictIndex fp=16: build 337 ms, size 10.101 MiB (10.592 B/key), latency cold 41.6 ns, then mean 36.1 / min 35.7 ns
336.821,10.101000,41.618
[time 0.98 s, user 2.61 s, sys 0.30 s, maxrss 262696 KB]
[busy 304 jiffies]
[exit 0]
--- lexindex da   load 0.73 1.02 0.99
1000000 keys
lexindex DoubleArrayIndex: build 1492 ms, size 31.692 MiB (33.232 B/key), latency cold 238.9 ns, then mean 242.1 / min 241.1 ns
1491.959,31.692200,238.857
[time 2.94 s, user 2.75 s, sys 0.17 s, maxrss 188028 KB]
[busy 304 jiffies]
[exit 0]
--- c2 case 0 rec 0   load 0.75 1.02 0.99
[TEST C2-FST]
Processing dataset...
Done!
Building trie...
Done!
build time: 672.579569 ms (672.579569 ns per key)
space cost: 9.315402 MB (57.894796% of original size 16.090223 MB)
Querying trie...
Done!
total time: 426.157805 ms, avg latency: 426.157805 ns
topology: 1.013481 MB, link: 1.860200 MB, data: 6.441721 MB
--- Unary Path Analysis (FST, cutoff=4) ---
  shared unary steps in main trie: 533155
  terminal suffixes: inplace=237541 (avg len=1.85)  links=651614 (73.3% of terminal)
  link len: avg=9.49  max=219  total_chars=6184530
  link length distribution (len:count):  4:101787  5:75109  6:33236  7:70197  8:54797  9:28682  10:45020  11:39800  12:18111  13:26128  14:25316  15:13287  16:18412  17:17629  18:7811  19:11663  20:10322  21:4897  22:7909  23:6587  24:3201  25:5027  26:3953  27:2124  28:3009  29:2707  30:1318  31:2090  32:1807  33:932  34:1302  35:1246  36:576  37:856  38:792  39:335  40:596  41:485  42:228  43:398  44:289  45:126  46:187  47:184  48:83  49:123  50:115  51:56  52:76  53:79  54:43  55:73  56:58  57:28  58:35  59:27  60:9  61:32  62:19  63:18  64:20  65:11  66:19  67:16  68:13  69:6  70:14  71:16  72:6  73:9  74:5  75:5  76:7  77:5  78:2  79:17  80:2  81:7  82:8  83:7  84:3  85:7  86:7  87:3  88:3  89:2  90:4  91:3  92:3  93:1  94:1  95:3  96:5  97:1  98:4  101:2  102:1  103:1  104:1  106:2  107:1  112:2  113:1  115:1  116:1  120:1  121:1  122:1  124:1  130:1  138:1  148:1  151:1  155:2  184:1  188:1  204:1  220:1
672.579569,9.315402,426.157805
[PASSED]
[time 1.60 s, user 1.49 s, sys 0.10 s, maxrss 186316 KB]
[busy 166 jiffies]
[exit 0]
--- c2 case 0 rec 1   load 0.75 1.02 0.99
[TEST C2-FST]
Processing dataset...
Done!
Building trie...
trie size: 2.382156 MB
Done!
build time: 838.251723 ms (838.251723 ns per key)
space cost: 7.814046 MB (48.563937% of original size 16.090223 MB)
Querying trie...
Done!
total time: 437.312537 ms, avg latency: 437.312537 ns
topology: 1.289776 MB, link: 2.002253 MB, data: 4.522017 MB
--- Unary Path Analysis (FST, cutoff=4) ---
  shared unary steps in main trie: 533155
  terminal suffixes: inplace=237541 (avg len=1.85)  links=651614 (73.3% of terminal)
  link len: avg=9.49  max=219  total_chars=6184530
  link length distribution (len:count):  4:101787  5:75109  6:33236  7:70197  8:54797  9:28682  10:45020  11:39800  12:18111  13:26128  14:25316  15:13287  16:18412  17:17629  18:7811  19:11663  20:10322  21:4897  22:7909  23:6587  24:3201  25:5027  26:3953  27:2124  28:3009  29:2707  30:1318  31:2090  32:1807  33:932  34:1302  35:1246  36:576  37:856  38:792  39:335  40:596  41:485  42:228  43:398  44:289  45:126  46:187  47:184  48:83  49:123  50:115  51:56  52:76  53:79  54:43  55:73  56:58  57:28  58:35  59:27  60:9  61:32  62:19  63:18  64:20  65:11  66:19  67:16  68:13  69:6  70:14  71:16  72:6  73:9  74:5  75:5  76:7  77:5  78:2  79:17  80:2  81:7  82:8  83:7  84:3  85:7  86:7  87:3  88:3  89:2  90:4  91:3  92:3  93:1  94:1  95:3  96:5  97:1  98:4  101:2  102:1  103:1  104:1  106:2  107:1  112:2  113:1  115:1  116:1  120:1  121:1  122:1  124:1  130:1  138:1  148:1  151:1  155:2  184:1  188:1  204:1  220:1
838.251723,7.814046,437.312537
[PASSED]
[time 1.78 s, user 1.65 s, sys 0.12 s, maxrss 186452 KB]
[busy 183 jiffies]
[exit 0]
--- c2 case 0 rec 2   load 0.77 1.02 0.99
[TEST C2-FST]
Processing dataset...
Done!
Building trie...
trie size: 2.382156 MB
trie size: 0.519189 MB
Done!
build time: 902.298035 ms (902.298035 ns per key)
space cost: 7.814046 MB (48.563937% of original size 16.090223 MB)
Querying trie...
Done!
total time: 440.649768 ms, avg latency: 440.649768 ns
topology: 1.289776 MB, link: 2.002253 MB, data: 4.522017 MB
--- Unary Path Analysis (FST, cutoff=4) ---
  shared unary steps in main trie: 533155
  terminal suffixes: inplace=237541 (avg len=1.85)  links=651614 (73.3% of terminal)
  link len: avg=9.49  max=219  total_chars=6184530
  link length distribution (len:count):  4:101787  5:75109  6:33236  7:70197  8:54797  9:28682  10:45020  11:39800  12:18111  13:26128  14:25316  15:13287  16:18412  17:17629  18:7811  19:11663  20:10322  21:4897  22:7909  23:6587  24:3201  25:5027  26:3953  27:2124  28:3009  29:2707  30:1318  31:2090  32:1807  33:932  34:1302  35:1246  36:576  37:856  38:792  39:335  40:596  41:485  42:228  43:398  44:289  45:126  46:187  47:184  48:83  49:123  50:115  51:56  52:76  53:79  54:43  55:73  56:58  57:28  58:35  59:27  60:9  61:32  62:19  63:18  64:20  65:11  66:19  67:16  68:13  69:6  70:14  71:16  72:6  73:9  74:5  75:5  76:7  77:5  78:2  79:17  80:2  81:7  82:8  83:7  84:3  85:7  86:7  87:3  88:3  89:2  90:4  91:3  92:3  93:1  94:1  95:3  96:5  97:1  98:4  101:2  102:1  103:1  104:1  106:2  107:1  112:2  113:1  115:1  116:1  120:1  121:1  122:1  124:1  130:1  138:1  148:1  151:1  155:2  184:1  188:1  204:1  220:1
902.298035,7.814046,440.649768
[PASSED]
[time 1.86 s, user 1.73 s, sys 0.12 s, maxrss 186472 KB]
[busy 195 jiffies]
[exit 0]
--- c2 case 1 rec 0   load 0.77 1.02 0.99
[TEST C2-CoCo(LOUDS-Sparse)]
Processing dataset...
Done!
Building trie...
Done!
build time: 1635.390066 ms (1635.390066 ns per key)
space cost: 10.076944 MB (62.627748% of original size 16.090223 MB)
Querying trie...
Done!
total time: 626.307266 ms, avg latency: 626.307266 ns
topology: 0.428116 MB, link: 2.771456 MB, data: 6.877373 MB
1635.390066,10.076944,626.307266
[PASSED]
[time 2.75 s, user 2.55 s, sys 0.19 s, maxrss 343852 KB]
[busy 284 jiffies]
[exit 0]
--- c2 case 1 rec 1   load 0.79 1.02 0.99
[TEST C2-CoCo(LOUDS-Sparse)]
Processing dataset...
Done!
Building trie...
trie size: 2.382156 MB
Done!
build time: 1806.952117 ms (1806.952117 ns per key)
space cost: 8.575588 MB (53.296888% of original size 16.090223 MB)
Querying trie...
Done!
total time: 640.428362 ms, avg latency: 640.428362 ns
topology: 0.704411 MB, link: 2.913508 MB, data: 4.957669 MB
1806.952117,8.575588,640.428362
[PASSED]
[time 2.95 s, user 2.73 s, sys 0.20 s, maxrss 343440 KB]
[busy 306 jiffies]
[exit 0]
--- c2 case 1 rec 2   load 0.81 1.02 0.99
[TEST C2-CoCo(LOUDS-Sparse)]
Processing dataset...
Done!
Building trie...
trie size: 2.382156 MB
trie size: 0.519189 MB
Done!
build time: 1858.259942 ms (1858.259942 ns per key)
space cost: 8.575588 MB (53.296888% of original size 16.090223 MB)
Querying trie...
Done!
total time: 646.931302 ms, avg latency: 646.931302 ns
topology: 0.704411 MB, link: 2.913508 MB, data: 4.957669 MB
1858.259942,8.575588,646.931302
[PASSED]
[time 3.01 s, user 2.80 s, sys 0.19 s, maxrss 343496 KB]
[busy 312 jiffies]
[exit 0]
--- c2 case 2 rec 0   load 0.82 1.02 0.99
[TEST C2-MARISA]
Processing dataset...
Done!
Building trie...
trie size: 2.376703 MB
Done!
build time: 735.313806 ms (735.313806 ns per key)
space cost: 9.316646 MB (57.902525% of original size 16.090223 MB)
Querying trie...
Done!
total time: 332.627107 ms, avg latency: 332.627107 ns
topology: 0.787403 MB, link: 2.444094 MB, data: 6.064641 MB
--- Unary Path Analysis (Marisa, cutoff=3) ---
  branches: 1581104  |  single-char: 512959 (32.4%)  short-unary: 177539 (11.2%)  links: 890606 (56.3%)
  link len: avg=9.57  max=221  total_chars=8521548
  link length distribution (len:count):  3:117743  4:70413  5:118917  6:85174  7:37680  8:75877  9:57977  10:30193  11:47337  12:41279  13:18765  14:27062  15:25994  16:13620  17:18901  18:18001  19:8082  20:11948  21:10483  22:5017  23:8072  24:6695  25:3249  26:5099  27:4017  28:2164  29:3054  30:2749  31:1341  32:2116  33:1821  34:942  35:1314  36:1256  37:587  38:865  39:798  40:341  41:600  42:486  43:231  44:401  45:290  46:126  47:187  48:184  49:84  50:123  51:115  52:56  53:77  54:82  55:43  56:74  57:60  58:29  59:35  60:27  61:10  62:32  63:19  64:19  65:20  66:11  67:19  68:16  69:13  70:6  71:14  72:16  73:6  74:9  75:5  76:5  77:7  78:5  79:2  80:17  81:2  82:7  83:8  84:7  85:3  86:7  87:7  88:3  89:3  90:2  91:4  92:3  93:3  94:1  95:1  96:4  97:5  98:1  99:4  102:2  103:1  104:1  105:1  107:2  108:1  113:2  114:1  116:1  117:1  121:1  122:1  123:1  125:1  131:1  139:1  149:1  152:1  156:2  185:1  189:1  205:1  221:1
  short unary avg len: 2.00
735.313806,9.316646,332.627107
[PASSED]
[time 1.55 s, user 1.40 s, sys 0.14 s, maxrss 216424 KB]
[busy 160 jiffies]
[exit 0]
--- c2 case 2 rec 1   load 0.82 1.02 0.99
[TEST C2-MARISA]
Processing dataset...
Done!
Building trie...
trie size: 2.376703 MB
trie size: 3.200656 MB
Done!
build time: 939.244603 ms (939.244603 ns per key)
space cost: 7.215687 MB (44.845163% of original size 16.090223 MB)
Querying trie...
Done!
total time: 291.615791 ms, avg latency: 291.615791 ns
topology: 1.146584 MB, link: 2.476871 MB, data: 3.571725 MB
--- Unary Path Analysis (Marisa, cutoff=3) ---
  branches: 1581104  |  single-char: 512959 (32.4%)  short-unary: 177539 (11.2%)  links: 890606 (56.3%)
  link len: avg=9.57  max=221  total_chars=8521548
  link length distribution (len:count):  3:117743  4:70413  5:118917  6:85174  7:37680  8:75877  9:57977  10:30193  11:47337  12:41279  13:18765  14:27062  15:25994  16:13620  17:18901  18:18001  19:8082  20:11948  21:10483  22:5017  23:8072  24:6695  25:3249  26:5099  27:4017  28:2164  29:3054  30:2749  31:1341  32:2116  33:1821  34:942  35:1314  36:1256  37:587  38:865  39:798  40:341  41:600  42:486  43:231  44:401  45:290  46:126  47:187  48:184  49:84  50:123  51:115  52:56  53:77  54:82  55:43  56:74  57:60  58:29  59:35  60:27  61:10  62:32  63:19  64:19  65:20  66:11  67:19  68:16  69:13  70:6  71:14  72:16  73:6  74:9  75:5  76:5  77:7  78:5  79:2  80:17  81:2  82:7  83:8  84:7  85:3  86:7  87:7  88:3  89:3  90:2  91:4  92:3  93:3  94:1  95:1  96:4  97:5  98:1  99:4  102:2  103:1  104:1  105:1  107:2  108:1  113:2  114:1  116:1  117:1  121:1  122:1  123:1  125:1  131:1  139:1  149:1  152:1  156:2  185:1  189:1  205:1  221:1
  short unary avg len: 2.00
939.244603,7.215687,291.615791
[PASSED]
[time 1.73 s, user 1.58 s, sys 0.13 s, maxrss 216536 KB]
[busy 180 jiffies]
[exit 0]
--- c2 case 2 rec 2   load 0.84 1.02 0.99
[TEST C2-MARISA]
Processing dataset...
Done!
Building trie...
trie size: 2.376703 MB
trie size: 3.200656 MB
trie size: 0.643222 MB
Done!
build time: 1014.592103 ms (1014.592103 ns per key)
space cost: 7.215687 MB (44.845163% of original size 16.090223 MB)
Querying trie...
Done!
total time: 282.972909 ms, avg latency: 282.972909 ns
topology: 1.146584 MB, link: 2.476871 MB, data: 3.571725 MB
--- Unary Path Analysis (Marisa, cutoff=3) ---
  branches: 1581104  |  single-char: 512959 (32.4%)  short-unary: 177539 (11.2%)  links: 890606 (56.3%)
  link len: avg=9.57  max=221  total_chars=8521548
  link length distribution (len:count):  3:117743  4:70413  5:118917  6:85174  7:37680  8:75877  9:57977  10:30193  11:47337  12:41279  13:18765  14:27062  15:25994  16:13620  17:18901  18:18001  19:8082  20:11948  21:10483  22:5017  23:8072  24:6695  25:3249  26:5099  27:4017  28:2164  29:3054  30:2749  31:1341  32:2116  33:1821  34:942  35:1314  36:1256  37:587  38:865  39:798  40:341  41:600  42:486  43:231  44:401  45:290  46:126  47:187  48:184  49:84  50:123  51:115  52:56  53:77  54:82  55:43  56:74  57:60  58:29  59:35  60:27  61:10  62:32  63:19  64:19  65:20  66:11  67:19  68:16  69:13  70:6  71:14  72:16  73:6  74:9  75:5  76:5  77:7  78:5  79:2  80:17  81:2  82:7  83:8  84:7  85:3  86:7  87:7  88:3  89:3  90:2  91:4  92:3  93:3  94:1  95:1  96:4  97:5  98:1  99:4  102:2  103:1  104:1  105:1  107:2  108:1  113:2  114:1  116:1  117:1  121:1  122:1  123:1  125:1  131:1  139:1  149:1  152:1  156:2  185:1  189:1  205:1  221:1
  short unary avg len: 2.00
1014.592103,7.215687,282.972909
[PASSED]
[time 1.79 s, user 1.64 s, sys 0.13 s, maxrss 216340 KB]
[busy 182 jiffies]
[exit 0]
--- c2 case 3 rec 0   load 0.84 1.02 0.99
[TEST FST]
Processing dataset...
Done!
Building trie...
Done!
build time: 662.948450 ms (662.948450 ns per key)
space cost: 9.251146 MB (57.495450% of original size 16.090223 MB)
Querying trie...
Done!
total time: 598.923868 ms, avg latency: 598.923868 ns
not implemented
662.948450,9.251146,598.923868
[PASSED]
[time 1.77 s, user 1.69 s, sys 0.06 s, maxrss 110920 KB]
[busy 182 jiffies]
[exit 0]
--- c2 case 4 rec 0   skipped: exit 134 in round 1
--- c2 case 5 rec 0   load 0.85 1.01 0.99
[TEST MARISA]
Processing dataset...
Done!
Building trie...
Done!
build time: 533.370304 ms (533.370304 ns per key)
space cost: 9.064179 MB (56.333459% of original size 16.090223 MB)
Querying trie...
Done!
total time: 463.602640 ms, avg latency: 463.602640 ns
not implemented
533.370304,9.064179,463.602640
[PASSED]
[time 1.50 s, user 1.37 s, sys 0.12 s, maxrss 182300 KB]
[busy 159 jiffies]
[exit 0]
--- c2 case 5 rec 1   load 0.78 1.00 0.99
[TEST MARISA]
Processing dataset...
Done!
Building trie...
Done!
build time: 649.370486 ms (649.370486 ns per key)
space cost: 6.703102 MB (41.659472% of original size 16.090223 MB)
Querying trie...
Done!
total time: 679.209377 ms, avg latency: 679.209377 ns
not implemented
649.370486,6.703102,679.209377
[PASSED]
[time 1.82 s, user 1.67 s, sys 0.13 s, maxrss 182372 KB]
[busy 186 jiffies]
[exit 0]
--- c2 case 5 rec 2   load 0.78 1.00 0.99
[TEST MARISA]
Processing dataset...
Done!
Building trie...
Done!
build time: 675.268622 ms (675.268622 ns per key)
space cost: 6.233802 MB (38.742793% of original size 16.090223 MB)
Querying trie...
Done!
total time: 764.696581 ms, avg latency: 764.696581 ns
not implemented
675.268622,6.233802,764.696581
[PASSED]
[time 1.93 s, user 1.80 s, sys 0.11 s, maxrss 182304 KB]
[busy 198 jiffies]
[exit 0]
--- c2 case 6 rec 0   load 0.72 0.98 0.98
[TEST PDT]
Processing dataset...
Done!
Building trie...
dict size: 161960, stream size: 6363323
Done!
build time: 3175.404657 ms (3175.404657 ns per key)
space cost: 7.499054 MB (46.606276% of original size 16.090223 MB)
Querying trie...
Done!
total time: 609.366652 ms, avg latency: 609.366652 ns
not implemented
3175.404657,7.499054,609.366652
[PASSED]
[time 4.27 s, user 4.15 s, sys 0.10 s, maxrss 166768 KB]
[busy 438 jiffies]
[exit 0]
--- c2 case 7 rec 0   load 0.74 0.98 0.98
[TEST ART]
Processing dataset...
Done!
Building trie...
Done!
build time: 135.350705 ms (135.350705 ns per key)
space cost: 33.565483 MB (208.607938% of original size 16.090223 MB)
Querying trie...
Done!
total time: 354.944144 ms, avg latency: 354.944144 ns
not implemented
135.350705,33.565483,354.944144
[PASSED]
[time 1.00 s, user 0.90 s, sys 0.09 s, maxrss 155992 KB]
[busy 102 jiffies]
[exit 0]
--- c2 case 8 rec 0   load 0.74 0.98 0.98
[TEST CART]
Processing dataset...
Done!
Building trie...
Done!
build time: 185.769699 ms (185.769699 ns per key)
space cost: 15.100161 MB (93.846806% of original size 16.090223 MB)
Querying trie...
Done!
total time: 423.605690 ms, avg latency: 423.605690 ns
not implemented
185.769699,15.100161,423.605690
[PASSED]
[time 1.13 s, user 1.05 s, sys 0.07 s, maxrss 146756 KB]
[busy 118 jiffies]
[exit 0]
--- xcdat 7   load 0.68 0.96 0.98
build time: 554.363904 ms
space cost: 11.666194 MiB (72.504860% of original size 16.090223 MiB)
avg latency: 223.318369 ns
554.363904,11.666194,223.318369
[time 1.30 s, user 1.19 s, sys 0.10 s, maxrss 148156 KB]
[busy 132 jiffies]
[exit 0]
--- xcdat 8   load 0.68 0.96 0.98
build time: 513.118868 ms
space cost: 11.129195 MiB (69.167438% of original size 16.090223 MiB)
avg latency: 213.172734 ns
513.118868,11.129195,213.172734
[time 1.24 s, user 1.13 s, sys 0.10 s, maxrss 147636 KB]
[busy 131 jiffies]
[exit 0]
--- xcdat 15   load 0.68 0.96 0.98
build time: 535.247331 ms
space cost: 12.949578 MiB (80.481035% of original size 16.090223 MiB)
avg latency: 190.715183 ns
535.247331,12.949578,190.715183
[time 1.24 s, user 1.13 s, sys 0.10 s, maxrss 148708 KB]
[busy 128 jiffies]
[exit 0]
--- xcdat 16   load 0.71 0.97 0.98
build time: 511.720450 ms
space cost: 13.463712 MiB (83.676351% of original size 16.090223 MiB)
avg latency: 206.750946 ns
511.720450,13.463712,206.750946
[time 1.22 s, user 1.12 s, sys 0.09 s, maxrss 149452 KB]
[busy 127 jiffies]
[exit 0]

##### urls-1000000 (1000000 lines, 53361181 bytes)   round 3/3   2026-09-26T04:29:32+03:00
--- lexindex dict32   load 0.71 0.97 0.98
1000000 keys
lexindex DictIndex block 32: build 354 ms, size 8.414 MiB (8.823 B/key), latency cold 424.2 ns, then mean 419.4 / min 418.8 ns
354.412,8.414411,424.156
[time 2.61 s, user 5.27 s, sys 0.46 s, maxrss 279748 KB]
[busy 585 jiffies]
[exit 0]
--- lexindex dict256   load 1.85 1.20 1.05
1000000 keys
lexindex DictIndex block 256: build 369 ms, size 7.163 MiB (7.511 B/key), latency cold 449.7 ns, then mean 443.5 / min 443.2 ns
368.798,7.163084,449.700
[time 2.72 s, user 5.36 s, sys 0.50 s, maxrss 251740 KB]
[busy 600 jiffies]
[exit 0]
--- lexindex dict1024   load 1.78 1.20 1.05
1000000 keys
lexindex DictIndex block 1024: build 399 ms, size 6.934 MiB (7.271 B/key), latency cold 508.4 ns, then mean 505.7 / min 503.6 ns
398.668,6.934203,508.376
[time 3.01 s, user 4.71 s, sys 0.41 s, maxrss 245296 KB]
[busy 531 jiffies]
[exit 0]
--- lexindex routed32   load 1.64 1.18 1.05
1000000 keys
lexindex DictIndex block 32 routed: build 363 ms, size 8.891 MiB (9.323 B/key), latency cold 401.7 ns, then mean 395.2 / min 391.7 ns
363.364,8.891248,401.681
[time 2.54 s, user 5.16 s, sys 0.50 s, maxrss 249544 KB]
[busy 581 jiffies]
[exit 0]
--- lexindex routed256   load 1.64 1.18 1.05
1000000 keys
lexindex DictIndex block 256 routed: build 362 ms, size 7.640 MiB (8.011 B/key), latency cold 380.1 ns, then mean 375.6 / min 375.5 ns
361.995,7.640013,380.059
[time 2.45 s, user 5.14 s, sys 0.48 s, maxrss 255980 KB]
[busy 579 jiffies]
[exit 0]
--- lexindex routed1024   load 2.63 1.39 1.12
1000000 keys
lexindex DictIndex block 1024 routed: build 392 ms, size 7.173 MiB (7.521 B/key), latency cold 404.0 ns, then mean 406.3 / min 404.3 ns
392.201,7.172729,404.039
[time 2.60 s, user 4.28 s, sys 0.41 s, maxrss 258308 KB]
[busy 485 jiffies]
[exit 0]
--- lexindex string   load 2.50 1.38 1.12
1000000 keys
lexindex StringIndex: build 1120 ms, size 16.099 MiB (16.881 B/key), latency cold 437.8 ns, then mean 436.7 / min 434.3 ns
1119.839,16.099341,437.753
[time 3.43 s, user 3.30 s, sys 0.11 s, maxrss 220484 KB]
[busy 354 jiffies]
[exit 0]
--- lexindex hashed0   load 2.30 1.36 1.11
1000000 keys
lexindex HashedDictIndex closed: build 483 ms, size 9.777 MiB (10.251 B/key), latency cold 59.2 ns, then mean 58.5 / min 58.1 ns
482.807,9.776591,59.240
[time 1.30 s, user 4.01 s, sys 0.49 s, maxrss 254880 KB]
[busy 463 jiffies]
[exit 0]
--- lexindex hashed8   load 2.30 1.36 1.11
1000000 keys
lexindex HashedDictIndex fp=8: build 478 ms, size 10.730 MiB (11.251 B/key), latency cold 70.8 ns, then mean 71.0 / min 69.5 ns
477.747,10.730266,70.839
[time 1.34 s, user 4.10 s, sys 0.49 s, maxrss 260664 KB]
[busy 472 jiffies]
[exit 0]
--- lexindex hashed16   load 2.12 1.34 1.10
1000000 keys
lexindex HashedDictIndex fp=16: build 475 ms, size 11.684 MiB (12.251 B/key), latency cold 73.5 ns, then mean 70.7 / min 70.0 ns
475.347,11.683940,73.485
[time 1.35 s, user 4.12 s, sys 0.46 s, maxrss 255300 KB]
[busy 469 jiffies]
[exit 0]
--- lexindex da   skipped: exit 3 in round 1
--- c2 case 0 rec 0   load 2.12 1.34 1.10
[TEST C2-FST]
Processing dataset...
Done!
Building trie...
Done!
build time: 1219.470029 ms (1219.470029 ns per key)
space cost: 11.640069 MB (23.310202% of original size 49.935513 MB)
Querying trie...
Done!
total time: 812.078047 ms, avg latency: 812.078047 ns
topology: 1.074997 MB, link: 2.347375 MB, data: 8.217697 MB
--- Unary Path Analysis (FST, cutoff=4) ---
  shared unary steps in main trie: 711966
  terminal suffixes: inplace=143732 (avg len=2.14)  links=800966 (84.8% of terminal)
  link len: avg=13.15  max=596  total_chars=10531952
  link length distribution (len:count):  4:63058  5:62039  6:59659  7:54131  8:47449  9:44821  10:40952  11:37727  12:34320  13:30594  14:29226  15:26885  16:26206  17:21450  18:19914  19:21120  20:19131  21:16702  22:14529  23:13405  24:12440  25:10970  26:9615  27:8669  28:7752  29:7002  30:6267  31:5704  32:4931  33:4493  34:4087  35:3562  36:3323  37:3007  38:2533  39:2401  40:2145  41:1856  42:1793  43:1565  44:1379  45:1246  46:1005  47:985  48:849  49:826  50:642  51:609  52:482  53:442  54:385  55:389  56:339  57:263  58:263  59:238  60:228  61:217  62:184  63:166  64:151  65:119  66:125  67:156  68:131  69:105  70:94  71:74  72:74  73:77  74:67  75:66  76:74  77:39  78:49  79:44  80:45  81:42  82:48  83:36  84:31  85:34  86:39  87:18  88:23  89:15  90:18  91:31  92:24  93:20  94:16  95:16  96:16  97:12  98:16  99:14  100:17  101:16  102:2  103:18  104:4  105:3  106:10  107:11  108:9  109:19  110:13  111:7  112:6  113:5  114:3  115:8  116:5  117:6  118:7  119:10  120:11  121:9  122:10  123:8  124:9  125:7  126:5  127:7  128:18  129:5  130:4  131:10  132:3  133:4  134:4  135:4  136:3  137:4  139:2  140:3  141:2  142:2  143:4  144:7  145:1  146:5  147:5  148:1  149:4  150:4  152:1  153:6  154:3  155:1  156:2  157:1  158:1  159:1  161:2  162:1  163:2  164:1  165:1  166:1  167:3  168:3  170:1  174:1  177:2  180:3  182:2  183:1  184:2  188:1  189:3  190:1  191:1  192:1  193:1  194:1  195:2  199:1  202:2  204:2  206:1  207:1  209:2  211:1  213:1  215:2  219:1  220:1  222:1  224:1  225:1  226:1  229:1  233:1  236:1  238:2  240:1  241:1  246:1  247:1  249:1  252:1  254:1  256:1  260:1  264:1  271:1  311:1  337:1  383:1  506:1  597:1
1219.470029,11.640069,812.078047
[PASSED]
[time 2.83 s, user 2.64 s, sys 0.17 s, maxrss 231708 KB]
[busy 291 jiffies]
[exit 0]
--- c2 case 0 rec 1   load 2.03 1.33 1.10
[TEST C2-FST]
Processing dataset...
Done!
Building trie...
trie size: 3.124794 MB
Done!
build time: 1563.509741 ms (1563.509741 ns per key)
space cost: 9.773470 MB (19.572183% of original size 49.935513 MB)
Querying trie...
Done!
total time: 974.006175 ms, avg latency: 974.006175 ns
topology: 1.480076 MB, link: 2.557474 MB, data: 5.735920 MB
--- Unary Path Analysis (FST, cutoff=4) ---
  shared unary steps in main trie: 711966
  terminal suffixes: inplace=143732 (avg len=2.14)  links=800966 (84.8% of terminal)
  link len: avg=13.15  max=596  total_chars=10531952
  link length distribution (len:count):  4:63058  5:62039  6:59659  7:54131  8:47449  9:44821  10:40952  11:37727  12:34320  13:30594  14:29226  15:26885  16:26206  17:21450  18:19914  19:21120  20:19131  21:16702  22:14529  23:13405  24:12440  25:10970  26:9615  27:8669  28:7752  29:7002  30:6267  31:5704  32:4931  33:4493  34:4087  35:3562  36:3323  37:3007  38:2533  39:2401  40:2145  41:1856  42:1793  43:1565  44:1379  45:1246  46:1005  47:985  48:849  49:826  50:642  51:609  52:482  53:442  54:385  55:389  56:339  57:263  58:263  59:238  60:228  61:217  62:184  63:166  64:151  65:119  66:125  67:156  68:131  69:105  70:94  71:74  72:74  73:77  74:67  75:66  76:74  77:39  78:49  79:44  80:45  81:42  82:48  83:36  84:31  85:34  86:39  87:18  88:23  89:15  90:18  91:31  92:24  93:20  94:16  95:16  96:16  97:12  98:16  99:14  100:17  101:16  102:2  103:18  104:4  105:3  106:10  107:11  108:9  109:19  110:13  111:7  112:6  113:5  114:3  115:8  116:5  117:6  118:7  119:10  120:11  121:9  122:10  123:8  124:9  125:7  126:5  127:7  128:18  129:5  130:4  131:10  132:3  133:4  134:4  135:4  136:3  137:4  139:2  140:3  141:2  142:2  143:4  144:7  145:1  146:5  147:5  148:1  149:4  150:4  152:1  153:6  154:3  155:1  156:2  157:1  158:1  159:1  161:2  162:1  163:2  164:1  165:1  166:1  167:3  168:3  170:1  174:1  177:2  180:3  182:2  183:1  184:2  188:1  189:3  190:1  191:1  192:1  193:1  194:1  195:2  199:1  202:2  204:2  206:1  207:1  209:2  211:1  213:1  215:2  219:1  220:1  222:1  224:1  225:1  226:1  229:1  233:1  236:1  238:2  240:1  241:1  246:1  247:1  249:1  252:1  254:1  256:1  260:1  264:1  271:1  311:1  337:1  383:1  506:1  597:1
1563.509741,9.773470,974.006175
[PASSED]
[time 3.34 s, user 3.14 s, sys 0.18 s, maxrss 228320 KB]
[busy 348 jiffies]
[exit 0]
--- c2 case 0 rec 2   load 1.94 1.32 1.10
[TEST C2-FST]
Processing dataset...
Done!
Building trie...
trie size: 3.124794 MB
trie size: 0.926831 MB
Done!
build time: 1714.505286 ms (1714.505286 ns per key)
space cost: 9.773470 MB (19.572183% of original size 49.935513 MB)
Querying trie...
Done!
total time: 984.107327 ms, avg latency: 984.107327 ns
topology: 1.480076 MB, link: 2.557474 MB, data: 5.735920 MB
--- Unary Path Analysis (FST, cutoff=4) ---
  shared unary steps in main trie: 711966
  terminal suffixes: inplace=143732 (avg len=2.14)  links=800966 (84.8% of terminal)
  link len: avg=13.15  max=596  total_chars=10531952
  link length distribution (len:count):  4:63058  5:62039  6:59659  7:54131  8:47449  9:44821  10:40952  11:37727  12:34320  13:30594  14:29226  15:26885  16:26206  17:21450  18:19914  19:21120  20:19131  21:16702  22:14529  23:13405  24:12440  25:10970  26:9615  27:8669  28:7752  29:7002  30:6267  31:5704  32:4931  33:4493  34:4087  35:3562  36:3323  37:3007  38:2533  39:2401  40:2145  41:1856  42:1793  43:1565  44:1379  45:1246  46:1005  47:985  48:849  49:826  50:642  51:609  52:482  53:442  54:385  55:389  56:339  57:263  58:263  59:238  60:228  61:217  62:184  63:166  64:151  65:119  66:125  67:156  68:131  69:105  70:94  71:74  72:74  73:77  74:67  75:66  76:74  77:39  78:49  79:44  80:45  81:42  82:48  83:36  84:31  85:34  86:39  87:18  88:23  89:15  90:18  91:31  92:24  93:20  94:16  95:16  96:16  97:12  98:16  99:14  100:17  101:16  102:2  103:18  104:4  105:3  106:10  107:11  108:9  109:19  110:13  111:7  112:6  113:5  114:3  115:8  116:5  117:6  118:7  119:10  120:11  121:9  122:10  123:8  124:9  125:7  126:5  127:7  128:18  129:5  130:4  131:10  132:3  133:4  134:4  135:4  136:3  137:4  139:2  140:3  141:2  142:2  143:4  144:7  145:1  146:5  147:5  148:1  149:4  150:4  152:1  153:6  154:3  155:1  156:2  157:1  158:1  159:1  161:2  162:1  163:2  164:1  165:1  166:1  167:3  168:3  170:1  174:1  177:2  180:3  182:2  183:1  184:2  188:1  189:3  190:1  191:1  192:1  193:1  194:1  195:2  199:1  202:2  204:2  206:1  207:1  209:2  211:1  213:1  215:2  219:1  220:1  222:1  224:1  225:1  226:1  229:1  233:1  236:1  238:2  240:1  241:1  246:1  247:1  249:1  252:1  254:1  256:1  260:1  264:1  271:1  311:1  337:1  383:1  506:1  597:1
1714.505286,9.773470,984.107327
[PASSED]
[time 3.50 s, user 3.32 s, sys 0.16 s, maxrss 228172 KB]
[busy 360 jiffies]
[exit 0]
--- c2 case 1 rec 0   load 1.79 1.30 1.10
[TEST C2-CoCo(LOUDS-Sparse)]
Processing dataset...
Done!
Building trie...
Done!
build time: 2499.078898 ms (2499.078898 ns per key)
space cost: 12.005466 MB (24.041940% of original size 49.935513 MB)
Querying trie...
Done!
total time: 890.655116 ms, avg latency: 890.655116 ns
topology: 0.422745 MB, link: 3.209543 MB, data: 8.373178 MB
2499.078898,12.005466,890.655116
[PASSED]
[time 4.16 s, user 3.93 s, sys 0.21 s, maxrss 408052 KB]
[busy 431 jiffies]
[exit 0]
--- c2 case 1 rec 1   load 1.64 1.28 1.09
[TEST C2-CoCo(LOUDS-Sparse)]
Processing dataset...
Done!
Building trie...
trie size: 3.124794 MB
Done!
build time: 2844.168444 ms (2844.168444 ns per key)
space cost: 10.138867 MB (20.303920% of original size 49.935513 MB)
Querying trie...
Done!
total time: 1020.552994 ms, avg latency: 1020.552994 ns
topology: 0.827824 MB, link: 3.419642 MB, data: 5.891401 MB
2844.168444,10.138867,1020.552994
[PASSED]
[time 4.66 s, user 4.39 s, sys 0.24 s, maxrss 398216 KB]
[busy 480 jiffies]
[exit 0]
--- c2 case 1 rec 2   load 1.59 1.28 1.09
[TEST C2-CoCo(LOUDS-Sparse)]
Processing dataset...
Done!
Building trie...
trie size: 3.124794 MB
trie size: 0.926831 MB
Done!
build time: 2977.469066 ms (2977.469066 ns per key)
space cost: 10.138867 MB (20.303920% of original size 49.935513 MB)
Querying trie...
Done!
total time: 1018.588021 ms, avg latency: 1018.588021 ns
topology: 0.827824 MB, link: 3.419642 MB, data: 5.891401 MB
2977.469066,10.138867,1018.588021
[PASSED]
[time 4.79 s, user 4.53 s, sys 0.24 s, maxrss 398216 KB]
[busy 493 jiffies]
[exit 0]
--- c2 case 2 rec 0   load 1.54 1.27 1.09
[TEST C2-MARISA]
Processing dataset...
Done!
Building trie...
trie size: 2.244002 MB
Done!
build time: 1205.620194 ms (1205.620194 ns per key)
space cost: 10.960715 MB (21.949740% of original size 49.935513 MB)
Querying trie...
Done!
total time: 465.988673 ms, avg latency: 465.988673 ns
topology: 0.743214 MB, link: 2.809175 MB, data: 7.387818 MB
--- Unary Path Analysis (Marisa, cutoff=3) ---
  branches: 1527762  |  single-char: 409800 (26.8%)  short-unary: 94203 (6.2%)  links: 1023759 (67.0%)
  link len: avg=12.97  max=598  total_chars=13282609
  link length distribution (len:count):  3:78091  4:83418  5:77115  6:71727  7:67342  8:60401  9:52007  10:48612  11:43341  12:39688  13:35797  14:31899  15:30173  16:27648  17:26857  18:22212  19:20563  20:21642  21:19617  22:17114  23:14842  24:13684  25:12695  26:11175  27:9829  28:8848  29:7935  30:7132  31:6445  32:5847  33:5055  34:4589  35:4148  36:3637  37:3382  38:3086  39:2567  40:2441  41:2168  42:1886  43:1827  44:1585  45:1405  46:1260  47:1016  48:995  49:861  50:844  51:650  52:616  53:486  54:450  55:392  56:393  57:345  58:266  59:265  60:240  61:230  62:219  63:185  64:166  65:151  66:119  67:125  68:158  69:131  70:105  71:94  72:74  73:75  74:77  75:68  76:66  77:74  78:40  79:49  80:44  81:45  82:43  83:48  84:36  85:31  86:35  87:40  88:19  89:24  90:15  91:18  92:31  93:24  94:20  95:16  96:16  97:16  98:12  99:16  100:14  101:17  102:16  103:2  104:18  105:4  106:3  107:10  108:11  109:9  110:19  111:13  112:7  113:6  114:5  115:3  116:8  117:5  118:6  119:8  120:10  121:11  122:9  123:10  124:8  125:9  126:7  127:5  128:7  129:18  130:5  131:4  132:10  133:3  134:4  135:4  136:4  137:4  138:4  140:2  141:3  142:2  143:2  144:4  145:7  146:1  147:5  148:5  149:1  150:4  151:4  153:1  154:6  155:3  156:1  157:2  158:1  159:1  160:1  162:2  163:1  164:2  165:1  166:1  167:1  168:3  169:3  171:1  175:1  178:2  181:3  183:2  184:1  185:2  189:1  190:3  191:1  192:1  193:1  194:1  195:1  196:2  200:1  203:2  205:2  207:1  208:1  210:2  212:1  214:1  216:2  220:1  221:1  223:1  225:1  226:1  227:1  230:1  234:1  237:1  239:2  241:1  242:1  247:1  248:1  250:1  253:1  255:1  257:1  261:1  265:1  272:1  312:1  338:1  384:1  507:1  598:1
  short unary avg len: 2.00
1205.620194,10.960715,465.988673
[PASSED]
[time 2.46 s, user 2.30 s, sys 0.15 s, maxrss 246916 KB]
[busy 256 jiffies]
[exit 0]
--- c2 case 2 rec 1   load 1.42 1.25 1.08
[TEST C2-MARISA]
Processing dataset...
Done!
Building trie...
trie size: 2.244002 MB
trie size: 3.864603 MB
Done!
build time: 1614.094738 ms (1614.094738 ns per key)
space cost: 8.779989 MB (17.582655% of original size 49.935513 MB)
Querying trie...
Done!
total time: 628.073816 ms, avg latency: 628.073816 ns
topology: 1.217873 MB, link: 3.069385 MB, data: 4.472224 MB
--- Unary Path Analysis (Marisa, cutoff=3) ---
  branches: 1527762  |  single-char: 409800 (26.8%)  short-unary: 94203 (6.2%)  links: 1023759 (67.0%)
  link len: avg=12.97  max=598  total_chars=13282609
  link length distribution (len:count):  3:78091  4:83418  5:77115  6:71727  7:67342  8:60401  9:52007  10:48612  11:43341  12:39688  13:35797  14:31899  15:30173  16:27648  17:26857  18:22212  19:20563  20:21642  21:19617  22:17114  23:14842  24:13684  25:12695  26:11175  27:9829  28:8848  29:7935  30:7132  31:6445  32:5847  33:5055  34:4589  35:4148  36:3637  37:3382  38:3086  39:2567  40:2441  41:2168  42:1886  43:1827  44:1585  45:1405  46:1260  47:1016  48:995  49:861  50:844  51:650  52:616  53:486  54:450  55:392  56:393  57:345  58:266  59:265  60:240  61:230  62:219  63:185  64:166  65:151  66:119  67:125  68:158  69:131  70:105  71:94  72:74  73:75  74:77  75:68  76:66  77:74  78:40  79:49  80:44  81:45  82:43  83:48  84:36  85:31  86:35  87:40  88:19  89:24  90:15  91:18  92:31  93:24  94:20  95:16  96:16  97:16  98:12  99:16  100:14  101:17  102:16  103:2  104:18  105:4  106:3  107:10  108:11  109:9  110:19  111:13  112:7  113:6  114:5  115:3  116:8  117:5  118:6  119:8  120:10  121:11  122:9  123:10  124:8  125:9  126:7  127:5  128:7  129:18  130:5  131:4  132:10  133:3  134:4  135:4  136:4  137:4  138:4  140:2  141:3  142:2  143:2  144:4  145:7  146:1  147:5  148:5  149:1  150:4  151:4  153:1  154:6  155:3  156:1  157:2  158:1  159:1  160:1  162:2  163:1  164:2  165:1  166:1  167:1  168:3  169:3  171:1  175:1  178:2  181:3  183:2  184:1  185:2  189:1  190:3  191:1  192:1  193:1  194:1  195:1  196:2  200:1  203:2  205:2  207:1  208:1  210:2  212:1  214:1  216:2  220:1  221:1  223:1  225:1  226:1  227:1  230:1  234:1  237:1  239:2  241:1  242:1  247:1  248:1  250:1  253:1  255:1  257:1  261:1  265:1  272:1  312:1  338:1  384:1  507:1  598:1
  short unary avg len: 2.00
1614.094738,8.779989,628.073816
[PASSED]
[time 3.05 s, user 2.84 s, sys 0.19 s, maxrss 242260 KB]
[busy 313 jiffies]
[exit 0]
--- c2 case 2 rec 2   load 1.42 1.25 1.08
[TEST C2-MARISA]
Processing dataset...
Done!
Building trie...
trie size: 2.244002 MB
trie size: 3.864603 MB
trie size: 1.068947 MB
Done!
build time: 1731.595731 ms (1731.595731 ns per key)
space cost: 8.365690 MB (16.752987% of original size 49.935513 MB)
Querying trie...
Done!
total time: 699.283049 ms, avg latency: 699.283049 ns
topology: 1.410183 MB, link: 3.158367 MB, data: 3.776632 MB
--- Unary Path Analysis (Marisa, cutoff=3) ---
  branches: 1527762  |  single-char: 409800 (26.8%)  short-unary: 94203 (6.2%)  links: 1023759 (67.0%)
  link len: avg=12.97  max=598  total_chars=13282609
  link length distribution (len:count):  3:78091  4:83418  5:77115  6:71727  7:67342  8:60401  9:52007  10:48612  11:43341  12:39688  13:35797  14:31899  15:30173  16:27648  17:26857  18:22212  19:20563  20:21642  21:19617  22:17114  23:14842  24:13684  25:12695  26:11175  27:9829  28:8848  29:7935  30:7132  31:6445  32:5847  33:5055  34:4589  35:4148  36:3637  37:3382  38:3086  39:2567  40:2441  41:2168  42:1886  43:1827  44:1585  45:1405  46:1260  47:1016  48:995  49:861  50:844  51:650  52:616  53:486  54:450  55:392  56:393  57:345  58:266  59:265  60:240  61:230  62:219  63:185  64:166  65:151  66:119  67:125  68:158  69:131  70:105  71:94  72:74  73:75  74:77  75:68  76:66  77:74  78:40  79:49  80:44  81:45  82:43  83:48  84:36  85:31  86:35  87:40  88:19  89:24  90:15  91:18  92:31  93:24  94:20  95:16  96:16  97:16  98:12  99:16  100:14  101:17  102:16  103:2  104:18  105:4  106:3  107:10  108:11  109:9  110:19  111:13  112:7  113:6  114:5  115:3  116:8  117:5  118:6  119:8  120:10  121:11  122:9  123:10  124:8  125:9  126:7  127:5  128:7  129:18  130:5  131:4  132:10  133:3  134:4  135:4  136:4  137:4  138:4  140:2  141:3  142:2  143:2  144:4  145:7  146:1  147:5  148:5  149:1  150:4  151:4  153:1  154:6  155:3  156:1  157:2  158:1  159:1  160:1  162:2  163:1  164:2  165:1  166:1  167:1  168:3  169:3  171:1  175:1  178:2  181:3  183:2  184:1  185:2  189:1  190:3  191:1  192:1  193:1  194:1  195:1  196:2  200:1  203:2  205:2  207:1  208:1  210:2  212:1  214:1  216:2  220:1  221:1  223:1  225:1  226:1  227:1  230:1  234:1  237:1  239:2  241:1  242:1  247:1  248:1  250:1  253:1  255:1  257:1  261:1  265:1  272:1  312:1  338:1  384:1  507:1  598:1
  short unary avg len: 2.00
1731.595731,8.365690,699.283049
[PASSED]
[time 3.23 s, user 3.02 s, sys 0.18 s, maxrss 242204 KB]
[busy 332 jiffies]
[exit 0]
--- c2 case 3 rec 0   load 1.39 1.24 1.08
[TEST FST]
Processing dataset...
Done!
Building trie...
Done!
build time: 1425.793632 ms (1425.793632 ns per key)
space cost: 12.952020 MB (25.937492% of original size 49.935513 MB)
Querying trie...
Done!
total time: 1211.739202 ms, avg latency: 1211.739202 ns
not implemented
1425.793632,12.952020,1211.739202
[PASSED]
[time 3.44 s, user 3.30 s, sys 0.12 s, maxrss 215344 KB]
[busy 354 jiffies]
[exit 0]
--- c2 case 4 rec 0   load 1.36 1.24 1.08
[TEST COCO]
Processing dataset...
Done!
Building trie...
num nodes = 618926, average depth = 10.757375
ef = 0.000126, pa = 0.112513, bv = 0.000294, de = 0.664175
efr = 0.000805, par = 0.102747, bvr = 0.000005, der = 0.119336
Done!
build time: 30914.450552 ms (30914.450552 ns per key)
space cost: 17.219774 MB (34.484023% of original size 49.935513 MB)
Querying trie...
Done!
total time: 1326.124810 ms, avg latency: 1326.124810 ns
not implemented
30914.450552,17.219774,1326.124810
[PASSED]
[time 34.10 s, user 27.42 s, sys 6.54 s, maxrss 15528600 KB]
[busy 3502 jiffies]
[exit 0]
--- c2 case 5 rec 0   load 1.20 1.21 1.08
[TEST MARISA]
Processing dataset...
Done!
Building trie...
Done!
build time: 1018.959179 ms (1018.959179 ns per key)
space cost: 13.234698 MB (26.503579% of original size 49.935513 MB)
Querying trie...
Done!
total time: 581.346027 ms, avg latency: 581.346027 ns
not implemented
1018.959179,13.234698,581.346027
[PASSED]
[time 2.36 s, user 2.20 s, sys 0.15 s, maxrss 267928 KB]
[busy 245 jiffies]
[exit 0]
--- c2 case 5 rec 1   load 1.18 1.21 1.08
[TEST MARISA]
Processing dataset...
Done!
Building trie...
Done!
build time: 1180.797567 ms (1180.797567 ns per key)
space cost: 8.973619 MB (17.970414% of original size 49.935513 MB)
Querying trie...
Done!
total time: 886.061334 ms, avg latency: 886.061334 ns
not implemented
1180.797567,8.973619,886.061334
[PASSED]
[time 2.83 s, user 2.66 s, sys 0.16 s, maxrss 267996 KB]
[busy 298 jiffies]
[exit 0]
--- c2 case 5 rec 2   load 1.17 1.20 1.08
[TEST MARISA]
Processing dataset...
Done!
Building trie...
Done!
build time: 1256.489224 ms (1256.489224 ns per key)
space cost: 8.005336 MB (16.031348% of original size 49.935513 MB)
Querying trie...
Done!
total time: 1003.050494 ms, avg latency: 1003.050494 ns
not implemented
1256.489224,8.005336,1003.050494
[PASSED]
[time 3.03 s, user 2.87 s, sys 0.14 s, maxrss 268120 KB]
[busy 314 jiffies]
[exit 0]
--- c2 case 6 rec 0   load 1.07 1.18 1.07
[TEST PDT]
Processing dataset...
Done!
Building trie...
dict size: 156062, stream size: 7596722
Done!
build time: 3561.343484 ms (3561.343484 ns per key)
space cost: 8.669690 MB (17.361772% of original size 49.935513 MB)
Querying trie...
Done!
total time: 736.426447 ms, avg latency: 736.426447 ns
not implemented
3561.343484,8.669690,736.426447
[PASSED]
[time 5.09 s, user 4.87 s, sys 0.19 s, maxrss 298752 KB]
[busy 523 jiffies]
[exit 0]
--- c2 case 7 rec 0   load 1.07 1.18 1.07
[TEST ART]
Processing dataset...
Done!
Building trie...
Done!
build time: 316.289806 ms (316.289806 ns per key)
space cost: 32.934517 MB (65.954097% of original size 49.935513 MB)
Querying trie...
Done!
total time: 637.360217 ms, avg latency: 637.360217 ns
not implemented
316.289806,32.934517,637.360217
[PASSED]
[time 1.77 s, user 1.62 s, sys 0.14 s, maxrss 291088 KB]
[busy 184 jiffies]
[exit 0]
--- c2 case 8 rec 0   load 1.07 1.18 1.07
[TEST CART]
Processing dataset...
Done!
Building trie...
Done!
build time: 364.950107 ms (364.950107 ns per key)
space cost: 15.060642 MB (30.160183% of original size 49.935513 MB)
Querying trie...
Done!
total time: 651.453149 ms, avg latency: 651.453149 ns
not implemented
364.950107,15.060642,651.453149
[PASSED]
[time 1.83 s, user 1.66 s, sys 0.15 s, maxrss 278276 KB]
[busy 188 jiffies]
[exit 0]
--- xcdat 7   load 1.06 1.18 1.07
build time: 1171.430836 ms
space cost: 15.639350 MiB (31.319093% of original size 49.935513 MiB)
avg latency: 397.788805 ns
1171.430836,15.639350,397.788805
[time 2.36 s, user 2.19 s, sys 0.16 s, maxrss 231348 KB]
[busy 248 jiffies]
[exit 0]
--- xcdat 8   load 0.98 1.16 1.06
build time: 1140.301330 ms
space cost: 15.165496 MiB (30.370161% of original size 49.935513 MiB)
avg latency: 375.854607 ns
1140.301330,15.165496,375.854607
[time 2.32 s, user 2.13 s, sys 0.17 s, maxrss 231012 KB]
[busy 237 jiffies]
[exit 0]
--- xcdat 15   load 0.98 1.16 1.06
build time: 1169.484900 ms
space cost: 17.302892 MiB (34.650473% of original size 49.935513 MiB)
avg latency: 369.440956 ns
1169.484900,17.302892,369.440956
[time 2.33 s, user 2.16 s, sys 0.15 s, maxrss 231224 KB]
[busy 242 jiffies]
[exit 0]
--- xcdat 16   load 0.98 1.15 1.06
build time: 1137.289900 ms
space cost: 17.859698 MiB (35.765524% of original size 49.935513 MiB)
avg latency: 378.386476 ns
1137.289900,17.859698,378.386476
[time 2.32 s, user 2.13 s, sys 0.17 s, maxrss 231280 KB]
[busy 240 jiffies]
[exit 0]

##### uuid-1000000 (1000000 lines, 37000000 bytes)   round 3/3   2026-09-26T04:32:03+03:00
--- lexindex dict32   load 0.98 1.15 1.06
1000000 keys
lexindex DictIndex block 32: build 177 ms, size 17.741 MiB (18.603 B/key), latency cold 430.5 ns, then mean 423.4 / min 423.1 ns
176.778,17.741351,430.526
[time 2.37 s, user 3.21 s, sys 0.40 s, maxrss 253124 KB]
[busy 372 jiffies]
[exit 0]
--- lexindex dict256   load 0.98 1.15 1.06
1000000 keys
lexindex DictIndex block 256: build 178 ms, size 17.205 MiB (18.040 B/key), latency cold 413.8 ns, then mean 408.6 / min 407.7 ns
178.402,17.204642,413.772
[time 2.30 s, user 3.22 s, sys 0.38 s, maxrss 223452 KB]
[busy 372 jiffies]
[exit 0]
--- lexindex dict1024   load 0.98 1.15 1.06
1000000 keys
lexindex DictIndex block 1024: build 176 ms, size 17.065 MiB (17.894 B/key), latency cold 443.1 ns, then mean 440.8 / min 438.3 ns
175.816,17.064983,443.070
[time 2.43 s, user 2.94 s, sys 0.19 s, maxrss 244916 KB]
[busy 327 jiffies]
[exit 0]
--- lexindex routed32   load 0.90 1.13 1.06
1000000 keys
lexindex DictIndex block 32 routed: build 176 ms, size 18.218 MiB (19.103 B/key), latency cold 383.3 ns, then mean 381.4 / min 381.2 ns
176.027,18.218188,383.341
[time 2.19 s, user 3.06 s, sys 0.37 s, maxrss 246728 KB]
[busy 351 jiffies]
[exit 0]
--- lexindex routed256   load 0.90 1.13 1.06
1000000 keys
lexindex DictIndex block 256 routed: build 182 ms, size 17.682 MiB (18.540 B/key), latency cold 351.4 ns, then mean 346.6 / min 346.1 ns
182.326,17.681571,351.446
[time 2.06 s, user 2.93 s, sys 0.44 s, maxrss 223848 KB]
[busy 352 jiffies]
[exit 0]
--- lexindex routed1024   load 0.91 1.13 1.06
1000000 keys
lexindex DictIndex block 1024 routed: build 175 ms, size 17.304 MiB (18.144 B/key), latency cold 364.8 ns, then mean 363.5 / min 361.7 ns
175.211,17.303509,364.823
[time 2.12 s, user 2.60 s, sys 0.22 s, maxrss 245360 KB]
[busy 291 jiffies]
[exit 0]
--- lexindex string   load 0.91 1.13 1.06
1000000 keys
lexindex StringIndex: build 2400 ms, size 35.389 MiB (37.108 B/key), latency cold 432.5 ns, then mean 430.0 / min 428.3 ns
2400.199,35.389391,432.451
[time 4.60 s, user 4.46 s, sys 0.11 s, maxrss 199620 KB]
[busy 469 jiffies]
[exit 0]
--- lexindex hashed0   load 0.84 1.10 1.05
1000000 keys
lexindex HashedDictIndex closed: build 281 ms, size 19.818 MiB (20.781 B/key), latency cold 56.6 ns, then mean 55.6 / min 55.3 ns
281.030,19.818487,56.626
[time 0.98 s, user 1.90 s, sys 0.38 s, maxrss 223640 KB]
[busy 235 jiffies]
[exit 0]
--- lexindex hashed8   load 0.84 1.10 1.05
1000000 keys
lexindex HashedDictIndex fp=8: build 278 ms, size 20.772 MiB (21.781 B/key), latency cold 67.0 ns, then mean 66.3 / min 66.1 ns
277.850,20.772161,67.032
[time 1.02 s, user 1.93 s, sys 0.37 s, maxrss 224084 KB]
[busy 235 jiffies]
[exit 0]
--- lexindex hashed16   load 0.84 1.10 1.05
1000000 keys
lexindex HashedDictIndex fp=16: build 281 ms, size 21.726 MiB (22.781 B/key), latency cold 69.2 ns, then mean 68.2 / min 67.9 ns
281.129,21.725836,69.155
[time 1.04 s, user 2.01 s, sys 0.35 s, maxrss 225156 KB]
[busy 242 jiffies]
[exit 0]
--- lexindex da   skipped: exit 3 in round 1
--- c2 case 0 rec 0   load 0.86 1.10 1.05
[TEST C2-FST]
Processing dataset...
Done!
Building trie...
Done!
build time: 1117.185862 ms (1117.185862 ns per key)
space cost: 22.510774 MB (65.567381% of original size 34.332275 MB)
Querying trie...
Done!
total time: 437.712198 ms, avg latency: 437.712198 ns
topology: 0.773712 MB, link: 3.131501 MB, data: 18.605560 MB
--- Unary Path Analysis (FST, cutoff=4) ---
  shared unary steps in main trie: 13682
  terminal suffixes: inplace=0 (avg len=0.00)  links=1000000 (100.0% of terminal)
  link len: avg=29.32  max=30  total_chars=29323284
  link length distribution (len:count):  24:2  25:10  26:206  28:3376  29:54458  30:556568  31:385380
1117.185862,22.510774,437.712198
[PASSED]
[time 2.26 s, user 2.07 s, sys 0.18 s, maxrss 312284 KB]
[busy 232 jiffies]
[exit 0]
--- c2 case 0 rec 1   load 0.86 1.10 1.05
[TEST C2-FST]
Processing dataset...
Done!
Building trie...
trie size: 4.445807 MB
Done!
build time: 2062.883831 ms (2062.883831 ns per key)
space cost: 22.510774 MB (65.567381% of original size 34.332275 MB)
Querying trie...
Done!
total time: 445.488971 ms, avg latency: 445.488971 ns
topology: 0.773712 MB, link: 3.131501 MB, data: 18.605560 MB
--- Unary Path Analysis (FST, cutoff=4) ---
  shared unary steps in main trie: 13682
  terminal suffixes: inplace=0 (avg len=0.00)  links=1000000 (100.0% of terminal)
  link len: avg=29.32  max=30  total_chars=29323284
  link length distribution (len:count):  24:2  25:10  26:206  28:3376  29:54458  30:556568  31:385380
2062.883831,22.510774,445.488971
[PASSED]
[time 3.20 s, user 2.99 s, sys 0.19 s, maxrss 362012 KB]
[busy 328 jiffies]
[exit 0]
--- c2 case 0 rec 2   load 0.87 1.10 1.05
[TEST C2-FST]
Processing dataset...
Done!
Building trie...
trie size: 4.445807 MB
Done!
build time: 2065.797557 ms (2065.797557 ns per key)
space cost: 22.510774 MB (65.567381% of original size 34.332275 MB)
Querying trie...
Done!
total time: 439.038991 ms, avg latency: 439.038991 ns
topology: 0.773712 MB, link: 3.131501 MB, data: 18.605560 MB
--- Unary Path Analysis (FST, cutoff=4) ---
  shared unary steps in main trie: 13682
  terminal suffixes: inplace=0 (avg len=0.00)  links=1000000 (100.0% of terminal)
  link len: avg=29.32  max=30  total_chars=29323284
  link length distribution (len:count):  24:2  25:10  26:206  28:3376  29:54458  30:556568  31:385380
2065.797557,22.510774,439.038991
[PASSED]
[time 3.20 s, user 3.01 s, sys 0.18 s, maxrss 361888 KB]
[busy 335 jiffies]
[exit 0]
--- c2 case 1 rec 0   load 0.88 1.10 1.05
[TEST C2-CoCo(LOUDS-Sparse)]
Processing dataset...
Done!
Building trie...
Done!
build time: 1480.368638 ms (1480.368638 ns per key)
space cost: 21.333610 MB (62.138642% of original size 34.332275 MB)
Querying trie...
Done!
total time: 499.396702 ms, avg latency: 499.396702 ns
topology: 0.346375 MB, link: 3.293192 MB, data: 17.694043 MB
1480.368638,21.333610,499.396702
[PASSED]
[time 2.67 s, user 2.43 s, sys 0.22 s, maxrss 430964 KB]
[busy 276 jiffies]
[exit 0]
--- c2 case 1 rec 1   load 0.89 1.10 1.05
[TEST C2-CoCo(LOUDS-Sparse)]
Processing dataset...
Done!
Building trie...
trie size: 4.445807 MB
Done!
build time: 2427.992977 ms (2427.992977 ns per key)
space cost: 21.333610 MB (62.138642% of original size 34.332275 MB)
Querying trie...
Done!
total time: 503.722040 ms, avg latency: 503.722040 ns
topology: 0.346375 MB, link: 3.293192 MB, data: 17.694043 MB
2427.992977,21.333610,503.722040
[PASSED]
[time 3.62 s, user 3.37 s, sys 0.23 s, maxrss 474832 KB]
[busy 371 jiffies]
[exit 0]
--- c2 case 1 rec 2   load 0.90 1.10 1.05
[TEST C2-CoCo(LOUDS-Sparse)]
Processing dataset...
Done!
Building trie...
trie size: 4.445807 MB
Done!
build time: 2428.101632 ms (2428.101632 ns per key)
space cost: 21.333610 MB (62.138642% of original size 34.332275 MB)
Querying trie...
Done!
total time: 498.476533 ms, avg latency: 498.476533 ns
topology: 0.346375 MB, link: 3.293192 MB, data: 17.694043 MB
2428.101632,21.333610,498.476533
[PASSED]
[time 3.63 s, user 3.37 s, sys 0.24 s, maxrss 475212 KB]
[busy 374 jiffies]
[exit 0]
--- c2 case 2 rec 0   load 0.91 1.09 1.05
[TEST C2-MARISA]
Processing dataset...
Done!
Building trie...
trie size: 1.966455 MB
Done!
build time: 1044.742260 ms (1044.742260 ns per key)
space cost: 21.883573 MB (63.740525% of original size 34.332275 MB)
Querying trie...
Done!
total time: 365.778363 ms, avg latency: 365.778363 ns
topology: 0.650684 MB, link: 2.984713 MB, data: 18.227668 MB
--- Unary Path Analysis (Marisa, cutoff=3) ---
  branches: 1358149  |  single-char: 345387 (25.4%)  short-unary: 12003 (0.9%)  links: 1000759 (73.7%)
  link len: avg=31.30  max=32  total_chars=31325722
  link length distribution (len:count):  3:655  4:51  5:49  6:4  25:2  26:10  27:206  29:3376  30:54458  31:556568  32:385380
  short unary avg len: 2.00
1044.742260,21.883573,365.778363
[PASSED]
[time 2.10 s, user 1.93 s, sys 0.16 s, maxrss 313500 KB]
[busy 215 jiffies]
[exit 0]
--- c2 case 2 rec 1   load 0.91 1.09 1.05
[TEST C2-MARISA]
Processing dataset...
Done!
Building trie...
trie size: 1.966455 MB
trie size: 4.448333 MB
Done!
build time: 1970.746261 ms (1970.746261 ns per key)
space cost: 21.883573 MB (63.740525% of original size 34.332275 MB)
Querying trie...
Done!
total time: 373.823491 ms, avg latency: 373.823491 ns
topology: 0.650684 MB, link: 2.984713 MB, data: 18.227668 MB
--- Unary Path Analysis (Marisa, cutoff=3) ---
  branches: 1358149  |  single-char: 345387 (25.4%)  short-unary: 12003 (0.9%)  links: 1000759 (73.7%)
  link len: avg=31.30  max=32  total_chars=31325722
  link length distribution (len:count):  3:655  4:51  5:49  6:4  25:2  26:10  27:206  29:3376  30:54458  31:556568  32:385380
  short unary avg len: 2.00
1970.746261,21.883573,373.823491
[PASSED]
[time 3.05 s, user 2.83 s, sys 0.20 s, maxrss 361488 KB]
[busy 311 jiffies]
[exit 0]
--- c2 case 2 rec 2   load 0.91 1.09 1.05
[TEST C2-MARISA]
Processing dataset...
Done!
Building trie...
trie size: 1.966455 MB
trie size: 4.448333 MB
Done!
build time: 1990.266744 ms (1990.266744 ns per key)
space cost: 21.883573 MB (63.740525% of original size 34.332275 MB)
Querying trie...
Done!
total time: 367.891234 ms, avg latency: 367.891234 ns
topology: 0.650684 MB, link: 2.984713 MB, data: 18.227668 MB
--- Unary Path Analysis (Marisa, cutoff=3) ---
  branches: 1358149  |  single-char: 345387 (25.4%)  short-unary: 12003 (0.9%)  links: 1000759 (73.7%)
  link len: avg=31.30  max=32  total_chars=31325722
  link length distribution (len:count):  3:655  4:51  5:49  6:4  25:2  26:10  27:206  29:3376  30:54458  31:556568  32:385380
  short unary avg len: 2.00
1990.266744,21.883573,367.891234
[PASSED]
[time 3.06 s, user 2.84 s, sys 0.21 s, maxrss 361708 KB]
[busy 318 jiffies]
[exit 0]
--- c2 case 3 rec 0   load 0.92 1.09 1.05
[TEST FST]
Processing dataset...
Done!
Building trie...
Done!
build time: 839.044292 ms (839.044292 ns per key)
space cost: 34.505507 MB (100.504572% of original size 34.332275 MB)
Querying trie...
Done!
total time: 462.017611 ms, avg latency: 462.017611 ns
not implemented
839.044292,34.505507,462.017611
[PASSED]
[time 2.01 s, user 1.89 s, sys 0.11 s, maxrss 207740 KB]
[busy 209 jiffies]
[exit 0]
--- c2 case 4 rec 0   skipped: exit 134 in round 1
--- c2 case 5 rec 0   load 0.85 1.07 1.04
[TEST MARISA]
Processing dataset...
Done!
Building trie...
Done!
build time: 677.884899 ms (677.884899 ns per key)
space cost: 34.975940 MB (101.874808% of original size 34.332275 MB)
Querying trie...
Done!
total time: 527.971348 ms, avg latency: 527.971348 ns
not implemented
677.884899,34.975940,527.971348
[PASSED]
[time 1.91 s, user 1.72 s, sys 0.18 s, maxrss 282264 KB]
[busy 201 jiffies]
[exit 0]
--- c2 case 5 rec 1   load 0.85 1.07 1.04
[TEST MARISA]
Processing dataset...
Done!
Building trie...
Done!
build time: 1049.579008 ms (1049.579008 ns per key)
space cost: 33.974524 MB (98.957975% of original size 34.332275 MB)
Querying trie...
Done!
total time: 796.472112 ms, avg latency: 796.472112 ns
not implemented
1049.579008,33.974524,796.472112
[PASSED]
[time 2.54 s, user 2.35 s, sys 0.17 s, maxrss 251912 KB]
[busy 261 jiffies]
[exit 0]
--- c2 case 5 rec 2   load 0.86 1.07 1.04
[TEST MARISA]
Processing dataset...
Done!
Building trie...
Done!
build time: 1338.586708 ms (1338.586708 ns per key)
space cost: 32.972683 MB (96.039900% of original size 34.332275 MB)
Querying trie...
Done!
total time: 1147.295242 ms, avg latency: 1147.295242 ns
not implemented
1338.586708,32.972683,1147.295242
[PASSED]
[time 3.18 s, user 3.01 s, sys 0.16 s, maxrss 273280 KB]
[busy 327 jiffies]
[exit 0]
--- c2 case 6 rec 0   load 0.87 1.07 1.04
[TEST PDT]
Processing dataset...
Done!
Building trie...
dict size: 166618, stream size: 19935113
Done!
build time: 16730.910108 ms (16730.910108 ns per key)
space cost: 20.446564 MB (59.554933% of original size 34.332275 MB)
Querying trie...
Done!
total time: 722.002172 ms, avg latency: 722.002172 ns
not implemented
16730.910108,20.446564,722.002172
[PASSED]
[time 18.14 s, user 17.61 s, sys 0.45 s, maxrss 648496 KB]
[busy 1868 jiffies]
[exit 0]
--- c2 case 7 rec 0   load 0.83 1.05 1.03
[TEST ART]
Processing dataset...
Done!
Building trie...
Done!
build time: 189.015358 ms (189.015358 ns per key)
space cost: 25.565071 MB (74.463667% of original size 34.332275 MB)
Querying trie...
Done!
total time: 378.130635 ms, avg latency: 378.130635 ns
not implemented
189.015358,25.565071,378.130635
[PASSED]
[time 1.30 s, user 1.17 s, sys 0.12 s, maxrss 225444 KB]
[busy 134 jiffies]
[exit 0]
--- c2 case 8 rec 0   load 0.83 1.05 1.03
[TEST CART]
Processing dataset...
Done!
Building trie...
Done!
build time: 223.636537 ms (223.636537 ns per key)
space cost: 12.300360 MB (35.827394% of original size 34.332275 MB)
Querying trie...
Done!
total time: 374.483291 ms, avg latency: 374.483291 ns
not implemented
223.636537,12.300360,374.483291
[PASSED]
[time 1.33 s, user 1.20 s, sys 0.12 s, maxrss 214928 KB]
[busy 137 jiffies]
[exit 0]
--- xcdat 7   load 0.76 1.03 1.03
build time: 863.488335 ms
space cost: 36.820305 MiB (107.246911% of original size 34.332275 MiB)
avg latency: 347.491520 ns
863.488335,36.820305,347.491520
[time 1.92 s, user 1.77 s, sys 0.14 s, maxrss 231640 KB]
[busy 199 jiffies]
[exit 0]
--- xcdat 8   load 0.76 1.03 1.03
build time: 796.841265 ms
space cost: 36.200803 MiB (105.442481% of original size 34.332275 MiB)
avg latency: 353.172835 ns
796.841265,36.200803,353.172835
[time 1.84 s, user 1.69 s, sys 0.14 s, maxrss 230996 KB]
[busy 192 jiffies]
[exit 0]
--- xcdat 15   load 0.70 1.01 1.02
build time: 809.713825 ms
space cost: 37.074831 MiB (107.988272% of original size 34.332275 MiB)
avg latency: 335.648164 ns
809.713825,37.074831,335.648164
[time 1.86 s, user 1.70 s, sys 0.14 s, maxrss 231104 KB]
[busy 196 jiffies]
[exit 0]
--- xcdat 16   load 0.70 1.01 1.02
build time: 793.704652 ms
space cost: 37.473558 MiB (109.149650% of original size 34.332275 MiB)
avg latency: 343.819889 ns
793.704652,37.473558,343.819889
[time 1.83 s, user 1.67 s, sys 0.15 s, maxrss 230920 KB]
[busy 192 jiffies]
[exit 0]

campaign done 2026-09-26T04:34:00+03:00, load 0.72 1.01 1.02
