frontier campaign
date: 2026-09-20T12:44:54+03:00
host: arz
commit: 7e42c43
table: frontier-10m
lexindex: 4.0.0
kernel: Linux 7.2.5-200.fc44.x86_64 x86_64
cpu: AMD Ryzen 7 5800HS with Radeon Graphics
cores/threads: 8 / 16
caches: L2 512 KiB, L3 16384 KiB
governor: powersave
transparent hugepages: always [madvise] never
compiler: c++ (GCC) 16.2.1 20260819 (Red Hat 16.2.1-2)
rustc: rustc 1.98.1 (48a229cea 2026-09-01)
load at start: 0.89 0.92 0.91
rounds: 3, even rounds in the reverse order
quiet before each process: under 1.0 busy CPUs for 1 s
clock ticks: 100
address space cap: 28000000 KB
timeout: 7200 s a process
pin c2: 92c1b861456b https://github.com/alexztc/C2
pin c2/lib/sdsl-lite: 4312ea9c9370 https://github.com/vgteam/sdsl-lite
pin c2/lib/ds2i: 4f46606cc077 https://github.com/aboffa/ds2i (modified: compact_elias_fano.hpp,succinct)
pin c2/lib/sux: 5944f6b5c1c7 https://github.com/vigna/sux (modified: sux/util/Vector.hpp)
pin c2/lib/fsst: e638d4cf8c26 https://github.com/cwida/fsst
pin c2/baseline_marisa/marisa: e54f296bb52d https://github.com/s-yata/marisa-trie
pin c2/baseline_ctriepp/ctriepp: 52d2c16a7bb6 https://gitlab.com/ofek.gila1/ctriepp
pin xcdat: 2451441dcc09 https://github.com/kampersanda/xcdat
pin c2/lib/ds2i/succinct: ea74747a8b1c (gitlink)
pin c2/lib/sdsl-lite/external/googletest: 71815bbf7de6 (gitlink)
pin c2/lib/sdsl-lite/external/libdivsufsort: 0f24acd8de20 (gitlink)
pin coco adapted headers: ee860d4b1e62 https://github.com/aboffa/CoCo-trie (by sha256)

##### dna-10000000 (10000000 lines, 250000000 bytes)   round 1/3   2026-09-20T12:44:54+03:00
--- lexindex dict32   load 0.89 0.92 0.91
10000000 keys
lexindex DictIndex block 32: build 1065 ms, size 43.682 MiB (4.580 B/key), latency cold 626.3 ns, then mean 619.7 / min 619.3 ns
1064.953,43.681956,626.327
[time 32.07 s, user 36.51 s, sys 1.02 s, maxrss 1526024 KB]
[busy 3854 jiffies]
[exit 0]
--- lexindex dict256   load 0.86 0.91 0.91
10000000 keys
lexindex DictIndex block 256: build 1064 ms, size 37.650 MiB (3.948 B/key), latency cold 537.5 ns, then mean 535.4 / min 535.1 ns
1064.383,37.650213,537.484
[time 28.65 s, user 33.20 s, sys 0.96 s, maxrss 1518592 KB]
[busy 3509 jiffies]
[exit 0]
--- lexindex dict1024   load 1.57 1.12 0.98
10000000 keys
lexindex DictIndex block 1024: build 1040 ms, size 36.361 MiB (3.813 B/key), latency cold 519.6 ns, then mean 518.9 / min 518.2 ns
1040.432,36.360937,519.620
[time 27.97 s, user 32.28 s, sys 0.95 s, maxrss 1521632 KB]
[busy 3414 jiffies]
[exit 0]
--- lexindex string   load 1.38 1.11 0.98
10000000 keys
lexindex StringIndex: build 9968 ms, size 152.422 MiB (15.983 B/key), latency cold 811.2 ns, then mean 825.3 / min 819.2 ns
9967.925,152.421832,811.210
[time 48.92 s, user 47.88 s, sys 0.84 s, maxrss 1603656 KB]
[busy 5001 jiffies]
[exit 0]
--- c2 case 0 rec 0   load 1.16 1.09 0.99
[TEST C2-FST]
Processing dataset...
Done!
Building trie...
Done!
build time: 15709.632088 ms (1570.963209 ns per key)
space cost: 89.937219 MB (39.294170% of original size 228.881836 MB)
Querying trie...
Done!
total time: 7805.975732 ms, avg latency: 780.597573 ns
topology: 8.925270 MB, link: 31.294473 MB, data: 49.717476 MB
--- Unary Path Analysis (FST, cutoff=4) ---
  shared unary steps in main trie: 994037
  terminal suffixes: inplace=72 (avg len=2.67)  links=9999928 (100.0% of terminal)
  link len: avg=10.46  max=13  total_chars=104556373
  link length distribution (len:count):  4:308  5:1114  6:4343  7:17785  8:69577  9:272560  10:1019069  11:3104051  12:4591242  13:919171  14:708
15709.632088,89.937219,780.597573
[PASSED]
[time 32.97 s, user 31.00 s, sys 1.84 s, maxrss 2128064 KB]
[busy 3377 jiffies]
[exit 0]
--- c2 case 0 rec 1   load 1.09 1.08 0.99
[TEST C2-FST]
Processing dataset...
Done!
Building trie...
trie size: 37.777167 MB
Done!
build time: 16993.441406 ms (1699.344141 ns per key)
space cost: 74.159266 MB (32.400678% of original size 228.881836 MB)
Querying trie...
Done!
total time: 10627.152309 ms, avg latency: 1062.715231 ns
topology: 12.378445 MB, link: 28.910372 MB, data: 32.870449 MB
--- Unary Path Analysis (FST, cutoff=4) ---
  shared unary steps in main trie: 994037
  terminal suffixes: inplace=72 (avg len=2.67)  links=9999928 (100.0% of terminal)
  link len: avg=10.46  max=13  total_chars=104556373
  link length distribution (len:count):  4:308  5:1114  6:4343  7:17785  8:69577  9:272560  10:1019069  11:3104051  12:4591242  13:919171  14:708
16993.441406,74.159266,1062.715231
[PASSED]
[time 37.06 s, user 35.27 s, sys 1.63 s, maxrss 1758168 KB]
[busy 3803 jiffies]
[exit 0]
--- c2 case 0 rec 2   load 1.04 1.07 0.99
timeout: the monitored command dumped core
Command terminated by signal 11
[time 22.39 s, user 20.87 s, sys 1.36 s, maxrss 1758520 KB]
[busy 2300 jiffies]
[exit 139]
--- c2 case 1 rec 0   load 1.03 1.06 1.00
[TEST C2-CoCo(LOUDS-Sparse)]
Processing dataset...
Done!
Building trie...
Done!
build time: 22191.005574 ms (2219.100557 ns per key)
space cost: 72.822873 MB (31.816798% of original size 228.881836 MB)
Querying trie...
Done!
total time: 7626.716262 ms, avg latency: 762.671626 ns
topology: 3.420319 MB, link: 32.688608 MB, data: 36.713946 MB
22191.005574,72.822873,762.671626
[PASSED]
[time 39.23 s, user 36.46 s, sys 2.61 s, maxrss 3400412 KB]
[busy 4040 jiffies]
[exit 0]
--- c2 case 1 rec 1   load 0.93 1.03 0.99
[TEST C2-CoCo(LOUDS-Sparse)]
Processing dataset...
Done!
Building trie...
trie size: 37.777167 MB
Done!
build time: 23501.172005 ms (2350.117200 ns per key)
space cost: 57.044919 MB (24.923306% of original size 228.881836 MB)
Querying trie...
Done!
total time: 9223.290208 ms, avg latency: 922.329021 ns
topology: 6.873493 MB, link: 30.304507 MB, data: 19.866919 MB
23501.172005,57.044919,922.329021
[PASSED]
[time 42.22 s, user 39.60 s, sys 2.45 s, maxrss 3069068 KB]
[busy 4335 jiffies]
[exit 0]
--- c2 case 1 rec 2   load 0.97 1.03 1.00
timeout: the monitored command dumped core
Command terminated by signal 11
[time 28.92 s, user 26.56 s, sys 2.18 s, maxrss 3069500 KB]
[busy 2966 jiffies]
[exit 139]
--- c2 case 2 rec 0   load 0.98 1.02 1.00
[TEST C2-MARISA]
Processing dataset...
Done!
Building trie...
trie size: 24.434970 MB
Done!
build time: 15252.157489 ms (1525.215749 ns per key)
space cost: 95.269694 MB (41.623965% of original size 228.881836 MB)
Querying trie...
Done!
total time: 6948.846092 ms, avg latency: 694.884609 ns
topology: 8.066944 MB, link: 31.537600 MB, data: 55.337026 MB
--- Unary Path Analysis (Marisa, cutoff=3) ---
  branches: 16819022  |  single-char: 6056704 (36.0%)  short-unary: 587781 (3.5%)  links: 10174537 (60.5%)
  link len: avg=12.30  max=15  total_chars=125137286
  link length distribution (len:count):  3:131739  4:32131  5:8322  6:3155  7:4877  8:17889  9:69612  10:272566  11:1019074  12:3104051  13:4591242  14:919171  15:708
  short unary avg len: 2.00
15252.157489,95.269694,694.884609
[PASSED]
[time 31.63 s, user 29.58 s, sys 1.92 s, maxrss 2244504 KB]
[busy 3250 jiffies]
[exit 0]
--- c2 case 2 rec 1   load 0.91 1.00 0.99
[TEST C2-MARISA]
Processing dataset...
Done!
Building trie...
trie size: 24.434970 MB
trie size: 47.886275 MB
Done!
build time: 17249.002377 ms (1724.900238 ns per key)
space cost: 72.352404 MB (31.611248% of original size 228.881836 MB)
Querying trie...
Done!
total time: 9985.156169 ms, avg latency: 998.515617 ns
topology: 14.325905 MB, link: 29.140208 MB, data: 28.558166 MB
--- Unary Path Analysis (Marisa, cutoff=3) ---
  branches: 16819022  |  single-char: 6056704 (36.0%)  short-unary: 587781 (3.5%)  links: 10174537 (60.5%)
  link len: avg=12.30  max=15  total_chars=125137286
  link length distribution (len:count):  3:131739  4:32131  5:8322  6:3155  7:4877  8:17889  9:69612  10:272566  11:1019074  12:3104051  13:4591242  14:919171  15:708
  short unary avg len: 2.00
17249.002377,72.352404,998.515617
[PASSED]
[time 36.70 s, user 34.89 s, sys 1.66 s, maxrss 1667044 KB]
[busy 3769 jiffies]
[exit 0]
--- c2 case 2 rec 2   load 0.95 1.00 1.00
timeout: the monitored command dumped core
Command terminated by signal 11
[time 22.70 s, user 21.19 s, sys 1.35 s, maxrss 1666772 KB]
[busy 2331 jiffies]
[exit 139]
--- c2 case 3 rec 0   load 0.97 1.00 1.00
[TEST FST]
Processing dataset...
Done!
Building trie...
Done!
build time: 11959.654837 ms (1195.965484 ns per key)
space cost: 119.365768 MB (52.151700% of original size 228.881836 MB)
Querying trie...
Done!
total time: 8585.853821 ms, avg latency: 858.585382 ns
not implemented
11959.654837,119.365768,858.585382
[PASSED]
[time 29.96 s, user 28.58 s, sys 1.25 s, maxrss 1688788 KB]
[busy 3076 jiffies]
[exit 0]
--- c2 case 4 rec 0   load 0.98 1.00 1.00
terminate called after throwing an instance of 'std::bad_alloc'
  what():  std::bad_alloc
timeout: the monitored command dumped core
Command terminated by signal 6
[time 25.88 s, user 13.97 s, sys 11.74 s, maxrss 27784900 KB]
[busy 2745 jiffies]
[exit 134]
--- c2 case 5 rec 0   load 0.91 0.98 0.99
[TEST MARISA]
Processing dataset...
Done!
Building trie...
Done!
build time: 7826.793097 ms (782.679310 ns per key)
space cost: 147.956710 MB (64.643273% of original size 228.881836 MB)
Querying trie...
Done!
total time: 9040.331273 ms, avg latency: 904.033127 ns
not implemented
7826.793097,147.956710,904.033127
[PASSED]
[time 26.10 s, user 24.37 s, sys 1.62 s, maxrss 1989188 KB]
[busy 2680 jiffies]
[exit 0]
--- c2 case 5 rec 1   load 0.94 0.99 1.00
[TEST MARISA]
Processing dataset...
Done!
Building trie...
Done!
build time: 9754.255601 ms (975.425560 ns per key)
space cost: 65.397814 MB (28.572741% of original size 228.881836 MB)
Querying trie...
Done!
total time: 13353.036035 ms, avg latency: 1335.303604 ns
not implemented
9754.255601,65.397814,1335.303604
[PASSED]
[time 32.34 s, user 30.53 s, sys 1.67 s, maxrss 1910592 KB]
[busy 3318 jiffies]
[exit 0]
--- c2 case 5 rec 2   load 0.89 0.97 0.99
[TEST MARISA]
Processing dataset...
Done!
Building trie...
Done!
build time: 9732.619213 ms (973.261921 ns per key)
space cost: 64.374021 MB (28.125439% of original size 228.881836 MB)
Querying trie...
Done!
total time: 13740.849739 ms, avg latency: 1374.084974 ns
not implemented
9732.619213,64.374021,1374.084974
[PASSED]
[time 32.77 s, user 30.99 s, sys 1.64 s, maxrss 1910304 KB]
[busy 3363 jiffies]
[exit 0]
--- c2 case 6 rec 0   load 0.93 0.97 1.00
[TEST PDT]
Processing dataset...
Done!
Building trie...
dict size: 151384, stream size: 57071972
Done!
build time: 25052.595589 ms (2505.259559 ns per key)
space cost: 67.337972 MB (29.420409% of original size 228.881836 MB)
Querying trie...
Done!
total time: 14227.492366 ms, avg latency: 1422.749237 ns
not implemented
25052.595589,67.337972,1422.749237
[PASSED]
[time 48.79 s, user 46.66 s, sys 1.93 s, maxrss 1637124 KB]
[busy 4992 jiffies]
[exit 0]
--- c2 case 7 rec 0   load 0.97 0.98 1.00
[TEST ART]
Processing dataset...
Done!
Building trie...
Done!
build time: 2189.853107 ms (218.985311 ns per key)
space cost: 332.784225 MB (145.395647% of original size 228.881836 MB)
Querying trie...
Done!
total time: 6020.638846 ms, avg latency: 602.063885 ns
not implemented
2189.853107,332.784225,602.063885
[PASSED]
[time 17.67 s, user 16.28 s, sys 1.31 s, maxrss 2190364 KB]
[busy 1816 jiffies]
[exit 0]
--- c2 case 8 rec 0   load 0.98 0.98 1.00
[TEST CART]
Processing dataset...
Done!
Building trie...
Done!
build time: 2774.685323 ms (277.468532 ns per key)
space cost: 156.509016 MB (68.379833% of original size 228.881836 MB)
Querying trie...
Done!
total time: 7310.338709 ms, avg latency: 731.033871 ns
not implemented
2774.685323,156.509016,731.033871
[PASSED]
[time 19.58 s, user 18.22 s, sys 1.28 s, maxrss 2102636 KB]
[busy 2008 jiffies]
[exit 0]
--- xcdat 7   load 0.99 0.98 1.00
build time: 10735.618183 ms
space cost: 136.369071 MiB (59.580556% of original size 228.881836 MiB)
avg latency: 712.536395 ns
10735.618183,136.369071,712.536395
[time 27.13 s, user 25.33 s, sys 1.68 s, maxrss 1705896 KB]
[busy 2782 jiffies]
[exit 0]
--- xcdat 8   load 0.99 0.99 1.00
build time: 10418.093066 ms
space cost: 135.305025 MiB (59.115668% of original size 228.881836 MiB)
avg latency: 660.084052 ns
10418.093066,135.305025,660.084052
[time 26.37 s, user 24.51 s, sys 1.75 s, maxrss 1704840 KB]
[busy 2704 jiffies]
[exit 0]
--- xcdat 15   load 1.00 0.99 1.00
build time: 10657.752675 ms
space cost: 152.576344 MiB (66.661622% of original size 228.881836 MiB)
avg latency: 573.681056 ns
10657.752675,152.576344,573.681056
[time 25.73 s, user 23.90 s, sys 1.73 s, maxrss 1722688 KB]
[busy 2641 jiffies]
[exit 0]
--- xcdat 16   load 0.92 0.97 0.99
build time: 10449.260855 ms
space cost: 157.761472 MiB (68.927039% of original size 228.881836 MiB)
avg latency: 599.738463 ns
10449.260855,157.761472,599.738463
[time 25.78 s, user 23.95 s, sys 1.72 s, maxrss 1727892 KB]
[busy 2640 jiffies]
[exit 0]

##### numeric-10000000 (10000000 lines, 78888890 bytes)   round 1/3   2026-09-20T12:58:09+03:00
--- lexindex dict32   load 0.95 0.98 1.00
10000000 keys
lexindex DictIndex block 32: build 888 ms, size 11.972 MiB (1.255 B/key), latency cold 359.6 ns, then mean 358.7 / min 357.1 ns
887.747,11.971594,359.607
[time 20.91 s, user 23.45 s, sys 0.78 s, maxrss 1164180 KB]
[busy 2488 jiffies]
[exit 0]
--- lexindex dict256   load 0.96 0.98 1.00
10000000 keys
lexindex DictIndex block 256: build 886 ms, size 9.685 MiB (1.016 B/key), latency cold 340.1 ns, then mean 340.0 / min 339.1 ns
886.108,9.685040,340.072
[time 20.13 s, user 22.69 s, sys 0.81 s, maxrss 1151464 KB]
[busy 2416 jiffies]
[exit 0]
--- lexindex dict1024   load 0.90 0.96 0.99
10000000 keys
lexindex DictIndex block 1024: build 868 ms, size 8.762 MiB (0.919 B/key), latency cold 354.5 ns, then mean 353.9 / min 352.8 ns
867.775,8.762317,354.469
[time 20.68 s, user 23.08 s, sys 0.77 s, maxrss 1156476 KB]
[busy 2448 jiffies]
[exit 0]
--- lexindex string   load 0.93 0.97 1.00
10000000 keys
lexindex StringIndex: build 1824 ms, size 0.000 MiB (0.000 B/key), latency cold 134.4 ns, then mean 135.1 / min 134.8 ns
1823.591,0.000340,134.360
[time 12.79 s, user 12.18 s, sys 0.56 s, maxrss 1125328 KB]
[busy 1317 jiffies]
[exit 0]
--- c2 case 0 rec 0   load 0.94 0.97 1.00
timeout: the monitored command dumped core
Command terminated by signal 11
[time 3.67 s, user 2.93 s, sys 0.67 s, maxrss 734340 KB]
[busy 383 jiffies]
[exit 139]
--- c2 case 0 rec 1   load 0.87 0.95 0.99
timeout: the monitored command dumped core
Command terminated by signal 11
[time 3.67 s, user 2.92 s, sys 0.66 s, maxrss 734336 KB]
[busy 381 jiffies]
[exit 139]
--- c2 case 0 rec 2   load 0.80 0.94 0.99
timeout: the monitored command dumped core
Command terminated by signal 11
[time 3.69 s, user 2.93 s, sys 0.67 s, maxrss 734600 KB]
[busy 383 jiffies]
[exit 139]
--- c2 case 1 rec 0   load 0.73 0.92 0.98
timeout: the monitored command dumped core
Command terminated by signal 11
[time 4.08 s, user 3.28 s, sys 0.73 s, maxrss 734436 KB]
[busy 423 jiffies]
[exit 139]
--- c2 case 1 rec 1   load 0.68 0.91 0.98
timeout: the monitored command dumped core
Command terminated by signal 11
[time 4.05 s, user 3.27 s, sys 0.70 s, maxrss 734332 KB]
[busy 424 jiffies]
[exit 139]
--- c2 case 1 rec 2   load 0.62 0.89 0.97
timeout: the monitored command dumped core
Command terminated by signal 11
[time 4.08 s, user 3.30 s, sys 0.70 s, maxrss 734412 KB]
[busy 422 jiffies]
[exit 139]
--- c2 case 2 rec 0   load 0.57 0.88 0.97
timeout: the monitored command dumped core
Command terminated by signal 11
[time 3.60 s, user 2.86 s, sys 0.66 s, maxrss 734184 KB]
[busy 375 jiffies]
[exit 139]
--- c2 case 2 rec 1   load 0.53 0.86 0.96
timeout: the monitored command dumped core
Command terminated by signal 11
[time 3.76 s, user 3.02 s, sys 0.67 s, maxrss 734492 KB]
[busy 393 jiffies]
[exit 139]
--- c2 case 2 rec 2   load 0.48 0.85 0.95
timeout: the monitored command dumped core
Command terminated by signal 11
[time 3.70 s, user 2.95 s, sys 0.67 s, maxrss 734664 KB]
[busy 383 jiffies]
[exit 139]
--- c2 case 3 rec 0   load 0.48 0.85 0.95
[TEST FST]
Processing dataset...
Done!
Building trie...
Done!
build time: 2545.344092 ms (254.534409 ns per key)
space cost: 14.447110 MB (21.990328% of original size 65.697565 MB)
Querying trie...
Done!
total time: 3638.752540 ms, avg latency: 363.875254 ns
not implemented
2545.344092,14.447110,363.875254
[PASSED]
[time 10.02 s, user 9.34 s, sys 0.64 s, maxrss 661624 KB]
[busy 1028 jiffies]
[exit 0]
--- c2 case 4 rec 0   load 0.52 0.84 0.95
[TEST COCO]
Processing dataset...
Done!
Building trie...
num nodes = 90001, average depth = 1.000033
ef = 0.000000, pa = 0.000000, bv = 0.000011, de = 0.999989
efr = 0.000000, par = 0.000000, bvr = 0.000000, der = 0.000000
Done!
build time: 7186.401389 ms (718.640139 ns per key)
space cost: 4.854946 MB (7.389841% of original size 65.697565 MB)
Querying trie...
Done!
total time: 2967.563709 ms, avg latency: 296.756371 ns
not implemented
7186.401389,4.854946,296.756371
[PASSED]
[time 14.25 s, user 11.81 s, sys 2.38 s, maxrss 4905468 KB]
[busy 1462 jiffies]
[exit 0]
--- c2 case 5 rec 0   load 0.62 0.85 0.95
[TEST MARISA]
Processing dataset...
Done!
Building trie...
Done!
build time: 1682.528818 ms (168.252882 ns per key)
space cost: 15.797803 MB (24.046253% of original size 65.697565 MB)
Querying trie...
Done!
total time: 2620.009571 ms, avg latency: 262.000957 ns
not implemented
1682.528818,15.797803,262.000957
[PASSED]
[time 8.22 s, user 7.36 s, sys 0.82 s, maxrss 977640 KB]
[busy 848 jiffies]
[exit 0]
--- c2 case 5 rec 1   load 0.60 0.84 0.95
[TEST MARISA]
Processing dataset...
Done!
Building trie...
Done!
build time: 1685.298019 ms (168.529802 ns per key)
space cost: 15.797803 MB (24.046253% of original size 65.697565 MB)
Querying trie...
Done!
total time: 2577.812946 ms, avg latency: 257.781295 ns
not implemented
1685.298019,15.797803,257.781295
[PASSED]
[time 8.14 s, user 7.33 s, sys 0.77 s, maxrss 977768 KB]
[busy 842 jiffies]
[exit 0]
--- c2 case 5 rec 2   load 0.63 0.84 0.95
[TEST MARISA]
Processing dataset...
Done!
Building trie...
Done!
build time: 1695.345039 ms (169.534504 ns per key)
space cost: 15.797803 MB (24.046253% of original size 65.697565 MB)
Querying trie...
Done!
total time: 2597.164582 ms, avg latency: 259.716458 ns
not implemented
1695.345039,15.797803,259.716458
[PASSED]
[time 8.14 s, user 7.31 s, sys 0.79 s, maxrss 977808 KB]
[busy 837 jiffies]
[exit 0]
--- c2 case 6 rec 0   load 0.69 0.85 0.95
[TEST PDT]
Processing dataset...
Done!
Building trie...
dict size: 130, stream size: 2965758
Done!
build time: 1238.964151 ms (123.896415 ns per key)
space cost: 15.594018 MB (23.736067% of original size 65.697565 MB)
Querying trie...
Done!
total time: 6488.162442 ms, avg latency: 648.816244 ns
not implemented
1238.964151,15.594018,648.816244
[PASSED]
[time 11.60 s, user 10.90 s, sys 0.65 s, maxrss 687776 KB]
[busy 1194 jiffies]
[exit 0]
--- c2 case 7 rec 0   load 0.76 0.85 0.95
[TEST ART]
Processing dataset...
Done!
Building trie...
Done!
build time: 659.222627 ms (65.922263 ns per key)
space cost: 200.653076 MB (305.419350% of original size 65.697565 MB)
Querying trie...
Done!
total time: 1419.866623 ms, avg latency: 141.986662 ns
not implemented
659.222627,200.653076,141.986662
[PASSED]
[time 5.99 s, user 5.25 s, sys 0.71 s, maxrss 924884 KB]
[busy 620 jiffies]
[exit 0]
--- c2 case 8 rec 0   load 0.78 0.86 0.95
[TEST CART]
Processing dataset...
Done!
Building trie...
Done!
build time: 829.258509 ms (82.925851 ns per key)
space cost: 111.770621 MB (170.129016% of original size 65.697565 MB)
Querying trie...
Done!
total time: 2065.111106 ms, avg latency: 206.511111 ns
not implemented
829.258509,111.770621,206.511111
[PASSED]
[time 6.78 s, user 6.04 s, sys 0.71 s, maxrss 940152 KB]
[busy 698 jiffies]
[exit 0]
--- xcdat 7   load 0.81 0.86 0.95
build time: 2791.084886 ms
space cost: 52.854505 MiB (80.451238% of original size 65.697565 MiB)
avg latency: 342.792715 ns
2791.084886,52.854505,342.792715
[time 10.14 s, user 9.38 s, sys 0.72 s, maxrss 747420 KB]
[busy 1042 jiffies]
[exit 0]
--- xcdat 8   load 0.92 0.88 0.96
build time: 1824.337633 ms
space cost: 46.072033 MiB (70.127459% of original size 65.697565 MiB)
avg latency: 308.508885 ns
1824.337633,46.072033,308.508885
[time 8.82 s, user 8.03 s, sys 0.74 s, maxrss 731976 KB]
[busy 908 jiffies]
[exit 0]
--- xcdat 15   load 0.94 0.89 0.96
build time: 2124.777873 ms
space cost: 67.281871 MiB (102.411514% of original size 65.697565 MiB)
avg latency: 202.647103 ns
2124.777873,67.281871,202.647103
[time 8.06 s, user 7.28 s, sys 0.74 s, maxrss 775584 KB]
[busy 826 jiffies]
[exit 0]
--- xcdat 16   load 0.95 0.89 0.96
build time: 1849.737279 ms
space cost: 71.808467 MiB (109.301565% of original size 65.697565 MiB)
avg latency: 238.626831 ns
1849.737279,71.808467,238.626831
[time 8.17 s, user 7.36 s, sys 0.77 s, maxrss 783976 KB]
[busy 844 jiffies]
[exit 0]

##### opaque-10000000 (10000000 lines, 170000000 bytes)   round 1/3   2026-09-20T13:02:12+03:00
--- lexindex dict32   load 0.87 0.88 0.95
10000000 keys
lexindex DictIndex block 32: build 1303 ms, size 98.166 MiB (10.293 B/key), latency cold 588.9 ns, then mean 587.3 / min 586.1 ns
1302.986,98.166037,588.855
[time 30.68 s, user 36.63 s, sys 2.05 s, maxrss 1424048 KB]
[busy 3967 jiffies]
[exit 0]
--- lexindex dict256   load 0.92 0.89 0.96
10000000 keys
lexindex DictIndex block 256: build 1292 ms, size 95.809 MiB (10.046 B/key), latency cold 592.6 ns, then mean 592.5 / min 592.1 ns
1291.933,95.808618,592.601
[time 30.88 s, user 36.93 s, sys 1.91 s, maxrss 1424652 KB]
[busy 3986 jiffies]
[exit 0]
--- lexindex dict1024   load 0.96 0.90 0.96
10000000 keys
lexindex DictIndex block 1024: build 1275 ms, size 94.924 MiB (9.953 B/key), latency cold 581.7 ns, then mean 578.3 / min 577.5 ns
1275.286,94.923699,581.659
[time 30.30 s, user 36.22 s, sys 1.82 s, maxrss 1404528 KB]
[busy 3903 jiffies]
[exit 0]
--- lexindex string   load 0.90 0.90 0.96
10000000 keys
lexindex StringIndex: build 11183 ms, size 204.743 MiB (21.469 B/key), latency cold 576.6 ns, then mean 577.9 / min 575.9 ns
11183.197,204.742606,576.591
[time 40.06 s, user 39.05 s, sys 0.85 s, maxrss 1500984 KB]
[busy 4103 jiffies]
[exit 0]
--- c2 case 0 rec 0   load 0.95 0.91 0.96
[TEST C2-FST]
Processing dataset...
Done!
Building trie...
Done!
build time: 12456.529010 ms (1245.652901 ns per key)
space cost: 168.524103 MB (110.443956% of original size 152.587891 MB)
Querying trie...
Done!
total time: 6798.095450 ms, avg latency: 679.809545 ns
topology: 7.322502 MB, link: 33.678872 MB, data: 127.522729 MB
--- Unary Path Analysis (FST, cutoff=4) ---
  shared unary steps in main trie: 26453
  terminal suffixes: inplace=0 (avg len=0.00)  links=10000000 (100.0% of terminal)
  link len: avg=10.54  max=11  total_chars=105416542
  link length distribution (len:count):  8:18  9:1442  10:92299  11:4394462  12:5511779
12456.529010,168.524103,679.809545
[PASSED]
[time 28.31 s, user 26.35 s, sys 1.83 s, maxrss 2353660 KB]
[busy 2904 jiffies]
[exit 0]
--- c2 case 0 rec 1   load 0.89 0.91 0.96
[TEST C2-FST]
Processing dataset...
Done!
Building trie...
trie size: 46.253762 MB
Done!
build time: 23517.365249 ms (2351.736525 ns per key)
space cost: 168.524103 MB (110.443956% of original size 152.587891 MB)
Querying trie...
Done!
total time: 6824.144516 ms, avg latency: 682.414452 ns
topology: 7.322502 MB, link: 33.678872 MB, data: 127.522729 MB
--- Unary Path Analysis (FST, cutoff=4) ---
  shared unary steps in main trie: 26453
  terminal suffixes: inplace=0 (avg len=0.00)  links=10000000 (100.0% of terminal)
  link len: avg=10.54  max=11  total_chars=105416542
  link length distribution (len:count):  8:18  9:1442  10:92299  11:4394462  12:5511779
23517.365249,168.524103,682.414452
[PASSED]
[time 39.46 s, user 37.03 s, sys 2.26 s, maxrss 2822348 KB]
[busy 4047 jiffies]
[exit 0]
--- c2 case 0 rec 2   load 0.94 0.92 0.96
[TEST C2-FST]
Processing dataset...
Done!
Building trie...
trie size: 46.253762 MB
Done!
build time: 23609.212922 ms (2360.921292 ns per key)
space cost: 168.524103 MB (110.443956% of original size 152.587891 MB)
Querying trie...
Done!
total time: 6752.229755 ms, avg latency: 675.222975 ns
topology: 7.322502 MB, link: 33.678872 MB, data: 127.522729 MB
--- Unary Path Analysis (FST, cutoff=4) ---
  shared unary steps in main trie: 26453
  terminal suffixes: inplace=0 (avg len=0.00)  links=10000000 (100.0% of terminal)
  link len: avg=10.54  max=11  total_chars=105416542
  link length distribution (len:count):  8:18  9:1442  10:92299  11:4394462  12:5511779
23609.212922,168.524103,675.222975
[PASSED]
[time 39.43 s, user 36.99 s, sys 2.27 s, maxrss 2822848 KB]
[busy 4043 jiffies]
[exit 0]
--- c2 case 1 rec 0   load 1.04 0.95 0.97
[TEST C2-CoCo(LOUDS-Sparse)]
Processing dataset...
Done!
Building trie...
Done!
build time: 15320.011769 ms (1532.001177 ns per key)
space cost: 161.439246 MB (105.800824% of original size 152.587891 MB)
Querying trie...
Done!
total time: 6989.320520 ms, avg latency: 698.932052 ns
topology: 3.310211 MB, link: 34.003298 MB, data: 124.125737 MB
15320.011769,161.439246,698.932052
[PASSED]
[time 31.38 s, user 28.69 s, sys 2.56 s, maxrss 3322288 KB]
[busy 3212 jiffies]
[exit 0]
--- c2 case 1 rec 1   load 1.02 0.95 0.98
[TEST C2-CoCo(LOUDS-Sparse)]
Processing dataset...
Done!
Building trie...
trie size: 46.253762 MB
Done!
build time: 26261.276020 ms (2626.127602 ns per key)
space cost: 161.439246 MB (105.800824% of original size 152.587891 MB)
Querying trie...
Done!
total time: 7051.273477 ms, avg latency: 705.127348 ns
topology: 3.310211 MB, link: 34.003298 MB, data: 124.125737 MB
26261.276020,161.439246,705.127348
[PASSED]
[time 42.35 s, user 39.34 s, sys 2.83 s, maxrss 3791104 KB]
[busy 4337 jiffies]
[exit 0]
--- c2 case 1 rec 2   load 1.01 0.96 0.98
[TEST C2-CoCo(LOUDS-Sparse)]
Processing dataset...
Done!
Building trie...
trie size: 46.253762 MB
Done!
build time: 26191.996080 ms (2619.199608 ns per key)
space cost: 161.439246 MB (105.800824% of original size 152.587891 MB)
Querying trie...
Done!
total time: 6923.075446 ms, avg latency: 692.307545 ns
topology: 3.310211 MB, link: 34.003298 MB, data: 124.125737 MB
26191.996080,161.439246,692.307545
[PASSED]
[time 42.14 s, user 39.04 s, sys 2.92 s, maxrss 3791088 KB]
[busy 4321 jiffies]
[exit 0]
--- c2 case 2 rec 0   load 0.92 0.95 0.98
[TEST C2-MARISA]
Processing dataset...
Done!
Building trie...
trie size: 18.021462 MB
Done!
build time: 11229.952327 ms (1122.995233 ns per key)
space cost: 165.523580 MB (108.477533% of original size 152.587891 MB)
Querying trie...
Done!
total time: 5586.290887 ms, avg latency: 558.629089 ns
topology: 5.929127 MB, link: 32.190027 MB, data: 127.076301 MB
--- Unary Path Analysis (Marisa, cutoff=3) ---
  branches: 12335636  |  single-char: 2309593 (18.7%)  short-unary: 25639 (0.2%)  links: 10000404 (81.1%)
  link len: avg=12.54  max=13  total_chars=125417760
  link length distribution (len:count):  3:398  4:6  9:18  10:1442  11:92299  12:4394462  13:5511779
  short unary avg len: 2.00
11229.952327,165.523580,558.629089
[PASSED]
[time 25.93 s, user 23.91 s, sys 1.91 s, maxrss 2276396 KB]
[busy 2665 jiffies]
[exit 0]
--- c2 case 2 rec 1   load 1.01 0.97 0.99
[TEST C2-MARISA]
Processing dataset...
Done!
Building trie...
trie size: 18.021462 MB
trie size: 46.255407 MB
Done!
build time: 22074.577685 ms (2207.457768 ns per key)
space cost: 165.523580 MB (108.477533% of original size 152.587891 MB)
Querying trie...
Done!
total time: 5576.590715 ms, avg latency: 557.659071 ns
topology: 5.929127 MB, link: 32.190027 MB, data: 127.076301 MB
--- Unary Path Analysis (Marisa, cutoff=3) ---
  branches: 12335636  |  single-char: 2309593 (18.7%)  short-unary: 25639 (0.2%)  links: 10000404 (81.1%)
  link len: avg=12.54  max=13  total_chars=125417760
  link length distribution (len:count):  3:398  4:6  9:18  10:1442  11:92299  12:4394462  13:5511779
  short unary avg len: 2.00
22074.577685,165.523580,557.659071
[PASSED]
[time 36.76 s, user 34.28 s, sys 2.33 s, maxrss 2779032 KB]
[busy 3782 jiffies]
[exit 0]
--- c2 case 2 rec 2   load 0.92 0.96 0.98
[TEST C2-MARISA]
Processing dataset...
Done!
Building trie...
trie size: 18.021462 MB
trie size: 46.255407 MB
Done!
build time: 22204.148977 ms (2220.414898 ns per key)
space cost: 165.523580 MB (108.477533% of original size 152.587891 MB)
Querying trie...
Done!
total time: 5612.564651 ms, avg latency: 561.256465 ns
topology: 5.929127 MB, link: 32.190027 MB, data: 127.076301 MB
--- Unary Path Analysis (Marisa, cutoff=3) ---
  branches: 12335636  |  single-char: 2309593 (18.7%)  short-unary: 25639 (0.2%)  links: 10000404 (81.1%)
  link len: avg=12.54  max=13  total_chars=125417760
  link length distribution (len:count):  3:398  4:6  9:18  10:1442  11:92299  12:4394462  13:5511779
  short unary avg len: 2.00
22204.148977,165.523580,561.256465
[PASSED]
[time 36.90 s, user 34.40 s, sys 2.35 s, maxrss 2779320 KB]
[busy 3797 jiffies]
[exit 0]
--- c2 case 3 rec 0   load 0.96 0.97 0.99
[TEST FST]
Processing dataset...
Done!
Building trie...
Done!
build time: 8742.247280 ms (874.224728 ns per key)
space cost: 166.730864 MB (109.268739% of original size 152.587891 MB)
Querying trie...
Done!
total time: 5342.456065 ms, avg latency: 534.245607 ns
not implemented
8742.247280,166.730864,534.245607
[PASSED]
[time 23.17 s, user 21.88 s, sys 1.19 s, maxrss 1425312 KB]
[busy 2380 jiffies]
[exit 0]
--- c2 case 4 rec 0   load 0.97 0.97 0.99
terminate called after throwing an instance of 'std::bad_alloc'
  what():  std::bad_alloc
timeout: the monitored command dumped core
Command terminated by signal 6
[time 27.25 s, user 15.51 s, sys 11.57 s, maxrss 27784928 KB]
[busy 2805 jiffies]
[exit 134]
--- c2 case 5 rec 0   load 0.91 0.96 0.99
[TEST MARISA]
Processing dataset...
Done!
Building trie...
Done!
build time: 6186.742214 ms (618.674221 ns per key)
space cost: 172.390432 MB (112.977794% of original size 152.587891 MB)
Querying trie...
Done!
total time: 9099.088938 ms, avg latency: 909.908894 ns
not implemented
6186.742214,172.390432,909.908894
[PASSED]
[time 24.31 s, user 22.63 s, sys 1.58 s, maxrss 1756056 KB]
[busy 2495 jiffies]
[exit 0]
--- c2 case 5 rec 1   load 0.94 0.96 0.99
[TEST MARISA]
Processing dataset...
Done!
Building trie...
Done!
build time: 9579.936590 ms (957.993659 ns per key)
space cost: 174.772559 MB (114.538944% of original size 152.587891 MB)
Querying trie...
Done!
total time: 18936.896412 ms, avg latency: 1893.689641 ns
not implemented
9579.936590,174.772559,1893.689641
[PASSED]
[time 37.53 s, user 35.50 s, sys 1.87 s, maxrss 1745796 KB]
[busy 3851 jiffies]
[exit 0]
--- c2 case 5 rec 2   load 1.05 0.99 1.00
[TEST MARISA]
Processing dataset...
Done!
Building trie...
Done!
build time: 12712.150827 ms (1271.215083 ns per key)
space cost: 174.781183 MB (114.544596% of original size 152.587891 MB)
Querying trie...
Done!
total time: 30369.449067 ms, avg latency: 3036.944907 ns
not implemented
12712.150827,174.781183,3036.944907
[PASSED]
[time 52.09 s, user 49.82 s, sys 2.05 s, maxrss 1802184 KB]
[busy 5347 jiffies]
[exit 0]
--- c2 case 6 rec 0   load 1.02 0.99 1.00
[TEST PDT]
Processing dataset...
Done!
Building trie...
dict size: 177886, stream size: 123770486
Done!
build time: 129345.116226 ms (12934.511623 ns per key)
space cost: 130.971906 MB (85.833748% of original size 152.587891 MB)
Querying trie...
Done!
total time: 12601.831070 ms, avg latency: 1260.183107 ns
not implemented
129345.116226,130.971906,1260.183107
[PASSED]
[time 151.81 s, user 149.17 s, sys 1.99 s, maxrss 2153632 KB]
[busy 22264 jiffies]
[exit 0]
--- c2 case 7 rec 0   load 1.38 1.17 1.06
[TEST ART]
Processing dataset...
Done!
Building trie...
Done!
build time: 1570.862722 ms (157.086272 ns per key)
space cost: 281.783142 MB (184.669400% of original size 152.587891 MB)
Querying trie...
Done!
total time: 2536.049967 ms, avg latency: 253.604997 ns
not implemented
1570.862722,281.783142,253.604997
[PASSED]
[time 13.36 s, user 12.15 s, sys 1.15 s, maxrss 1718996 KB]
[busy 1434 jiffies]
[exit 0]
--- c2 case 8 rec 0   load 1.32 1.17 1.06
[TEST CART]
Processing dataset...
Done!
Building trie...
Done!
build time: 2227.042867 ms (222.704287 ns per key)
space cost: 110.237770 MB (72.245425% of original size 152.587891 MB)
Querying trie...
Done!
total time: 3751.161079 ms, avg latency: 375.116108 ns
not implemented
2227.042867,110.237770,375.116108
[PASSED]
[time 15.48 s, user 14.30 s, sys 1.11 s, maxrss 1556852 KB]
[busy 1854 jiffies]
[exit 0]
--- xcdat 7   load 1.44 1.20 1.08
build time: 10621.718041 ms
space cost: 200.245496 MiB (131.232888% of original size 152.587891 MiB)
avg latency: 492.658867 ns
10621.718041,200.245496,492.658867
[time 25.05 s, user 23.22 s, sys 1.71 s, maxrss 1677696 KB]
[busy 2879 jiffies]
[exit 0]
--- xcdat 8   load 1.29 1.19 1.08
build time: 11964.789637 ms
space cost: 194.729631 MiB (127.618011% of original size 152.587891 MiB)
avg latency: 626.247047 ns
11964.789637,194.729631,626.247047
[time 28.59 s, user 26.64 s, sys 1.78 s, maxrss 1659092 KB]
[busy 4556 jiffies]
[exit 0]
--- xcdat 15   load 1.23 1.18 1.08
build time: 11421.043211 ms
space cost: 206.548369 MiB (135.363539% of original size 152.587891 MiB)
avg latency: 336.984538 ns
11421.043211,206.548369,336.984538
[time 24.86 s, user 22.95 s, sys 1.79 s, maxrss 1675424 KB]
[busy 3416 jiffies]
[exit 0]
--- xcdat 16   load 1.33 1.22 1.09
build time: 10398.951219 ms
space cost: 209.774417 MiB (137.477762% of original size 152.587891 MiB)
avg latency: 348.304409 ns
10398.951219,209.774417,348.304409
[time 23.01 s, user 21.27 s, sys 1.63 s, maxrss 1681548 KB]
[busy 2372 jiffies]
[exit 0]

##### titles-en-10000000 (10000000 lines, 219718589 bytes)   round 1/3   2026-09-20T13:17:39+03:00
--- lexindex dict32   load 1.22 1.20 1.09
10000000 keys
lexindex DictIndex block 32: build 2269 ms, size 58.395 MiB (6.123 B/key), latency cold 674.7 ns, then mean 676.1 / min 673.5 ns
2268.813,58.395205,674.720
[time 35.69 s, user 49.97 s, sys 1.23 s, maxrss 1711768 KB]
[busy 5267 jiffies]
[exit 0]
--- lexindex dict256   load 1.12 1.17 1.09
10000000 keys
lexindex DictIndex block 256: build 2335 ms, size 53.891 MiB (5.651 B/key), latency cold 681.9 ns, then mean 677.9 / min 674.1 ns
2335.173,53.891209,681.910
[time 35.90 s, user 50.55 s, sys 1.24 s, maxrss 1703004 KB]
[busy 5309 jiffies]
[exit 0]
--- lexindex dict1024   load 1.05 1.15 1.08
10000000 keys
lexindex DictIndex block 1024: build 2232 ms, size 52.239 MiB (5.478 B/key), latency cold 707.5 ns, then mean 705.1 / min 703.6 ns
2231.771,52.238668,707.508
[time 36.84 s, user 51.09 s, sys 1.20 s, maxrss 1693520 KB]
[busy 5382 jiffies]
[exit 0]
--- lexindex string   load 1.03 1.13 1.08
10000000 keys
lexindex StringIndex: build 8171 ms, size 126.354 MiB (13.249 B/key), latency cold 776.8 ns, then mean 780.1 / min 775.8 ns
8170.604,126.354340,776.805
[time 45.65 s, user 44.60 s, sys 0.86 s, maxrss 1571988 KB]
[busy 4700 jiffies]
[exit 0]
--- c2 case 0 rec 0   load 0.93 1.09 1.07
[TEST C2-FST]
Processing dataset...
Done!
Building trie...
Done!
build time: 10567.755422 ms (1056.775542 ns per key)
space cost: 86.858212 MB (43.428404% of original size 200.003232 MB)
Querying trie...
Done!
total time: 11979.331079 ms, avg latency: 1197.933108 ns
topology: 11.274200 MB, link: 21.160836 MB, data: 54.423176 MB
--- Unary Path Analysis (FST, cutoff=4) ---
  shared unary steps in main trie: 9042618
  terminal suffixes: inplace=1798982 (avg len=2.14)  links=6599643 (78.6% of terminal)
  link len: avg=9.93  max=234  total_chars=65543603
  link length distribution (len:count):  4:783104  5:760158  6:695828  7:589022  8:475587  9:402890  10:359960  11:287809  12:252754  13:211229  14:291790  15:204192  16:188465  17:134915  18:119234  19:103940  20:94864  21:79457  22:68801  23:57526  24:51335  25:45253  26:43170  27:36068  28:31115  29:26944  30:23808  31:20749  32:18599  33:16316  34:14256  35:12616  36:11654  37:10097  38:8350  39:7410  40:6438  41:5768  42:5227  43:4358  44:3828  45:3564  46:3239  47:2673  48:2418  49:2015  50:1930  51:1676  52:1473  53:1343  54:1226  55:1070  56:979  57:898  58:769  59:736  60:626  61:563  62:597  63:542  64:428  65:419  66:401  67:383  68:320  69:311  70:276  71:263  72:227  73:216  74:189  75:189  76:152  77:176  78:161  79:141  80:122  81:127  82:110  83:97  84:90  85:90  86:88  87:88  88:62  89:58  90:57  91:55  92:60  93:54  94:47  95:39  96:52  97:43  98:41  99:43  100:34  101:29  102:20  103:25  104:38  105:22  106:19  107:21  108:27  109:17  110:17  111:15  112:20  113:20  114:14  115:18  116:19  117:10  118:15  119:19  120:13  121:11  122:5  123:13  124:11  125:8  126:8  127:8  128:10  129:12  130:6  131:9  132:1  133:8  134:7  135:4  136:6  137:4  138:7  139:6  140:3  141:3  142:1  143:5  144:3  145:5  146:2  147:3  148:3  149:8  150:6  151:3  152:5  153:5  154:4  155:5  156:4  157:2  158:2  159:3  160:6  162:6  163:1  164:1  165:3  166:3  167:6  168:2  169:1  170:1  171:3  172:1  173:1  174:3  175:1  176:1  177:2  178:2  179:4  180:1  182:1  184:2  185:1  188:2  189:1  191:1  193:4  194:1  195:1  198:3  199:2  200:1  201:1  204:3  205:2  206:1  208:1  209:4  210:1  211:1  213:1  214:1  215:1  217:1  223:1  224:2  228:1  229:1  230:1  231:1  233:1  235:1
10567.755422,86.858212,1197.933108
[PASSED]
[time 30.41 s, user 28.85 s, sys 1.43 s, maxrss 1462092 KB]
[busy 3122 jiffies]
[exit 0]
--- c2 case 0 rec 1   load 0.96 1.08 1.07
[TEST C2-FST]
Processing dataset...
Done!
Building trie...
trie size: 22.733012 MB
Done!
build time: 12376.146793 ms (1237.614679 ns per key)
space cost: 75.770544 MB (37.884660% of original size 200.003232 MB)
Querying trie...
Done!
total time: 14275.760105 ms, avg latency: 1427.576010 ns
topology: 13.082478 MB, link: 20.816256 MB, data: 41.871811 MB
--- Unary Path Analysis (FST, cutoff=4) ---
  shared unary steps in main trie: 9042618
  terminal suffixes: inplace=1798982 (avg len=2.14)  links=6599643 (78.6% of terminal)
  link len: avg=9.93  max=234  total_chars=65543603
  link length distribution (len:count):  4:783104  5:760158  6:695828  7:589022  8:475587  9:402890  10:359960  11:287809  12:252754  13:211229  14:291790  15:204192  16:188465  17:134915  18:119234  19:103940  20:94864  21:79457  22:68801  23:57526  24:51335  25:45253  26:43170  27:36068  28:31115  29:26944  30:23808  31:20749  32:18599  33:16316  34:14256  35:12616  36:11654  37:10097  38:8350  39:7410  40:6438  41:5768  42:5227  43:4358  44:3828  45:3564  46:3239  47:2673  48:2418  49:2015  50:1930  51:1676  52:1473  53:1343  54:1226  55:1070  56:979  57:898  58:769  59:736  60:626  61:563  62:597  63:542  64:428  65:419  66:401  67:383  68:320  69:311  70:276  71:263  72:227  73:216  74:189  75:189  76:152  77:176  78:161  79:141  80:122  81:127  82:110  83:97  84:90  85:90  86:88  87:88  88:62  89:58  90:57  91:55  92:60  93:54  94:47  95:39  96:52  97:43  98:41  99:43  100:34  101:29  102:20  103:25  104:38  105:22  106:19  107:21  108:27  109:17  110:17  111:15  112:20  113:20  114:14  115:18  116:19  117:10  118:15  119:19  120:13  121:11  122:5  123:13  124:11  125:8  126:8  127:8  128:10  129:12  130:6  131:9  132:1  133:8  134:7  135:4  136:6  137:4  138:7  139:6  140:3  141:3  142:1  143:5  144:3  145:5  146:2  147:3  148:3  149:8  150:6  151:3  152:5  153:5  154:4  155:5  156:4  157:2  158:2  159:3  160:6  162:6  163:1  164:1  165:3  166:3  167:6  168:2  169:1  170:1  171:3  172:1  173:1  174:3  175:1  176:1  177:2  178:2  179:4  180:1  182:1  184:2  185:1  188:2  189:1  191:1  193:4  194:1  195:1  198:3  199:2  200:1  201:1  204:3  205:2  206:1  208:1  209:4  210:1  211:1  213:1  214:1  215:1  217:1  223:1  224:2  228:1  229:1  230:1  231:1  233:1  235:1
12376.146793,75.770544,1427.576010
[PASSED]
[time 34.52 s, user 32.98 s, sys 1.39 s, maxrss 1339012 KB]
[busy 3548 jiffies]
[exit 0]
--- c2 case 0 rec 2   load 0.98 1.07 1.06
[TEST C2-FST]
Processing dataset...
Done!
Building trie...
trie size: 22.733012 MB
trie size: 3.280537 MB
Done!
build time: 12889.058151 ms (1288.905815 ns per key)
space cost: 75.770544 MB (37.884660% of original size 200.003232 MB)
Querying trie...
Done!
total time: 14278.362317 ms, avg latency: 1427.836232 ns
topology: 13.082478 MB, link: 20.816256 MB, data: 41.871811 MB
--- Unary Path Analysis (FST, cutoff=4) ---
  shared unary steps in main trie: 9042618
  terminal suffixes: inplace=1798982 (avg len=2.14)  links=6599643 (78.6% of terminal)
  link len: avg=9.93  max=234  total_chars=65543603
  link length distribution (len:count):  4:783104  5:760158  6:695828  7:589022  8:475587  9:402890  10:359960  11:287809  12:252754  13:211229  14:291790  15:204192  16:188465  17:134915  18:119234  19:103940  20:94864  21:79457  22:68801  23:57526  24:51335  25:45253  26:43170  27:36068  28:31115  29:26944  30:23808  31:20749  32:18599  33:16316  34:14256  35:12616  36:11654  37:10097  38:8350  39:7410  40:6438  41:5768  42:5227  43:4358  44:3828  45:3564  46:3239  47:2673  48:2418  49:2015  50:1930  51:1676  52:1473  53:1343  54:1226  55:1070  56:979  57:898  58:769  59:736  60:626  61:563  62:597  63:542  64:428  65:419  66:401  67:383  68:320  69:311  70:276  71:263  72:227  73:216  74:189  75:189  76:152  77:176  78:161  79:141  80:122  81:127  82:110  83:97  84:90  85:90  86:88  87:88  88:62  89:58  90:57  91:55  92:60  93:54  94:47  95:39  96:52  97:43  98:41  99:43  100:34  101:29  102:20  103:25  104:38  105:22  106:19  107:21  108:27  109:17  110:17  111:15  112:20  113:20  114:14  115:18  116:19  117:10  118:15  119:19  120:13  121:11  122:5  123:13  124:11  125:8  126:8  127:8  128:10  129:12  130:6  131:9  132:1  133:8  134:7  135:4  136:6  137:4  138:7  139:6  140:3  141:3  142:1  143:5  144:3  145:5  146:2  147:3  148:3  149:8  150:6  151:3  152:5  153:5  154:4  155:5  156:4  157:2  158:2  159:3  160:6  162:6  163:1  164:1  165:3  166:3  167:6  168:2  169:1  170:1  171:3  172:1  173:1  174:3  175:1  176:1  177:2  178:2  179:4  180:1  182:1  184:2  185:1  188:2  189:1  191:1  193:4  194:1  195:1  198:3  199:2  200:1  201:1  204:3  205:2  206:1  208:1  209:4  210:1  211:1  213:1  214:1  215:1  217:1  223:1  224:2  228:1  229:1  230:1  231:1  233:1  235:1
12889.058151,75.770544,1427.836232
[PASSED]
[time 35.08 s, user 33.54 s, sys 1.39 s, maxrss 1364464 KB]
[busy 3598 jiffies]
[exit 0]
--- c2 case 1 rec 0   load 0.99 1.06 1.06
[TEST C2-CoCo(LOUDS-Sparse)]
Processing dataset...
Done!
Building trie...
Done!
build time: 24681.650106 ms (2468.165011 ns per key)
space cost: 98.257762 MB (49.128087% of original size 200.003232 MB)
Querying trie...
Done!
total time: 14475.338733 ms, avg latency: 1447.533873 ns
topology: 4.410110 MB, link: 33.095964 MB, data: 60.751687 MB
24681.650106,98.257762,1447.533873
[PASSED]
[time 46.97 s, user 44.47 s, sys 2.30 s, maxrss 3193576 KB]
[busy 4816 jiffies]
[exit 0]
--- c2 case 1 rec 1   load 1.08 1.07 1.06
[TEST C2-CoCo(LOUDS-Sparse)]
Processing dataset...
Done!
Building trie...
trie size: 22.733012 MB
Done!
build time: 26628.493399 ms (2662.849340 ns per key)
space cost: 87.170093 MB (43.584342% of original size 200.003232 MB)
Querying trie...
Done!
total time: 16845.338822 ms, avg latency: 1684.533882 ns
topology: 6.218388 MB, link: 32.751384 MB, data: 48.200322 MB
26628.493399,87.170093,1684.533882
[PASSED]
[time 51.32 s, user 48.84 s, sys 2.27 s, maxrss 3066412 KB]
[busy 5262 jiffies]
[exit 0]
--- c2 case 1 rec 2   load 1.03 1.05 1.06
[TEST C2-CoCo(LOUDS-Sparse)]
Processing dataset...
Done!
Building trie...
trie size: 22.733012 MB
trie size: 3.280537 MB
Done!
build time: 27064.133135 ms (2706.413314 ns per key)
space cost: 87.170093 MB (43.584342% of original size 200.003232 MB)
Querying trie...
Done!
total time: 16660.990391 ms, avg latency: 1666.099039 ns
topology: 6.218388 MB, link: 32.751384 MB, data: 48.200322 MB
27064.133135,87.170093,1666.099039
[PASSED]
[time 51.61 s, user 49.15 s, sys 2.25 s, maxrss 3090008 KB]
[busy 5293 jiffies]
[exit 0]
--- c2 case 2 rec 0   load 1.01 1.04 1.05
[TEST C2-MARISA]
Processing dataset...
Done!
Building trie...
trie size: 23.317092 MB
Done!
build time: 10491.031306 ms (1049.103131 ns per key)
space cost: 78.192151 MB (39.095444% of original size 200.003232 MB)
Querying trie...
Done!
total time: 7956.513931 ms, avg latency: 795.651393 ns
topology: 7.694263 MB, link: 27.912508 MB, data: 42.257255 MB
--- Unary Path Analysis (Marisa, cutoff=3) ---
  branches: 15080896  |  single-char: 4578086 (30.4%)  short-unary: 1137672 (7.5%)  links: 9365138 (62.1%)
  link len: avg=9.96  max=236  total_chars=93261704
  link length distribution (len:count):  3:947829  4:986562  5:965254  6:903368  7:803217  8:675232  9:535160  10:448828  11:393655  12:313562  13:273926  14:228549  15:306731  16:216481  17:200904  18:144129  19:127804  20:110710  21:100724  22:84358  23:73263  24:61276  25:54434  26:48000  27:45573  28:38180  29:33095  30:28718  31:25581  32:22213  33:19884  34:17374  35:15159  36:13408  37:12318  38:10537  39:8786  40:7764  41:6832  42:6052  43:5427  44:4522  45:3945  46:3695  47:3344  48:2764  49:2509  50:2081  51:1977  52:1721  53:1517  54:1388  55:1255  56:1097  57:1012  58:930  59:785  60:751  61:645  62:578  63:614  64:560  65:436  66:431  67:412  68:392  69:332  70:320  71:285  72:270  73:233  74:225  75:193  76:195  77:155  78:178  79:164  80:147  81:126  82:131  83:112  84:98  85:95  86:92  87:89  88:91  89:63  90:58  91:59  92:55  93:61  94:54  95:48  96:42  97:53  98:43  99:42  100:44  101:35  102:30  103:20  104:25  105:38  106:22  107:19  108:21  109:27  110:17  111:18  112:16  113:20  114:20  115:15  116:18  117:20  118:11  119:16  120:19  121:14  122:12  123:5  124:13  125:12  126:8  127:9  128:8  129:10  130:13  131:6  132:9  133:1  134:8  135:7  136:5  137:7  138:4  139:7  140:6  141:3  142:3  143:1  144:5  145:3  146:5  147:2  148:3  149:3  150:8  151:6  152:3  153:6  154:5  155:4  156:5  157:4  158:2  159:2  160:3  161:6  163:6  164:1  165:1  166:3  167:3  168:6  169:2  170:1  171:1  172:3  173:1  174:1  175:3  176:1  177:1  178:2  179:2  180:4  181:1  183:1  185:3  186:1  189:2  190:1  192:1  194:4  195:2  196:1  199:3  200:3  201:1  202:1  205:3  206:2  207:1  209:1  210:4  211:1  212:1  214:1  215:1  216:1  218:1  224:1  225:2  229:1  230:1  231:1  232:1  234:1  235:1  236:1
  short unary avg len: 2.00
10491.031306,78.192151,795.651393
[PASSED]
[time 26.36 s, user 24.63 s, sys 1.61 s, maxrss 1608564 KB]
[busy 2707 jiffies]
[exit 0]
--- c2 case 2 rec 1   load 1.01 1.04 1.05
[TEST C2-MARISA]
Processing dataset...
Done!
Building trie...
trie size: 23.317092 MB
trie size: 32.530715 MB
Done!
build time: 12790.382170 ms (1279.038217 ns per key)
space cost: 64.832272 MB (32.415612% of original size 200.003232 MB)
Querying trie...
Done!
total time: 10181.419259 ms, avg latency: 1018.141926 ns
topology: 9.978737 MB, link: 28.205211 MB, data: 26.320199 MB
--- Unary Path Analysis (Marisa, cutoff=3) ---
  branches: 15080896  |  single-char: 4578086 (30.4%)  short-unary: 1137672 (7.5%)  links: 9365138 (62.1%)
  link len: avg=9.96  max=236  total_chars=93261704
  link length distribution (len:count):  3:947829  4:986562  5:965254  6:903368  7:803217  8:675232  9:535160  10:448828  11:393655  12:313562  13:273926  14:228549  15:306731  16:216481  17:200904  18:144129  19:127804  20:110710  21:100724  22:84358  23:73263  24:61276  25:54434  26:48000  27:45573  28:38180  29:33095  30:28718  31:25581  32:22213  33:19884  34:17374  35:15159  36:13408  37:12318  38:10537  39:8786  40:7764  41:6832  42:6052  43:5427  44:4522  45:3945  46:3695  47:3344  48:2764  49:2509  50:2081  51:1977  52:1721  53:1517  54:1388  55:1255  56:1097  57:1012  58:930  59:785  60:751  61:645  62:578  63:614  64:560  65:436  66:431  67:412  68:392  69:332  70:320  71:285  72:270  73:233  74:225  75:193  76:195  77:155  78:178  79:164  80:147  81:126  82:131  83:112  84:98  85:95  86:92  87:89  88:91  89:63  90:58  91:59  92:55  93:61  94:54  95:48  96:42  97:53  98:43  99:42  100:44  101:35  102:30  103:20  104:25  105:38  106:22  107:19  108:21  109:27  110:17  111:18  112:16  113:20  114:20  115:15  116:18  117:20  118:11  119:16  120:19  121:14  122:12  123:5  124:13  125:12  126:8  127:9  128:8  129:10  130:13  131:6  132:9  133:1  134:8  135:7  136:5  137:7  138:4  139:7  140:6  141:3  142:3  143:1  144:5  145:3  146:5  147:2  148:3  149:3  150:8  151:6  152:3  153:6  154:5  155:4  156:5  157:4  158:2  159:2  160:3  161:6  163:6  164:1  165:1  166:3  167:3  168:6  169:2  170:1  171:1  172:3  173:1  174:1  175:3  176:1  177:1  178:2  179:2  180:4  181:1  183:1  185:3  186:1  189:2  190:1  192:1  194:4  195:2  196:1  199:3  200:3  201:1  202:1  205:3  206:2  207:1  209:1  210:4  211:1  212:1  214:1  215:1  216:1  218:1  224:1  225:2  229:1  230:1  231:1  232:1  234:1  235:1  236:1
  short unary avg len: 2.00
12790.382170,64.832272,1018.141926
[PASSED]
[time 30.84 s, user 29.17 s, sys 1.54 s, maxrss 1466192 KB]
[busy 3171 jiffies]
[exit 0]
--- c2 case 2 rec 2   load 1.00 1.03 1.04
[TEST C2-MARISA]
Processing dataset...
Done!
Building trie...
trie size: 23.317092 MB
trie size: 32.530715 MB
trie size: 4.028131 MB
Done!
build time: 13322.736666 ms (1332.273667 ns per key)
space cost: 64.832272 MB (32.415612% of original size 200.003232 MB)
Querying trie...
Done!
total time: 10189.826380 ms, avg latency: 1018.982638 ns
topology: 9.978737 MB, link: 28.205211 MB, data: 26.320199 MB
--- Unary Path Analysis (Marisa, cutoff=3) ---
  branches: 15080896  |  single-char: 4578086 (30.4%)  short-unary: 1137672 (7.5%)  links: 9365138 (62.1%)
  link len: avg=9.96  max=236  total_chars=93261704
  link length distribution (len:count):  3:947829  4:986562  5:965254  6:903368  7:803217  8:675232  9:535160  10:448828  11:393655  12:313562  13:273926  14:228549  15:306731  16:216481  17:200904  18:144129  19:127804  20:110710  21:100724  22:84358  23:73263  24:61276  25:54434  26:48000  27:45573  28:38180  29:33095  30:28718  31:25581  32:22213  33:19884  34:17374  35:15159  36:13408  37:12318  38:10537  39:8786  40:7764  41:6832  42:6052  43:5427  44:4522  45:3945  46:3695  47:3344  48:2764  49:2509  50:2081  51:1977  52:1721  53:1517  54:1388  55:1255  56:1097  57:1012  58:930  59:785  60:751  61:645  62:578  63:614  64:560  65:436  66:431  67:412  68:392  69:332  70:320  71:285  72:270  73:233  74:225  75:193  76:195  77:155  78:178  79:164  80:147  81:126  82:131  83:112  84:98  85:95  86:92  87:89  88:91  89:63  90:58  91:59  92:55  93:61  94:54  95:48  96:42  97:53  98:43  99:42  100:44  101:35  102:30  103:20  104:25  105:38  106:22  107:19  108:21  109:27  110:17  111:18  112:16  113:20  114:20  115:15  116:18  117:20  118:11  119:16  120:19  121:14  122:12  123:5  124:13  125:12  126:8  127:9  128:8  129:10  130:13  131:6  132:9  133:1  134:8  135:7  136:5  137:7  138:4  139:7  140:6  141:3  142:3  143:1  144:5  145:3  146:5  147:2  148:3  149:3  150:8  151:6  152:3  153:6  154:5  155:4  156:5  157:4  158:2  159:2  160:3  161:6  163:6  164:1  165:1  166:3  167:3  168:6  169:2  170:1  171:1  172:3  173:1  174:1  175:3  176:1  177:1  178:2  179:2  180:4  181:1  183:1  185:3  186:1  189:2  190:1  192:1  194:4  195:2  196:1  199:3  200:3  201:1  202:1  205:3  206:2  207:1  209:1  210:4  211:1  212:1  214:1  215:1  216:1  218:1  224:1  225:2  229:1  230:1  231:1  232:1  234:1  235:1  236:1
  short unary avg len: 2.00
13322.736666,64.832272,1018.982638
[PASSED]
[time 31.42 s, user 29.73 s, sys 1.56 s, maxrss 1496336 KB]
[busy 3227 jiffies]
[exit 0]
--- c2 case 3 rec 0   load 1.00 1.03 1.04
[TEST FST]
Processing dataset...
Done!
Building trie...
Done!
build time: 9730.198499 ms (973.019850 ns per key)
space cost: 86.740355 MB (43.369476% of original size 200.003232 MB)
Querying trie...
Done!
total time: 14115.535350 ms, avg latency: 1411.553535 ns
not implemented
9730.198499,86.740355,1411.553535
[PASSED]
[time 31.71 s, user 30.58 s, sys 0.99 s, maxrss 1233432 KB]
[busy 3256 jiffies]
[exit 0]
--- c2 case 4 rec 0   load 0.92 1.01 1.03
terminate called after throwing an instance of 'std::bad_alloc'
  what():  std::bad_alloc
timeout: the monitored command dumped core
Command terminated by signal 6
[time 26.55 s, user 14.68 s, sys 11.70 s, maxrss 27785144 KB]
[busy 2726 jiffies]
[exit 134]
--- c2 case 5 rec 0   load 0.95 1.01 1.03
[TEST MARISA]
Processing dataset...
Done!
Building trie...
Done!
build time: 6643.937437 ms (664.393744 ns per key)
space cost: 79.225293 MB (39.612006% of original size 200.003232 MB)
Querying trie...
Done!
total time: 10420.690574 ms, avg latency: 1042.069057 ns
not implemented
6643.937437,79.225293,1042.069057
[PASSED]
[time 24.83 s, user 23.33 s, sys 1.39 s, maxrss 1611892 KB]
[busy 2544 jiffies]
[exit 0]
--- c2 case 5 rec 1   load 0.97 1.00 1.03
[TEST MARISA]
Processing dataset...
Done!
Building trie...
Done!
build time: 7796.760976 ms (779.676098 ns per key)
space cost: 58.000221 MB (28.999642% of original size 200.003232 MB)
Querying trie...
Done!
total time: 14089.674787 ms, avg latency: 1408.967479 ns
not implemented
7796.760976,58.000221,1408.967479
[PASSED]
[time 29.67 s, user 28.08 s, sys 1.46 s, maxrss 1612268 KB]
[busy 3045 jiffies]
[exit 0]
--- c2 case 5 rec 2   load 0.98 1.00 1.02
[TEST MARISA]
Processing dataset...
Done!
Building trie...
Done!
build time: 7976.033838 ms (797.603384 ns per key)
space cost: 54.499722 MB (27.249420% of original size 200.003232 MB)
Querying trie...
Done!
total time: 15068.518451 ms, avg latency: 1506.851845 ns
not implemented
7976.033838,54.499722,1506.851845
[PASSED]
[time 30.87 s, user 29.30 s, sys 1.45 s, maxrss 1612248 KB]
[busy 3172 jiffies]
[exit 0]
--- c2 case 6 rec 0   load 0.99 1.00 1.02
[TEST PDT]
Processing dataset...
Done!
Building trie...
dict size: 157532, stream size: 58361417
Done!
build time: 26068.425716 ms (2606.842572 ns per key)
space cost: 68.573545 MB (34.286219% of original size 200.003232 MB)
Querying trie...
Done!
total time: 10892.152427 ms, avg latency: 1089.215243 ns
not implemented
26068.425716,68.573545,1089.215243
[PASSED]
[time 44.82 s, user 43.20 s, sys 1.44 s, maxrss 1316968 KB]
[busy 4592 jiffies]
[exit 0]
--- c2 case 7 rec 0   load 1.00 1.00 1.02
[TEST ART]
Processing dataset...
Done!
Building trie...
Done!
build time: 1976.306552 ms (197.630655 ns per key)
space cost: 339.123360 MB (169.558940% of original size 200.003232 MB)
Querying trie...
Done!
total time: 6448.232362 ms, avg latency: 644.823236 ns
not implemented
1976.306552,339.123360,644.823236
[PASSED]
[time 16.40 s, user 15.14 s, sys 1.19 s, maxrss 1739360 KB]
[busy 1694 jiffies]
[exit 0]
--- c2 case 8 rec 0   load 1.00 1.00 1.02
[TEST CART]
Processing dataset...
Done!
Building trie...
Done!
build time: 2600.916306 ms (260.091631 ns per key)
space cost: 157.938812 MB (78.968130% of original size 200.003232 MB)
Querying trie...
Done!
total time: 7231.096836 ms, avg latency: 723.109684 ns
not implemented
2600.916306,157.938812,723.109684
[PASSED]
[time 17.77 s, user 16.63 s, sys 1.06 s, maxrss 1618000 KB]
[busy 1831 jiffies]
[exit 0]
--- xcdat 7   load 1.00 1.00 1.01
build time: 7412.666525 ms
space cost: 112.423756 MiB (56.210969% of original size 200.003232 MiB)
avg latency: 706.241078 ns
7412.666525,112.423756,706.241078
[time 22.38 s, user 20.81 s, sys 1.47 s, maxrss 1456360 KB]
[busy 2298 jiffies]
[exit 0]
--- xcdat 8   load 1.00 1.00 1.01
build time: 7094.675581 ms
space cost: 108.349843 MiB (54.174046% of original size 200.003232 MiB)
avg latency: 692.634644 ns
7094.675581,108.349843,692.634644
[time 22.00 s, user 20.48 s, sys 1.42 s, maxrss 1452064 KB]
[busy 2265 jiffies]
[exit 0]
--- xcdat 15   load 1.05 1.01 1.01
build time: 7430.282603 ms
space cost: 133.023680 MiB (66.510765% of original size 200.003232 MiB)
avg latency: 576.916338 ns
7430.282603,133.023680,576.916338
[time 21.20 s, user 19.64 s, sys 1.47 s, maxrss 1503572 KB]
[busy 2184 jiffies]
[exit 0]
--- xcdat 16   load 1.03 1.01 1.01
build time: 7120.696275 ms
space cost: 139.139603 MiB (69.568677% of original size 200.003232 MiB)
avg latency: 603.960836 ns
7120.696275,139.139603,603.960836
[time 21.13 s, user 19.52 s, sys 1.52 s, maxrss 1507756 KB]
[busy 2175 jiffies]
[exit 0]

##### urls-10000000 (10000000 lines, 533677969 bytes)   round 1/3   2026-09-20T13:31:26+03:00
--- lexindex dict32   load 1.02 1.01 1.01
10000000 keys
lexindex DictIndex block 32: build 2350 ms, size 68.020 MiB (7.132 B/key), latency cold 790.5 ns, then mean 788.3 / min 787.5 ns
2349.755,68.020096,790.504
[time 41.07 s, user 55.94 s, sys 1.39 s, maxrss 2292608 KB]
[busy 5883 jiffies]
[exit 0]
--- lexindex dict256   load 1.63 1.21 1.08
10000000 keys
lexindex DictIndex block 256: build 2361 ms, size 55.162 MiB (5.784 B/key), latency cold 776.5 ns, then mean 774.3 / min 773.6 ns
2360.523,55.161706,776.530
[time 40.51 s, user 55.83 s, sys 1.42 s, maxrss 2257104 KB]
[busy 5873 jiffies]
[exit 0]
--- lexindex dict1024   load 1.37 1.20 1.08
10000000 keys
lexindex DictIndex block 1024: build 2313 ms, size 52.739 MiB (5.530 B/key), latency cold 781.2 ns, then mean 779.8 / min 778.8 ns
2313.226,52.739459,781.227
[time 40.73 s, user 55.64 s, sys 1.43 s, maxrss 2243708 KB]
[busy 5857 jiffies]
[exit 0]
--- lexindex string   load 1.19 1.17 1.08
10000000 keys
lexindex StringIndex: build 9308 ms, size 124.922 MiB (13.099 B/key), latency cold 940.4 ns, then mean 951.2 / min 948.1 ns
9308.150,124.921756,940.374
[time 54.31 s, user 52.94 s, sys 1.15 s, maxrss 2136764 KB]
[busy 5577 jiffies]
[exit 0]
--- c2 case 0 rec 0   load 0.99 1.12 1.07
[TEST C2-FST]
Processing dataset...
Done!
Building trie...
Done!
build time: 12047.831853 ms (1204.783185 ns per key)
space cost: 89.769738 MB (17.974862% of original size 499.418229 MB)
Querying trie...
Done!
total time: 15828.941056 ms, avg latency: 1582.894106 ns
topology: 11.665031 MB, link: 21.507524 MB, data: 56.597183 MB
--- Unary Path Analysis (FST, cutoff=4) ---
  shared unary steps in main trie: 10222647
  terminal suffixes: inplace=1703226 (avg len=2.16)  links=6715973 (79.8% of terminal)
  link len: avg=10.80  max=659  total_chars=72556931
  link length distribution (len:count):  4:696901  5:673915  6:668087  7:559938  8:460143  9:408987  10:371411  11:317336  12:286791  13:230146  14:219886  15:194657  16:260212  17:141485  18:132694  19:152516  20:142603  21:91996  22:80093  23:71031  24:65911  25:55655  26:49759  27:43541  28:39655  29:33371  30:31744  31:26630  32:22544  33:19836  34:17416  35:15244  36:14777  37:12475  38:10684  39:9704  40:8252  41:7414  42:7187  43:6077  44:4975  45:4415  46:4008  47:3641  48:3548  49:3129  50:2543  51:2408  52:2048  53:1756  54:1822  55:1758  56:1478  57:1179  58:1174  59:1028  60:1021  61:1008  62:800  63:782  64:703  65:577  66:564  67:679  68:553  69:459  70:394  71:348  72:410  73:498  74:336  75:309  76:287  77:230  78:220  79:262  80:269  81:251  82:214  83:163  84:154  85:231  86:178  87:132  88:144  89:127  90:127  91:212  92:153  93:106  94:107  95:76  96:81  97:157  98:106  99:86  100:109  101:82  102:64  103:107  104:90  105:70  106:58  107:55  108:63  109:130  110:83  111:45  112:41  113:46  114:39  115:60  116:60  117:41  118:52  119:37  120:39  121:51  122:48  123:30  124:24  125:39  126:42  127:48  128:44  129:34  130:23  131:19  132:20  133:26  134:27  135:27  136:16  137:30  138:27  139:16  140:24  141:15  142:13  143:23  144:25  145:30  146:25  147:14  148:7  149:15  150:16  151:9  152:19  153:25  154:20  155:19  156:17  157:10  158:12  159:18  160:5  161:5  162:9  163:10  164:14  165:17  166:11  167:8  168:6  169:2  170:5  171:9  172:11  173:14  174:10  175:6  176:8  177:8  178:8  179:7  180:8  181:5  182:7  183:9  184:6  185:5  186:4  187:6  188:7  189:12  190:7  191:5  192:3  193:7  194:3  195:5  196:2  197:4  198:3  199:6  200:8  201:7  202:9  204:4  205:5  206:5  207:1  208:12  209:3  210:7  211:2  212:2  213:2  214:4  215:2  216:4  217:3  218:6  219:4  220:3  221:3  222:2  223:4  224:2  225:3  226:3  227:3  228:3  229:1  231:4  232:1  233:1  234:2  235:2  236:4  237:4  238:2  239:1  240:1  241:1  242:1  243:5  245:2  246:2  247:2  249:1  250:1  251:1  252:3  254:3  255:6  256:2  257:2  259:1  260:1  261:4  262:3  263:1  264:1  265:1  268:4  270:1  271:1  272:1  273:1  274:1  276:2  280:1  285:1  286:1  287:1  293:1  294:1  300:1  303:1  304:2  305:2  307:1  310:1  318:1  322:1  327:1  328:2  329:3  330:1  333:1  336:1  340:2  347:1  348:1  350:2  352:1  355:1  367:1  379:1  386:1  391:1  419:1  442:1  446:3  449:1  596:1  649:1  660:1
12047.831853,89.769738,1582.894106
[PASSED]
[time 37.96 s, user 35.97 s, sys 1.83 s, maxrss 2073620 KB]
[busy 3895 jiffies]
[exit 0]
--- c2 case 0 rec 1   load 0.99 1.11 1.07
[TEST C2-FST]
Processing dataset...
Done!
Building trie...
trie size: 23.143724 MB
Done!
build time: 14124.849225 ms (1412.484923 ns per key)
space cost: 78.247462 MB (15.667723% of original size 499.418229 MB)
Querying trie...
Done!
total time: 18523.661292 ms, avg latency: 1852.366129 ns
topology: 13.508587 MB, link: 21.314508 MB, data: 43.424367 MB
--- Unary Path Analysis (FST, cutoff=4) ---
  shared unary steps in main trie: 10222647
  terminal suffixes: inplace=1703226 (avg len=2.16)  links=6715973 (79.8% of terminal)
  link len: avg=10.80  max=659  total_chars=72556931
  link length distribution (len:count):  4:696901  5:673915  6:668087  7:559938  8:460143  9:408987  10:371411  11:317336  12:286791  13:230146  14:219886  15:194657  16:260212  17:141485  18:132694  19:152516  20:142603  21:91996  22:80093  23:71031  24:65911  25:55655  26:49759  27:43541  28:39655  29:33371  30:31744  31:26630  32:22544  33:19836  34:17416  35:15244  36:14777  37:12475  38:10684  39:9704  40:8252  41:7414  42:7187  43:6077  44:4975  45:4415  46:4008  47:3641  48:3548  49:3129  50:2543  51:2408  52:2048  53:1756  54:1822  55:1758  56:1478  57:1179  58:1174  59:1028  60:1021  61:1008  62:800  63:782  64:703  65:577  66:564  67:679  68:553  69:459  70:394  71:348  72:410  73:498  74:336  75:309  76:287  77:230  78:220  79:262  80:269  81:251  82:214  83:163  84:154  85:231  86:178  87:132  88:144  89:127  90:127  91:212  92:153  93:106  94:107  95:76  96:81  97:157  98:106  99:86  100:109  101:82  102:64  103:107  104:90  105:70  106:58  107:55  108:63  109:130  110:83  111:45  112:41  113:46  114:39  115:60  116:60  117:41  118:52  119:37  120:39  121:51  122:48  123:30  124:24  125:39  126:42  127:48  128:44  129:34  130:23  131:19  132:20  133:26  134:27  135:27  136:16  137:30  138:27  139:16  140:24  141:15  142:13  143:23  144:25  145:30  146:25  147:14  148:7  149:15  150:16  151:9  152:19  153:25  154:20  155:19  156:17  157:10  158:12  159:18  160:5  161:5  162:9  163:10  164:14  165:17  166:11  167:8  168:6  169:2  170:5  171:9  172:11  173:14  174:10  175:6  176:8  177:8  178:8  179:7  180:8  181:5  182:7  183:9  184:6  185:5  186:4  187:6  188:7  189:12  190:7  191:5  192:3  193:7  194:3  195:5  196:2  197:4  198:3  199:6  200:8  201:7  202:9  204:4  205:5  206:5  207:1  208:12  209:3  210:7  211:2  212:2  213:2  214:4  215:2  216:4  217:3  218:6  219:4  220:3  221:3  222:2  223:4  224:2  225:3  226:3  227:3  228:3  229:1  231:4  232:1  233:1  234:2  235:2  236:4  237:4  238:2  239:1  240:1  241:1  242:1  243:5  245:2  246:2  247:2  249:1  250:1  251:1  252:3  254:3  255:6  256:2  257:2  259:1  260:1  261:4  262:3  263:1  264:1  265:1  268:4  270:1  271:1  272:1  273:1  274:1  276:2  280:1  285:1  286:1  287:1  293:1  294:1  300:1  303:1  304:2  305:2  307:1  310:1  318:1  322:1  327:1  328:2  329:3  330:1  333:1  336:1  340:2  347:1  348:1  350:2  352:1  355:1  367:1  379:1  386:1  391:1  419:1  442:1  446:3  449:1  596:1  649:1  660:1
14124.849225,78.247462,1852.366129
[PASSED]
[time 42.79 s, user 40.80 s, sys 1.82 s, maxrss 2061764 KB]
[busy 4387 jiffies]
[exit 0]
--- c2 case 0 rec 2   load 1.00 1.09 1.06
[TEST C2-FST]
Processing dataset...
Done!
Building trie...
trie size: 23.143724 MB
trie size: 3.515203 MB
Done!
build time: 14610.838300 ms (1461.083830 ns per key)
space cost: 78.247462 MB (15.667723% of original size 499.418229 MB)
Querying trie...
Done!
total time: 18430.468623 ms, avg latency: 1843.046862 ns
topology: 13.508587 MB, link: 21.314508 MB, data: 43.424367 MB
--- Unary Path Analysis (FST, cutoff=4) ---
  shared unary steps in main trie: 10222647
  terminal suffixes: inplace=1703226 (avg len=2.16)  links=6715973 (79.8% of terminal)
  link len: avg=10.80  max=659  total_chars=72556931
  link length distribution (len:count):  4:696901  5:673915  6:668087  7:559938  8:460143  9:408987  10:371411  11:317336  12:286791  13:230146  14:219886  15:194657  16:260212  17:141485  18:132694  19:152516  20:142603  21:91996  22:80093  23:71031  24:65911  25:55655  26:49759  27:43541  28:39655  29:33371  30:31744  31:26630  32:22544  33:19836  34:17416  35:15244  36:14777  37:12475  38:10684  39:9704  40:8252  41:7414  42:7187  43:6077  44:4975  45:4415  46:4008  47:3641  48:3548  49:3129  50:2543  51:2408  52:2048  53:1756  54:1822  55:1758  56:1478  57:1179  58:1174  59:1028  60:1021  61:1008  62:800  63:782  64:703  65:577  66:564  67:679  68:553  69:459  70:394  71:348  72:410  73:498  74:336  75:309  76:287  77:230  78:220  79:262  80:269  81:251  82:214  83:163  84:154  85:231  86:178  87:132  88:144  89:127  90:127  91:212  92:153  93:106  94:107  95:76  96:81  97:157  98:106  99:86  100:109  101:82  102:64  103:107  104:90  105:70  106:58  107:55  108:63  109:130  110:83  111:45  112:41  113:46  114:39  115:60  116:60  117:41  118:52  119:37  120:39  121:51  122:48  123:30  124:24  125:39  126:42  127:48  128:44  129:34  130:23  131:19  132:20  133:26  134:27  135:27  136:16  137:30  138:27  139:16  140:24  141:15  142:13  143:23  144:25  145:30  146:25  147:14  148:7  149:15  150:16  151:9  152:19  153:25  154:20  155:19  156:17  157:10  158:12  159:18  160:5  161:5  162:9  163:10  164:14  165:17  166:11  167:8  168:6  169:2  170:5  171:9  172:11  173:14  174:10  175:6  176:8  177:8  178:8  179:7  180:8  181:5  182:7  183:9  184:6  185:5  186:4  187:6  188:7  189:12  190:7  191:5  192:3  193:7  194:3  195:5  196:2  197:4  198:3  199:6  200:8  201:7  202:9  204:4  205:5  206:5  207:1  208:12  209:3  210:7  211:2  212:2  213:2  214:4  215:2  216:4  217:3  218:6  219:4  220:3  221:3  222:2  223:4  224:2  225:3  226:3  227:3  228:3  229:1  231:4  232:1  233:1  234:2  235:2  236:4  237:4  238:2  239:1  240:1  241:1  242:1  243:5  245:2  246:2  247:2  249:1  250:1  251:1  252:3  254:3  255:6  256:2  257:2  259:1  260:1  261:4  262:3  263:1  264:1  265:1  268:4  270:1  271:1  272:1  273:1  274:1  276:2  280:1  285:1  286:1  287:1  293:1  294:1  300:1  303:1  304:2  305:2  307:1  310:1  318:1  322:1  327:1  328:2  329:3  330:1  333:1  336:1  340:2  347:1  348:1  350:2  352:1  355:1  367:1  379:1  386:1  391:1  419:1  442:1  446:3  449:1  596:1  649:1  660:1
14610.838300,78.247462,1843.046862
[PASSED]
[time 43.15 s, user 41.14 s, sys 1.83 s, maxrss 2061992 KB]
[busy 4428 jiffies]
[exit 0]
--- c2 case 1 rec 0   load 1.00 1.08 1.06
[TEST C2-CoCo(LOUDS-Sparse)]
Processing dataset...
Done!
Building trie...
Done!
build time: 28793.481025 ms (2879.348103 ns per key)
space cost: 94.593055 MB (18.940649% of original size 499.418229 MB)
Querying trie...
Done!
total time: 15705.869021 ms, avg latency: 1570.586902 ns
topology: 4.283638 MB, link: 32.108927 MB, data: 58.200490 MB
28793.481025,94.593055,1570.586902
[PASSED]
[time 54.55 s, user 51.71 s, sys 2.62 s, maxrss 3698648 KB]
[busy 5584 jiffies]
[exit 0]
--- c2 case 1 rec 1   load 1.00 1.06 1.05
[TEST C2-CoCo(LOUDS-Sparse)]
Processing dataset...
Done!
Building trie...
trie size: 23.143724 MB
Done!
build time: 30795.536701 ms (3079.553670 ns per key)
space cost: 83.070779 MB (16.633510% of original size 499.418229 MB)
Querying trie...
Done!
total time: 18384.691066 ms, avg latency: 1838.469107 ns
topology: 6.127193 MB, link: 31.915912 MB, data: 45.027674 MB
30795.536701,83.070779,1838.469107
[PASSED]
[time 59.27 s, user 56.39 s, sys 2.64 s, maxrss 3571744 KB]
[busy 6065 jiffies]
[exit 0]
--- c2 case 1 rec 2   load 1.00 1.05 1.05
[TEST C2-CoCo(LOUDS-Sparse)]
Processing dataset...
Done!
Building trie...
trie size: 23.143724 MB
trie size: 3.515203 MB
Done!
build time: 31367.385934 ms (3136.738593 ns per key)
space cost: 83.070779 MB (16.633510% of original size 499.418229 MB)
Querying trie...
Done!
total time: 18424.584083 ms, avg latency: 1842.458408 ns
topology: 6.127193 MB, link: 31.915912 MB, data: 45.027674 MB
31367.385934,83.070779,1842.458408
[PASSED]
[time 59.85 s, user 57.01 s, sys 2.60 s, maxrss 3593168 KB]
[busy 6134 jiffies]
[exit 0]
--- c2 case 2 rec 0   load 1.00 1.04 1.04
[TEST C2-MARISA]
Processing dataset...
Done!
Building trie...
trie size: 23.210503 MB
Done!
build time: 12027.849006 ms (1202.784901 ns per key)
space cost: 79.565398 MB (15.931617% of original size 499.418229 MB)
Querying trie...
Done!
total time: 8996.984550 ms, avg latency: 899.698455 ns
topology: 7.658741 MB, link: 28.820719 MB, data: 42.757813 MB
--- Unary Path Analysis (Marisa, cutoff=3) ---
  branches: 15006864  |  single-char: 4344202 (28.9%)  short-unary: 992777 (6.6%)  links: 9669885 (64.4%)
  link len: avg=10.53  max=661  total_chars=101846674
  link length distribution (len:count):  3:979135  4:1063854  5:889005  6:816748  7:783836  8:655792  9:527524  10:470175  11:410531  12:348158  13:310501  14:249595  15:236303  16:208521  17:272348  18:152006  19:142197  20:160137  21:150517  22:97740  23:85053  24:75097  25:69397  26:58698  27:52492  28:46035  29:41825  30:35181  31:33558  32:28138  33:24094  34:21147  35:18522  36:16174  37:15646  38:13222  39:11318  40:10241  41:8684  42:7727  43:7580  44:6353  45:5175  46:4565  47:4156  48:3773  49:3667  50:3232  51:2627  52:2472  53:2112  54:1827  55:1870  56:1795  57:1516  58:1219  59:1198  60:1058  61:1063  62:1033  63:824  64:809  65:724  66:596  67:588  68:699  69:566  70:477  71:404  72:358  73:423  74:508  75:343  76:316  77:296  78:242  79:228  80:271  81:278  82:260  83:218  84:168  85:161  86:237  87:180  88:132  89:149  90:129  91:130  92:217  93:157  94:107  95:107  96:78  97:83  98:157  99:108  100:88  101:113  102:83  103:68  104:108  105:90  106:73  107:60  108:55  109:66  110:134  111:84  112:45  113:42  114:46  115:41  116:61  117:60  118:41  119:55  120:38  121:39  122:51  123:48  124:32  125:24  126:41  127:42  128:50  129:45  130:34  131:23  132:21  133:21  134:26  135:27  136:27  137:16  138:30  139:28  140:17  141:24  142:16  143:13  144:23  145:25  146:30  147:25  148:14  149:7  150:15  151:16  152:9  153:20  154:26  155:21  156:19  157:17  158:10  159:13  160:18  161:5  162:5  163:10  164:10  165:15  166:17  167:11  168:8  169:6  170:2  171:5  172:9  173:11  174:14  175:10  176:6  177:8  178:9  179:8  180:7  181:8  182:5  183:7  184:9  185:7  186:5  187:4  188:6  189:7  190:12  191:7  192:5  193:3  194:7  195:3  196:5  197:2  198:4  199:3  200:7  201:8  202:7  203:9  205:4  206:5  207:5  208:2  209:13  210:3  211:8  212:2  213:2  214:2  215:4  216:2  217:4  218:3  219:6  220:5  221:4  222:3  223:2  224:4  225:2  226:3  227:3  228:3  229:3  230:1  232:4  233:1  234:1  235:2  236:2  237:4  238:5  239:2  240:1  241:1  242:2  243:1  244:5  246:2  247:2  248:2  250:1  251:1  252:1  253:3  255:3  256:6  257:2  258:2  260:1  261:1  262:4  263:3  264:1  265:1  266:1  269:4  271:1  272:1  273:1  274:1  275:1  277:2  281:1  286:1  287:1  288:1  294:1  295:1  301:1  304:1  305:2  306:2  308:1  309:1  311:1  319:1  323:1  328:1  329:2  330:3  331:1  334:1  337:1  341:2  348:1  349:1  351:2  353:1  356:1  368:1  380:1  387:1  392:1  420:1  443:1  447:3  450:1  597:1  650:1  661:1
  short unary avg len: 2.00
12027.849006,79.565398,899.698455
[PASSED]
[time 31.24 s, user 29.13 s, sys 1.98 s, maxrss 2063616 KB]
[busy 3221 jiffies]
[exit 0]
--- c2 case 2 rec 1   load 1.00 1.03 1.04
[TEST C2-MARISA]
Processing dataset...
Done!
Building trie...
trie size: 23.210503 MB
trie size: 33.431739 MB
Done!
build time: 14367.511703 ms (1436.751170 ns per key)
space cost: 66.026621 MB (13.220707% of original size 499.418229 MB)
Querying trie...
Done!
total time: 11894.364198 ms, avg latency: 1189.436420 ns
topology: 9.965065 MB, link: 29.247737 MB, data: 26.485694 MB
--- Unary Path Analysis (Marisa, cutoff=3) ---
  branches: 15006864  |  single-char: 4344202 (28.9%)  short-unary: 992777 (6.6%)  links: 9669885 (64.4%)
  link len: avg=10.53  max=661  total_chars=101846674
  link length distribution (len:count):  3:979135  4:1063854  5:889005  6:816748  7:783836  8:655792  9:527524  10:470175  11:410531  12:348158  13:310501  14:249595  15:236303  16:208521  17:272348  18:152006  19:142197  20:160137  21:150517  22:97740  23:85053  24:75097  25:69397  26:58698  27:52492  28:46035  29:41825  30:35181  31:33558  32:28138  33:24094  34:21147  35:18522  36:16174  37:15646  38:13222  39:11318  40:10241  41:8684  42:7727  43:7580  44:6353  45:5175  46:4565  47:4156  48:3773  49:3667  50:3232  51:2627  52:2472  53:2112  54:1827  55:1870  56:1795  57:1516  58:1219  59:1198  60:1058  61:1063  62:1033  63:824  64:809  65:724  66:596  67:588  68:699  69:566  70:477  71:404  72:358  73:423  74:508  75:343  76:316  77:296  78:242  79:228  80:271  81:278  82:260  83:218  84:168  85:161  86:237  87:180  88:132  89:149  90:129  91:130  92:217  93:157  94:107  95:107  96:78  97:83  98:157  99:108  100:88  101:113  102:83  103:68  104:108  105:90  106:73  107:60  108:55  109:66  110:134  111:84  112:45  113:42  114:46  115:41  116:61  117:60  118:41  119:55  120:38  121:39  122:51  123:48  124:32  125:24  126:41  127:42  128:50  129:45  130:34  131:23  132:21  133:21  134:26  135:27  136:27  137:16  138:30  139:28  140:17  141:24  142:16  143:13  144:23  145:25  146:30  147:25  148:14  149:7  150:15  151:16  152:9  153:20  154:26  155:21  156:19  157:17  158:10  159:13  160:18  161:5  162:5  163:10  164:10  165:15  166:17  167:11  168:8  169:6  170:2  171:5  172:9  173:11  174:14  175:10  176:6  177:8  178:9  179:8  180:7  181:8  182:5  183:7  184:9  185:7  186:5  187:4  188:6  189:7  190:12  191:7  192:5  193:3  194:7  195:3  196:5  197:2  198:4  199:3  200:7  201:8  202:7  203:9  205:4  206:5  207:5  208:2  209:13  210:3  211:8  212:2  213:2  214:2  215:4  216:2  217:4  218:3  219:6  220:5  221:4  222:3  223:2  224:4  225:2  226:3  227:3  228:3  229:3  230:1  232:4  233:1  234:1  235:2  236:2  237:4  238:5  239:2  240:1  241:1  242:2  243:1  244:5  246:2  247:2  248:2  250:1  251:1  252:1  253:3  255:3  256:6  257:2  258:2  260:1  261:1  262:4  263:3  264:1  265:1  266:1  269:4  271:1  272:1  273:1  274:1  275:1  277:2  281:1  286:1  287:1  288:1  294:1  295:1  301:1  304:1  305:2  306:2  308:1  309:1  311:1  319:1  323:1  328:1  329:2  330:3  331:1  334:1  337:1  341:2  348:1  349:1  351:2  353:1  356:1  368:1  380:1  387:1  392:1  420:1  443:1  447:3  450:1  597:1  650:1  661:1
  short unary avg len: 2.00
14367.511703,66.026621,1189.436420
[PASSED]
[time 36.35 s, user 34.27 s, sys 1.92 s, maxrss 2049904 KB]
[busy 3740 jiffies]
[exit 0]
--- c2 case 2 rec 2   load 1.00 1.03 1.03
[TEST C2-MARISA]
Processing dataset...
Done!
Building trie...
trie size: 23.210503 MB
trie size: 33.431739 MB
trie size: 4.248938 MB
Done!
build time: 15026.779466 ms (1502.677947 ns per key)
space cost: 66.026621 MB (13.220707% of original size 499.418229 MB)
Querying trie...
Done!
total time: 11915.803656 ms, avg latency: 1191.580366 ns
topology: 9.965065 MB, link: 29.247737 MB, data: 26.485694 MB
--- Unary Path Analysis (Marisa, cutoff=3) ---
  branches: 15006864  |  single-char: 4344202 (28.9%)  short-unary: 992777 (6.6%)  links: 9669885 (64.4%)
  link len: avg=10.53  max=661  total_chars=101846674
  link length distribution (len:count):  3:979135  4:1063854  5:889005  6:816748  7:783836  8:655792  9:527524  10:470175  11:410531  12:348158  13:310501  14:249595  15:236303  16:208521  17:272348  18:152006  19:142197  20:160137  21:150517  22:97740  23:85053  24:75097  25:69397  26:58698  27:52492  28:46035  29:41825  30:35181  31:33558  32:28138  33:24094  34:21147  35:18522  36:16174  37:15646  38:13222  39:11318  40:10241  41:8684  42:7727  43:7580  44:6353  45:5175  46:4565  47:4156  48:3773  49:3667  50:3232  51:2627  52:2472  53:2112  54:1827  55:1870  56:1795  57:1516  58:1219  59:1198  60:1058  61:1063  62:1033  63:824  64:809  65:724  66:596  67:588  68:699  69:566  70:477  71:404  72:358  73:423  74:508  75:343  76:316  77:296  78:242  79:228  80:271  81:278  82:260  83:218  84:168  85:161  86:237  87:180  88:132  89:149  90:129  91:130  92:217  93:157  94:107  95:107  96:78  97:83  98:157  99:108  100:88  101:113  102:83  103:68  104:108  105:90  106:73  107:60  108:55  109:66  110:134  111:84  112:45  113:42  114:46  115:41  116:61  117:60  118:41  119:55  120:38  121:39  122:51  123:48  124:32  125:24  126:41  127:42  128:50  129:45  130:34  131:23  132:21  133:21  134:26  135:27  136:27  137:16  138:30  139:28  140:17  141:24  142:16  143:13  144:23  145:25  146:30  147:25  148:14  149:7  150:15  151:16  152:9  153:20  154:26  155:21  156:19  157:17  158:10  159:13  160:18  161:5  162:5  163:10  164:10  165:15  166:17  167:11  168:8  169:6  170:2  171:5  172:9  173:11  174:14  175:10  176:6  177:8  178:9  179:8  180:7  181:8  182:5  183:7  184:9  185:7  186:5  187:4  188:6  189:7  190:12  191:7  192:5  193:3  194:7  195:3  196:5  197:2  198:4  199:3  200:7  201:8  202:7  203:9  205:4  206:5  207:5  208:2  209:13  210:3  211:8  212:2  213:2  214:2  215:4  216:2  217:4  218:3  219:6  220:5  221:4  222:3  223:2  224:4  225:2  226:3  227:3  228:3  229:3  230:1  232:4  233:1  234:1  235:2  236:2  237:4  238:5  239:2  240:1  241:1  242:2  243:1  244:5  246:2  247:2  248:2  250:1  251:1  252:1  253:3  255:3  256:6  257:2  258:2  260:1  261:1  262:4  263:3  264:1  265:1  266:1  269:4  271:1  272:1  273:1  274:1  275:1  277:2  281:1  286:1  287:1  288:1  294:1  295:1  301:1  304:1  305:2  306:2  308:1  309:1  311:1  319:1  323:1  328:1  329:2  330:3  331:1  334:1  337:1  341:2  348:1  349:1  351:2  353:1  356:1  368:1  380:1  387:1  392:1  420:1  443:1  447:3  450:1  597:1  650:1  661:1
  short unary avg len: 2.00
15026.779466,66.026621,1191.580366
[PASSED]
[time 37.01 s, user 34.94 s, sys 1.91 s, maxrss 2050104 KB]
[busy 3809 jiffies]
[exit 0]
--- c2 case 3 rec 0   load 1.00 1.02 1.03
[TEST FST]
Processing dataset...
Done!
Building trie...
Done!
build time: 15745.064043 ms (1574.506404 ns per key)
space cost: 90.985074 MB (18.218212% of original size 499.418229 MB)
Querying trie...
Done!
total time: 20169.779058 ms, avg latency: 2016.977906 ns
not implemented
15745.064043,90.985074,2016.977906
[PASSED]
[time 46.01 s, user 44.45 s, sys 1.37 s, maxrss 2073760 KB]
[busy 4717 jiffies]
[exit 0]
--- c2 case 4 rec 0   load 1.00 1.02 1.02
terminate called after throwing an instance of 'std::bad_alloc'
  what():  std::bad_alloc
timeout: the monitored command dumped core
Command terminated by signal 6
[time 31.56 s, user 19.61 s, sys 11.76 s, maxrss 27784992 KB]
[busy 3242 jiffies]
[exit 134]
--- c2 case 5 rec 0   load 1.35 1.10 1.05
[TEST MARISA]
Processing dataset...
Done!
Building trie...
Done!
build time: 10904.038572 ms (1090.403857 ns per key)
space cost: 82.540893 MB (16.527409% of original size 499.418229 MB)
Querying trie...
Done!
total time: 11042.556931 ms, avg latency: 1104.255693 ns
not implemented
10904.038572,82.540893,1104.255693
[PASSED]
[time 31.71 s, user 29.81 s, sys 1.77 s, maxrss 2342420 KB]
[busy 3258 jiffies]
[exit 0]
--- c2 case 5 rec 1   load 1.27 1.10 1.05
[TEST MARISA]
Processing dataset...
Done!
Building trie...
Done!
build time: 12124.133552 ms (1212.413355 ns per key)
space cost: 59.449470 MB (11.903744% of original size 499.418229 MB)
Querying trie...
Done!
total time: 15053.493457 ms, avg latency: 1505.349346 ns
not implemented
12124.133552,59.449470,1505.349346
[PASSED]
[time 36.93 s, user 34.98 s, sys 1.79 s, maxrss 2342324 KB]
[busy 3783 jiffies]
[exit 0]
--- c2 case 5 rec 2   load 1.14 1.09 1.05
[TEST MARISA]
Processing dataset...
Done!
Building trie...
Done!
build time: 12299.711208 ms (1229.971121 ns per key)
space cost: 55.623455 MB (11.137650% of original size 499.418229 MB)
Querying trie...
Done!
total time: 16304.621418 ms, avg latency: 1630.462142 ns
not implemented
12299.711208,55.623455,1630.462142
[PASSED]
[time 38.39 s, user 36.42 s, sys 1.80 s, maxrss 2342332 KB]
[busy 3949 jiffies]
[exit 0]
--- c2 case 6 rec 0   load 1.07 1.07 1.04
[TEST PDT]
Processing dataset...
Done!
Building trie...
dict size: 156234, stream size: 59837983
Done!
build time: 27909.656953 ms (2790.965695 ns per key)
space cost: 69.980471 MB (14.012398% of original size 499.418229 MB)
Querying trie...
Done!
total time: 11820.635637 ms, avg latency: 1182.063564 ns
not implemented
27909.656953,69.980471,1182.063564
[PASSED]
[time 49.80 s, user 47.75 s, sys 1.85 s, maxrss 2053924 KB]
[busy 5099 jiffies]
[exit 0]
--- c2 case 7 rec 0   load 1.03 1.06 1.04
[TEST ART]
Processing dataset...
Done!
Building trie...
Done!
build time: 3615.003220 ms (361.500322 ns per key)
space cost: 341.430801 MB (68.365707% of original size 499.418229 MB)
Querying trie...
Done!
total time: 10221.158260 ms, avg latency: 1022.115826 ns
not implemented
3615.003220,341.430801,1022.115826
[PASSED]
[time 24.49 s, user 22.48 s, sys 1.70 s, maxrss 2884664 KB]
[busy 2889 jiffies]
[exit 0]
--- c2 case 8 rec 0   load 1.25 1.10 1.05
[TEST CART]
Processing dataset...
Done!
Building trie...
Done!
build time: 5089.622315 ms (508.962231 ns per key)
space cost: 160.654354 MB (32.168300% of original size 499.418229 MB)
Querying trie...
Done!
total time: 12338.690253 ms, avg latency: 1233.869025 ns
not implemented
5089.622315,160.654354,1233.869025
[PASSED]
[time 28.98 s, user 26.87 s, sys 1.78 s, maxrss 2765992 KB]
[busy 6165 jiffies]
[exit 0]
--- xcdat 7   load 2.06 1.33 1.13
build time: 12741.657029 ms
space cost: 117.959981 MiB (23.619478% of original size 499.418229 MiB)
avg latency: 875.608031 ns
12741.657029,117.959981,875.608031
[time 31.52 s, user 29.49 s, sys 1.89 s, maxrss 2101928 KB]
[busy 3312 jiffies]
[exit 0]
--- xcdat 8   load 1.59 1.29 1.13
build time: 12357.826161 ms
space cost: 114.082344 MiB (22.843048% of original size 499.418229 MiB)
avg latency: 833.178974 ns
12357.826161,114.082344,833.178974
[time 30.71 s, user 28.73 s, sys 1.85 s, maxrss 2097944 KB]
[busy 3171 jiffies]
[exit 0]
--- xcdat 15   load 1.36 1.26 1.12
build time: 12709.791064 ms
space cost: 140.648740 MiB (28.162516% of original size 499.418229 MiB)
avg latency: 710.911215 ns
12709.791064,140.648740,710.911215
[time 29.80 s, user 27.79 s, sys 1.89 s, maxrss 2124936 KB]
[busy 3059 jiffies]
[exit 0]
--- xcdat 16   load 1.42 1.29 1.13
build time: 12369.656677 ms
space cost: 147.118110 MiB (29.457897% of original size 499.418229 MiB)
avg latency: 761.306095 ns
12369.656677,147.118110,761.306095
[time 29.99 s, user 27.99 s, sys 1.87 s, maxrss 2131716 KB]
[busy 3096 jiffies]
[exit 0]

##### uuid-10000000 (10000000 lines, 370000000 bytes)   round 1/3   2026-09-20T13:48:28+03:00
--- lexindex dict32   load 1.16 1.24 1.12
10000000 keys
lexindex DictIndex block 32: build 1520 ms, size 173.033 MiB (18.144 B/key), latency cold 758.1 ns, then mean 790.6 / min 756.2 ns
1520.405,173.033094,758.056
[time 39.05 s, user 46.26 s, sys 2.27 s, maxrss 1912580 KB]
[busy 5156 jiffies]
[exit 0]
--- lexindex dict256   load 1.71 1.42 1.19
10000000 keys
lexindex DictIndex block 256: build 1516 ms, size 167.461 MiB (17.560 B/key), latency cold 709.9 ns, then mean 708.5 / min 707.3 ns
1515.941,167.461316,709.889
[time 36.05 s, user 43.54 s, sys 2.13 s, maxrss 1905820 KB]
[busy 4700 jiffies]
[exit 0]
--- lexindex dict1024   load 2.17 1.62 1.26
10000000 keys
lexindex DictIndex block 1024: build 1495 ms, size 166.102 MiB (17.417 B/key), latency cold 684.9 ns, then mean 682.4 / min 682.0 ns
1495.206,166.101995,684.923
[time 35.00 s, user 42.28 s, sys 2.16 s, maxrss 1901600 KB]
[busy 4575 jiffies]
[exit 0]
--- lexindex string   load 1.65 1.55 1.25
10000000 keys
lexindex StringIndex: build 24151 ms, size 343.964 MiB (36.067 B/key), latency cold 700.9 ns, then mean 698.7 / min 697.8 ns
24151.184,343.963631,700.937
[time 58.23 s, user 56.89 s, sys 1.11 s, maxrss 1956592 KB]
[busy 5965 jiffies]
[exit 0]
--- c2 case 0 rec 0   load 1.24 1.44 1.24
[TEST C2-FST]
Processing dataset...
Done!
Building trie...
Done!
build time: 13848.347855 ms (1384.834785 ns per key)
space cost: 224.266170 MB (65.322256% of original size 343.322754 MB)
Querying trie...
Done!
total time: 7247.289777 ms, avg latency: 724.728978 ns
topology: 7.652824 MB, link: 34.870965 MB, data: 181.742380 MB
--- Unary Path Analysis (FST, cutoff=4) ---
  shared unary steps in main trie: 126967
  terminal suffixes: inplace=0 (avg len=0.00)  links=10000000 (100.0% of terminal)
  link len: avg=28.51  max=30  total_chars=285103126
  link length distribution (len:count):  23:4  24:94  25:1324  26:21561  28:340409  29:4123330  30:5512548  31:730
13848.347855,224.266170,724.728978
[PASSED]
[time 30.25 s, user 27.91 s, sys 2.20 s, maxrss 3090596 KB]
[busy 3113 jiffies]
[exit 0]
--- c2 case 0 rec 1   load 1.14 1.40 1.23
[TEST C2-FST]
Processing dataset...
Done!
Building trie...
trie size: 47.664446 MB
Done!
build time: 25900.632992 ms (2590.063299 ns per key)
space cost: 224.266170 MB (65.322256% of original size 343.322754 MB)
Querying trie...
Done!
total time: 7027.832274 ms, avg latency: 702.783227 ns
topology: 7.652824 MB, link: 34.870965 MB, data: 181.742380 MB
--- Unary Path Analysis (FST, cutoff=4) ---
  shared unary steps in main trie: 126967
  terminal suffixes: inplace=0 (avg len=0.00)  links=10000000 (100.0% of terminal)
  link len: avg=28.51  max=30  total_chars=285103126
  link length distribution (len:count):  23:4  24:94  25:1324  26:21561  28:340409  29:4123330  30:5512548  31:730
25900.632992,224.266170,702.783227
[PASSED]
[time 42.10 s, user 39.23 s, sys 2.68 s, maxrss 3559276 KB]
[busy 4321 jiffies]
[exit 0]
--- c2 case 0 rec 2   load 1.07 1.34 1.21
[TEST C2-FST]
Processing dataset...
Done!
Building trie...
trie size: 47.664446 MB
Done!
build time: 25919.002409 ms (2591.900241 ns per key)
space cost: 224.266170 MB (65.322256% of original size 343.322754 MB)
Querying trie...
Done!
total time: 7068.266334 ms, avg latency: 706.826633 ns
topology: 7.652824 MB, link: 34.870965 MB, data: 181.742380 MB
--- Unary Path Analysis (FST, cutoff=4) ---
  shared unary steps in main trie: 126967
  terminal suffixes: inplace=0 (avg len=0.00)  links=10000000 (100.0% of terminal)
  link len: avg=28.51  max=30  total_chars=285103126
  link length distribution (len:count):  23:4  24:94  25:1324  26:21561  28:340409  29:4123330  30:5512548  31:730
25919.002409,224.266170,706.826633
[PASSED]
[time 42.14 s, user 39.31 s, sys 2.65 s, maxrss 3559860 KB]
[busy 4324 jiffies]
[exit 0]
--- c2 case 1 rec 0   load 0.95 1.28 1.20
[TEST C2-CoCo(LOUDS-Sparse)]
Processing dataset...
Done!
Building trie...
Done!
build time: 17596.600462 ms (1759.660046 ns per key)
space cost: 212.803069 MB (61.983386% of original size 343.322754 MB)
Querying trie...
Done!
total time: 7214.539319 ms, avg latency: 721.453932 ns
topology: 3.395058 MB, link: 36.016802 MB, data: 173.391209 MB
17596.600462,212.803069,721.453932
[PASSED]
[time 33.94 s, user 30.86 s, sys 2.93 s, maxrss 4160640 KB]
[busy 3482 jiffies]
[exit 0]
--- c2 case 1 rec 1   load 0.89 1.23 1.18
[TEST C2-CoCo(LOUDS-Sparse)]
Processing dataset...
Done!
Building trie...
trie size: 47.664446 MB
Done!
build time: 29527.185981 ms (2952.718598 ns per key)
space cost: 212.803069 MB (61.983386% of original size 343.322754 MB)
Querying trie...
Done!
total time: 7161.419455 ms, avg latency: 716.141946 ns
topology: 3.395058 MB, link: 36.016802 MB, data: 173.391209 MB
29527.185981,212.803069,716.141946
[PASSED]
[time 45.83 s, user 42.34 s, sys 3.30 s, maxrss 4629932 KB]
[busy 4702 jiffies]
[exit 0]
--- c2 case 1 rec 2   load 1.00 1.21 1.18
[TEST C2-CoCo(LOUDS-Sparse)]
Processing dataset...
Done!
Building trie...
trie size: 47.664446 MB
Done!
build time: 29602.637099 ms (2960.263710 ns per key)
space cost: 212.803069 MB (61.983386% of original size 343.322754 MB)
Querying trie...
Done!
total time: 7134.930656 ms, avg latency: 713.493066 ns
topology: 3.395058 MB, link: 36.016802 MB, data: 173.391209 MB
29602.637099,212.803069,713.493066
[PASSED]
[time 45.91 s, user 42.34 s, sys 3.38 s, maxrss 4630000 KB]
[busy 4711 jiffies]
[exit 0]
--- c2 case 2 rec 0   load 1.00 1.18 1.17
[TEST C2-MARISA]
Processing dataset...
Done!
Building trie...
trie size: 19.421587 MB
Done!
build time: 12837.678852 ms (1283.767885 ns per key)
space cost: 218.030363 MB (63.505946% of original size 343.322754 MB)
Querying trie...
Done!
total time: 5746.767825 ms, avg latency: 574.676782 ns
topology: 6.395802 MB, link: 33.418009 MB, data: 177.888428 MB
--- Unary Path Analysis (Marisa, cutoff=3) ---
  branches: 13314429  |  single-char: 3205780 (24.1%)  short-unary: 97508 (0.7%)  links: 10011141 (75.2%)
  link len: avg=30.48  max=32  total_chars=305143726
  link length distribution (len:count):  3:4393  4:6350  5:369  6:27  7:2  24:4  25:94  26:1324  27:21561  29:340409  30:4123330  31:5512548  32:730
  short unary avg len: 2.00
12837.678852,218.030363,574.676782
[PASSED]
[time 27.80 s, user 25.38 s, sys 2.30 s, maxrss 3003792 KB]
[busy 2855 jiffies]
[exit 0]
--- c2 case 2 rec 1   load 1.00 1.16 1.16
[TEST C2-MARISA]
Processing dataset...
Done!
Building trie...
trie size: 19.421587 MB
trie size: 47.697874 MB
Done!
build time: 24933.225252 ms (2493.322525 ns per key)
space cost: 218.030363 MB (63.505946% of original size 343.322754 MB)
Querying trie...
Done!
total time: 5746.355110 ms, avg latency: 574.635511 ns
topology: 6.395802 MB, link: 33.418009 MB, data: 177.888428 MB
--- Unary Path Analysis (Marisa, cutoff=3) ---
  branches: 13314429  |  single-char: 3205780 (24.1%)  short-unary: 97508 (0.7%)  links: 10011141 (75.2%)
  link len: avg=30.48  max=32  total_chars=305143726
  link length distribution (len:count):  3:4393  4:6350  5:369  6:27  7:2  24:4  25:94  26:1324  27:21561  29:340409  30:4123330  31:5512548  32:730
  short unary avg len: 2.00
24933.225252,218.030363,574.635511
[PASSED]
[time 39.84 s, user 37.02 s, sys 2.65 s, maxrss 3497736 KB]
[busy 4097 jiffies]
[exit 0]
--- c2 case 2 rec 2   load 1.06 1.15 1.16
[TEST C2-MARISA]
Processing dataset...
Done!
Building trie...
trie size: 19.421587 MB
trie size: 47.697874 MB
Done!
build time: 25020.398522 ms (2502.039852 ns per key)
space cost: 218.030363 MB (63.505946% of original size 343.322754 MB)
Querying trie...
Done!
total time: 5730.564991 ms, avg latency: 573.056499 ns
topology: 6.395802 MB, link: 33.418009 MB, data: 177.888428 MB
--- Unary Path Analysis (Marisa, cutoff=3) ---
  branches: 13314429  |  single-char: 3205780 (24.1%)  short-unary: 97508 (0.7%)  links: 10011141 (75.2%)
  link len: avg=30.48  max=32  total_chars=305143726
  link length distribution (len:count):  3:4393  4:6350  5:369  6:27  7:2  24:4  25:94  26:1324  27:21561  29:340409  30:4123330  31:5512548  32:730
  short unary avg len: 2.00
25020.398522,218.030363,573.056499
[PASSED]
[time 39.91 s, user 37.08 s, sys 2.67 s, maxrss 3498068 KB]
[busy 4093 jiffies]
[exit 0]
--- c2 case 3 rec 0   load 1.03 1.13 1.15
[TEST FST]
Processing dataset...
Done!
Building trie...
Done!
build time: 10523.352013 ms (1052.335201 ns per key)
space cost: 341.746040 MB (99.540749% of original size 343.322754 MB)
Querying trie...
Done!
total time: 7032.688452 ms, avg latency: 703.268845 ns
not implemented
10523.352013,341.746040,703.268845
[PASSED]
[time 26.72 s, user 24.94 s, sys 1.66 s, maxrss 1916956 KB]
[busy 2738 jiffies]
[exit 0]
--- c2 case 4 rec 0   load 1.02 1.12 1.15
terminate called after throwing an instance of 'std::bad_alloc'
  what():  std::bad_alloc
timeout: the monitored command dumped core
Command terminated by signal 6
[time 28.24 s, user 16.47 s, sys 11.60 s, maxrss 27784780 KB]
[busy 2917 jiffies]
[exit 134]
--- c2 case 5 rec 0   load 1.01 1.11 1.14
[TEST MARISA]
Processing dataset...
Done!
Building trie...
Done!
build time: 7923.298363 ms (792.329836 ns per key)
space cost: 346.565342 MB (100.944472% of original size 343.322754 MB)
Querying trie...
Done!
total time: 7900.521261 ms, avg latency: 790.052126 ns
not implemented
7923.298363,346.565342,790.052126
[PASSED]
[time 24.67 s, user 22.66 s, sys 1.91 s, maxrss 2465232 KB]
[busy 2539 jiffies]
[exit 0]
--- c2 case 5 rec 1   load 1.00 1.10 1.14
[TEST MARISA]
Processing dataset...
Done!
Building trie...
Done!
build time: 12684.510327 ms (1268.451033 ns per key)
space cost: 330.987365 MB (96.407058% of original size 343.322754 MB)
Querying trie...
Done!
total time: 15036.987353 ms, avg latency: 1503.698735 ns
not implemented
12684.510327,330.987365,1503.698735
[PASSED]
[time 36.67 s, user 34.39 s, sys 2.12 s, maxrss 2416664 KB]
[busy 3766 jiffies]
[exit 0]
--- c2 case 5 rec 2   load 1.08 1.10 1.13
[TEST MARISA]
Processing dataset...
Done!
Building trie...
Done!
build time: 16505.185317 ms (1650.518532 ns per key)
space cost: 316.683807 MB (92.240844% of original size 343.322754 MB)
Querying trie...
Done!
total time: 23308.109785 ms, avg latency: 2330.810979 ns
not implemented
16505.185317,316.683807,2330.810979
[PASSED]
[time 48.73 s, user 46.14 s, sys 2.39 s, maxrss 2381564 KB]
[busy 5021 jiffies]
[exit 0]
--- c2 case 6 rec 0   load 1.04 1.08 1.12
[TEST PDT]
Processing dataset...
Done!
Building trie...
dict size: 166678, stream size: 192351068
Done!
build time: 126919.733760 ms (12691.973376 ns per key)
space cost: 196.364757 MB (57.195381% of original size 343.322754 MB)
Querying trie...
Done!
total time: 11536.319918 ms, avg latency: 1153.631992 ns
not implemented
126919.733760,196.364757,1153.631992
[PASSED]
[time 147.58 s, user 143.23 s, sys 3.76 s, maxrss 2858300 KB]
[busy 15141 jiffies]
[exit 0]
--- c2 case 7 rec 0   load 1.02 1.07 1.11
[TEST ART]
Processing dataset...
Done!
Building trie...
Done!
build time: 2179.755539 ms (217.975554 ns per key)
space cost: 274.100403 MB (79.837529% of original size 343.322754 MB)
Querying trie...
Done!
total time: 5112.873487 ms, avg latency: 511.287349 ns
not implemented
2179.755539,274.100403,511.287349
[PASSED]
[time 16.55 s, user 15.10 s, sys 1.37 s, maxrss 2232312 KB]
[busy 1700 jiffies]
[exit 0]
--- c2 case 8 rec 0   load 1.01 1.06 1.10
[TEST CART]
Processing dataset...
Done!
Building trie...
Done!
build time: 2482.810931 ms (248.281093 ns per key)
space cost: 120.320314 MB (35.045832% of original size 343.322754 MB)
Querying trie...
Done!
total time: 5374.177825 ms, avg latency: 537.417783 ns
not implemented
2482.810931,120.320314,537.417783
[PASSED]
[time 17.07 s, user 15.70 s, sys 1.29 s, maxrss 2096944 KB]
[busy 1754 jiffies]
[exit 0]
--- xcdat 7   load 1.01 1.06 1.10
build time: 11376.439657 ms
space cost: 365.827440 MiB (106.554965% of original size 343.322754 MiB)
avg latency: 665.019262 ns
11376.439657,365.827440,665.019262
[time 27.13 s, user 25.04 s, sys 1.97 s, maxrss 1989852 KB]
[busy 2813 jiffies]
[exit 0]
--- xcdat 8   load 1.00 1.05 1.09
build time: 10310.578855 ms
space cost: 357.688156 MiB (104.184227% of original size 343.322754 MiB)
avg latency: 606.996732 ns
10310.578855,357.688156,606.996732
[time 25.45 s, user 23.45 s, sys 1.90 s, maxrss 1959608 KB]
[busy 2608 jiffies]
[exit 0]
--- xcdat 15   load 1.00 1.05 1.09
build time: 10516.724957 ms
space cost: 367.954617 MiB (107.174550% of original size 343.322754 MiB)
avg latency: 550.498356 ns
10516.724957,367.954617,550.498356
[time 25.10 s, user 23.06 s, sys 1.93 s, maxrss 1946824 KB]
[busy 2578 jiffies]
[exit 0]
--- xcdat 16   load 1.00 1.04 1.09
build time: 10320.100061 ms
space cost: 371.930763 MiB (108.332687% of original size 343.322754 MiB)
avg latency: 556.594057 ns
10320.100061,371.930763,556.594057
[time 24.99 s, user 22.90 s, sys 1.98 s, maxrss 1955448 KB]
[busy 2557 jiffies]
[exit 0]

##### uuid-10000000 (10000000 lines, 370000000 bytes)   round 2/3   2026-09-20T14:04:58+03:00
--- xcdat 16   load 1.08 1.05 1.09
build time: 10298.661284 ms
space cost: 371.930763 MiB (108.332687% of original size 343.322754 MiB)
avg latency: 560.379710 ns
10298.661284,371.930763,560.379710
[time 25.00 s, user 22.92 s, sys 1.97 s, maxrss 1955272 KB]
[busy 2568 jiffies]
[exit 0]
--- xcdat 15   load 1.05 1.05 1.09
build time: 10533.936598 ms
space cost: 367.954617 MiB (107.174550% of original size 343.322754 MiB)
avg latency: 550.097876 ns
10533.936598,367.954617,550.097876
[time 25.17 s, user 23.12 s, sys 1.94 s, maxrss 1946828 KB]
[busy 2592 jiffies]
[exit 0]
--- xcdat 8   load 1.03 1.04 1.09
build time: 10324.071866 ms
space cost: 357.688156 MiB (104.184227% of original size 343.322754 MiB)
avg latency: 615.525440 ns
10324.071866,357.688156,615.525440
[time 25.53 s, user 23.45 s, sys 1.97 s, maxrss 1959360 KB]
[busy 2618 jiffies]
[exit 0]
--- xcdat 7   load 1.02 1.04 1.08
build time: 11373.570464 ms
space cost: 365.827440 MiB (106.554965% of original size 343.322754 MiB)
avg latency: 658.303447 ns
11373.570464,365.827440,658.303447
[time 27.06 s, user 24.98 s, sys 1.96 s, maxrss 1989464 KB]
[busy 2778 jiffies]
[exit 0]
--- c2 case 8 rec 0   load 1.01 1.03 1.08
[TEST CART]
Processing dataset...
Done!
Building trie...
Done!
build time: 2454.872919 ms (245.487292 ns per key)
space cost: 120.320314 MB (35.045832% of original size 343.322754 MB)
Querying trie...
Done!
total time: 5252.929948 ms, avg latency: 525.292995 ns
not implemented
2454.872919,120.320314,525.292995
[PASSED]
[time 16.81 s, user 15.42 s, sys 1.32 s, maxrss 2096700 KB]
[busy 1730 jiffies]
[exit 0]
--- c2 case 7 rec 0   load 0.93 1.01 1.07
[TEST ART]
Processing dataset...
Done!
Building trie...
Done!
build time: 2177.336252 ms (217.733625 ns per key)
space cost: 274.100403 MB (79.837529% of original size 343.322754 MB)
Querying trie...
Done!
total time: 5095.676333 ms, avg latency: 509.567633 ns
not implemented
2177.336252,274.100403,509.567633
[PASSED]
[time 16.54 s, user 15.07 s, sys 1.40 s, maxrss 2232360 KB]
[busy 1696 jiffies]
[exit 0]
--- c2 case 6 rec 0   load 0.94 1.01 1.07
[TEST PDT]
Processing dataset...
Done!
Building trie...
dict size: 166678, stream size: 192351068
Done!
build time: 127222.890304 ms (12722.289030 ns per key)
space cost: 196.364757 MB (57.195381% of original size 343.322754 MB)
Querying trie...
Done!
total time: 11413.569356 ms, avg latency: 1141.356936 ns
not implemented
127222.890304,196.364757,1141.356936
[PASSED]
[time 147.85 s, user 143.50 s, sys 3.77 s, maxrss 2858332 KB]
[busy 15231 jiffies]
[exit 0]
--- c2 case 5 rec 2   load 1.06 1.02 1.06
[TEST MARISA]
Processing dataset...
Done!
Building trie...
Done!
build time: 16503.056796 ms (1650.305680 ns per key)
space cost: 316.683807 MB (92.240844% of original size 343.322754 MB)
Querying trie...
Done!
total time: 23303.820723 ms, avg latency: 2330.382072 ns
not implemented
16503.056796,316.683807,2330.382072
[PASSED]
[time 48.67 s, user 46.08 s, sys 2.37 s, maxrss 2381700 KB]
[busy 5007 jiffies]
[exit 0]
--- c2 case 5 rec 1   load 1.02 1.01 1.06
[TEST MARISA]
Processing dataset...
Done!
Building trie...
Done!
build time: 12767.516815 ms (1276.751681 ns per key)
space cost: 330.987365 MB (96.407058% of original size 343.322754 MB)
Querying trie...
Done!
total time: 15366.140700 ms, avg latency: 1536.614070 ns
not implemented
12767.516815,330.987365,1536.614070
[PASSED]
[time 37.01 s, user 34.72 s, sys 2.13 s, maxrss 2416340 KB]
[busy 3811 jiffies]
[exit 0]
--- c2 case 5 rec 0   load 1.01 1.01 1.05
[TEST MARISA]
Processing dataset...
Done!
Building trie...
Done!
build time: 7877.558419 ms (787.755842 ns per key)
space cost: 346.565342 MB (100.944472% of original size 343.322754 MB)
Querying trie...
Done!
total time: 7872.863765 ms, avg latency: 787.286376 ns
not implemented
7877.558419,346.565342,787.286376
[PASSED]
[time 24.69 s, user 22.67 s, sys 1.91 s, maxrss 2465004 KB]
[busy 2545 jiffies]
[exit 0]
--- c2 case 4 rec 0   skipped: exit 134 in round 1
--- c2 case 3 rec 0   load 0.93 0.99 1.05
[TEST FST]
Processing dataset...
Done!
Building trie...
Done!
build time: 10504.896394 ms (1050.489639 ns per key)
space cost: 341.746040 MB (99.540749% of original size 343.322754 MB)
Querying trie...
Done!
total time: 6975.284976 ms, avg latency: 697.528498 ns
not implemented
10504.896394,341.746040,697.528498
[PASSED]
[time 26.65 s, user 24.86 s, sys 1.67 s, maxrss 1916712 KB]
[busy 2738 jiffies]
[exit 0]
--- c2 case 2 rec 2   load 0.95 0.99 1.04
[TEST C2-MARISA]
Processing dataset...
Done!
Building trie...
trie size: 19.421587 MB
trie size: 47.697874 MB
Done!
build time: 24940.389277 ms (2494.038928 ns per key)
space cost: 218.030363 MB (63.505946% of original size 343.322754 MB)
Querying trie...
Done!
total time: 5750.924848 ms, avg latency: 575.092485 ns
topology: 6.395802 MB, link: 33.418009 MB, data: 177.888428 MB
--- Unary Path Analysis (Marisa, cutoff=3) ---
  branches: 13314429  |  single-char: 3205780 (24.1%)  short-unary: 97508 (0.7%)  links: 10011141 (75.2%)
  link len: avg=30.48  max=32  total_chars=305143726
  link length distribution (len:count):  3:4393  4:6350  5:369  6:27  7:2  24:4  25:94  26:1324  27:21561  29:340409  30:4123330  31:5512548  32:730
  short unary avg len: 2.00
24940.389277,218.030363,575.092485
[PASSED]
[time 39.87 s, user 36.99 s, sys 2.71 s, maxrss 3498048 KB]
[busy 4089 jiffies]
[exit 0]
--- c2 case 2 rec 1   load 1.02 1.00 1.05
[TEST C2-MARISA]
Processing dataset...
Done!
Building trie...
trie size: 19.421587 MB
trie size: 47.697874 MB
Done!
build time: 25025.465927 ms (2502.546593 ns per key)
space cost: 218.030363 MB (63.505946% of original size 343.322754 MB)
Querying trie...
Done!
total time: 5767.239484 ms, avg latency: 576.723948 ns
topology: 6.395802 MB, link: 33.418009 MB, data: 177.888428 MB
--- Unary Path Analysis (Marisa, cutoff=3) ---
  branches: 13314429  |  single-char: 3205780 (24.1%)  short-unary: 97508 (0.7%)  links: 10011141 (75.2%)
  link len: avg=30.48  max=32  total_chars=305143726
  link length distribution (len:count):  3:4393  4:6350  5:369  6:27  7:2  24:4  25:94  26:1324  27:21561  29:340409  30:4123330  31:5512548  32:730
  short unary avg len: 2.00
25025.465927,218.030363,576.723948
[PASSED]
[time 40.00 s, user 37.17 s, sys 2.66 s, maxrss 3497756 KB]
[busy 4115 jiffies]
[exit 0]
--- c2 case 2 rec 0   load 1.01 1.00 1.04
[TEST C2-MARISA]
Processing dataset...
Done!
Building trie...
trie size: 19.421587 MB
Done!
build time: 12905.832313 ms (1290.583231 ns per key)
space cost: 218.030363 MB (63.505946% of original size 343.322754 MB)
Querying trie...
Done!
total time: 5803.217057 ms, avg latency: 580.321706 ns
topology: 6.395802 MB, link: 33.418009 MB, data: 177.888428 MB
--- Unary Path Analysis (Marisa, cutoff=3) ---
  branches: 13314429  |  single-char: 3205780 (24.1%)  short-unary: 97508 (0.7%)  links: 10011141 (75.2%)
  link len: avg=30.48  max=32  total_chars=305143726
  link length distribution (len:count):  3:4393  4:6350  5:369  6:27  7:2  24:4  25:94  26:1324  27:21561  29:340409  30:4123330  31:5512548  32:730
  short unary avg len: 2.00
12905.832313,218.030363,580.321706
[PASSED]
[time 27.93 s, user 25.50 s, sys 2.30 s, maxrss 3004524 KB]
[busy 2876 jiffies]
[exit 0]
--- c2 case 1 rec 2   load 1.00 1.00 1.04
[TEST C2-CoCo(LOUDS-Sparse)]
Processing dataset...
Done!
Building trie...
trie size: 47.664446 MB
Done!
build time: 29538.917311 ms (2953.891731 ns per key)
space cost: 212.803069 MB (61.983386% of original size 343.322754 MB)
Querying trie...
Done!
total time: 7203.702570 ms, avg latency: 720.370257 ns
topology: 3.395058 MB, link: 36.016802 MB, data: 173.391209 MB
29538.917311,212.803069,720.370257
[PASSED]
[time 45.85 s, user 42.31 s, sys 3.35 s, maxrss 4630296 KB]
[busy 4699 jiffies]
[exit 0]
--- c2 case 1 rec 1   load 0.92 0.98 1.03
[TEST C2-CoCo(LOUDS-Sparse)]
Processing dataset...
Done!
Building trie...
trie size: 47.664446 MB
Done!
build time: 29433.969085 ms (2943.396908 ns per key)
space cost: 212.803069 MB (61.983386% of original size 343.322754 MB)
Querying trie...
Done!
total time: 7289.350554 ms, avg latency: 728.935055 ns
topology: 3.395058 MB, link: 36.016802 MB, data: 173.391209 MB
29433.969085,212.803069,728.935055
[PASSED]
[time 45.81 s, user 42.29 s, sys 3.32 s, maxrss 4630120 KB]
[busy 4702 jiffies]
[exit 0]
--- c2 case 1 rec 0   load 0.96 0.99 1.02
[TEST C2-CoCo(LOUDS-Sparse)]
Processing dataset...
Done!
Building trie...
Done!
build time: 17499.847824 ms (1749.984782 ns per key)
space cost: 212.803069 MB (61.983386% of original size 343.322754 MB)
Querying trie...
Done!
total time: 7081.054840 ms, avg latency: 708.105484 ns
topology: 3.395058 MB, link: 36.016802 MB, data: 173.391209 MB
17499.847824,212.803069,708.105484
[PASSED]
[time 33.71 s, user 30.64 s, sys 2.93 s, maxrss 4160828 KB]
[busy 3456 jiffies]
[exit 0]
--- c2 case 0 rec 2   load 0.98 0.99 1.02
[TEST C2-FST]
Processing dataset...
Done!
Building trie...
trie size: 47.664446 MB
Done!
build time: 25947.125301 ms (2594.712530 ns per key)
space cost: 224.266170 MB (65.322256% of original size 343.322754 MB)
Querying trie...
Done!
total time: 6998.040111 ms, avg latency: 699.804011 ns
topology: 7.652824 MB, link: 34.870965 MB, data: 181.742380 MB
--- Unary Path Analysis (FST, cutoff=4) ---
  shared unary steps in main trie: 126967
  terminal suffixes: inplace=0 (avg len=0.00)  links=10000000 (100.0% of terminal)
  link len: avg=28.51  max=30  total_chars=285103126
  link length distribution (len:count):  23:4  24:94  25:1324  26:21561  28:340409  29:4123330  30:5512548  31:730
25947.125301,224.266170,699.804011
[PASSED]
[time 42.07 s, user 39.19 s, sys 2.71 s, maxrss 3559500 KB]
[busy 4319 jiffies]
[exit 0]
--- c2 case 0 rec 1   load 0.98 0.99 1.02
[TEST C2-FST]
Processing dataset...
Done!
Building trie...
trie size: 47.664446 MB
Done!
build time: 25916.636496 ms (2591.663650 ns per key)
space cost: 224.266170 MB (65.322256% of original size 343.322754 MB)
Querying trie...
Done!
total time: 7034.974360 ms, avg latency: 703.497436 ns
topology: 7.652824 MB, link: 34.870965 MB, data: 181.742380 MB
--- Unary Path Analysis (FST, cutoff=4) ---
  shared unary steps in main trie: 126967
  terminal suffixes: inplace=0 (avg len=0.00)  links=10000000 (100.0% of terminal)
  link len: avg=28.51  max=30  total_chars=285103126
  link length distribution (len:count):  23:4  24:94  25:1324  26:21561  28:340409  29:4123330  30:5512548  31:730
25916.636496,224.266170,703.497436
[PASSED]
[time 42.06 s, user 39.20 s, sys 2.68 s, maxrss 3559372 KB]
[busy 4315 jiffies]
[exit 0]
--- c2 case 0 rec 0   load 0.99 1.00 1.01
[TEST C2-FST]
Processing dataset...
Done!
Building trie...
Done!
build time: 13908.484109 ms (1390.848411 ns per key)
space cost: 224.266170 MB (65.322256% of original size 343.322754 MB)
Querying trie...
Done!
total time: 6966.744779 ms, avg latency: 696.674478 ns
topology: 7.652824 MB, link: 34.870965 MB, data: 181.742380 MB
--- Unary Path Analysis (FST, cutoff=4) ---
  shared unary steps in main trie: 126967
  terminal suffixes: inplace=0 (avg len=0.00)  links=10000000 (100.0% of terminal)
  link len: avg=28.51  max=30  total_chars=285103126
  link length distribution (len:count):  23:4  24:94  25:1324  26:21561  28:340409  29:4123330  30:5512548  31:730
13908.484109,224.266170,696.674478
[PASSED]
[time 30.01 s, user 27.59 s, sys 2.29 s, maxrss 3090552 KB]
[busy 3083 jiffies]
[exit 0]
--- lexindex string   load 1.00 1.00 1.01
10000000 keys
lexindex StringIndex: build 24109 ms, size 343.964 MiB (36.067 B/key), latency cold 706.8 ns, then mean 703.7 / min 698.4 ns
24108.816,343.963631,706.760
[time 58.38 s, user 57.09 s, sys 1.07 s, maxrss 1956464 KB]
[busy 5976 jiffies]
[exit 0]
--- lexindex dict1024   load 1.00 1.00 1.00
10000000 keys
lexindex DictIndex block 1024: build 1501 ms, size 166.102 MiB (17.417 B/key), latency cold 676.7 ns, then mean 674.8 / min 674.0 ns
1501.162,166.101995,676.748
[time 34.74 s, user 42.25 s, sys 2.19 s, maxrss 1901660 KB]
[busy 4576 jiffies]
[exit 0]
--- lexindex dict256   load 1.00 1.00 1.00
10000000 keys
lexindex DictIndex block 256: build 1506 ms, size 167.461 MiB (17.560 B/key), latency cold 689.7 ns, then mean 683.3 / min 681.4 ns
1506.454,167.461316,689.665
[time 35.10 s, user 42.72 s, sys 2.11 s, maxrss 1904624 KB]
[busy 4617 jiffies]
[exit 0]
--- lexindex dict32   load 0.92 0.98 0.99
10000000 keys
lexindex DictIndex block 32: build 1510 ms, size 173.033 MiB (18.144 B/key), latency cold 752.9 ns, then mean 750.1 / min 749.7 ns
1509.986,173.033094,752.947
[time 37.75 s, user 45.26 s, sys 2.15 s, maxrss 1920296 KB]
[busy 4883 jiffies]
[exit 0]

##### urls-10000000 (10000000 lines, 533677969 bytes)   round 2/3   2026-09-20T14:20:57+03:00
--- xcdat 16   load 0.96 0.99 1.00
build time: 12349.866647 ms
space cost: 147.118110 MiB (29.457897% of original size 499.418229 MiB)
avg latency: 739.045966 ns
12349.866647,147.118110,739.045966
[time 29.84 s, user 27.85 s, sys 1.86 s, maxrss 2131968 KB]
[busy 3070 jiffies]
[exit 0]
--- xcdat 15   load 0.90 0.97 0.99
build time: 12736.525402 ms
space cost: 140.648740 MiB (28.162516% of original size 499.418229 MiB)
avg latency: 716.519698 ns
12736.525402,140.648740,716.519698
[time 29.91 s, user 27.91 s, sys 1.88 s, maxrss 2124660 KB]
[busy 3072 jiffies]
[exit 0]
--- xcdat 8   load 0.94 0.98 1.00
build time: 12365.784996 ms
space cost: 114.082344 MiB (22.843048% of original size 499.418229 MiB)
avg latency: 810.743623 ns
12365.784996,114.082344,810.743623
[time 30.49 s, user 28.50 s, sys 1.87 s, maxrss 2097576 KB]
[busy 3127 jiffies]
[exit 0]
--- xcdat 7   load 0.96 0.98 1.00
build time: 12678.662536 ms
space cost: 117.959981 MiB (23.619478% of original size 499.418229 MiB)
avg latency: 881.454813 ns
12678.662536,117.959981,881.454813
[time 31.46 s, user 29.44 s, sys 1.89 s, maxrss 2102016 KB]
[busy 3234 jiffies]
[exit 0]
--- c2 case 8 rec 0   load 0.90 0.97 0.99
[TEST CART]
Processing dataset...
Done!
Building trie...
Done!
build time: 4211.954828 ms (421.195483 ns per key)
space cost: 160.654354 MB (32.168300% of original size 499.418229 MB)
Querying trie...
Done!
total time: 9134.470853 ms, avg latency: 913.447085 ns
not implemented
4211.954828,160.654354,913.447085
[PASSED]
[time 23.50 s, user 21.75 s, sys 1.65 s, maxrss 2766060 KB]
[busy 2414 jiffies]
[exit 0]
--- c2 case 7 rec 0   load 0.93 0.97 1.00
[TEST ART]
Processing dataset...
Done!
Building trie...
Done!
build time: 3624.378698 ms (362.437870 ns per key)
space cost: 341.430801 MB (68.365707% of original size 499.418229 MB)
Querying trie...
Done!
total time: 9465.267191 ms, avg latency: 946.526719 ns
not implemented
3624.378698,341.430801,946.526719
[PASSED]
[time 23.26 s, user 21.47 s, sys 1.69 s, maxrss 2884580 KB]
[busy 2398 jiffies]
[exit 0]
--- c2 case 6 rec 0   load 0.95 0.97 1.00
[TEST PDT]
Processing dataset...
Done!
Building trie...
dict size: 156234, stream size: 59837983
Done!
build time: 28370.484060 ms (2837.048406 ns per key)
space cost: 69.980471 MB (14.012398% of original size 499.418229 MB)
Querying trie...
Done!
total time: 11848.315405 ms, avg latency: 1184.831541 ns
not implemented
28370.484060,69.980471,1184.831541
[PASSED]
[time 50.38 s, user 48.29 s, sys 1.88 s, maxrss 2053920 KB]
[busy 5166 jiffies]
[exit 0]
--- c2 case 5 rec 2   load 0.93 0.98 0.99
[TEST MARISA]
Processing dataset...
Done!
Building trie...
Done!
build time: 12277.648168 ms (1227.764817 ns per key)
space cost: 55.623455 MB (11.137650% of original size 499.418229 MB)
Querying trie...
Done!
total time: 16145.309499 ms, avg latency: 1614.530950 ns
not implemented
12277.648168,55.623455,1614.530950
[PASSED]
[time 38.18 s, user 36.21 s, sys 1.80 s, maxrss 2342204 KB]
[busy 3925 jiffies]
[exit 0]
--- c2 case 5 rec 1   load 1.04 1.00 1.00
[TEST MARISA]
Processing dataset...
Done!
Building trie...
Done!
build time: 12119.844208 ms (1211.984421 ns per key)
space cost: 59.449470 MB (11.903744% of original size 499.418229 MB)
Querying trie...
Done!
total time: 15336.205084 ms, avg latency: 1533.620508 ns
not implemented
12119.844208,59.449470,1533.620508
[PASSED]
[time 37.25 s, user 35.28 s, sys 1.80 s, maxrss 2342020 KB]
[busy 3827 jiffies]
[exit 0]
--- c2 case 5 rec 0   load 1.02 1.00 1.00
[TEST MARISA]
Processing dataset...
Done!
Building trie...
Done!
build time: 10967.812032 ms (1096.781203 ns per key)
space cost: 82.540893 MB (16.527409% of original size 499.418229 MB)
Querying trie...
Done!
total time: 11294.859646 ms, avg latency: 1129.485965 ns
not implemented
10967.812032,82.540893,1129.485965
[PASSED]
[time 32.03 s, user 30.11 s, sys 1.78 s, maxrss 2342272 KB]
[busy 3291 jiffies]
[exit 0]
--- c2 case 4 rec 0   skipped: exit 134 in round 1
--- c2 case 3 rec 0   load 1.01 1.00 1.00
[TEST FST]
Processing dataset...
Done!
Building trie...
Done!
build time: 15726.356615 ms (1572.635661 ns per key)
space cost: 90.985074 MB (18.218212% of original size 499.418229 MB)
Querying trie...
Done!
total time: 19979.258936 ms, avg latency: 1997.925894 ns
not implemented
15726.356615,90.985074,1997.925894
[PASSED]
[time 45.81 s, user 44.25 s, sys 1.37 s, maxrss 2073888 KB]
[busy 4697 jiffies]
[exit 0]
--- c2 case 2 rec 2   load 1.00 1.00 1.00
[TEST C2-MARISA]
Processing dataset...
Done!
Building trie...
trie size: 23.210503 MB
trie size: 33.431739 MB
trie size: 4.248938 MB
Done!
build time: 15076.894006 ms (1507.689401 ns per key)
space cost: 66.026621 MB (13.220707% of original size 499.418229 MB)
Querying trie...
Done!
total time: 11921.337995 ms, avg latency: 1192.133799 ns
topology: 9.965065 MB, link: 29.247737 MB, data: 26.485694 MB
--- Unary Path Analysis (Marisa, cutoff=3) ---
  branches: 15006864  |  single-char: 4344202 (28.9%)  short-unary: 992777 (6.6%)  links: 9669885 (64.4%)
  link len: avg=10.53  max=661  total_chars=101846674
  link length distribution (len:count):  3:979135  4:1063854  5:889005  6:816748  7:783836  8:655792  9:527524  10:470175  11:410531  12:348158  13:310501  14:249595  15:236303  16:208521  17:272348  18:152006  19:142197  20:160137  21:150517  22:97740  23:85053  24:75097  25:69397  26:58698  27:52492  28:46035  29:41825  30:35181  31:33558  32:28138  33:24094  34:21147  35:18522  36:16174  37:15646  38:13222  39:11318  40:10241  41:8684  42:7727  43:7580  44:6353  45:5175  46:4565  47:4156  48:3773  49:3667  50:3232  51:2627  52:2472  53:2112  54:1827  55:1870  56:1795  57:1516  58:1219  59:1198  60:1058  61:1063  62:1033  63:824  64:809  65:724  66:596  67:588  68:699  69:566  70:477  71:404  72:358  73:423  74:508  75:343  76:316  77:296  78:242  79:228  80:271  81:278  82:260  83:218  84:168  85:161  86:237  87:180  88:132  89:149  90:129  91:130  92:217  93:157  94:107  95:107  96:78  97:83  98:157  99:108  100:88  101:113  102:83  103:68  104:108  105:90  106:73  107:60  108:55  109:66  110:134  111:84  112:45  113:42  114:46  115:41  116:61  117:60  118:41  119:55  120:38  121:39  122:51  123:48  124:32  125:24  126:41  127:42  128:50  129:45  130:34  131:23  132:21  133:21  134:26  135:27  136:27  137:16  138:30  139:28  140:17  141:24  142:16  143:13  144:23  145:25  146:30  147:25  148:14  149:7  150:15  151:16  152:9  153:20  154:26  155:21  156:19  157:17  158:10  159:13  160:18  161:5  162:5  163:10  164:10  165:15  166:17  167:11  168:8  169:6  170:2  171:5  172:9  173:11  174:14  175:10  176:6  177:8  178:9  179:8  180:7  181:8  182:5  183:7  184:9  185:7  186:5  187:4  188:6  189:7  190:12  191:7  192:5  193:3  194:7  195:3  196:5  197:2  198:4  199:3  200:7  201:8  202:7  203:9  205:4  206:5  207:5  208:2  209:13  210:3  211:8  212:2  213:2  214:2  215:4  216:2  217:4  218:3  219:6  220:5  221:4  222:3  223:2  224:4  225:2  226:3  227:3  228:3  229:3  230:1  232:4  233:1  234:1  235:2  236:2  237:4  238:5  239:2  240:1  241:1  242:2  243:1  244:5  246:2  247:2  248:2  250:1  251:1  252:1  253:3  255:3  256:6  257:2  258:2  260:1  261:1  262:4  263:3  264:1  265:1  266:1  269:4  271:1  272:1  273:1  274:1  275:1  277:2  281:1  286:1  287:1  288:1  294:1  295:1  301:1  304:1  305:2  306:2  308:1  309:1  311:1  319:1  323:1  328:1  329:2  330:3  331:1  334:1  337:1  341:2  348:1  349:1  351:2  353:1  356:1  368:1  380:1  387:1  392:1  420:1  443:1  447:3  450:1  597:1  650:1  661:1
  short unary avg len: 2.00
15076.894006,66.026621,1192.133799
[PASSED]
[time 37.06 s, user 35.00 s, sys 1.91 s, maxrss 2049712 KB]
[busy 3805 jiffies]
[exit 0]
--- c2 case 2 rec 1   load 0.92 0.98 0.99
[TEST C2-MARISA]
Processing dataset...
Done!
Building trie...
trie size: 23.210503 MB
trie size: 33.431739 MB
Done!
build time: 14321.788386 ms (1432.178839 ns per key)
space cost: 66.026621 MB (13.220707% of original size 499.418229 MB)
Querying trie...
Done!
total time: 11894.505411 ms, avg latency: 1189.450541 ns
topology: 9.965065 MB, link: 29.247737 MB, data: 26.485694 MB
--- Unary Path Analysis (Marisa, cutoff=3) ---
  branches: 15006864  |  single-char: 4344202 (28.9%)  short-unary: 992777 (6.6%)  links: 9669885 (64.4%)
  link len: avg=10.53  max=661  total_chars=101846674
  link length distribution (len:count):  3:979135  4:1063854  5:889005  6:816748  7:783836  8:655792  9:527524  10:470175  11:410531  12:348158  13:310501  14:249595  15:236303  16:208521  17:272348  18:152006  19:142197  20:160137  21:150517  22:97740  23:85053  24:75097  25:69397  26:58698  27:52492  28:46035  29:41825  30:35181  31:33558  32:28138  33:24094  34:21147  35:18522  36:16174  37:15646  38:13222  39:11318  40:10241  41:8684  42:7727  43:7580  44:6353  45:5175  46:4565  47:4156  48:3773  49:3667  50:3232  51:2627  52:2472  53:2112  54:1827  55:1870  56:1795  57:1516  58:1219  59:1198  60:1058  61:1063  62:1033  63:824  64:809  65:724  66:596  67:588  68:699  69:566  70:477  71:404  72:358  73:423  74:508  75:343  76:316  77:296  78:242  79:228  80:271  81:278  82:260  83:218  84:168  85:161  86:237  87:180  88:132  89:149  90:129  91:130  92:217  93:157  94:107  95:107  96:78  97:83  98:157  99:108  100:88  101:113  102:83  103:68  104:108  105:90  106:73  107:60  108:55  109:66  110:134  111:84  112:45  113:42  114:46  115:41  116:61  117:60  118:41  119:55  120:38  121:39  122:51  123:48  124:32  125:24  126:41  127:42  128:50  129:45  130:34  131:23  132:21  133:21  134:26  135:27  136:27  137:16  138:30  139:28  140:17  141:24  142:16  143:13  144:23  145:25  146:30  147:25  148:14  149:7  150:15  151:16  152:9  153:20  154:26  155:21  156:19  157:17  158:10  159:13  160:18  161:5  162:5  163:10  164:10  165:15  166:17  167:11  168:8  169:6  170:2  171:5  172:9  173:11  174:14  175:10  176:6  177:8  178:9  179:8  180:7  181:8  182:5  183:7  184:9  185:7  186:5  187:4  188:6  189:7  190:12  191:7  192:5  193:3  194:7  195:3  196:5  197:2  198:4  199:3  200:7  201:8  202:7  203:9  205:4  206:5  207:5  208:2  209:13  210:3  211:8  212:2  213:2  214:2  215:4  216:2  217:4  218:3  219:6  220:5  221:4  222:3  223:2  224:4  225:2  226:3  227:3  228:3  229:3  230:1  232:4  233:1  234:1  235:2  236:2  237:4  238:5  239:2  240:1  241:1  242:2  243:1  244:5  246:2  247:2  248:2  250:1  251:1  252:1  253:3  255:3  256:6  257:2  258:2  260:1  261:1  262:4  263:3  264:1  265:1  266:1  269:4  271:1  272:1  273:1  274:1  275:1  277:2  281:1  286:1  287:1  288:1  294:1  295:1  301:1  304:1  305:2  306:2  308:1  309:1  311:1  319:1  323:1  328:1  329:2  330:3  331:1  334:1  337:1  341:2  348:1  349:1  351:2  353:1  356:1  368:1  380:1  387:1  392:1  420:1  443:1  447:3  450:1  597:1  650:1  661:1
  short unary avg len: 2.00
14321.788386,66.026621,1189.450541
[PASSED]
[time 36.27 s, user 34.20 s, sys 1.92 s, maxrss 2049700 KB]
[busy 3721 jiffies]
[exit 0]
--- c2 case 2 rec 0   load 0.96 0.99 1.00
[TEST C2-MARISA]
Processing dataset...
Done!
Building trie...
trie size: 23.210503 MB
Done!
build time: 11999.242019 ms (1199.924202 ns per key)
space cost: 79.565398 MB (15.931617% of original size 499.418229 MB)
Querying trie...
Done!
total time: 8957.575990 ms, avg latency: 895.757599 ns
topology: 7.658741 MB, link: 28.820719 MB, data: 42.757813 MB
--- Unary Path Analysis (Marisa, cutoff=3) ---
  branches: 15006864  |  single-char: 4344202 (28.9%)  short-unary: 992777 (6.6%)  links: 9669885 (64.4%)
  link len: avg=10.53  max=661  total_chars=101846674
  link length distribution (len:count):  3:979135  4:1063854  5:889005  6:816748  7:783836  8:655792  9:527524  10:470175  11:410531  12:348158  13:310501  14:249595  15:236303  16:208521  17:272348  18:152006  19:142197  20:160137  21:150517  22:97740  23:85053  24:75097  25:69397  26:58698  27:52492  28:46035  29:41825  30:35181  31:33558  32:28138  33:24094  34:21147  35:18522  36:16174  37:15646  38:13222  39:11318  40:10241  41:8684  42:7727  43:7580  44:6353  45:5175  46:4565  47:4156  48:3773  49:3667  50:3232  51:2627  52:2472  53:2112  54:1827  55:1870  56:1795  57:1516  58:1219  59:1198  60:1058  61:1063  62:1033  63:824  64:809  65:724  66:596  67:588  68:699  69:566  70:477  71:404  72:358  73:423  74:508  75:343  76:316  77:296  78:242  79:228  80:271  81:278  82:260  83:218  84:168  85:161  86:237  87:180  88:132  89:149  90:129  91:130  92:217  93:157  94:107  95:107  96:78  97:83  98:157  99:108  100:88  101:113  102:83  103:68  104:108  105:90  106:73  107:60  108:55  109:66  110:134  111:84  112:45  113:42  114:46  115:41  116:61  117:60  118:41  119:55  120:38  121:39  122:51  123:48  124:32  125:24  126:41  127:42  128:50  129:45  130:34  131:23  132:21  133:21  134:26  135:27  136:27  137:16  138:30  139:28  140:17  141:24  142:16  143:13  144:23  145:25  146:30  147:25  148:14  149:7  150:15  151:16  152:9  153:20  154:26  155:21  156:19  157:17  158:10  159:13  160:18  161:5  162:5  163:10  164:10  165:15  166:17  167:11  168:8  169:6  170:2  171:5  172:9  173:11  174:14  175:10  176:6  177:8  178:9  179:8  180:7  181:8  182:5  183:7  184:9  185:7  186:5  187:4  188:6  189:7  190:12  191:7  192:5  193:3  194:7  195:3  196:5  197:2  198:4  199:3  200:7  201:8  202:7  203:9  205:4  206:5  207:5  208:2  209:13  210:3  211:8  212:2  213:2  214:2  215:4  216:2  217:4  218:3  219:6  220:5  221:4  222:3  223:2  224:4  225:2  226:3  227:3  228:3  229:3  230:1  232:4  233:1  234:1  235:2  236:2  237:4  238:5  239:2  240:1  241:1  242:2  243:1  244:5  246:2  247:2  248:2  250:1  251:1  252:1  253:3  255:3  256:6  257:2  258:2  260:1  261:1  262:4  263:3  264:1  265:1  266:1  269:4  271:1  272:1  273:1  274:1  275:1  277:2  281:1  286:1  287:1  288:1  294:1  295:1  301:1  304:1  305:2  306:2  308:1  309:1  311:1  319:1  323:1  328:1  329:2  330:3  331:1  334:1  337:1  341:2  348:1  349:1  351:2  353:1  356:1  368:1  380:1  387:1  392:1  420:1  443:1  447:3  450:1  597:1  650:1  661:1
  short unary avg len: 2.00
11999.242019,79.565398,895.757599
[PASSED]
[time 31.05 s, user 28.90 s, sys 2.02 s, maxrss 2063436 KB]
[busy 3195 jiffies]
[exit 0]
--- c2 case 1 rec 2   load 0.90 0.97 0.99
[TEST C2-CoCo(LOUDS-Sparse)]
Processing dataset...
Done!
Building trie...
trie size: 23.143724 MB
trie size: 3.515203 MB
Done!
build time: 31336.038754 ms (3133.603875 ns per key)
space cost: 83.070779 MB (16.633510% of original size 499.418229 MB)
Querying trie...
Done!
total time: 18562.232601 ms, avg latency: 1856.223260 ns
topology: 6.127193 MB, link: 31.915912 MB, data: 45.027674 MB
31336.038754,83.070779,1856.223260
[PASSED]
[time 59.96 s, user 57.09 s, sys 2.62 s, maxrss 3592980 KB]
[busy 6164 jiffies]
[exit 0]
--- c2 case 1 rec 1   load 0.96 0.98 1.00
[TEST C2-CoCo(LOUDS-Sparse)]
Processing dataset...
Done!
Building trie...
trie size: 23.143724 MB
Done!
build time: 30876.111908 ms (3087.611191 ns per key)
space cost: 83.070779 MB (16.633510% of original size 499.418229 MB)
Querying trie...
Done!
total time: 18378.218708 ms, avg latency: 1837.821871 ns
topology: 6.127193 MB, link: 31.915912 MB, data: 45.027674 MB
30876.111908,83.070779,1837.821871
[PASSED]
[time 59.36 s, user 56.49 s, sys 2.62 s, maxrss 3571840 KB]
[busy 6091 jiffies]
[exit 0]
--- c2 case 1 rec 0   load 0.99 0.98 1.00
[TEST C2-CoCo(LOUDS-Sparse)]
Processing dataset...
Done!
Building trie...
Done!
build time: 28842.582823 ms (2884.258282 ns per key)
space cost: 94.593055 MB (18.940649% of original size 499.418229 MB)
Querying trie...
Done!
total time: 15841.896739 ms, avg latency: 1584.189674 ns
topology: 4.283638 MB, link: 32.108927 MB, data: 58.200490 MB
28842.582823,94.593055,1584.189674
[PASSED]
[time 54.77 s, user 51.87 s, sys 2.67 s, maxrss 3698468 KB]
[busy 5621 jiffies]
[exit 0]
--- c2 case 0 rec 2   load 1.00 0.99 1.00
[TEST C2-FST]
Processing dataset...
Done!
Building trie...
trie size: 23.143724 MB
trie size: 3.515203 MB
Done!
build time: 14618.943163 ms (1461.894316 ns per key)
space cost: 78.247462 MB (15.667723% of original size 499.418229 MB)
Querying trie...
Done!
total time: 18237.388250 ms, avg latency: 1823.738825 ns
topology: 13.508587 MB, link: 21.314508 MB, data: 43.424367 MB
--- Unary Path Analysis (FST, cutoff=4) ---
  shared unary steps in main trie: 10222647
  terminal suffixes: inplace=1703226 (avg len=2.16)  links=6715973 (79.8% of terminal)
  link len: avg=10.80  max=659  total_chars=72556931
  link length distribution (len:count):  4:696901  5:673915  6:668087  7:559938  8:460143  9:408987  10:371411  11:317336  12:286791  13:230146  14:219886  15:194657  16:260212  17:141485  18:132694  19:152516  20:142603  21:91996  22:80093  23:71031  24:65911  25:55655  26:49759  27:43541  28:39655  29:33371  30:31744  31:26630  32:22544  33:19836  34:17416  35:15244  36:14777  37:12475  38:10684  39:9704  40:8252  41:7414  42:7187  43:6077  44:4975  45:4415  46:4008  47:3641  48:3548  49:3129  50:2543  51:2408  52:2048  53:1756  54:1822  55:1758  56:1478  57:1179  58:1174  59:1028  60:1021  61:1008  62:800  63:782  64:703  65:577  66:564  67:679  68:553  69:459  70:394  71:348  72:410  73:498  74:336  75:309  76:287  77:230  78:220  79:262  80:269  81:251  82:214  83:163  84:154  85:231  86:178  87:132  88:144  89:127  90:127  91:212  92:153  93:106  94:107  95:76  96:81  97:157  98:106  99:86  100:109  101:82  102:64  103:107  104:90  105:70  106:58  107:55  108:63  109:130  110:83  111:45  112:41  113:46  114:39  115:60  116:60  117:41  118:52  119:37  120:39  121:51  122:48  123:30  124:24  125:39  126:42  127:48  128:44  129:34  130:23  131:19  132:20  133:26  134:27  135:27  136:16  137:30  138:27  139:16  140:24  141:15  142:13  143:23  144:25  145:30  146:25  147:14  148:7  149:15  150:16  151:9  152:19  153:25  154:20  155:19  156:17  157:10  158:12  159:18  160:5  161:5  162:9  163:10  164:14  165:17  166:11  167:8  168:6  169:2  170:5  171:9  172:11  173:14  174:10  175:6  176:8  177:8  178:8  179:7  180:8  181:5  182:7  183:9  184:6  185:5  186:4  187:6  188:7  189:12  190:7  191:5  192:3  193:7  194:3  195:5  196:2  197:4  198:3  199:6  200:8  201:7  202:9  204:4  205:5  206:5  207:1  208:12  209:3  210:7  211:2  212:2  213:2  214:4  215:2  216:4  217:3  218:6  219:4  220:3  221:3  222:2  223:4  224:2  225:3  226:3  227:3  228:3  229:1  231:4  232:1  233:1  234:2  235:2  236:4  237:4  238:2  239:1  240:1  241:1  242:1  243:5  245:2  246:2  247:2  249:1  250:1  251:1  252:3  254:3  255:6  256:2  257:2  259:1  260:1  261:4  262:3  263:1  264:1  265:1  268:4  270:1  271:1  272:1  273:1  274:1  276:2  280:1  285:1  286:1  287:1  293:1  294:1  300:1  303:1  304:2  305:2  307:1  310:1  318:1  322:1  327:1  328:2  329:3  330:1  333:1  336:1  340:2  347:1  348:1  350:2  352:1  355:1  367:1  379:1  386:1  391:1  419:1  442:1  446:3  449:1  596:1  649:1  660:1
14618.943163,78.247462,1823.738825
[PASSED]
[time 42.92 s, user 40.92 s, sys 1.83 s, maxrss 2061964 KB]
[busy 4406 jiffies]
[exit 0]
--- c2 case 0 rec 1   load 1.00 0.99 1.00
[TEST C2-FST]
Processing dataset...
Done!
Building trie...
trie size: 23.143724 MB
Done!
build time: 14036.947037 ms (1403.694704 ns per key)
space cost: 78.247462 MB (15.667723% of original size 499.418229 MB)
Querying trie...
Done!
total time: 18321.286979 ms, avg latency: 1832.128698 ns
topology: 13.508587 MB, link: 21.314508 MB, data: 43.424367 MB
--- Unary Path Analysis (FST, cutoff=4) ---
  shared unary steps in main trie: 10222647
  terminal suffixes: inplace=1703226 (avg len=2.16)  links=6715973 (79.8% of terminal)
  link len: avg=10.80  max=659  total_chars=72556931
  link length distribution (len:count):  4:696901  5:673915  6:668087  7:559938  8:460143  9:408987  10:371411  11:317336  12:286791  13:230146  14:219886  15:194657  16:260212  17:141485  18:132694  19:152516  20:142603  21:91996  22:80093  23:71031  24:65911  25:55655  26:49759  27:43541  28:39655  29:33371  30:31744  31:26630  32:22544  33:19836  34:17416  35:15244  36:14777  37:12475  38:10684  39:9704  40:8252  41:7414  42:7187  43:6077  44:4975  45:4415  46:4008  47:3641  48:3548  49:3129  50:2543  51:2408  52:2048  53:1756  54:1822  55:1758  56:1478  57:1179  58:1174  59:1028  60:1021  61:1008  62:800  63:782  64:703  65:577  66:564  67:679  68:553  69:459  70:394  71:348  72:410  73:498  74:336  75:309  76:287  77:230  78:220  79:262  80:269  81:251  82:214  83:163  84:154  85:231  86:178  87:132  88:144  89:127  90:127  91:212  92:153  93:106  94:107  95:76  96:81  97:157  98:106  99:86  100:109  101:82  102:64  103:107  104:90  105:70  106:58  107:55  108:63  109:130  110:83  111:45  112:41  113:46  114:39  115:60  116:60  117:41  118:52  119:37  120:39  121:51  122:48  123:30  124:24  125:39  126:42  127:48  128:44  129:34  130:23  131:19  132:20  133:26  134:27  135:27  136:16  137:30  138:27  139:16  140:24  141:15  142:13  143:23  144:25  145:30  146:25  147:14  148:7  149:15  150:16  151:9  152:19  153:25  154:20  155:19  156:17  157:10  158:12  159:18  160:5  161:5  162:9  163:10  164:14  165:17  166:11  167:8  168:6  169:2  170:5  171:9  172:11  173:14  174:10  175:6  176:8  177:8  178:8  179:7  180:8  181:5  182:7  183:9  184:6  185:5  186:4  187:6  188:7  189:12  190:7  191:5  192:3  193:7  194:3  195:5  196:2  197:4  198:3  199:6  200:8  201:7  202:9  204:4  205:5  206:5  207:1  208:12  209:3  210:7  211:2  212:2  213:2  214:4  215:2  216:4  217:3  218:6  219:4  220:3  221:3  222:2  223:4  224:2  225:3  226:3  227:3  228:3  229:1  231:4  232:1  233:1  234:2  235:2  236:4  237:4  238:2  239:1  240:1  241:1  242:1  243:5  245:2  246:2  247:2  249:1  250:1  251:1  252:3  254:3  255:6  256:2  257:2  259:1  260:1  261:4  262:3  263:1  264:1  265:1  268:4  270:1  271:1  272:1  273:1  274:1  276:2  280:1  285:1  286:1  287:1  293:1  294:1  300:1  303:1  304:2  305:2  307:1  310:1  318:1  322:1  327:1  328:2  329:3  330:1  333:1  336:1  340:2  347:1  348:1  350:2  352:1  355:1  367:1  379:1  386:1  391:1  419:1  442:1  446:3  449:1  596:1  649:1  660:1
14036.947037,78.247462,1832.128698
[PASSED]
[time 42.47 s, user 40.55 s, sys 1.74 s, maxrss 2062008 KB]
[busy 4373 jiffies]
[exit 0]
--- c2 case 0 rec 0   load 1.00 1.00 1.00
[TEST C2-FST]
Processing dataset...
Done!
Building trie...
Done!
build time: 12060.361277 ms (1206.036128 ns per key)
space cost: 89.769738 MB (17.974862% of original size 499.418229 MB)
Querying trie...
Done!
total time: 15720.963902 ms, avg latency: 1572.096390 ns
topology: 11.665031 MB, link: 21.507524 MB, data: 56.597183 MB
--- Unary Path Analysis (FST, cutoff=4) ---
  shared unary steps in main trie: 10222647
  terminal suffixes: inplace=1703226 (avg len=2.16)  links=6715973 (79.8% of terminal)
  link len: avg=10.80  max=659  total_chars=72556931
  link length distribution (len:count):  4:696901  5:673915  6:668087  7:559938  8:460143  9:408987  10:371411  11:317336  12:286791  13:230146  14:219886  15:194657  16:260212  17:141485  18:132694  19:152516  20:142603  21:91996  22:80093  23:71031  24:65911  25:55655  26:49759  27:43541  28:39655  29:33371  30:31744  31:26630  32:22544  33:19836  34:17416  35:15244  36:14777  37:12475  38:10684  39:9704  40:8252  41:7414  42:7187  43:6077  44:4975  45:4415  46:4008  47:3641  48:3548  49:3129  50:2543  51:2408  52:2048  53:1756  54:1822  55:1758  56:1478  57:1179  58:1174  59:1028  60:1021  61:1008  62:800  63:782  64:703  65:577  66:564  67:679  68:553  69:459  70:394  71:348  72:410  73:498  74:336  75:309  76:287  77:230  78:220  79:262  80:269  81:251  82:214  83:163  84:154  85:231  86:178  87:132  88:144  89:127  90:127  91:212  92:153  93:106  94:107  95:76  96:81  97:157  98:106  99:86  100:109  101:82  102:64  103:107  104:90  105:70  106:58  107:55  108:63  109:130  110:83  111:45  112:41  113:46  114:39  115:60  116:60  117:41  118:52  119:37  120:39  121:51  122:48  123:30  124:24  125:39  126:42  127:48  128:44  129:34  130:23  131:19  132:20  133:26  134:27  135:27  136:16  137:30  138:27  139:16  140:24  141:15  142:13  143:23  144:25  145:30  146:25  147:14  148:7  149:15  150:16  151:9  152:19  153:25  154:20  155:19  156:17  157:10  158:12  159:18  160:5  161:5  162:9  163:10  164:14  165:17  166:11  167:8  168:6  169:2  170:5  171:9  172:11  173:14  174:10  175:6  176:8  177:8  178:8  179:7  180:8  181:5  182:7  183:9  184:6  185:5  186:4  187:6  188:7  189:12  190:7  191:5  192:3  193:7  194:3  195:5  196:2  197:4  198:3  199:6  200:8  201:7  202:9  204:4  205:5  206:5  207:1  208:12  209:3  210:7  211:2  212:2  213:2  214:4  215:2  216:4  217:3  218:6  219:4  220:3  221:3  222:2  223:4  224:2  225:3  226:3  227:3  228:3  229:1  231:4  232:1  233:1  234:2  235:2  236:4  237:4  238:2  239:1  240:1  241:1  242:1  243:5  245:2  246:2  247:2  249:1  250:1  251:1  252:3  254:3  255:6  256:2  257:2  259:1  260:1  261:4  262:3  263:1  264:1  265:1  268:4  270:1  271:1  272:1  273:1  274:1  276:2  280:1  285:1  286:1  287:1  293:1  294:1  300:1  303:1  304:2  305:2  307:1  310:1  318:1  322:1  327:1  328:2  329:3  330:1  333:1  336:1  340:2  347:1  348:1  350:2  352:1  355:1  367:1  379:1  386:1  391:1  419:1  442:1  446:3  449:1  596:1  649:1  660:1
12060.361277,89.769738,1572.096390
[PASSED]
[time 37.89 s, user 35.92 s, sys 1.81 s, maxrss 2073908 KB]
[busy 3908 jiffies]
[exit 0]
--- lexindex string   load 1.00 1.00 1.00
10000000 keys
lexindex StringIndex: build 9187 ms, size 124.922 MiB (13.099 B/key), latency cold 908.4 ns, then mean 914.7 / min 911.5 ns
9187.275,124.921756,908.417
[time 52.77 s, user 51.42 s, sys 1.14 s, maxrss 2136988 KB]
[busy 5413 jiffies]
[exit 0]
--- lexindex dict1024   load 1.00 1.00 1.00
10000000 keys
lexindex DictIndex block 1024: build 2304 ms, size 52.739 MiB (5.530 B/key), latency cold 778.5 ns, then mean 776.0 / min 775.1 ns
2304.490,52.739459,778.497
[time 40.52 s, user 55.41 s, sys 1.40 s, maxrss 2245896 KB]
[busy 5831 jiffies]
[exit 0]
--- lexindex dict256   load 1.00 1.00 1.00
10000000 keys
lexindex DictIndex block 256: build 2390 ms, size 55.162 MiB (5.784 B/key), latency cold 760.2 ns, then mean 754.5 / min 754.0 ns
2389.818,55.161706,760.208
[time 39.76 s, user 55.04 s, sys 1.44 s, maxrss 2255976 KB]
[busy 5780 jiffies]
[exit 0]
--- lexindex dict32   load 1.53 1.16 1.06
10000000 keys
lexindex DictIndex block 32: build 2290 ms, size 68.020 MiB (7.132 B/key), latency cold 782.8 ns, then mean 780.6 / min 780.4 ns
2290.012,68.020096,782.776
[time 40.72 s, user 55.60 s, sys 1.44 s, maxrss 2294564 KB]
[busy 5845 jiffies]
[exit 0]

##### titles-en-10000000 (10000000 lines, 219718589 bytes)   round 2/3   2026-09-20T14:37:09+03:00
--- xcdat 16   load 1.92 1.36 1.13
build time: 7104.429889 ms
space cost: 139.139603 MiB (69.568677% of original size 200.003232 MiB)
avg latency: 602.094872 ns
7104.429889,139.139603,602.094872
[time 21.11 s, user 19.52 s, sys 1.50 s, maxrss 1507728 KB]
[busy 2167 jiffies]
[exit 0]
--- xcdat 15   load 1.66 1.34 1.13
build time: 7431.145302 ms
space cost: 133.023680 MiB (66.510765% of original size 200.003232 MiB)
avg latency: 573.965362 ns
7431.145302,133.023680,573.965362
[time 21.09 s, user 19.49 s, sys 1.51 s, maxrss 1503724 KB]
[busy 2159 jiffies]
[exit 0]
--- xcdat 8   load 1.35 1.29 1.12
build time: 7083.261783 ms
space cost: 108.349843 MiB (54.174046% of original size 200.003232 MiB)
avg latency: 673.873627 ns
7083.261783,108.349843,673.873627
[time 21.78 s, user 20.21 s, sys 1.48 s, maxrss 1452264 KB]
[busy 2256 jiffies]
[exit 0]
--- xcdat 7   load 1.25 1.27 1.11
build time: 7436.755577 ms
space cost: 112.423756 MiB (56.210969% of original size 200.003232 MiB)
avg latency: 736.192235 ns
7436.755577,112.423756,736.192235
[time 22.71 s, user 21.12 s, sys 1.50 s, maxrss 1456716 KB]
[busy 2329 jiffies]
[exit 0]
--- c2 case 8 rec 0   load 1.16 1.25 1.11
[TEST CART]
Processing dataset...
Done!
Building trie...
Done!
build time: 2590.953085 ms (259.095308 ns per key)
space cost: 157.938812 MB (78.968130% of original size 200.003232 MB)
Querying trie...
Done!
total time: 7227.434306 ms, avg latency: 722.743431 ns
not implemented
2590.953085,157.938812,722.743431
[PASSED]
[time 17.77 s, user 16.59 s, sys 1.11 s, maxrss 1618004 KB]
[busy 1827 jiffies]
[exit 0]
--- c2 case 7 rec 0   load 1.12 1.23 1.10
[TEST ART]
Processing dataset...
Done!
Building trie...
Done!
build time: 1972.716838 ms (197.271684 ns per key)
space cost: 339.123360 MB (169.558940% of original size 200.003232 MB)
Querying trie...
Done!
total time: 6398.106992 ms, avg latency: 639.810699 ns
not implemented
1972.716838,339.123360,639.810699
[PASSED]
[time 16.34 s, user 15.12 s, sys 1.15 s, maxrss 1739620 KB]
[busy 1682 jiffies]
[exit 0]
--- c2 case 6 rec 0   load 1.09 1.22 1.10
[TEST PDT]
Processing dataset...
Done!
Building trie...
dict size: 157532, stream size: 58361417
Done!
build time: 26117.308646 ms (2611.730865 ns per key)
space cost: 68.573545 MB (34.286219% of original size 200.003232 MB)
Querying trie...
Done!
total time: 10785.367944 ms, avg latency: 1078.536794 ns
not implemented
26117.308646,68.573545,1078.536794
[PASSED]
[time 44.80 s, user 43.11 s, sys 1.50 s, maxrss 1317024 KB]
[busy 4609 jiffies]
[exit 0]
--- c2 case 5 rec 2   load 1.04 1.19 1.09
[TEST MARISA]
Processing dataset...
Done!
Building trie...
Done!
build time: 7989.723881 ms (798.972388 ns per key)
space cost: 54.499722 MB (27.249420% of original size 200.003232 MB)
Querying trie...
Done!
total time: 15073.060406 ms, avg latency: 1507.306041 ns
not implemented
7989.723881,54.499722,1507.306041
[PASSED]
[time 30.85 s, user 29.25 s, sys 1.46 s, maxrss 1611968 KB]
[busy 3172 jiffies]
[exit 0]
--- c2 case 5 rec 1   load 1.02 1.16 1.09
[TEST MARISA]
Processing dataset...
Done!
Building trie...
Done!
build time: 7817.884248 ms (781.788425 ns per key)
space cost: 58.000221 MB (28.999642% of original size 200.003232 MB)
Querying trie...
Done!
total time: 14177.813056 ms, avg latency: 1417.781306 ns
not implemented
7817.884248,58.000221,1417.781306
[PASSED]
[time 29.79 s, user 28.19 s, sys 1.46 s, maxrss 1612384 KB]
[busy 3063 jiffies]
[exit 0]
--- c2 case 5 rec 0   load 1.01 1.15 1.08
[TEST MARISA]
Processing dataset...
Done!
Building trie...
Done!
build time: 6636.588189 ms (663.658819 ns per key)
space cost: 79.225293 MB (39.612006% of original size 200.003232 MB)
Querying trie...
Done!
total time: 10370.061674 ms, avg latency: 1037.006167 ns
not implemented
6636.588189,79.225293,1037.006167
[PASSED]
[time 24.82 s, user 23.31 s, sys 1.41 s, maxrss 1612320 KB]
[busy 2555 jiffies]
[exit 0]
--- c2 case 4 rec 0   skipped: exit 134 in round 1
--- c2 case 3 rec 0   load 1.01 1.13 1.08
[TEST FST]
Processing dataset...
Done!
Building trie...
Done!
build time: 9719.695399 ms (971.969540 ns per key)
space cost: 86.740355 MB (43.369476% of original size 200.003232 MB)
Querying trie...
Done!
total time: 14205.776843 ms, avg latency: 1420.577684 ns
not implemented
9719.695399,86.740355,1420.577684
[PASSED]
[time 31.83 s, user 30.71 s, sys 0.99 s, maxrss 1233312 KB]
[busy 3268 jiffies]
[exit 0]
--- c2 case 2 rec 2   load 0.92 1.10 1.07
[TEST C2-MARISA]
Processing dataset...
Done!
Building trie...
trie size: 23.317092 MB
trie size: 32.530715 MB
trie size: 4.028131 MB
Done!
build time: 13347.351449 ms (1334.735145 ns per key)
space cost: 64.832272 MB (32.415612% of original size 200.003232 MB)
Querying trie...
Done!
total time: 10169.438993 ms, avg latency: 1016.943899 ns
topology: 9.978737 MB, link: 28.205211 MB, data: 26.320199 MB
--- Unary Path Analysis (Marisa, cutoff=3) ---
  branches: 15080896  |  single-char: 4578086 (30.4%)  short-unary: 1137672 (7.5%)  links: 9365138 (62.1%)
  link len: avg=9.96  max=236  total_chars=93261704
  link length distribution (len:count):  3:947829  4:986562  5:965254  6:903368  7:803217  8:675232  9:535160  10:448828  11:393655  12:313562  13:273926  14:228549  15:306731  16:216481  17:200904  18:144129  19:127804  20:110710  21:100724  22:84358  23:73263  24:61276  25:54434  26:48000  27:45573  28:38180  29:33095  30:28718  31:25581  32:22213  33:19884  34:17374  35:15159  36:13408  37:12318  38:10537  39:8786  40:7764  41:6832  42:6052  43:5427  44:4522  45:3945  46:3695  47:3344  48:2764  49:2509  50:2081  51:1977  52:1721  53:1517  54:1388  55:1255  56:1097  57:1012  58:930  59:785  60:751  61:645  62:578  63:614  64:560  65:436  66:431  67:412  68:392  69:332  70:320  71:285  72:270  73:233  74:225  75:193  76:195  77:155  78:178  79:164  80:147  81:126  82:131  83:112  84:98  85:95  86:92  87:89  88:91  89:63  90:58  91:59  92:55  93:61  94:54  95:48  96:42  97:53  98:43  99:42  100:44  101:35  102:30  103:20  104:25  105:38  106:22  107:19  108:21  109:27  110:17  111:18  112:16  113:20  114:20  115:15  116:18  117:20  118:11  119:16  120:19  121:14  122:12  123:5  124:13  125:12  126:8  127:9  128:8  129:10  130:13  131:6  132:9  133:1  134:8  135:7  136:5  137:7  138:4  139:7  140:6  141:3  142:3  143:1  144:5  145:3  146:5  147:2  148:3  149:3  150:8  151:6  152:3  153:6  154:5  155:4  156:5  157:4  158:2  159:2  160:3  161:6  163:6  164:1  165:1  166:3  167:3  168:6  169:2  170:1  171:1  172:3  173:1  174:1  175:3  176:1  177:1  178:2  179:2  180:4  181:1  183:1  185:3  186:1  189:2  190:1  192:1  194:4  195:2  196:1  199:3  200:3  201:1  202:1  205:3  206:2  207:1  209:1  210:4  211:1  212:1  214:1  215:1  216:1  218:1  224:1  225:2  229:1  230:1  231:1  232:1  234:1  235:1  236:1
  short unary avg len: 2.00
13347.351449,64.832272,1016.943899
[PASSED]
[time 31.29 s, user 29.65 s, sys 1.51 s, maxrss 1496524 KB]
[busy 3214 jiffies]
[exit 0]
--- c2 case 2 rec 1   load 0.95 1.09 1.07
[TEST C2-MARISA]
Processing dataset...
Done!
Building trie...
trie size: 23.317092 MB
trie size: 32.530715 MB
Done!
build time: 12705.264055 ms (1270.526406 ns per key)
space cost: 64.832272 MB (32.415612% of original size 200.003232 MB)
Querying trie...
Done!
total time: 10205.645964 ms, avg latency: 1020.564596 ns
topology: 9.978737 MB, link: 28.205211 MB, data: 26.320199 MB
--- Unary Path Analysis (Marisa, cutoff=3) ---
  branches: 15080896  |  single-char: 4578086 (30.4%)  short-unary: 1137672 (7.5%)  links: 9365138 (62.1%)
  link len: avg=9.96  max=236  total_chars=93261704
  link length distribution (len:count):  3:947829  4:986562  5:965254  6:903368  7:803217  8:675232  9:535160  10:448828  11:393655  12:313562  13:273926  14:228549  15:306731  16:216481  17:200904  18:144129  19:127804  20:110710  21:100724  22:84358  23:73263  24:61276  25:54434  26:48000  27:45573  28:38180  29:33095  30:28718  31:25581  32:22213  33:19884  34:17374  35:15159  36:13408  37:12318  38:10537  39:8786  40:7764  41:6832  42:6052  43:5427  44:4522  45:3945  46:3695  47:3344  48:2764  49:2509  50:2081  51:1977  52:1721  53:1517  54:1388  55:1255  56:1097  57:1012  58:930  59:785  60:751  61:645  62:578  63:614  64:560  65:436  66:431  67:412  68:392  69:332  70:320  71:285  72:270  73:233  74:225  75:193  76:195  77:155  78:178  79:164  80:147  81:126  82:131  83:112  84:98  85:95  86:92  87:89  88:91  89:63  90:58  91:59  92:55  93:61  94:54  95:48  96:42  97:53  98:43  99:42  100:44  101:35  102:30  103:20  104:25  105:38  106:22  107:19  108:21  109:27  110:17  111:18  112:16  113:20  114:20  115:15  116:18  117:20  118:11  119:16  120:19  121:14  122:12  123:5  124:13  125:12  126:8  127:9  128:8  129:10  130:13  131:6  132:9  133:1  134:8  135:7  136:5  137:7  138:4  139:7  140:6  141:3  142:3  143:1  144:5  145:3  146:5  147:2  148:3  149:3  150:8  151:6  152:3  153:6  154:5  155:4  156:5  157:4  158:2  159:2  160:3  161:6  163:6  164:1  165:1  166:3  167:3  168:6  169:2  170:1  171:1  172:3  173:1  174:1  175:3  176:1  177:1  178:2  179:2  180:4  181:1  183:1  185:3  186:1  189:2  190:1  192:1  194:4  195:2  196:1  199:3  200:3  201:1  202:1  205:3  206:2  207:1  209:1  210:4  211:1  212:1  214:1  215:1  216:1  218:1  224:1  225:2  229:1  230:1  231:1  232:1  234:1  235:1  236:1
  short unary avg len: 2.00
12705.264055,64.832272,1020.564596
[PASSED]
[time 30.77 s, user 29.10 s, sys 1.53 s, maxrss 1466500 KB]
[busy 3158 jiffies]
[exit 0]
--- c2 case 2 rec 0   load 0.97 1.08 1.07
[TEST C2-MARISA]
Processing dataset...
Done!
Building trie...
trie size: 23.317092 MB
Done!
build time: 10477.888706 ms (1047.788871 ns per key)
space cost: 78.192151 MB (39.095444% of original size 200.003232 MB)
Querying trie...
Done!
total time: 7921.419333 ms, avg latency: 792.141933 ns
topology: 7.694263 MB, link: 27.912508 MB, data: 42.257255 MB
--- Unary Path Analysis (Marisa, cutoff=3) ---
  branches: 15080896  |  single-char: 4578086 (30.4%)  short-unary: 1137672 (7.5%)  links: 9365138 (62.1%)
  link len: avg=9.96  max=236  total_chars=93261704
  link length distribution (len:count):  3:947829  4:986562  5:965254  6:903368  7:803217  8:675232  9:535160  10:448828  11:393655  12:313562  13:273926  14:228549  15:306731  16:216481  17:200904  18:144129  19:127804  20:110710  21:100724  22:84358  23:73263  24:61276  25:54434  26:48000  27:45573  28:38180  29:33095  30:28718  31:25581  32:22213  33:19884  34:17374  35:15159  36:13408  37:12318  38:10537  39:8786  40:7764  41:6832  42:6052  43:5427  44:4522  45:3945  46:3695  47:3344  48:2764  49:2509  50:2081  51:1977  52:1721  53:1517  54:1388  55:1255  56:1097  57:1012  58:930  59:785  60:751  61:645  62:578  63:614  64:560  65:436  66:431  67:412  68:392  69:332  70:320  71:285  72:270  73:233  74:225  75:193  76:195  77:155  78:178  79:164  80:147  81:126  82:131  83:112  84:98  85:95  86:92  87:89  88:91  89:63  90:58  91:59  92:55  93:61  94:54  95:48  96:42  97:53  98:43  99:42  100:44  101:35  102:30  103:20  104:25  105:38  106:22  107:19  108:21  109:27  110:17  111:18  112:16  113:20  114:20  115:15  116:18  117:20  118:11  119:16  120:19  121:14  122:12  123:5  124:13  125:12  126:8  127:9  128:8  129:10  130:13  131:6  132:9  133:1  134:8  135:7  136:5  137:7  138:4  139:7  140:6  141:3  142:3  143:1  144:5  145:3  146:5  147:2  148:3  149:3  150:8  151:6  152:3  153:6  154:5  155:4  156:5  157:4  158:2  159:2  160:3  161:6  163:6  164:1  165:1  166:3  167:3  168:6  169:2  170:1  171:1  172:3  173:1  174:1  175:3  176:1  177:1  178:2  179:2  180:4  181:1  183:1  185:3  186:1  189:2  190:1  192:1  194:4  195:2  196:1  199:3  200:3  201:1  202:1  205:3  206:2  207:1  209:1  210:4  211:1  212:1  214:1  215:1  216:1  218:1  224:1  225:2  229:1  230:1  231:1  232:1  234:1  235:1  236:1
  short unary avg len: 2.00
10477.888706,78.192151,792.141933
[PASSED]
[time 26.29 s, user 24.61 s, sys 1.57 s, maxrss 1608728 KB]
[busy 2698 jiffies]
[exit 0]
--- c2 case 1 rec 2   load 0.98 1.07 1.06
[TEST C2-CoCo(LOUDS-Sparse)]
Processing dataset...
Done!
Building trie...
trie size: 22.733012 MB
trie size: 3.280537 MB
Done!
build time: 27113.639684 ms (2711.363968 ns per key)
space cost: 87.170093 MB (43.584342% of original size 200.003232 MB)
Querying trie...
Done!
total time: 16852.785986 ms, avg latency: 1685.278599 ns
topology: 6.218388 MB, link: 32.751384 MB, data: 48.200322 MB
27113.639684,87.170093,1685.278599
[PASSED]
[time 51.79 s, user 49.37 s, sys 2.21 s, maxrss 3090096 KB]
[busy 5301 jiffies]
[exit 0]
--- c2 case 1 rec 1   load 1.00 1.06 1.06
[TEST C2-CoCo(LOUDS-Sparse)]
Processing dataset...
Done!
Building trie...
trie size: 22.733012 MB
Done!
build time: 26516.379871 ms (2651.637987 ns per key)
space cost: 87.170093 MB (43.584342% of original size 200.003232 MB)
Querying trie...
Done!
total time: 16627.459414 ms, avg latency: 1662.745941 ns
topology: 6.218388 MB, link: 32.751384 MB, data: 48.200322 MB
26516.379871,87.170093,1662.745941
[PASSED]
[time 51.03 s, user 48.57 s, sys 2.24 s, maxrss 3066340 KB]
[busy 5219 jiffies]
[exit 0]
--- c2 case 1 rec 0   load 1.08 1.08 1.07
[TEST C2-CoCo(LOUDS-Sparse)]
Processing dataset...
Done!
Building trie...
Done!
build time: 24748.966002 ms (2474.896600 ns per key)
space cost: 98.257762 MB (49.128087% of original size 200.003232 MB)
Querying trie...
Done!
total time: 14699.950665 ms, avg latency: 1469.995066 ns
topology: 4.410110 MB, link: 33.095964 MB, data: 60.751687 MB
24748.966002,98.257762,1469.995066
[PASSED]
[time 47.31 s, user 44.86 s, sys 2.25 s, maxrss 3193336 KB]
[busy 4850 jiffies]
[exit 0]
--- c2 case 0 rec 2   load 1.05 1.08 1.07
[TEST C2-FST]
Processing dataset...
Done!
Building trie...
trie size: 22.733012 MB
trie size: 3.280537 MB
Done!
build time: 12913.081347 ms (1291.308135 ns per key)
space cost: 75.770544 MB (37.884660% of original size 200.003232 MB)
Querying trie...
Done!
total time: 14245.211551 ms, avg latency: 1424.521155 ns
topology: 13.082478 MB, link: 20.816256 MB, data: 41.871811 MB
--- Unary Path Analysis (FST, cutoff=4) ---
  shared unary steps in main trie: 9042618
  terminal suffixes: inplace=1798982 (avg len=2.14)  links=6599643 (78.6% of terminal)
  link len: avg=9.93  max=234  total_chars=65543603
  link length distribution (len:count):  4:783104  5:760158  6:695828  7:589022  8:475587  9:402890  10:359960  11:287809  12:252754  13:211229  14:291790  15:204192  16:188465  17:134915  18:119234  19:103940  20:94864  21:79457  22:68801  23:57526  24:51335  25:45253  26:43170  27:36068  28:31115  29:26944  30:23808  31:20749  32:18599  33:16316  34:14256  35:12616  36:11654  37:10097  38:8350  39:7410  40:6438  41:5768  42:5227  43:4358  44:3828  45:3564  46:3239  47:2673  48:2418  49:2015  50:1930  51:1676  52:1473  53:1343  54:1226  55:1070  56:979  57:898  58:769  59:736  60:626  61:563  62:597  63:542  64:428  65:419  66:401  67:383  68:320  69:311  70:276  71:263  72:227  73:216  74:189  75:189  76:152  77:176  78:161  79:141  80:122  81:127  82:110  83:97  84:90  85:90  86:88  87:88  88:62  89:58  90:57  91:55  92:60  93:54  94:47  95:39  96:52  97:43  98:41  99:43  100:34  101:29  102:20  103:25  104:38  105:22  106:19  107:21  108:27  109:17  110:17  111:15  112:20  113:20  114:14  115:18  116:19  117:10  118:15  119:19  120:13  121:11  122:5  123:13  124:11  125:8  126:8  127:8  128:10  129:12  130:6  131:9  132:1  133:8  134:7  135:4  136:6  137:4  138:7  139:6  140:3  141:3  142:1  143:5  144:3  145:5  146:2  147:3  148:3  149:8  150:6  151:3  152:5  153:5  154:4  155:5  156:4  157:2  158:2  159:3  160:6  162:6  163:1  164:1  165:3  166:3  167:6  168:2  169:1  170:1  171:3  172:1  173:1  174:3  175:1  176:1  177:2  178:2  179:4  180:1  182:1  184:2  185:1  188:2  189:1  191:1  193:4  194:1  195:1  198:3  199:2  200:1  201:1  204:3  205:2  206:1  208:1  209:4  210:1  211:1  213:1  214:1  215:1  217:1  223:1  224:2  228:1  229:1  230:1  231:1  233:1  235:1
12913.081347,75.770544,1424.521155
[PASSED]
[time 35.06 s, user 33.51 s, sys 1.40 s, maxrss 1364128 KB]
[busy 3601 jiffies]
[exit 0]
--- c2 case 0 rec 1   load 1.03 1.06 1.06
[TEST C2-FST]
Processing dataset...
Done!
Building trie...
trie size: 22.733012 MB
Done!
build time: 12349.228514 ms (1234.922851 ns per key)
space cost: 75.770544 MB (37.884660% of original size 200.003232 MB)
Querying trie...
Done!
total time: 14258.095236 ms, avg latency: 1425.809524 ns
topology: 13.082478 MB, link: 20.816256 MB, data: 41.871811 MB
--- Unary Path Analysis (FST, cutoff=4) ---
  shared unary steps in main trie: 9042618
  terminal suffixes: inplace=1798982 (avg len=2.14)  links=6599643 (78.6% of terminal)
  link len: avg=9.93  max=234  total_chars=65543603
  link length distribution (len:count):  4:783104  5:760158  6:695828  7:589022  8:475587  9:402890  10:359960  11:287809  12:252754  13:211229  14:291790  15:204192  16:188465  17:134915  18:119234  19:103940  20:94864  21:79457  22:68801  23:57526  24:51335  25:45253  26:43170  27:36068  28:31115  29:26944  30:23808  31:20749  32:18599  33:16316  34:14256  35:12616  36:11654  37:10097  38:8350  39:7410  40:6438  41:5768  42:5227  43:4358  44:3828  45:3564  46:3239  47:2673  48:2418  49:2015  50:1930  51:1676  52:1473  53:1343  54:1226  55:1070  56:979  57:898  58:769  59:736  60:626  61:563  62:597  63:542  64:428  65:419  66:401  67:383  68:320  69:311  70:276  71:263  72:227  73:216  74:189  75:189  76:152  77:176  78:161  79:141  80:122  81:127  82:110  83:97  84:90  85:90  86:88  87:88  88:62  89:58  90:57  91:55  92:60  93:54  94:47  95:39  96:52  97:43  98:41  99:43  100:34  101:29  102:20  103:25  104:38  105:22  106:19  107:21  108:27  109:17  110:17  111:15  112:20  113:20  114:14  115:18  116:19  117:10  118:15  119:19  120:13  121:11  122:5  123:13  124:11  125:8  126:8  127:8  128:10  129:12  130:6  131:9  132:1  133:8  134:7  135:4  136:6  137:4  138:7  139:6  140:3  141:3  142:1  143:5  144:3  145:5  146:2  147:3  148:3  149:8  150:6  151:3  152:5  153:5  154:4  155:5  156:4  157:2  158:2  159:3  160:6  162:6  163:1  164:1  165:3  166:3  167:6  168:2  169:1  170:1  171:3  172:1  173:1  174:3  175:1  176:1  177:2  178:2  179:4  180:1  182:1  184:2  185:1  188:2  189:1  191:1  193:4  194:1  195:1  198:3  199:2  200:1  201:1  204:3  205:2  206:1  208:1  209:4  210:1  211:1  213:1  214:1  215:1  217:1  223:1  224:2  228:1  229:1  230:1  231:1  233:1  235:1
12349.228514,75.770544,1425.809524
[PASSED]
[time 34.49 s, user 33.00 s, sys 1.35 s, maxrss 1338968 KB]
[busy 3540 jiffies]
[exit 0]
--- c2 case 0 rec 0   load 1.01 1.06 1.06
[TEST C2-FST]
Processing dataset...
Done!
Building trie...
Done!
build time: 10500.949598 ms (1050.094960 ns per key)
space cost: 86.858212 MB (43.428404% of original size 200.003232 MB)
Querying trie...
Done!
total time: 11811.103136 ms, avg latency: 1181.110314 ns
topology: 11.274200 MB, link: 21.160836 MB, data: 54.423176 MB
--- Unary Path Analysis (FST, cutoff=4) ---
  shared unary steps in main trie: 9042618
  terminal suffixes: inplace=1798982 (avg len=2.14)  links=6599643 (78.6% of terminal)
  link len: avg=9.93  max=234  total_chars=65543603
  link length distribution (len:count):  4:783104  5:760158  6:695828  7:589022  8:475587  9:402890  10:359960  11:287809  12:252754  13:211229  14:291790  15:204192  16:188465  17:134915  18:119234  19:103940  20:94864  21:79457  22:68801  23:57526  24:51335  25:45253  26:43170  27:36068  28:31115  29:26944  30:23808  31:20749  32:18599  33:16316  34:14256  35:12616  36:11654  37:10097  38:8350  39:7410  40:6438  41:5768  42:5227  43:4358  44:3828  45:3564  46:3239  47:2673  48:2418  49:2015  50:1930  51:1676  52:1473  53:1343  54:1226  55:1070  56:979  57:898  58:769  59:736  60:626  61:563  62:597  63:542  64:428  65:419  66:401  67:383  68:320  69:311  70:276  71:263  72:227  73:216  74:189  75:189  76:152  77:176  78:161  79:141  80:122  81:127  82:110  83:97  84:90  85:90  86:88  87:88  88:62  89:58  90:57  91:55  92:60  93:54  94:47  95:39  96:52  97:43  98:41  99:43  100:34  101:29  102:20  103:25  104:38  105:22  106:19  107:21  108:27  109:17  110:17  111:15  112:20  113:20  114:14  115:18  116:19  117:10  118:15  119:19  120:13  121:11  122:5  123:13  124:11  125:8  126:8  127:8  128:10  129:12  130:6  131:9  132:1  133:8  134:7  135:4  136:6  137:4  138:7  139:6  140:3  141:3  142:1  143:5  144:3  145:5  146:2  147:3  148:3  149:8  150:6  151:3  152:5  153:5  154:4  155:5  156:4  157:2  158:2  159:3  160:6  162:6  163:1  164:1  165:3  166:3  167:6  168:2  169:1  170:1  171:3  172:1  173:1  174:3  175:1  176:1  177:2  178:2  179:4  180:1  182:1  184:2  185:1  188:2  189:1  191:1  193:4  194:1  195:1  198:3  199:2  200:1  201:1  204:3  205:2  206:1  208:1  209:4  210:1  211:1  213:1  214:1  215:1  217:1  223:1  224:2  228:1  229:1  230:1  231:1  233:1  235:1
10500.949598,86.858212,1181.110314
[PASSED]
[time 30.20 s, user 28.65 s, sys 1.42 s, maxrss 1462452 KB]
[busy 3092 jiffies]
[exit 0]
--- lexindex string   load 1.01 1.05 1.06
10000000 keys
lexindex StringIndex: build 8126 ms, size 126.354 MiB (13.249 B/key), latency cold 811.8 ns, then mean 813.8 / min 812.2 ns
8125.572,126.354340,811.824
[time 46.94 s, user 45.92 s, sys 0.83 s, maxrss 1571648 KB]
[busy 4799 jiffies]
[exit 0]
--- lexindex dict1024   load 0.92 1.02 1.05
10000000 keys
lexindex DictIndex block 1024: build 2287 ms, size 52.239 MiB (5.478 B/key), latency cold 706.5 ns, then mean 704.5 / min 703.5 ns
2286.975,52.238668,706.520
[time 36.85 s, user 51.11 s, sys 1.19 s, maxrss 1697672 KB]
[busy 5359 jiffies]
[exit 0]
--- lexindex dict256   load 1.59 1.22 1.11
10000000 keys
lexindex DictIndex block 256: build 2326 ms, size 53.891 MiB (5.651 B/key), latency cold 695.3 ns, then mean 693.6 / min 690.9 ns
2325.946,53.891209,695.323
[time 36.49 s, user 51.12 s, sys 1.20 s, maxrss 1702188 KB]
[busy 5370 jiffies]
[exit 0]
--- lexindex dict32   load 1.30 1.19 1.10
10000000 keys
lexindex DictIndex block 32: build 2263 ms, size 58.395 MiB (6.123 B/key), latency cold 688.8 ns, then mean 742.2 / min 708.8 ns
2262.810,58.395205,688.816
[time 37.82 s, user 51.82 s, sys 1.20 s, maxrss 1711480 KB]
[busy 5832 jiffies]
[exit 0]

##### opaque-10000000 (10000000 lines, 170000000 bytes)   round 2/3   2026-09-20T14:50:33+03:00
--- xcdat 16   load 1.23 1.18 1.10
build time: 10689.375991 ms
space cost: 209.774417 MiB (137.477762% of original size 152.587891 MiB)
avg latency: 365.503824 ns
10689.375991,209.774417,365.503824
[time 24.35 s, user 22.39 s, sys 1.73 s, maxrss 1681688 KB]
[busy 2943 jiffies]
[exit 0]
--- xcdat 15   load 1.23 1.18 1.10
build time: 10620.781430 ms
space cost: 206.548369 MiB (135.363539% of original size 152.587891 MiB)
avg latency: 329.413200 ns
10620.781430,206.548369,329.413200
[time 23.16 s, user 21.37 s, sys 1.69 s, maxrss 1675700 KB]
[busy 2417 jiffies]
[exit 0]
--- xcdat 8   load 1.07 1.15 1.09
build time: 10410.519532 ms
space cost: 194.729631 MiB (127.618011% of original size 152.587891 MiB)
avg latency: 413.574689 ns
10410.519532,194.729631,413.574689
[time 23.66 s, user 21.92 s, sys 1.64 s, maxrss 1658972 KB]
[busy 2432 jiffies]
[exit 0]
--- xcdat 7   load 0.96 1.12 1.08
build time: 10222.246153 ms
space cost: 200.245496 MiB (131.232888% of original size 152.587891 MiB)
avg latency: 402.507597 ns
10222.246153,200.245496,402.507597
[time 23.36 s, user 21.60 s, sys 1.66 s, maxrss 1677772 KB]
[busy 2423 jiffies]
[exit 0]
--- c2 case 8 rec 0   load 0.97 1.11 1.08
[TEST CART]
Processing dataset...
Done!
Building trie...
Done!
build time: 1969.900118 ms (196.990012 ns per key)
space cost: 110.237770 MB (72.245425% of original size 152.587891 MB)
Querying trie...
Done!
total time: 3444.384481 ms, avg latency: 344.438448 ns
not implemented
1969.900118,110.237770,344.438448
[PASSED]
[time 14.51 s, user 13.39 s, sys 1.05 s, maxrss 1556952 KB]
[busy 1498 jiffies]
[exit 0]
--- c2 case 7 rec 0   load 0.90 1.09 1.07
[TEST ART]
Processing dataset...
Done!
Building trie...
Done!
build time: 1571.223044 ms (157.122304 ns per key)
space cost: 281.783142 MB (184.669400% of original size 152.587891 MB)
Querying trie...
Done!
total time: 2605.450660 ms, avg latency: 260.545066 ns
not implemented
1571.223044,281.783142,260.545066
[PASSED]
[time 13.34 s, user 12.15 s, sys 1.13 s, maxrss 1719032 KB]
[busy 1374 jiffies]
[exit 0]
--- c2 case 6 rec 0   load 0.92 1.08 1.07
[TEST PDT]
Processing dataset...
Done!
Building trie...
dict size: 177886, stream size: 123770486
Done!
build time: 115903.147150 ms (11590.314715 ns per key)
space cost: 130.971906 MB (85.833748% of original size 152.587891 MB)
Querying trie...
Done!
total time: 9213.433066 ms, avg latency: 921.343307 ns
not implemented
115903.147150,130.971906,921.343307
[PASSED]
[time 134.16 s, user 131.75 s, sys 1.89 s, maxrss 2153816 KB]
[busy 13781 jiffies]
[exit 0]
--- c2 case 5 rec 2   load 1.05 1.06 1.07
[TEST MARISA]
Processing dataset...
Done!
Building trie...
Done!
build time: 12693.724538 ms (1269.372454 ns per key)
space cost: 174.781183 MB (114.544596% of original size 152.587891 MB)
Querying trie...
Done!
total time: 30496.339406 ms, avg latency: 3049.633941 ns
not implemented
12693.724538,174.781183,3049.633941
[PASSED]
[time 52.20 s, user 49.89 s, sys 2.09 s, maxrss 1801860 KB]
[busy 5356 jiffies]
[exit 0]
--- c2 case 5 rec 1   load 1.02 1.05 1.06
[TEST MARISA]
Processing dataset...
Done!
Building trie...
Done!
build time: 9573.019465 ms (957.301946 ns per key)
space cost: 174.772559 MB (114.538944% of original size 152.587891 MB)
Querying trie...
Done!
total time: 19060.881058 ms, avg latency: 1906.088106 ns
not implemented
9573.019465,174.772559,1906.088106
[PASSED]
[time 37.63 s, user 35.59 s, sys 1.88 s, maxrss 1745936 KB]
[busy 3861 jiffies]
[exit 0]
--- c2 case 5 rec 0   load 1.01 1.04 1.06
[TEST MARISA]
Processing dataset...
Done!
Building trie...
Done!
build time: 6170.383153 ms (617.038315 ns per key)
space cost: 172.390432 MB (112.977794% of original size 152.587891 MB)
Querying trie...
Done!
total time: 9032.756295 ms, avg latency: 903.275630 ns
not implemented
6170.383153,172.390432,903.275630
[PASSED]
[time 24.22 s, user 22.53 s, sys 1.59 s, maxrss 1756472 KB]
[busy 2489 jiffies]
[exit 0]
--- c2 case 4 rec 0   skipped: exit 134 in round 1
--- c2 case 3 rec 0   load 1.00 1.04 1.05
[TEST FST]
Processing dataset...
Done!
Building trie...
Done!
build time: 8694.227837 ms (869.422784 ns per key)
space cost: 166.730864 MB (109.268739% of original size 152.587891 MB)
Querying trie...
Done!
total time: 5382.628859 ms, avg latency: 538.262886 ns
not implemented
8694.227837,166.730864,538.262886
[PASSED]
[time 23.18 s, user 21.95 s, sys 1.13 s, maxrss 1425192 KB]
[busy 2381 jiffies]
[exit 0]
--- c2 case 2 rec 2   load 1.00 1.03 1.05
[TEST C2-MARISA]
Processing dataset...
Done!
Building trie...
trie size: 18.021462 MB
trie size: 46.255407 MB
Done!
build time: 22077.467629 ms (2207.746763 ns per key)
space cost: 165.523580 MB (108.477533% of original size 152.587891 MB)
Querying trie...
Done!
total time: 5692.207895 ms, avg latency: 569.220790 ns
topology: 5.929127 MB, link: 32.190027 MB, data: 127.076301 MB
--- Unary Path Analysis (Marisa, cutoff=3) ---
  branches: 12335636  |  single-char: 2309593 (18.7%)  short-unary: 25639 (0.2%)  links: 10000404 (81.1%)
  link len: avg=12.54  max=13  total_chars=125417760
  link length distribution (len:count):  3:398  4:6  9:18  10:1442  11:92299  12:4394462  13:5511779
  short unary avg len: 2.00
22077.467629,165.523580,569.220790
[PASSED]
[time 36.85 s, user 34.42 s, sys 2.28 s, maxrss 2779072 KB]
[busy 3842 jiffies]
[exit 0]
--- c2 case 2 rec 1   load 1.00 1.03 1.05
[TEST C2-MARISA]
Processing dataset...
Done!
Building trie...
trie size: 18.021462 MB
trie size: 46.255407 MB
Done!
build time: 22311.514765 ms (2231.151477 ns per key)
space cost: 165.523580 MB (108.477533% of original size 152.587891 MB)
Querying trie...
Done!
total time: 5620.877353 ms, avg latency: 562.087735 ns
topology: 5.929127 MB, link: 32.190027 MB, data: 127.076301 MB
--- Unary Path Analysis (Marisa, cutoff=3) ---
  branches: 12335636  |  single-char: 2309593 (18.7%)  short-unary: 25639 (0.2%)  links: 10000404 (81.1%)
  link len: avg=12.54  max=13  total_chars=125417760
  link length distribution (len:count):  3:398  4:6  9:18  10:1442  11:92299  12:4394462  13:5511779
  short unary avg len: 2.00
22311.514765,165.523580,562.087735
[PASSED]
[time 37.10 s, user 34.61 s, sys 2.33 s, maxrss 2779184 KB]
[busy 3837 jiffies]
[exit 0]
--- c2 case 2 rec 0   load 1.04 1.04 1.05
[TEST C2-MARISA]
Processing dataset...
Done!
Building trie...
trie size: 18.021462 MB
Done!
build time: 11232.873492 ms (1123.287349 ns per key)
space cost: 165.523580 MB (108.477533% of original size 152.587891 MB)
Querying trie...
Done!
total time: 5589.843681 ms, avg latency: 558.984368 ns
topology: 5.929127 MB, link: 32.190027 MB, data: 127.076301 MB
--- Unary Path Analysis (Marisa, cutoff=3) ---
  branches: 12335636  |  single-char: 2309593 (18.7%)  short-unary: 25639 (0.2%)  links: 10000404 (81.1%)
  link len: avg=12.54  max=13  total_chars=125417760
  link length distribution (len:count):  3:398  4:6  9:18  10:1442  11:92299  12:4394462  13:5511779
  short unary avg len: 2.00
11232.873492,165.523580,558.984368
[PASSED]
[time 25.93 s, user 23.91 s, sys 1.91 s, maxrss 2276156 KB]
[busy 2668 jiffies]
[exit 0]
--- c2 case 1 rec 2   load 1.03 1.03 1.05
[TEST C2-CoCo(LOUDS-Sparse)]
Processing dataset...
Done!
Building trie...
trie size: 46.253762 MB
Done!
build time: 26330.294264 ms (2633.029426 ns per key)
space cost: 161.439246 MB (105.800824% of original size 152.587891 MB)
Querying trie...
Done!
total time: 7006.934238 ms, avg latency: 700.693424 ns
topology: 3.310211 MB, link: 34.003298 MB, data: 124.125737 MB
26330.294264,161.439246,700.693424
[PASSED]
[time 42.37 s, user 39.35 s, sys 2.84 s, maxrss 3790984 KB]
[busy 4381 jiffies]
[exit 0]
--- c2 case 1 rec 1   load 1.01 1.03 1.04
[TEST C2-CoCo(LOUDS-Sparse)]
Processing dataset...
Done!
Building trie...
trie size: 46.253762 MB
Done!
build time: 26261.903054 ms (2626.190305 ns per key)
space cost: 161.439246 MB (105.800824% of original size 152.587891 MB)
Querying trie...
Done!
total time: 7030.902539 ms, avg latency: 703.090254 ns
topology: 3.310211 MB, link: 34.003298 MB, data: 124.125737 MB
26261.903054,161.439246,703.090254
[PASSED]
[time 42.35 s, user 39.27 s, sys 2.90 s, maxrss 3791288 KB]
[busy 4358 jiffies]
[exit 0]
--- c2 case 1 rec 0   load 0.92 1.01 1.03
[TEST C2-CoCo(LOUDS-Sparse)]
Processing dataset...
Done!
Building trie...
Done!
build time: 15256.851033 ms (1525.685103 ns per key)
space cost: 161.439246 MB (105.800824% of original size 152.587891 MB)
Querying trie...
Done!
total time: 7018.383087 ms, avg latency: 701.838309 ns
topology: 3.310211 MB, link: 34.003298 MB, data: 124.125737 MB
15256.851033,161.439246,701.838309
[PASSED]
[time 31.34 s, user 28.75 s, sys 2.46 s, maxrss 3322348 KB]
[busy 3212 jiffies]
[exit 0]
--- c2 case 0 rec 2   load 0.95 1.00 1.03
[TEST C2-FST]
Processing dataset...
Done!
Building trie...
trie size: 46.253762 MB
Done!
build time: 23539.642460 ms (2353.964246 ns per key)
space cost: 168.524103 MB (110.443956% of original size 152.587891 MB)
Querying trie...
Done!
total time: 6839.124197 ms, avg latency: 683.912420 ns
topology: 7.322502 MB, link: 33.678872 MB, data: 127.522729 MB
--- Unary Path Analysis (FST, cutoff=4) ---
  shared unary steps in main trie: 26453
  terminal suffixes: inplace=0 (avg len=0.00)  links=10000000 (100.0% of terminal)
  link len: avg=10.54  max=11  total_chars=105416542
  link length distribution (len:count):  8:18  9:1442  10:92299  11:4394462  12:5511779
23539.642460,168.524103,683.912420
[PASSED]
[time 39.47 s, user 37.01 s, sys 2.29 s, maxrss 2822520 KB]
[busy 4093 jiffies]
[exit 0]
--- c2 case 0 rec 1   load 0.98 1.00 1.03
[TEST C2-FST]
Processing dataset...
Done!
Building trie...
trie size: 46.253762 MB
Done!
build time: 23496.716119 ms (2349.671612 ns per key)
space cost: 168.524103 MB (110.443956% of original size 152.587891 MB)
Querying trie...
Done!
total time: 6699.102502 ms, avg latency: 669.910250 ns
topology: 7.322502 MB, link: 33.678872 MB, data: 127.522729 MB
--- Unary Path Analysis (FST, cutoff=4) ---
  shared unary steps in main trie: 26453
  terminal suffixes: inplace=0 (avg len=0.00)  links=10000000 (100.0% of terminal)
  link len: avg=10.54  max=11  total_chars=105416542
  link length distribution (len:count):  8:18  9:1442  10:92299  11:4394462  12:5511779
23496.716119,168.524103,669.910250
[PASSED]
[time 39.30 s, user 36.85 s, sys 2.28 s, maxrss 2822740 KB]
[busy 4040 jiffies]
[exit 0]
--- c2 case 0 rec 0   load 0.99 1.00 1.02
[TEST C2-FST]
Processing dataset...
Done!
Building trie...
Done!
build time: 12503.733913 ms (1250.373391 ns per key)
space cost: 168.524103 MB (110.443956% of original size 152.587891 MB)
Querying trie...
Done!
total time: 6725.491484 ms, avg latency: 672.549148 ns
topology: 7.322502 MB, link: 33.678872 MB, data: 127.522729 MB
--- Unary Path Analysis (FST, cutoff=4) ---
  shared unary steps in main trie: 26453
  terminal suffixes: inplace=0 (avg len=0.00)  links=10000000 (100.0% of terminal)
  link len: avg=10.54  max=11  total_chars=105416542
  link length distribution (len:count):  8:18  9:1442  10:92299  11:4394462  12:5511779
12503.733913,168.524103,672.549148
[PASSED]
[time 28.37 s, user 26.39 s, sys 1.86 s, maxrss 2354044 KB]
[busy 2910 jiffies]
[exit 0]
--- lexindex string   load 1.00 1.00 1.02
10000000 keys
lexindex StringIndex: build 11214 ms, size 204.743 MiB (21.469 B/key), latency cold 595.3 ns, then mean 598.9 / min 597.6 ns
11214.286,204.742606,595.315
[time 40.92 s, user 39.95 s, sys 0.80 s, maxrss 1501136 KB]
[busy 4198 jiffies]
[exit 0]
--- lexindex dict1024   load 0.92 0.98 1.01
10000000 keys
lexindex DictIndex block 1024: build 1287 ms, size 94.924 MiB (9.953 B/key), latency cold 583.7 ns, then mean 584.8 / min 584.3 ns
1286.545,94.923699,583.735
[time 30.56 s, user 36.47 s, sys 1.90 s, maxrss 1404420 KB]
[busy 3946 jiffies]
[exit 0]
--- lexindex dict256   load 0.95 0.99 1.01
10000000 keys
lexindex DictIndex block 256: build 1302 ms, size 95.809 MiB (10.046 B/key), latency cold 578.4 ns, then mean 576.3 / min 576.3 ns
1301.789,95.808618,578.383
[time 30.29 s, user 36.34 s, sys 1.89 s, maxrss 1423596 KB]
[busy 3923 jiffies]
[exit 0]
--- lexindex dict32   load 0.97 0.99 1.00
10000000 keys
lexindex DictIndex block 32: build 1313 ms, size 98.166 MiB (10.293 B/key), latency cold 585.0 ns, then mean 579.2 / min 577.5 ns
1312.937,98.166037,584.967
[time 30.41 s, user 36.38 s, sys 2.01 s, maxrss 1420224 KB]
[busy 3949 jiffies]
[exit 0]

##### numeric-10000000 (10000000 lines, 78888890 bytes)   round 2/3   2026-09-20T15:05:08+03:00
--- xcdat 16   load 0.98 0.99 1.00
build time: 1847.754904 ms
space cost: 71.808467 MiB (109.301565% of original size 65.697565 MiB)
avg latency: 239.678583 ns
1847.754904,71.808467,239.678583
[time 8.17 s, user 7.41 s, sys 0.72 s, maxrss 784108 KB]
[busy 846 jiffies]
[exit 0]
--- xcdat 15   load 0.99 0.99 1.00
build time: 2078.407100 ms
space cost: 67.281871 MiB (102.411514% of original size 65.697565 MiB)
avg latency: 201.433585 ns
2078.407100,67.281871,201.433585
[time 7.98 s, user 7.20 s, sys 0.74 s, maxrss 775304 KB]
[busy 817 jiffies]
[exit 0]
--- xcdat 8   load 0.99 0.99 1.00
build time: 1799.800376 ms
space cost: 46.072033 MiB (70.127459% of original size 65.697565 MiB)
avg latency: 308.235558 ns
1799.800376,46.072033,308.235558
[time 8.80 s, user 8.00 s, sys 0.77 s, maxrss 731948 KB]
[busy 907 jiffies]
[exit 0]
--- xcdat 7   load 0.99 1.00 1.00
build time: 2787.454851 ms
space cost: 52.854505 MiB (80.451238% of original size 65.697565 MiB)
avg latency: 347.999555 ns
2787.454851,52.854505,347.999555
[time 10.15 s, user 9.38 s, sys 0.73 s, maxrss 747524 KB]
[busy 1046 jiffies]
[exit 0]
--- c2 case 8 rec 0   load 0.99 1.00 1.00
[TEST CART]
Processing dataset...
Done!
Building trie...
Done!
build time: 831.254478 ms (83.125448 ns per key)
space cost: 111.770621 MB (170.129016% of original size 65.697565 MB)
Querying trie...
Done!
total time: 2064.626206 ms, avg latency: 206.462621 ns
not implemented
831.254478,111.770621,206.462621
[PASSED]
[time 6.81 s, user 6.06 s, sys 0.72 s, maxrss 940440 KB]
[busy 707 jiffies]
[exit 0]
--- c2 case 7 rec 0   load 1.00 1.00 1.00
[TEST ART]
Processing dataset...
Done!
Building trie...
Done!
build time: 657.340490 ms (65.734049 ns per key)
space cost: 200.653076 MB (305.419350% of original size 65.697565 MB)
Querying trie...
Done!
total time: 1476.559225 ms, avg latency: 147.655923 ns
not implemented
657.340490,200.653076,147.655923
[PASSED]
[time 6.06 s, user 5.29 s, sys 0.74 s, maxrss 924580 KB]
[busy 627 jiffies]
[exit 0]
--- c2 case 6 rec 0   load 1.00 1.00 1.00
[TEST PDT]
Processing dataset...
Done!
Building trie...
dict size: 130, stream size: 2965758
Done!
build time: 1238.769874 ms (123.876987 ns per key)
space cost: 15.594018 MB (23.736067% of original size 65.697565 MB)
Querying trie...
Done!
total time: 6464.298213 ms, avg latency: 646.429821 ns
not implemented
1238.769874,15.594018,646.429821
[PASSED]
[time 11.58 s, user 10.84 s, sys 0.69 s, maxrss 687936 KB]
[busy 1190 jiffies]
[exit 0]
--- c2 case 5 rec 2   load 1.00 1.00 1.00
[TEST MARISA]
Processing dataset...
Done!
Building trie...
Done!
build time: 1674.554328 ms (167.455433 ns per key)
space cost: 15.797803 MB (24.046253% of original size 65.697565 MB)
Querying trie...
Done!
total time: 2608.593134 ms, avg latency: 260.859313 ns
not implemented
1674.554328,15.797803,260.859313
[PASSED]
[time 8.17 s, user 7.32 s, sys 0.81 s, maxrss 977824 KB]
[busy 843 jiffies]
[exit 0]
--- c2 case 5 rec 1   load 0.92 0.98 0.99
[TEST MARISA]
Processing dataset...
Done!
Building trie...
Done!
build time: 1689.850057 ms (168.985006 ns per key)
space cost: 15.797803 MB (24.046253% of original size 65.697565 MB)
Querying trie...
Done!
total time: 2573.616209 ms, avg latency: 257.361621 ns
not implemented
1689.850057,15.797803,257.361621
[PASSED]
[time 8.20 s, user 7.35 s, sys 0.81 s, maxrss 977680 KB]
[busy 847 jiffies]
[exit 0]
--- c2 case 5 rec 0   load 0.92 0.98 1.00
[TEST MARISA]
Processing dataset...
Done!
Building trie...
Done!
build time: 1689.976025 ms (168.997602 ns per key)
space cost: 15.797803 MB (24.046253% of original size 65.697565 MB)
Querying trie...
Done!
total time: 2574.976406 ms, avg latency: 257.497641 ns
not implemented
1689.976025,15.797803,257.497641
[PASSED]
[time 8.21 s, user 7.37 s, sys 0.80 s, maxrss 977936 KB]
[busy 845 jiffies]
[exit 0]
--- c2 case 4 rec 0   load 0.94 0.98 1.00
[TEST COCO]
Processing dataset...
Done!
Building trie...
num nodes = 90001, average depth = 1.000033
ef = 0.000000, pa = 0.000000, bv = 0.000011, de = 0.999989
efr = 0.000000, par = 0.000000, bvr = 0.000000, der = 0.000000
Done!
build time: 7202.435954 ms (720.243595 ns per key)
space cost: 4.854946 MB (7.389841% of original size 65.697565 MB)
Querying trie...
Done!
total time: 2950.633640 ms, avg latency: 295.063364 ns
not implemented
7202.435954,4.854946,295.063364
[PASSED]
[time 14.23 s, user 11.86 s, sys 2.31 s, maxrss 4905716 KB]
[busy 1466 jiffies]
[exit 0]
--- c2 case 3 rec 0   load 0.95 0.99 1.00
[TEST FST]
Processing dataset...
Done!
Building trie...
Done!
build time: 2547.198984 ms (254.719898 ns per key)
space cost: 14.447110 MB (21.990328% of original size 65.697565 MB)
Querying trie...
Done!
total time: 3611.964512 ms, avg latency: 361.196451 ns
not implemented
2547.198984,14.447110,361.196451
[PASSED]
[time 10.04 s, user 9.32 s, sys 0.68 s, maxrss 661656 KB]
[busy 1034 jiffies]
[exit 0]
--- c2 case 2 rec 2   skipped: exit 139 in round 1
--- c2 case 2 rec 1   skipped: exit 139 in round 1
--- c2 case 2 rec 0   skipped: exit 139 in round 1
--- c2 case 1 rec 2   skipped: exit 139 in round 1
--- c2 case 1 rec 1   skipped: exit 139 in round 1
--- c2 case 1 rec 0   skipped: exit 139 in round 1
--- c2 case 0 rec 2   skipped: exit 139 in round 1
--- c2 case 0 rec 1   skipped: exit 139 in round 1
--- c2 case 0 rec 0   skipped: exit 139 in round 1
--- lexindex string   load 0.96 0.99 1.00
10000000 keys
lexindex StringIndex: build 1840 ms, size 0.000 MiB (0.000 B/key), latency cold 135.2 ns, then mean 136.0 / min 135.8 ns
1839.552,0.000340,135.240
[time 12.89 s, user 12.28 s, sys 0.56 s, maxrss 1125296 KB]
[busy 1329 jiffies]
[exit 0]
--- lexindex dict1024   load 0.97 0.99 1.00
10000000 keys
lexindex DictIndex block 1024: build 865 ms, size 8.762 MiB (0.919 B/key), latency cold 351.9 ns, then mean 348.9 / min 347.9 ns
865.225,8.762317,351.888
[time 20.52 s, user 22.93 s, sys 0.78 s, maxrss 1155908 KB]
[busy 2442 jiffies]
[exit 0]
--- lexindex dict256   load 0.90 0.97 0.99
10000000 keys
lexindex DictIndex block 256: build 887 ms, size 9.685 MiB (1.016 B/key), latency cold 340.2 ns, then mean 339.2 / min 338.3 ns
887.237,9.685040,340.243
[time 20.13 s, user 22.67 s, sys 0.81 s, maxrss 1158304 KB]
[busy 2423 jiffies]
[exit 0]
--- lexindex dict32   load 0.93 0.98 1.00
10000000 keys
lexindex DictIndex block 32: build 889 ms, size 11.972 MiB (1.255 B/key), latency cold 364.9 ns, then mean 365.1 / min 364.3 ns
888.691,11.971594,364.902
[time 21.15 s, user 23.60 s, sys 0.77 s, maxrss 1167508 KB]
[busy 2508 jiffies]
[exit 0]

##### dna-10000000 (10000000 lines, 250000000 bytes)   round 2/3   2026-09-20T15:08:27+03:00
--- xcdat 16   load 1.03 0.99 1.00
build time: 10463.445052 ms
space cost: 157.761472 MiB (68.927039% of original size 228.881836 MiB)
avg latency: 583.763687 ns
10463.445052,157.761472,583.763687
[time 25.57 s, user 23.76 s, sys 1.71 s, maxrss 1727940 KB]
[busy 2627 jiffies]
[exit 0]
--- xcdat 15   load 0.94 0.98 1.00
build time: 10673.129646 ms
space cost: 152.576344 MiB (66.661622% of original size 228.881836 MiB)
avg latency: 557.069071 ns
10673.129646,152.576344,557.069071
[time 25.58 s, user 23.75 s, sys 1.72 s, maxrss 1722452 KB]
[busy 2630 jiffies]
[exit 0]
--- xcdat 8   load 0.96 0.98 1.00
build time: 10398.011439 ms
space cost: 135.305025 MiB (59.115668% of original size 228.881836 MiB)
avg latency: 662.508302 ns
10398.011439,135.305025,662.508302
[time 26.30 s, user 24.53 s, sys 1.65 s, maxrss 1704820 KB]
[busy 2713 jiffies]
[exit 0]
--- xcdat 7   load 0.97 0.98 1.00
build time: 10810.527246 ms
space cost: 136.369071 MiB (59.580556% of original size 228.881836 MiB)
avg latency: 684.002431 ns
10810.527246,136.369071,684.002431
[time 26.99 s, user 25.23 s, sys 1.64 s, maxrss 1705776 KB]
[busy 2778 jiffies]
[exit 0]
--- c2 case 8 rec 0   load 1.05 1.00 1.00
[TEST CART]
Processing dataset...
Done!
Building trie...
Done!
build time: 2766.393293 ms (276.639329 ns per key)
space cost: 156.509016 MB (68.379833% of original size 228.881836 MB)
Querying trie...
Done!
total time: 7278.580870 ms, avg latency: 727.858087 ns
not implemented
2766.393293,156.509016,727.858087
[PASSED]
[time 19.56 s, user 18.17 s, sys 1.31 s, maxrss 2102476 KB]
[busy 2007 jiffies]
[exit 0]
--- c2 case 7 rec 0   load 1.03 1.00 1.00
[TEST ART]
Processing dataset...
Done!
Building trie...
Done!
build time: 2195.339902 ms (219.533990 ns per key)
space cost: 332.784225 MB (145.395647% of original size 228.881836 MB)
Querying trie...
Done!
total time: 5948.760062 ms, avg latency: 594.876006 ns
not implemented
2195.339902,332.784225,594.876006
[PASSED]
[time 18.06 s, user 16.63 s, sys 1.35 s, maxrss 2190440 KB]
[busy 2030 jiffies]
[exit 0]
--- c2 case 6 rec 0   load 1.02 1.00 1.00
[TEST PDT]
Processing dataset...
Done!
Building trie...
dict size: 151384, stream size: 57071972
Done!
build time: 27448.187154 ms (2744.818715 ns per key)
space cost: 67.337972 MB (29.420409% of original size 228.881836 MB)
Querying trie...
Done!
total time: 16601.231707 ms, avg latency: 1660.123171 ns
not implemented
27448.187154,67.337972,1660.123171
[PASSED]
[time 53.81 s, user 51.58 s, sys 1.98 s, maxrss 1637240 KB]
[busy 7769 jiffies]
[exit 0]
--- c2 case 5 rec 2   load 1.53 1.15 1.05
[TEST MARISA]
Processing dataset...
Done!
Building trie...
Done!
build time: 10382.326648 ms (1038.232665 ns per key)
space cost: 64.374021 MB (28.125439% of original size 228.881836 MB)
Querying trie...
Done!
total time: 15385.496108 ms, avg latency: 1538.549611 ns
not implemented
10382.326648,64.374021,1538.549611
[PASSED]
[time 36.97 s, user 35.02 s, sys 1.78 s, maxrss 1910616 KB]
[busy 4756 jiffies]
[exit 0]
--- c2 case 5 rec 1   load 1.30 1.15 1.05
[TEST MARISA]
Processing dataset...
Done!
Building trie...
Done!
build time: 10249.545425 ms (1024.954542 ns per key)
space cost: 65.397814 MB (28.572741% of original size 228.881836 MB)
Querying trie...
Done!
total time: 14410.167736 ms, avg latency: 1441.016774 ns
not implemented
10249.545425,65.397814,1441.016774
[PASSED]
[time 34.61 s, user 32.42 s, sys 1.78 s, maxrss 1910360 KB]
[busy 4297 jiffies]
[exit 0]
--- c2 case 5 rec 0   load 1.30 1.18 1.07
[TEST MARISA]
Processing dataset...
Done!
Building trie...
Done!
build time: 7970.293358 ms (797.029336 ns per key)
space cost: 147.956710 MB (64.643273% of original size 228.881836 MB)
Querying trie...
Done!
total time: 9909.751742 ms, avg latency: 990.975174 ns
not implemented
7970.293358,147.956710,990.975174
[PASSED]
[time 27.38 s, user 25.59 s, sys 1.67 s, maxrss 1989436 KB]
[busy 3185 jiffies]
[exit 0]
--- c2 case 4 rec 0   skipped: exit 134 in round 1
--- c2 case 3 rec 0   load 1.27 1.18 1.07
[TEST FST]
Processing dataset...
Done!
Building trie...
Done!
build time: 11986.923910 ms (1198.692391 ns per key)
space cost: 119.365768 MB (52.151700% of original size 228.881836 MB)
Querying trie...
Done!
total time: 8523.639135 ms, avg latency: 852.363913 ns
not implemented
11986.923910,119.365768,852.363913
[PASSED]
[time 30.01 s, user 28.60 s, sys 1.28 s, maxrss 1689128 KB]
[busy 3101 jiffies]
[exit 0]
--- c2 case 2 rec 2   skipped: exit 139 in round 1
--- c2 case 2 rec 1   load 1.07 1.14 1.06
[TEST C2-MARISA]
Processing dataset...
Done!
Building trie...
trie size: 24.434970 MB
trie size: 47.886275 MB
Done!
build time: 17277.311000 ms (1727.731100 ns per key)
space cost: 72.352404 MB (31.611248% of original size 228.881836 MB)
Querying trie...
Done!
total time: 9910.896203 ms, avg latency: 991.089620 ns
topology: 14.325905 MB, link: 29.140208 MB, data: 28.558166 MB
--- Unary Path Analysis (Marisa, cutoff=3) ---
  branches: 16819022  |  single-char: 6056704 (36.0%)  short-unary: 587781 (3.5%)  links: 10174537 (60.5%)
  link len: avg=12.30  max=15  total_chars=125137286
  link length distribution (len:count):  3:131739  4:32131  5:8322  6:3155  7:4877  8:17889  9:69612  10:272566  11:1019074  12:3104051  13:4591242  14:919171  15:708
  short unary avg len: 2.00
17277.311000,72.352404,991.089620
[PASSED]
[time 36.59 s, user 34.77 s, sys 1.67 s, maxrss 1667076 KB]
[busy 3745 jiffies]
[exit 0]
--- c2 case 2 rec 0   load 1.04 1.12 1.06
[TEST C2-MARISA]
Processing dataset...
Done!
Building trie...
trie size: 24.434970 MB
Done!
build time: 15255.135656 ms (1525.513566 ns per key)
space cost: 95.269694 MB (41.623965% of original size 228.881836 MB)
Querying trie...
Done!
total time: 6901.839568 ms, avg latency: 690.183957 ns
topology: 8.066944 MB, link: 31.537600 MB, data: 55.337026 MB
--- Unary Path Analysis (Marisa, cutoff=3) ---
  branches: 16819022  |  single-char: 6056704 (36.0%)  short-unary: 587781 (3.5%)  links: 10174537 (60.5%)
  link len: avg=12.30  max=15  total_chars=125137286
  link length distribution (len:count):  3:131739  4:32131  5:8322  6:3155  7:4877  8:17889  9:69612  10:272566  11:1019074  12:3104051  13:4591242  14:919171  15:708
  short unary avg len: 2.00
15255.135656,95.269694,690.183957
[PASSED]
[time 31.63 s, user 29.59 s, sys 1.91 s, maxrss 2244592 KB]
[busy 3238 jiffies]
[exit 0]
--- c2 case 1 rec 2   skipped: exit 139 in round 1
--- c2 case 1 rec 1   load 0.94 1.09 1.05
[TEST C2-CoCo(LOUDS-Sparse)]
Processing dataset...
Done!
Building trie...
trie size: 37.777167 MB
Done!
build time: 23524.110821 ms (2352.411082 ns per key)
space cost: 57.044919 MB (24.923306% of original size 228.881836 MB)
Querying trie...
Done!
total time: 9177.097257 ms, avg latency: 917.709726 ns
topology: 6.873493 MB, link: 30.304507 MB, data: 19.866919 MB
23524.110821,57.044919,917.709726
[PASSED]
[time 42.17 s, user 39.45 s, sys 2.54 s, maxrss 3069148 KB]
[busy 4318 jiffies]
[exit 0]
--- c2 case 1 rec 0   load 0.97 1.08 1.05
[TEST C2-CoCo(LOUDS-Sparse)]
Processing dataset...
Done!
Building trie...
Done!
build time: 22083.437940 ms (2208.343794 ns per key)
space cost: 72.822873 MB (31.816798% of original size 228.881836 MB)
Querying trie...
Done!
total time: 7607.172007 ms, avg latency: 760.717201 ns
topology: 3.420319 MB, link: 32.688608 MB, data: 36.713946 MB
22083.437940,72.822873,760.717201
[PASSED]
[time 39.17 s, user 36.44 s, sys 2.57 s, maxrss 3400352 KB]
[busy 4019 jiffies]
[exit 0]
--- c2 case 0 rec 2   skipped: exit 139 in round 1
--- c2 case 0 rec 1   load 0.99 1.07 1.04
[TEST C2-FST]
Processing dataset...
Done!
Building trie...
trie size: 37.777167 MB
Done!
build time: 16957.197418 ms (1695.719742 ns per key)
space cost: 74.159266 MB (32.400678% of original size 228.881836 MB)
Querying trie...
Done!
total time: 10660.214399 ms, avg latency: 1066.021440 ns
topology: 12.378445 MB, link: 28.910372 MB, data: 32.870449 MB
--- Unary Path Analysis (FST, cutoff=4) ---
  shared unary steps in main trie: 994037
  terminal suffixes: inplace=72 (avg len=2.67)  links=9999928 (100.0% of terminal)
  link len: avg=10.46  max=13  total_chars=104556373
  link length distribution (len:count):  4:308  5:1114  6:4343  7:17785  8:69577  9:272560  10:1019069  11:3104051  12:4591242  13:919171  14:708
16957.197418,74.159266,1066.021440
[PASSED]
[time 37.02 s, user 35.20 s, sys 1.66 s, maxrss 1758296 KB]
[busy 3801 jiffies]
[exit 0]
--- c2 case 0 rec 0   load 0.99 1.06 1.04
[TEST C2-FST]
Processing dataset...
Done!
Building trie...
Done!
build time: 15638.131285 ms (1563.813128 ns per key)
space cost: 89.937219 MB (39.294170% of original size 228.881836 MB)
Querying trie...
Done!
total time: 7831.916257 ms, avg latency: 783.191626 ns
topology: 8.925270 MB, link: 31.294473 MB, data: 49.717476 MB
--- Unary Path Analysis (FST, cutoff=4) ---
  shared unary steps in main trie: 994037
  terminal suffixes: inplace=72 (avg len=2.67)  links=9999928 (100.0% of terminal)
  link len: avg=10.46  max=13  total_chars=104556373
  link length distribution (len:count):  4:308  5:1114  6:4343  7:17785  8:69577  9:272560  10:1019069  11:3104051  12:4591242  13:919171  14:708
15638.131285,89.937219,783.191626
[PASSED]
[time 32.92 s, user 30.90 s, sys 1.88 s, maxrss 2128076 KB]
[busy 3384 jiffies]
[exit 0]
--- lexindex string   load 0.92 1.03 1.03
10000000 keys
lexindex StringIndex: build 9954 ms, size 152.422 MiB (15.983 B/key), latency cold 794.6 ns, then mean 790.3 / min 786.5 ns
9953.645,152.421832,794.645
[time 47.67 s, user 46.63 s, sys 0.84 s, maxrss 1603176 KB]
[busy 4889 jiffies]
[exit 0]
--- lexindex dict1024   load 0.96 1.03 1.03
10000000 keys
lexindex DictIndex block 1024: build 1052 ms, size 36.361 MiB (3.813 B/key), latency cold 518.4 ns, then mean 517.5 / min 517.3 ns
1052.032,36.360937,518.363
[time 27.95 s, user 32.32 s, sys 0.99 s, maxrss 1520708 KB]
[busy 3425 jiffies]
[exit 0]
--- lexindex dict256   load 0.98 1.02 1.02
10000000 keys
lexindex DictIndex block 256: build 1067 ms, size 37.650 MiB (3.948 B/key), latency cold 535.8 ns, then mean 535.1 / min 534.1 ns
1066.934,37.650213,535.756
[time 28.66 s, user 33.17 s, sys 0.94 s, maxrss 1515244 KB]
[busy 3510 jiffies]
[exit 0]
--- lexindex dict32   load 0.99 1.02 1.02
10000000 keys
lexindex DictIndex block 32: build 1074 ms, size 43.682 MiB (4.580 B/key), latency cold 623.9 ns, then mean 624.1 / min 623.0 ns
1074.009,43.681956,623.933
[time 32.20 s, user 36.59 s, sys 1.00 s, maxrss 1524060 KB]
[busy 3877 jiffies]
[exit 0]

##### dna-10000000 (10000000 lines, 250000000 bytes)   round 3/3   2026-09-20T15:20:09+03:00
--- lexindex dict32   load 1.00 1.02 1.02
10000000 keys
lexindex DictIndex block 32: build 1069 ms, size 43.682 MiB (4.580 B/key), latency cold 618.7 ns, then mean 615.8 / min 615.7 ns
1068.898,43.681956,618.708
[time 31.89 s, user 36.29 s, sys 0.99 s, maxrss 1527344 KB]
[busy 3839 jiffies]
[exit 0]
--- lexindex dict256   load 1.00 1.01 1.01
10000000 keys
lexindex DictIndex block 256: build 1067 ms, size 37.650 MiB (3.948 B/key), latency cold 527.9 ns, then mean 527.0 / min 526.4 ns
1066.597,37.650213,527.862
[time 28.31 s, user 32.83 s, sys 0.96 s, maxrss 1518132 KB]
[busy 3479 jiffies]
[exit 0]
--- lexindex dict1024   load 1.00 1.01 1.01
10000000 keys
lexindex DictIndex block 1024: build 1047 ms, size 36.361 MiB (3.813 B/key), latency cold 526.3 ns, then mean 525.2 / min 524.8 ns
1047.123,36.360937,526.312
[time 28.22 s, user 32.53 s, sys 0.98 s, maxrss 1517420 KB]
[busy 3445 jiffies]
[exit 0]
--- lexindex string   load 1.00 1.01 1.01
10000000 keys
lexindex StringIndex: build 10150 ms, size 152.422 MiB (15.983 B/key), latency cold 831.5 ns, then mean 835.1 / min 831.2 ns
10150.300,152.421832,831.545
[time 49.58 s, user 48.55 s, sys 0.84 s, maxrss 1603584 KB]
[busy 5087 jiffies]
[exit 0]
--- c2 case 0 rec 0   load 1.00 1.00 1.00
[TEST C2-FST]
Processing dataset...
Done!
Building trie...
Done!
build time: 15637.599655 ms (1563.759965 ns per key)
space cost: 89.937219 MB (39.294170% of original size 228.881836 MB)
Querying trie...
Done!
total time: 7767.122246 ms, avg latency: 776.712225 ns
topology: 8.925270 MB, link: 31.294473 MB, data: 49.717476 MB
--- Unary Path Analysis (FST, cutoff=4) ---
  shared unary steps in main trie: 994037
  terminal suffixes: inplace=72 (avg len=2.67)  links=9999928 (100.0% of terminal)
  link len: avg=10.46  max=13  total_chars=104556373
  link length distribution (len:count):  4:308  5:1114  6:4343  7:17785  8:69577  9:272560  10:1019069  11:3104051  12:4591242  13:919171  14:708
15637.599655,89.937219,776.712225
[PASSED]
[time 32.77 s, user 30.72 s, sys 1.91 s, maxrss 2128172 KB]
[busy 3358 jiffies]
[exit 0]
--- c2 case 0 rec 1   load 1.00 1.00 1.00
[TEST C2-FST]
Processing dataset...
Done!
Building trie...
trie size: 37.777167 MB
Done!
build time: 16995.820336 ms (1699.582034 ns per key)
space cost: 74.159266 MB (32.400678% of original size 228.881836 MB)
Querying trie...
Done!
total time: 10630.048118 ms, avg latency: 1063.004812 ns
topology: 12.378445 MB, link: 28.910372 MB, data: 32.870449 MB
--- Unary Path Analysis (FST, cutoff=4) ---
  shared unary steps in main trie: 994037
  terminal suffixes: inplace=72 (avg len=2.67)  links=9999928 (100.0% of terminal)
  link len: avg=10.46  max=13  total_chars=104556373
  link length distribution (len:count):  4:308  5:1114  6:4343  7:17785  8:69577  9:272560  10:1019069  11:3104051  12:4591242  13:919171  14:708
16995.820336,74.159266,1063.004812
[PASSED]
[time 37.09 s, user 35.24 s, sys 1.70 s, maxrss 1758536 KB]
[busy 3805 jiffies]
[exit 0]
--- c2 case 0 rec 2   skipped: exit 139 in round 1
--- c2 case 1 rec 0   load 0.92 0.98 0.99
[TEST C2-CoCo(LOUDS-Sparse)]
Processing dataset...
Done!
Building trie...
Done!
build time: 22160.339258 ms (2216.033926 ns per key)
space cost: 72.822873 MB (31.816798% of original size 228.881836 MB)
Querying trie...
Done!
total time: 7537.220552 ms, avg latency: 753.722055 ns
topology: 3.420319 MB, link: 32.688608 MB, data: 36.713946 MB
22160.339258,72.822873,753.722055
[PASSED]
[time 39.09 s, user 36.39 s, sys 2.53 s, maxrss 3400332 KB]
[busy 4003 jiffies]
[exit 0]
--- c2 case 1 rec 1   load 0.88 0.97 0.99
[TEST C2-CoCo(LOUDS-Sparse)]
Processing dataset...
Done!
Building trie...
trie size: 37.777167 MB
Done!
build time: 23517.496399 ms (2351.749640 ns per key)
space cost: 57.044919 MB (24.923306% of original size 228.881836 MB)
Querying trie...
Done!
total time: 9244.497556 ms, avg latency: 924.449756 ns
topology: 6.873493 MB, link: 30.304507 MB, data: 19.866919 MB
23517.496399,57.044919,924.449756
[PASSED]
[time 42.18 s, user 39.50 s, sys 2.51 s, maxrss 3069372 KB]
[busy 4321 jiffies]
[exit 0]
--- c2 case 1 rec 2   skipped: exit 139 in round 1
--- c2 case 2 rec 0   load 0.94 0.97 1.00
[TEST C2-MARISA]
Processing dataset...
Done!
Building trie...
trie size: 24.434970 MB
Done!
build time: 15230.878522 ms (1523.087852 ns per key)
space cost: 95.269694 MB (41.623965% of original size 228.881836 MB)
Querying trie...
Done!
total time: 6908.127567 ms, avg latency: 690.812757 ns
topology: 8.066944 MB, link: 31.537600 MB, data: 55.337026 MB
--- Unary Path Analysis (Marisa, cutoff=3) ---
  branches: 16819022  |  single-char: 6056704 (36.0%)  short-unary: 587781 (3.5%)  links: 10174537 (60.5%)
  link len: avg=12.30  max=15  total_chars=125137286
  link length distribution (len:count):  3:131739  4:32131  5:8322  6:3155  7:4877  8:17889  9:69612  10:272566  11:1019074  12:3104051  13:4591242  14:919171  15:708
  short unary avg len: 2.00
15230.878522,95.269694,690.812757
[PASSED]
[time 31.58 s, user 29.50 s, sys 1.94 s, maxrss 2244592 KB]
[busy 3237 jiffies]
[exit 0]
--- c2 case 2 rec 1   load 0.97 0.98 1.00
[TEST C2-MARISA]
Processing dataset...
Done!
Building trie...
trie size: 24.434970 MB
trie size: 47.886275 MB
Done!
build time: 17300.882215 ms (1730.088221 ns per key)
space cost: 72.352404 MB (31.611248% of original size 228.881836 MB)
Querying trie...
Done!
total time: 9966.388009 ms, avg latency: 996.638801 ns
topology: 14.325905 MB, link: 29.140208 MB, data: 28.558166 MB
--- Unary Path Analysis (Marisa, cutoff=3) ---
  branches: 16819022  |  single-char: 6056704 (36.0%)  short-unary: 587781 (3.5%)  links: 10174537 (60.5%)
  link len: avg=12.30  max=15  total_chars=125137286
  link length distribution (len:count):  3:131739  4:32131  5:8322  6:3155  7:4877  8:17889  9:69612  10:272566  11:1019074  12:3104051  13:4591242  14:919171  15:708
  short unary avg len: 2.00
17300.882215,72.352404,996.638801
[PASSED]
[time 36.66 s, user 34.84 s, sys 1.66 s, maxrss 1666740 KB]
[busy 3760 jiffies]
[exit 0]
--- c2 case 2 rec 2   skipped: exit 139 in round 1
--- c2 case 3 rec 0   load 0.98 0.98 1.00
[TEST FST]
Processing dataset...
Done!
Building trie...
Done!
build time: 11970.825210 ms (1197.082521 ns per key)
space cost: 119.365768 MB (52.151700% of original size 228.881836 MB)
Querying trie...
Done!
total time: 8528.714263 ms, avg latency: 852.871426 ns
not implemented
11970.825210,119.365768,852.871426
[PASSED]
[time 29.93 s, user 28.57 s, sys 1.24 s, maxrss 1688904 KB]
[busy 3067 jiffies]
[exit 0]
--- c2 case 4 rec 0   skipped: exit 134 in round 1
--- c2 case 5 rec 0   load 0.99 0.98 1.00
[TEST MARISA]
Processing dataset...
Done!
Building trie...
Done!
build time: 7763.675177 ms (776.367518 ns per key)
space cost: 147.956710 MB (64.643273% of original size 228.881836 MB)
Querying trie...
Done!
total time: 8896.613145 ms, avg latency: 889.661315 ns
not implemented
7763.675177,147.956710,889.661315
[PASSED]
[time 25.92 s, user 24.22 s, sys 1.59 s, maxrss 1989220 KB]
[busy 2665 jiffies]
[exit 0]
--- c2 case 5 rec 1   load 1.00 0.99 1.00
[TEST MARISA]
Processing dataset...
Done!
Building trie...
Done!
build time: 9721.389789 ms (972.138979 ns per key)
space cost: 65.397814 MB (28.572741% of original size 228.881836 MB)
Querying trie...
Done!
total time: 13180.221482 ms, avg latency: 1318.022148 ns
not implemented
9721.389789,65.397814,1318.022148
[PASSED]
[time 32.20 s, user 30.38 s, sys 1.68 s, maxrss 1910460 KB]
[busy 3306 jiffies]
[exit 0]
--- c2 case 5 rec 2   load 1.00 0.99 1.00
[TEST MARISA]
Processing dataset...
Done!
Building trie...
Done!
build time: 9713.879490 ms (971.387949 ns per key)
space cost: 64.374021 MB (28.125439% of original size 228.881836 MB)
Querying trie...
Done!
total time: 13645.472793 ms, avg latency: 1364.547279 ns
not implemented
9713.879490,64.374021,1364.547279
[PASSED]
[time 32.66 s, user 30.86 s, sys 1.66 s, maxrss 1910320 KB]
[busy 3352 jiffies]
[exit 0]
--- c2 case 6 rec 0   load 1.14 1.03 1.01
[TEST PDT]
Processing dataset...
Done!
Building trie...
dict size: 151384, stream size: 57071972
Done!
build time: 24990.752586 ms (2499.075259 ns per key)
space cost: 67.337972 MB (29.420409% of original size 228.881836 MB)
Querying trie...
Done!
total time: 14178.845978 ms, avg latency: 1417.884598 ns
not implemented
24990.752586,67.337972,1417.884598
[PASSED]
[time 48.65 s, user 46.56 s, sys 1.90 s, maxrss 1637148 KB]
[busy 4978 jiffies]
[exit 0]
--- c2 case 7 rec 0   load 1.06 1.03 1.01
[TEST ART]
Processing dataset...
Done!
Building trie...
Done!
build time: 2191.929963 ms (219.192996 ns per key)
space cost: 332.784225 MB (145.395647% of original size 228.881836 MB)
Querying trie...
Done!
total time: 5945.427006 ms, avg latency: 594.542701 ns
not implemented
2191.929963,332.784225,594.542701
[PASSED]
[time 17.67 s, user 16.23 s, sys 1.37 s, maxrss 2190092 KB]
[busy 1822 jiffies]
[exit 0]
--- c2 case 8 rec 0   load 1.11 1.04 1.01
[TEST CART]
Processing dataset...
Done!
Building trie...
Done!
build time: 2761.264563 ms (276.126456 ns per key)
space cost: 156.509016 MB (68.379833% of original size 228.881836 MB)
Querying trie...
Done!
total time: 7522.042022 ms, avg latency: 752.204202 ns
not implemented
2761.264563,156.509016,752.204202
[PASSED]
[time 19.77 s, user 18.42 s, sys 1.27 s, maxrss 2102488 KB]
[busy 2042 jiffies]
[exit 0]
--- xcdat 7   load 1.08 1.04 1.01
build time: 10805.408213 ms
space cost: 136.369071 MiB (59.580556% of original size 228.881836 MiB)
avg latency: 686.575039 ns
10805.408213,136.369071,686.575039
[time 26.97 s, user 25.21 s, sys 1.64 s, maxrss 1705684 KB]
[busy 2775 jiffies]
[exit 0]
--- xcdat 8   load 0.97 1.01 1.00
build time: 10404.237662 ms
space cost: 135.305025 MiB (59.115668% of original size 228.881836 MiB)
avg latency: 663.746809 ns
10404.237662,135.305025,663.746809
[time 26.30 s, user 24.48 s, sys 1.70 s, maxrss 1704964 KB]
[busy 2702 jiffies]
[exit 0]
--- xcdat 15   load 0.98 1.01 1.00
build time: 10670.790880 ms
space cost: 152.576344 MiB (66.661622% of original size 228.881836 MiB)
avg latency: 575.608539 ns
10670.790880,152.576344,575.608539
[time 25.71 s, user 23.93 s, sys 1.67 s, maxrss 1722384 KB]
[busy 2647 jiffies]
[exit 0]
--- xcdat 16   load 0.99 1.01 1.00
build time: 10472.443326 ms
space cost: 157.761472 MiB (68.927039% of original size 228.881836 MiB)
avg latency: 599.462880 ns
10472.443326,157.761472,599.462880
[time 25.79 s, user 23.95 s, sys 1.74 s, maxrss 1728112 KB]
[busy 2652 jiffies]
[exit 0]

##### numeric-10000000 (10000000 lines, 78888890 bytes)   round 3/3   2026-09-20T15:31:40+03:00
--- lexindex dict32   load 0.99 1.01 1.00
10000000 keys
lexindex DictIndex block 32: build 883 ms, size 11.972 MiB (1.255 B/key), latency cold 362.3 ns, then mean 360.9 / min 360.1 ns
882.837,11.971594,362.302
[time 20.99 s, user 23.46 s, sys 0.79 s, maxrss 1167768 KB]
[busy 2504 jiffies]
[exit 0]
--- lexindex dict256   load 1.00 1.00 1.00
10000000 keys
lexindex DictIndex block 256: build 880 ms, size 9.685 MiB (1.016 B/key), latency cold 341.8 ns, then mean 340.3 / min 339.7 ns
880.313,9.685040,341.806
[time 20.15 s, user 22.62 s, sys 0.76 s, maxrss 1156756 KB]
[busy 2411 jiffies]
[exit 0]
--- lexindex dict1024   load 1.00 1.00 1.00
10000000 keys
lexindex DictIndex block 1024: build 863 ms, size 8.762 MiB (0.919 B/key), latency cold 364.1 ns, then mean 361.4 / min 360.9 ns
863.347,8.762317,364.136
[time 20.98 s, user 23.33 s, sys 0.76 s, maxrss 1156240 KB]
[busy 2478 jiffies]
[exit 0]
--- lexindex string   load 1.00 1.00 1.00
10000000 keys
lexindex StringIndex: build 1826 ms, size 0.000 MiB (0.000 B/key), latency cold 131.9 ns, then mean 132.2 / min 131.9 ns
1825.705,0.000340,131.902
[time 12.73 s, user 12.15 s, sys 0.53 s, maxrss 1125248 KB]
[busy 1314 jiffies]
[exit 0]
--- c2 case 0 rec 0   skipped: exit 139 in round 1
--- c2 case 0 rec 1   skipped: exit 139 in round 1
--- c2 case 0 rec 2   skipped: exit 139 in round 1
--- c2 case 1 rec 0   skipped: exit 139 in round 1
--- c2 case 1 rec 1   skipped: exit 139 in round 1
--- c2 case 1 rec 2   skipped: exit 139 in round 1
--- c2 case 2 rec 0   skipped: exit 139 in round 1
--- c2 case 2 rec 1   skipped: exit 139 in round 1
--- c2 case 2 rec 2   skipped: exit 139 in round 1
--- c2 case 3 rec 0   load 0.92 0.98 0.99
[TEST FST]
Processing dataset...
Done!
Building trie...
Done!
build time: 2506.035352 ms (250.603535 ns per key)
space cost: 14.447110 MB (21.990328% of original size 65.697565 MB)
Querying trie...
Done!
total time: 3627.274419 ms, avg latency: 362.727442 ns
not implemented
2506.035352,14.447110,362.727442
[PASSED]
[time 10.04 s, user 9.34 s, sys 0.65 s, maxrss 661628 KB]
[busy 1033 jiffies]
[exit 0]
--- c2 case 4 rec 0   load 0.93 0.98 1.00
[TEST COCO]
Processing dataset...
Done!
Building trie...
num nodes = 90001, average depth = 1.000033
ef = 0.000000, pa = 0.000000, bv = 0.000011, de = 0.999989
efr = 0.000000, par = 0.000000, bvr = 0.000000, der = 0.000000
Done!
build time: 7164.471063 ms (716.447106 ns per key)
space cost: 4.854946 MB (7.389841% of original size 65.697565 MB)
Querying trie...
Done!
total time: 2963.069826 ms, avg latency: 296.306983 ns
not implemented
7164.471063,4.854946,296.306983
[PASSED]
[time 14.22 s, user 11.79 s, sys 2.37 s, maxrss 4905288 KB]
[busy 1467 jiffies]
[exit 0]
--- c2 case 5 rec 0   load 0.95 0.99 1.00
[TEST MARISA]
Processing dataset...
Done!
Building trie...
Done!
build time: 1691.693222 ms (169.169322 ns per key)
space cost: 15.797803 MB (24.046253% of original size 65.697565 MB)
Querying trie...
Done!
total time: 2556.994046 ms, avg latency: 255.699405 ns
not implemented
1691.693222,15.797803,255.699405
[PASSED]
[time 8.17 s, user 7.31 s, sys 0.82 s, maxrss 977860 KB]
[busy 843 jiffies]
[exit 0]
--- c2 case 5 rec 1   load 1.04 1.00 1.00
[TEST MARISA]
Processing dataset...
Done!
Building trie...
Done!
build time: 1685.684989 ms (168.568499 ns per key)
space cost: 15.797803 MB (24.046253% of original size 65.697565 MB)
Querying trie...
Done!
total time: 2585.563687 ms, avg latency: 258.556369 ns
not implemented
1685.684989,15.797803,258.556369
[PASSED]
[time 8.20 s, user 7.35 s, sys 0.81 s, maxrss 977964 KB]
[busy 848 jiffies]
[exit 0]
--- c2 case 5 rec 2   load 0.95 0.99 1.00
[TEST MARISA]
Processing dataset...
Done!
Building trie...
Done!
build time: 1688.716317 ms (168.871632 ns per key)
space cost: 15.797803 MB (24.046253% of original size 65.697565 MB)
Querying trie...
Done!
total time: 2560.232654 ms, avg latency: 256.023265 ns
not implemented
1688.716317,15.797803,256.023265
[PASSED]
[time 8.14 s, user 7.29 s, sys 0.81 s, maxrss 977656 KB]
[busy 837 jiffies]
[exit 0]
--- c2 case 6 rec 0   load 0.95 0.99 1.00
[TEST PDT]
Processing dataset...
Done!
Building trie...
dict size: 130, stream size: 2965758
Done!
build time: 1238.553718 ms (123.855372 ns per key)
space cost: 15.594018 MB (23.736067% of original size 65.697565 MB)
Querying trie...
Done!
total time: 6501.280957 ms, avg latency: 650.128096 ns
not implemented
1238.553718,15.594018,650.128096
[PASSED]
[time 11.63 s, user 10.92 s, sys 0.66 s, maxrss 687760 KB]
[busy 1192 jiffies]
[exit 0]
--- c2 case 7 rec 0   load 0.97 0.99 1.00
[TEST ART]
Processing dataset...
Done!
Building trie...
Done!
build time: 651.007857 ms (65.100786 ns per key)
space cost: 200.653076 MB (305.419350% of original size 65.697565 MB)
Querying trie...
Done!
total time: 1442.421629 ms, avg latency: 144.242163 ns
not implemented
651.007857,200.653076,144.242163
[PASSED]
[time 5.99 s, user 5.22 s, sys 0.74 s, maxrss 924628 KB]
[busy 619 jiffies]
[exit 0]
--- c2 case 8 rec 0   load 0.97 0.99 1.00
[TEST CART]
Processing dataset...
Done!
Building trie...
Done!
build time: 828.409120 ms (82.840912 ns per key)
space cost: 111.770621 MB (170.129016% of original size 65.697565 MB)
Querying trie...
Done!
total time: 2061.936300 ms, avg latency: 206.193630 ns
not implemented
828.409120,111.770621,206.193630
[PASSED]
[time 6.80 s, user 6.07 s, sys 0.70 s, maxrss 939980 KB]
[busy 702 jiffies]
[exit 0]
--- xcdat 7   load 0.97 0.99 1.00
build time: 2783.004357 ms
space cost: 52.854505 MiB (80.451238% of original size 65.697565 MiB)
avg latency: 342.624870 ns
2783.004357,52.854505,342.624870
[time 10.09 s, user 9.32 s, sys 0.72 s, maxrss 747108 KB]
[busy 1040 jiffies]
[exit 0]
--- xcdat 8   load 0.98 0.99 1.00
build time: 1823.127693 ms
space cost: 46.072033 MiB (70.127459% of original size 65.697565 MiB)
avg latency: 308.500166 ns
1823.127693,46.072033,308.500166
[time 8.62 s, user 7.85 s, sys 0.73 s, maxrss 731884 KB]
[busy 888 jiffies]
[exit 0]
--- xcdat 15   load 0.98 0.99 1.00
build time: 2118.898780 ms
space cost: 67.281871 MiB (102.411514% of original size 65.697565 MiB)
avg latency: 199.882546 ns
2118.898780,67.281871,199.882546
[time 8.01 s, user 7.22 s, sys 0.76 s, maxrss 775664 KB]
[busy 823 jiffies]
[exit 0]
--- xcdat 16   load 0.99 0.99 1.00
build time: 1850.535100 ms
space cost: 71.808467 MiB (109.301565% of original size 65.697565 MiB)
avg latency: 239.924873 ns
1850.535100,71.808467,239.924873
[time 8.20 s, user 7.43 s, sys 0.73 s, maxrss 783880 KB]
[busy 844 jiffies]
[exit 0]

##### opaque-10000000 (10000000 lines, 170000000 bytes)   round 3/3   2026-09-20T15:34:59+03:00
--- lexindex dict32   load 0.99 0.99 1.00
10000000 keys
lexindex DictIndex block 32: build 1298 ms, size 98.166 MiB (10.293 B/key), latency cold 589.3 ns, then mean 585.9 / min 585.5 ns
1297.849,98.166037,589.267
[time 30.64 s, user 36.64 s, sys 1.89 s, maxrss 1424552 KB]
[busy 3963 jiffies]
[exit 0]
--- lexindex dict256   load 1.84 1.24 1.08
10000000 keys
lexindex DictIndex block 256: build 1293 ms, size 95.809 MiB (10.046 B/key), latency cold 559.1 ns, then mean 558.9 / min 558.0 ns
1292.631,95.808618,559.149
[time 29.52 s, user 35.55 s, sys 1.88 s, maxrss 1423528 KB]
[busy 3845 jiffies]
[exit 0]
--- lexindex dict1024   load 1.50 1.21 1.08
10000000 keys
lexindex DictIndex block 1024: build 1286 ms, size 94.924 MiB (9.953 B/key), latency cold 577.1 ns, then mean 577.1 / min 573.3 ns
1285.760,94.923699,577.087
[time 30.24 s, user 36.14 s, sys 1.82 s, maxrss 1403112 KB]
[busy 3910 jiffies]
[exit 0]
--- lexindex string   load 1.36 1.21 1.08
10000000 keys
lexindex StringIndex: build 11237 ms, size 204.743 MiB (21.469 B/key), latency cold 581.9 ns, then mean 582.9 / min 579.9 ns
11237.343,204.742606,581.917
[time 40.35 s, user 39.37 s, sys 0.82 s, maxrss 1501120 KB]
[busy 4139 jiffies]
[exit 0]
--- c2 case 0 rec 0   load 1.09 1.16 1.07
[TEST C2-FST]
Processing dataset...
Done!
Building trie...
Done!
build time: 12395.337165 ms (1239.533717 ns per key)
space cost: 168.524103 MB (110.443956% of original size 152.587891 MB)
Querying trie...
Done!
total time: 6734.169350 ms, avg latency: 673.416935 ns
topology: 7.322502 MB, link: 33.678872 MB, data: 127.522729 MB
--- Unary Path Analysis (FST, cutoff=4) ---
  shared unary steps in main trie: 26453
  terminal suffixes: inplace=0 (avg len=0.00)  links=10000000 (100.0% of terminal)
  link len: avg=10.54  max=11  total_chars=105416542
  link length distribution (len:count):  8:18  9:1442  10:92299  11:4394462  12:5511779
12395.337165,168.524103,673.416935
[PASSED]
[time 28.20 s, user 26.22 s, sys 1.86 s, maxrss 2353576 KB]
[busy 2892 jiffies]
[exit 0]
--- c2 case 0 rec 1   load 1.06 1.14 1.07
[TEST C2-FST]
Processing dataset...
Done!
Building trie...
trie size: 46.253762 MB
Done!
build time: 23556.511690 ms (2355.651169 ns per key)
space cost: 168.524103 MB (110.443956% of original size 152.587891 MB)
Querying trie...
Done!
total time: 6737.298392 ms, avg latency: 673.729839 ns
topology: 7.322502 MB, link: 33.678872 MB, data: 127.522729 MB
--- Unary Path Analysis (FST, cutoff=4) ---
  shared unary steps in main trie: 26453
  terminal suffixes: inplace=0 (avg len=0.00)  links=10000000 (100.0% of terminal)
  link len: avg=10.54  max=11  total_chars=105416542
  link length distribution (len:count):  8:18  9:1442  10:92299  11:4394462  12:5511779
23556.511690,168.524103,673.729839
[PASSED]
[time 39.37 s, user 36.96 s, sys 2.24 s, maxrss 2822504 KB]
[busy 4035 jiffies]
[exit 0]
--- c2 case 0 rec 2   load 0.94 1.11 1.06
[TEST C2-FST]
Processing dataset...
Done!
Building trie...
trie size: 46.253762 MB
Done!
build time: 23524.087794 ms (2352.408779 ns per key)
space cost: 168.524103 MB (110.443956% of original size 152.587891 MB)
Querying trie...
Done!
total time: 6797.672072 ms, avg latency: 679.767207 ns
topology: 7.322502 MB, link: 33.678872 MB, data: 127.522729 MB
--- Unary Path Analysis (FST, cutoff=4) ---
  shared unary steps in main trie: 26453
  terminal suffixes: inplace=0 (avg len=0.00)  links=10000000 (100.0% of terminal)
  link len: avg=10.54  max=11  total_chars=105416542
  link length distribution (len:count):  8:18  9:1442  10:92299  11:4394462  12:5511779
23524.087794,168.524103,679.767207
[PASSED]
[time 39.62 s, user 37.18 s, sys 2.27 s, maxrss 2822692 KB]
[busy 4057 jiffies]
[exit 0]
--- c2 case 1 rec 0   load 0.97 1.09 1.06
[TEST C2-CoCo(LOUDS-Sparse)]
Processing dataset...
Done!
Building trie...
Done!
build time: 15278.918321 ms (1527.891832 ns per key)
space cost: 161.439246 MB (105.800824% of original size 152.587891 MB)
Querying trie...
Done!
total time: 6952.573930 ms, avg latency: 695.257393 ns
topology: 3.310211 MB, link: 34.003298 MB, data: 124.125737 MB
15278.918321,161.439246,695.257393
[PASSED]
[time 31.26 s, user 28.59 s, sys 2.54 s, maxrss 3321980 KB]
[busy 3209 jiffies]
[exit 0]
--- c2 case 1 rec 1   load 0.98 1.08 1.05
[TEST C2-CoCo(LOUDS-Sparse)]
Processing dataset...
Done!
Building trie...
trie size: 46.253762 MB
Done!
build time: 26273.399424 ms (2627.339942 ns per key)
space cost: 161.439246 MB (105.800824% of original size 152.587891 MB)
Querying trie...
Done!
total time: 6976.727680 ms, avg latency: 697.672768 ns
topology: 3.310211 MB, link: 34.003298 MB, data: 124.125737 MB
26273.399424,161.439246,697.672768
[PASSED]
[time 42.29 s, user 39.28 s, sys 2.83 s, maxrss 3791228 KB]
[busy 4348 jiffies]
[exit 0]
--- c2 case 1 rec 2   load 0.99 1.07 1.05
[TEST C2-CoCo(LOUDS-Sparse)]
Processing dataset...
Done!
Building trie...
trie size: 46.253762 MB
Done!
build time: 26225.920792 ms (2622.592079 ns per key)
space cost: 161.439246 MB (105.800824% of original size 152.587891 MB)
Querying trie...
Done!
total time: 7043.149719 ms, avg latency: 704.314972 ns
topology: 3.310211 MB, link: 34.003298 MB, data: 124.125737 MB
26225.920792,161.439246,704.314972
[PASSED]
[time 42.32 s, user 39.32 s, sys 2.82 s, maxrss 3791268 KB]
[busy 4342 jiffies]
[exit 0]
--- c2 case 2 rec 0   load 1.00 1.06 1.05
[TEST C2-MARISA]
Processing dataset...
Done!
Building trie...
trie size: 18.021462 MB
Done!
build time: 11190.346356 ms (1119.034636 ns per key)
space cost: 165.523580 MB (108.477533% of original size 152.587891 MB)
Querying trie...
Done!
total time: 5575.096862 ms, avg latency: 557.509686 ns
topology: 5.929127 MB, link: 32.190027 MB, data: 127.076301 MB
--- Unary Path Analysis (Marisa, cutoff=3) ---
  branches: 12335636  |  single-char: 2309593 (18.7%)  short-unary: 25639 (0.2%)  links: 10000404 (81.1%)
  link len: avg=12.54  max=13  total_chars=125417760
  link length distribution (len:count):  3:398  4:6  9:18  10:1442  11:92299  12:4394462  13:5511779
  short unary avg len: 2.00
11190.346356,165.523580,557.509686
[PASSED]
[time 25.86 s, user 23.84 s, sys 1.91 s, maxrss 2276212 KB]
[busy 2649 jiffies]
[exit 0]
--- c2 case 2 rec 1   load 1.10 1.08 1.05
[TEST C2-MARISA]
Processing dataset...
Done!
Building trie...
trie size: 18.021462 MB
trie size: 46.255407 MB
Done!
build time: 22099.003582 ms (2209.900358 ns per key)
space cost: 165.523580 MB (108.477533% of original size 152.587891 MB)
Querying trie...
Done!
total time: 5579.125786 ms, avg latency: 557.912579 ns
topology: 5.929127 MB, link: 32.190027 MB, data: 127.076301 MB
--- Unary Path Analysis (Marisa, cutoff=3) ---
  branches: 12335636  |  single-char: 2309593 (18.7%)  short-unary: 25639 (0.2%)  links: 10000404 (81.1%)
  link len: avg=12.54  max=13  total_chars=125417760
  link length distribution (len:count):  3:398  4:6  9:18  10:1442  11:92299  12:4394462  13:5511779
  short unary avg len: 2.00
22099.003582,165.523580,557.912579
[PASSED]
[time 36.77 s, user 34.38 s, sys 2.24 s, maxrss 2779072 KB]
[busy 3770 jiffies]
[exit 0]
--- c2 case 2 rec 2   load 1.06 1.07 1.05
[TEST C2-MARISA]
Processing dataset...
Done!
Building trie...
trie size: 18.021462 MB
trie size: 46.255407 MB
Done!
build time: 22045.726391 ms (2204.572639 ns per key)
space cost: 165.523580 MB (108.477533% of original size 152.587891 MB)
Querying trie...
Done!
total time: 5597.710337 ms, avg latency: 559.771034 ns
topology: 5.929127 MB, link: 32.190027 MB, data: 127.076301 MB
--- Unary Path Analysis (Marisa, cutoff=3) ---
  branches: 12335636  |  single-char: 2309593 (18.7%)  short-unary: 25639 (0.2%)  links: 10000404 (81.1%)
  link len: avg=12.54  max=13  total_chars=125417760
  link length distribution (len:count):  3:398  4:6  9:18  10:1442  11:92299  12:4394462  13:5511779
  short unary avg len: 2.00
22045.726391,165.523580,559.771034
[PASSED]
[time 36.68 s, user 34.26 s, sys 2.27 s, maxrss 2778964 KB]
[busy 3767 jiffies]
[exit 0]
--- c2 case 3 rec 0   load 1.03 1.06 1.05
[TEST FST]
Processing dataset...
Done!
Building trie...
Done!
build time: 8702.017187 ms (870.201719 ns per key)
space cost: 166.730864 MB (109.268739% of original size 152.587891 MB)
Querying trie...
Done!
total time: 5343.544409 ms, avg latency: 534.354441 ns
not implemented
8702.017187,166.730864,534.354441
[PASSED]
[time 23.14 s, user 21.89 s, sys 1.15 s, maxrss 1424944 KB]
[busy 2370 jiffies]
[exit 0]
--- c2 case 4 rec 0   skipped: exit 134 in round 1
--- c2 case 5 rec 0   load 1.02 1.05 1.04
[TEST MARISA]
Processing dataset...
Done!
Building trie...
Done!
build time: 6168.283805 ms (616.828380 ns per key)
space cost: 172.390432 MB (112.977794% of original size 152.587891 MB)
Querying trie...
Done!
total time: 8979.759841 ms, avg latency: 897.975984 ns
not implemented
6168.283805,172.390432,897.975984
[PASSED]
[time 24.13 s, user 22.48 s, sys 1.55 s, maxrss 1756184 KB]
[busy 2480 jiffies]
[exit 0]
--- c2 case 5 rec 1   load 1.01 1.05 1.04
[TEST MARISA]
Processing dataset...
Done!
Building trie...
Done!
build time: 9553.514077 ms (955.351408 ns per key)
space cost: 174.772559 MB (114.538944% of original size 152.587891 MB)
Querying trie...
Done!
total time: 18943.397278 ms, avg latency: 1894.339728 ns
not implemented
9553.514077,174.772559,1894.339728
[PASSED]
[time 37.50 s, user 35.43 s, sys 1.91 s, maxrss 1745652 KB]
[busy 3845 jiffies]
[exit 0]
--- c2 case 5 rec 2   load 0.92 1.02 1.03
[TEST MARISA]
Processing dataset...
Done!
Building trie...
Done!
build time: 12691.476587 ms (1269.147659 ns per key)
space cost: 174.781183 MB (114.544596% of original size 152.587891 MB)
Querying trie...
Done!
total time: 30572.569485 ms, avg latency: 3057.256948 ns
not implemented
12691.476587,174.781183,3057.256948
[PASSED]
[time 52.28 s, user 49.97 s, sys 2.08 s, maxrss 1802060 KB]
[busy 5354 jiffies]
[exit 0]
--- c2 case 6 rec 0   load 0.97 1.02 1.03
[TEST PDT]
Processing dataset...
Done!
Building trie...
dict size: 177886, stream size: 123770486
Done!
build time: 115717.881233 ms (11571.788123 ns per key)
space cost: 130.971906 MB (85.833748% of original size 152.587891 MB)
Querying trie...
Done!
total time: 9284.331352 ms, avg latency: 928.433135 ns
not implemented
115717.881233,130.971906,928.433135
[PASSED]
[time 134.01 s, user 131.64 s, sys 1.86 s, maxrss 2153976 KB]
[busy 13694 jiffies]
[exit 0]
--- c2 case 7 rec 0   load 1.00 1.01 1.02
[TEST ART]
Processing dataset...
Done!
Building trie...
Done!
build time: 1557.276935 ms (155.727693 ns per key)
space cost: 281.783142 MB (184.669400% of original size 152.587891 MB)
Querying trie...
Done!
total time: 2513.309373 ms, avg latency: 251.330937 ns
not implemented
1557.276935,281.783142,251.330937
[PASSED]
[time 13.17 s, user 12.01 s, sys 1.10 s, maxrss 1719212 KB]
[busy 1348 jiffies]
[exit 0]
--- c2 case 8 rec 0   load 1.00 1.01 1.01
[TEST CART]
Processing dataset...
Done!
Building trie...
Done!
build time: 1963.866554 ms (196.386655 ns per key)
space cost: 110.237770 MB (72.245425% of original size 152.587891 MB)
Querying trie...
Done!
total time: 3473.751038 ms, avg latency: 347.375104 ns
not implemented
1963.866554,110.237770,347.375104
[PASSED]
[time 14.53 s, user 13.44 s, sys 1.03 s, maxrss 1556816 KB]
[busy 1492 jiffies]
[exit 0]
--- xcdat 7   load 1.00 1.00 1.01
build time: 10166.949398 ms
space cost: 200.245496 MiB (131.232888% of original size 152.587891 MiB)
avg latency: 392.863505 ns
10166.949398,200.245496,392.863505
[time 23.24 s, user 21.51 s, sys 1.64 s, maxrss 1677684 KB]
[busy 2383 jiffies]
[exit 0]
--- xcdat 8   load 1.00 1.00 1.01
build time: 10380.694260 ms
space cost: 194.729631 MiB (127.618011% of original size 152.587891 MiB)
avg latency: 404.180926 ns
10380.694260,194.729631,404.180926
[time 23.57 s, user 21.81 s, sys 1.66 s, maxrss 1658584 KB]
[busy 2415 jiffies]
[exit 0]
--- xcdat 15   load 1.00 1.00 1.01
build time: 10618.545323 ms
space cost: 206.548369 MiB (135.363539% of original size 152.587891 MiB)
avg latency: 339.362032 ns
10618.545323,206.548369,339.362032
[time 23.15 s, user 21.33 s, sys 1.72 s, maxrss 1675432 KB]
[busy 2374 jiffies]
[exit 0]
--- xcdat 16   load 1.00 1.00 1.00
build time: 10363.791358 ms
space cost: 209.774417 MiB (137.477762% of original size 152.587891 MiB)
avg latency: 356.899278 ns
10363.791358,209.774417,356.899278
[time 23.05 s, user 21.25 s, sys 1.70 s, maxrss 1681856 KB]
[busy 2373 jiffies]
[exit 0]

##### titles-en-10000000 (10000000 lines, 219718589 bytes)   round 3/3   2026-09-20T15:49:29+03:00
--- lexindex dict32   load 0.92 0.98 1.00
10000000 keys
lexindex DictIndex block 32: build 2261 ms, size 58.395 MiB (6.123 B/key), latency cold 688.9 ns, then mean 685.2 / min 684.3 ns
2261.048,58.395205,688.894
[time 36.09 s, user 50.35 s, sys 1.19 s, maxrss 1711520 KB]
[busy 5294 jiffies]
[exit 0]
--- lexindex dict256   load 1.63 1.19 1.07
10000000 keys
lexindex DictIndex block 256: build 2335 ms, size 53.891 MiB (5.651 B/key), latency cold 679.1 ns, then mean 676.5 / min 675.7 ns
2335.487,53.891209,679.121
[time 35.77 s, user 50.52 s, sys 1.17 s, maxrss 1704840 KB]
[busy 5298 jiffies]
[exit 0]
--- lexindex dict1024   load 1.35 1.17 1.07
10000000 keys
lexindex DictIndex block 1024: build 2279 ms, size 52.239 MiB (5.478 B/key), latency cold 713.0 ns, then mean 712.7 / min 711.8 ns
2278.567,52.238668,713.032
[time 37.16 s, user 51.45 s, sys 1.18 s, maxrss 1692428 KB]
[busy 5397 jiffies]
[exit 0]
--- lexindex string   load 1.18 1.15 1.06
10000000 keys
lexindex StringIndex: build 8132 ms, size 126.354 MiB (13.249 B/key), latency cold 783.8 ns, then mean 779.7 / min 777.1 ns
8132.390,126.354340,783.770
[time 45.65 s, user 44.63 s, sys 0.83 s, maxrss 1571700 KB]
[busy 4677 jiffies]
[exit 0]
--- c2 case 0 rec 0   load 1.08 1.12 1.06
[TEST C2-FST]
Processing dataset...
Done!
Building trie...
Done!
build time: 10580.532051 ms (1058.053205 ns per key)
space cost: 86.858212 MB (43.428404% of original size 200.003232 MB)
Querying trie...
Done!
total time: 11771.490353 ms, avg latency: 1177.149035 ns
topology: 11.274200 MB, link: 21.160836 MB, data: 54.423176 MB
--- Unary Path Analysis (FST, cutoff=4) ---
  shared unary steps in main trie: 9042618
  terminal suffixes: inplace=1798982 (avg len=2.14)  links=6599643 (78.6% of terminal)
  link len: avg=9.93  max=234  total_chars=65543603
  link length distribution (len:count):  4:783104  5:760158  6:695828  7:589022  8:475587  9:402890  10:359960  11:287809  12:252754  13:211229  14:291790  15:204192  16:188465  17:134915  18:119234  19:103940  20:94864  21:79457  22:68801  23:57526  24:51335  25:45253  26:43170  27:36068  28:31115  29:26944  30:23808  31:20749  32:18599  33:16316  34:14256  35:12616  36:11654  37:10097  38:8350  39:7410  40:6438  41:5768  42:5227  43:4358  44:3828  45:3564  46:3239  47:2673  48:2418  49:2015  50:1930  51:1676  52:1473  53:1343  54:1226  55:1070  56:979  57:898  58:769  59:736  60:626  61:563  62:597  63:542  64:428  65:419  66:401  67:383  68:320  69:311  70:276  71:263  72:227  73:216  74:189  75:189  76:152  77:176  78:161  79:141  80:122  81:127  82:110  83:97  84:90  85:90  86:88  87:88  88:62  89:58  90:57  91:55  92:60  93:54  94:47  95:39  96:52  97:43  98:41  99:43  100:34  101:29  102:20  103:25  104:38  105:22  106:19  107:21  108:27  109:17  110:17  111:15  112:20  113:20  114:14  115:18  116:19  117:10  118:15  119:19  120:13  121:11  122:5  123:13  124:11  125:8  126:8  127:8  128:10  129:12  130:6  131:9  132:1  133:8  134:7  135:4  136:6  137:4  138:7  139:6  140:3  141:3  142:1  143:5  144:3  145:5  146:2  147:3  148:3  149:8  150:6  151:3  152:5  153:5  154:4  155:5  156:4  157:2  158:2  159:3  160:6  162:6  163:1  164:1  165:3  166:3  167:6  168:2  169:1  170:1  171:3  172:1  173:1  174:3  175:1  176:1  177:2  178:2  179:4  180:1  182:1  184:2  185:1  188:2  189:1  191:1  193:4  194:1  195:1  198:3  199:2  200:1  201:1  204:3  205:2  206:1  208:1  209:4  210:1  211:1  213:1  214:1  215:1  217:1  223:1  224:2  228:1  229:1  230:1  231:1  233:1  235:1
10580.532051,86.858212,1177.149035
[PASSED]
[time 30.17 s, user 28.63 s, sys 1.41 s, maxrss 1462452 KB]
[busy 3088 jiffies]
[exit 0]
--- c2 case 0 rec 1   load 0.97 1.09 1.05
[TEST C2-FST]
Processing dataset...
Done!
Building trie...
trie size: 22.733012 MB
Done!
build time: 12333.676836 ms (1233.367684 ns per key)
space cost: 75.770544 MB (37.884660% of original size 200.003232 MB)
Querying trie...
Done!
total time: 14270.115094 ms, avg latency: 1427.011509 ns
topology: 13.082478 MB, link: 20.816256 MB, data: 41.871811 MB
--- Unary Path Analysis (FST, cutoff=4) ---
  shared unary steps in main trie: 9042618
  terminal suffixes: inplace=1798982 (avg len=2.14)  links=6599643 (78.6% of terminal)
  link len: avg=9.93  max=234  total_chars=65543603
  link length distribution (len:count):  4:783104  5:760158  6:695828  7:589022  8:475587  9:402890  10:359960  11:287809  12:252754  13:211229  14:291790  15:204192  16:188465  17:134915  18:119234  19:103940  20:94864  21:79457  22:68801  23:57526  24:51335  25:45253  26:43170  27:36068  28:31115  29:26944  30:23808  31:20749  32:18599  33:16316  34:14256  35:12616  36:11654  37:10097  38:8350  39:7410  40:6438  41:5768  42:5227  43:4358  44:3828  45:3564  46:3239  47:2673  48:2418  49:2015  50:1930  51:1676  52:1473  53:1343  54:1226  55:1070  56:979  57:898  58:769  59:736  60:626  61:563  62:597  63:542  64:428  65:419  66:401  67:383  68:320  69:311  70:276  71:263  72:227  73:216  74:189  75:189  76:152  77:176  78:161  79:141  80:122  81:127  82:110  83:97  84:90  85:90  86:88  87:88  88:62  89:58  90:57  91:55  92:60  93:54  94:47  95:39  96:52  97:43  98:41  99:43  100:34  101:29  102:20  103:25  104:38  105:22  106:19  107:21  108:27  109:17  110:17  111:15  112:20  113:20  114:14  115:18  116:19  117:10  118:15  119:19  120:13  121:11  122:5  123:13  124:11  125:8  126:8  127:8  128:10  129:12  130:6  131:9  132:1  133:8  134:7  135:4  136:6  137:4  138:7  139:6  140:3  141:3  142:1  143:5  144:3  145:5  146:2  147:3  148:3  149:8  150:6  151:3  152:5  153:5  154:4  155:5  156:4  157:2  158:2  159:3  160:6  162:6  163:1  164:1  165:3  166:3  167:6  168:2  169:1  170:1  171:3  172:1  173:1  174:3  175:1  176:1  177:2  178:2  179:4  180:1  182:1  184:2  185:1  188:2  189:1  191:1  193:4  194:1  195:1  198:3  199:2  200:1  201:1  204:3  205:2  206:1  208:1  209:4  210:1  211:1  213:1  214:1  215:1  217:1  223:1  224:2  228:1  229:1  230:1  231:1  233:1  235:1
12333.676836,75.770544,1427.011509
[PASSED]
[time 34.51 s, user 33.00 s, sys 1.35 s, maxrss 1339116 KB]
[busy 3540 jiffies]
[exit 0]
--- c2 case 0 rec 2   load 0.90 1.06 1.04
[TEST C2-FST]
Processing dataset...
Done!
Building trie...
trie size: 22.733012 MB
trie size: 3.280537 MB
Done!
build time: 12907.145585 ms (1290.714559 ns per key)
space cost: 75.770544 MB (37.884660% of original size 200.003232 MB)
Querying trie...
Done!
total time: 14203.815375 ms, avg latency: 1420.381537 ns
topology: 13.082478 MB, link: 20.816256 MB, data: 41.871811 MB
--- Unary Path Analysis (FST, cutoff=4) ---
  shared unary steps in main trie: 9042618
  terminal suffixes: inplace=1798982 (avg len=2.14)  links=6599643 (78.6% of terminal)
  link len: avg=9.93  max=234  total_chars=65543603
  link length distribution (len:count):  4:783104  5:760158  6:695828  7:589022  8:475587  9:402890  10:359960  11:287809  12:252754  13:211229  14:291790  15:204192  16:188465  17:134915  18:119234  19:103940  20:94864  21:79457  22:68801  23:57526  24:51335  25:45253  26:43170  27:36068  28:31115  29:26944  30:23808  31:20749  32:18599  33:16316  34:14256  35:12616  36:11654  37:10097  38:8350  39:7410  40:6438  41:5768  42:5227  43:4358  44:3828  45:3564  46:3239  47:2673  48:2418  49:2015  50:1930  51:1676  52:1473  53:1343  54:1226  55:1070  56:979  57:898  58:769  59:736  60:626  61:563  62:597  63:542  64:428  65:419  66:401  67:383  68:320  69:311  70:276  71:263  72:227  73:216  74:189  75:189  76:152  77:176  78:161  79:141  80:122  81:127  82:110  83:97  84:90  85:90  86:88  87:88  88:62  89:58  90:57  91:55  92:60  93:54  94:47  95:39  96:52  97:43  98:41  99:43  100:34  101:29  102:20  103:25  104:38  105:22  106:19  107:21  108:27  109:17  110:17  111:15  112:20  113:20  114:14  115:18  116:19  117:10  118:15  119:19  120:13  121:11  122:5  123:13  124:11  125:8  126:8  127:8  128:10  129:12  130:6  131:9  132:1  133:8  134:7  135:4  136:6  137:4  138:7  139:6  140:3  141:3  142:1  143:5  144:3  145:5  146:2  147:3  148:3  149:8  150:6  151:3  152:5  153:5  154:4  155:5  156:4  157:2  158:2  159:3  160:6  162:6  163:1  164:1  165:3  166:3  167:6  168:2  169:1  170:1  171:3  172:1  173:1  174:3  175:1  176:1  177:2  178:2  179:4  180:1  182:1  184:2  185:1  188:2  189:1  191:1  193:4  194:1  195:1  198:3  199:2  200:1  201:1  204:3  205:2  206:1  208:1  209:4  210:1  211:1  213:1  214:1  215:1  217:1  223:1  224:2  228:1  229:1  230:1  231:1  233:1  235:1
12907.145585,75.770544,1420.381537
[PASSED]
[time 34.99 s, user 33.45 s, sys 1.39 s, maxrss 1364044 KB]
[busy 3590 jiffies]
[exit 0]
--- c2 case 1 rec 0   load 0.95 1.06 1.04
[TEST C2-CoCo(LOUDS-Sparse)]
Processing dataset...
Done!
Building trie...
Done!
build time: 24782.398764 ms (2478.239876 ns per key)
space cost: 98.257762 MB (49.128087% of original size 200.003232 MB)
Querying trie...
Done!
total time: 14523.373326 ms, avg latency: 1452.337333 ns
topology: 4.410110 MB, link: 33.095964 MB, data: 60.751687 MB
24782.398764,98.257762,1452.337333
[PASSED]
[time 47.09 s, user 44.63 s, sys 2.27 s, maxrss 3193592 KB]
[busy 4818 jiffies]
[exit 0]
--- c2 case 1 rec 1   load 0.98 1.05 1.03
[TEST C2-CoCo(LOUDS-Sparse)]
Processing dataset...
Done!
Building trie...
trie size: 22.733012 MB
Done!
build time: 26557.993165 ms (2655.799316 ns per key)
space cost: 87.170093 MB (43.584342% of original size 200.003232 MB)
Querying trie...
Done!
total time: 16776.724845 ms, avg latency: 1677.672485 ns
topology: 6.218388 MB, link: 32.751384 MB, data: 48.200322 MB
26557.993165,87.170093,1677.672485
[PASSED]
[time 51.16 s, user 48.72 s, sys 2.23 s, maxrss 3066416 KB]
[busy 5231 jiffies]
[exit 0]
--- c2 case 1 rec 2   load 0.99 1.04 1.03
[TEST C2-CoCo(LOUDS-Sparse)]
Processing dataset...
Done!
Building trie...
trie size: 22.733012 MB
trie size: 3.280537 MB
Done!
build time: 27076.367277 ms (2707.636728 ns per key)
space cost: 87.170093 MB (43.584342% of original size 200.003232 MB)
Querying trie...
Done!
total time: 16922.558317 ms, avg latency: 1692.255832 ns
topology: 6.218388 MB, link: 32.751384 MB, data: 48.200322 MB
27076.367277,87.170093,1692.255832
[PASSED]
[time 51.84 s, user 49.43 s, sys 2.20 s, maxrss 3090176 KB]
[busy 5304 jiffies]
[exit 0]
--- c2 case 2 rec 0   load 1.00 1.03 1.02
[TEST C2-MARISA]
Processing dataset...
Done!
Building trie...
trie size: 23.317092 MB
Done!
build time: 10500.265429 ms (1050.026543 ns per key)
space cost: 78.192151 MB (39.095444% of original size 200.003232 MB)
Querying trie...
Done!
total time: 7867.867995 ms, avg latency: 786.786800 ns
topology: 7.694263 MB, link: 27.912508 MB, data: 42.257255 MB
--- Unary Path Analysis (Marisa, cutoff=3) ---
  branches: 15080896  |  single-char: 4578086 (30.4%)  short-unary: 1137672 (7.5%)  links: 9365138 (62.1%)
  link len: avg=9.96  max=236  total_chars=93261704
  link length distribution (len:count):  3:947829  4:986562  5:965254  6:903368  7:803217  8:675232  9:535160  10:448828  11:393655  12:313562  13:273926  14:228549  15:306731  16:216481  17:200904  18:144129  19:127804  20:110710  21:100724  22:84358  23:73263  24:61276  25:54434  26:48000  27:45573  28:38180  29:33095  30:28718  31:25581  32:22213  33:19884  34:17374  35:15159  36:13408  37:12318  38:10537  39:8786  40:7764  41:6832  42:6052  43:5427  44:4522  45:3945  46:3695  47:3344  48:2764  49:2509  50:2081  51:1977  52:1721  53:1517  54:1388  55:1255  56:1097  57:1012  58:930  59:785  60:751  61:645  62:578  63:614  64:560  65:436  66:431  67:412  68:392  69:332  70:320  71:285  72:270  73:233  74:225  75:193  76:195  77:155  78:178  79:164  80:147  81:126  82:131  83:112  84:98  85:95  86:92  87:89  88:91  89:63  90:58  91:59  92:55  93:61  94:54  95:48  96:42  97:53  98:43  99:42  100:44  101:35  102:30  103:20  104:25  105:38  106:22  107:19  108:21  109:27  110:17  111:18  112:16  113:20  114:20  115:15  116:18  117:20  118:11  119:16  120:19  121:14  122:12  123:5  124:13  125:12  126:8  127:9  128:8  129:10  130:13  131:6  132:9  133:1  134:8  135:7  136:5  137:7  138:4  139:7  140:6  141:3  142:3  143:1  144:5  145:3  146:5  147:2  148:3  149:3  150:8  151:6  152:3  153:6  154:5  155:4  156:5  157:4  158:2  159:2  160:3  161:6  163:6  164:1  165:1  166:3  167:3  168:6  169:2  170:1  171:1  172:3  173:1  174:1  175:3  176:1  177:1  178:2  179:2  180:4  181:1  183:1  185:3  186:1  189:2  190:1  192:1  194:4  195:2  196:1  199:3  200:3  201:1  202:1  205:3  206:2  207:1  209:1  210:4  211:1  212:1  214:1  215:1  216:1  218:1  224:1  225:2  229:1  230:1  231:1  232:1  234:1  235:1  236:1
  short unary avg len: 2.00
10500.265429,78.192151,786.786800
[PASSED]
[time 26.25 s, user 24.55 s, sys 1.58 s, maxrss 1608764 KB]
[busy 2690 jiffies]
[exit 0]
--- c2 case 2 rec 1   load 1.00 1.02 1.02
[TEST C2-MARISA]
Processing dataset...
Done!
Building trie...
trie size: 23.317092 MB
trie size: 32.530715 MB
Done!
build time: 12763.405517 ms (1276.340552 ns per key)
space cost: 64.832272 MB (32.415612% of original size 200.003232 MB)
Querying trie...
Done!
total time: 10167.527546 ms, avg latency: 1016.752755 ns
topology: 9.978737 MB, link: 28.205211 MB, data: 26.320199 MB
--- Unary Path Analysis (Marisa, cutoff=3) ---
  branches: 15080896  |  single-char: 4578086 (30.4%)  short-unary: 1137672 (7.5%)  links: 9365138 (62.1%)
  link len: avg=9.96  max=236  total_chars=93261704
  link length distribution (len:count):  3:947829  4:986562  5:965254  6:903368  7:803217  8:675232  9:535160  10:448828  11:393655  12:313562  13:273926  14:228549  15:306731  16:216481  17:200904  18:144129  19:127804  20:110710  21:100724  22:84358  23:73263  24:61276  25:54434  26:48000  27:45573  28:38180  29:33095  30:28718  31:25581  32:22213  33:19884  34:17374  35:15159  36:13408  37:12318  38:10537  39:8786  40:7764  41:6832  42:6052  43:5427  44:4522  45:3945  46:3695  47:3344  48:2764  49:2509  50:2081  51:1977  52:1721  53:1517  54:1388  55:1255  56:1097  57:1012  58:930  59:785  60:751  61:645  62:578  63:614  64:560  65:436  66:431  67:412  68:392  69:332  70:320  71:285  72:270  73:233  74:225  75:193  76:195  77:155  78:178  79:164  80:147  81:126  82:131  83:112  84:98  85:95  86:92  87:89  88:91  89:63  90:58  91:59  92:55  93:61  94:54  95:48  96:42  97:53  98:43  99:42  100:44  101:35  102:30  103:20  104:25  105:38  106:22  107:19  108:21  109:27  110:17  111:18  112:16  113:20  114:20  115:15  116:18  117:20  118:11  119:16  120:19  121:14  122:12  123:5  124:13  125:12  126:8  127:9  128:8  129:10  130:13  131:6  132:9  133:1  134:8  135:7  136:5  137:7  138:4  139:7  140:6  141:3  142:3  143:1  144:5  145:3  146:5  147:2  148:3  149:3  150:8  151:6  152:3  153:6  154:5  155:4  156:5  157:4  158:2  159:2  160:3  161:6  163:6  164:1  165:1  166:3  167:3  168:6  169:2  170:1  171:1  172:3  173:1  174:1  175:3  176:1  177:1  178:2  179:2  180:4  181:1  183:1  185:3  186:1  189:2  190:1  192:1  194:4  195:2  196:1  199:3  200:3  201:1  202:1  205:3  206:2  207:1  209:1  210:4  211:1  212:1  214:1  215:1  216:1  218:1  224:1  225:2  229:1  230:1  231:1  232:1  234:1  235:1  236:1
  short unary avg len: 2.00
12763.405517,64.832272,1016.752755
[PASSED]
[time 30.82 s, user 29.15 s, sys 1.54 s, maxrss 1466108 KB]
[busy 3157 jiffies]
[exit 0]
--- c2 case 2 rec 2   load 1.00 1.02 1.02
[TEST C2-MARISA]
Processing dataset...
Done!
Building trie...
trie size: 23.317092 MB
trie size: 32.530715 MB
trie size: 4.028131 MB
Done!
build time: 13369.915572 ms (1336.991557 ns per key)
space cost: 64.832272 MB (32.415612% of original size 200.003232 MB)
Querying trie...
Done!
total time: 10153.828486 ms, avg latency: 1015.382849 ns
topology: 9.978737 MB, link: 28.205211 MB, data: 26.320199 MB
--- Unary Path Analysis (Marisa, cutoff=3) ---
  branches: 15080896  |  single-char: 4578086 (30.4%)  short-unary: 1137672 (7.5%)  links: 9365138 (62.1%)
  link len: avg=9.96  max=236  total_chars=93261704
  link length distribution (len:count):  3:947829  4:986562  5:965254  6:903368  7:803217  8:675232  9:535160  10:448828  11:393655  12:313562  13:273926  14:228549  15:306731  16:216481  17:200904  18:144129  19:127804  20:110710  21:100724  22:84358  23:73263  24:61276  25:54434  26:48000  27:45573  28:38180  29:33095  30:28718  31:25581  32:22213  33:19884  34:17374  35:15159  36:13408  37:12318  38:10537  39:8786  40:7764  41:6832  42:6052  43:5427  44:4522  45:3945  46:3695  47:3344  48:2764  49:2509  50:2081  51:1977  52:1721  53:1517  54:1388  55:1255  56:1097  57:1012  58:930  59:785  60:751  61:645  62:578  63:614  64:560  65:436  66:431  67:412  68:392  69:332  70:320  71:285  72:270  73:233  74:225  75:193  76:195  77:155  78:178  79:164  80:147  81:126  82:131  83:112  84:98  85:95  86:92  87:89  88:91  89:63  90:58  91:59  92:55  93:61  94:54  95:48  96:42  97:53  98:43  99:42  100:44  101:35  102:30  103:20  104:25  105:38  106:22  107:19  108:21  109:27  110:17  111:18  112:16  113:20  114:20  115:15  116:18  117:20  118:11  119:16  120:19  121:14  122:12  123:5  124:13  125:12  126:8  127:9  128:8  129:10  130:13  131:6  132:9  133:1  134:8  135:7  136:5  137:7  138:4  139:7  140:6  141:3  142:3  143:1  144:5  145:3  146:5  147:2  148:3  149:3  150:8  151:6  152:3  153:6  154:5  155:4  156:5  157:4  158:2  159:2  160:3  161:6  163:6  164:1  165:1  166:3  167:3  168:6  169:2  170:1  171:1  172:3  173:1  174:1  175:3  176:1  177:1  178:2  179:2  180:4  181:1  183:1  185:3  186:1  189:2  190:1  192:1  194:4  195:2  196:1  199:3  200:3  201:1  202:1  205:3  206:2  207:1  209:1  210:4  211:1  212:1  214:1  215:1  216:1  218:1  224:1  225:2  229:1  230:1  231:1  232:1  234:1  235:1  236:1
  short unary avg len: 2.00
13369.915572,64.832272,1015.382849
[PASSED]
[time 31.38 s, user 29.75 s, sys 1.50 s, maxrss 1496940 KB]
[busy 3220 jiffies]
[exit 0]
--- c2 case 3 rec 0   load 1.00 1.02 1.01
[TEST FST]
Processing dataset...
Done!
Building trie...
Done!
build time: 9666.602962 ms (966.660296 ns per key)
space cost: 86.740355 MB (43.369476% of original size 200.003232 MB)
Querying trie...
Done!
total time: 14000.483166 ms, avg latency: 1400.048317 ns
not implemented
9666.602962,86.740355,1400.048317
[PASSED]
[time 31.58 s, user 30.47 s, sys 0.98 s, maxrss 1234024 KB]
[busy 3233 jiffies]
[exit 0]
--- c2 case 4 rec 0   skipped: exit 134 in round 1
--- c2 case 5 rec 0   load 1.00 1.02 1.01
[TEST MARISA]
Processing dataset...
Done!
Building trie...
Done!
build time: 6606.731624 ms (660.673162 ns per key)
space cost: 79.225293 MB (39.612006% of original size 200.003232 MB)
Querying trie...
Done!
total time: 10229.216327 ms, avg latency: 1022.921633 ns
not implemented
6606.731624,79.225293,1022.921633
[PASSED]
[time 24.58 s, user 23.11 s, sys 1.37 s, maxrss 1612336 KB]
[busy 2525 jiffies]
[exit 0]
--- c2 case 5 rec 1   load 1.00 1.01 1.01
[TEST MARISA]
Processing dataset...
Done!
Building trie...
Done!
build time: 7788.634715 ms (778.863471 ns per key)
space cost: 58.000221 MB (28.999642% of original size 200.003232 MB)
Querying trie...
Done!
total time: 14089.823923 ms, avg latency: 1408.982392 ns
not implemented
7788.634715,58.000221,1408.982392
[PASSED]
[time 29.65 s, user 28.09 s, sys 1.43 s, maxrss 1612208 KB]
[busy 3034 jiffies]
[exit 0]
--- c2 case 5 rec 2   load 0.92 0.99 1.00
[TEST MARISA]
Processing dataset...
Done!
Building trie...
Done!
build time: 8002.111826 ms (800.211183 ns per key)
space cost: 54.499722 MB (27.249420% of original size 200.003232 MB)
Querying trie...
Done!
total time: 15186.456428 ms, avg latency: 1518.645643 ns
not implemented
8002.111826,54.499722,1518.645643
[PASSED]
[time 31.01 s, user 29.38 s, sys 1.49 s, maxrss 1612508 KB]
[busy 3201 jiffies]
[exit 0]
--- c2 case 6 rec 0   load 0.95 1.00 1.00
[TEST PDT]
Processing dataset...
Done!
Building trie...
dict size: 157532, stream size: 58361417
Done!
build time: 26510.653563 ms (2651.065356 ns per key)
space cost: 68.573545 MB (34.286219% of original size 200.003232 MB)
Querying trie...
Done!
total time: 10735.215258 ms, avg latency: 1073.521526 ns
not implemented
26510.653563,68.573545,1073.521526
[PASSED]
[time 45.10 s, user 43.49 s, sys 1.42 s, maxrss 1317020 KB]
[busy 4632 jiffies]
[exit 0]
--- c2 case 7 rec 0   load 0.98 1.00 1.00
[TEST ART]
Processing dataset...
Done!
Building trie...
Done!
build time: 1976.890544 ms (197.689054 ns per key)
space cost: 339.123360 MB (169.558940% of original size 200.003232 MB)
Querying trie...
Done!
total time: 6872.735173 ms, avg latency: 687.273517 ns
not implemented
1976.890544,339.123360,687.273517
[PASSED]
[time 16.72 s, user 15.58 s, sys 1.06 s, maxrss 1739316 KB]
[busy 1715 jiffies]
[exit 0]
--- c2 case 8 rec 0   load 0.99 1.00 1.00
[TEST CART]
Processing dataset...
Done!
Building trie...
Done!
build time: 2592.164472 ms (259.216447 ns per key)
space cost: 157.938812 MB (78.968130% of original size 200.003232 MB)
Querying trie...
Done!
total time: 7507.489046 ms, avg latency: 750.748905 ns
not implemented
2592.164472,157.938812,750.748905
[PASSED]
[time 17.93 s, user 16.75 s, sys 1.10 s, maxrss 1617636 KB]
[busy 1846 jiffies]
[exit 0]
--- xcdat 7   load 0.99 1.00 1.00
build time: 7451.847300 ms
space cost: 112.423756 MiB (56.210969% of original size 200.003232 MiB)
avg latency: 729.755991 ns
7451.847300,112.423756,729.755991
[time 22.72 s, user 21.14 s, sys 1.48 s, maxrss 1456764 KB]
[busy 2335 jiffies]
[exit 0]
--- xcdat 8   load 0.99 1.00 1.00
build time: 7090.328488 ms
space cost: 108.349843 MiB (54.174046% of original size 200.003232 MiB)
avg latency: 694.062562 ns
7090.328488,108.349843,694.062562
[time 21.96 s, user 20.37 s, sys 1.50 s, maxrss 1452488 KB]
[busy 2256 jiffies]
[exit 0]
--- xcdat 15   load 1.00 1.00 1.00
build time: 7415.558009 ms
space cost: 133.023680 MiB (66.510765% of original size 200.003232 MiB)
avg latency: 577.034278 ns
7415.558009,133.023680,577.034278
[time 21.14 s, user 19.54 s, sys 1.51 s, maxrss 1503812 KB]
[busy 2170 jiffies]
[exit 0]
--- xcdat 16   load 1.00 1.00 1.00
build time: 7114.932956 ms
space cost: 139.139603 MiB (69.568677% of original size 200.003232 MiB)
avg latency: 614.902377 ns
7114.932956,139.139603,614.902377
[time 21.21 s, user 19.59 s, sys 1.52 s, maxrss 1507712 KB]
[busy 2176 jiffies]
[exit 0]

##### urls-10000000 (10000000 lines, 533677969 bytes)   round 3/3   2026-09-20T16:02:50+03:00
--- lexindex dict32   load 1.00 1.00 1.00
10000000 keys
lexindex DictIndex block 32: build 2351 ms, size 68.020 MiB (7.132 B/key), latency cold 783.6 ns, then mean 779.8 / min 779.2 ns
2350.766,68.020096,783.634
[time 40.74 s, user 55.63 s, sys 1.41 s, maxrss 2292576 KB]
[busy 5850 jiffies]
[exit 0]
--- lexindex dict256   load 1.06 1.01 1.00
10000000 keys
lexindex DictIndex block 256: build 2378 ms, size 55.162 MiB (5.784 B/key), latency cold 751.9 ns, then mean 749.2 / min 746.3 ns
2378.014,55.161706,751.885
[time 39.48 s, user 54.83 s, sys 1.40 s, maxrss 2256480 KB]
[busy 5759 jiffies]
[exit 0]
--- lexindex dict1024   load 1.03 1.01 1.00
10000000 keys
lexindex DictIndex block 1024: build 2312 ms, size 52.739 MiB (5.530 B/key), latency cold 768.6 ns, then mean 766.1 / min 764.3 ns
2311.631,52.739459,768.610
[time 40.14 s, user 55.19 s, sys 1.38 s, maxrss 2249492 KB]
[busy 5788 jiffies]
[exit 0]
--- lexindex string   load 1.01 1.01 1.00
10000000 keys
lexindex StringIndex: build 9306 ms, size 124.922 MiB (13.099 B/key), latency cold 923.0 ns, then mean 923.9 / min 920.7 ns
9305.794,124.921756,922.968
[time 53.32 s, user 51.97 s, sys 1.14 s, maxrss 2137040 KB]
[busy 5464 jiffies]
[exit 0]
--- c2 case 0 rec 0   load 1.00 1.00 1.00
[TEST C2-FST]
Processing dataset...
Done!
Building trie...
Done!
build time: 12075.540384 ms (1207.554038 ns per key)
space cost: 89.769738 MB (17.974862% of original size 499.418229 MB)
Querying trie...
Done!
total time: 15818.486290 ms, avg latency: 1581.848629 ns
topology: 11.665031 MB, link: 21.507524 MB, data: 56.597183 MB
--- Unary Path Analysis (FST, cutoff=4) ---
  shared unary steps in main trie: 10222647
  terminal suffixes: inplace=1703226 (avg len=2.16)  links=6715973 (79.8% of terminal)
  link len: avg=10.80  max=659  total_chars=72556931
  link length distribution (len:count):  4:696901  5:673915  6:668087  7:559938  8:460143  9:408987  10:371411  11:317336  12:286791  13:230146  14:219886  15:194657  16:260212  17:141485  18:132694  19:152516  20:142603  21:91996  22:80093  23:71031  24:65911  25:55655  26:49759  27:43541  28:39655  29:33371  30:31744  31:26630  32:22544  33:19836  34:17416  35:15244  36:14777  37:12475  38:10684  39:9704  40:8252  41:7414  42:7187  43:6077  44:4975  45:4415  46:4008  47:3641  48:3548  49:3129  50:2543  51:2408  52:2048  53:1756  54:1822  55:1758  56:1478  57:1179  58:1174  59:1028  60:1021  61:1008  62:800  63:782  64:703  65:577  66:564  67:679  68:553  69:459  70:394  71:348  72:410  73:498  74:336  75:309  76:287  77:230  78:220  79:262  80:269  81:251  82:214  83:163  84:154  85:231  86:178  87:132  88:144  89:127  90:127  91:212  92:153  93:106  94:107  95:76  96:81  97:157  98:106  99:86  100:109  101:82  102:64  103:107  104:90  105:70  106:58  107:55  108:63  109:130  110:83  111:45  112:41  113:46  114:39  115:60  116:60  117:41  118:52  119:37  120:39  121:51  122:48  123:30  124:24  125:39  126:42  127:48  128:44  129:34  130:23  131:19  132:20  133:26  134:27  135:27  136:16  137:30  138:27  139:16  140:24  141:15  142:13  143:23  144:25  145:30  146:25  147:14  148:7  149:15  150:16  151:9  152:19  153:25  154:20  155:19  156:17  157:10  158:12  159:18  160:5  161:5  162:9  163:10  164:14  165:17  166:11  167:8  168:6  169:2  170:5  171:9  172:11  173:14  174:10  175:6  176:8  177:8  178:8  179:7  180:8  181:5  182:7  183:9  184:6  185:5  186:4  187:6  188:7  189:12  190:7  191:5  192:3  193:7  194:3  195:5  196:2  197:4  198:3  199:6  200:8  201:7  202:9  204:4  205:5  206:5  207:1  208:12  209:3  210:7  211:2  212:2  213:2  214:4  215:2  216:4  217:3  218:6  219:4  220:3  221:3  222:2  223:4  224:2  225:3  226:3  227:3  228:3  229:1  231:4  232:1  233:1  234:2  235:2  236:4  237:4  238:2  239:1  240:1  241:1  242:1  243:5  245:2  246:2  247:2  249:1  250:1  251:1  252:3  254:3  255:6  256:2  257:2  259:1  260:1  261:4  262:3  263:1  264:1  265:1  268:4  270:1  271:1  272:1  273:1  274:1  276:2  280:1  285:1  286:1  287:1  293:1  294:1  300:1  303:1  304:2  305:2  307:1  310:1  318:1  322:1  327:1  328:2  329:3  330:1  333:1  336:1  340:2  347:1  348:1  350:2  352:1  355:1  367:1  379:1  386:1  391:1  419:1  442:1  446:3  449:1  596:1  649:1  660:1
12075.540384,89.769738,1581.848629
[PASSED]
[time 37.94 s, user 35.95 s, sys 1.83 s, maxrss 2073696 KB]
[busy 3906 jiffies]
[exit 0]
--- c2 case 0 rec 1   load 1.00 1.00 1.00
[TEST C2-FST]
Processing dataset...
Done!
Building trie...
trie size: 23.143724 MB
Done!
build time: 14080.120374 ms (1408.012037 ns per key)
space cost: 78.247462 MB (15.667723% of original size 499.418229 MB)
Querying trie...
Done!
total time: 18521.439683 ms, avg latency: 1852.143968 ns
topology: 13.508587 MB, link: 21.314508 MB, data: 43.424367 MB
--- Unary Path Analysis (FST, cutoff=4) ---
  shared unary steps in main trie: 10222647
  terminal suffixes: inplace=1703226 (avg len=2.16)  links=6715973 (79.8% of terminal)
  link len: avg=10.80  max=659  total_chars=72556931
  link length distribution (len:count):  4:696901  5:673915  6:668087  7:559938  8:460143  9:408987  10:371411  11:317336  12:286791  13:230146  14:219886  15:194657  16:260212  17:141485  18:132694  19:152516  20:142603  21:91996  22:80093  23:71031  24:65911  25:55655  26:49759  27:43541  28:39655  29:33371  30:31744  31:26630  32:22544  33:19836  34:17416  35:15244  36:14777  37:12475  38:10684  39:9704  40:8252  41:7414  42:7187  43:6077  44:4975  45:4415  46:4008  47:3641  48:3548  49:3129  50:2543  51:2408  52:2048  53:1756  54:1822  55:1758  56:1478  57:1179  58:1174  59:1028  60:1021  61:1008  62:800  63:782  64:703  65:577  66:564  67:679  68:553  69:459  70:394  71:348  72:410  73:498  74:336  75:309  76:287  77:230  78:220  79:262  80:269  81:251  82:214  83:163  84:154  85:231  86:178  87:132  88:144  89:127  90:127  91:212  92:153  93:106  94:107  95:76  96:81  97:157  98:106  99:86  100:109  101:82  102:64  103:107  104:90  105:70  106:58  107:55  108:63  109:130  110:83  111:45  112:41  113:46  114:39  115:60  116:60  117:41  118:52  119:37  120:39  121:51  122:48  123:30  124:24  125:39  126:42  127:48  128:44  129:34  130:23  131:19  132:20  133:26  134:27  135:27  136:16  137:30  138:27  139:16  140:24  141:15  142:13  143:23  144:25  145:30  146:25  147:14  148:7  149:15  150:16  151:9  152:19  153:25  154:20  155:19  156:17  157:10  158:12  159:18  160:5  161:5  162:9  163:10  164:14  165:17  166:11  167:8  168:6  169:2  170:5  171:9  172:11  173:14  174:10  175:6  176:8  177:8  178:8  179:7  180:8  181:5  182:7  183:9  184:6  185:5  186:4  187:6  188:7  189:12  190:7  191:5  192:3  193:7  194:3  195:5  196:2  197:4  198:3  199:6  200:8  201:7  202:9  204:4  205:5  206:5  207:1  208:12  209:3  210:7  211:2  212:2  213:2  214:4  215:2  216:4  217:3  218:6  219:4  220:3  221:3  222:2  223:4  224:2  225:3  226:3  227:3  228:3  229:1  231:4  232:1  233:1  234:2  235:2  236:4  237:4  238:2  239:1  240:1  241:1  242:1  243:5  245:2  246:2  247:2  249:1  250:1  251:1  252:3  254:3  255:6  256:2  257:2  259:1  260:1  261:4  262:3  263:1  264:1  265:1  268:4  270:1  271:1  272:1  273:1  274:1  276:2  280:1  285:1  286:1  287:1  293:1  294:1  300:1  303:1  304:2  305:2  307:1  310:1  318:1  322:1  327:1  328:2  329:3  330:1  333:1  336:1  340:2  347:1  348:1  350:2  352:1  355:1  367:1  379:1  386:1  391:1  419:1  442:1  446:3  449:1  596:1  649:1  660:1
14080.120374,78.247462,1852.143968
[PASSED]
[time 42.68 s, user 40.70 s, sys 1.80 s, maxrss 2062012 KB]
[busy 4373 jiffies]
[exit 0]
--- c2 case 0 rec 2   load 1.00 1.00 1.00
[TEST C2-FST]
Processing dataset...
Done!
Building trie...
trie size: 23.143724 MB
trie size: 3.515203 MB
Done!
build time: 14678.066182 ms (1467.806618 ns per key)
space cost: 78.247462 MB (15.667723% of original size 499.418229 MB)
Querying trie...
Done!
total time: 18431.354336 ms, avg latency: 1843.135434 ns
topology: 13.508587 MB, link: 21.314508 MB, data: 43.424367 MB
--- Unary Path Analysis (FST, cutoff=4) ---
  shared unary steps in main trie: 10222647
  terminal suffixes: inplace=1703226 (avg len=2.16)  links=6715973 (79.8% of terminal)
  link len: avg=10.80  max=659  total_chars=72556931
  link length distribution (len:count):  4:696901  5:673915  6:668087  7:559938  8:460143  9:408987  10:371411  11:317336  12:286791  13:230146  14:219886  15:194657  16:260212  17:141485  18:132694  19:152516  20:142603  21:91996  22:80093  23:71031  24:65911  25:55655  26:49759  27:43541  28:39655  29:33371  30:31744  31:26630  32:22544  33:19836  34:17416  35:15244  36:14777  37:12475  38:10684  39:9704  40:8252  41:7414  42:7187  43:6077  44:4975  45:4415  46:4008  47:3641  48:3548  49:3129  50:2543  51:2408  52:2048  53:1756  54:1822  55:1758  56:1478  57:1179  58:1174  59:1028  60:1021  61:1008  62:800  63:782  64:703  65:577  66:564  67:679  68:553  69:459  70:394  71:348  72:410  73:498  74:336  75:309  76:287  77:230  78:220  79:262  80:269  81:251  82:214  83:163  84:154  85:231  86:178  87:132  88:144  89:127  90:127  91:212  92:153  93:106  94:107  95:76  96:81  97:157  98:106  99:86  100:109  101:82  102:64  103:107  104:90  105:70  106:58  107:55  108:63  109:130  110:83  111:45  112:41  113:46  114:39  115:60  116:60  117:41  118:52  119:37  120:39  121:51  122:48  123:30  124:24  125:39  126:42  127:48  128:44  129:34  130:23  131:19  132:20  133:26  134:27  135:27  136:16  137:30  138:27  139:16  140:24  141:15  142:13  143:23  144:25  145:30  146:25  147:14  148:7  149:15  150:16  151:9  152:19  153:25  154:20  155:19  156:17  157:10  158:12  159:18  160:5  161:5  162:9  163:10  164:14  165:17  166:11  167:8  168:6  169:2  170:5  171:9  172:11  173:14  174:10  175:6  176:8  177:8  178:8  179:7  180:8  181:5  182:7  183:9  184:6  185:5  186:4  187:6  188:7  189:12  190:7  191:5  192:3  193:7  194:3  195:5  196:2  197:4  198:3  199:6  200:8  201:7  202:9  204:4  205:5  206:5  207:1  208:12  209:3  210:7  211:2  212:2  213:2  214:4  215:2  216:4  217:3  218:6  219:4  220:3  221:3  222:2  223:4  224:2  225:3  226:3  227:3  228:3  229:1  231:4  232:1  233:1  234:2  235:2  236:4  237:4  238:2  239:1  240:1  241:1  242:1  243:5  245:2  246:2  247:2  249:1  250:1  251:1  252:3  254:3  255:6  256:2  257:2  259:1  260:1  261:4  262:3  263:1  264:1  265:1  268:4  270:1  271:1  272:1  273:1  274:1  276:2  280:1  285:1  286:1  287:1  293:1  294:1  300:1  303:1  304:2  305:2  307:1  310:1  318:1  322:1  327:1  328:2  329:3  330:1  333:1  336:1  340:2  347:1  348:1  350:2  352:1  355:1  367:1  379:1  386:1  391:1  419:1  442:1  446:3  449:1  596:1  649:1  660:1
14678.066182,78.247462,1843.135434
[PASSED]
[time 43.14 s, user 41.16 s, sys 1.81 s, maxrss 2061844 KB]
[busy 4424 jiffies]
[exit 0]
--- c2 case 1 rec 0   load 0.92 0.98 0.99
[TEST C2-CoCo(LOUDS-Sparse)]
Processing dataset...
Done!
Building trie...
Done!
build time: 28745.896675 ms (2874.589667 ns per key)
space cost: 94.593055 MB (18.940649% of original size 499.418229 MB)
Querying trie...
Done!
total time: 15687.956282 ms, avg latency: 1568.795628 ns
topology: 4.283638 MB, link: 32.108927 MB, data: 58.200490 MB
28745.896675,94.593055,1568.795628
[PASSED]
[time 54.48 s, user 51.62 s, sys 2.64 s, maxrss 3698948 KB]
[busy 5568 jiffies]
[exit 0]
--- c2 case 1 rec 1   load 0.97 0.99 1.00
[TEST C2-CoCo(LOUDS-Sparse)]
Processing dataset...
Done!
Building trie...
trie size: 23.143724 MB
Done!
build time: 30745.787721 ms (3074.578772 ns per key)
space cost: 83.070779 MB (16.633510% of original size 499.418229 MB)
Querying trie...
Done!
total time: 18499.133055 ms, avg latency: 1849.913305 ns
topology: 6.127193 MB, link: 31.915912 MB, data: 45.027674 MB
30745.787721,83.070779,1849.913305
[PASSED]
[time 59.27 s, user 56.43 s, sys 2.60 s, maxrss 3571760 KB]
[busy 6092 jiffies]
[exit 0]
--- c2 case 1 rec 2   load 0.99 0.99 1.00
[TEST C2-CoCo(LOUDS-Sparse)]
Processing dataset...
Done!
Building trie...
trie size: 23.143724 MB
trie size: 3.515203 MB
Done!
build time: 31361.898593 ms (3136.189859 ns per key)
space cost: 83.070779 MB (16.633510% of original size 499.418229 MB)
Querying trie...
Done!
total time: 18583.366142 ms, avg latency: 1858.336614 ns
topology: 6.127193 MB, link: 31.915912 MB, data: 45.027674 MB
31361.898593,83.070779,1858.336614
[PASSED]
[time 59.97 s, user 57.14 s, sys 2.58 s, maxrss 3592800 KB]
[busy 6144 jiffies]
[exit 0]
--- c2 case 2 rec 0   load 1.00 1.00 1.00
[TEST C2-MARISA]
Processing dataset...
Done!
Building trie...
trie size: 23.210503 MB
Done!
build time: 11989.067222 ms (1198.906722 ns per key)
space cost: 79.565398 MB (15.931617% of original size 499.418229 MB)
Querying trie...
Done!
total time: 8929.854462 ms, avg latency: 892.985446 ns
topology: 7.658741 MB, link: 28.820719 MB, data: 42.757813 MB
--- Unary Path Analysis (Marisa, cutoff=3) ---
  branches: 15006864  |  single-char: 4344202 (28.9%)  short-unary: 992777 (6.6%)  links: 9669885 (64.4%)
  link len: avg=10.53  max=661  total_chars=101846674
  link length distribution (len:count):  3:979135  4:1063854  5:889005  6:816748  7:783836  8:655792  9:527524  10:470175  11:410531  12:348158  13:310501  14:249595  15:236303  16:208521  17:272348  18:152006  19:142197  20:160137  21:150517  22:97740  23:85053  24:75097  25:69397  26:58698  27:52492  28:46035  29:41825  30:35181  31:33558  32:28138  33:24094  34:21147  35:18522  36:16174  37:15646  38:13222  39:11318  40:10241  41:8684  42:7727  43:7580  44:6353  45:5175  46:4565  47:4156  48:3773  49:3667  50:3232  51:2627  52:2472  53:2112  54:1827  55:1870  56:1795  57:1516  58:1219  59:1198  60:1058  61:1063  62:1033  63:824  64:809  65:724  66:596  67:588  68:699  69:566  70:477  71:404  72:358  73:423  74:508  75:343  76:316  77:296  78:242  79:228  80:271  81:278  82:260  83:218  84:168  85:161  86:237  87:180  88:132  89:149  90:129  91:130  92:217  93:157  94:107  95:107  96:78  97:83  98:157  99:108  100:88  101:113  102:83  103:68  104:108  105:90  106:73  107:60  108:55  109:66  110:134  111:84  112:45  113:42  114:46  115:41  116:61  117:60  118:41  119:55  120:38  121:39  122:51  123:48  124:32  125:24  126:41  127:42  128:50  129:45  130:34  131:23  132:21  133:21  134:26  135:27  136:27  137:16  138:30  139:28  140:17  141:24  142:16  143:13  144:23  145:25  146:30  147:25  148:14  149:7  150:15  151:16  152:9  153:20  154:26  155:21  156:19  157:17  158:10  159:13  160:18  161:5  162:5  163:10  164:10  165:15  166:17  167:11  168:8  169:6  170:2  171:5  172:9  173:11  174:14  175:10  176:6  177:8  178:9  179:8  180:7  181:8  182:5  183:7  184:9  185:7  186:5  187:4  188:6  189:7  190:12  191:7  192:5  193:3  194:7  195:3  196:5  197:2  198:4  199:3  200:7  201:8  202:7  203:9  205:4  206:5  207:5  208:2  209:13  210:3  211:8  212:2  213:2  214:2  215:4  216:2  217:4  218:3  219:6  220:5  221:4  222:3  223:2  224:4  225:2  226:3  227:3  228:3  229:3  230:1  232:4  233:1  234:1  235:2  236:2  237:4  238:5  239:2  240:1  241:1  242:2  243:1  244:5  246:2  247:2  248:2  250:1  251:1  252:1  253:3  255:3  256:6  257:2  258:2  260:1  261:1  262:4  263:3  264:1  265:1  266:1  269:4  271:1  272:1  273:1  274:1  275:1  277:2  281:1  286:1  287:1  288:1  294:1  295:1  301:1  304:1  305:2  306:2  308:1  309:1  311:1  319:1  323:1  328:1  329:2  330:3  331:1  334:1  337:1  341:2  348:1  349:1  351:2  353:1  356:1  368:1  380:1  387:1  392:1  420:1  443:1  447:3  450:1  597:1  650:1  661:1
  short unary avg len: 2.00
11989.067222,79.565398,892.985446
[PASSED]
[time 30.99 s, user 28.89 s, sys 1.96 s, maxrss 2063404 KB]
[busy 3185 jiffies]
[exit 0]
--- c2 case 2 rec 1   load 1.00 1.00 1.00
[TEST C2-MARISA]
Processing dataset...
Done!
Building trie...
trie size: 23.210503 MB
trie size: 33.431739 MB
Done!
build time: 14373.424640 ms (1437.342464 ns per key)
space cost: 66.026621 MB (13.220707% of original size 499.418229 MB)
Querying trie...
Done!
total time: 11906.130151 ms, avg latency: 1190.613015 ns
topology: 9.965065 MB, link: 29.247737 MB, data: 26.485694 MB
--- Unary Path Analysis (Marisa, cutoff=3) ---
  branches: 15006864  |  single-char: 4344202 (28.9%)  short-unary: 992777 (6.6%)  links: 9669885 (64.4%)
  link len: avg=10.53  max=661  total_chars=101846674
  link length distribution (len:count):  3:979135  4:1063854  5:889005  6:816748  7:783836  8:655792  9:527524  10:470175  11:410531  12:348158  13:310501  14:249595  15:236303  16:208521  17:272348  18:152006  19:142197  20:160137  21:150517  22:97740  23:85053  24:75097  25:69397  26:58698  27:52492  28:46035  29:41825  30:35181  31:33558  32:28138  33:24094  34:21147  35:18522  36:16174  37:15646  38:13222  39:11318  40:10241  41:8684  42:7727  43:7580  44:6353  45:5175  46:4565  47:4156  48:3773  49:3667  50:3232  51:2627  52:2472  53:2112  54:1827  55:1870  56:1795  57:1516  58:1219  59:1198  60:1058  61:1063  62:1033  63:824  64:809  65:724  66:596  67:588  68:699  69:566  70:477  71:404  72:358  73:423  74:508  75:343  76:316  77:296  78:242  79:228  80:271  81:278  82:260  83:218  84:168  85:161  86:237  87:180  88:132  89:149  90:129  91:130  92:217  93:157  94:107  95:107  96:78  97:83  98:157  99:108  100:88  101:113  102:83  103:68  104:108  105:90  106:73  107:60  108:55  109:66  110:134  111:84  112:45  113:42  114:46  115:41  116:61  117:60  118:41  119:55  120:38  121:39  122:51  123:48  124:32  125:24  126:41  127:42  128:50  129:45  130:34  131:23  132:21  133:21  134:26  135:27  136:27  137:16  138:30  139:28  140:17  141:24  142:16  143:13  144:23  145:25  146:30  147:25  148:14  149:7  150:15  151:16  152:9  153:20  154:26  155:21  156:19  157:17  158:10  159:13  160:18  161:5  162:5  163:10  164:10  165:15  166:17  167:11  168:8  169:6  170:2  171:5  172:9  173:11  174:14  175:10  176:6  177:8  178:9  179:8  180:7  181:8  182:5  183:7  184:9  185:7  186:5  187:4  188:6  189:7  190:12  191:7  192:5  193:3  194:7  195:3  196:5  197:2  198:4  199:3  200:7  201:8  202:7  203:9  205:4  206:5  207:5  208:2  209:13  210:3  211:8  212:2  213:2  214:2  215:4  216:2  217:4  218:3  219:6  220:5  221:4  222:3  223:2  224:4  225:2  226:3  227:3  228:3  229:3  230:1  232:4  233:1  234:1  235:2  236:2  237:4  238:5  239:2  240:1  241:1  242:2  243:1  244:5  246:2  247:2  248:2  250:1  251:1  252:1  253:3  255:3  256:6  257:2  258:2  260:1  261:1  262:4  263:3  264:1  265:1  266:1  269:4  271:1  272:1  273:1  274:1  275:1  277:2  281:1  286:1  287:1  288:1  294:1  295:1  301:1  304:1  305:2  306:2  308:1  309:1  311:1  319:1  323:1  328:1  329:2  330:3  331:1  334:1  337:1  341:2  348:1  349:1  351:2  353:1  356:1  368:1  380:1  387:1  392:1  420:1  443:1  447:3  450:1  597:1  650:1  661:1
  short unary avg len: 2.00
14373.424640,66.026621,1190.613015
[PASSED]
[time 36.33 s, user 34.27 s, sys 1.90 s, maxrss 2050064 KB]
[busy 3730 jiffies]
[exit 0]
--- c2 case 2 rec 2   load 1.00 1.00 1.00
[TEST C2-MARISA]
Processing dataset...
Done!
Building trie...
trie size: 23.210503 MB
trie size: 33.431739 MB
trie size: 4.248938 MB
Done!
build time: 15048.169485 ms (1504.816949 ns per key)
space cost: 66.026621 MB (13.220707% of original size 499.418229 MB)
Querying trie...
Done!
total time: 11895.897227 ms, avg latency: 1189.589723 ns
topology: 9.965065 MB, link: 29.247737 MB, data: 26.485694 MB
--- Unary Path Analysis (Marisa, cutoff=3) ---
  branches: 15006864  |  single-char: 4344202 (28.9%)  short-unary: 992777 (6.6%)  links: 9669885 (64.4%)
  link len: avg=10.53  max=661  total_chars=101846674
  link length distribution (len:count):  3:979135  4:1063854  5:889005  6:816748  7:783836  8:655792  9:527524  10:470175  11:410531  12:348158  13:310501  14:249595  15:236303  16:208521  17:272348  18:152006  19:142197  20:160137  21:150517  22:97740  23:85053  24:75097  25:69397  26:58698  27:52492  28:46035  29:41825  30:35181  31:33558  32:28138  33:24094  34:21147  35:18522  36:16174  37:15646  38:13222  39:11318  40:10241  41:8684  42:7727  43:7580  44:6353  45:5175  46:4565  47:4156  48:3773  49:3667  50:3232  51:2627  52:2472  53:2112  54:1827  55:1870  56:1795  57:1516  58:1219  59:1198  60:1058  61:1063  62:1033  63:824  64:809  65:724  66:596  67:588  68:699  69:566  70:477  71:404  72:358  73:423  74:508  75:343  76:316  77:296  78:242  79:228  80:271  81:278  82:260  83:218  84:168  85:161  86:237  87:180  88:132  89:149  90:129  91:130  92:217  93:157  94:107  95:107  96:78  97:83  98:157  99:108  100:88  101:113  102:83  103:68  104:108  105:90  106:73  107:60  108:55  109:66  110:134  111:84  112:45  113:42  114:46  115:41  116:61  117:60  118:41  119:55  120:38  121:39  122:51  123:48  124:32  125:24  126:41  127:42  128:50  129:45  130:34  131:23  132:21  133:21  134:26  135:27  136:27  137:16  138:30  139:28  140:17  141:24  142:16  143:13  144:23  145:25  146:30  147:25  148:14  149:7  150:15  151:16  152:9  153:20  154:26  155:21  156:19  157:17  158:10  159:13  160:18  161:5  162:5  163:10  164:10  165:15  166:17  167:11  168:8  169:6  170:2  171:5  172:9  173:11  174:14  175:10  176:6  177:8  178:9  179:8  180:7  181:8  182:5  183:7  184:9  185:7  186:5  187:4  188:6  189:7  190:12  191:7  192:5  193:3  194:7  195:3  196:5  197:2  198:4  199:3  200:7  201:8  202:7  203:9  205:4  206:5  207:5  208:2  209:13  210:3  211:8  212:2  213:2  214:2  215:4  216:2  217:4  218:3  219:6  220:5  221:4  222:3  223:2  224:4  225:2  226:3  227:3  228:3  229:3  230:1  232:4  233:1  234:1  235:2  236:2  237:4  238:5  239:2  240:1  241:1  242:2  243:1  244:5  246:2  247:2  248:2  250:1  251:1  252:1  253:3  255:3  256:6  257:2  258:2  260:1  261:1  262:4  263:3  264:1  265:1  266:1  269:4  271:1  272:1  273:1  274:1  275:1  277:2  281:1  286:1  287:1  288:1  294:1  295:1  301:1  304:1  305:2  306:2  308:1  309:1  311:1  319:1  323:1  328:1  329:2  330:3  331:1  334:1  337:1  341:2  348:1  349:1  351:2  353:1  356:1  368:1  380:1  387:1  392:1  420:1  443:1  447:3  450:1  597:1  650:1  661:1
  short unary avg len: 2.00
15048.169485,66.026621,1189.589723
[PASSED]
[time 36.96 s, user 34.90 s, sys 1.91 s, maxrss 2049532 KB]
[busy 3798 jiffies]
[exit 0]
--- c2 case 3 rec 0   load 1.00 1.00 1.00
[TEST FST]
Processing dataset...
Done!
Building trie...
Done!
build time: 15752.906804 ms (1575.290680 ns per key)
space cost: 90.985074 MB (18.218212% of original size 499.418229 MB)
Querying trie...
Done!
total time: 19934.492600 ms, avg latency: 1993.449260 ns
not implemented
15752.906804,90.985074,1993.449260
[PASSED]
[time 45.79 s, user 44.25 s, sys 1.35 s, maxrss 2073304 KB]
[busy 4689 jiffies]
[exit 0]
--- c2 case 4 rec 0   skipped: exit 134 in round 1
--- c2 case 5 rec 0   load 1.00 1.00 1.00
[TEST MARISA]
Processing dataset...
Done!
Building trie...
Done!
build time: 10901.235571 ms (1090.123557 ns per key)
space cost: 82.540893 MB (16.527409% of original size 499.418229 MB)
Querying trie...
Done!
total time: 11156.967630 ms, avg latency: 1115.696763 ns
not implemented
10901.235571,82.540893,1115.696763
[PASSED]
[time 31.84 s, user 29.97 s, sys 1.73 s, maxrss 2342460 KB]
[busy 3266 jiffies]
[exit 0]
--- c2 case 5 rec 1   load 1.00 1.00 1.00
[TEST MARISA]
Processing dataset...
Done!
Building trie...
Done!
build time: 12080.186452 ms (1208.018645 ns per key)
space cost: 59.449470 MB (11.903744% of original size 499.418229 MB)
Querying trie...
Done!
total time: 15352.864596 ms, avg latency: 1535.286460 ns
not implemented
12080.186452,59.449470,1535.286460
[PASSED]
[time 37.20 s, user 35.27 s, sys 1.78 s, maxrss 2342456 KB]
[busy 3809 jiffies]
[exit 0]
--- c2 case 5 rec 2   load 1.00 1.00 1.00
[TEST MARISA]
Processing dataset...
Done!
Building trie...
Done!
build time: 12142.858451 ms (1214.285845 ns per key)
space cost: 55.623455 MB (11.137650% of original size 499.418229 MB)
Querying trie...
Done!
total time: 16344.206433 ms, avg latency: 1634.420643 ns
not implemented
12142.858451,55.623455,1634.420643
[PASSED]
[time 38.21 s, user 36.32 s, sys 1.73 s, maxrss 2342236 KB]
[busy 3910 jiffies]
[exit 0]
--- c2 case 6 rec 0   load 1.00 1.00 1.00
[TEST PDT]
Processing dataset...
Done!
Building trie...
dict size: 156234, stream size: 59837983
Done!
build time: 27940.999448 ms (2794.099945 ns per key)
space cost: 69.980471 MB (14.012398% of original size 499.418229 MB)
Querying trie...
Done!
total time: 11685.659050 ms, avg latency: 1168.565905 ns
not implemented
27940.999448,69.980471,1168.565905
[PASSED]
[time 49.68 s, user 47.58 s, sys 1.89 s, maxrss 2053588 KB]
[busy 5081 jiffies]
[exit 0]
--- c2 case 7 rec 0   load 1.00 1.00 1.00
[TEST ART]
Processing dataset...
Done!
Building trie...
Done!
build time: 3616.324970 ms (361.632497 ns per key)
space cost: 341.430801 MB (68.365707% of original size 499.418229 MB)
Querying trie...
Done!
total time: 8994.846241 ms, avg latency: 899.484624 ns
not implemented
3616.324970,341.430801,899.484624
[PASSED]
[time 22.74 s, user 20.99 s, sys 1.65 s, maxrss 2884856 KB]
[busy 2329 jiffies]
[exit 0]
--- c2 case 8 rec 0   load 1.00 1.00 1.00
[TEST CART]
Processing dataset...
Done!
Building trie...
Done!
build time: 4207.393966 ms (420.739397 ns per key)
space cost: 160.654354 MB (32.168300% of original size 499.418229 MB)
Querying trie...
Done!
total time: 9579.219381 ms, avg latency: 957.921938 ns
not implemented
4207.393966,160.654354,957.921938
[PASSED]
[time 23.88 s, user 22.17 s, sys 1.61 s, maxrss 2766048 KB]
[busy 2454 jiffies]
[exit 0]
--- xcdat 7   load 1.00 1.00 1.00
build time: 12697.990600 ms
space cost: 117.959981 MiB (23.619478% of original size 499.418229 MiB)
avg latency: 851.883715 ns
12697.990600,117.959981,851.883715
[time 31.19 s, user 29.24 s, sys 1.81 s, maxrss 2101568 KB]
[busy 3200 jiffies]
[exit 0]
--- xcdat 8   load 1.00 1.00 1.00
build time: 12343.295257 ms
space cost: 114.082344 MiB (22.843048% of original size 499.418229 MiB)
avg latency: 807.533499 ns
12343.295257,114.082344,807.533499
[time 30.41 s, user 28.50 s, sys 1.79 s, maxrss 2097580 KB]
[busy 3110 jiffies]
[exit 0]
--- xcdat 15   load 1.00 1.00 1.00
build time: 12664.045135 ms
space cost: 140.648740 MiB (28.162516% of original size 499.418229 MiB)
avg latency: 699.296674 ns
12664.045135,140.648740,699.296674
[time 29.63 s, user 27.65 s, sys 1.86 s, maxrss 2125044 KB]
[busy 3040 jiffies]
[exit 0]
--- xcdat 16   load 0.92 0.98 0.99
build time: 12387.778608 ms
space cost: 147.118110 MiB (29.457897% of original size 499.418229 MiB)
avg latency: 753.986090 ns
12387.778608,147.118110,753.986090
[time 29.95 s, user 27.95 s, sys 1.87 s, maxrss 2131632 KB]
[busy 3068 jiffies]
[exit 0]

##### uuid-10000000 (10000000 lines, 370000000 bytes)   round 3/3   2026-09-20T16:19:00+03:00
--- lexindex dict32   load 0.95 0.99 1.00
10000000 keys
lexindex DictIndex block 32: build 1498 ms, size 173.033 MiB (18.144 B/key), latency cold 740.5 ns, then mean 745.3 / min 740.9 ns
1498.336,173.033094,740.511
[time 37.47 s, user 44.68 s, sys 2.07 s, maxrss 1920508 KB]
[busy 4789 jiffies]
[exit 0]
--- lexindex dict256   load 0.97 0.99 1.00
10000000 keys
lexindex DictIndex block 256: build 1511 ms, size 167.461 MiB (17.560 B/key), latency cold 703.9 ns, then mean 702.0 / min 700.8 ns
1511.080,167.461316,703.935
[time 35.80 s, user 43.32 s, sys 2.13 s, maxrss 1906276 KB]
[busy 4685 jiffies]
[exit 0]
--- lexindex dict1024   load 0.99 0.99 1.00
10000000 keys
lexindex DictIndex block 1024: build 1500 ms, size 166.102 MiB (17.417 B/key), latency cold 682.4 ns, then mean 684.4 / min 683.0 ns
1499.890,166.101995,682.351
[time 35.04 s, user 42.45 s, sys 2.12 s, maxrss 1901960 KB]
[busy 4584 jiffies]
[exit 0]
--- lexindex string   load 1.00 1.00 1.00
10000000 keys
lexindex StringIndex: build 24143 ms, size 343.964 MiB (36.067 B/key), latency cold 719.4 ns, then mean 720.6 / min 719.2 ns
24142.976,343.963631,719.356
[time 59.05 s, user 57.77 s, sys 1.03 s, maxrss 1956576 KB]
[busy 6048 jiffies]
[exit 0]
--- c2 case 0 rec 0   load 1.00 1.00 1.00
[TEST C2-FST]
Processing dataset...
Done!
Building trie...
Done!
build time: 13876.227267 ms (1387.622727 ns per key)
space cost: 224.266170 MB (65.322256% of original size 343.322754 MB)
Querying trie...
Done!
total time: 7193.959337 ms, avg latency: 719.395934 ns
topology: 7.652824 MB, link: 34.870965 MB, data: 181.742380 MB
--- Unary Path Analysis (FST, cutoff=4) ---
  shared unary steps in main trie: 126967
  terminal suffixes: inplace=0 (avg len=0.00)  links=10000000 (100.0% of terminal)
  link len: avg=28.51  max=30  total_chars=285103126
  link length distribution (len:count):  23:4  24:94  25:1324  26:21561  28:340409  29:4123330  30:5512548  31:730
13876.227267,224.266170,719.395934
[PASSED]
[time 30.20 s, user 27.76 s, sys 2.31 s, maxrss 3090104 KB]
[busy 3103 jiffies]
[exit 0]
--- c2 case 0 rec 1   load 1.00 1.00 1.00
[TEST C2-FST]
Processing dataset...
Done!
Building trie...
trie size: 47.664446 MB
Done!
build time: 25880.347173 ms (2588.034717 ns per key)
space cost: 224.266170 MB (65.322256% of original size 343.322754 MB)
Querying trie...
Done!
total time: 7119.561407 ms, avg latency: 711.956141 ns
topology: 7.652824 MB, link: 34.870965 MB, data: 181.742380 MB
--- Unary Path Analysis (FST, cutoff=4) ---
  shared unary steps in main trie: 126967
  terminal suffixes: inplace=0 (avg len=0.00)  links=10000000 (100.0% of terminal)
  link len: avg=28.51  max=30  total_chars=285103126
  link length distribution (len:count):  23:4  24:94  25:1324  26:21561  28:340409  29:4123330  30:5512548  31:730
25880.347173,224.266170,711.956141
[PASSED]
[time 42.11 s, user 39.31 s, sys 2.63 s, maxrss 3559900 KB]
[busy 4304 jiffies]
[exit 0]
--- c2 case 0 rec 2   load 1.00 1.00 1.00
[TEST C2-FST]
Processing dataset...
Done!
Building trie...
trie size: 47.664446 MB
Done!
build time: 25820.411637 ms (2582.041164 ns per key)
space cost: 224.266170 MB (65.322256% of original size 343.322754 MB)
Querying trie...
Done!
total time: 6970.807856 ms, avg latency: 697.080786 ns
topology: 7.652824 MB, link: 34.870965 MB, data: 181.742380 MB
--- Unary Path Analysis (FST, cutoff=4) ---
  shared unary steps in main trie: 126967
  terminal suffixes: inplace=0 (avg len=0.00)  links=10000000 (100.0% of terminal)
  link len: avg=28.51  max=30  total_chars=285103126
  link length distribution (len:count):  23:4  24:94  25:1324  26:21561  28:340409  29:4123330  30:5512548  31:730
25820.411637,224.266170,697.080786
[PASSED]
[time 41.93 s, user 39.11 s, sys 2.64 s, maxrss 3559408 KB]
[busy 4288 jiffies]
[exit 0]
--- c2 case 1 rec 0   load 0.98 1.00 1.00
[TEST C2-CoCo(LOUDS-Sparse)]
Processing dataset...
Done!
Building trie...
Done!
build time: 17579.799610 ms (1757.979961 ns per key)
space cost: 212.803069 MB (61.983386% of original size 343.322754 MB)
Querying trie...
Done!
total time: 7095.357042 ms, avg latency: 709.535704 ns
topology: 3.395058 MB, link: 36.016802 MB, data: 173.391209 MB
17579.799610,212.803069,709.535704
[PASSED]
[time 34.20 s, user 31.08 s, sys 2.97 s, maxrss 4160964 KB]
[busy 3495 jiffies]
[exit 0]
--- c2 case 1 rec 1   load 0.91 0.98 0.99
[TEST C2-CoCo(LOUDS-Sparse)]
Processing dataset...
Done!
Building trie...
trie size: 47.664446 MB
Done!
build time: 29532.604041 ms (2953.260404 ns per key)
space cost: 212.803069 MB (61.983386% of original size 343.322754 MB)
Querying trie...
Done!
total time: 7212.409616 ms, avg latency: 721.240962 ns
topology: 3.395058 MB, link: 36.016802 MB, data: 173.391209 MB
29532.604041,212.803069,721.240962
[PASSED]
[time 45.89 s, user 42.38 s, sys 3.32 s, maxrss 4629964 KB]
[busy 4706 jiffies]
[exit 0]
--- c2 case 1 rec 2   load 0.96 0.99 1.00
[TEST C2-CoCo(LOUDS-Sparse)]
Processing dataset...
Done!
Building trie...
trie size: 47.664446 MB
Done!
build time: 29449.350056 ms (2944.935006 ns per key)
space cost: 212.803069 MB (61.983386% of original size 343.322754 MB)
Querying trie...
Done!
total time: 7053.923122 ms, avg latency: 705.392312 ns
topology: 3.395058 MB, link: 36.016802 MB, data: 173.391209 MB
29449.350056,212.803069,705.392312
[PASSED]
[time 45.61 s, user 42.12 s, sys 3.30 s, maxrss 4630348 KB]
[busy 4668 jiffies]
[exit 0]
--- c2 case 2 rec 0   load 0.98 0.99 1.00
[TEST C2-MARISA]
Processing dataset...
Done!
Building trie...
trie size: 19.421587 MB
Done!
build time: 12839.286853 ms (1283.928685 ns per key)
space cost: 218.030363 MB (63.505946% of original size 343.322754 MB)
Querying trie...
Done!
total time: 5735.728847 ms, avg latency: 573.572885 ns
topology: 6.395802 MB, link: 33.418009 MB, data: 177.888428 MB
--- Unary Path Analysis (Marisa, cutoff=3) ---
  branches: 13314429  |  single-char: 3205780 (24.1%)  short-unary: 97508 (0.7%)  links: 10011141 (75.2%)
  link len: avg=30.48  max=32  total_chars=305143726
  link length distribution (len:count):  3:4393  4:6350  5:369  6:27  7:2  24:4  25:94  26:1324  27:21561  29:340409  30:4123330  31:5512548  32:730
  short unary avg len: 2.00
12839.286853,218.030363,573.572885
[PASSED]
[time 27.77 s, user 25.37 s, sys 2.28 s, maxrss 3004128 KB]
[busy 2853 jiffies]
[exit 0]
--- c2 case 2 rec 1   load 0.99 1.00 1.00
[TEST C2-MARISA]
Processing dataset...
Done!
Building trie...
trie size: 19.421587 MB
trie size: 47.697874 MB
Done!
build time: 24915.391983 ms (2491.539198 ns per key)
space cost: 218.030363 MB (63.505946% of original size 343.322754 MB)
Querying trie...
Done!
total time: 5686.057954 ms, avg latency: 568.605795 ns
topology: 6.395802 MB, link: 33.418009 MB, data: 177.888428 MB
--- Unary Path Analysis (Marisa, cutoff=3) ---
  branches: 13314429  |  single-char: 3205780 (24.1%)  short-unary: 97508 (0.7%)  links: 10011141 (75.2%)
  link len: avg=30.48  max=32  total_chars=305143726
  link length distribution (len:count):  3:4393  4:6350  5:369  6:27  7:2  24:4  25:94  26:1324  27:21561  29:340409  30:4123330  31:5512548  32:730
  short unary avg len: 2.00
24915.391983,218.030363,568.605795
[PASSED]
[time 39.72 s, user 36.82 s, sys 2.73 s, maxrss 3497812 KB]
[busy 4071 jiffies]
[exit 0]
--- c2 case 2 rec 2   load 1.00 1.00 1.00
[TEST C2-MARISA]
Processing dataset...
Done!
Building trie...
trie size: 19.421587 MB
trie size: 47.697874 MB
Done!
build time: 24868.302623 ms (2486.830262 ns per key)
space cost: 218.030363 MB (63.505946% of original size 343.322754 MB)
Querying trie...
Done!
total time: 5708.282788 ms, avg latency: 570.828279 ns
topology: 6.395802 MB, link: 33.418009 MB, data: 177.888428 MB
--- Unary Path Analysis (Marisa, cutoff=3) ---
  branches: 13314429  |  single-char: 3205780 (24.1%)  short-unary: 97508 (0.7%)  links: 10011141 (75.2%)
  link len: avg=30.48  max=32  total_chars=305143726
  link length distribution (len:count):  3:4393  4:6350  5:369  6:27  7:2  24:4  25:94  26:1324  27:21561  29:340409  30:4123330  31:5512548  32:730
  short unary avg len: 2.00
24868.302623,218.030363,570.828279
[PASSED]
[time 39.70 s, user 36.91 s, sys 2.63 s, maxrss 3497860 KB]
[busy 4057 jiffies]
[exit 0]
--- c2 case 3 rec 0   load 1.00 1.00 1.00
[TEST FST]
Processing dataset...
Done!
Building trie...
Done!
build time: 10529.742234 ms (1052.974223 ns per key)
space cost: 341.746040 MB (99.540749% of original size 343.322754 MB)
Querying trie...
Done!
total time: 6959.574990 ms, avg latency: 695.957499 ns
not implemented
10529.742234,341.746040,695.957499
[PASSED]
[time 26.57 s, user 24.82 s, sys 1.64 s, maxrss 1916860 KB]
[busy 2720 jiffies]
[exit 0]
--- c2 case 4 rec 0   skipped: exit 134 in round 1
--- c2 case 5 rec 0   load 1.00 1.00 1.00
[TEST MARISA]
Processing dataset...
Done!
Building trie...
Done!
build time: 7846.367865 ms (784.636786 ns per key)
space cost: 346.565342 MB (100.944472% of original size 343.322754 MB)
Querying trie...
Done!
total time: 7870.120051 ms, avg latency: 787.012005 ns
not implemented
7846.367865,346.565342,787.012005
[PASSED]
[time 24.66 s, user 22.71 s, sys 1.85 s, maxrss 2465204 KB]
[busy 2531 jiffies]
[exit 0]
--- c2 case 5 rec 1   load 1.00 1.00 1.00
[TEST MARISA]
Processing dataset...
Done!
Building trie...
Done!
build time: 12721.655710 ms (1272.165571 ns per key)
space cost: 330.987365 MB (96.407058% of original size 343.322754 MB)
Querying trie...
Done!
total time: 15440.759384 ms, avg latency: 1544.075938 ns
not implemented
12721.655710,330.987365,1544.075938
[PASSED]
[time 37.08 s, user 34.82 s, sys 2.10 s, maxrss 2416380 KB]
[busy 3800 jiffies]
[exit 0]
--- c2 case 5 rec 2   load 0.92 0.98 0.99
[TEST MARISA]
Processing dataset...
Done!
Building trie...
Done!
build time: 16449.032165 ms (1644.903217 ns per key)
space cost: 316.683807 MB (92.240844% of original size 343.322754 MB)
Querying trie...
Done!
total time: 23737.968305 ms, avg latency: 2373.796830 ns
not implemented
16449.032165,316.683807,2373.796830
[PASSED]
[time 49.08 s, user 46.49 s, sys 2.38 s, maxrss 2381560 KB]
[busy 5049 jiffies]
[exit 0]
--- c2 case 6 rec 0   load 0.89 0.97 0.99
[TEST PDT]
Processing dataset...
Done!
Building trie...
dict size: 166678, stream size: 192351068
Done!
build time: 127307.554694 ms (12730.755469 ns per key)
space cost: 196.364757 MB (57.195381% of original size 343.322754 MB)
Querying trie...
Done!
total time: 11512.198108 ms, avg latency: 1151.219811 ns
not implemented
127307.554694,196.364757,1151.219811
[PASSED]
[time 147.97 s, user 143.67 s, sys 3.72 s, maxrss 2858360 KB]
[busy 15167 jiffies]
[exit 0]
--- c2 case 7 rec 0   load 0.99 0.99 1.00
[TEST ART]
Processing dataset...
Done!
Building trie...
Done!
build time: 2177.514895 ms (217.751489 ns per key)
space cost: 274.100403 MB (79.837529% of original size 343.322754 MB)
Querying trie...
Done!
total time: 5158.512287 ms, avg latency: 515.851229 ns
not implemented
2177.514895,274.100403,515.851229
[PASSED]
[time 16.59 s, user 15.16 s, sys 1.36 s, maxrss 2232064 KB]
[busy 1704 jiffies]
[exit 0]
--- c2 case 8 rec 0   load 1.00 0.99 1.00
[TEST CART]
Processing dataset...
Done!
Building trie...
Done!
build time: 2460.462949 ms (246.046295 ns per key)
space cost: 120.320314 MB (35.045832% of original size 343.322754 MB)
Querying trie...
Done!
total time: 5389.082149 ms, avg latency: 538.908215 ns
not implemented
2460.462949,120.320314,538.908215
[PASSED]
[time 17.00 s, user 15.60 s, sys 1.32 s, maxrss 2096880 KB]
[busy 1745 jiffies]
[exit 0]
--- xcdat 7   load 0.92 0.97 0.99
build time: 11326.794882 ms
space cost: 365.827440 MiB (106.554965% of original size 343.322754 MiB)
avg latency: 650.210387 ns
11326.794882,365.827440,650.210387
[time 26.89 s, user 24.89 s, sys 1.89 s, maxrss 1989932 KB]
[busy 2763 jiffies]
[exit 0]
--- xcdat 8   load 0.95 0.97 1.00
build time: 10326.494855 ms
space cost: 357.688156 MiB (104.184227% of original size 343.322754 MiB)
avg latency: 616.706372 ns
10326.494855,357.688156,616.706372
[time 25.52 s, user 23.50 s, sys 1.91 s, maxrss 1959644 KB]
[busy 2626 jiffies]
[exit 0]
--- xcdat 15   load 0.97 0.98 1.00
build time: 10506.501527 ms
space cost: 367.954617 MiB (107.174550% of original size 343.322754 MiB)
avg latency: 552.452590 ns
10506.501527,367.954617,552.452590
[time 25.12 s, user 23.10 s, sys 1.92 s, maxrss 1946840 KB]
[busy 2587 jiffies]
[exit 0]
--- xcdat 16   load 0.90 0.96 0.99
build time: 10294.351387 ms
space cost: 371.930763 MiB (108.332687% of original size 343.322754 MiB)
avg latency: 560.591986 ns
10294.351387,371.930763,560.591986
[time 24.95 s, user 22.88 s, sys 1.97 s, maxrss 1955452 KB]
[busy 2555 jiffies]
[exit 0]

campaign done 2026-09-20T16:35:01+03:00, load 0.93 0.97 1.00
