frontier campaign
date: 2026-09-20T11:41:35+03:00
host: arz
commit: 7e42c43
table: frontier-1m
lexindex: 4.0.0
kernel: Linux 7.2.5-200.fc44.x86_64 x86_64
cpu: AMD Ryzen 7 5800HS with Radeon Graphics
cores/threads: 8 / 16
caches: L2 512 KiB, L3 16384 KiB
governor: powersave
transparent hugepages: always [madvise] never
compiler: c++ (GCC) 16.2.1 20260819 (Red Hat 16.2.1-2)
rustc: rustc 1.98.1 (48a229cea 2026-09-01)
load at start: 0.12 0.23 0.85
rounds: 3, even rounds in the reverse order
quiet before each process: under 1.0 busy CPUs for 1 s
clock ticks: 100
address space cap: 28000000 KB
timeout: 1800 s a process
pin c2: 92c1b861456b https://github.com/alexztc/C2
pin c2/lib/sdsl-lite: 4312ea9c9370 https://github.com/vgteam/sdsl-lite
pin c2/lib/ds2i: 4f46606cc077 https://github.com/aboffa/ds2i (modified: compact_elias_fano.hpp,succinct)
pin c2/lib/sux: 5944f6b5c1c7 https://github.com/vigna/sux (modified: sux/util/Vector.hpp)
pin c2/lib/fsst: e638d4cf8c26 https://github.com/cwida/fsst
pin c2/baseline_marisa/marisa: e54f296bb52d https://github.com/s-yata/marisa-trie
pin c2/baseline_ctriepp/ctriepp: 52d2c16a7bb6 https://gitlab.com/ofek.gila1/ctriepp
pin xcdat: 2451441dcc09 https://github.com/kampersanda/xcdat
pin c2/lib/ds2i/succinct: ea74747a8b1c (gitlink)
pin c2/lib/sdsl-lite/external/googletest: 71815bbf7de6 (gitlink)
pin c2/lib/sdsl-lite/external/libdivsufsort: 0f24acd8de20 (gitlink)
pin coco adapted headers: ee860d4b1e62 https://github.com/aboffa/CoCo-trie (by sha256)

##### words-full (479823 lines, 4953557 bytes)   round 1/3   2026-09-20T11:41:35+03:00
--- lexindex dict32   load 0.12 0.23 0.85
479823 keys
lexindex DictIndex block 32: build 62 ms, size 1.304 MiB (2.850 B/key), latency cold 265.4 ns, then mean 263.1 / min 261.9 ns
61.543,1.304057,265.415
[time 0.78 s, user 0.86 s, sys 0.05 s, maxrss 89116 KB]
[busy 140 jiffies]
[exit 0]
--- lexindex dict256   load 0.27 0.26 0.86
479823 keys
lexindex DictIndex block 256: build 63 ms, size 1.206 MiB (2.635 B/key), latency cold 311.0 ns, then mean 309.3 / min 296.0 ns
62.583,1.205790,310.980
[time 0.85 s, user 0.94 s, sys 0.05 s, maxrss 87724 KB]
[busy 156 jiffies]
[exit 0]
--- lexindex dict1024   load 0.27 0.26 0.86
479823 keys
lexindex DictIndex block 1024: build 70 ms, size 1.150 MiB (2.513 B/key), latency cold 359.9 ns, then mean 360.7 / min 359.6 ns
70.241,1.150117,359.928
[time 0.94 s, user 0.96 s, sys 0.05 s, maxrss 77632 KB]
[busy 109 jiffies]
[exit 0]
--- lexindex string   load 0.33 0.28 0.86
479823 keys
lexindex StringIndex: build 188 ms, size 2.724 MiB (5.953 B/key), latency cold 231.7 ns, then mean 230.7 / min 214.2 ns
188.010,2.724010,231.715
[time 0.83 s, user 0.78 s, sys 0.03 s, maxrss 63848 KB]
[busy 138 jiffies]
[exit 0]
--- c2 case 0 rec 0   load 0.33 0.28 0.86
[TEST C2-FST]
Processing dataset...
Done!
Building trie...
Done!
build time: 70.460219 ms (146.846272 ns per key)
space cost: 1.889297 MB (44.282271% of original size 4.266485 MB)
Querying trie...
Done!
total time: 124.302672 ms, avg latency: 259.059428 ns
topology: 0.420059 MB, link: 0.189988 MB, data: 1.279249 MB
--- Unary Path Analysis (FST, cutoff=4) ---
  shared unary steps in main trie: 150595
  terminal suffixes: inplace=193950 (avg len=1.79)  links=60939 (23.9% of terminal)
  link len: avg=4.24  max=35  total_chars=258586
  link length distribution (len:count):  4:25346  5:15798  6:9608  7:4976  8:2612  9:1355  10:653  11:330  12:137  13:65  14:25  15:11  16:9  17:6  18:2  19:3  20:1  21:1  36:1
70.460219,1.889297,259.059428
[PASSED]
[time 0.37 s, user 0.33 s, sys 0.03 s, maxrss 48924 KB]
[busy 43 jiffies]
[exit 0]
--- c2 case 0 rec 1   load 0.33 0.28 0.86
[TEST C2-FST]
Processing dataset...
Done!
Building trie...
trie size: 0.142362 MB
Done!
build time: 72.933697 ms (152.001253 ns per key)
space cost: 1.889297 MB (44.282271% of original size 4.266485 MB)
Querying trie...
Done!
total time: 123.904073 ms, avg latency: 258.228707 ns
topology: 0.420059 MB, link: 0.189988 MB, data: 1.279249 MB
--- Unary Path Analysis (FST, cutoff=4) ---
  shared unary steps in main trie: 150595
  terminal suffixes: inplace=193950 (avg len=1.79)  links=60939 (23.9% of terminal)
  link len: avg=4.24  max=35  total_chars=258586
  link length distribution (len:count):  4:25346  5:15798  6:9608  7:4976  8:2612  9:1355  10:653  11:330  12:137  13:65  14:25  15:11  16:9  17:6  18:2  19:3  20:1  21:1  36:1
72.933697,1.889297,258.228707
[PASSED]
[time 0.38 s, user 0.34 s, sys 0.03 s, maxrss 48860 KB]
[busy 42 jiffies]
[exit 0]
--- c2 case 0 rec 2   load 0.30 0.27 0.85
[TEST C2-FST]
Processing dataset...
Done!
Building trie...
trie size: 0.142362 MB
Done!
build time: 73.246575 ms (152.653322 ns per key)
space cost: 1.889297 MB (44.282271% of original size 4.266485 MB)
Querying trie...
Done!
total time: 123.764400 ms, avg latency: 257.937614 ns
topology: 0.420059 MB, link: 0.189988 MB, data: 1.279249 MB
--- Unary Path Analysis (FST, cutoff=4) ---
  shared unary steps in main trie: 150595
  terminal suffixes: inplace=193950 (avg len=1.79)  links=60939 (23.9% of terminal)
  link len: avg=4.24  max=35  total_chars=258586
  link length distribution (len:count):  4:25346  5:15798  6:9608  7:4976  8:2612  9:1355  10:653  11:330  12:137  13:65  14:25  15:11  16:9  17:6  18:2  19:3  20:1  21:1  36:1
73.246575,1.889297,257.937614
[PASSED]
[time 0.37 s, user 0.34 s, sys 0.03 s, maxrss 49004 KB]
[busy 43 jiffies]
[exit 0]
--- c2 case 1 rec 0   load 0.30 0.27 0.85
[TEST C2-CoCo(LOUDS-Sparse)]
Processing dataset...
Done!
Building trie...
Done!
build time: 417.162252 ms (869.408619 ns per key)
space cost: 2.136750 MB (50.082199% of original size 4.266485 MB)
Querying trie...
Done!
total time: 198.842998 ms, avg latency: 414.409059 ns
topology: 0.195229 MB, link: 0.520357 MB, data: 1.421164 MB
417.162252,2.136750,414.409059
[PASSED]
[time 0.79 s, user 0.74 s, sys 0.05 s, maxrss 97772 KB]
[busy 85 jiffies]
[exit 0]
--- c2 case 1 rec 1   load 0.30 0.27 0.85
[TEST C2-CoCo(LOUDS-Sparse)]
Processing dataset...
Done!
Building trie...
trie size: 0.142362 MB
Done!
build time: 421.756125 ms (878.982719 ns per key)
space cost: 2.136750 MB (50.082199% of original size 4.266485 MB)
Querying trie...
Done!
total time: 198.364629 ms, avg latency: 413.412089 ns
topology: 0.195229 MB, link: 0.520357 MB, data: 1.421164 MB
421.756125,2.136750,413.412089
[PASSED]
[time 0.80 s, user 0.74 s, sys 0.05 s, maxrss 97816 KB]
[busy 104 jiffies]
[exit 0]
--- c2 case 1 rec 2   load 0.28 0.27 0.85
[TEST C2-CoCo(LOUDS-Sparse)]
Processing dataset...
Done!
Building trie...
trie size: 0.142362 MB
Done!
build time: 420.142242 ms (875.619222 ns per key)
space cost: 2.136750 MB (50.082199% of original size 4.266485 MB)
Querying trie...
Done!
total time: 197.723093 ms, avg latency: 412.075063 ns
topology: 0.195229 MB, link: 0.520357 MB, data: 1.421164 MB
420.142242,2.136750,412.075063
[PASSED]
[time 0.80 s, user 0.74 s, sys 0.05 s, maxrss 98052 KB]
[busy 86 jiffies]
[exit 0]
--- c2 case 2 rec 0   load 0.28 0.27 0.85
[TEST C2-MARISA]
Processing dataset...
Done!
Building trie...
trie size: 1.224291 MB
Done!
build time: 110.667881 ms (230.643135 ns per key)
space cost: 1.753984 MB (41.110759% of original size 4.266485 MB)
Querying trie...
Done!
total time: 100.158213 ms, avg latency: 208.739917 ns
topology: 0.405689 MB, link: 0.420969 MB, data: 0.917072 MB
--- Unary Path Analysis (Marisa, cutoff=3) ---
  branches: 742737  |  single-char: 411656 (55.4%)  short-unary: 124451 (16.8%)  links: 206630 (27.8%)
  link len: avg=4.35  max=37  total_chars=898820
  link length distribution (len:count):  3:81252  4:55503  5:30038  6:18037  7:10646  8:5519  9:2885  10:1442  11:688  12:346  13:146  14:66  15:26  16:12  17:9  18:7  19:2  20:3  21:1  22:1  37:1
  short unary avg len: 2.00
110.667881,1.753984,208.739917
[PASSED]
[time 0.38 s, user 0.34 s, sys 0.04 s, maxrss 63036 KB]
[busy 43 jiffies]
[exit 0]
--- c2 case 2 rec 1   load 0.28 0.27 0.85
[TEST C2-MARISA]
Processing dataset...
Done!
Building trie...
trie size: 1.224291 MB
trie size: 0.455650 MB
Done!
build time: 112.932476 ms (235.362782 ns per key)
space cost: 1.692706 MB (39.674487% of original size 4.266485 MB)
Querying trie...
Done!
total time: 105.917164 ms, avg latency: 220.742157 ns
topology: 0.426247 MB, link: 0.398585 MB, data: 0.857620 MB
--- Unary Path Analysis (Marisa, cutoff=3) ---
  branches: 742737  |  single-char: 411656 (55.4%)  short-unary: 124451 (16.8%)  links: 206630 (27.8%)
  link len: avg=4.35  max=37  total_chars=898820
  link length distribution (len:count):  3:81252  4:55503  5:30038  6:18037  7:10646  8:5519  9:2885  10:1442  11:688  12:346  13:146  14:66  15:26  16:12  17:9  18:7  19:2  20:3  21:1  22:1  37:1
  short unary avg len: 2.00
112.932476,1.692706,220.742157
[PASSED]
[time 0.39 s, user 0.35 s, sys 0.04 s, maxrss 63032 KB]
[busy 43 jiffies]
[exit 0]
--- c2 case 2 rec 2   load 0.28 0.27 0.85
[TEST C2-MARISA]
Processing dataset...
Done!
Building trie...
trie size: 1.224291 MB
trie size: 0.455650 MB
trie size: 0.007228 MB
Done!
build time: 112.868377 ms (235.229193 ns per key)
space cost: 1.692706 MB (39.674487% of original size 4.266485 MB)
Querying trie...
Done!
total time: 108.506961 ms, avg latency: 226.139558 ns
topology: 0.426247 MB, link: 0.398585 MB, data: 0.857620 MB
--- Unary Path Analysis (Marisa, cutoff=3) ---
  branches: 742737  |  single-char: 411656 (55.4%)  short-unary: 124451 (16.8%)  links: 206630 (27.8%)
  link len: avg=4.35  max=37  total_chars=898820
  link length distribution (len:count):  3:81252  4:55503  5:30038  6:18037  7:10646  8:5519  9:2885  10:1442  11:688  12:346  13:146  14:66  15:26  16:12  17:9  18:7  19:2  20:3  21:1  22:1  37:1
  short unary avg len: 2.00
112.868377,1.692706,226.139558
[PASSED]
[time 0.39 s, user 0.35 s, sys 0.04 s, maxrss 62860 KB]
[busy 45 jiffies]
[exit 0]
--- c2 case 3 rec 0   load 0.34 0.28 0.85
[TEST FST]
Processing dataset...
Done!
Building trie...
Done!
build time: 183.749917 ms (382.953541 ns per key)
space cost: 2.144493 MB (50.263695% of original size 4.266485 MB)
Querying trie...
Done!
total time: 204.052837 ms, avg latency: 425.266894 ns
not implemented
183.749917,2.144493,425.266894
[PASSED]
[time 0.56 s, user 0.52 s, sys 0.03 s, maxrss 41544 KB]
[busy 63 jiffies]
[exit 0]
--- c2 case 4 rec 0   load 0.34 0.28 0.85
[TEST COCO]
Processing dataset...
Done!
Building trie...
num nodes = 100870, average depth = 2.907644
ef = 0.002379, pa = 0.381531, bv = 0.002558, de = 0.468484
efr = 0.010370, par = 0.134639, bvr = 0.000020, der = 0.000020
Done!
build time: 1573.294903 ms (3278.906811 ns per key)
space cost: 2.485874 MB (58.265159% of original size 4.266485 MB)
Querying trie...
Done!
total time: 181.033413 ms, avg latency: 377.292070 ns
not implemented
1573.294903,2.485874,377.292070
[PASSED]
[time 1.99 s, user 1.58 s, sys 0.39 s, maxrss 920364 KB]
[busy 212 jiffies]
[exit 0]
--- c2 case 5 rec 0   load 0.31 0.27 0.85
[TEST MARISA]
Processing dataset...
Done!
Building trie...
Done!
build time: 151.139991 ms (314.991134 ns per key)
space cost: 1.546566 MB (36.249182% of original size 4.266485 MB)
Querying trie...
Done!
total time: 147.591433 ms, avg latency: 307.595578 ns
not implemented
151.139991,1.546566,307.595578
[PASSED]
[time 0.47 s, user 0.43 s, sys 0.04 s, maxrss 63092 KB]
[busy 52 jiffies]
[exit 0]
--- c2 case 5 rec 1   load 0.31 0.27 0.85
[TEST MARISA]
Processing dataset...
Done!
Building trie...
Done!
build time: 154.679101 ms (322.367000 ns per key)
space cost: 1.371034 MB (32.134968% of original size 4.266485 MB)
Querying trie...
Done!
total time: 167.515161 ms, avg latency: 349.118656 ns
not implemented
154.679101,1.371034,349.118656
[PASSED]
[time 0.50 s, user 0.45 s, sys 0.04 s, maxrss 63104 KB]
[busy 57 jiffies]
[exit 0]
--- c2 case 5 rec 2   load 0.31 0.27 0.85
[TEST MARISA]
Processing dataset...
Done!
Building trie...
Done!
build time: 157.144303 ms (327.504732 ns per key)
space cost: 1.362252 MB (31.929145% of original size 4.266485 MB)
Querying trie...
Done!
total time: 167.201361 ms, avg latency: 348.464665 ns
not implemented
157.144303,1.362252,348.464665
[PASSED]
[time 0.50 s, user 0.45 s, sys 0.04 s, maxrss 63176 KB]
[busy 55 jiffies]
[exit 0]
--- c2 case 6 rec 0   load 0.29 0.27 0.84
[TEST PDT]
Processing dataset...
Done!
Building trie...
dict size: 35774, stream size: 975943
Done!
build time: 336.946872 ms (702.231598 ns per key)
space cost: 1.577207 MB (36.967352% of original size 4.266485 MB)
Querying trie...
Done!
total time: 207.232933 ms, avg latency: 431.894538 ns
not implemented
336.946872,1.577207,431.894538
[PASSED]
[time 0.72 s, user 0.68 s, sys 0.03 s, maxrss 52844 KB]
[busy 80 jiffies]
[exit 0]
--- c2 case 7 rec 0   load 0.29 0.27 0.84
[TEST ART]
Processing dataset...
Done!
Building trie...
Done!
build time: 46.679484 ms (97.284799 ns per key)
space cost: 16.425407 MB (384.986859% of original size 4.266485 MB)
Querying trie...
Done!
total time: 83.652738 ms, avg latency: 174.340826 ns
not implemented
46.679484,16.425407,174.340826
[PASSED]
[time 0.30 s, user 0.26 s, sys 0.03 s, maxrss 61740 KB]
[busy 36 jiffies]
[exit 0]
--- c2 case 8 rec 0   load 0.29 0.27 0.84
[TEST CART]
Processing dataset...
Done!
Building trie...
Done!
build time: 68.120011 ms (141.969041 ns per key)
space cost: 7.328448 MB (171.767812% of original size 4.266485 MB)
Querying trie...
Done!
total time: 103.361232 ms, avg latency: 215.415334 ns
not implemented
68.120011,7.328448,215.415334
[PASSED]
[time 0.34 s, user 0.30 s, sys 0.03 s, maxrss 62152 KB]
[busy 40 jiffies]
[exit 0]
--- xcdat 7   load 0.29 0.27 0.84
build time: 108.052887 ms
space cost: 2.721505 MiB (63.787990% of original size 4.266485 MiB)
avg latency: 107.233257 ns
108.052887,2.721505,107.233257
[time 0.33 s, user 0.29 s, sys 0.03 s, maxrss 52148 KB]
[busy 37 jiffies]
[exit 0]
--- xcdat 8   load 0.42 0.30 0.85
build time: 97.702098 ms
space cost: 2.597720 MiB (60.886655% of original size 4.266485 MiB)
avg latency: 109.893277 ns
97.702098,2.597720,109.893277
[time 0.32 s, user 0.28 s, sys 0.03 s, maxrss 52132 KB]
[busy 36 jiffies]
[exit 0]
--- xcdat 15   load 0.42 0.30 0.85
build time: 108.805532 ms
space cost: 3.340850 MiB (78.304499% of original size 4.266485 MiB)
avg latency: 78.716866 ns
108.805532,3.340850,78.716866
[time 0.32 s, user 0.27 s, sys 0.04 s, maxrss 57880 KB]
[busy 36 jiffies]
[exit 0]
--- xcdat 16   load 0.42 0.30 0.85
build time: 97.609484 ms
space cost: 3.550420 MiB (83.216503% of original size 4.266485 MiB)
avg latency: 85.930324 ns
97.609484,3.550420,85.930324
[time 0.31 s, user 0.27 s, sys 0.03 s, maxrss 58172 KB]
[busy 35 jiffies]
[exit 0]

##### dna-1000000 (1000000 lines, 25000000 bytes)   round 1/3   2026-09-20T11:42:16+03:00
--- lexindex dict32   load 0.39 0.29 0.84
1000000 keys
lexindex DictIndex block 32: build 114 ms, size 4.768 MiB (5.000 B/key), latency cold 357.0 ns, then mean 348.5 / min 346.4 ns
113.728,4.768131,356.970
[time 2.01 s, user 2.46 s, sys 0.15 s, maxrss 184812 KB]
[busy 279 jiffies]
[exit 0]
--- lexindex dict256   load 0.39 0.29 0.84
1000000 keys
lexindex DictIndex block 256: build 116 ms, size 4.172 MiB (4.375 B/key), latency cold 349.7 ns, then mean 345.3 / min 342.3 ns
116.101,4.172320,349.689
[time 2.00 s, user 2.45 s, sys 0.15 s, maxrss 184716 KB]
[busy 278 jiffies]
[exit 0]
--- lexindex dict1024   load 0.44 0.30 0.84
1000000 keys
lexindex DictIndex block 1024: build 121 ms, size 4.035 MiB (4.231 B/key), latency cold 382.3 ns, then mean 381.6 / min 380.0 ns
121.066,4.034555,382.284
[time 2.15 s, user 2.38 s, sys 0.10 s, maxrss 172788 KB]
[busy 266 jiffies]
[exit 0]
--- lexindex string   load 0.44 0.30 0.84
1000000 keys
lexindex StringIndex: build 1124 ms, size 16.920 MiB (17.741 B/key), latency cold 512.8 ns, then mean 510.1 / min 502.8 ns
1123.856,16.919603,512.837
[time 3.65 s, user 3.55 s, sys 0.08 s, maxrss 163924 KB]
[busy 384 jiffies]
[exit 0]
--- c2 case 0 rec 0   load 0.48 0.32 0.84
[TEST C2-FST]
Processing dataset...
Done!
Building trie...
Done!
build time: 1448.554389 ms (1448.554389 ns per key)
space cost: 11.502727 MB (50.256179% of original size 22.888184 MB)
Querying trie...
Done!
total time: 418.470731 ms, avg latency: 418.470731 ns
topology: 0.892128 MB, link: 2.893083 MB, data: 7.717516 MB
--- Unary Path Analysis (FST, cutoff=4) ---
  shared unary steps in main trie: 98146
  terminal suffixes: inplace=2 (avg len=3.00)  links=999998 (100.0% of terminal)
  link len: avg=12.12  max=15  total_chars=12118007
  link length distribution (len:count):  4:2  5:10  6:40  7:176  8:732  9:2727  10:11261  11:42928  12:153933  13:402475  14:363824  15:21889  16:1
1448.554389,11.502727,418.470731
[PASSED]
[time 2.57 s, user 2.39 s, sys 0.16 s, maxrss 255588 KB]
[busy 271 jiffies]
[exit 0]
--- c2 case 0 rec 1   load 0.53 0.33 0.85
[TEST C2-FST]
Processing dataset...
Done!
Building trie...
trie size: 5.258043 MB
Done!
build time: 2147.364293 ms (2147.364293 ns per key)
space cost: 11.502727 MB (50.256179% of original size 22.888184 MB)
Querying trie...
Done!
total time: 417.448871 ms, avg latency: 417.448871 ns
topology: 0.892128 MB, link: 2.893083 MB, data: 7.717516 MB
--- Unary Path Analysis (FST, cutoff=4) ---
  shared unary steps in main trie: 98146
  terminal suffixes: inplace=2 (avg len=3.00)  links=999998 (100.0% of terminal)
  link len: avg=12.12  max=15  total_chars=12118007
  link length distribution (len:count):  4:2  5:10  6:40  7:176  8:732  9:2727  10:11261  11:42928  12:153933  13:402475  14:363824  15:21889  16:1
2147.364293,11.502727,417.448871
[PASSED]
[time 3.25 s, user 3.06 s, sys 0.17 s, maxrss 284164 KB]
[busy 340 jiffies]
[exit 0]
--- c2 case 0 rec 2   load 0.56 0.34 0.85
[TEST C2-FST]
Processing dataset...
Done!
Building trie...
trie size: 5.258043 MB
Done!
build time: 2149.439582 ms (2149.439582 ns per key)
space cost: 11.502727 MB (50.256179% of original size 22.888184 MB)
Querying trie...
Done!
total time: 418.275595 ms, avg latency: 418.275595 ns
topology: 0.892128 MB, link: 2.893083 MB, data: 7.717516 MB
--- Unary Path Analysis (FST, cutoff=4) ---
  shared unary steps in main trie: 98146
  terminal suffixes: inplace=2 (avg len=3.00)  links=999998 (100.0% of terminal)
  link len: avg=12.12  max=15  total_chars=12118007
  link length distribution (len:count):  4:2  5:10  6:40  7:176  8:732  9:2727  10:11261  11:42928  12:153933  13:402475  14:363824  15:21889  16:1
2149.439582,11.502727,418.275595
[PASSED]
[time 3.28 s, user 3.08 s, sys 0.18 s, maxrss 284252 KB]
[busy 343 jiffies]
[exit 0]
--- c2 case 1 rec 0   load 0.68 0.37 0.85
[TEST C2-CoCo(LOUDS-Sparse)]
Processing dataset...
Done!
Building trie...
Done!
build time: 2005.615839 ms (2005.615839 ns per key)
space cost: 9.777104 MB (42.716818% of original size 22.888184 MB)
Querying trie...
Done!
total time: 445.961187 ms, avg latency: 445.961187 ns
topology: 0.343521 MB, link: 3.029230 MB, data: 6.404353 MB
2005.615839,9.777104,445.961187
[PASSED]
[time 3.16 s, user 2.97 s, sys 0.18 s, maxrss 385876 KB]
[busy 330 jiffies]
[exit 0]
--- c2 case 1 rec 1   load 0.62 0.36 0.85
[TEST C2-CoCo(LOUDS-Sparse)]
Processing dataset...
Done!
Building trie...
trie size: 5.258043 MB
Done!
build time: 2710.324298 ms (2710.324298 ns per key)
space cost: 9.777104 MB (42.716818% of original size 22.888184 MB)
Querying trie...
Done!
total time: 454.860970 ms, avg latency: 454.860970 ns
topology: 0.343521 MB, link: 3.029230 MB, data: 6.404353 MB
2710.324298,9.777104,454.860970
[PASSED]
[time 3.88 s, user 3.65 s, sys 0.20 s, maxrss 413780 KB]
[busy 404 jiffies]
[exit 0]
--- c2 case 1 rec 2   load 0.57 0.35 0.84
[TEST C2-CoCo(LOUDS-Sparse)]
Processing dataset...
Done!
Building trie...
trie size: 5.258043 MB
Done!
build time: 2702.727623 ms (2702.727623 ns per key)
space cost: 9.777104 MB (42.716818% of original size 22.888184 MB)
Querying trie...
Done!
total time: 470.237835 ms, avg latency: 470.237835 ns
topology: 0.343521 MB, link: 3.029230 MB, data: 6.404353 MB
2702.727623,9.777104,470.237835
[PASSED]
[time 3.89 s, user 3.67 s, sys 0.20 s, maxrss 413936 KB]
[busy 421 jiffies]
[exit 0]
--- c2 case 2 rec 0   load 0.53 0.35 0.84
[TEST C2-MARISA]
Processing dataset...
Done!
Building trie...
trie size: 2.428399 MB
Done!
build time: 1333.198348 ms (1333.198348 ns per key)
space cost: 10.748939 MB (46.962829% of original size 22.888184 MB)
Querying trie...
Done!
total time: 389.345293 ms, avg latency: 389.345293 ns
topology: 0.804615 MB, link: 2.791285 MB, data: 7.132531 MB
--- Unary Path Analysis (Marisa, cutoff=3) ---
  branches: 1681124  |  single-char: 605889 (36.0%)  short-unary: 58000 (3.5%)  links: 1017235 (60.5%)
  link len: avg=13.94  max=17  total_chars=14175392
  link length distribution (len:count):  3:13001  4:3156  5:812  6:209  7:97  8:186  9:733  10:2730  11:11261  12:42928  13:153933  14:402475  15:363824  16:21889  17:1
  short unary avg len: 2.00
1333.198348,10.748939,389.345293
[PASSED]
[time 2.42 s, user 2.24 s, sys 0.16 s, maxrss 252472 KB]
[busy 255 jiffies]
[exit 0]
--- c2 case 2 rec 1   load 0.53 0.35 0.84
[TEST C2-MARISA]
Processing dataset...
Done!
Building trie...
trie size: 2.428399 MB
trie size: 5.162292 MB
Done!
build time: 2237.760482 ms (2237.760482 ns per key)
space cost: 10.748939 MB (46.962829% of original size 22.888184 MB)
Querying trie...
Done!
total time: 394.116658 ms, avg latency: 394.116658 ns
topology: 0.804615 MB, link: 2.791285 MB, data: 7.132531 MB
--- Unary Path Analysis (Marisa, cutoff=3) ---
  branches: 1681124  |  single-char: 605889 (36.0%)  short-unary: 58000 (3.5%)  links: 1017235 (60.5%)
  link len: avg=13.94  max=17  total_chars=14175392
  link length distribution (len:count):  3:13001  4:3156  5:812  6:209  7:97  8:186  9:733  10:2730  11:11261  12:42928  13:153933  14:402475  15:363824  16:21889  17:1
  short unary avg len: 2.00
2237.760482,10.748939,394.116658
[PASSED]
[time 3.36 s, user 3.12 s, sys 0.22 s, maxrss 285312 KB]
[busy 349 jiffies]
[exit 0]
--- c2 case 2 rec 2   load 0.57 0.36 0.84
[TEST C2-MARISA]
Processing dataset...
Done!
Building trie...
trie size: 2.428399 MB
trie size: 5.162292 MB
Done!
build time: 2209.078417 ms (2209.078417 ns per key)
space cost: 10.748939 MB (46.962829% of original size 22.888184 MB)
Querying trie...
Done!
total time: 389.056059 ms, avg latency: 389.056059 ns
topology: 0.804615 MB, link: 2.791285 MB, data: 7.132531 MB
--- Unary Path Analysis (Marisa, cutoff=3) ---
  branches: 1681124  |  single-char: 605889 (36.0%)  short-unary: 58000 (3.5%)  links: 1017235 (60.5%)
  link len: avg=13.94  max=17  total_chars=14175392
  link length distribution (len:count):  3:13001  4:3156  5:812  6:209  7:97  8:186  9:733  10:2730  11:11261  12:42928  13:153933  14:402475  15:363824  16:21889  17:1
  short unary avg len: 2.00
2209.078417,10.748939,389.056059
[PASSED]
[time 3.33 s, user 3.09 s, sys 0.22 s, maxrss 284976 KB]
[busy 348 jiffies]
[exit 0]
--- c2 case 3 rec 0   load 0.60 0.37 0.84
[TEST FST]
Processing dataset...
Done!
Building trie...
Done!
build time: 953.729253 ms (953.729253 ns per key)
space cost: 18.082896 MB (79.005379% of original size 22.888184 MB)
Querying trie...
Done!
total time: 559.957833 ms, avg latency: 559.957833 ns
not implemented
953.729253,18.082896,559.957833
[PASSED]
[time 2.23 s, user 2.11 s, sys 0.11 s, maxrss 178832 KB]
[busy 237 jiffies]
[exit 0]
--- c2 case 4 rec 0   load 0.55 0.36 0.83
[TEST COCO]
Processing dataset...
Done!
Building trie...
num nodes = 65537, average depth = 14.999878
ef = 0.000000, pa = 0.000000, bv = 0.000000, de = 0.000015
efr = 0.000015, par = 0.999969, bvr = 0.000000, der = 0.000000
Done!
build time: 22272.760127 ms (22272.760127 ns per key)
space cost: 5.857979 MB (25.593899% of original size 22.888184 MB)
Querying trie...
Done!
total time: 385.284803 ms, avg latency: 385.284803 ns
not implemented
22272.760127,5.857979,385.284803
[PASSED]
[time 24.28 s, user 18.42 s, sys 5.76 s, maxrss 13623556 KB]
[busy 2516 jiffies]
[exit 0]
--- c2 case 5 rec 0   load 0.63 0.40 0.83
[TEST MARISA]
Processing dataset...
Done!
Building trie...
Done!
build time: 689.115638 ms (689.115638 ns per key)
space cost: 18.867507 MB (82.433396% of original size 22.888184 MB)
Querying trie...
Done!
total time: 550.884785 ms, avg latency: 550.884785 ns
not implemented
689.115638,18.867507,550.884785
[PASSED]
[time 1.94 s, user 1.79 s, sys 0.13 s, maxrss 222800 KB]
[busy 203 jiffies]
[exit 0]
--- c2 case 5 rec 1   load 0.63 0.40 0.83
[TEST MARISA]
Processing dataset...
Done!
Building trie...
Done!
build time: 952.122724 ms (952.122724 ns per key)
space cost: 7.640043 MB (33.379858% of original size 22.888184 MB)
Querying trie...
Done!
total time: 735.387015 ms, avg latency: 735.387015 ns
not implemented
952.122724,7.640043,735.387015
[PASSED]
[time 2.40 s, user 2.24 s, sys 0.14 s, maxrss 221968 KB]
[busy 253 jiffies]
[exit 0]
--- c2 case 5 rec 2   load 0.66 0.41 0.83
[TEST MARISA]
Processing dataset...
Done!
Building trie...
Done!
build time: 951.571508 ms (951.571508 ns per key)
space cost: 7.210847 MB (31.504671% of original size 22.888184 MB)
Querying trie...
Done!
total time: 787.132428 ms, avg latency: 787.132428 ns
not implemented
951.571508,7.210847,787.132428
[PASSED]
[time 2.45 s, user 2.30 s, sys 0.14 s, maxrss 221956 KB]
[busy 257 jiffies]
[exit 0]
--- c2 case 6 rec 0   load 0.60 0.40 0.83
[TEST PDT]
Processing dataset...
Done!
Building trie...
dict size: 151324, stream size: 6218209
Done!
build time: 2932.387547 ms (2932.387547 ns per key)
space cost: 7.350519 MB (32.114908% of original size 22.888184 MB)
Querying trie...
Done!
total time: 796.160893 ms, avg latency: 796.160893 ns
not implemented
2932.387547,7.350519,796.160893
[PASSED]
[time 4.45 s, user 4.28 s, sys 0.15 s, maxrss 212928 KB]
[busy 461 jiffies]
[exit 0]
--- c2 case 7 rec 0   load 0.64 0.41 0.83
[TEST ART]
Processing dataset...
Done!
Building trie...
Done!
build time: 191.190788 ms (191.190788 ns per key)
space cost: 33.278465 MB (145.395833% of original size 22.888184 MB)
Querying trie...
Done!
total time: 415.283903 ms, avg latency: 415.283903 ns
not implemented
191.190788,33.278465,415.283903
[PASSED]
[time 1.34 s, user 1.22 s, sys 0.11 s, maxrss 223048 KB]
[busy 142 jiffies]
[exit 0]
--- c2 case 8 rec 0   load 0.64 0.41 0.83
[TEST CART]
Processing dataset...
Done!
Building trie...
Done!
build time: 247.278120 ms (247.278120 ns per key)
space cost: 15.643999 MB (68.349675% of original size 22.888184 MB)
Querying trie...
Done!
total time: 474.694960 ms, avg latency: 474.694960 ns
not implemented
247.278120,15.643999,474.694960
[PASSED]
[time 1.46 s, user 1.34 s, sys 0.10 s, maxrss 214704 KB]
[busy 156 jiffies]
[exit 0]
--- xcdat 7   load 0.75 0.44 0.84
build time: 835.942515 ms
space cost: 19.789600 MiB (86.462083% of original size 22.888184 MiB)
avg latency: 301.858129 ns
835.942515,19.789600,301.858129
[time 1.84 s, user 1.72 s, sys 0.11 s, maxrss 180536 KB]
[busy 195 jiffies]
[exit 0]
--- xcdat 8   load 0.75 0.44 0.84
build time: 803.619889 ms
space cost: 19.685819 MiB (86.008654% of original size 22.888184 MiB)
avg latency: 303.526955 ns
803.619889,19.685819,303.526955
[time 1.82 s, user 1.68 s, sys 0.13 s, maxrss 180332 KB]
[busy 195 jiffies]
[exit 0]
--- xcdat 15   load 0.77 0.45 0.84
build time: 828.541137 ms
space cost: 21.414997 MiB (93.563550% of original size 22.888184 MiB)
avg latency: 285.939447 ns
828.541137,21.414997,285.939447
[time 1.83 s, user 1.69 s, sys 0.12 s, maxrss 182276 KB]
[busy 194 jiffies]
[exit 0]
--- xcdat 16   load 0.77 0.45 0.84
build time: 805.233721 ms
space cost: 21.935129 MiB (95.836042% of original size 22.888184 MiB)
avg latency: 295.821435 ns
805.233721,21.935129,295.821435
[time 1.81 s, user 1.69 s, sys 0.11 s, maxrss 182832 KB]
[busy 190 jiffies]
[exit 0]

##### domains-1000000 (1000000 lines, 14782044 bytes)   round 1/3   2026-09-20T11:44:08+03:00
--- lexindex dict32   load 0.78 0.46 0.84
1000000 keys
lexindex DictIndex block 32: build 211 ms, size 4.599 MiB (4.822 B/key), latency cold 320.4 ns, then mean 315.6 / min 312.1 ns
210.818,4.598972,320.416
[time 1.96 s, user 3.17 s, sys 0.21 s, maxrss 236448 KB]
[busy 357 jiffies]
[exit 0]
--- lexindex dict256   load 0.72 0.45 0.83
1000000 keys
lexindex DictIndex block 256: build 211 ms, size 4.291 MiB (4.500 B/key), latency cold 341.0 ns, then mean 337.5 / min 336.0 ns
210.604,4.291158,341.032
[time 2.05 s, user 3.28 s, sys 0.22 s, maxrss 236644 KB]
[busy 369 jiffies]
[exit 0]
--- lexindex dict1024   load 0.72 0.45 0.83
1000000 keys
lexindex DictIndex block 1024: build 230 ms, size 4.160 MiB (4.363 B/key), latency cold 417.9 ns, then mean 415.7 / min 413.9 ns
230.052,4.160439,417.894
[time 2.36 s, user 3.14 s, sys 0.14 s, maxrss 213932 KB]
[busy 346 jiffies]
[exit 0]
--- lexindex string   load 0.74 0.46 0.84
1000000 keys
lexindex StringIndex: build 603 ms, size 10.017 MiB (10.504 B/key), latency cold 288.5 ns, then mean 286.7 / min 282.7 ns
602.703,10.017015,288.460
[time 2.22 s, user 2.13 s, sys 0.07 s, maxrss 135432 KB]
[busy 237 jiffies]
[exit 0]
--- c2 case 0 rec 0   load 0.68 0.45 0.83
[TEST C2-FST]
Processing dataset...
Done!
Building trie...
Done!
build time: 642.388425 ms (642.388425 ns per key)
space cost: 6.917822 MB (52.632701% of original size 13.143581 MB)
Querying trie...
Done!
total time: 341.717117 ms, avg latency: 341.717117 ns
topology: 0.942398 MB, link: 2.041207 MB, data: 3.934216 MB
--- Unary Path Analysis (FST, cutoff=4) ---
  shared unary steps in main trie: 268333
  terminal suffixes: inplace=220500 (avg len=1.97)  links=754948 (77.4% of terminal)
  link len: avg=6.76  max=63  total_chars=5105329
  link length distribution (len:count):  4:91687  5:111663  6:114934  7:103953  8:85177  9:68086  10:51456  11:37502  12:26935  13:19286  14:13392  15:9281  16:6718  17:4599  18:3138  19:2143  20:1561  21:980  22:717  23:511  24:315  25:289  26:154  27:98  28:76  29:70  30:38  31:24  32:35  33:24  34:15  35:9  36:12  37:9  38:5  39:5  40:5  41:8  42:4  43:7  45:3  46:1  48:1  50:1  52:4  54:2  55:1  56:5  57:4  59:2  63:2  64:1
642.388425,6.917822,341.717117
[PASSED]
[time 1.40 s, user 1.29 s, sys 0.10 s, maxrss 183176 KB]
[busy 148 jiffies]
[exit 0]
--- c2 case 0 rec 1   load 0.68 0.45 0.83
[TEST C2-FST]
Processing dataset...
Done!
Building trie...
trie size: 2.171301 MB
Done!
build time: 694.735919 ms (694.735919 ns per key)
space cost: 6.261899 MB (47.642258% of original size 13.143581 MB)
Querying trie...
Done!
total time: 392.672334 ms, avg latency: 392.672334 ns
topology: 1.096256 MB, link: 1.933458 MB, data: 3.232184 MB
--- Unary Path Analysis (FST, cutoff=4) ---
  shared unary steps in main trie: 268333
  terminal suffixes: inplace=220500 (avg len=1.97)  links=754948 (77.4% of terminal)
  link len: avg=6.76  max=63  total_chars=5105329
  link length distribution (len:count):  4:91687  5:111663  6:114934  7:103953  8:85177  9:68086  10:51456  11:37502  12:26935  13:19286  14:13392  15:9281  16:6718  17:4599  18:3138  19:2143  20:1561  21:980  22:717  23:511  24:315  25:289  26:154  27:98  28:76  29:70  30:38  31:24  32:35  33:24  34:15  35:9  36:12  37:9  38:5  39:5  40:5  41:8  42:4  43:7  45:3  46:1  48:1  50:1  52:4  54:2  55:1  56:5  57:4  59:2  63:2  64:1
694.735919,6.261899,392.672334
[PASSED]
[time 1.52 s, user 1.41 s, sys 0.10 s, maxrss 183292 KB]
[busy 164 jiffies]
[exit 0]
--- c2 case 0 rec 2   load 0.63 0.44 0.83
[TEST C2-FST]
Processing dataset...
Done!
Building trie...
trie size: 2.171301 MB
trie size: 0.145336 MB
Done!
build time: 700.719753 ms (700.719753 ns per key)
space cost: 6.261899 MB (47.642258% of original size 13.143581 MB)
Querying trie...
Done!
total time: 395.050473 ms, avg latency: 395.050473 ns
topology: 1.096256 MB, link: 1.933458 MB, data: 3.232184 MB
--- Unary Path Analysis (FST, cutoff=4) ---
  shared unary steps in main trie: 268333
  terminal suffixes: inplace=220500 (avg len=1.97)  links=754948 (77.4% of terminal)
  link len: avg=6.76  max=63  total_chars=5105329
  link length distribution (len:count):  4:91687  5:111663  6:114934  7:103953  8:85177  9:68086  10:51456  11:37502  12:26935  13:19286  14:13392  15:9281  16:6718  17:4599  18:3138  19:2143  20:1561  21:980  22:717  23:511  24:315  25:289  26:154  27:98  28:76  29:70  30:38  31:24  32:35  33:24  34:15  35:9  36:12  37:9  38:5  39:5  40:5  41:8  42:4  43:7  45:3  46:1  48:1  50:1  52:4  54:2  55:1  56:5  57:4  59:2  63:2  64:1
700.719753,6.261899,395.050473
[PASSED]
[time 1.54 s, user 1.42 s, sys 0.11 s, maxrss 183352 KB]
[busy 163 jiffies]
[exit 0]
--- c2 case 1 rec 0   load 0.63 0.44 0.83
[TEST C2-CoCo(LOUDS-Sparse)]
Processing dataset...
Done!
Building trie...
Done!
build time: 1348.236485 ms (1348.236485 ns per key)
space cost: 6.955368 MB (52.918365% of original size 13.143581 MB)
Querying trie...
Done!
total time: 495.734193 ms, avg latency: 495.734193 ns
topology: 0.405121 MB, link: 2.743303 MB, data: 3.806944 MB
1348.236485,6.955368,495.734193
[PASSED]
[time 2.28 s, user 2.10 s, sys 0.17 s, maxrss 326840 KB]
[busy 239 jiffies]
[exit 0]
--- c2 case 1 rec 1   load 0.66 0.45 0.83
[TEST C2-CoCo(LOUDS-Sparse)]
Processing dataset...
Done!
Building trie...
trie size: 2.171301 MB
Done!
build time: 1425.734218 ms (1425.734218 ns per key)
space cost: 6.299446 MB (47.927923% of original size 13.143581 MB)
Querying trie...
Done!
total time: 539.669771 ms, avg latency: 539.669771 ns
topology: 0.558979 MB, link: 2.635554 MB, data: 3.104912 MB
1425.734218,6.299446,539.669771
[PASSED]
[time 2.41 s, user 2.23 s, sys 0.16 s, maxrss 326812 KB]
[busy 252 jiffies]
[exit 0]
--- c2 case 1 rec 2   load 0.66 0.45 0.83
[TEST C2-CoCo(LOUDS-Sparse)]
Processing dataset...
Done!
Building trie...
trie size: 2.171301 MB
trie size: 0.145336 MB
Done!
build time: 1441.109038 ms (1441.109038 ns per key)
space cost: 6.299446 MB (47.927923% of original size 13.143581 MB)
Querying trie...
Done!
total time: 542.258806 ms, avg latency: 542.258806 ns
topology: 0.558979 MB, link: 2.635554 MB, data: 3.104912 MB
1441.109038,6.299446,542.258806
[PASSED]
[time 2.42 s, user 2.23 s, sys 0.17 s, maxrss 326892 KB]
[busy 254 jiffies]
[exit 0]
--- c2 case 2 rec 0   load 0.69 0.46 0.83
[TEST C2-MARISA]
Processing dataset...
Done!
Building trie...
trie size: 2.220281 MB
Done!
build time: 688.689027 ms (688.689027 ns per key)
space cost: 6.286226 MB (47.827347% of original size 13.143581 MB)
Querying trie...
Done!
total time: 264.288985 ms, avg latency: 264.288985 ns
topology: 0.735279 MB, link: 2.419176 MB, data: 3.111263 MB
--- Unary Path Analysis (Marisa, cutoff=3) ---
  branches: 1529804  |  single-char: 445053 (29.1%)  short-unary: 119280 (7.8%)  links: 965471 (63.1%)
  link len: avg=7.67  max=65  total_chars=7409785
  link length distribution (len:count):  3:106346  4:81524  5:100388  6:117171  7:118183  8:106006  9:86378  10:68801  11:51930  12:37786  13:27091  14:19390  15:13458  16:9322  17:6753  18:4616  19:3149  20:2153  21:1566  22:983  23:724  24:512  25:321  26:290  27:155  28:98  29:77  30:70  31:40  32:24  33:35  34:24  35:16  36:9  37:12  38:9  39:5  40:5  41:5  42:8  43:4  44:7  46:3  47:1  49:1  51:1  53:4  55:2  56:1  57:5  58:4  60:2  64:2  65:1
  short unary avg len: 2.00
688.689027,6.286226,264.288985
[PASSED]
[time 1.38 s, user 1.26 s, sys 0.11 s, maxrss 205888 KB]
[busy 148 jiffies]
[exit 0]
--- c2 case 2 rec 1   load 0.63 0.45 0.82
[TEST C2-MARISA]
Processing dataset...
Done!
Building trie...
trie size: 2.220281 MB
trie size: 2.823213 MB
Done!
build time: 796.536999 ms (796.536999 ns per key)
space cost: 5.413679 MB (41.188767% of original size 13.143581 MB)
Querying trie...
Done!
total time: 336.796270 ms, avg latency: 336.796270 ns
topology: 0.947487 MB, link: 2.305346 MB, data: 2.140338 MB
--- Unary Path Analysis (Marisa, cutoff=3) ---
  branches: 1529804  |  single-char: 445053 (29.1%)  short-unary: 119280 (7.8%)  links: 965471 (63.1%)
  link len: avg=7.67  max=65  total_chars=7409785
  link length distribution (len:count):  3:106346  4:81524  5:100388  6:117171  7:118183  8:106006  9:86378  10:68801  11:51930  12:37786  13:27091  14:19390  15:13458  16:9322  17:6753  18:4616  19:3149  20:2153  21:1566  22:983  23:724  24:512  25:321  26:290  27:155  28:98  29:77  30:70  31:40  32:24  33:35  34:24  35:16  36:9  37:12  38:9  39:5  40:5  41:5  42:8  43:4  44:7  46:3  47:1  49:1  51:1  53:4  55:2  56:1  57:5  58:4  60:2  64:2  65:1
  short unary avg len: 2.00
796.536999,5.413679,336.796270
[PASSED]
[time 1.59 s, user 1.46 s, sys 0.11 s, maxrss 206092 KB]
[busy 168 jiffies]
[exit 0]
--- c2 case 2 rec 2   load 0.63 0.45 0.82
[TEST C2-MARISA]
Processing dataset...
Done!
Building trie...
trie size: 2.220281 MB
trie size: 2.823213 MB
trie size: 0.214430 MB
Done!
build time: 805.264289 ms (805.264289 ns per key)
space cost: 5.413679 MB (41.188767% of original size 13.143581 MB)
Querying trie...
Done!
total time: 332.525695 ms, avg latency: 332.525695 ns
topology: 0.947487 MB, link: 2.305346 MB, data: 2.140338 MB
--- Unary Path Analysis (Marisa, cutoff=3) ---
  branches: 1529804  |  single-char: 445053 (29.1%)  short-unary: 119280 (7.8%)  links: 965471 (63.1%)
  link len: avg=7.67  max=65  total_chars=7409785
  link length distribution (len:count):  3:106346  4:81524  5:100388  6:117171  7:118183  8:106006  9:86378  10:68801  11:51930  12:37786  13:27091  14:19390  15:13458  16:9322  17:6753  18:4616  19:3149  20:2153  21:1566  22:983  23:724  24:512  25:321  26:290  27:155  28:98  29:77  30:70  31:40  32:24  33:35  34:24  35:16  36:9  37:12  38:9  39:5  40:5  41:5  42:8  43:4  44:7  46:3  47:1  49:1  51:1  53:4  55:2  56:1  57:5  58:4  60:2  64:2  65:1
  short unary avg len: 2.00
805.264289,5.413679,332.525695
[PASSED]
[time 1.58 s, user 1.45 s, sys 0.12 s, maxrss 205640 KB]
[busy 167 jiffies]
[exit 0]
--- c2 case 3 rec 0   load 0.58 0.45 0.82
[TEST FST]
Processing dataset...
Done!
Building trie...
Done!
build time: 605.443644 ms (605.443644 ns per key)
space cost: 6.751218 MB (51.365131% of original size 13.143581 MB)
Querying trie...
Done!
total time: 449.418213 ms, avg latency: 449.418213 ns
not implemented
605.443644,6.751218,449.418213
[PASSED]
[time 1.48 s, user 1.39 s, sys 0.08 s, maxrss 95288 KB]
[busy 158 jiffies]
[exit 0]
--- c2 case 4 rec 0   load 0.58 0.45 0.82
[TEST COCO]
Processing dataset...
Done!
Building trie...
num nodes = 310886, average depth = 6.283062
ef = 0.001168, pa = 0.211653, bv = 0.000885, de = 0.651638
efr = 0.002046, par = 0.129141, bvr = 0.000006, der = 0.003464
Done!
build time: 10426.681463 ms (10426.681463 ns per key)
space cost: 9.668336 MB (73.559374% of original size 13.143581 MB)
Querying trie...
Done!
total time: 427.384650 ms, avg latency: 427.384650 ns
not implemented
10426.681463,9.668336,427.384650
[PASSED]
[time 11.70 s, user 9.01 s, sys 2.64 s, maxrss 6138100 KB]
[busy 1219 jiffies]
[exit 0]
--- c2 case 5 rec 0   load 0.59 0.46 0.82
[TEST MARISA]
Processing dataset...
Done!
Building trie...
Done!
build time: 489.659169 ms (489.659169 ns per key)
space cost: 6.885828 MB (52.389283% of original size 13.143581 MB)
Querying trie...
Done!
total time: 387.506147 ms, avg latency: 387.506147 ns
not implemented
489.659169,6.885828,387.506147
[PASSED]
[time 1.31 s, user 1.20 s, sys 0.10 s, maxrss 172256 KB]
[busy 139 jiffies]
[exit 0]
--- c2 case 5 rec 1   load 0.59 0.46 0.82
[TEST MARISA]
Processing dataset...
Done!
Building trie...
Done!
build time: 557.009904 ms (557.009904 ns per key)
space cost: 4.826345 MB (36.720170% of original size 13.143581 MB)
Querying trie...
Done!
total time: 520.271591 ms, avg latency: 520.271591 ns
not implemented
557.009904,4.826345,520.271591
[PASSED]
[time 1.51 s, user 1.37 s, sys 0.12 s, maxrss 172488 KB]
[busy 161 jiffies]
[exit 0]
--- c2 case 5 rec 2   load 0.55 0.45 0.81
[TEST MARISA]
Processing dataset...
Done!
Building trie...
Done!
build time: 563.450166 ms (563.450166 ns per key)
space cost: 4.647946 MB (35.362861% of original size 13.143581 MB)
Querying trie...
Done!
total time: 544.401201 ms, avg latency: 544.401201 ns
not implemented
563.450166,4.647946,544.401201
[PASSED]
[time 1.54 s, user 1.41 s, sys 0.12 s, maxrss 172160 KB]
[busy 161 jiffies]
[exit 0]
--- c2 case 6 rec 0   load 0.55 0.45 0.81
[TEST PDT]
Processing dataset...
Done!
Building trie...
dict size: 155466, stream size: 4016746
Done!
build time: 1927.021927 ms (1927.021927 ns per key)
space cost: 5.254991 MB (39.981421% of original size 13.143581 MB)
Querying trie...
Done!
total time: 524.190223 ms, avg latency: 524.190223 ns
not implemented
1927.021927,5.254991,524.190223
[PASSED]
[time 2.90 s, user 2.78 s, sys 0.10 s, maxrss 152852 KB]
[busy 303 jiffies]
[exit 0]
--- c2 case 7 rec 0   load 0.58 0.46 0.81
[TEST ART]
Processing dataset...
Done!
Building trie...
Done!
build time: 114.014911 ms (114.014911 ns per key)
space cost: 31.580688 MB (240.274607% of original size 13.143581 MB)
Querying trie...
Done!
total time: 254.114385 ms, avg latency: 254.114385 ns
not implemented
114.014911,31.580688,254.114385
[PASSED]
[time 0.81 s, user 0.73 s, sys 0.07 s, maxrss 136184 KB]
[busy 87 jiffies]
[exit 0]
--- c2 case 8 rec 0   load 0.58 0.46 0.81
[TEST CART]
Processing dataset...
Done!
Building trie...
Done!
build time: 162.252832 ms (162.252832 ns per key)
space cost: 13.831998 MB (105.237663% of original size 13.143581 MB)
Querying trie...
Done!
total time: 320.391684 ms, avg latency: 320.391684 ns
not implemented
162.252832,13.831998,320.391684
[PASSED]
[time 0.92 s, user 0.84 s, sys 0.07 s, maxrss 134068 KB]
[busy 99 jiffies]
[exit 0]
--- xcdat 7   load 0.54 0.45 0.81
build time: 522.543340 ms
space cost: 9.017626 MiB (68.608590% of original size 13.143581 MiB)
avg latency: 177.942755 ns
522.543340,9.017626,177.942755
[time 1.16 s, user 1.06 s, sys 0.09 s, maxrss 139540 KB]
[busy 122 jiffies]
[exit 0]
--- xcdat 8   load 0.54 0.45 0.81
build time: 490.196898 ms
space cost: 8.488643 MiB (64.583940% of original size 13.143581 MiB)
avg latency: 173.367739 ns
490.196898,8.488643,173.367739
[time 1.10 s, user 1.02 s, sys 0.08 s, maxrss 139548 KB]
[busy 118 jiffies]
[exit 0]
--- xcdat 15   load 0.49 0.44 0.80
build time: 512.844144 ms
space cost: 9.847433 MiB (74.921993% of original size 13.143581 MiB)
avg latency: 145.931314 ns
512.844144,9.847433,145.931314
[time 1.11 s, user 1.01 s, sys 0.09 s, maxrss 139840 KB]
[busy 118 jiffies]
[exit 0]
--- xcdat 16   load 0.49 0.44 0.80
build time: 491.008153 ms
space cost: 10.260450 MiB (78.064342% of original size 13.143581 MiB)
avg latency: 155.469106 ns
491.008153,10.260450,155.469106
[time 1.09 s, user 0.98 s, sys 0.10 s, maxrss 139560 KB]
[busy 114 jiffies]
[exit 0]

##### idents-1000000 (1000000 lines, 18283976 bytes)   round 1/3   2026-09-20T11:45:25+03:00
--- lexindex dict32   load 0.49 0.44 0.80
1000000 keys
lexindex DictIndex block 32: build 251 ms, size 5.356 MiB (5.617 B/key), latency cold 380.9 ns, then mean 374.8 / min 371.5 ns
251.266,5.356443,380.932
[time 2.26 s, user 3.59 s, sys 0.21 s, maxrss 248948 KB]
[busy 402 jiffies]
[exit 0]
--- lexindex dict256   load 0.53 0.45 0.81
1000000 keys
lexindex DictIndex block 256: build 254 ms, size 4.986 MiB (5.228 B/key), latency cold 415.9 ns, then mean 412.2 / min 410.4 ns
253.776,4.986134,415.884
[time 2.40 s, user 3.77 s, sys 0.24 s, maxrss 248564 KB]
[busy 422 jiffies]
[exit 0]
--- lexindex dict1024   load 0.57 0.46 0.81
1000000 keys
lexindex DictIndex block 1024: build 274 ms, size 4.831 MiB (5.066 B/key), latency cold 482.3 ns, then mean 480.4 / min 478.3 ns
273.628,4.830847,482.315
[time 2.70 s, user 3.54 s, sys 0.17 s, maxrss 240872 KB]
[busy 393 jiffies]
[exit 0]
--- lexindex string   load 0.57 0.46 0.81
1000000 keys
lexindex StringIndex: build 669 ms, size 10.063 MiB (10.552 B/key), latency cold 350.0 ns, then mean 347.0 / min 344.8 ns
669.402,10.063018,349.966
[time 2.54 s, user 2.45 s, sys 0.07 s, maxrss 148700 KB]
[busy 270 jiffies]
[exit 0]
--- c2 case 0 rec 0   load 0.61 0.47 0.81
[TEST C2-FST]
Processing dataset...
Done!
Building trie...
Done!
build time: 605.388741 ms (605.388741 ns per key)
space cost: 8.227930 MB (49.916813% of original size 16.483284 MB)
Querying trie...
Done!
total time: 479.945055 ms, avg latency: 479.945055 ns
topology: 1.135506 MB, link: 1.406907 MB, data: 5.685517 MB
--- Unary Path Analysis (FST, cutoff=4) ---
  shared unary steps in main trie: 971668
  terminal suffixes: inplace=238747 (avg len=2.28)  links=478774 (66.7% of terminal)
  link len: avg=9.52  max=507  total_chars=4557473
  link length distribution (len:count):  4:79167  5:52258  6:44526  7:37562  8:33071  9:28872  10:26062  11:38559  12:20998  13:14985  14:12840  15:11027  16:9190  17:7956  18:6288  19:5522  20:4616  21:3760  22:3224  23:2642  24:2265  25:1817  26:1599  27:3319  28:3490  29:1071  30:1819  31:12530  32:2370  33:475  34:427  35:414  36:360  37:260  38:234  39:210  40:195  41:157  42:148  43:129  44:137  45:91  46:113  47:107  48:101  49:86  50:71  51:74  52:68  53:61  54:79  55:76  56:60  57:86  58:122  59:137  60:259  61:339  62:18  63:12  64:12  65:12  66:15  67:15  68:13  69:15  70:7  71:11  72:10  73:21  74:26  75:36  76:15  77:1  78:2  79:2  80:3  81:3  83:1  84:2  85:2  86:1  88:2  89:2  90:2  91:4  92:1  94:2  95:1  96:3  104:1  106:1  107:1  109:1  110:1  116:1  117:3  120:1  121:2  122:1  123:1  124:1  129:1  191:1  257:1  366:1  424:1  508:1
605.388741,8.227930,479.945055
[PASSED]
[time 1.61 s, user 1.49 s, sys 0.11 s, maxrss 163380 KB]
[busy 172 jiffies]
[exit 0]
--- c2 case 0 rec 1   load 0.64 0.48 0.81
[TEST C2-FST]
Processing dataset...
Done!
Building trie...
trie size: 1.626037 MB
Done!
build time: 724.715363 ms (724.715363 ns per key)
space cost: 7.389305 MB (44.829083% of original size 16.483284 MB)
Querying trie...
Done!
total time: 527.140167 ms, avg latency: 527.140167 ns
topology: 1.316097 MB, link: 1.431170 MB, data: 4.642038 MB
--- Unary Path Analysis (FST, cutoff=4) ---
  shared unary steps in main trie: 971668
  terminal suffixes: inplace=238747 (avg len=2.28)  links=478774 (66.7% of terminal)
  link len: avg=9.52  max=507  total_chars=4557473
  link length distribution (len:count):  4:79167  5:52258  6:44526  7:37562  8:33071  9:28872  10:26062  11:38559  12:20998  13:14985  14:12840  15:11027  16:9190  17:7956  18:6288  19:5522  20:4616  21:3760  22:3224  23:2642  24:2265  25:1817  26:1599  27:3319  28:3490  29:1071  30:1819  31:12530  32:2370  33:475  34:427  35:414  36:360  37:260  38:234  39:210  40:195  41:157  42:148  43:129  44:137  45:91  46:113  47:107  48:101  49:86  50:71  51:74  52:68  53:61  54:79  55:76  56:60  57:86  58:122  59:137  60:259  61:339  62:18  63:12  64:12  65:12  66:15  67:15  68:13  69:15  70:7  71:11  72:10  73:21  74:26  75:36  76:15  77:1  78:2  79:2  80:3  81:3  83:1  84:2  85:2  86:1  88:2  89:2  90:2  91:4  92:1  94:2  95:1  96:3  104:1  106:1  107:1  109:1  110:1  116:1  117:3  120:1  121:2  122:1  123:1  124:1  129:1  191:1  257:1  366:1  424:1  508:1
724.715363,7.389305,527.140167
[PASSED]
[time 1.77 s, user 1.66 s, sys 0.10 s, maxrss 163344 KB]
[busy 186 jiffies]
[exit 0]
--- c2 case 0 rec 2   load 0.64 0.48 0.81
[TEST C2-FST]
Processing dataset...
Done!
Building trie...
trie size: 1.626037 MB
trie size: 0.392475 MB
Done!
build time: 758.584695 ms (758.584695 ns per key)
space cost: 7.389305 MB (44.829083% of original size 16.483284 MB)
Querying trie...
Done!
total time: 538.826307 ms, avg latency: 538.826307 ns
topology: 1.316097 MB, link: 1.431170 MB, data: 4.642038 MB
--- Unary Path Analysis (FST, cutoff=4) ---
  shared unary steps in main trie: 971668
  terminal suffixes: inplace=238747 (avg len=2.28)  links=478774 (66.7% of terminal)
  link len: avg=9.52  max=507  total_chars=4557473
  link length distribution (len:count):  4:79167  5:52258  6:44526  7:37562  8:33071  9:28872  10:26062  11:38559  12:20998  13:14985  14:12840  15:11027  16:9190  17:7956  18:6288  19:5522  20:4616  21:3760  22:3224  23:2642  24:2265  25:1817  26:1599  27:3319  28:3490  29:1071  30:1819  31:12530  32:2370  33:475  34:427  35:414  36:360  37:260  38:234  39:210  40:195  41:157  42:148  43:129  44:137  45:91  46:113  47:107  48:101  49:86  50:71  51:74  52:68  53:61  54:79  55:76  56:60  57:86  58:122  59:137  60:259  61:339  62:18  63:12  64:12  65:12  66:15  67:15  68:13  69:15  70:7  71:11  72:10  73:21  74:26  75:36  76:15  77:1  78:2  79:2  80:3  81:3  83:1  84:2  85:2  86:1  88:2  89:2  90:2  91:4  92:1  94:2  95:1  96:3  104:1  106:1  107:1  109:1  110:1  116:1  117:3  120:1  121:2  122:1  123:1  124:1  129:1  191:1  257:1  366:1  424:1  508:1
758.584695,7.389305,538.826307
[PASSED]
[time 1.82 s, user 1.70 s, sys 0.11 s, maxrss 163264 KB]
[busy 191 jiffies]
[exit 0]
--- c2 case 1 rec 0   load 0.67 0.49 0.81
[TEST C2-CoCo(LOUDS-Sparse)]
Processing dataset...
Done!
Building trie...
Done!
build time: 2162.263509 ms (2162.263509 ns per key)
space cost: 8.350286 MB (50.659118% of original size 16.483284 MB)
Querying trie...
Done!
total time: 591.064735 ms, avg latency: 591.064735 ns
topology: 0.418800 MB, link: 2.233477 MB, data: 5.698009 MB
2162.263509,8.350286,591.064735
[PASSED]
[time 3.27 s, user 3.08 s, sys 0.17 s, maxrss 336008 KB]
[busy 346 jiffies]
[exit 0]
--- c2 case 1 rec 1   load 0.61 0.48 0.81
[TEST C2-CoCo(LOUDS-Sparse)]
Processing dataset...
Done!
Building trie...
trie size: 1.626037 MB
Done!
build time: 2263.780776 ms (2263.780776 ns per key)
space cost: 7.511661 MB (45.571388% of original size 16.483284 MB)
Querying trie...
Done!
total time: 627.792729 ms, avg latency: 627.792729 ns
topology: 0.599392 MB, link: 2.257739 MB, data: 4.654530 MB
2263.780776,7.511661,627.792729
[PASSED]
[time 3.40 s, user 3.22 s, sys 0.17 s, maxrss 335804 KB]
[busy 353 jiffies]
[exit 0]
--- c2 case 1 rec 2   load 0.56 0.47 0.80
[TEST C2-CoCo(LOUDS-Sparse)]
Processing dataset...
Done!
Building trie...
trie size: 1.626037 MB
trie size: 0.392475 MB
Done!
build time: 2293.375596 ms (2293.375596 ns per key)
space cost: 7.511661 MB (45.571388% of original size 16.483284 MB)
Querying trie...
Done!
total time: 634.748069 ms, avg latency: 634.748069 ns
topology: 0.599392 MB, link: 2.257739 MB, data: 4.654530 MB
2293.375596,7.511661,634.748069
[PASSED]
[time 3.45 s, user 3.26 s, sys 0.17 s, maxrss 335952 KB]
[busy 361 jiffies]
[exit 0]
--- c2 case 2 rec 0   load 0.56 0.47 0.80
[TEST C2-MARISA]
Processing dataset...
Done!
Building trie...
trie size: 2.268721 MB
Done!
build time: 667.227540 ms (667.227540 ns per key)
space cost: 7.402753 MB (44.910668% of original size 16.483284 MB)
Querying trie...
Done!
total time: 340.528192 ms, avg latency: 340.528192 ns
topology: 0.751392 MB, link: 2.163248 MB, data: 4.467605 MB
--- Unary Path Analysis (Marisa, cutoff=3) ---
  branches: 1404624  |  single-char: 479529 (34.1%)  short-unary: 101093 (7.2%)  links: 824002 (58.7%)
  link len: avg=8.83  max=511  total_chars=7275589
  link length distribution (len:count):  3:96296  4:151575  5:100673  6:68854  7:57858  8:46664  9:40166  10:34974  11:30498  12:41963  13:23674  14:17279  15:14913  16:12650  17:10496  18:9162  19:7137  20:6187  21:5166  22:4219  23:3575  24:2970  25:2515  26:2033  27:1786  28:3448  29:3574  30:1146  31:1929  32:12598  33:2418  34:520  35:464  36:440  37:386  38:271  39:250  40:221  41:206  42:160  43:154  44:139  45:143  46:95  47:113  48:108  49:103  50:87  51:72  52:78  53:68  54:62  55:80  56:76  57:60  58:86  59:123  60:137  61:260  62:340  63:18  64:12  65:14  66:12  67:15  68:15  69:13  70:15  71:7  72:12  73:10  74:22  75:26  76:36  77:15  78:1  79:2  80:2  81:3  82:3  83:1  84:2  85:2  86:2  87:2  89:2  90:2  91:2  92:4  93:1  95:2  96:1  97:3  105:1  107:1  108:1  110:1  111:1  117:1  118:3  121:1  122:2  123:1  124:1  125:1  130:1  136:1  137:1  192:1  258:1  337:1  367:1  425:1  509:1  511:1
  short unary avg len: 2.00
667.227540,7.402753,340.528192
[PASSED]
[time 1.51 s, user 1.38 s, sys 0.12 s, maxrss 204536 KB]
[busy 159 jiffies]
[exit 0]
--- c2 case 2 rec 1   load 0.60 0.48 0.80
[TEST C2-MARISA]
Processing dataset...
Done!
Building trie...
trie size: 2.268721 MB
trie size: 2.569425 MB
Done!
build time: 819.797808 ms (819.797808 ns per key)
space cost: 6.231204 MB (37.803171% of original size 16.483284 MB)
Querying trie...
Done!
total time: 445.775157 ms, avg latency: 445.775157 ns
topology: 0.985817 MB, link: 2.134608 MB, data: 3.090271 MB
--- Unary Path Analysis (Marisa, cutoff=3) ---
  branches: 1404624  |  single-char: 479529 (34.1%)  short-unary: 101093 (7.2%)  links: 824002 (58.7%)
  link len: avg=8.83  max=511  total_chars=7275589
  link length distribution (len:count):  3:96296  4:151575  5:100673  6:68854  7:57858  8:46664  9:40166  10:34974  11:30498  12:41963  13:23674  14:17279  15:14913  16:12650  17:10496  18:9162  19:7137  20:6187  21:5166  22:4219  23:3575  24:2970  25:2515  26:2033  27:1786  28:3448  29:3574  30:1146  31:1929  32:12598  33:2418  34:520  35:464  36:440  37:386  38:271  39:250  40:221  41:206  42:160  43:154  44:139  45:143  46:95  47:113  48:108  49:103  50:87  51:72  52:78  53:68  54:62  55:80  56:76  57:60  58:86  59:123  60:137  61:260  62:340  63:18  64:12  65:14  66:12  67:15  68:15  69:13  70:15  71:7  72:12  73:10  74:22  75:26  76:36  77:15  78:1  79:2  80:2  81:3  82:3  83:1  84:2  85:2  86:2  87:2  89:2  90:2  91:2  92:4  93:1  95:2  96:1  97:3  105:1  107:1  108:1  110:1  111:1  117:1  118:3  121:1  122:2  123:1  124:1  125:1  130:1  136:1  137:1  192:1  258:1  337:1  367:1  425:1  509:1  511:1
  short unary avg len: 2.00
819.797808,6.231204,445.775157
[PASSED]
[time 1.79 s, user 1.65 s, sys 0.13 s, maxrss 204596 KB]
[busy 191 jiffies]
[exit 0]
--- c2 case 2 rec 2   load 0.55 0.47 0.80
[TEST C2-MARISA]
Processing dataset...
Done!
Building trie...
trie size: 2.268721 MB
trie size: 2.569425 MB
trie size: 0.468599 MB
Done!
build time: 884.111027 ms (884.111027 ns per key)
space cost: 6.231204 MB (37.803171% of original size 16.483284 MB)
Querying trie...
Done!
total time: 433.195239 ms, avg latency: 433.195239 ns
topology: 0.985817 MB, link: 2.134608 MB, data: 3.090271 MB
--- Unary Path Analysis (Marisa, cutoff=3) ---
  branches: 1404624  |  single-char: 479529 (34.1%)  short-unary: 101093 (7.2%)  links: 824002 (58.7%)
  link len: avg=8.83  max=511  total_chars=7275589
  link length distribution (len:count):  3:96296  4:151575  5:100673  6:68854  7:57858  8:46664  9:40166  10:34974  11:30498  12:41963  13:23674  14:17279  15:14913  16:12650  17:10496  18:9162  19:7137  20:6187  21:5166  22:4219  23:3575  24:2970  25:2515  26:2033  27:1786  28:3448  29:3574  30:1146  31:1929  32:12598  33:2418  34:520  35:464  36:440  37:386  38:271  39:250  40:221  41:206  42:160  43:154  44:139  45:143  46:95  47:113  48:108  49:103  50:87  51:72  52:78  53:68  54:62  55:80  56:76  57:60  58:86  59:123  60:137  61:260  62:340  63:18  64:12  65:14  66:12  67:15  68:15  69:13  70:15  71:7  72:12  73:10  74:22  75:26  76:36  77:15  78:1  79:2  80:2  81:3  82:3  83:1  84:2  85:2  86:2  87:2  89:2  90:2  91:2  92:4  93:1  95:2  96:1  97:3  105:1  107:1  108:1  110:1  111:1  117:1  118:3  121:1  122:2  123:1  124:1  125:1  130:1  136:1  137:1  192:1  258:1  337:1  367:1  425:1  509:1  511:1
  short unary avg len: 2.00
884.111027,6.231204,433.195239
[PASSED]
[time 1.83 s, user 1.69 s, sys 0.13 s, maxrss 204276 KB]
[busy 190 jiffies]
[exit 0]
--- c2 case 3 rec 0   load 0.55 0.47 0.80
[TEST FST]
Processing dataset...
Done!
Building trie...
Done!
build time: 679.662726 ms (679.662726 ns per key)
space cost: 8.563316 MB (51.951519% of original size 16.483284 MB)
Querying trie...
Done!
total time: 760.008991 ms, avg latency: 760.008991 ns
not implemented
679.662726,8.563316,760.008991
[PASSED]
[time 1.96 s, user 1.88 s, sys 0.06 s, maxrss 114752 KB]
[busy 209 jiffies]
[exit 0]
--- c2 case 4 rec 0   load 0.59 0.48 0.80
[TEST COCO]
Processing dataset...
Done!
Building trie...
num nodes = 412937, average depth = 8.208172
ef = 0.000455, pa = 0.242352, bv = 0.003325, de = 0.563989
efr = 0.002477, par = 0.125714, bvr = 0.000545, der = 0.061142
Done!
build time: 14267.953428 ms (14267.953428 ns per key)
space cost: 9.974920 MB (60.515370% of original size 16.483284 MB)
Querying trie...
Done!
total time: 506.303745 ms, avg latency: 506.303745 ns
not implemented
14267.953428,9.974920,506.303745
[PASSED]
[time 15.81 s, user 12.45 s, sys 3.29 s, maxrss 7730536 KB]
[busy 1630 jiffies]
[exit 0]
--- c2 case 5 rec 0   load 0.68 0.51 0.81
[TEST MARISA]
Processing dataset...
Done!
Building trie...
Done!
build time: 459.541475 ms (459.541475 ns per key)
space cost: 7.279773 MB (44.164578% of original size 16.483284 MB)
Querying trie...
Done!
total time: 462.298736 ms, avg latency: 462.298736 ns
not implemented
459.541475,7.279773,462.298736
[PASSED]
[time 1.44 s, user 1.33 s, sys 0.09 s, maxrss 157616 KB]
[busy 152 jiffies]
[exit 0]
--- c2 case 5 rec 1   load 0.62 0.50 0.80
[TEST MARISA]
Processing dataset...
Done!
Building trie...
Done!
build time: 543.812335 ms (543.812335 ns per key)
space cost: 5.655286 MB (34.309218% of original size 16.483284 MB)
Querying trie...
Done!
total time: 669.108384 ms, avg latency: 669.108384 ns
not implemented
543.812335,5.655286,669.108384
[PASSED]
[time 1.71 s, user 1.61 s, sys 0.09 s, maxrss 157688 KB]
[busy 180 jiffies]
[exit 0]
--- c2 case 5 rec 2   load 0.62 0.50 0.80
[TEST MARISA]
Processing dataset...
Done!
Building trie...
Done!
build time: 567.637564 ms (567.637564 ns per key)
space cost: 5.354378 MB (32.483683% of original size 16.483284 MB)
Querying trie...
Done!
total time: 737.250066 ms, avg latency: 737.250066 ns
not implemented
567.637564,5.354378,737.250066
[PASSED]
[time 1.83 s, user 1.71 s, sys 0.11 s, maxrss 165700 KB]
[busy 194 jiffies]
[exit 0]
--- c2 case 6 rec 0   load 0.57 0.49 0.80
[TEST PDT]
Processing dataset...
Done!
Building trie...
dict size: 158636, stream size: 5032831
Done!
build time: 2624.091591 ms (2624.091591 ns per key)
space cost: 6.227028 MB (37.777835% of original size 16.483284 MB)
Querying trie...
Done!
total time: 593.205859 ms, avg latency: 593.205859 ns
not implemented
2624.091591,6.227028,593.205859
[PASSED]
[time 3.74 s, user 3.63 s, sys 0.09 s, maxrss 168220 KB]
[busy 393 jiffies]
[exit 0]
--- c2 case 7 rec 0   load 0.53 0.48 0.79
[TEST ART]
Processing dataset...
Done!
Building trie...
Done!
build time: 153.508452 ms (153.508452 ns per key)
space cost: 32.931778 MB (199.788937% of original size 16.483284 MB)
Querying trie...
Done!
total time: 395.892074 ms, avg latency: 395.892074 ns
not implemented
153.508452,32.931778,395.892074
[PASSED]
[time 1.07 s, user 0.99 s, sys 0.08 s, maxrss 160352 KB]
[busy 115 jiffies]
[exit 0]
--- c2 case 8 rec 0   load 0.53 0.48 0.79
[TEST CART]
Processing dataset...
Done!
Building trie...
Done!
build time: 204.435857 ms (204.435857 ns per key)
space cost: 15.673315 MB (95.086119% of original size 16.483284 MB)
Querying trie...
Done!
total time: 466.776059 ms, avg latency: 466.776059 ns
not implemented
204.435857,15.673315,466.776059
[PASSED]
[time 1.20 s, user 1.11 s, sys 0.07 s, maxrss 149244 KB]
[busy 127 jiffies]
[exit 0]
--- xcdat 7   load 0.53 0.48 0.79
build time: 506.881240 ms
space cost: 11.013126 MiB (66.813909% of original size 16.483284 MiB)
avg latency: 228.222784 ns
506.881240,11.013126,228.222784
[time 1.26 s, user 1.15 s, sys 0.10 s, maxrss 180060 KB]
[busy 134 jiffies]
[exit 0]
--- xcdat 8   load 0.48 0.47 0.79
build time: 466.512775 ms
space cost: 10.584354 MiB (64.212656% of original size 16.483284 MiB)
avg latency: 212.738818 ns
466.512775,10.584354,212.738818
[time 1.22 s, user 1.10 s, sys 0.11 s, maxrss 180064 KB]
[busy 132 jiffies]
[exit 0]
--- xcdat 15   load 0.48 0.47 0.79
build time: 501.352842 ms
space cost: 13.141485 MiB (79.726135% of original size 16.483284 MiB)
avg latency: 201.885094 ns
501.352842,13.141485,201.885094
[time 1.24 s, user 1.13 s, sys 0.11 s, maxrss 180088 KB]
[busy 134 jiffies]
[exit 0]
--- xcdat 16   load 0.53 0.48 0.79
build time: 461.932789 ms
space cost: 13.736038 MiB (83.333140% of original size 16.483284 MiB)
avg latency: 214.524644 ns
461.932789,13.736038,214.524644
[time 1.21 s, user 1.10 s, sys 0.10 s, maxrss 180076 KB]
[busy 129 jiffies]
[exit 0]

##### numeric-1000000 (1000000 lines, 6888890 bytes)   round 1/3   2026-09-20T11:46:55+03:00
--- lexindex dict32   load 0.53 0.48 0.79
1000000 keys
lexindex DictIndex block 32: build 91 ms, size 1.160 MiB (1.216 B/key), latency cold 263.3 ns, then mean 260.2 / min 259.4 ns
90.803,1.159871,263.273
[time 1.56 s, user 1.78 s, sys 0.14 s, maxrss 151036 KB]
[busy 210 jiffies]
[exit 0]
--- lexindex dict256   load 0.56 0.49 0.79
1000000 keys
lexindex DictIndex block 256: build 90 ms, size 0.964 MiB (1.011 B/key), latency cold 276.3 ns, then mean 275.0 / min 274.6 ns
90.470,0.964076,276.311
[time 1.62 s, user 1.85 s, sys 0.12 s, maxrss 143636 KB]
[busy 207 jiffies]
[exit 0]
--- lexindex dict1024   load 0.56 0.49 0.79
1000000 keys
lexindex DictIndex block 1024: build 88 ms, size 0.875 MiB (0.918 B/key), latency cold 307.5 ns, then mean 309.0 / min 308.7 ns
88.490,0.875449,307.476
[time 1.75 s, user 1.83 s, sys 0.09 s, maxrss 138000 KB]
[busy 211 jiffies]
[exit 0]
--- lexindex string   load 0.60 0.50 0.79
1000000 keys
lexindex StringIndex: build 163 ms, size 0.000 MiB (0.000 B/key), latency cold 113.5 ns, then mean 115.7 / min 115.5 ns
163.299,0.000287,113.545
[time 1.05 s, user 0.98 s, sys 0.05 s, maxrss 114500 KB]
[busy 115 jiffies]
[exit 0]
--- c2 case 0 rec 0   load 0.60 0.50 0.79
timeout: the monitored command dumped core
Command terminated by signal 11
[time 0.37 s, user 0.26 s, sys 0.05 s, maxrss 83816 KB]
[busy 44 jiffies]
[exit 139]
--- c2 case 0 rec 1   load 0.55 0.49 0.79
timeout: the monitored command dumped core
Command terminated by signal 11
[time 0.37 s, user 0.25 s, sys 0.06 s, maxrss 83680 KB]
[busy 42 jiffies]
[exit 139]
--- c2 case 0 rec 2   load 0.55 0.49 0.79
timeout: the monitored command dumped core
Command terminated by signal 11
[time 0.37 s, user 0.26 s, sys 0.05 s, maxrss 83924 KB]
[busy 44 jiffies]
[exit 139]
--- c2 case 1 rec 0   load 0.55 0.49 0.79
timeout: the monitored command dumped core
Command terminated by signal 11
[time 0.42 s, user 0.29 s, sys 0.05 s, maxrss 84024 KB]
[busy 50 jiffies]
[exit 139]
--- c2 case 1 rec 1   load 0.55 0.49 0.79
timeout: the monitored command dumped core
Command terminated by signal 11
[time 0.40 s, user 0.30 s, sys 0.04 s, maxrss 83968 KB]
[busy 47 jiffies]
[exit 139]
--- c2 case 1 rec 2   load 0.59 0.50 0.79
timeout: the monitored command dumped core
Command terminated by signal 11
[time 0.40 s, user 0.29 s, sys 0.05 s, maxrss 83960 KB]
[busy 46 jiffies]
[exit 139]
--- c2 case 2 rec 0   load 0.59 0.50 0.79
timeout: the monitored command dumped core
Command terminated by signal 11
[time 0.35 s, user 0.25 s, sys 0.05 s, maxrss 83944 KB]
[busy 41 jiffies]
[exit 139]
--- c2 case 2 rec 1   load 0.59 0.50 0.79
timeout: the monitored command dumped core
Command terminated by signal 11
[time 0.37 s, user 0.25 s, sys 0.05 s, maxrss 83992 KB]
[busy 44 jiffies]
[exit 139]
--- c2 case 2 rec 2   load 0.54 0.49 0.78
timeout: the monitored command dumped core
Command terminated by signal 11
[time 0.36 s, user 0.24 s, sys 0.06 s, maxrss 83848 KB]
[busy 43 jiffies]
[exit 139]
--- c2 case 3 rec 0   load 0.54 0.49 0.78
[TEST FST]
Processing dataset...
Done!
Building trie...
Done!
build time: 220.218373 ms (220.218373 ns per key)
space cost: 1.445107 MB (25.731589% of original size 5.616083 MB)
Querying trie...
Done!
total time: 250.831717 ms, avg latency: 250.831717 ns
not implemented
220.218373,1.445107,250.831717
[PASSED]
[time 0.79 s, user 0.73 s, sys 0.05 s, maxrss 73796 KB]
[busy 86 jiffies]
[exit 0]
--- c2 case 4 rec 0   load 0.54 0.49 0.78
[TEST COCO]
Processing dataset...
Done!
Building trie...
num nodes = 9001, average depth = 1.000222
ef = 0.000000, pa = 0.000000, bv = 0.000111, de = 0.999889
efr = 0.000000, par = 0.000000, bvr = 0.000000, der = 0.000000
Done!
build time: 685.516275 ms (685.516275 ns per key)
space cost: 0.497188 MB (8.852927% of original size 5.616083 MB)
Querying trie...
Done!
total time: 227.395840 ms, avg latency: 227.395840 ns
not implemented
685.516275,0.497188,227.395840
[PASSED]
[time 1.26 s, user 1.02 s, sys 0.23 s, maxrss 494736 KB]
[busy 136 jiffies]
[exit 0]
--- c2 case 5 rec 0   load 0.50 0.48 0.78
[TEST MARISA]
Processing dataset...
Done!
Building trie...
Done!
build time: 146.118385 ms (146.118385 ns per key)
space cost: 1.565816 MB (27.880925% of original size 5.616083 MB)
Querying trie...
Done!
total time: 188.589240 ms, avg latency: 188.589240 ns
not implemented
146.118385,1.565816,188.589240
[PASSED]
[time 0.66 s, user 0.59 s, sys 0.06 s, maxrss 108308 KB]
[busy 72 jiffies]
[exit 0]
--- c2 case 5 rec 1   load 0.50 0.48 0.78
[TEST MARISA]
Processing dataset...
Done!
Building trie...
Done!
build time: 146.390466 ms (146.390466 ns per key)
space cost: 1.565816 MB (27.880925% of original size 5.616083 MB)
Querying trie...
Done!
total time: 187.315617 ms, avg latency: 187.315617 ns
not implemented
146.390466,1.565816,187.315617
[PASSED]
[time 0.67 s, user 0.59 s, sys 0.07 s, maxrss 108080 KB]
[busy 73 jiffies]
[exit 0]
--- c2 case 5 rec 2   load 0.50 0.48 0.78
[TEST MARISA]
Processing dataset...
Done!
Building trie...
Done!
build time: 147.877179 ms (147.877179 ns per key)
space cost: 1.565816 MB (27.880925% of original size 5.616083 MB)
Querying trie...
Done!
total time: 188.316227 ms, avg latency: 188.316227 ns
not implemented
147.877179,1.565816,188.316227
[PASSED]
[time 0.66 s, user 0.59 s, sys 0.07 s, maxrss 108308 KB]
[busy 76 jiffies]
[exit 0]
--- c2 case 6 rec 0   load 0.46 0.47 0.78
[TEST PDT]
Processing dataset...
Done!
Building trie...
dict size: 92, stream size: 296698
Done!
build time: 106.519136 ms (106.519136 ns per key)
space cost: 1.559100 MB (27.761344% of original size 5.616083 MB)
Querying trie...
Done!
total time: 396.426308 ms, avg latency: 396.426308 ns
not implemented
106.519136,1.559100,396.426308
[PASSED]
[time 0.82 s, user 0.77 s, sys 0.04 s, maxrss 90112 KB]
[busy 88 jiffies]
[exit 0]
--- c2 case 7 rec 0   load 0.46 0.47 0.78
[TEST ART]
Processing dataset...
Done!
Building trie...
Done!
build time: 56.791515 ms (56.791515 ns per key)
space cost: 20.065308 MB (357.282951% of original size 5.616083 MB)
Querying trie...
Done!
total time: 76.144190 ms, avg latency: 76.144190 ns
not implemented
56.791515,20.065308,76.144190
[PASSED]
[time 0.46 s, user 0.39 s, sys 0.06 s, maxrss 103420 KB]
[busy 51 jiffies]
[exit 0]
--- c2 case 8 rec 0   load 0.46 0.47 0.78
[TEST CART]
Processing dataset...
Done!
Building trie...
Done!
build time: 71.323240 ms (71.323240 ns per key)
space cost: 11.262885 MB (200.546979% of original size 5.616083 MB)
Querying trie...
Done!
total time: 86.635844 ms, avg latency: 86.635844 ns
not implemented
71.323240,11.262885,86.635844
[PASSED]
[time 0.49 s, user 0.43 s, sys 0.05 s, maxrss 104888 KB]
[busy 55 jiffies]
[exit 0]
--- xcdat 7   load 0.42 0.47 0.77
build time: 269.497080 ms
space cost: 5.285287 MiB (94.109841% of original size 5.616083 MiB)
avg latency: 84.327276 ns
269.497080,5.285287,84.327276
[time 0.68 s, user 0.62 s, sys 0.05 s, maxrss 90332 KB]
[busy 74 jiffies]
[exit 0]
--- xcdat 8   load 0.42 0.47 0.77
build time: 177.839290 ms
space cost: 4.607934 MiB (82.048892% of original size 5.616083 MiB)
avg latency: 95.330732 ns
177.839290,4.607934,95.330732
[time 0.60 s, user 0.53 s, sys 0.06 s, maxrss 90596 KB]
[busy 66 jiffies]
[exit 0]
--- xcdat 15   load 0.42 0.47 0.77
build time: 209.800327 ms
space cost: 6.727912 MiB (119.797228% of original size 5.616083 MiB)
avg latency: 60.194790 ns
209.800327,6.727912,60.194790
[time 0.60 s, user 0.53 s, sys 0.06 s, maxrss 90036 KB]
[busy 65 jiffies]
[exit 0]
--- xcdat 16   load 0.39 0.46 0.77
build time: 182.432130 ms
space cost: 7.181439 MiB (127.872740% of original size 5.616083 MiB)
avg latency: 68.457716 ns
182.432130,7.181439,68.457716
[time 0.58 s, user 0.52 s, sys 0.06 s, maxrss 90168 KB]
[busy 64 jiffies]
[exit 0]

##### opaque-1000000 (1000000 lines, 17000000 bytes)   round 1/3   2026-09-20T11:47:38+03:00
--- lexindex dict32   load 0.39 0.46 0.77
1000000 keys
lexindex DictIndex block 32: build 138 ms, size 10.145 MiB (10.638 B/key), latency cold 349.7 ns, then mean 346.9 / min 344.9 ns
138.198,10.144960,349.662
[time 1.97 s, user 2.58 s, sys 0.24 s, maxrss 198624 KB]
[busy 301 jiffies]
[exit 0]
--- lexindex dict256   load 0.35 0.45 0.76
1000000 keys
lexindex DictIndex block 256: build 139 ms, size 9.917 MiB (10.399 B/key), latency cold 365.0 ns, then mean 365.3 / min 363.4 ns
138.764,9.916968,365.032
[time 2.06 s, user 2.66 s, sys 0.24 s, maxrss 216212 KB]
[busy 311 jiffies]
[exit 0]
--- lexindex dict1024   load 0.35 0.45 0.76
1000000 keys
lexindex DictIndex block 1024: build 153 ms, size 9.814 MiB (10.291 B/key), latency cold 410.1 ns, then mean 409.4 / min 405.8 ns
152.996,9.813874,410.133
[time 2.24 s, user 2.57 s, sys 0.15 s, maxrss 155120 KB]
[busy 291 jiffies]
[exit 0]
--- lexindex string   load 0.41 0.46 0.76
1000000 keys
lexindex StringIndex: build 1103 ms, size 20.443 MiB (21.436 B/key), latency cold 384.5 ns, then mean 382.3 / min 381.5 ns
1103.284,20.442799,384.523
[time 3.08 s, user 2.98 s, sys 0.09 s, maxrss 152160 KB]
[busy 331 jiffies]
[exit 0]
--- c2 case 0 rec 0   load 0.37 0.45 0.76
[TEST C2-FST]
Processing dataset...
Done!
Building trie...
Done!
build time: 1078.997149 ms (1078.997149 ns per key)
space cost: 16.922257 MB (110.901706% of original size 15.258789 MB)
Querying trie...
Done!
total time: 398.894686 ms, avg latency: 398.894686 ns
topology: 0.743332 MB, link: 3.012292 MB, data: 13.166634 MB
--- Unary Path Analysis (FST, cutoff=4) ---
  shared unary steps in main trie: 1041
  terminal suffixes: inplace=0 (avg len=0.00)  links=1000000 (100.0% of terminal)
  link len: avg=10.96  max=12  total_chars=10963783
  link length distribution (len:count):  9:6  10:856  11:56569  12:920487  13:22082
1078.997149,16.922257,398.894686
[PASSED]
[time 2.13 s, user 1.98 s, sys 0.14 s, maxrss 250188 KB]
[busy 224 jiffies]
[exit 0]
--- c2 case 0 rec 1   load 0.37 0.45 0.76
[TEST C2-FST]
Processing dataset...
Done!
Building trie...
trie size: 4.316751 MB
Done!
build time: 1990.716022 ms (1990.716022 ns per key)
space cost: 16.922257 MB (110.901706% of original size 15.258789 MB)
Querying trie...
Done!
total time: 398.457355 ms, avg latency: 398.457355 ns
topology: 0.743332 MB, link: 3.012292 MB, data: 13.166634 MB
--- Unary Path Analysis (FST, cutoff=4) ---
  shared unary steps in main trie: 1041
  terminal suffixes: inplace=0 (avg len=0.00)  links=1000000 (100.0% of terminal)
  link len: avg=10.96  max=12  total_chars=10963783
  link length distribution (len:count):  9:6  10:856  11:56569  12:920487  13:22082
1990.716022,16.922257,398.457355
[PASSED]
[time 3.03 s, user 2.81 s, sys 0.21 s, maxrss 311540 KB]
[busy 316 jiffies]
[exit 0]
--- c2 case 0 rec 2   load 0.42 0.46 0.76
[TEST C2-FST]
Processing dataset...
Done!
Building trie...
trie size: 4.316751 MB
Done!
build time: 1977.214692 ms (1977.214692 ns per key)
space cost: 16.922257 MB (110.901706% of original size 15.258789 MB)
Querying trie...
Done!
total time: 398.082520 ms, avg latency: 398.082520 ns
topology: 0.743332 MB, link: 3.012292 MB, data: 13.166634 MB
--- Unary Path Analysis (FST, cutoff=4) ---
  shared unary steps in main trie: 1041
  terminal suffixes: inplace=0 (avg len=0.00)  links=1000000 (100.0% of terminal)
  link len: avg=10.96  max=12  total_chars=10963783
  link length distribution (len:count):  9:6  10:856  11:56569  12:920487  13:22082
1977.214692,16.922257,398.082520
[PASSED]
[time 3.03 s, user 2.81 s, sys 0.20 s, maxrss 311248 KB]
[busy 322 jiffies]
[exit 0]
--- c2 case 1 rec 0   load 0.47 0.47 0.76
[TEST C2-CoCo(LOUDS-Sparse)]
Processing dataset...
Done!
Building trie...
Done!
build time: 1346.641948 ms (1346.641948 ns per key)
space cost: 16.089285 MB (105.442735% of original size 15.258789 MB)
Querying trie...
Done!
total time: 548.021274 ms, avg latency: 548.021274 ns
topology: 0.346626 MB, link: 3.175570 MB, data: 12.567089 MB
1346.641948,16.089285,548.021274
[PASSED]
[time 2.54 s, user 2.36 s, sys 0.16 s, maxrss 357444 KB]
[busy 270 jiffies]
[exit 0]
--- c2 case 1 rec 1   load 0.43 0.46 0.76
[TEST C2-CoCo(LOUDS-Sparse)]
Processing dataset...
Done!
Building trie...
trie size: 4.316751 MB
Done!
build time: 2221.195626 ms (2221.195626 ns per key)
space cost: 16.089285 MB (105.442735% of original size 15.258789 MB)
Querying trie...
Done!
total time: 539.576626 ms, avg latency: 539.576626 ns
topology: 0.346626 MB, link: 3.175570 MB, data: 12.567089 MB
2221.195626,16.089285,539.576626
[PASSED]
[time 3.41 s, user 3.18 s, sys 0.21 s, maxrss 418812 KB]
[busy 356 jiffies]
[exit 0]
--- c2 case 1 rec 2   load 0.43 0.46 0.76
[TEST C2-CoCo(LOUDS-Sparse)]
Processing dataset...
Done!
Building trie...
trie size: 4.316751 MB
Done!
build time: 2221.572464 ms (2221.572464 ns per key)
space cost: 16.089285 MB (105.442735% of original size 15.258789 MB)
Querying trie...
Done!
total time: 535.717775 ms, avg latency: 535.717775 ns
topology: 0.346626 MB, link: 3.175570 MB, data: 12.567089 MB
2221.572464,16.089285,535.717775
[PASSED]
[time 3.42 s, user 3.18 s, sys 0.22 s, maxrss 418948 KB]
[busy 356 jiffies]
[exit 0]
--- c2 case 2 rec 0   load 0.48 0.47 0.76
[TEST C2-MARISA]
Processing dataset...
Done!
Building trie...
trie size: 1.836515 MB
Done!
build time: 974.940200 ms (974.940200 ns per key)
space cost: 16.609414 MB (108.851456% of original size 15.258789 MB)
Querying trie...
Done!
total time: 319.704844 ms, avg latency: 319.704844 ns
topology: 0.607349 MB, link: 2.863268 MB, data: 13.118289 MB
--- Unary Path Analysis (Marisa, cutoff=3) ---
  branches: 1267337  |  single-char: 266306 (21.0%)  short-unary: 1021 (0.1%)  links: 1000010 (78.9%)
  link len: avg=12.96  max=14  total_chars=12963813
  link length distribution (len:count):  3:10  10:6  11:856  12:56569  13:920487  14:22082
  short unary avg len: 2.00
974.940200,16.609414,319.704844
[PASSED]
[time 1.94 s, user 1.78 s, sys 0.14 s, maxrss 236844 KB]
[busy 205 jiffies]
[exit 0]
--- c2 case 2 rec 1   load 0.52 0.48 0.76
[TEST C2-MARISA]
Processing dataset...
Done!
Building trie...
trie size: 1.836515 MB
trie size: 4.316792 MB
Done!
build time: 2011.975259 ms (2011.975259 ns per key)
space cost: 16.609414 MB (108.851456% of original size 15.258789 MB)
Querying trie...
Done!
total time: 323.317843 ms, avg latency: 323.317843 ns
topology: 0.607349 MB, link: 2.863268 MB, data: 13.118289 MB
--- Unary Path Analysis (Marisa, cutoff=3) ---
  branches: 1267337  |  single-char: 266306 (21.0%)  short-unary: 1021 (0.1%)  links: 1000010 (78.9%)
  link len: avg=12.96  max=14  total_chars=12963813
  link length distribution (len:count):  3:10  10:6  11:856  12:56569  13:920487  14:22082
  short unary avg len: 2.00
2011.975259,16.609414,323.317843
[PASSED]
[time 2.98 s, user 2.78 s, sys 0.18 s, maxrss 283764 KB]
[busy 314 jiffies]
[exit 0]
--- c2 case 2 rec 2   load 0.56 0.49 0.76
[TEST C2-MARISA]
Processing dataset...
Done!
Building trie...
trie size: 1.836515 MB
trie size: 4.316792 MB
Done!
build time: 2012.712364 ms (2012.712364 ns per key)
space cost: 16.609414 MB (108.851456% of original size 15.258789 MB)
Querying trie...
Done!
total time: 326.090182 ms, avg latency: 326.090182 ns
topology: 0.607349 MB, link: 2.863268 MB, data: 13.118289 MB
--- Unary Path Analysis (Marisa, cutoff=3) ---
  branches: 1267337  |  single-char: 266306 (21.0%)  short-unary: 1021 (0.1%)  links: 1000010 (78.9%)
  link len: avg=12.96  max=14  total_chars=12963813
  link length distribution (len:count):  3:10  10:6  11:856  12:56569  13:920487  14:22082
  short unary avg len: 2.00
2012.712364,16.609414,326.090182
[PASSED]
[time 2.98 s, user 2.80 s, sys 0.17 s, maxrss 283396 KB]
[busy 312 jiffies]
[exit 0]
--- c2 case 3 rec 0   load 0.51 0.48 0.76
[TEST FST]
Processing dataset...
Done!
Building trie...
Done!
build time: 661.126205 ms (661.126205 ns per key)
space cost: 16.760878 MB (109.844088% of original size 15.258789 MB)
Querying trie...
Done!
total time: 342.820329 ms, avg latency: 342.820329 ns
not implemented
661.126205,16.760878,342.820329
[PASSED]
[time 1.67 s, user 1.57 s, sys 0.08 s, maxrss 147188 KB]
[busy 174 jiffies]
[exit 0]
--- c2 case 4 rec 0   load 0.51 0.48 0.76
[TEST COCO]
Processing dataset...
Done!
Building trie...
num nodes = 4097, average depth = 12.997071
ef = 0.000000, pa = 0.000000, bv = 0.000000, de = 0.000000
efr = 0.000000, par = 0.999756, bvr = 0.000244, der = 0.000000
Done!
build time: 17418.223342 ms (17418.223342 ns per key)
space cost: 10.595579 MB (69.439184% of original size 15.258789 MB)
Querying trie...
Done!
total time: 474.760493 ms, avg latency: 474.760493 ns
not implemented
17418.223342,10.595579,474.760493
[PASSED]
[time 19.31 s, user 14.47 s, sys 4.75 s, maxrss 11388608 KB]
[busy 2003 jiffies]
[exit 0]
--- c2 case 5 rec 0   load 0.65 0.52 0.76
[TEST MARISA]
Processing dataset...
Done!
Building trie...
Done!
build time: 465.104027 ms (465.104027 ns per key)
space cost: 17.200768 MB (112.726950% of original size 15.258789 MB)
Querying trie...
Done!
total time: 465.624245 ms, avg latency: 465.624245 ns
not implemented
465.104027,17.200768,465.624245
[PASSED]
[time 1.57 s, user 1.46 s, sys 0.10 s, maxrss 194740 KB]
[busy 168 jiffies]
[exit 0]
--- c2 case 5 rec 1   load 0.60 0.51 0.76
[TEST MARISA]
Processing dataset...
Done!
Building trie...
Done!
build time: 737.252691 ms (737.252691 ns per key)
space cost: 17.634758 MB (115.571150% of original size 15.258789 MB)
Querying trie...
Done!
total time: 699.421875 ms, avg latency: 699.421875 ns
not implemented
737.252691,17.634758,699.421875
[PASSED]
[time 2.09 s, user 1.96 s, sys 0.12 s, maxrss 185584 KB]
[busy 223 jiffies]
[exit 0]
--- c2 case 5 rec 2   load 0.60 0.51 0.76
[TEST MARISA]
Processing dataset...
Done!
Building trie...
Done!
build time: 953.203576 ms (953.203576 ns per key)
space cost: 17.949429 MB (117.633375% of original size 15.258789 MB)
Querying trie...
Done!
total time: 971.893554 ms, avg latency: 971.893554 ns
not implemented
953.203576,17.949429,971.893554
[PASSED]
[time 2.58 s, user 2.43 s, sys 0.13 s, maxrss 225184 KB]
[busy 269 jiffies]
[exit 0]
--- c2 case 6 rec 0   load 0.63 0.52 0.76
[TEST PDT]
Processing dataset...
Done!
Building trie...
dict size: 177882, stream size: 12826382
Done!
build time: 16267.317089 ms (16267.317089 ns per key)
space cost: 13.677892 MB (89.639431% of original size 15.258789 MB)
Querying trie...
Done!
total time: 605.288082 ms, avg latency: 605.288082 ns
not implemented
16267.317089,13.677892,605.288082
[PASSED]
[time 17.51 s, user 17.24 s, sys 0.19 s, maxrss 361144 KB]
[busy 1825 jiffies]
[exit 0]
--- c2 case 7 rec 0   load 0.74 0.55 0.77
[TEST ART]
Processing dataset...
Done!
Building trie...
Done!
build time: 140.597211 ms (140.597211 ns per key)
space cost: 30.301407 MB (198.583300% of original size 15.258789 MB)
Querying trie...
Done!
total time: 186.356816 ms, avg latency: 186.356816 ns
not implemented
140.597211,30.301407,186.356816
[PASSED]
[time 1.00 s, user 0.90 s, sys 0.09 s, maxrss 178832 KB]
[busy 107 jiffies]
[exit 0]
--- c2 case 8 rec 0   load 0.74 0.55 0.77
[TEST CART]
Processing dataset...
Done!
Building trie...
Done!
build time: 162.038841 ms (162.038841 ns per key)
space cost: 11.383729 MB (74.604406% of original size 15.258789 MB)
Querying trie...
Done!
total time: 231.656215 ms, avg latency: 231.656215 ns
not implemented
162.038841,11.383729,231.656215
[PASSED]
[time 1.07 s, user 0.97 s, sys 0.09 s, maxrss 160768 KB]
[busy 114 jiffies]
[exit 0]
--- xcdat 7   load 0.68 0.54 0.76
build time: 677.351032 ms
space cost: 19.932177 MiB (130.627512% of original size 15.258789 MiB)
avg latency: 224.624943 ns
677.351032,19.932177,224.624943
[time 1.58 s, user 1.47 s, sys 0.10 s, maxrss 173284 KB]
[busy 167 jiffies]
[exit 0]
--- xcdat 8   load 0.68 0.54 0.76
build time: 643.715419 ms
space cost: 18.565336 MiB (121.669787% of original size 15.258789 MiB)
avg latency: 216.934021 ns
643.715419,18.565336,216.934021
[time 1.55 s, user 1.43 s, sys 0.11 s, maxrss 180012 KB]
[busy 165 jiffies]
[exit 0]
--- xcdat 15   load 0.62 0.53 0.76
build time: 661.076612 ms
space cost: 19.094490 MiB (125.137650% of original size 15.258789 MiB)
avg latency: 206.462555 ns
661.076612,19.094490,206.462555
[time 1.55 s, user 1.42 s, sys 0.12 s, maxrss 180992 KB]
[busy 163 jiffies]
[exit 0]
--- xcdat 16   load 0.62 0.53 0.76
build time: 643.031253 ms
space cost: 19.227987 MiB (126.012538% of original size 15.258789 MiB)
avg latency: 210.467330 ns
643.031253,19.227987,210.467330
[time 1.55 s, user 1.44 s, sys 0.09 s, maxrss 179868 KB]
[busy 168 jiffies]
[exit 0]

##### paths-1000000 (1000000 lines, 125978312 bytes)   round 1/3   2026-09-20T11:49:31+03:00
--- lexindex dict32   load 0.57 0.52 0.75
1000000 keys
lexindex DictIndex block 32: build 494 ms, size 12.389 MiB (12.991 B/key), latency cold 791.8 ns, then mean 788.9 / min 787.8 ns
493.529,12.389187,791.786
[time 4.45 s, user 7.01 s, sys 0.37 s, maxrss 495116 KB]
[busy 768 jiffies]
[exit 0]
--- lexindex dict256   load 0.61 0.53 0.76
1000000 keys
lexindex DictIndex block 256: build 501 ms, size 9.414 MiB (9.871 B/key), latency cold 809.5 ns, then mean 807.8 / min 802.7 ns
501.178,9.413641,809.450
[time 4.53 s, user 7.21 s, sys 0.37 s, maxrss 492496 KB]
[busy 792 jiffies]
[exit 0]
--- lexindex dict1024   load 0.64 0.54 0.76
1000000 keys
lexindex DictIndex block 1024: build 561 ms, size 8.891 MiB (9.323 B/key), latency cold 835.3 ns, then mean 834.2 / min 830.5 ns
561.014,8.891459,835.255
[time 4.69 s, user 6.38 s, sys 0.34 s, maxrss 502904 KB]
[busy 703 jiffies]
[exit 0]
--- lexindex string   load 0.67 0.54 0.76
1000000 keys
lexindex StringIndex: build 1496 ms, size 16.673 MiB (17.483 B/key), latency cold 1140.8 ns, then mean 1136.2 / min 1131.2 ns
1496.189,16.673446,1140.844
[time 6.82 s, user 6.60 s, sys 0.19 s, maxrss 362432 KB]
[busy 713 jiffies]
[exit 0]
--- c2 case 0 rec 0   load 0.64 0.54 0.76
[TEST C2-FST]
Processing dataset...
Done!
Building trie...
Done!
build time: 1451.713835 ms (1451.713835 ns per key)
space cost: 14.260756 MB (11.964866% of original size 119.188606 MB)
Querying trie...
Done!
total time: 2481.612605 ms, avg latency: 2481.612605 ns
topology: 1.699890 MB, link: 2.595201 MB, data: 9.965666 MB
--- Unary Path Analysis (FST, cutoff=4) ---
  shared unary steps in main trie: 2658278
  terminal suffixes: inplace=39819 (avg len=2.28)  links=891354 (95.7% of terminal)
  link len: avg=14.94  max=443  total_chars=13318660
  link length distribution (len:count):  4:40001  5:49577  6:45421  7:46380  8:50483  9:55180  10:56608  11:54673  12:51140  13:35047  14:30416  15:36724  16:35248  17:24069  18:19466  19:17073  20:16018  21:15299  22:13878  23:12677  24:11568  25:37816  26:26754  27:6712  28:5420  29:5541  30:5676  31:5365  32:4659  33:5334  34:4520  35:4652  36:5350  37:9255  38:4943  39:11477  40:3024  41:2087  42:2051  43:1854  44:1606  45:1448  46:1135  47:1025  48:963  49:801  50:774  51:907  52:679  53:727  54:589  55:642  56:710  57:689  58:824  59:515  60:781  61:937  62:666  63:360  64:436  65:381  66:289  67:245  68:235  69:250  70:244  71:266  72:444  73:249  74:341  75:214  76:315  77:82  78:131  79:63  80:31  81:46  82:38  83:33  84:32  85:58  86:34  87:20  88:33  89:21  90:5  91:6  92:18  93:7  94:11  95:14  96:12  97:3  98:4  99:4  100:10  101:17  102:11  103:6  104:17  105:9  106:12  107:11  108:7  109:2  110:3  111:1  112:2  113:4  114:3  115:4  116:3  117:4  118:13  119:5  120:1  122:2  123:3  124:38  125:23  126:156  127:15  128:61  129:3  130:1  131:3  132:2  133:1  136:3  137:6  138:1  139:1  142:4  143:1  144:2  145:2  146:2  151:3  152:1  154:2  159:2  160:2  161:2  165:3  167:1  171:1  172:3  173:1  174:1  175:1  182:1  187:3  188:1  190:2  191:1  194:1  195:3  198:1  201:1  202:1  203:1  205:1  206:1  215:1  219:1  233:1  235:1  243:1  247:1  257:1  265:1  444:1
1451.713835,14.260756,2481.612605
[PASSED]
[time 4.93 s, user 4.70 s, sys 0.21 s, maxrss 358868 KB]
[busy 514 jiffies]
[exit 0]
--- c2 case 0 rec 1   load 0.67 0.55 0.76
[TEST C2-FST]
Processing dataset...
Done!
Building trie...
trie size: 2.746100 MB
Done!
build time: 1704.104382 ms (1704.104382 ns per key)
space cost: 12.500864 MB (10.488305% of original size 119.188606 MB)
Querying trie...
Done!
total time: 2686.461458 ms, avg latency: 2686.461458 ns
topology: 1.942371 MB, link: 2.552141 MB, data: 8.006351 MB
--- Unary Path Analysis (FST, cutoff=4) ---
  shared unary steps in main trie: 2658278
  terminal suffixes: inplace=39819 (avg len=2.28)  links=891354 (95.7% of terminal)
  link len: avg=14.94  max=443  total_chars=13318660
  link length distribution (len:count):  4:40001  5:49577  6:45421  7:46380  8:50483  9:55180  10:56608  11:54673  12:51140  13:35047  14:30416  15:36724  16:35248  17:24069  18:19466  19:17073  20:16018  21:15299  22:13878  23:12677  24:11568  25:37816  26:26754  27:6712  28:5420  29:5541  30:5676  31:5365  32:4659  33:5334  34:4520  35:4652  36:5350  37:9255  38:4943  39:11477  40:3024  41:2087  42:2051  43:1854  44:1606  45:1448  46:1135  47:1025  48:963  49:801  50:774  51:907  52:679  53:727  54:589  55:642  56:710  57:689  58:824  59:515  60:781  61:937  62:666  63:360  64:436  65:381  66:289  67:245  68:235  69:250  70:244  71:266  72:444  73:249  74:341  75:214  76:315  77:82  78:131  79:63  80:31  81:46  82:38  83:33  84:32  85:58  86:34  87:20  88:33  89:21  90:5  91:6  92:18  93:7  94:11  95:14  96:12  97:3  98:4  99:4  100:10  101:17  102:11  103:6  104:17  105:9  106:12  107:11  108:7  109:2  110:3  111:1  112:2  113:4  114:3  115:4  116:3  117:4  118:13  119:5  120:1  122:2  123:3  124:38  125:23  126:156  127:15  128:61  129:3  130:1  131:3  132:2  133:1  136:3  137:6  138:1  139:1  142:4  143:1  144:2  145:2  146:2  151:3  152:1  154:2  159:2  160:2  161:2  165:3  167:1  171:1  172:3  173:1  174:1  175:1  182:1  187:3  188:1  190:2  191:1  194:1  195:3  198:1  201:1  202:1  203:1  205:1  206:1  215:1  219:1  233:1  235:1  243:1  247:1  257:1  265:1  444:1
1704.104382,12.500864,2686.461458
[PASSED]
[time 5.41 s, user 5.17 s, sys 0.21 s, maxrss 356664 KB]
[busy 562 jiffies]
[exit 0]
--- c2 case 0 rec 2   load 0.70 0.56 0.76
[TEST C2-FST]
Processing dataset...
Done!
Building trie...
trie size: 2.746100 MB
trie size: 0.687543 MB
Done!
build time: 1787.887415 ms (1787.887415 ns per key)
space cost: 12.500864 MB (10.488305% of original size 119.188606 MB)
Querying trie...
Done!
total time: 2671.334183 ms, avg latency: 2671.334183 ns
topology: 1.942371 MB, link: 2.552141 MB, data: 8.006351 MB
--- Unary Path Analysis (FST, cutoff=4) ---
  shared unary steps in main trie: 2658278
  terminal suffixes: inplace=39819 (avg len=2.28)  links=891354 (95.7% of terminal)
  link len: avg=14.94  max=443  total_chars=13318660
  link length distribution (len:count):  4:40001  5:49577  6:45421  7:46380  8:50483  9:55180  10:56608  11:54673  12:51140  13:35047  14:30416  15:36724  16:35248  17:24069  18:19466  19:17073  20:16018  21:15299  22:13878  23:12677  24:11568  25:37816  26:26754  27:6712  28:5420  29:5541  30:5676  31:5365  32:4659  33:5334  34:4520  35:4652  36:5350  37:9255  38:4943  39:11477  40:3024  41:2087  42:2051  43:1854  44:1606  45:1448  46:1135  47:1025  48:963  49:801  50:774  51:907  52:679  53:727  54:589  55:642  56:710  57:689  58:824  59:515  60:781  61:937  62:666  63:360  64:436  65:381  66:289  67:245  68:235  69:250  70:244  71:266  72:444  73:249  74:341  75:214  76:315  77:82  78:131  79:63  80:31  81:46  82:38  83:33  84:32  85:58  86:34  87:20  88:33  89:21  90:5  91:6  92:18  93:7  94:11  95:14  96:12  97:3  98:4  99:4  100:10  101:17  102:11  103:6  104:17  105:9  106:12  107:11  108:7  109:2  110:3  111:1  112:2  113:4  114:3  115:4  116:3  117:4  118:13  119:5  120:1  122:2  123:3  124:38  125:23  126:156  127:15  128:61  129:3  130:1  131:3  132:2  133:1  136:3  137:6  138:1  139:1  142:4  143:1  144:2  145:2  146:2  151:3  152:1  154:2  159:2  160:2  161:2  165:3  167:1  171:1  172:3  173:1  174:1  175:1  182:1  187:3  188:1  190:2  191:1  194:1  195:3  198:1  201:1  202:1  203:1  205:1  206:1  215:1  219:1  233:1  235:1  243:1  247:1  257:1  265:1  444:1
1787.887415,12.500864,2671.334183
[PASSED]
[time 5.46 s, user 5.22 s, sys 0.22 s, maxrss 356488 KB]
[busy 568 jiffies]
[exit 0]
--- c2 case 1 rec 0   load 0.72 0.57 0.76
[TEST C2-CoCo(LOUDS-Sparse)]
Processing dataset...
Done!
Building trie...
Done!
build time: 5143.666039 ms (5143.666039 ns per key)
space cost: 14.878411 MB (12.483082% of original size 119.188606 MB)
Querying trie...
Done!
total time: 1645.031541 ms, avg latency: 1645.031541 ns
topology: 0.476959 MB, link: 4.004946 MB, data: 10.396506 MB
5143.666039,14.878411,1645.031541
[PASSED]
[time 7.79 s, user 7.40 s, sys 0.35 s, maxrss 596208 KB]
[busy 813 jiffies]
[exit 0]
--- c2 case 1 rec 1   load 0.76 0.58 0.76
[TEST C2-CoCo(LOUDS-Sparse)]
Processing dataset...
Done!
Building trie...
trie size: 2.746100 MB
Done!
build time: 5406.485412 ms (5406.485412 ns per key)
space cost: 13.118518 MB (11.006521% of original size 119.188606 MB)
Querying trie...
Done!
total time: 1853.404025 ms, avg latency: 1853.404025 ns
topology: 0.719440 MB, link: 3.961886 MB, data: 8.437192 MB
5406.485412,13.118518,1853.404025
[PASSED]
[time 8.24 s, user 7.87 s, sys 0.33 s, maxrss 588044 KB]
[busy 856 jiffies]
[exit 0]
--- c2 case 1 rec 2   load 0.87 0.61 0.77
[TEST C2-CoCo(LOUDS-Sparse)]
Processing dataset...
Done!
Building trie...
trie size: 2.746100 MB
trie size: 0.687543 MB
Done!
build time: 5489.997136 ms (5489.997136 ns per key)
space cost: 13.118518 MB (11.006521% of original size 119.188606 MB)
Querying trie...
Done!
total time: 1873.006609 ms, avg latency: 1873.006609 ns
topology: 0.719440 MB, link: 3.961886 MB, data: 8.437192 MB
5489.997136,13.118518,1873.006609
[PASSED]
[time 8.35 s, user 7.98 s, sys 0.33 s, maxrss 591056 KB]
[busy 866 jiffies]
[exit 0]
--- c2 case 2 rec 0   load 0.89 0.62 0.77
[TEST C2-MARISA]
Processing dataset...
Done!
Building trie...
trie size: 2.297644 MB
Done!
build time: 1334.714587 ms (1334.714587 ns per key)
space cost: 11.928165 MB (10.007807% of original size 119.188606 MB)
Querying trie...
Done!
total time: 911.520470 ms, avg latency: 911.520470 ns
topology: 0.761036 MB, link: 3.343996 MB, data: 7.802626 MB
--- Unary Path Analysis (Marisa, cutoff=3) ---
  branches: 1534795  |  single-char: 270841 (17.6%)  short-unary: 45134 (2.9%)  links: 1218820 (79.4%)
  link len: avg=14.88  max=445  total_chars=18132830
  link length distribution (len:count):  3:37127  4:49365  5:75461  6:91989  7:72185  8:66513  9:63973  10:68956  11:73223  12:65790  13:57380  14:41495  15:36762  16:42631  17:41179  18:27817  19:22377  20:18838  21:17845  22:16718  23:15115  24:13613  25:12555  26:39233  27:27982  28:7379  29:6328  30:6087  31:6172  32:5955  33:5265  34:5643  35:4792  36:4909  37:5534  38:9417  39:5190  40:12044  41:4130  42:3423  43:3194  44:2134  45:1772  46:1642  47:1384  48:1261  49:1057  50:900  51:919  52:1030  53:750  54:799  55:667  56:702  57:772  58:823  59:1198  60:1008  61:899  62:972  63:712  64:409  65:454  66:414  67:320  68:269  69:256  70:270  71:258  72:280  73:453  74:258  75:356  76:221  77:315  78:88  79:138  80:65  81:34  82:48  83:40  84:34  85:38  86:63  87:38  88:23  89:36  90:23  91:6  92:6  93:19  94:8  95:11  96:14  97:13  98:3  99:5  100:4  101:12  102:17  103:11  104:6  105:17  106:9  107:12  108:11  109:7  110:2  111:4  112:1  113:2  114:4  115:4  116:4  117:3  118:4  119:14  120:6  121:1  123:2  124:3  125:38  126:23  127:156  128:15  129:61  130:3  131:1  132:3  133:2  134:1  136:1  137:3  138:6  139:1  140:1  143:4  144:2  145:2  146:2  147:2  149:1  152:3  153:1  155:2  157:1  160:2  161:2  162:2  166:3  167:1  168:1  172:1  173:3  174:1  175:1  176:1  183:2  185:1  188:4  189:2  191:2  192:3  195:2  196:3  199:1  202:1  203:1  204:1  206:1  207:2  216:1  220:1  230:1  234:1  236:1  244:1  248:1  258:1  266:1  445:1
  short unary avg len: 2.00
1334.714587,11.928165,911.520470
[PASSED]
[time 3.24 s, user 2.99 s, sys 0.22 s, maxrss 356256 KB]
[busy 337 jiffies]
[exit 0]
--- c2 case 2 rec 1   load 0.82 0.61 0.77
[TEST C2-MARISA]
Processing dataset...
Done!
Building trie...
trie size: 2.297644 MB
trie size: 3.841883 MB
Done!
build time: 1663.083861 ms (1663.083861 ns per key)
space cost: 9.839272 MB (8.255212% of original size 119.188606 MB)
Querying trie...
Done!
total time: 1608.321130 ms, avg latency: 1608.321130 ns
topology: 1.073097 MB, link: 3.403300 MB, data: 5.342366 MB
--- Unary Path Analysis (Marisa, cutoff=3) ---
  branches: 1534795  |  single-char: 270841 (17.6%)  short-unary: 45134 (2.9%)  links: 1218820 (79.4%)
  link len: avg=14.88  max=445  total_chars=18132830
  link length distribution (len:count):  3:37127  4:49365  5:75461  6:91989  7:72185  8:66513  9:63973  10:68956  11:73223  12:65790  13:57380  14:41495  15:36762  16:42631  17:41179  18:27817  19:22377  20:18838  21:17845  22:16718  23:15115  24:13613  25:12555  26:39233  27:27982  28:7379  29:6328  30:6087  31:6172  32:5955  33:5265  34:5643  35:4792  36:4909  37:5534  38:9417  39:5190  40:12044  41:4130  42:3423  43:3194  44:2134  45:1772  46:1642  47:1384  48:1261  49:1057  50:900  51:919  52:1030  53:750  54:799  55:667  56:702  57:772  58:823  59:1198  60:1008  61:899  62:972  63:712  64:409  65:454  66:414  67:320  68:269  69:256  70:270  71:258  72:280  73:453  74:258  75:356  76:221  77:315  78:88  79:138  80:65  81:34  82:48  83:40  84:34  85:38  86:63  87:38  88:23  89:36  90:23  91:6  92:6  93:19  94:8  95:11  96:14  97:13  98:3  99:5  100:4  101:12  102:17  103:11  104:6  105:17  106:9  107:12  108:11  109:7  110:2  111:4  112:1  113:2  114:4  115:4  116:4  117:3  118:4  119:14  120:6  121:1  123:2  124:3  125:38  126:23  127:156  128:15  129:61  130:3  131:1  132:3  133:2  134:1  136:1  137:3  138:6  139:1  140:1  143:4  144:2  145:2  146:2  147:2  149:1  152:3  153:1  155:2  157:1  160:2  161:2  162:2  166:3  167:1  168:1  172:1  173:3  174:1  175:1  176:1  183:2  185:1  188:4  189:2  191:2  192:3  195:2  196:3  199:1  202:1  203:1  204:1  206:1  207:2  216:1  220:1  230:1  234:1  236:1  244:1  248:1  258:1  266:1  445:1
  short unary avg len: 2.00
1663.083861,9.839272,1608.321130
[PASSED]
[time 4.27 s, user 4.02 s, sys 0.23 s, maxrss 354204 KB]
[busy 448 jiffies]
[exit 0]
--- c2 case 2 rec 2   load 0.84 0.62 0.77
[TEST C2-MARISA]
Processing dataset...
Done!
Building trie...
trie size: 2.297644 MB
trie size: 3.841883 MB
trie size: 0.864431 MB
Done!
build time: 1801.417960 ms (1801.417960 ns per key)
space cost: 9.839272 MB (8.255212% of original size 119.188606 MB)
Querying trie...
Done!
total time: 1617.754846 ms, avg latency: 1617.754846 ns
topology: 1.073097 MB, link: 3.403300 MB, data: 5.342366 MB
--- Unary Path Analysis (Marisa, cutoff=3) ---
  branches: 1534795  |  single-char: 270841 (17.6%)  short-unary: 45134 (2.9%)  links: 1218820 (79.4%)
  link len: avg=14.88  max=445  total_chars=18132830
  link length distribution (len:count):  3:37127  4:49365  5:75461  6:91989  7:72185  8:66513  9:63973  10:68956  11:73223  12:65790  13:57380  14:41495  15:36762  16:42631  17:41179  18:27817  19:22377  20:18838  21:17845  22:16718  23:15115  24:13613  25:12555  26:39233  27:27982  28:7379  29:6328  30:6087  31:6172  32:5955  33:5265  34:5643  35:4792  36:4909  37:5534  38:9417  39:5190  40:12044  41:4130  42:3423  43:3194  44:2134  45:1772  46:1642  47:1384  48:1261  49:1057  50:900  51:919  52:1030  53:750  54:799  55:667  56:702  57:772  58:823  59:1198  60:1008  61:899  62:972  63:712  64:409  65:454  66:414  67:320  68:269  69:256  70:270  71:258  72:280  73:453  74:258  75:356  76:221  77:315  78:88  79:138  80:65  81:34  82:48  83:40  84:34  85:38  86:63  87:38  88:23  89:36  90:23  91:6  92:6  93:19  94:8  95:11  96:14  97:13  98:3  99:5  100:4  101:12  102:17  103:11  104:6  105:17  106:9  107:12  108:11  109:7  110:2  111:4  112:1  113:2  114:4  115:4  116:4  117:3  118:4  119:14  120:6  121:1  123:2  124:3  125:38  126:23  127:156  128:15  129:61  130:3  131:1  132:3  133:2  134:1  136:1  137:3  138:6  139:1  140:1  143:4  144:2  145:2  146:2  147:2  149:1  152:3  153:1  155:2  157:1  160:2  161:2  162:2  166:3  167:1  168:1  172:1  173:3  174:1  175:1  176:1  183:2  185:1  188:4  189:2  191:2  192:3  195:2  196:3  199:1  202:1  203:1  204:1  206:1  207:2  216:1  220:1  230:1  234:1  236:1  244:1  248:1  258:1  266:1  445:1
  short unary avg len: 2.00
1801.417960,9.839272,1617.754846
[PASSED]
[time 4.41 s, user 4.15 s, sys 0.24 s, maxrss 353876 KB]
[busy 460 jiffies]
[exit 0]
--- c2 case 3 rec 0   load 0.85 0.63 0.77
[TEST FST]
Processing dataset...
Done!
Building trie...
Done!
build time: 3347.404388 ms (3347.404388 ns per key)
space cost: 14.021067 MB (11.763764% of original size 119.188606 MB)
Querying trie...
Done!
total time: 4661.221067 ms, avg latency: 4661.221067 ns
not implemented
3347.404388,14.021067,4661.221067
[PASSED]
[time 9.02 s, user 8.78 s, sys 0.20 s, maxrss 357588 KB]
[busy 934 jiffies]
[exit 0]
--- c2 case 4 rec 0   load 0.87 0.64 0.78
[TEST COCO]
Processing dataset...
Done!
Building trie...
num nodes = 584148, average depth = 12.594651
ef = 0.000038, pa = 0.103241, bv = 0.000608, de = 0.597184
efr = 0.000176, par = 0.181430, bvr = 0.000135, der = 0.117188
Done!
build time: 45447.566723 ms (45447.566723 ns per key)
space cost: 19.697372 MB (16.526221% of original size 119.188606 MB)
Querying trie...
Done!
total time: 1409.427887 ms, avg latency: 1409.427887 ns
not implemented
45447.566723,19.697372,1409.427887
[PASSED]
[time 49.42 s, user 39.33 s, sys 9.88 s, maxrss 23293100 KB]
[busy 5211 jiffies]
[exit 0]
--- c2 case 5 rec 0   load 1.06 0.73 0.80
[TEST MARISA]
Processing dataset...
Done!
Building trie...
Done!
build time: 1654.305046 ms (1654.305046 ns per key)
space cost: 12.257486 MB (10.284109% of original size 119.188606 MB)
Querying trie...
Done!
total time: 1000.011850 ms, avg latency: 1000.011850 ns
not implemented
1654.305046,12.257486,1000.011850
[PASSED]
[time 3.62 s, user 3.36 s, sys 0.23 s, maxrss 411656 KB]
[busy 383 jiffies]
[exit 0]
--- c2 case 5 rec 1   load 1.06 0.73 0.80
[TEST MARISA]
Processing dataset...
Done!
Building trie...
Done!
build time: 1788.223356 ms (1788.223356 ns per key)
space cost: 9.428862 MB (7.910875% of original size 119.188606 MB)
Querying trie...
Done!
total time: 1810.648985 ms, avg latency: 1810.648985 ns
not implemented
1788.223356,9.428862,1810.648985
[PASSED]
[time 4.56 s, user 4.31 s, sys 0.23 s, maxrss 411488 KB]
[busy 477 jiffies]
[exit 0]
--- c2 case 5 rec 2   load 1.05 0.74 0.80
[TEST MARISA]
Processing dataset...
Done!
Building trie...
Done!
build time: 1858.428566 ms (1858.428566 ns per key)
space cost: 9.029414 MB (7.575736% of original size 119.188606 MB)
Querying trie...
Done!
total time: 2257.546302 ms, avg latency: 2257.546302 ns
not implemented
1858.428566,9.029414,2257.546302
[PASSED]
[time 5.08 s, user 4.81 s, sys 0.24 s, maxrss 411548 KB]
[busy 528 jiffies]
[exit 0]
--- c2 case 6 rec 0   load 1.05 0.74 0.81
[TEST PDT]
Processing dataset...
Done!
Building trie...
dict size: 153672, stream size: 10323140
Done!
build time: 4868.086509 ms (4868.086509 ns per key)
space cost: 11.267526 MB (9.453526% of original size 119.188606 MB)
Querying trie...
Done!
total time: 1085.056013 ms, avg latency: 1085.056013 ns
not implemented
4868.086509,11.267526,1085.056013
[PASSED]
[time 6.97 s, user 6.62 s, sys 0.32 s, maxrss 389168 KB]
[busy 723 jiffies]
[exit 0]
--- c2 case 7 rec 0   load 1.11 0.77 0.81
[TEST ART]
Processing dataset...
Done!
Building trie...
Done!
build time: 416.270577 ms (416.270577 ns per key)
space cost: 34.675591 MB (29.093041% of original size 119.188606 MB)
Querying trie...
Done!
total time: 754.740271 ms, avg latency: 754.740271 ns
not implemented
416.270577,34.675591,754.740271
[PASSED]
[time 2.21 s, user 1.95 s, sys 0.25 s, maxrss 505808 KB]
[busy 234 jiffies]
[exit 0]
--- c2 case 8 rec 0   load 1.11 0.77 0.81
[TEST CART]
Processing dataset...
Done!
Building trie...
Done!
build time: 469.235741 ms (469.235741 ns per key)
space cost: 18.620093 MB (15.622377% of original size 119.188606 MB)
Querying trie...
Done!
total time: 854.181196 ms, avg latency: 854.181196 ns
not implemented
469.235741,18.620093,854.181196
[PASSED]
[time 2.37 s, user 2.09 s, sys 0.26 s, maxrss 496032 KB]
[busy 247 jiffies]
[exit 0]
--- xcdat 7   load 1.10 0.77 0.81
build time: 1430.544247 ms
space cost: 18.455355 MiB (15.484160% of original size 119.188606 MiB)
avg latency: 720.918468 ns
1430.544247,18.455355,720.918468
[time 3.17 s, user 2.90 s, sys 0.24 s, maxrss 362468 KB]
[busy 331 jiffies]
[exit 0]
--- xcdat 8   load 1.09 0.78 0.82
build time: 1372.797827 ms
space cost: 18.497238 MiB (15.519301% of original size 119.188606 MiB)
avg latency: 723.324429 ns
1372.797827,18.497238,723.324429
[time 3.10 s, user 2.83 s, sys 0.26 s, maxrss 362500 KB]
[busy 325 jiffies]
[exit 0]
--- xcdat 15   load 1.09 0.78 0.82
build time: 1431.676874 ms
space cost: 23.949356 MiB (20.093662% of original size 119.188606 MiB)
avg latency: 624.571637 ns
1431.676874,23.949356,624.571637
[time 3.07 s, user 2.79 s, sys 0.26 s, maxrss 368220 KB]
[busy 320 jiffies]
[exit 0]
--- xcdat 16   load 1.00 0.77 0.81
build time: 1387.642772 ms
space cost: 25.154240 MiB (21.104567% of original size 119.188606 MiB)
avg latency: 702.238437 ns
1387.642772,25.154240,702.238437
[time 3.11 s, user 2.84 s, sys 0.24 s, maxrss 369056 KB]
[busy 325 jiffies]
[exit 0]

##### pypi-full (889864 lines, 12756399 bytes)   round 1/3   2026-09-20T11:52:45+03:00
--- lexindex dict32   load 1.00 0.77 0.81
889864 keys
lexindex DictIndex block 32: build 178 ms, size 3.800 MiB (4.478 B/key), latency cold 331.3 ns, then mean 319.0 / min 316.9 ns
178.088,3.799900,331.288
[time 1.75 s, user 2.67 s, sys 0.16 s, maxrss 204088 KB]
[busy 302 jiffies]
[exit 0]
--- lexindex dict256   load 1.00 0.77 0.81
889864 keys
lexindex DictIndex block 256: build 185 ms, size 3.535 MiB (4.165 B/key), latency cold 355.3 ns, then mean 349.9 / min 347.3 ns
185.368,3.534916,355.317
[time 1.87 s, user 2.78 s, sys 0.17 s, maxrss 204992 KB]
[busy 313 jiffies]
[exit 0]
--- lexindex dict1024   load 0.92 0.76 0.81
889864 keys
lexindex DictIndex block 1024: build 205 ms, size 3.413 MiB (4.022 B/key), latency cold 435.8 ns, then mean 431.7 / min 430.9 ns
205.212,3.413095,435.800
[time 2.17 s, user 2.73 s, sys 0.12 s, maxrss 184524 KB]
[busy 301 jiffies]
[exit 0]
--- lexindex string   load 0.92 0.76 0.81
889864 keys
lexindex StringIndex: build 481 ms, size 8.484 MiB (9.998 B/key), latency cold 290.8 ns, then mean 291.2 / min 285.6 ns
481.179,8.484477,290.840
[time 1.93 s, user 1.87 s, sys 0.05 s, maxrss 122192 KB]
[busy 206 jiffies]
[exit 0]
--- c2 case 0 rec 0   load 0.93 0.76 0.81
[TEST C2-FST]
Processing dataset...
Done!
Building trie...
Done!
build time: 405.764745 ms (455.985122 ns per key)
space cost: 5.574753 MB (49.260816% of original size 11.316810 MB)
Querying trie...
Done!
total time: 322.656099 ms, avg latency: 362.590350 ns
topology: 0.851089 MB, link: 1.149713 MB, data: 3.573951 MB
--- Unary Path Analysis (FST, cutoff=4) ---
  shared unary steps in main trie: 344931
  terminal suffixes: inplace=288151 (avg len=1.99)  links=405388 (58.5% of terminal)
  link len: avg=7.08  max=176  total_chars=2869854
  link length distribution (len:count):  4:74698  5:65971  6:53798  7:40968  8:33851  9:27326  10:20764  11:16938  12:14649  13:12025  14:9410  15:7294  16:5909  17:4518  18:3598  19:2810  20:2154  21:1673  22:1340  23:1095  24:876  25:726  26:550  27:431  28:361  29:400  30:312  31:173  32:150  33:103  34:106  35:75  36:44  37:52  38:50  39:27  40:24  41:13  42:21  43:16  44:7  45:10  46:6  47:5  48:10  49:1  50:4  51:5  52:2  53:2  54:2  55:1  56:5  57:3  60:2  62:2  63:1  64:3  65:2  67:1  68:3  71:1  75:1  77:2  82:1  86:1  99:2  106:1  113:1  153:1  177:1
405.764745,5.574753,362.590350
[PASSED]
[time 1.13 s, user 1.03 s, sys 0.09 s, maxrss 129628 KB]
[busy 122 jiffies]
[exit 0]
--- c2 case 0 rec 1   load 0.93 0.76 0.81
[TEST C2-FST]
Processing dataset...
Done!
Building trie...
trie size: 1.301167 MB
Done!
build time: 464.597566 ms (522.099519 ns per key)
space cost: 5.131913 MB (45.347703% of original size 11.316810 MB)
Querying trie...
Done!
total time: 372.249589 ms, avg latency: 418.321889 ns
topology: 0.978825 MB, link: 1.146868 MB, data: 3.006221 MB
--- Unary Path Analysis (FST, cutoff=4) ---
  shared unary steps in main trie: 344931
  terminal suffixes: inplace=288151 (avg len=1.99)  links=405388 (58.5% of terminal)
  link len: avg=7.08  max=176  total_chars=2869854
  link length distribution (len:count):  4:74698  5:65971  6:53798  7:40968  8:33851  9:27326  10:20764  11:16938  12:14649  13:12025  14:9410  15:7294  16:5909  17:4518  18:3598  19:2810  20:2154  21:1673  22:1340  23:1095  24:876  25:726  26:550  27:431  28:361  29:400  30:312  31:173  32:150  33:103  34:106  35:75  36:44  37:52  38:50  39:27  40:24  41:13  42:21  43:16  44:7  45:10  46:6  47:5  48:10  49:1  50:4  51:5  52:2  53:2  54:2  55:1  56:5  57:3  60:2  62:2  63:1  64:3  65:2  67:1  68:3  71:1  75:1  77:2  82:1  86:1  99:2  106:1  113:1  153:1  177:1
464.597566,5.131913,418.321889
[PASSED]
[time 1.23 s, user 1.14 s, sys 0.08 s, maxrss 129848 KB]
[busy 134 jiffies]
[exit 0]
--- c2 case 0 rec 2   load 0.85 0.75 0.81
[TEST C2-FST]
Processing dataset...
Done!
Building trie...
trie size: 1.301167 MB
trie size: 0.188086 MB
Done!
build time: 472.894436 ms (531.423269 ns per key)
space cost: 5.131913 MB (45.347703% of original size 11.316810 MB)
Querying trie...
Done!
total time: 361.035717 ms, avg latency: 405.720107 ns
topology: 0.978825 MB, link: 1.146868 MB, data: 3.006221 MB
--- Unary Path Analysis (FST, cutoff=4) ---
  shared unary steps in main trie: 344931
  terminal suffixes: inplace=288151 (avg len=1.99)  links=405388 (58.5% of terminal)
  link len: avg=7.08  max=176  total_chars=2869854
  link length distribution (len:count):  4:74698  5:65971  6:53798  7:40968  8:33851  9:27326  10:20764  11:16938  12:14649  13:12025  14:9410  15:7294  16:5909  17:4518  18:3598  19:2810  20:2154  21:1673  22:1340  23:1095  24:876  25:726  26:550  27:431  28:361  29:400  30:312  31:173  32:150  33:103  34:106  35:75  36:44  37:52  38:50  39:27  40:24  41:13  42:21  43:16  44:7  45:10  46:6  47:5  48:10  49:1  50:4  51:5  52:2  53:2  54:2  55:1  56:5  57:3  60:2  62:2  63:1  64:3  65:2  67:1  68:3  71:1  75:1  77:2  82:1  86:1  99:2  106:1  113:1  153:1  177:1
472.894436,5.131913,405.720107
[PASSED]
[time 1.24 s, user 1.14 s, sys 0.09 s, maxrss 129512 KB]
[busy 131 jiffies]
[exit 0]
--- c2 case 1 rec 0   load 0.85 0.75 0.81
[TEST C2-CoCo(LOUDS-Sparse)]
Processing dataset...
Done!
Building trie...
Done!
build time: 1200.753506 ms (1349.367438 ns per key)
space cost: 5.902932 MB (52.160740% of original size 11.316810 MB)
Querying trie...
Done!
total time: 481.734337 ms, avg latency: 541.357260 ns
topology: 0.365089 MB, link: 1.816309 MB, data: 3.721533 MB
1200.753506,5.902932,541.357260
[PASSED]
[time 2.07 s, user 1.92 s, sys 0.14 s, maxrss 251548 KB]
[busy 219 jiffies]
[exit 0]
--- c2 case 1 rec 1   load 0.86 0.75 0.81
[TEST C2-CoCo(LOUDS-Sparse)]
Processing dataset...
Done!
Building trie...
trie size: 1.301167 MB
Done!
build time: 1256.527579 ms (1412.044514 ns per key)
space cost: 5.460092 MB (48.247627% of original size 11.316810 MB)
Querying trie...
Done!
total time: 514.758350 ms, avg latency: 578.468564 ns
topology: 0.492825 MB, link: 1.813464 MB, data: 3.153803 MB
1256.527579,5.460092,578.468564
[PASSED]
[time 2.16 s, user 2.01 s, sys 0.13 s, maxrss 251628 KB]
[busy 227 jiffies]
[exit 0]
--- c2 case 1 rec 2   load 0.86 0.75 0.81
[TEST C2-CoCo(LOUDS-Sparse)]
Processing dataset...
Done!
Building trie...
trie size: 1.301167 MB
trie size: 0.188086 MB
Done!
build time: 1269.257980 ms (1426.350521 ns per key)
space cost: 5.460092 MB (48.247627% of original size 11.316810 MB)
Querying trie...
Done!
total time: 527.283025 ms, avg latency: 592.543383 ns
topology: 0.492825 MB, link: 1.813464 MB, data: 3.153803 MB
1269.257980,5.460092,592.543383
[PASSED]
[time 2.19 s, user 2.04 s, sys 0.13 s, maxrss 251540 KB]
[busy 232 jiffies]
[exit 0]
--- c2 case 2 rec 0   load 0.88 0.76 0.81
[TEST C2-MARISA]
Processing dataset...
Done!
Building trie...
trie size: 2.034968 MB
Done!
build time: 500.023573 ms (561.910104 ns per key)
space cost: 5.148748 MB (45.496465% of original size 11.316810 MB)
Querying trie...
Done!
total time: 242.506033 ms, avg latency: 272.520332 ns
topology: 0.673512 MB, link: 1.684298 MB, data: 2.770432 MB
--- Unary Path Analysis (Marisa, cutoff=3) ---
  branches: 1290446  |  single-char: 483681 (37.5%)  short-unary: 134846 (10.4%)  links: 671919 (52.1%)
  link len: avg=7.04  max=178  total_chars=4731655
  link length distribution (len:count):  3:128200  4:106194  5:84287  6:72656  7:58516  8:44149  9:36040  10:28839  11:21753  12:17688  13:15308  14:12510  15:9745  16:7525  17:6122  18:4690  19:3698  20:2882  21:2216  22:1721  23:1367  24:1119  25:897  26:746  27:562  28:441  29:368  30:406  31:316  32:177  33:153  34:106  35:106  36:75  37:44  38:54  39:50  40:27  41:25  42:13  43:21  44:16  45:7  46:10  47:6  48:5  49:10  50:2  51:4  52:5  53:2  54:2  55:2  56:1  57:5  58:3  61:2  63:2  64:1  65:3  66:2  68:2  69:3  72:1  76:1  78:2  83:1  87:1  100:2  107:1  114:1  154:1  178:1
  short unary avg len: 2.00
500.023573,5.148748,272.520332
[PASSED]
[time 1.12 s, user 1.01 s, sys 0.10 s, maxrss 158744 KB]
[busy 118 jiffies]
[exit 0]
--- c2 case 2 rec 1   load 0.88 0.76 0.81
[TEST C2-MARISA]
Processing dataset...
Done!
Building trie...
trie size: 2.034968 MB
trie size: 2.021012 MB
Done!
build time: 571.377732 ms (642.095570 ns per key)
space cost: 4.528195 MB (40.013003% of original size 11.316810 MB)
Querying trie...
Done!
total time: 289.549460 ms, avg latency: 325.386194 ns
topology: 0.839943 MB, link: 1.648341 MB, data: 2.019403 MB
--- Unary Path Analysis (Marisa, cutoff=3) ---
  branches: 1290446  |  single-char: 483681 (37.5%)  short-unary: 134846 (10.4%)  links: 671919 (52.1%)
  link len: avg=7.04  max=178  total_chars=4731655
  link length distribution (len:count):  3:128200  4:106194  5:84287  6:72656  7:58516  8:44149  9:36040  10:28839  11:21753  12:17688  13:15308  14:12510  15:9745  16:7525  17:6122  18:4690  19:3698  20:2882  21:2216  22:1721  23:1367  24:1119  25:897  26:746  27:562  28:441  29:368  30:406  31:316  32:177  33:153  34:106  35:106  36:75  37:44  38:54  39:50  40:27  41:25  42:13  43:21  44:16  45:7  46:10  47:6  48:5  49:10  50:2  51:4  52:5  53:2  54:2  55:2  56:1  57:5  58:3  61:2  63:2  64:1  65:3  66:2  68:2  69:3  72:1  76:1  78:2  83:1  87:1  100:2  107:1  114:1  154:1  178:1
  short unary avg len: 2.00
571.377732,4.528195,325.386194
[PASSED]
[time 1.25 s, user 1.14 s, sys 0.10 s, maxrss 158856 KB]
[busy 135 jiffies]
[exit 0]
--- c2 case 2 rec 2   load 0.89 0.76 0.81
[TEST C2-MARISA]
Processing dataset...
Done!
Building trie...
trie size: 2.034968 MB
trie size: 2.021012 MB
trie size: 0.240847 MB
Done!
build time: 597.943230 ms (671.949006 ns per key)
space cost: 4.528195 MB (40.013003% of original size 11.316810 MB)
Querying trie...
Done!
total time: 290.425146 ms, avg latency: 326.370261 ns
topology: 0.839943 MB, link: 1.648341 MB, data: 2.019403 MB
--- Unary Path Analysis (Marisa, cutoff=3) ---
  branches: 1290446  |  single-char: 483681 (37.5%)  short-unary: 134846 (10.4%)  links: 671919 (52.1%)
  link len: avg=7.04  max=178  total_chars=4731655
  link length distribution (len:count):  3:128200  4:106194  5:84287  6:72656  7:58516  8:44149  9:36040  10:28839  11:21753  12:17688  13:15308  14:12510  15:9745  16:7525  17:6122  18:4690  19:3698  20:2882  21:2216  22:1721  23:1367  24:1119  25:897  26:746  27:562  28:441  29:368  30:406  31:316  32:177  33:153  34:106  35:106  36:75  37:44  38:54  39:50  40:27  41:25  42:13  43:21  44:16  45:7  46:10  47:6  48:5  49:10  50:2  51:4  52:5  53:2  54:2  55:2  56:1  57:5  58:3  61:2  63:2  64:1  65:3  66:2  68:2  69:3  72:1  76:1  78:2  83:1  87:1  100:2  107:1  114:1  154:1  178:1
  short unary avg len: 2.00
597.943230,4.528195,326.370261
[PASSED]
[time 1.29 s, user 1.18 s, sys 0.10 s, maxrss 158688 KB]
[busy 136 jiffies]
[exit 0]
--- c2 case 3 rec 0   load 0.89 0.76 0.81
[TEST FST]
Processing dataset...
Done!
Building trie...
Done!
build time: 510.139592 ms (573.278155 ns per key)
space cost: 5.878841 MB (51.947869% of original size 11.316810 MB)
Querying trie...
Done!
total time: 491.249797 ms, avg latency: 552.050422 ns
not implemented
510.139592,5.878841,552.050422
[PASSED]
[time 1.40 s, user 1.32 s, sys 0.06 s, maxrss 86688 KB]
[busy 150 jiffies]
[exit 0]
--- c2 case 4 rec 0   load 0.90 0.77 0.81
[TEST COCO]
Processing dataset...
Done!
Building trie...
num nodes = 375656, average depth = 5.235279
ef = 0.000442, pa = 0.203029, bv = 0.001044, de = 0.703223
efr = 0.002106, par = 0.078420, bvr = 0.000029, der = 0.011708
Done!
build time: 7797.697840 ms (8762.797281 ns per key)
space cost: 7.666221 MB (67.741891% of original size 11.316810 MB)
Querying trie...
Done!
total time: 443.469195 ms, avg latency: 498.356148 ns
not implemented
7797.697840,7.666221,498.356148
[PASSED]
[time 8.97 s, user 7.03 s, sys 1.90 s, maxrss 4347168 KB]
[busy 934 jiffies]
[exit 0]
--- c2 case 5 rec 0   load 0.91 0.77 0.82
[TEST MARISA]
Processing dataset...
Done!
Building trie...
Done!
build time: 384.678003 ms (432.288533 ns per key)
space cost: 5.316237 MB (46.976468% of original size 11.316810 MB)
Querying trie...
Done!
total time: 343.053257 ms, avg latency: 385.512007 ns
not implemented
384.678003,5.316237,385.512007
[PASSED]
[time 1.12 s, user 1.02 s, sys 0.09 s, maxrss 132096 KB]
[busy 120 jiffies]
[exit 0]
--- c2 case 5 rec 1   load 0.91 0.77 0.82
[TEST MARISA]
Processing dataset...
Done!
Building trie...
Done!
build time: 434.417095 ms (488.183694 ns per key)
space cost: 4.038295 MB (35.684039% of original size 11.316810 MB)
Querying trie...
Done!
total time: 460.267840 ms, avg latency: 517.233914 ns
not implemented
434.417095,4.038295,517.233914
[PASSED]
[time 1.29 s, user 1.20 s, sys 0.08 s, maxrss 132080 KB]
[busy 138 jiffies]
[exit 0]
--- c2 case 5 rec 2   load 0.92 0.78 0.82
[TEST MARISA]
Processing dataset...
Done!
Building trie...
Done!
build time: 440.112327 ms (494.583809 ns per key)
space cost: 3.830196 MB (33.845196% of original size 11.316810 MB)
Querying trie...
Done!
total time: 481.308176 ms, avg latency: 540.878354 ns
not implemented
440.112327,3.830196,540.878354
[PASSED]
[time 1.32 s, user 1.22 s, sys 0.08 s, maxrss 132012 KB]
[busy 141 jiffies]
[exit 0]
--- c2 case 6 rec 0   load 0.92 0.78 0.82
[TEST PDT]
Processing dataset...
Done!
Building trie...
dict size: 158766, stream size: 3178838
Done!
build time: 1653.898151 ms (1858.596539 ns per key)
space cost: 4.318639 MB (38.161275% of original size 11.316810 MB)
Querying trie...
Done!
total time: 464.513729 ms, avg latency: 522.005305 ns
not implemented
1653.898151,4.318639,522.005305
[PASSED]
[time 2.51 s, user 2.41 s, sys 0.09 s, maxrss 137368 KB]
[busy 265 jiffies]
[exit 0]
--- c2 case 7 rec 0   load 0.93 0.78 0.82
[TEST ART]
Processing dataset...
Done!
Building trie...
Done!
build time: 102.205260 ms (114.854922 ns per key)
space cost: 28.637695 MB (253.054493% of original size 11.316810 MB)
Querying trie...
Done!
total time: 259.025534 ms, avg latency: 291.084406 ns
not implemented
102.205260,28.637695,291.084406
[PASSED]
[time 0.76 s, user 0.68 s, sys 0.07 s, maxrss 123864 KB]
[busy 82 jiffies]
[exit 0]
--- c2 case 8 rec 0   load 0.93 0.78 0.82
[TEST CART]
Processing dataset...
Done!
Building trie...
Done!
build time: 143.048627 ms (160.753359 ns per key)
space cost: 12.686618 MB (112.104190% of original size 11.316810 MB)
Querying trie...
Done!
total time: 315.722922 ms, avg latency: 354.799073 ns
not implemented
143.048627,12.686618,354.799073
[PASSED]
[time 0.87 s, user 0.79 s, sys 0.07 s, maxrss 121196 KB]
[busy 95 jiffies]
[exit 0]
--- xcdat 7   load 0.85 0.77 0.81
build time: 380.478271 ms
space cost: 7.451407 MiB (65.843711% of original size 11.316810 MiB)
avg latency: 170.415898 ns
380.478271,7.451407,170.415898
[time 0.94 s, user 0.85 s, sys 0.08 s, maxrss 124744 KB]
[busy 101 jiffies]
[exit 0]
--- xcdat 8   load 0.85 0.77 0.81
build time: 358.178238 ms
space cost: 7.063261 MiB (62.413889% of original size 11.316810 MiB)
avg latency: 168.110935 ns
358.178238,7.063261,168.110935
[time 0.92 s, user 0.81 s, sys 0.10 s, maxrss 124916 KB]
[busy 98 jiffies]
[exit 0]
--- xcdat 15   load 0.85 0.77 0.81
build time: 378.546451 ms
space cost: 8.417356 MiB (74.379227% of original size 11.316810 MiB)
avg latency: 136.680070 ns
378.546451,8.417356,136.680070
[time 0.91 s, user 0.82 s, sys 0.08 s, maxrss 125040 KB]
[busy 101 jiffies]
[exit 0]
--- xcdat 16   load 0.86 0.77 0.82
build time: 352.188894 ms
space cost: 8.791730 MiB (77.687354% of original size 11.316810 MiB)
avg latency: 149.181298 ns
352.188894,8.791730,149.181298
[time 0.89 s, user 0.81 s, sys 0.07 s, maxrss 124824 KB]
[busy 95 jiffies]
[exit 0]

##### titles-en-1000000 (1000000 lines, 21984647 bytes)   round 1/3   2026-09-20T11:53:54+03:00
--- lexindex dict32   load 0.86 0.77 0.82
1000000 keys
lexindex DictIndex block 32: build 396 ms, size 7.447 MiB (7.809 B/key), latency cold 406.1 ns, then mean 403.8 / min 402.6 ns
396.446,7.446899,406.072
[time 2.53 s, user 4.89 s, sys 0.40 s, maxrss 275116 KB]
[busy 558 jiffies]
[exit 0]
--- lexindex dict256   load 0.88 0.78 0.82
1000000 keys
lexindex DictIndex block 256: build 405 ms, size 7.029 MiB (7.370 B/key), latency cold 441.4 ns, then mean 434.8 / min 433.7 ns
404.826,7.028672,441.430
[time 2.67 s, user 5.01 s, sys 0.40 s, maxrss 273056 KB]
[busy 569 jiffies]
[exit 0]
--- lexindex dict1024   load 0.81 0.76 0.81
1000000 keys
lexindex DictIndex block 1024: build 437 ms, size 6.878 MiB (7.212 B/key), latency cold 503.8 ns, then mean 502.0 / min 501.4 ns
437.228,6.877800,503.836
[time 2.96 s, user 4.45 s, sys 0.29 s, maxrss 280908 KB]
[busy 499 jiffies]
[exit 0]
--- lexindex string   load 0.81 0.76 0.81
1000000 keys
lexindex StringIndex: build 1002 ms, size 16.482 MiB (17.283 B/key), latency cold 456.8 ns, then mean 451.8 / min 442.2 ns
1002.410,16.482312,456.843
[time 3.32 s, user 3.21 s, sys 0.09 s, maxrss 163420 KB]
[busy 352 jiffies]
[exit 0]
--- c2 case 0 rec 0   load 0.82 0.77 0.81
[TEST C2-FST]
Processing dataset...
Done!
Building trie...
Done!
build time: 1033.571001 ms (1033.571001 ns per key)
space cost: 11.326162 MB (56.595386% of original size 20.012519 MB)
Querying trie...
Done!
total time: 476.241536 ms, avg latency: 476.241536 ns
topology: 1.047974 MB, link: 2.330659 MB, data: 7.947530 MB
--- Unary Path Analysis (FST, cutoff=4) ---
  shared unary steps in main trie: 632648
  terminal suffixes: inplace=148307 (avg len=2.14)  links=794871 (84.3% of terminal)
  link len: avg=12.03  max=232  total_chars=9558452
  link length distribution (len:count):  4:67686  5:69275  6:65423  7:58787  8:51921  9:47544  10:42795  11:38054  12:34227  13:30736  14:30694  15:28260  16:25308  17:22807  18:19264  19:17586  20:15912  21:14224  22:12066  23:10759  24:9477  25:8347  26:7925  27:7112  28:6113  29:5746  30:5072  31:4462  32:3927  33:3658  34:3228  35:2847  36:2644  37:2353  38:2038  39:1870  40:1644  41:1489  42:1315  43:1143  44:928  45:846  46:722  47:679  48:610  49:543  50:459  51:451  52:342  53:339  54:284  55:273  56:239  57:215  58:214  59:177  60:158  61:140  62:127  63:109  64:95  65:79  66:80  67:78  68:75  69:69  70:68  71:54  72:51  73:42  74:46  75:42  76:35  77:41  78:38  79:39  80:21  81:18  82:21  83:19  84:14  85:18  86:14  87:15  88:11  89:14  90:13  91:7  92:5  93:8  94:7  95:5  96:8  97:8  98:5  99:7  100:11  101:5  102:6  103:3  104:3  105:3  106:5  107:4  108:5  109:1  110:2  111:6  112:1  113:1  114:1  115:4  116:1  118:1  119:2  121:2  123:2  125:1  126:1  128:1  129:1  131:1  132:2  134:1  135:1  136:1  137:3  138:1  139:1  141:2  145:1  152:1  154:1  156:1  159:3  165:1  168:1  174:1  175:1  179:1  181:1  199:1  201:1  202:1  204:1  207:1  216:1  217:1  219:1  233:1
1033.571001,11.326162,476.241536
[PASSED]
[time 2.07 s, user 1.94 s, sys 0.12 s, maxrss 185300 KB]
[busy 218 jiffies]
[exit 0]
--- c2 case 0 rec 1   load 0.84 0.77 0.82
[TEST C2-FST]
Processing dataset...
Done!
Building trie...
trie size: 3.096522 MB
Done!
build time: 1354.356905 ms (1354.356905 ns per key)
space cost: 9.522977 MB (47.585099% of original size 20.012519 MB)
Querying trie...
Done!
total time: 603.473662 ms, avg latency: 603.473662 ns
topology: 1.448536 MB, link: 2.515947 MB, data: 5.558494 MB
--- Unary Path Analysis (FST, cutoff=4) ---
  shared unary steps in main trie: 632648
  terminal suffixes: inplace=148307 (avg len=2.14)  links=794871 (84.3% of terminal)
  link len: avg=12.03  max=232  total_chars=9558452
  link length distribution (len:count):  4:67686  5:69275  6:65423  7:58787  8:51921  9:47544  10:42795  11:38054  12:34227  13:30736  14:30694  15:28260  16:25308  17:22807  18:19264  19:17586  20:15912  21:14224  22:12066  23:10759  24:9477  25:8347  26:7925  27:7112  28:6113  29:5746  30:5072  31:4462  32:3927  33:3658  34:3228  35:2847  36:2644  37:2353  38:2038  39:1870  40:1644  41:1489  42:1315  43:1143  44:928  45:846  46:722  47:679  48:610  49:543  50:459  51:451  52:342  53:339  54:284  55:273  56:239  57:215  58:214  59:177  60:158  61:140  62:127  63:109  64:95  65:79  66:80  67:78  68:75  69:69  70:68  71:54  72:51  73:42  74:46  75:42  76:35  77:41  78:38  79:39  80:21  81:18  82:21  83:19  84:14  85:18  86:14  87:15  88:11  89:14  90:13  91:7  92:5  93:8  94:7  95:5  96:8  97:8  98:5  99:7  100:11  101:5  102:6  103:3  104:3  105:3  106:5  107:4  108:5  109:1  110:2  111:6  112:1  113:1  114:1  115:4  116:1  118:1  119:2  121:2  123:2  125:1  126:1  128:1  129:1  131:1  132:2  134:1  135:1  136:1  137:3  138:1  139:1  141:2  145:1  152:1  154:1  156:1  159:3  165:1  168:1  174:1  175:1  179:1  181:1  199:1  201:1  202:1  204:1  207:1  216:1  217:1  219:1  233:1
1354.356905,9.522977,603.473662
[PASSED]
[time 2.54 s, user 2.38 s, sys 0.14 s, maxrss 181124 KB]
[busy 268 jiffies]
[exit 0]
--- c2 case 0 rec 2   load 0.77 0.76 0.81
[TEST C2-FST]
Processing dataset...
Done!
Building trie...
trie size: 3.096522 MB
trie size: 0.887704 MB
Done!
build time: 1455.475634 ms (1455.475634 ns per key)
space cost: 9.522977 MB (47.585099% of original size 20.012519 MB)
Querying trie...
Done!
total time: 608.355486 ms, avg latency: 608.355486 ns
topology: 1.448536 MB, link: 2.515947 MB, data: 5.558494 MB
--- Unary Path Analysis (FST, cutoff=4) ---
  shared unary steps in main trie: 632648
  terminal suffixes: inplace=148307 (avg len=2.14)  links=794871 (84.3% of terminal)
  link len: avg=12.03  max=232  total_chars=9558452
  link length distribution (len:count):  4:67686  5:69275  6:65423  7:58787  8:51921  9:47544  10:42795  11:38054  12:34227  13:30736  14:30694  15:28260  16:25308  17:22807  18:19264  19:17586  20:15912  21:14224  22:12066  23:10759  24:9477  25:8347  26:7925  27:7112  28:6113  29:5746  30:5072  31:4462  32:3927  33:3658  34:3228  35:2847  36:2644  37:2353  38:2038  39:1870  40:1644  41:1489  42:1315  43:1143  44:928  45:846  46:722  47:679  48:610  49:543  50:459  51:451  52:342  53:339  54:284  55:273  56:239  57:215  58:214  59:177  60:158  61:140  62:127  63:109  64:95  65:79  66:80  67:78  68:75  69:69  70:68  71:54  72:51  73:42  74:46  75:42  76:35  77:41  78:38  79:39  80:21  81:18  82:21  83:19  84:14  85:18  86:14  87:15  88:11  89:14  90:13  91:7  92:5  93:8  94:7  95:5  96:8  97:8  98:5  99:7  100:11  101:5  102:6  103:3  104:3  105:3  106:5  107:4  108:5  109:1  110:2  111:6  112:1  113:1  114:1  115:4  116:1  118:1  119:2  121:2  123:2  125:1  126:1  128:1  129:1  131:1  132:2  134:1  135:1  136:1  137:3  138:1  139:1  141:2  145:1  152:1  154:1  156:1  159:3  165:1  168:1  174:1  175:1  179:1  181:1  199:1  201:1  202:1  204:1  207:1  216:1  217:1  219:1  233:1
1455.475634,9.522977,608.355486
[PASSED]
[time 2.64 s, user 2.49 s, sys 0.13 s, maxrss 180712 KB]
[busy 274 jiffies]
[exit 0]
--- c2 case 1 rec 0   load 0.77 0.76 0.81
[TEST C2-CoCo(LOUDS-Sparse)]
Processing dataset...
Done!
Building trie...
Done!
build time: 2143.657258 ms (2143.657258 ns per key)
space cost: 12.265971 MB (61.291488% of original size 20.012519 MB)
Querying trie...
Done!
total time: 741.367172 ms, avg latency: 741.367172 ns
topology: 0.432648 MB, link: 3.282862 MB, data: 8.550461 MB
2143.657258,12.265971,741.367172
[PASSED]
[time 3.46 s, user 3.24 s, sys 0.19 s, maxrss 358068 KB]
[busy 362 jiffies]
[exit 0]
--- c2 case 1 rec 1   load 0.79 0.76 0.81
[TEST C2-CoCo(LOUDS-Sparse)]
Processing dataset...
Done!
Building trie...
trie size: 3.096522 MB
Done!
build time: 2452.274988 ms (2452.274988 ns per key)
space cost: 10.462785 MB (52.281201% of original size 20.012519 MB)
Querying trie...
Done!
total time: 864.008293 ms, avg latency: 864.008293 ns
topology: 0.833210 MB, link: 3.468150 MB, data: 6.161425 MB
2452.274988,10.462785,864.008293
[PASSED]
[time 3.89 s, user 3.68 s, sys 0.19 s, maxrss 344856 KB]
[busy 406 jiffies]
[exit 0]
--- c2 case 1 rec 2   load 0.80 0.77 0.81
[TEST C2-CoCo(LOUDS-Sparse)]
Processing dataset...
Done!
Building trie...
trie size: 3.096522 MB
trie size: 0.887704 MB
Done!
build time: 2577.317179 ms (2577.317179 ns per key)
space cost: 10.462785 MB (52.281201% of original size 20.012519 MB)
Querying trie...
Done!
total time: 865.133195 ms, avg latency: 865.133195 ns
topology: 0.833210 MB, link: 3.468150 MB, data: 6.161425 MB
2577.317179,10.462785,865.133195
[PASSED]
[time 4.02 s, user 3.79 s, sys 0.21 s, maxrss 344736 KB]
[busy 426 jiffies]
[exit 0]
--- c2 case 2 rec 0   load 0.82 0.77 0.82
[TEST C2-MARISA]
Processing dataset...
Done!
Building trie...
trie size: 2.238578 MB
Done!
build time: 1038.311357 ms (1038.311357 ns per key)
space cost: 10.766413 MB (53.798389% of original size 20.012519 MB)
Querying trie...
Done!
total time: 371.337956 ms, avg latency: 371.337956 ns
topology: 0.741383 MB, link: 2.768053 MB, data: 7.236469 MB
--- Unary Path Analysis (Marisa, cutoff=3) ---
  branches: 1523874  |  single-char: 417651 (27.4%)  short-unary: 97461 (6.4%)  links: 1008762 (66.2%)
  link len: avg=12.11  max=234  total_chars=12215333
  link length distribution (len:count):  3:76859  4:82017  5:81216  6:79010  7:72564  8:64127  9:55531  10:50303  11:44703  12:39548  13:35394  14:31778  15:31462  16:28952  17:25995  18:23521  19:19840  20:18044  21:16382  22:14569  23:12399  24:11015  25:9715  26:8556  27:8141  28:7267  29:6255  30:5853  31:5207  32:4578  33:4049  34:3736  35:3293  36:2910  37:2688  38:2423  39:2074  40:1908  41:1670  42:1511  43:1333  44:1158  45:939  46:855  47:728  48:689  49:615  50:544  51:465  52:457  53:344  54:344  55:284  56:276  57:242  58:216  59:216  60:177  61:159  62:140  63:127  64:109  65:95  66:79  67:80  68:79  69:75  70:69  71:69  72:55  73:51  74:42  75:46  76:42  77:35  78:41  79:38  80:39  81:21  82:18  83:21  84:19  85:14  86:18  87:14  88:15  89:11  90:14  91:13  92:7  93:5  94:8  95:7  96:5  97:9  98:8  99:5  100:7  101:11  102:5  103:6  104:3  105:3  106:3  107:5  108:4  109:5  110:1  111:2  112:6  113:1  114:1  115:1  116:4  117:1  119:1  120:2  122:2  124:2  126:1  127:1  129:1  130:1  132:1  133:2  135:1  136:1  137:1  138:3  139:1  140:1  142:2  146:1  153:1  155:1  157:1  160:3  166:1  169:1  175:1  176:1  180:1  182:1  200:1  202:1  203:1  205:1  208:1  217:1  218:1  220:1  234:1
  short unary avg len: 2.00
1038.311357,10.766413,371.337956
[PASSED]
[time 1.98 s, user 1.84 s, sys 0.13 s, maxrss 201768 KB]
[busy 207 jiffies]
[exit 0]
--- c2 case 2 rec 1   load 0.83 0.78 0.82
[TEST C2-MARISA]
Processing dataset...
Done!
Building trie...
trie size: 2.238578 MB
trie size: 3.821277 MB
Done!
build time: 1403.849195 ms (1403.849195 ns per key)
space cost: 8.586061 MB (42.903452% of original size 20.012519 MB)
Querying trie...
Done!
total time: 501.044171 ms, avg latency: 501.044171 ns
topology: 1.213478 MB, link: 2.963206 MB, data: 4.388869 MB
--- Unary Path Analysis (Marisa, cutoff=3) ---
  branches: 1523874  |  single-char: 417651 (27.4%)  short-unary: 97461 (6.4%)  links: 1008762 (66.2%)
  link len: avg=12.11  max=234  total_chars=12215333
  link length distribution (len:count):  3:76859  4:82017  5:81216  6:79010  7:72564  8:64127  9:55531  10:50303  11:44703  12:39548  13:35394  14:31778  15:31462  16:28952  17:25995  18:23521  19:19840  20:18044  21:16382  22:14569  23:12399  24:11015  25:9715  26:8556  27:8141  28:7267  29:6255  30:5853  31:5207  32:4578  33:4049  34:3736  35:3293  36:2910  37:2688  38:2423  39:2074  40:1908  41:1670  42:1511  43:1333  44:1158  45:939  46:855  47:728  48:689  49:615  50:544  51:465  52:457  53:344  54:344  55:284  56:276  57:242  58:216  59:216  60:177  61:159  62:140  63:127  64:109  65:95  66:79  67:80  68:79  69:75  70:69  71:69  72:55  73:51  74:42  75:46  76:42  77:35  78:41  79:38  80:39  81:21  82:18  83:21  84:19  85:14  86:18  87:14  88:15  89:11  90:14  91:13  92:7  93:5  94:8  95:7  96:5  97:9  98:8  99:5  100:7  101:11  102:5  103:6  104:3  105:3  106:3  107:5  108:4  109:5  110:1  111:2  112:6  113:1  114:1  115:1  116:4  117:1  119:1  120:2  122:2  124:2  126:1  127:1  129:1  130:1  132:1  133:2  135:1  136:1  137:1  138:3  139:1  140:1  142:2  146:1  153:1  155:1  157:1  160:3  166:1  169:1  175:1  176:1  180:1  182:1  200:1  202:1  203:1  205:1  208:1  217:1  218:1  220:1  234:1
  short unary avg len: 2.00
1403.849195,8.586061,501.044171
[PASSED]
[time 2.49 s, user 2.33 s, sys 0.14 s, maxrss 197144 KB]
[busy 261 jiffies]
[exit 0]
--- c2 case 2 rec 2   load 0.77 0.76 0.81
[TEST C2-MARISA]
Processing dataset...
Done!
Building trie...
trie size: 2.238578 MB
trie size: 3.821277 MB
trie size: 1.037524 MB
Done!
build time: 1555.029541 ms (1555.029541 ns per key)
space cost: 8.586061 MB (42.903452% of original size 20.012519 MB)
Querying trie...
Done!
total time: 502.872777 ms, avg latency: 502.872777 ns
topology: 1.213478 MB, link: 2.963206 MB, data: 4.388869 MB
--- Unary Path Analysis (Marisa, cutoff=3) ---
  branches: 1523874  |  single-char: 417651 (27.4%)  short-unary: 97461 (6.4%)  links: 1008762 (66.2%)
  link len: avg=12.11  max=234  total_chars=12215333
  link length distribution (len:count):  3:76859  4:82017  5:81216  6:79010  7:72564  8:64127  9:55531  10:50303  11:44703  12:39548  13:35394  14:31778  15:31462  16:28952  17:25995  18:23521  19:19840  20:18044  21:16382  22:14569  23:12399  24:11015  25:9715  26:8556  27:8141  28:7267  29:6255  30:5853  31:5207  32:4578  33:4049  34:3736  35:3293  36:2910  37:2688  38:2423  39:2074  40:1908  41:1670  42:1511  43:1333  44:1158  45:939  46:855  47:728  48:689  49:615  50:544  51:465  52:457  53:344  54:344  55:284  56:276  57:242  58:216  59:216  60:177  61:159  62:140  63:127  64:109  65:95  66:79  67:80  68:79  69:75  70:69  71:69  72:55  73:51  74:42  75:46  76:42  77:35  78:41  79:38  80:39  81:21  82:18  83:21  84:19  85:14  86:18  87:14  88:15  89:11  90:14  91:13  92:7  93:5  94:8  95:7  96:5  97:9  98:8  99:5  100:7  101:11  102:5  103:6  104:3  105:3  106:3  107:5  108:4  109:5  110:1  111:2  112:6  113:1  114:1  115:1  116:4  117:1  119:1  120:2  122:2  124:2  126:1  127:1  129:1  130:1  132:1  133:2  135:1  136:1  137:1  138:3  139:1  140:1  142:2  146:1  153:1  155:1  157:1  160:3  166:1  169:1  175:1  176:1  180:1  182:1  200:1  202:1  203:1  205:1  208:1  217:1  218:1  220:1  234:1
  short unary avg len: 2.00
1555.029541,8.586061,502.872777
[PASSED]
[time 2.64 s, user 2.47 s, sys 0.15 s, maxrss 197280 KB]
[busy 276 jiffies]
[exit 0]
--- c2 case 3 rec 0   load 0.77 0.76 0.81
[TEST FST]
Processing dataset...
Done!
Building trie...
Done!
build time: 812.679392 ms (812.679392 ns per key)
space cost: 12.223534 MB (61.079436% of original size 20.012519 MB)
Querying trie...
Done!
total time: 688.744952 ms, avg latency: 688.744952 ns
not implemented
812.679392,12.223534,688.744952
[PASSED]
[time 2.08 s, user 1.99 s, sys 0.08 s, maxrss 131172 KB]
[busy 220 jiffies]
[exit 0]
--- c2 case 4 rec 0   load 0.79 0.77 0.81
terminate called after throwing an instance of 'std::runtime_error'
  what():  Sequence is not sorted
timeout: the monitored command dumped core
Command terminated by signal 6
[time 22.68 s, user 16.67 s, sys 5.85 s, maxrss 13650408 KB]
[busy 2347 jiffies]
[exit 134]
--- c2 case 5 rec 0   load 0.78 0.77 0.81
[TEST MARISA]
Processing dataset...
Done!
Building trie...
Done!
build time: 612.598598 ms (612.598598 ns per key)
space cost: 12.537066 MB (62.646119% of original size 20.012519 MB)
Querying trie...
Done!
total time: 514.940873 ms, avg latency: 514.940873 ns
not implemented
612.598598,12.537066,514.940873
[PASSED]
[time 1.71 s, user 1.55 s, sys 0.14 s, maxrss 195268 KB]
[busy 182 jiffies]
[exit 0]
--- c2 case 5 rec 1   load 0.78 0.77 0.81
[TEST MARISA]
Processing dataset...
Done!
Building trie...
Done!
build time: 775.397878 ms (775.397878 ns per key)
space cost: 8.680676 MB (43.376231% of original size 20.012519 MB)
Querying trie...
Done!
total time: 785.867852 ms, avg latency: 785.867852 ns
not implemented
775.397878,8.680676,785.867852
[PASSED]
[time 2.13 s, user 1.98 s, sys 0.14 s, maxrss 195224 KB]
[busy 227 jiffies]
[exit 0]
--- c2 case 5 rec 2   load 0.80 0.77 0.82
[TEST MARISA]
Processing dataset...
Done!
Building trie...
Done!
build time: 827.602774 ms (827.602774 ns per key)
space cost: 7.806685 MB (39.009010% of original size 20.012519 MB)
Querying trie...
Done!
total time: 903.565091 ms, avg latency: 903.565091 ns
not implemented
827.602774,7.806685,903.565091
[PASSED]
[time 2.31 s, user 2.17 s, sys 0.12 s, maxrss 195264 KB]
[busy 245 jiffies]
[exit 0]
--- c2 case 6 rec 0   load 0.80 0.77 0.82
[TEST PDT]
Processing dataset...
Done!
Building trie...
dict size: 157446, stream size: 7395682
Done!
build time: 3459.940531 ms (3459.940531 ns per key)
space cost: 8.479283 MB (42.369895% of original size 20.012519 MB)
Querying trie...
Done!
total time: 657.547450 ms, avg latency: 657.547450 ns
not implemented
3459.940531,8.479283,657.547450
[PASSED]
[time 4.71 s, user 4.51 s, sys 0.17 s, maxrss 256368 KB]
[busy 491 jiffies]
[exit 0]
--- c2 case 7 rec 0   load 0.82 0.78 0.82
[TEST ART]
Processing dataset...
Done!
Building trie...
Done!
build time: 164.603509 ms (164.603509 ns per key)
space cost: 32.696541 MB (163.380437% of original size 20.012519 MB)
Querying trie...
Done!
total time: 406.782217 ms, avg latency: 406.782217 ns
not implemented
164.603509,32.696541,406.782217
[PASSED]
[time 1.16 s, user 1.05 s, sys 0.10 s, maxrss 176436 KB]
[busy 123 jiffies]
[exit 0]
--- c2 case 8 rec 0   load 0.82 0.78 0.82
[TEST CART]
Processing dataset...
Done!
Building trie...
Done!
build time: 215.161170 ms (215.161170 ns per key)
space cost: 14.850546 MB (74.206280% of original size 20.012519 MB)
Querying trie...
Done!
total time: 460.639809 ms, avg latency: 460.639809 ns
not implemented
215.161170,14.850546,460.639809
[PASSED]
[time 1.27 s, user 1.18 s, sys 0.08 s, maxrss 163784 KB]
[busy 135 jiffies]
[exit 0]
--- xcdat 7   load 0.76 0.77 0.81
build time: 643.817941 ms
space cost: 14.813288 MiB (74.020106% of original size 20.012519 MiB)
avg latency: 271.631120 ns
643.817941,14.813288,271.631120
[time 1.51 s, user 1.40 s, sys 0.09 s, maxrss 161716 KB]
[busy 161 jiffies]
[exit 0]
--- xcdat 8   load 0.76 0.77 0.81
build time: 610.979176 ms
space cost: 14.333878 MiB (71.624555% of original size 20.012519 MiB)
avg latency: 254.426322 ns
610.979176,14.333878,254.426322
[time 1.46 s, user 1.34 s, sys 0.10 s, maxrss 161344 KB]
[busy 151 jiffies]
[exit 0]
--- xcdat 15   load 0.70 0.75 0.81
build time: 638.345117 ms
space cost: 16.333202 MiB (81.614925% of original size 20.012519 MiB)
avg latency: 246.226805 ns
638.345117,16.333202,246.226805
[time 1.47 s, user 1.35 s, sys 0.11 s, maxrss 163568 KB]
[busy 157 jiffies]
[exit 0]
--- xcdat 16   load 0.70 0.75 0.81
build time: 612.410154 ms
space cost: 16.875467 MiB (84.324554% of original size 20.012519 MiB)
avg latency: 255.154891 ns
612.410154,16.875467,255.154891
[time 1.45 s, user 1.34 s, sys 0.10 s, maxrss 164752 KB]
[busy 152 jiffies]
[exit 0]

##### titles-ru-1000000 (1000000 lines, 36819661 bytes)   round 1/3   2026-09-20T11:55:41+03:00
--- lexindex dict32   load 0.64 0.74 0.80
1000000 keys
lexindex DictIndex block 32: build 427 ms, size 8.124 MiB (8.518 B/key), latency cold 483.4 ns, then mean 481.7 / min 481.0 ns
426.860,8.123598,483.406
[time 2.95 s, user 6.16 s, sys 0.26 s, maxrss 303296 KB]
[busy 666 jiffies]
[exit 0]
--- lexindex dict256   load 0.64 0.74 0.80
1000000 keys
lexindex DictIndex block 256: build 434 ms, size 7.309 MiB (7.664 B/key), latency cold 504.7 ns, then mean 501.2 / min 499.7 ns
433.661,7.309255,504.669
[time 3.03 s, user 6.34 s, sys 0.27 s, maxrss 304412 KB]
[busy 691 jiffies]
[exit 0]
--- lexindex dict1024   load 0.67 0.75 0.81
1000000 keys
lexindex DictIndex block 1024: build 524 ms, size 7.102 MiB (7.447 B/key), latency cold 556.8 ns, then mean 546.2 / min 542.3 ns
524.288,7.102205,556.783
[time 3.32 s, user 5.50 s, sys 0.24 s, maxrss 311260 KB]
[busy 603 jiffies]
[exit 0]
--- lexindex string   load 0.70 0.75 0.81
1000000 keys
lexindex StringIndex: build 1503 ms, size 30.276 MiB (31.746 B/key), latency cold 689.1 ns, then mean 673.5 / min 667.2 ns
1503.012,30.275526,689.142
[time 4.79 s, user 4.66 s, sys 0.11 s, maxrss 212472 KB]
[busy 501 jiffies]
[exit 0]
--- c2 case 0 rec 0   load 0.72 0.75 0.81
[TEST C2-FST]
Processing dataset...
Done!
Building trie...
Done!
build time: 1280.132925 ms (1280.132925 ns per key)
space cost: 13.454716 MB (39.387006% of original size 34.160291 MB)
Querying trie...
Done!
total time: 726.809287 ms, avg latency: 726.809287 ns
topology: 1.316696 MB, link: 2.448647 MB, data: 9.689372 MB
--- Unary Path Analysis (FST, cutoff=4) ---
  shared unary steps in main trie: 1444849
  terminal suffixes: inplace=70261 (avg len=2.02)  links=837902 (92.3% of terminal)
  link len: avg=18.90  max=238  total_chars=15835418
  link length distribution (len:count):  4:38002  5:25136  6:46678  7:25626  8:51081  9:27061  10:49555  11:26346  12:44099  13:24737  14:35638  15:24081  16:29538  17:19279  18:25434  19:16078  20:16463  21:14405  22:12877  23:14367  24:11738  25:15079  26:11391  27:16946  28:11354  29:17411  30:12058  31:16873  32:11600  33:15555  34:11210  35:12790  36:9994  37:10106  38:7923  39:7962  40:6648  41:5829  42:4930  43:4945  44:3895  45:3528  46:3382  47:2749  48:2598  49:2269  50:2117  51:1901  52:1753  53:1665  54:1553  55:1449  56:1305  57:1145  58:1092  59:1004  60:875  61:848  62:788  63:815  64:741  65:605  66:640  67:594  68:554  69:512  70:530  71:482  72:415  73:428  74:424  75:368  76:310  77:349  78:289  79:299  80:274  81:267  82:209  83:198  84:204  85:187  86:188  87:169  88:154  89:148  90:143  91:149  92:108  93:110  94:105  95:111  96:95  97:79  98:91  99:85  100:98  101:68  102:61  103:57  104:50  105:52  106:54  107:61  108:50  109:62  110:44  111:43  112:42  113:44  114:37  115:29  116:42  117:29  118:35  119:28  120:37  121:28  122:24  123:19  124:19  125:31  126:29  127:26  128:15  129:19  130:30  131:11  132:22  133:9  134:11  135:14  136:17  137:15  138:6  139:7  140:14  141:16  142:8  143:9  144:14  145:12  146:8  147:11  148:7  149:9  150:6  151:12  152:9  153:13  154:7  155:5  156:6  157:3  158:8  159:4  160:7  161:11  162:5  163:11  164:3  165:5  166:7  167:4  168:4  169:6  170:3  171:4  172:3  173:9  174:4  175:1  176:4  177:5  178:6  179:4  180:4  181:2  182:6  183:7  184:4  185:2  186:3  187:2  188:2  190:1  191:1  192:3  193:3  194:2  196:2  197:2  198:4  200:1  202:1  205:2  207:2  208:1  210:2  212:2  213:1  217:2  218:2  220:1  222:1  228:2  234:1  239:1
1280.132925,13.454716,726.809287
[PASSED]
[time 2.72 s, user 2.57 s, sys 0.13 s, maxrss 226704 KB]
[busy 288 jiffies]
[exit 0]
--- c2 case 0 rec 1   load 0.74 0.76 0.81
[TEST C2-FST]
Processing dataset...
Done!
Building trie...
trie size: 3.233313 MB
Done!
build time: 1684.581427 ms (1684.581427 ns per key)
space cost: 10.950089 MB (32.055021% of original size 34.160291 MB)
Querying trie...
Done!
total time: 764.115647 ms, avg latency: 764.115647 ns
topology: 1.728611 MB, link: 2.656099 MB, data: 6.565378 MB
--- Unary Path Analysis (FST, cutoff=4) ---
  shared unary steps in main trie: 1444849
  terminal suffixes: inplace=70261 (avg len=2.02)  links=837902 (92.3% of terminal)
  link len: avg=18.90  max=238  total_chars=15835418
  link length distribution (len:count):  4:38002  5:25136  6:46678  7:25626  8:51081  9:27061  10:49555  11:26346  12:44099  13:24737  14:35638  15:24081  16:29538  17:19279  18:25434  19:16078  20:16463  21:14405  22:12877  23:14367  24:11738  25:15079  26:11391  27:16946  28:11354  29:17411  30:12058  31:16873  32:11600  33:15555  34:11210  35:12790  36:9994  37:10106  38:7923  39:7962  40:6648  41:5829  42:4930  43:4945  44:3895  45:3528  46:3382  47:2749  48:2598  49:2269  50:2117  51:1901  52:1753  53:1665  54:1553  55:1449  56:1305  57:1145  58:1092  59:1004  60:875  61:848  62:788  63:815  64:741  65:605  66:640  67:594  68:554  69:512  70:530  71:482  72:415  73:428  74:424  75:368  76:310  77:349  78:289  79:299  80:274  81:267  82:209  83:198  84:204  85:187  86:188  87:169  88:154  89:148  90:143  91:149  92:108  93:110  94:105  95:111  96:95  97:79  98:91  99:85  100:98  101:68  102:61  103:57  104:50  105:52  106:54  107:61  108:50  109:62  110:44  111:43  112:42  113:44  114:37  115:29  116:42  117:29  118:35  119:28  120:37  121:28  122:24  123:19  124:19  125:31  126:29  127:26  128:15  129:19  130:30  131:11  132:22  133:9  134:11  135:14  136:17  137:15  138:6  139:7  140:14  141:16  142:8  143:9  144:14  145:12  146:8  147:11  148:7  149:9  150:6  151:12  152:9  153:13  154:7  155:5  156:6  157:3  158:8  159:4  160:7  161:11  162:5  163:11  164:3  165:5  166:7  167:4  168:4  169:6  170:3  171:4  172:3  173:9  174:4  175:1  176:4  177:5  178:6  179:4  180:4  181:2  182:6  183:7  184:4  185:2  186:3  187:2  188:2  190:1  191:1  192:3  193:3  194:2  196:2  197:2  198:4  200:1  202:1  205:2  207:2  208:1  210:2  212:2  213:1  217:2  218:2  220:1  222:1  228:2  234:1  239:1
1684.581427,10.950089,764.115647
[PASSED]
[time 3.19 s, user 3.03 s, sys 0.14 s, maxrss 215392 KB]
[busy 336 jiffies]
[exit 0]
--- c2 case 0 rec 2   load 0.76 0.76 0.81
[TEST C2-FST]
Processing dataset...
Done!
Building trie...
trie size: 3.233313 MB
trie size: 0.910584 MB
Done!
build time: 1787.157824 ms (1787.157824 ns per key)
space cost: 10.950089 MB (32.055021% of original size 34.160291 MB)
Querying trie...
Done!
total time: 744.424487 ms, avg latency: 744.424487 ns
topology: 1.728611 MB, link: 2.656099 MB, data: 6.565378 MB
--- Unary Path Analysis (FST, cutoff=4) ---
  shared unary steps in main trie: 1444849
  terminal suffixes: inplace=70261 (avg len=2.02)  links=837902 (92.3% of terminal)
  link len: avg=18.90  max=238  total_chars=15835418
  link length distribution (len:count):  4:38002  5:25136  6:46678  7:25626  8:51081  9:27061  10:49555  11:26346  12:44099  13:24737  14:35638  15:24081  16:29538  17:19279  18:25434  19:16078  20:16463  21:14405  22:12877  23:14367  24:11738  25:15079  26:11391  27:16946  28:11354  29:17411  30:12058  31:16873  32:11600  33:15555  34:11210  35:12790  36:9994  37:10106  38:7923  39:7962  40:6648  41:5829  42:4930  43:4945  44:3895  45:3528  46:3382  47:2749  48:2598  49:2269  50:2117  51:1901  52:1753  53:1665  54:1553  55:1449  56:1305  57:1145  58:1092  59:1004  60:875  61:848  62:788  63:815  64:741  65:605  66:640  67:594  68:554  69:512  70:530  71:482  72:415  73:428  74:424  75:368  76:310  77:349  78:289  79:299  80:274  81:267  82:209  83:198  84:204  85:187  86:188  87:169  88:154  89:148  90:143  91:149  92:108  93:110  94:105  95:111  96:95  97:79  98:91  99:85  100:98  101:68  102:61  103:57  104:50  105:52  106:54  107:61  108:50  109:62  110:44  111:43  112:42  113:44  114:37  115:29  116:42  117:29  118:35  119:28  120:37  121:28  122:24  123:19  124:19  125:31  126:29  127:26  128:15  129:19  130:30  131:11  132:22  133:9  134:11  135:14  136:17  137:15  138:6  139:7  140:14  141:16  142:8  143:9  144:14  145:12  146:8  147:11  148:7  149:9  150:6  151:12  152:9  153:13  154:7  155:5  156:6  157:3  158:8  159:4  160:7  161:11  162:5  163:11  164:3  165:5  166:7  167:4  168:4  169:6  170:3  171:4  172:3  173:9  174:4  175:1  176:4  177:5  178:6  179:4  180:4  181:2  182:6  183:7  184:4  185:2  186:3  187:2  188:2  190:1  191:1  192:3  193:3  194:2  196:2  197:2  198:4  200:1  202:1  205:2  207:2  208:1  210:2  212:2  213:1  217:2  218:2  220:1  222:1  228:2  234:1  239:1
1787.157824,10.950089,744.424487
[PASSED]
[time 3.26 s, user 3.10 s, sys 0.13 s, maxrss 215276 KB]
[busy 335 jiffies]
[exit 0]
--- c2 case 1 rec 0   load 0.70 0.75 0.81
[TEST C2-CoCo(LOUDS-Sparse)]
Processing dataset...
Done!
Building trie...
Done!
build time: 3492.191112 ms (3492.191112 ns per key)
space cost: 14.618523 MB (42.793905% of original size 34.160291 MB)
Querying trie...
Done!
total time: 1018.264768 ms, avg latency: 1018.264768 ns
topology: 0.472511 MB, link: 3.816133 MB, data: 10.329878 MB
3492.191112,14.618523,1018.264768
[PASSED]
[time 5.22 s, user 4.95 s, sys 0.24 s, maxrss 445572 KB]
[busy 541 jiffies]
[exit 0]
--- c2 case 1 rec 1   load 0.73 0.76 0.81
[TEST C2-CoCo(LOUDS-Sparse)]
Processing dataset...
Done!
Building trie...
trie size: 3.233313 MB
Done!
build time: 3895.631048 ms (3895.631048 ns per key)
space cost: 12.113895 MB (35.461921% of original size 34.160291 MB)
Querying trie...
Done!
total time: 1028.884334 ms, avg latency: 1028.884334 ns
topology: 0.884426 MB, link: 4.023585 MB, data: 7.205884 MB
3895.631048,12.113895,1028.884334
[PASSED]
[time 5.64 s, user 5.35 s, sys 0.26 s, maxrss 432732 KB]
[busy 585 jiffies]
[exit 0]
--- c2 case 1 rec 2   load 0.75 0.76 0.81
[TEST C2-CoCo(LOUDS-Sparse)]
Processing dataset...
Done!
Building trie...
trie size: 3.233313 MB
trie size: 0.910584 MB
Done!
build time: 4032.488141 ms (4032.488141 ns per key)
space cost: 12.113895 MB (35.461921% of original size 34.160291 MB)
Querying trie...
Done!
total time: 1070.584911 ms, avg latency: 1070.584911 ns
topology: 0.884426 MB, link: 4.023585 MB, data: 7.205884 MB
4032.488141,12.113895,1070.584911
[PASSED]
[time 5.83 s, user 5.54 s, sys 0.26 s, maxrss 432752 KB]
[busy 603 jiffies]
[exit 0]
--- c2 case 2 rec 0   load 0.71 0.75 0.81
[TEST C2-MARISA]
Processing dataset...
Done!
Building trie...
trie size: 2.484302 MB
Done!
build time: 1212.858041 ms (1212.858041 ns per key)
space cost: 12.012337 MB (35.164621% of original size 34.160291 MB)
Querying trie...
Done!
total time: 525.911588 ms, avg latency: 525.911588 ns
topology: 0.823292 MB, link: 2.965906 MB, data: 8.202631 MB
--- Unary Path Analysis (Marisa, cutoff=3) ---
  branches: 1657128  |  single-char: 447774 (27.0%)  short-unary: 128432 (7.8%)  links: 1080922 (65.2%)
  link len: avg=17.77  max=240  total_chars=19212544
  link length distribution (len:count):  3:87321  4:48292  5:58975  6:36358  7:58121  8:33015  9:59626  10:32247  11:55687  12:30072  13:49121  14:27545  15:39628  16:26319  17:32373  18:20972  19:27510  20:17247  21:17760  22:15297  23:13707  24:14933  25:12396  26:15583  27:11863  28:17395  29:11704  30:17896  31:12395  32:17216  33:11862  34:15819  35:11459  36:13046  37:10194  38:10344  39:8104  40:8139  41:6769  42:6000  43:5033  44:5077  45:3963  46:3720  47:3456  48:2871  49:2663  50:2321  51:2168  52:1981  53:1813  54:1693  55:1597  56:1488  57:1344  58:1172  59:1122  60:1025  61:904  62:871  63:814  64:834  65:767  66:626  67:663  68:607  69:568  70:524  71:545  72:489  73:428  74:436  75:441  76:375  77:319  78:357  79:299  80:304  81:282  82:274  83:213  84:203  85:208  86:189  87:193  88:179  89:159  90:153  91:146  92:153  93:110  94:115  95:107  96:113  97:98  98:81  99:92  100:91  101:100  102:69  103:62  104:60  105:53  106:53  107:55  108:63  109:50  110:63  111:44  112:45  113:43  114:49  115:38  116:32  117:45  118:31  119:36  120:28  121:37  122:28  123:24  124:20  125:19  126:32  127:29  128:26  129:15  130:19  131:30  132:11  133:22  134:9  135:11  136:14  137:18  138:15  139:6  140:8  141:14  142:16  143:8  144:10  145:14  146:12  147:8  148:11  149:7  150:9  151:6  152:12  153:9  154:13  155:7  156:5  157:6  158:3  159:8  160:4  161:7  162:11  163:6  164:11  165:3  166:5  167:7  168:4  169:5  170:6  171:3  172:4  173:3  174:9  175:4  176:1  177:4  178:5  179:7  180:4  181:4  182:2  183:6  184:7  185:4  186:2  187:3  188:2  189:2  191:1  192:1  193:3  194:3  195:2  197:2  198:2  199:4  201:1  203:1  206:2  208:2  209:1  211:2  213:2  214:1  218:2  219:2  221:1  223:1  229:2  235:1  240:1
  short unary avg len: 2.00
1212.858041,12.012337,525.911588
[PASSED]
[time 2.45 s, user 2.29 s, sys 0.15 s, maxrss 243728 KB]
[busy 255 jiffies]
[exit 0]
--- c2 case 2 rec 1   load 0.71 0.75 0.81
[TEST C2-MARISA]
Processing dataset...
Done!
Building trie...
trie size: 2.484302 MB
trie size: 4.015308 MB
Done!
build time: 1657.158688 ms (1657.158688 ns per key)
space cost: 9.221785 MB (26.995627% of original size 34.160291 MB)
Querying trie...
Done!
total time: 411.114478 ms, avg latency: 411.114478 ns
topology: 1.302711 MB, link: 3.189349 MB, data: 4.709216 MB
--- Unary Path Analysis (Marisa, cutoff=3) ---
  branches: 1657128  |  single-char: 447774 (27.0%)  short-unary: 128432 (7.8%)  links: 1080922 (65.2%)
  link len: avg=17.77  max=240  total_chars=19212544
  link length distribution (len:count):  3:87321  4:48292  5:58975  6:36358  7:58121  8:33015  9:59626  10:32247  11:55687  12:30072  13:49121  14:27545  15:39628  16:26319  17:32373  18:20972  19:27510  20:17247  21:17760  22:15297  23:13707  24:14933  25:12396  26:15583  27:11863  28:17395  29:11704  30:17896  31:12395  32:17216  33:11862  34:15819  35:11459  36:13046  37:10194  38:10344  39:8104  40:8139  41:6769  42:6000  43:5033  44:5077  45:3963  46:3720  47:3456  48:2871  49:2663  50:2321  51:2168  52:1981  53:1813  54:1693  55:1597  56:1488  57:1344  58:1172  59:1122  60:1025  61:904  62:871  63:814  64:834  65:767  66:626  67:663  68:607  69:568  70:524  71:545  72:489  73:428  74:436  75:441  76:375  77:319  78:357  79:299  80:304  81:282  82:274  83:213  84:203  85:208  86:189  87:193  88:179  89:159  90:153  91:146  92:153  93:110  94:115  95:107  96:113  97:98  98:81  99:92  100:91  101:100  102:69  103:62  104:60  105:53  106:53  107:55  108:63  109:50  110:63  111:44  112:45  113:43  114:49  115:38  116:32  117:45  118:31  119:36  120:28  121:37  122:28  123:24  124:20  125:19  126:32  127:29  128:26  129:15  130:19  131:30  132:11  133:22  134:9  135:11  136:14  137:18  138:15  139:6  140:8  141:14  142:16  143:8  144:10  145:14  146:12  147:8  148:11  149:7  150:9  151:6  152:12  153:9  154:13  155:7  156:5  157:6  158:3  159:8  160:4  161:7  162:11  163:6  164:11  165:3  166:5  167:7  168:4  169:5  170:6  171:3  172:4  173:3  174:9  175:4  176:1  177:4  178:5  179:7  180:4  181:4  182:2  183:6  184:7  185:4  186:2  187:3  188:2  189:2  191:1  192:1  193:3  194:3  195:2  197:2  198:2  199:4  201:1  203:1  206:2  208:2  209:1  211:2  213:2  214:1  218:2  219:2  221:1  223:1  229:2  235:1  240:1
  short unary avg len: 2.00
1657.158688,9.221785,411.114478
[PASSED]
[time 2.80 s, user 2.62 s, sys 0.16 s, maxrss 227092 KB]
[busy 293 jiffies]
[exit 0]
--- c2 case 2 rec 2   load 0.73 0.76 0.81
[TEST C2-MARISA]
Processing dataset...
Done!
Building trie...
trie size: 2.484302 MB
trie size: 4.015308 MB
trie size: 1.015766 MB
Done!
build time: 1775.231313 ms (1775.231313 ns per key)
space cost: 8.714260 MB (25.509912% of original size 34.160291 MB)
Querying trie...
Done!
total time: 390.273427 ms, avg latency: 390.273427 ns
topology: 1.481594 MB, link: 3.266720 MB, data: 3.945438 MB
--- Unary Path Analysis (Marisa, cutoff=3) ---
  branches: 1657128  |  single-char: 447774 (27.0%)  short-unary: 128432 (7.8%)  links: 1080922 (65.2%)
  link len: avg=17.77  max=240  total_chars=19212544
  link length distribution (len:count):  3:87321  4:48292  5:58975  6:36358  7:58121  8:33015  9:59626  10:32247  11:55687  12:30072  13:49121  14:27545  15:39628  16:26319  17:32373  18:20972  19:27510  20:17247  21:17760  22:15297  23:13707  24:14933  25:12396  26:15583  27:11863  28:17395  29:11704  30:17896  31:12395  32:17216  33:11862  34:15819  35:11459  36:13046  37:10194  38:10344  39:8104  40:8139  41:6769  42:6000  43:5033  44:5077  45:3963  46:3720  47:3456  48:2871  49:2663  50:2321  51:2168  52:1981  53:1813  54:1693  55:1597  56:1488  57:1344  58:1172  59:1122  60:1025  61:904  62:871  63:814  64:834  65:767  66:626  67:663  68:607  69:568  70:524  71:545  72:489  73:428  74:436  75:441  76:375  77:319  78:357  79:299  80:304  81:282  82:274  83:213  84:203  85:208  86:189  87:193  88:179  89:159  90:153  91:146  92:153  93:110  94:115  95:107  96:113  97:98  98:81  99:92  100:91  101:100  102:69  103:62  104:60  105:53  106:53  107:55  108:63  109:50  110:63  111:44  112:45  113:43  114:49  115:38  116:32  117:45  118:31  119:36  120:28  121:37  122:28  123:24  124:20  125:19  126:32  127:29  128:26  129:15  130:19  131:30  132:11  133:22  134:9  135:11  136:14  137:18  138:15  139:6  140:8  141:14  142:16  143:8  144:10  145:14  146:12  147:8  148:11  149:7  150:9  151:6  152:12  153:9  154:13  155:7  156:5  157:6  158:3  159:8  160:4  161:7  162:11  163:6  164:11  165:3  166:5  167:7  168:4  169:5  170:6  171:3  172:4  173:3  174:9  175:4  176:1  177:4  178:5  179:7  180:4  181:4  182:2  183:6  184:7  185:4  186:2  187:3  188:2  189:2  191:1  192:1  193:3  194:3  195:2  197:2  198:2  199:4  201:1  203:1  206:2  208:2  209:1  211:2  213:2  214:1  218:2  219:2  221:1  223:1  229:2  235:1  240:1
  short unary avg len: 2.00
1775.231313,8.714260,390.273427
[PASSED]
[time 2.88 s, user 2.73 s, sys 0.14 s, maxrss 227132 KB]
[busy 304 jiffies]
[exit 0]
--- c2 case 3 rec 0   load 0.75 0.76 0.81
[TEST FST]
Processing dataset...
Done!
Building trie...
Done!
build time: 1152.512549 ms (1152.512549 ns per key)
space cost: 15.406425 MB (45.100393% of original size 34.160291 MB)
Querying trie...
Done!
total time: 1208.296630 ms, avg latency: 1208.296630 ns
not implemented
1152.512549,15.406425,1208.296630
[PASSED]
[time 3.07 s, user 2.96 s, sys 0.10 s, maxrss 177120 KB]
[busy 320 jiffies]
[exit 0]
--- c2 case 4 rec 0   load 0.69 0.75 0.81
terminate called after throwing an instance of 'std::runtime_error'
  what():  Sequence is not sorted
timeout: the monitored command dumped core
Command terminated by signal 6
[time 47.83 s, user 35.88 s, sys 11.66 s, maxrss 26677116 KB]
[busy 4987 jiffies]
[exit 134]
--- c2 case 5 rec 0   load 0.86 0.78 0.82
[TEST MARISA]
Processing dataset...
Done!
Building trie...
Done!
build time: 750.953515 ms (750.953515 ns per key)
space cost: 14.925114 MB (43.691413% of original size 34.160291 MB)
Querying trie...
Done!
total time: 696.255128 ms, avg latency: 696.255128 ns
not implemented
750.953515,14.925114,696.255128
[PASSED]
[time 2.16 s, user 2.01 s, sys 0.13 s, maxrss 231196 KB]
[busy 227 jiffies]
[exit 0]
--- c2 case 5 rec 1   load 1.03 0.82 0.83
[TEST MARISA]
Processing dataset...
Done!
Building trie...
Done!
build time: 952.373873 ms (952.373873 ns per key)
space cost: 9.445531 MB (27.650616% of original size 34.160291 MB)
Querying trie...
Done!
total time: 1100.224133 ms, avg latency: 1100.224133 ns
not implemented
952.373873,9.445531,1100.224133
[PASSED]
[time 2.75 s, user 2.58 s, sys 0.15 s, maxrss 230880 KB]
[busy 291 jiffies]
[exit 0]
--- c2 case 5 rec 2   load 1.03 0.83 0.83
[TEST MARISA]
Processing dataset...
Done!
Building trie...
Done!
build time: 997.836401 ms (997.836401 ns per key)
space cost: 8.209226 MB (24.031487% of original size 34.160291 MB)
Querying trie...
Done!
total time: 1231.035438 ms, avg latency: 1231.035438 ns
not implemented
997.836401,8.209226,1231.035438
[PASSED]
[time 2.93 s, user 2.76 s, sys 0.15 s, maxrss 231064 KB]
[busy 304 jiffies]
[exit 0]
--- c2 case 6 rec 0   load 0.94 0.81 0.83
[TEST PDT]
Processing dataset...
Done!
Building trie...
dict size: 149058, stream size: 8676288
Done!
build time: 2784.408430 ms (2784.408430 ns per key)
space cost: 9.692565 MB (28.373778% of original size 34.160291 MB)
Querying trie...
Done!
total time: 774.487659 ms, avg latency: 774.487659 ns
not implemented
2784.408430,9.692565,774.487659
[PASSED]
[time 4.29 s, user 4.07 s, sys 0.20 s, maxrss 238200 KB]
[busy 450 jiffies]
[exit 0]
--- c2 case 7 rec 0   load 0.87 0.80 0.82
[TEST ART]
Processing dataset...
Done!
Building trie...
Done!
build time: 230.044487 ms (230.044487 ns per key)
space cost: 37.032776 MB (108.408843% of original size 34.160291 MB)
Querying trie...
Done!
total time: 560.348987 ms, avg latency: 560.348987 ns
not implemented
230.044487,37.032776,560.348987
[PASSED]
[time 1.52 s, user 1.38 s, sys 0.13 s, maxrss 238896 KB]
[busy 159 jiffies]
[exit 0]
--- c2 case 8 rec 0   load 0.87 0.80 0.82
[TEST CART]
Processing dataset...
Done!
Building trie...
Done!
build time: 300.995974 ms (300.995974 ns per key)
space cost: 17.935776 MB (52.504752% of original size 34.160291 MB)
Querying trie...
Done!
total time: 662.161518 ms, avg latency: 662.161518 ns
not implemented
300.995974,17.935776,662.161518
[PASSED]
[time 1.70 s, user 1.57 s, sys 0.12 s, maxrss 228380 KB]
[busy 181 jiffies]
[exit 0]
--- xcdat 7   load 0.80 0.78 0.82
build time: 834.208086 ms
space cost: 18.793670 MiB (55.016129% of original size 34.160291 MiB)
avg latency: 391.444044 ns
834.208086,18.793670,391.444044
[time 1.96 s, user 1.79 s, sys 0.15 s, maxrss 206920 KB]
[busy 205 jiffies]
[exit 0]
--- xcdat 8   load 0.80 0.78 0.82
build time: 785.267330 ms
space cost: 18.486019 MiB (54.115521% of original size 34.160291 MiB)
avg latency: 380.622033 ns
785.267330,18.486019,380.622033
[time 1.89 s, user 1.73 s, sys 0.15 s, maxrss 207452 KB]
[busy 207 jiffies]
[exit 0]
--- xcdat 15   load 0.81 0.79 0.82
build time: 828.354012 ms
space cost: 22.013930 MiB (64.443041% of original size 34.160291 MiB)
avg latency: 359.707283 ns
828.354012,22.013930,359.707283
[time 1.92 s, user 1.76 s, sys 0.15 s, maxrss 213476 KB]
[busy 201 jiffies]
[exit 0]
--- xcdat 16   load 0.81 0.79 0.82
build time: 785.962136 ms
space cost: 22.860906 MiB (66.922456% of original size 34.160291 MiB)
avg latency: 376.130231 ns
785.962136,22.860906,376.130231
[time 1.89 s, user 1.73 s, sys 0.14 s, maxrss 213220 KB]
[busy 200 jiffies]
[exit 0]

##### titles-zh-1000000 (1000000 lines, 17871822 bytes)   round 1/3   2026-09-20T11:58:08+03:00
--- lexindex dict32   load 0.83 0.79 0.82
1000000 keys
lexindex DictIndex block 32: build 301 ms, size 6.304 MiB (6.610 B/key), latency cold 366.2 ns, then mean 360.9 / min 357.0 ns
301.063,6.303927,366.157
[time 2.27 s, user 4.05 s, sys 0.28 s, maxrss 254920 KB]
[busy 459 jiffies]
[exit 0]
--- lexindex dict256   load 0.92 0.81 0.83
1000000 keys
lexindex DictIndex block 256: build 307 ms, size 5.979 MiB (6.270 B/key), latency cold 399.6 ns, then mean 395.0 / min 393.0 ns
306.917,5.979468,399.631
[time 2.41 s, user 4.25 s, sys 0.27 s, maxrss 252192 KB]
[busy 476 jiffies]
[exit 0]
--- lexindex dict1024   load 0.92 0.81 0.83
1000000 keys
lexindex DictIndex block 1024: build 328 ms, size 5.834 MiB (6.117 B/key), latency cold 471.2 ns, then mean 465.8 / min 464.7 ns
328.371,5.833808,471.196
[time 2.73 s, user 3.82 s, sys 0.24 s, maxrss 250484 KB]
[busy 429 jiffies]
[exit 0]
--- lexindex string   load 0.93 0.82 0.83
1000000 keys
lexindex StringIndex: build 781 ms, size 16.712 MiB (17.523 B/key), latency cold 396.7 ns, then mean 377.8 / min 372.6 ns
780.914,16.711605,396.735
[time 2.82 s, user 2.72 s, sys 0.08 s, maxrss 152204 KB]
[busy 305 jiffies]
[exit 0]
--- c2 case 0 rec 0   load 0.94 0.82 0.83
[TEST C2-FST]
Processing dataset...
Done!
Building trie...
Done!
build time: 673.730802 ms (673.730802 ns per key)
space cost: 9.315402 MB (57.894796% of original size 16.090223 MB)
Querying trie...
Done!
total time: 424.787724 ms, avg latency: 424.787724 ns
topology: 1.013481 MB, link: 1.860200 MB, data: 6.441721 MB
--- Unary Path Analysis (FST, cutoff=4) ---
  shared unary steps in main trie: 533155
  terminal suffixes: inplace=237541 (avg len=1.85)  links=651614 (73.3% of terminal)
  link len: avg=9.49  max=219  total_chars=6184530
  link length distribution (len:count):  4:101787  5:75109  6:33236  7:70197  8:54797  9:28682  10:45020  11:39800  12:18111  13:26128  14:25316  15:13287  16:18412  17:17629  18:7811  19:11663  20:10322  21:4897  22:7909  23:6587  24:3201  25:5027  26:3953  27:2124  28:3009  29:2707  30:1318  31:2090  32:1807  33:932  34:1302  35:1246  36:576  37:856  38:792  39:335  40:596  41:485  42:228  43:398  44:289  45:126  46:187  47:184  48:83  49:123  50:115  51:56  52:76  53:79  54:43  55:73  56:58  57:28  58:35  59:27  60:9  61:32  62:19  63:18  64:20  65:11  66:19  67:16  68:13  69:6  70:14  71:16  72:6  73:9  74:5  75:5  76:7  77:5  78:2  79:17  80:2  81:7  82:8  83:7  84:3  85:7  86:7  87:3  88:3  89:2  90:4  91:3  92:3  93:1  94:1  95:3  96:5  97:1  98:4  101:2  102:1  103:1  104:1  106:2  107:1  112:2  113:1  115:1  116:1  120:1  121:1  122:1  124:1  130:1  138:1  148:1  151:1  155:2  184:1  188:1  204:1  220:1
673.730802,9.315402,424.787724
[PASSED]
[time 1.59 s, user 1.46 s, sys 0.11 s, maxrss 186136 KB]
[busy 167 jiffies]
[exit 0]
--- c2 case 0 rec 1   load 0.94 0.82 0.83
[TEST C2-FST]
Processing dataset...
Done!
Building trie...
trie size: 2.382156 MB
Done!
build time: 846.710234 ms (846.710234 ns per key)
space cost: 7.814046 MB (48.563937% of original size 16.090223 MB)
Querying trie...
Done!
total time: 438.920769 ms, avg latency: 438.920769 ns
topology: 1.289776 MB, link: 2.002253 MB, data: 4.522017 MB
--- Unary Path Analysis (FST, cutoff=4) ---
  shared unary steps in main trie: 533155
  terminal suffixes: inplace=237541 (avg len=1.85)  links=651614 (73.3% of terminal)
  link len: avg=9.49  max=219  total_chars=6184530
  link length distribution (len:count):  4:101787  5:75109  6:33236  7:70197  8:54797  9:28682  10:45020  11:39800  12:18111  13:26128  14:25316  15:13287  16:18412  17:17629  18:7811  19:11663  20:10322  21:4897  22:7909  23:6587  24:3201  25:5027  26:3953  27:2124  28:3009  29:2707  30:1318  31:2090  32:1807  33:932  34:1302  35:1246  36:576  37:856  38:792  39:335  40:596  41:485  42:228  43:398  44:289  45:126  46:187  47:184  48:83  49:123  50:115  51:56  52:76  53:79  54:43  55:73  56:58  57:28  58:35  59:27  60:9  61:32  62:19  63:18  64:20  65:11  66:19  67:16  68:13  69:6  70:14  71:16  72:6  73:9  74:5  75:5  76:7  77:5  78:2  79:17  80:2  81:7  82:8  83:7  84:3  85:7  86:7  87:3  88:3  89:2  90:4  91:3  92:3  93:1  94:1  95:3  96:5  97:1  98:4  101:2  102:1  103:1  104:1  106:2  107:1  112:2  113:1  115:1  116:1  120:1  121:1  122:1  124:1  130:1  138:1  148:1  151:1  155:2  184:1  188:1  204:1  220:1
846.710234,7.814046,438.920769
[PASSED]
[time 1.80 s, user 1.67 s, sys 0.11 s, maxrss 186528 KB]
[busy 190 jiffies]
[exit 0]
--- c2 case 0 rec 2   load 0.94 0.82 0.83
[TEST C2-FST]
Processing dataset...
Done!
Building trie...
trie size: 2.382156 MB
trie size: 0.519189 MB
Done!
build time: 899.682207 ms (899.682207 ns per key)
space cost: 7.814046 MB (48.563937% of original size 16.090223 MB)
Querying trie...
Done!
total time: 436.870776 ms, avg latency: 436.870776 ns
topology: 1.289776 MB, link: 2.002253 MB, data: 4.522017 MB
--- Unary Path Analysis (FST, cutoff=4) ---
  shared unary steps in main trie: 533155
  terminal suffixes: inplace=237541 (avg len=1.85)  links=651614 (73.3% of terminal)
  link len: avg=9.49  max=219  total_chars=6184530
  link length distribution (len:count):  4:101787  5:75109  6:33236  7:70197  8:54797  9:28682  10:45020  11:39800  12:18111  13:26128  14:25316  15:13287  16:18412  17:17629  18:7811  19:11663  20:10322  21:4897  22:7909  23:6587  24:3201  25:5027  26:3953  27:2124  28:3009  29:2707  30:1318  31:2090  32:1807  33:932  34:1302  35:1246  36:576  37:856  38:792  39:335  40:596  41:485  42:228  43:398  44:289  45:126  46:187  47:184  48:83  49:123  50:115  51:56  52:76  53:79  54:43  55:73  56:58  57:28  58:35  59:27  60:9  61:32  62:19  63:18  64:20  65:11  66:19  67:16  68:13  69:6  70:14  71:16  72:6  73:9  74:5  75:5  76:7  77:5  78:2  79:17  80:2  81:7  82:8  83:7  84:3  85:7  86:7  87:3  88:3  89:2  90:4  91:3  92:3  93:1  94:1  95:3  96:5  97:1  98:4  101:2  102:1  103:1  104:1  106:2  107:1  112:2  113:1  115:1  116:1  120:1  121:1  122:1  124:1  130:1  138:1  148:1  151:1  155:2  184:1  188:1  204:1  220:1
899.682207,7.814046,436.870776
[PASSED]
[time 1.84 s, user 1.70 s, sys 0.12 s, maxrss 186208 KB]
[busy 192 jiffies]
[exit 0]
--- c2 case 1 rec 0   load 0.87 0.81 0.82
[TEST C2-CoCo(LOUDS-Sparse)]
Processing dataset...
Done!
Building trie...
Done!
build time: 1635.622554 ms (1635.622554 ns per key)
space cost: 10.076944 MB (62.627748% of original size 16.090223 MB)
Querying trie...
Done!
total time: 625.967009 ms, avg latency: 625.967009 ns
topology: 0.428116 MB, link: 2.771456 MB, data: 6.877373 MB
1635.622554,10.076944,625.967009
[PASSED]
[time 2.75 s, user 2.54 s, sys 0.19 s, maxrss 343468 KB]
[busy 288 jiffies]
[exit 0]
--- c2 case 1 rec 1   load 0.87 0.81 0.82
[TEST C2-CoCo(LOUDS-Sparse)]
Processing dataset...
Done!
Building trie...
trie size: 2.382156 MB
Done!
build time: 1819.093535 ms (1819.093535 ns per key)
space cost: 8.575588 MB (53.296888% of original size 16.090223 MB)
Querying trie...
Done!
total time: 649.882489 ms, avg latency: 649.882489 ns
topology: 0.704411 MB, link: 2.913508 MB, data: 4.957669 MB
1819.093535,8.575588,649.882489
[PASSED]
[time 2.97 s, user 2.75 s, sys 0.20 s, maxrss 343672 KB]
[busy 312 jiffies]
[exit 0]
--- c2 case 1 rec 2   load 0.88 0.81 0.83
[TEST C2-CoCo(LOUDS-Sparse)]
Processing dataset...
Done!
Building trie...
trie size: 2.382156 MB
trie size: 0.519189 MB
Done!
build time: 1887.629301 ms (1887.629301 ns per key)
space cost: 8.575588 MB (53.296888% of original size 16.090223 MB)
Querying trie...
Done!
total time: 642.976077 ms, avg latency: 642.976077 ns
topology: 0.704411 MB, link: 2.913508 MB, data: 4.957669 MB
1887.629301,8.575588,642.976077
[PASSED]
[time 3.05 s, user 2.84 s, sys 0.19 s, maxrss 343656 KB]
[busy 317 jiffies]
[exit 0]
--- c2 case 2 rec 0   load 0.89 0.82 0.83
[TEST C2-MARISA]
Processing dataset...
Done!
Building trie...
trie size: 2.376703 MB
Done!
build time: 730.640636 ms (730.640636 ns per key)
space cost: 9.316646 MB (57.902525% of original size 16.090223 MB)
Querying trie...
Done!
total time: 331.583443 ms, avg latency: 331.583443 ns
topology: 0.787403 MB, link: 2.444094 MB, data: 6.064641 MB
--- Unary Path Analysis (Marisa, cutoff=3) ---
  branches: 1581104  |  single-char: 512959 (32.4%)  short-unary: 177539 (11.2%)  links: 890606 (56.3%)
  link len: avg=9.57  max=221  total_chars=8521548
  link length distribution (len:count):  3:117743  4:70413  5:118917  6:85174  7:37680  8:75877  9:57977  10:30193  11:47337  12:41279  13:18765  14:27062  15:25994  16:13620  17:18901  18:18001  19:8082  20:11948  21:10483  22:5017  23:8072  24:6695  25:3249  26:5099  27:4017  28:2164  29:3054  30:2749  31:1341  32:2116  33:1821  34:942  35:1314  36:1256  37:587  38:865  39:798  40:341  41:600  42:486  43:231  44:401  45:290  46:126  47:187  48:184  49:84  50:123  51:115  52:56  53:77  54:82  55:43  56:74  57:60  58:29  59:35  60:27  61:10  62:32  63:19  64:19  65:20  66:11  67:19  68:16  69:13  70:6  71:14  72:16  73:6  74:9  75:5  76:5  77:7  78:5  79:2  80:17  81:2  82:7  83:8  84:7  85:3  86:7  87:7  88:3  89:3  90:2  91:4  92:3  93:3  94:1  95:1  96:4  97:5  98:1  99:4  102:2  103:1  104:1  105:1  107:2  108:1  113:2  114:1  116:1  117:1  121:1  122:1  123:1  125:1  131:1  139:1  149:1  152:1  156:2  185:1  189:1  205:1  221:1
  short unary avg len: 2.00
730.640636,9.316646,331.583443
[PASSED]
[time 1.55 s, user 1.41 s, sys 0.13 s, maxrss 216452 KB]
[busy 163 jiffies]
[exit 0]
--- c2 case 2 rec 1   load 0.89 0.82 0.83
[TEST C2-MARISA]
Processing dataset...
Done!
Building trie...
trie size: 2.376703 MB
trie size: 3.200656 MB
Done!
build time: 949.515059 ms (949.515059 ns per key)
space cost: 7.215687 MB (44.845163% of original size 16.090223 MB)
Querying trie...
Done!
total time: 284.340699 ms, avg latency: 284.340699 ns
topology: 1.146584 MB, link: 2.476871 MB, data: 3.571725 MB
--- Unary Path Analysis (Marisa, cutoff=3) ---
  branches: 1581104  |  single-char: 512959 (32.4%)  short-unary: 177539 (11.2%)  links: 890606 (56.3%)
  link len: avg=9.57  max=221  total_chars=8521548
  link length distribution (len:count):  3:117743  4:70413  5:118917  6:85174  7:37680  8:75877  9:57977  10:30193  11:47337  12:41279  13:18765  14:27062  15:25994  16:13620  17:18901  18:18001  19:8082  20:11948  21:10483  22:5017  23:8072  24:6695  25:3249  26:5099  27:4017  28:2164  29:3054  30:2749  31:1341  32:2116  33:1821  34:942  35:1314  36:1256  37:587  38:865  39:798  40:341  41:600  42:486  43:231  44:401  45:290  46:126  47:187  48:184  49:84  50:123  51:115  52:56  53:77  54:82  55:43  56:74  57:60  58:29  59:35  60:27  61:10  62:32  63:19  64:19  65:20  66:11  67:19  68:16  69:13  70:6  71:14  72:16  73:6  74:9  75:5  76:5  77:7  78:5  79:2  80:17  81:2  82:7  83:8  84:7  85:3  86:7  87:7  88:3  89:3  90:2  91:4  92:3  93:3  94:1  95:1  96:4  97:5  98:1  99:4  102:2  103:1  104:1  105:1  107:2  108:1  113:2  114:1  116:1  117:1  121:1  122:1  123:1  125:1  131:1  139:1  149:1  152:1  156:2  185:1  189:1  205:1  221:1
  short unary avg len: 2.00
949.515059,7.215687,284.340699
[PASSED]
[time 1.73 s, user 1.57 s, sys 0.14 s, maxrss 216492 KB]
[busy 182 jiffies]
[exit 0]
--- c2 case 2 rec 2   load 0.90 0.82 0.83
[TEST C2-MARISA]
Processing dataset...
Done!
Building trie...
trie size: 2.376703 MB
trie size: 3.200656 MB
trie size: 0.643222 MB
Done!
build time: 1023.065400 ms (1023.065400 ns per key)
space cost: 7.215687 MB (44.845163% of original size 16.090223 MB)
Querying trie...
Done!
total time: 283.671110 ms, avg latency: 283.671110 ns
topology: 1.146584 MB, link: 2.476871 MB, data: 3.571725 MB
--- Unary Path Analysis (Marisa, cutoff=3) ---
  branches: 1581104  |  single-char: 512959 (32.4%)  short-unary: 177539 (11.2%)  links: 890606 (56.3%)
  link len: avg=9.57  max=221  total_chars=8521548
  link length distribution (len:count):  3:117743  4:70413  5:118917  6:85174  7:37680  8:75877  9:57977  10:30193  11:47337  12:41279  13:18765  14:27062  15:25994  16:13620  17:18901  18:18001  19:8082  20:11948  21:10483  22:5017  23:8072  24:6695  25:3249  26:5099  27:4017  28:2164  29:3054  30:2749  31:1341  32:2116  33:1821  34:942  35:1314  36:1256  37:587  38:865  39:798  40:341  41:600  42:486  43:231  44:401  45:290  46:126  47:187  48:184  49:84  50:123  51:115  52:56  53:77  54:82  55:43  56:74  57:60  58:29  59:35  60:27  61:10  62:32  63:19  64:19  65:20  66:11  67:19  68:16  69:13  70:6  71:14  72:16  73:6  74:9  75:5  76:5  77:7  78:5  79:2  80:17  81:2  82:7  83:8  84:7  85:3  86:7  87:7  88:3  89:3  90:2  91:4  92:3  93:3  94:1  95:1  96:4  97:5  98:1  99:4  102:2  103:1  104:1  105:1  107:2  108:1  113:2  114:1  116:1  117:1  121:1  122:1  123:1  125:1  131:1  139:1  149:1  152:1  156:2  185:1  189:1  205:1  221:1
  short unary avg len: 2.00
1023.065400,7.215687,283.671110
[PASSED]
[time 1.80 s, user 1.64 s, sys 0.15 s, maxrss 216288 KB]
[busy 188 jiffies]
[exit 0]
--- c2 case 3 rec 0   load 0.82 0.81 0.82
[TEST FST]
Processing dataset...
Done!
Building trie...
Done!
build time: 668.257115 ms (668.257115 ns per key)
space cost: 9.251146 MB (57.495450% of original size 16.090223 MB)
Querying trie...
Done!
total time: 607.974271 ms, avg latency: 607.974271 ns
not implemented
668.257115,9.251146,607.974271
[PASSED]
[time 1.78 s, user 1.69 s, sys 0.07 s, maxrss 110676 KB]
[busy 187 jiffies]
[exit 0]
--- c2 case 4 rec 0   load 0.82 0.81 0.82
terminate called after throwing an instance of 'std::runtime_error'
  what():  Sequence is not sorted
timeout: the monitored command dumped core
Command terminated by signal 6
[time 13.99 s, user 10.00 s, sys 3.87 s, maxrss 8764516 KB]
[busy 1453 jiffies]
[exit 134]
--- c2 case 5 rec 0   load 0.86 0.82 0.83
[TEST MARISA]
Processing dataset...
Done!
Building trie...
Done!
build time: 531.555869 ms (531.555869 ns per key)
space cost: 9.064179 MB (56.333459% of original size 16.090223 MB)
Querying trie...
Done!
total time: 464.408293 ms, avg latency: 464.408293 ns
not implemented
531.555869,9.064179,464.408293
[PASSED]
[time 1.51 s, user 1.39 s, sys 0.11 s, maxrss 182220 KB]
[busy 163 jiffies]
[exit 0]
--- c2 case 5 rec 1   load 0.79 0.80 0.82
[TEST MARISA]
Processing dataset...
Done!
Building trie...
Done!
build time: 642.351183 ms (642.351183 ns per key)
space cost: 6.703102 MB (41.659472% of original size 16.090223 MB)
Querying trie...
Done!
total time: 681.013761 ms, avg latency: 681.013761 ns
not implemented
642.351183,6.703102,681.013761
[PASSED]
[time 1.82 s, user 1.70 s, sys 0.11 s, maxrss 182088 KB]
[busy 191 jiffies]
[exit 0]
--- c2 case 5 rec 2   load 0.79 0.80 0.82
[TEST MARISA]
Processing dataset...
Done!
Building trie...
Done!
build time: 661.296262 ms (661.296262 ns per key)
space cost: 6.233802 MB (38.742793% of original size 16.090223 MB)
Querying trie...
Done!
total time: 773.473733 ms, avg latency: 773.473733 ns
not implemented
661.296262,6.233802,773.473733
[PASSED]
[time 1.92 s, user 1.80 s, sys 0.10 s, maxrss 182376 KB]
[busy 204 jiffies]
[exit 0]
--- c2 case 6 rec 0   load 0.81 0.81 0.82
[TEST PDT]
Processing dataset...
Done!
Building trie...
dict size: 161960, stream size: 6363323
Done!
build time: 3147.855594 ms (3147.855594 ns per key)
space cost: 7.499054 MB (46.606276% of original size 16.090223 MB)
Querying trie...
Done!
total time: 623.974774 ms, avg latency: 623.974774 ns
not implemented
3147.855594,7.499054,623.974774
[PASSED]
[time 4.27 s, user 4.15 s, sys 0.09 s, maxrss 166724 KB]
[busy 445 jiffies]
[exit 0]
--- c2 case 7 rec 0   load 0.83 0.81 0.82
[TEST ART]
Processing dataset...
Done!
Building trie...
Done!
build time: 135.858501 ms (135.858501 ns per key)
space cost: 33.565483 MB (208.607938% of original size 16.090223 MB)
Querying trie...
Done!
total time: 353.920607 ms, avg latency: 353.920607 ns
not implemented
135.858501,33.565483,353.920607
[PASSED]
[time 1.00 s, user 0.89 s, sys 0.09 s, maxrss 155732 KB]
[busy 107 jiffies]
[exit 0]
--- c2 case 8 rec 0   load 0.83 0.81 0.82
[TEST CART]
Processing dataset...
Done!
Building trie...
Done!
build time: 186.705239 ms (186.705239 ns per key)
space cost: 15.100161 MB (93.846806% of original size 16.090223 MB)
Querying trie...
Done!
total time: 418.452828 ms, avg latency: 418.452828 ns
not implemented
186.705239,15.100161,418.452828
[PASSED]
[time 1.12 s, user 1.02 s, sys 0.08 s, maxrss 146932 KB]
[busy 120 jiffies]
[exit 0]
--- xcdat 7   load 0.76 0.79 0.82
build time: 554.606724 ms
space cost: 11.666194 MiB (72.504860% of original size 16.090223 MiB)
avg latency: 227.072501 ns
554.606724,11.666194,227.072501
[time 1.29 s, user 1.19 s, sys 0.09 s, maxrss 148104 KB]
[busy 137 jiffies]
[exit 0]
--- xcdat 8   load 0.76 0.79 0.82
build time: 515.915603 ms
space cost: 11.129195 MiB (69.167438% of original size 16.090223 MiB)
avg latency: 217.351330 ns
515.915603,11.129195,217.351330
[time 1.24 s, user 1.13 s, sys 0.10 s, maxrss 147756 KB]
[busy 133 jiffies]
[exit 0]
--- xcdat 15   load 0.70 0.78 0.81
build time: 536.738831 ms
space cost: 12.949578 MiB (80.481035% of original size 16.090223 MiB)
avg latency: 199.087944 ns
536.738831,12.949578,199.087944
[time 1.24 s, user 1.13 s, sys 0.10 s, maxrss 148392 KB]
[busy 131 jiffies]
[exit 0]
--- xcdat 16   load 0.70 0.78 0.81
build time: 510.067602 ms
space cost: 13.463712 MiB (83.676351% of original size 16.090223 MiB)
avg latency: 208.164814 ns
510.067602,13.463712,208.164814
[time 1.23 s, user 1.13 s, sys 0.09 s, maxrss 149232 KB]
[busy 129 jiffies]
[exit 0]

##### urls-1000000 (1000000 lines, 53361181 bytes)   round 1/3   2026-09-20T11:59:36+03:00
--- lexindex dict32   load 0.70 0.78 0.81
1000000 keys
lexindex DictIndex block 32: build 404 ms, size 8.414 MiB (8.823 B/key), latency cold 457.8 ns, then mean 454.7 / min 453.6 ns
404.088,8.414411,457.836
[time 2.83 s, user 5.25 s, sys 0.37 s, maxrss 324716 KB]
[busy 590 jiffies]
[exit 0]
--- lexindex dict256   load 0.72 0.79 0.81
1000000 keys
lexindex DictIndex block 256: build 409 ms, size 7.163 MiB (7.511 B/key), latency cold 493.4 ns, then mean 490.7 / min 488.3 ns
409.465,7.163084,493.427
[time 2.97 s, user 5.49 s, sys 0.35 s, maxrss 322920 KB]
[busy 616 jiffies]
[exit 0]
--- lexindex dict1024   load 0.75 0.79 0.82
1000000 keys
lexindex DictIndex block 1024: build 444 ms, size 6.934 MiB (7.271 B/key), latency cold 557.2 ns, then mean 556.3 / min 555.3 ns
444.262,6.934203,557.183
[time 3.28 s, user 4.83 s, sys 0.31 s, maxrss 329644 KB]
[busy 545 jiffies]
[exit 0]
--- lexindex string   load 0.77 0.79 0.82
1000000 keys
lexindex StringIndex: build 1155 ms, size 16.099 MiB (16.881 B/key), latency cold 607.7 ns, then mean 609.4 / min 604.0 ns
1155.365,16.099341,607.718
[time 4.17 s, user 4.05 s, sys 0.11 s, maxrss 219608 KB]
[busy 443 jiffies]
[exit 0]
--- c2 case 0 rec 0   load 0.79 0.80 0.82
[TEST C2-FST]
Processing dataset...
Done!
Building trie...
Done!
build time: 1211.142788 ms (1211.142788 ns per key)
space cost: 11.640069 MB (23.310202% of original size 49.935513 MB)
Querying trie...
Done!
total time: 833.190563 ms, avg latency: 833.190563 ns
topology: 1.074997 MB, link: 2.347375 MB, data: 8.217697 MB
--- Unary Path Analysis (FST, cutoff=4) ---
  shared unary steps in main trie: 711966
  terminal suffixes: inplace=143732 (avg len=2.14)  links=800966 (84.8% of terminal)
  link len: avg=13.15  max=596  total_chars=10531952
  link length distribution (len:count):  4:63058  5:62039  6:59659  7:54131  8:47449  9:44821  10:40952  11:37727  12:34320  13:30594  14:29226  15:26885  16:26206  17:21450  18:19914  19:21120  20:19131  21:16702  22:14529  23:13405  24:12440  25:10970  26:9615  27:8669  28:7752  29:7002  30:6267  31:5704  32:4931  33:4493  34:4087  35:3562  36:3323  37:3007  38:2533  39:2401  40:2145  41:1856  42:1793  43:1565  44:1379  45:1246  46:1005  47:985  48:849  49:826  50:642  51:609  52:482  53:442  54:385  55:389  56:339  57:263  58:263  59:238  60:228  61:217  62:184  63:166  64:151  65:119  66:125  67:156  68:131  69:105  70:94  71:74  72:74  73:77  74:67  75:66  76:74  77:39  78:49  79:44  80:45  81:42  82:48  83:36  84:31  85:34  86:39  87:18  88:23  89:15  90:18  91:31  92:24  93:20  94:16  95:16  96:16  97:12  98:16  99:14  100:17  101:16  102:2  103:18  104:4  105:3  106:10  107:11  108:9  109:19  110:13  111:7  112:6  113:5  114:3  115:8  116:5  117:6  118:7  119:10  120:11  121:9  122:10  123:8  124:9  125:7  126:5  127:7  128:18  129:5  130:4  131:10  132:3  133:4  134:4  135:4  136:3  137:4  139:2  140:3  141:2  142:2  143:4  144:7  145:1  146:5  147:5  148:1  149:4  150:4  152:1  153:6  154:3  155:1  156:2  157:1  158:1  159:1  161:2  162:1  163:2  164:1  165:1  166:1  167:3  168:3  170:1  174:1  177:2  180:3  182:2  183:1  184:2  188:1  189:3  190:1  191:1  192:1  193:1  194:1  195:2  199:1  202:2  204:2  206:1  207:1  209:2  211:1  213:1  215:2  219:1  220:1  222:1  224:1  225:1  226:1  229:1  233:1  236:1  238:2  240:1  241:1  246:1  247:1  249:1  252:1  254:1  256:1  260:1  264:1  271:1  311:1  337:1  383:1  506:1  597:1
1211.142788,11.640069,833.190563
[PASSED]
[time 2.85 s, user 2.66 s, sys 0.17 s, maxrss 231728 KB]
[busy 301 jiffies]
[exit 0]
--- c2 case 0 rec 1   load 0.80 0.80 0.82
[TEST C2-FST]
Processing dataset...
Done!
Building trie...
trie size: 3.124794 MB
Done!
build time: 1549.582960 ms (1549.582960 ns per key)
space cost: 9.773470 MB (19.572183% of original size 49.935513 MB)
Querying trie...
Done!
total time: 971.553181 ms, avg latency: 971.553181 ns
topology: 1.480076 MB, link: 2.557474 MB, data: 5.735920 MB
--- Unary Path Analysis (FST, cutoff=4) ---
  shared unary steps in main trie: 711966
  terminal suffixes: inplace=143732 (avg len=2.14)  links=800966 (84.8% of terminal)
  link len: avg=13.15  max=596  total_chars=10531952
  link length distribution (len:count):  4:63058  5:62039  6:59659  7:54131  8:47449  9:44821  10:40952  11:37727  12:34320  13:30594  14:29226  15:26885  16:26206  17:21450  18:19914  19:21120  20:19131  21:16702  22:14529  23:13405  24:12440  25:10970  26:9615  27:8669  28:7752  29:7002  30:6267  31:5704  32:4931  33:4493  34:4087  35:3562  36:3323  37:3007  38:2533  39:2401  40:2145  41:1856  42:1793  43:1565  44:1379  45:1246  46:1005  47:985  48:849  49:826  50:642  51:609  52:482  53:442  54:385  55:389  56:339  57:263  58:263  59:238  60:228  61:217  62:184  63:166  64:151  65:119  66:125  67:156  68:131  69:105  70:94  71:74  72:74  73:77  74:67  75:66  76:74  77:39  78:49  79:44  80:45  81:42  82:48  83:36  84:31  85:34  86:39  87:18  88:23  89:15  90:18  91:31  92:24  93:20  94:16  95:16  96:16  97:12  98:16  99:14  100:17  101:16  102:2  103:18  104:4  105:3  106:10  107:11  108:9  109:19  110:13  111:7  112:6  113:5  114:3  115:8  116:5  117:6  118:7  119:10  120:11  121:9  122:10  123:8  124:9  125:7  126:5  127:7  128:18  129:5  130:4  131:10  132:3  133:4  134:4  135:4  136:3  137:4  139:2  140:3  141:2  142:2  143:4  144:7  145:1  146:5  147:5  148:1  149:4  150:4  152:1  153:6  154:3  155:1  156:2  157:1  158:1  159:1  161:2  162:1  163:2  164:1  165:1  166:1  167:3  168:3  170:1  174:1  177:2  180:3  182:2  183:1  184:2  188:1  189:3  190:1  191:1  192:1  193:1  194:1  195:2  199:1  202:2  204:2  206:1  207:1  209:2  211:1  213:1  215:2  219:1  220:1  222:1  224:1  225:1  226:1  229:1  233:1  236:1  238:2  240:1  241:1  246:1  247:1  249:1  252:1  254:1  256:1  260:1  264:1  271:1  311:1  337:1  383:1  506:1  597:1
1549.582960,9.773470,971.553181
[PASSED]
[time 3.32 s, user 3.10 s, sys 0.20 s, maxrss 228336 KB]
[busy 347 jiffies]
[exit 0]
--- c2 case 0 rec 2   load 0.74 0.79 0.81
[TEST C2-FST]
Processing dataset...
Done!
Building trie...
trie size: 3.124794 MB
trie size: 0.926831 MB
Done!
build time: 1686.807668 ms (1686.807668 ns per key)
space cost: 9.773470 MB (19.572183% of original size 49.935513 MB)
Querying trie...
Done!
total time: 968.220667 ms, avg latency: 968.220667 ns
topology: 1.480076 MB, link: 2.557474 MB, data: 5.735920 MB
--- Unary Path Analysis (FST, cutoff=4) ---
  shared unary steps in main trie: 711966
  terminal suffixes: inplace=143732 (avg len=2.14)  links=800966 (84.8% of terminal)
  link len: avg=13.15  max=596  total_chars=10531952
  link length distribution (len:count):  4:63058  5:62039  6:59659  7:54131  8:47449  9:44821  10:40952  11:37727  12:34320  13:30594  14:29226  15:26885  16:26206  17:21450  18:19914  19:21120  20:19131  21:16702  22:14529  23:13405  24:12440  25:10970  26:9615  27:8669  28:7752  29:7002  30:6267  31:5704  32:4931  33:4493  34:4087  35:3562  36:3323  37:3007  38:2533  39:2401  40:2145  41:1856  42:1793  43:1565  44:1379  45:1246  46:1005  47:985  48:849  49:826  50:642  51:609  52:482  53:442  54:385  55:389  56:339  57:263  58:263  59:238  60:228  61:217  62:184  63:166  64:151  65:119  66:125  67:156  68:131  69:105  70:94  71:74  72:74  73:77  74:67  75:66  76:74  77:39  78:49  79:44  80:45  81:42  82:48  83:36  84:31  85:34  86:39  87:18  88:23  89:15  90:18  91:31  92:24  93:20  94:16  95:16  96:16  97:12  98:16  99:14  100:17  101:16  102:2  103:18  104:4  105:3  106:10  107:11  108:9  109:19  110:13  111:7  112:6  113:5  114:3  115:8  116:5  117:6  118:7  119:10  120:11  121:9  122:10  123:8  124:9  125:7  126:5  127:7  128:18  129:5  130:4  131:10  132:3  133:4  134:4  135:4  136:3  137:4  139:2  140:3  141:2  142:2  143:4  144:7  145:1  146:5  147:5  148:1  149:4  150:4  152:1  153:6  154:3  155:1  156:2  157:1  158:1  159:1  161:2  162:1  163:2  164:1  165:1  166:1  167:3  168:3  170:1  174:1  177:2  180:3  182:2  183:1  184:2  188:1  189:3  190:1  191:1  192:1  193:1  194:1  195:2  199:1  202:2  204:2  206:1  207:1  209:2  211:1  213:1  215:2  219:1  220:1  222:1  224:1  225:1  226:1  229:1  233:1  236:1  238:2  240:1  241:1  246:1  247:1  249:1  252:1  254:1  256:1  260:1  264:1  271:1  311:1  337:1  383:1  506:1  597:1
1686.807668,9.773470,968.220667
[PASSED]
[time 3.44 s, user 3.25 s, sys 0.17 s, maxrss 228156 KB]
[busy 362 jiffies]
[exit 0]
--- c2 case 1 rec 0   load 0.74 0.79 0.81
[TEST C2-CoCo(LOUDS-Sparse)]
Processing dataset...
Done!
Building trie...
Done!
build time: 2501.057301 ms (2501.057301 ns per key)
space cost: 12.005466 MB (24.041940% of original size 49.935513 MB)
Querying trie...
Done!
total time: 887.564270 ms, avg latency: 887.564270 ns
topology: 0.422745 MB, link: 3.209543 MB, data: 8.373178 MB
2501.057301,12.005466,887.564270
[PASSED]
[time 4.17 s, user 3.92 s, sys 0.22 s, maxrss 407972 KB]
[busy 435 jiffies]
[exit 0]
--- c2 case 1 rec 1   load 0.77 0.79 0.82
[TEST C2-CoCo(LOUDS-Sparse)]
Processing dataset...
Done!
Building trie...
trie size: 3.124794 MB
Done!
build time: 2870.053364 ms (2870.053364 ns per key)
space cost: 10.138867 MB (20.303920% of original size 49.935513 MB)
Querying trie...
Done!
total time: 1047.932158 ms, avg latency: 1047.932158 ns
topology: 0.827824 MB, link: 3.419642 MB, data: 5.891401 MB
2870.053364,10.138867,1047.932158
[PASSED]
[time 4.72 s, user 4.47 s, sys 0.22 s, maxrss 398284 KB]
[busy 491 jiffies]
[exit 0]
--- c2 case 1 rec 2   load 0.71 0.78 0.81
[TEST C2-CoCo(LOUDS-Sparse)]
Processing dataset...
Done!
Building trie...
trie size: 3.124794 MB
trie size: 0.926831 MB
Done!
build time: 2997.539178 ms (2997.539178 ns per key)
space cost: 10.138867 MB (20.303920% of original size 49.935513 MB)
Querying trie...
Done!
total time: 1059.742426 ms, avg latency: 1059.742426 ns
topology: 0.827824 MB, link: 3.419642 MB, data: 5.891401 MB
2997.539178,10.138867,1059.742426
[PASSED]
[time 4.85 s, user 4.61 s, sys 0.22 s, maxrss 398116 KB]
[busy 505 jiffies]
[exit 0]
--- c2 case 2 rec 0   load 0.73 0.78 0.81
[TEST C2-MARISA]
Processing dataset...
Done!
Building trie...
trie size: 2.244002 MB
Done!
build time: 1203.268589 ms (1203.268589 ns per key)
space cost: 10.960715 MB (21.949740% of original size 49.935513 MB)
Querying trie...
Done!
total time: 452.837876 ms, avg latency: 452.837876 ns
topology: 0.743214 MB, link: 2.809175 MB, data: 7.387818 MB
--- Unary Path Analysis (Marisa, cutoff=3) ---
  branches: 1527762  |  single-char: 409800 (26.8%)  short-unary: 94203 (6.2%)  links: 1023759 (67.0%)
  link len: avg=12.97  max=598  total_chars=13282609
  link length distribution (len:count):  3:78091  4:83418  5:77115  6:71727  7:67342  8:60401  9:52007  10:48612  11:43341  12:39688  13:35797  14:31899  15:30173  16:27648  17:26857  18:22212  19:20563  20:21642  21:19617  22:17114  23:14842  24:13684  25:12695  26:11175  27:9829  28:8848  29:7935  30:7132  31:6445  32:5847  33:5055  34:4589  35:4148  36:3637  37:3382  38:3086  39:2567  40:2441  41:2168  42:1886  43:1827  44:1585  45:1405  46:1260  47:1016  48:995  49:861  50:844  51:650  52:616  53:486  54:450  55:392  56:393  57:345  58:266  59:265  60:240  61:230  62:219  63:185  64:166  65:151  66:119  67:125  68:158  69:131  70:105  71:94  72:74  73:75  74:77  75:68  76:66  77:74  78:40  79:49  80:44  81:45  82:43  83:48  84:36  85:31  86:35  87:40  88:19  89:24  90:15  91:18  92:31  93:24  94:20  95:16  96:16  97:16  98:12  99:16  100:14  101:17  102:16  103:2  104:18  105:4  106:3  107:10  108:11  109:9  110:19  111:13  112:7  113:6  114:5  115:3  116:8  117:5  118:6  119:8  120:10  121:11  122:9  123:10  124:8  125:9  126:7  127:5  128:7  129:18  130:5  131:4  132:10  133:3  134:4  135:4  136:4  137:4  138:4  140:2  141:3  142:2  143:2  144:4  145:7  146:1  147:5  148:5  149:1  150:4  151:4  153:1  154:6  155:3  156:1  157:2  158:1  159:1  160:1  162:2  163:1  164:2  165:1  166:1  167:1  168:3  169:3  171:1  175:1  178:2  181:3  183:2  184:1  185:2  189:1  190:3  191:1  192:1  193:1  194:1  195:1  196:2  200:1  203:2  205:2  207:1  208:1  210:2  212:1  214:1  216:2  220:1  221:1  223:1  225:1  226:1  227:1  230:1  234:1  237:1  239:2  241:1  242:1  247:1  248:1  250:1  253:1  255:1  257:1  261:1  265:1  272:1  312:1  338:1  384:1  507:1  598:1
  short unary avg len: 2.00
1203.268589,10.960715,452.837876
[PASSED]
[time 2.45 s, user 2.26 s, sys 0.18 s, maxrss 246860 KB]
[busy 257 jiffies]
[exit 0]
--- c2 case 2 rec 1   load 0.67 0.77 0.81
[TEST C2-MARISA]
Processing dataset...
Done!
Building trie...
trie size: 2.244002 MB
trie size: 3.864603 MB
Done!
build time: 1615.866542 ms (1615.866542 ns per key)
space cost: 8.779989 MB (17.582655% of original size 49.935513 MB)
Querying trie...
Done!
total time: 629.317055 ms, avg latency: 629.317055 ns
topology: 1.217873 MB, link: 3.069385 MB, data: 4.472224 MB
--- Unary Path Analysis (Marisa, cutoff=3) ---
  branches: 1527762  |  single-char: 409800 (26.8%)  short-unary: 94203 (6.2%)  links: 1023759 (67.0%)
  link len: avg=12.97  max=598  total_chars=13282609
  link length distribution (len:count):  3:78091  4:83418  5:77115  6:71727  7:67342  8:60401  9:52007  10:48612  11:43341  12:39688  13:35797  14:31899  15:30173  16:27648  17:26857  18:22212  19:20563  20:21642  21:19617  22:17114  23:14842  24:13684  25:12695  26:11175  27:9829  28:8848  29:7935  30:7132  31:6445  32:5847  33:5055  34:4589  35:4148  36:3637  37:3382  38:3086  39:2567  40:2441  41:2168  42:1886  43:1827  44:1585  45:1405  46:1260  47:1016  48:995  49:861  50:844  51:650  52:616  53:486  54:450  55:392  56:393  57:345  58:266  59:265  60:240  61:230  62:219  63:185  64:166  65:151  66:119  67:125  68:158  69:131  70:105  71:94  72:74  73:75  74:77  75:68  76:66  77:74  78:40  79:49  80:44  81:45  82:43  83:48  84:36  85:31  86:35  87:40  88:19  89:24  90:15  91:18  92:31  93:24  94:20  95:16  96:16  97:16  98:12  99:16  100:14  101:17  102:16  103:2  104:18  105:4  106:3  107:10  108:11  109:9  110:19  111:13  112:7  113:6  114:5  115:3  116:8  117:5  118:6  119:8  120:10  121:11  122:9  123:10  124:8  125:9  126:7  127:5  128:7  129:18  130:5  131:4  132:10  133:3  134:4  135:4  136:4  137:4  138:4  140:2  141:3  142:2  143:2  144:4  145:7  146:1  147:5  148:5  149:1  150:4  151:4  153:1  154:6  155:3  156:1  157:2  158:1  159:1  160:1  162:2  163:1  164:2  165:1  166:1  167:1  168:3  169:3  171:1  175:1  178:2  181:3  183:2  184:1  185:2  189:1  190:3  191:1  192:1  193:1  194:1  195:1  196:2  200:1  203:2  205:2  207:1  208:1  210:2  212:1  214:1  216:2  220:1  221:1  223:1  225:1  226:1  227:1  230:1  234:1  237:1  239:2  241:1  242:1  247:1  248:1  250:1  253:1  255:1  257:1  261:1  265:1  272:1  312:1  338:1  384:1  507:1  598:1
  short unary avg len: 2.00
1615.866542,8.779989,629.317055
[PASSED]
[time 3.06 s, user 2.84 s, sys 0.21 s, maxrss 242196 KB]
[busy 320 jiffies]
[exit 0]
--- c2 case 2 rec 2   load 0.67 0.77 0.81
[TEST C2-MARISA]
Processing dataset...
Done!
Building trie...
trie size: 2.244002 MB
trie size: 3.864603 MB
trie size: 1.068947 MB
Done!
build time: 1747.446041 ms (1747.446041 ns per key)
space cost: 8.365690 MB (16.752987% of original size 49.935513 MB)
Querying trie...
Done!
total time: 706.859559 ms, avg latency: 706.859559 ns
topology: 1.410183 MB, link: 3.158367 MB, data: 3.776632 MB
--- Unary Path Analysis (Marisa, cutoff=3) ---
  branches: 1527762  |  single-char: 409800 (26.8%)  short-unary: 94203 (6.2%)  links: 1023759 (67.0%)
  link len: avg=12.97  max=598  total_chars=13282609
  link length distribution (len:count):  3:78091  4:83418  5:77115  6:71727  7:67342  8:60401  9:52007  10:48612  11:43341  12:39688  13:35797  14:31899  15:30173  16:27648  17:26857  18:22212  19:20563  20:21642  21:19617  22:17114  23:14842  24:13684  25:12695  26:11175  27:9829  28:8848  29:7935  30:7132  31:6445  32:5847  33:5055  34:4589  35:4148  36:3637  37:3382  38:3086  39:2567  40:2441  41:2168  42:1886  43:1827  44:1585  45:1405  46:1260  47:1016  48:995  49:861  50:844  51:650  52:616  53:486  54:450  55:392  56:393  57:345  58:266  59:265  60:240  61:230  62:219  63:185  64:166  65:151  66:119  67:125  68:158  69:131  70:105  71:94  72:74  73:75  74:77  75:68  76:66  77:74  78:40  79:49  80:44  81:45  82:43  83:48  84:36  85:31  86:35  87:40  88:19  89:24  90:15  91:18  92:31  93:24  94:20  95:16  96:16  97:16  98:12  99:16  100:14  101:17  102:16  103:2  104:18  105:4  106:3  107:10  108:11  109:9  110:19  111:13  112:7  113:6  114:5  115:3  116:8  117:5  118:6  119:8  120:10  121:11  122:9  123:10  124:8  125:9  126:7  127:5  128:7  129:18  130:5  131:4  132:10  133:3  134:4  135:4  136:4  137:4  138:4  140:2  141:3  142:2  143:2  144:4  145:7  146:1  147:5  148:5  149:1  150:4  151:4  153:1  154:6  155:3  156:1  157:2  158:1  159:1  160:1  162:2  163:1  164:2  165:1  166:1  167:1  168:3  169:3  171:1  175:1  178:2  181:3  183:2  184:1  185:2  189:1  190:3  191:1  192:1  193:1  194:1  195:1  196:2  200:1  203:2  205:2  207:1  208:1  210:2  212:1  214:1  216:2  220:1  221:1  223:1  225:1  226:1  227:1  230:1  234:1  237:1  239:2  241:1  242:1  247:1  248:1  250:1  253:1  255:1  257:1  261:1  265:1  272:1  312:1  338:1  384:1  507:1  598:1
  short unary avg len: 2.00
1747.446041,8.365690,706.859559
[PASSED]
[time 3.27 s, user 3.06 s, sys 0.19 s, maxrss 241788 KB]
[busy 344 jiffies]
[exit 0]
--- c2 case 3 rec 0   load 0.70 0.77 0.81
[TEST FST]
Processing dataset...
Done!
Building trie...
Done!
build time: 1435.592580 ms (1435.592580 ns per key)
space cost: 12.952020 MB (25.937492% of original size 49.935513 MB)
Querying trie...
Done!
total time: 1213.747724 ms, avg latency: 1213.747724 ns
not implemented
1435.592580,12.952020,1213.747724
[PASSED]
[time 3.46 s, user 3.32 s, sys 0.13 s, maxrss 214980 KB]
[busy 359 jiffies]
[exit 0]
--- c2 case 4 rec 0   load 0.72 0.78 0.81
[TEST COCO]
Processing dataset...
Done!
Building trie...
num nodes = 618926, average depth = 10.757375
ef = 0.000126, pa = 0.112513, bv = 0.000294, de = 0.664175
efr = 0.000805, par = 0.102747, bvr = 0.000005, der = 0.119336
Done!
build time: 31035.435499 ms (31035.435499 ns per key)
space cost: 17.219774 MB (34.484023% of original size 49.935513 MB)
Querying trie...
Done!
total time: 1374.482141 ms, avg latency: 1374.482141 ns
not implemented
31035.435499,17.219774,1374.482141
[PASSED]
[time 34.24 s, user 27.42 s, sys 6.68 s, maxrss 15528324 KB]
[busy 3550 jiffies]
[exit 0]
--- c2 case 5 rec 0   load 0.85 0.80 0.82
[TEST MARISA]
Processing dataset...
Done!
Building trie...
Done!
build time: 1019.297287 ms (1019.297287 ns per key)
space cost: 13.234698 MB (26.503579% of original size 49.935513 MB)
Querying trie...
Done!
total time: 588.722376 ms, avg latency: 588.722376 ns
not implemented
1019.297287,13.234698,588.722376
[PASSED]
[time 2.39 s, user 2.21 s, sys 0.16 s, maxrss 268024 KB]
[busy 252 jiffies]
[exit 0]
--- c2 case 5 rec 1   load 0.86 0.81 0.82
[TEST MARISA]
Processing dataset...
Done!
Building trie...
Done!
build time: 1202.938558 ms (1202.938558 ns per key)
space cost: 8.973619 MB (17.970414% of original size 49.935513 MB)
Querying trie...
Done!
total time: 873.632455 ms, avg latency: 873.632455 ns
not implemented
1202.938558,8.973619,873.632455
[PASSED]
[time 2.86 s, user 2.67 s, sys 0.17 s, maxrss 267928 KB]
[busy 309 jiffies]
[exit 0]
--- c2 case 5 rec 2   load 0.79 0.79 0.82
[TEST MARISA]
Processing dataset...
Done!
Building trie...
Done!
build time: 1259.447449 ms (1259.447449 ns per key)
space cost: 8.005336 MB (16.031348% of original size 49.935513 MB)
Querying trie...
Done!
total time: 1019.162996 ms, avg latency: 1019.162996 ns
not implemented
1259.447449,8.005336,1019.162996
[PASSED]
[time 3.04 s, user 2.87 s, sys 0.16 s, maxrss 267972 KB]
[busy 319 jiffies]
[exit 0]
--- c2 case 6 rec 0   load 0.79 0.79 0.82
[TEST PDT]
Processing dataset...
Done!
Building trie...
dict size: 156062, stream size: 7596722
Done!
build time: 3576.054048 ms (3576.054048 ns per key)
space cost: 8.669690 MB (17.361772% of original size 49.935513 MB)
Querying trie...
Done!
total time: 734.930680 ms, avg latency: 734.930680 ns
not implemented
3576.054048,8.669690,734.930680
[PASSED]
[time 5.09 s, user 4.86 s, sys 0.21 s, maxrss 298768 KB]
[busy 531 jiffies]
[exit 0]
--- c2 case 7 rec 0   load 0.74 0.78 0.81
[TEST ART]
Processing dataset...
Done!
Building trie...
Done!
build time: 318.957553 ms (318.957553 ns per key)
space cost: 32.934517 MB (65.954097% of original size 49.935513 MB)
Querying trie...
Done!
total time: 631.167213 ms, avg latency: 631.167213 ns
not implemented
318.957553,32.934517,631.167213
[PASSED]
[time 1.78 s, user 1.63 s, sys 0.14 s, maxrss 290992 KB]
[busy 190 jiffies]
[exit 0]
--- c2 case 8 rec 0   load 0.74 0.78 0.81
[TEST CART]
Processing dataset...
Done!
Building trie...
Done!
build time: 358.872144 ms (358.872144 ns per key)
space cost: 15.060642 MB (30.160183% of original size 49.935513 MB)
Querying trie...
Done!
total time: 649.877790 ms, avg latency: 649.877790 ns
not implemented
358.872144,15.060642,649.877790
[PASSED]
[time 1.84 s, user 1.68 s, sys 0.14 s, maxrss 278500 KB]
[busy 195 jiffies]
[exit 0]
--- xcdat 7   load 0.76 0.79 0.82
build time: 1184.729694 ms
space cost: 15.639350 MiB (31.319093% of original size 49.935513 MiB)
avg latency: 404.707453 ns
1184.729694,15.639350,404.707453
[time 2.38 s, user 2.20 s, sys 0.17 s, maxrss 231232 KB]
[busy 253 jiffies]
[exit 0]
--- xcdat 8   load 0.76 0.79 0.82
build time: 1141.657017 ms
space cost: 15.165496 MiB (30.370161% of original size 49.935513 MiB)
avg latency: 376.267128 ns
1141.657017,15.165496,376.267128
[time 2.33 s, user 2.16 s, sys 0.15 s, maxrss 230968 KB]
[busy 245 jiffies]
[exit 0]
--- xcdat 15   load 0.78 0.79 0.82
build time: 1171.481223 ms
space cost: 17.302892 MiB (34.650473% of original size 49.935513 MiB)
avg latency: 363.576747 ns
1171.481223,17.302892,363.576747
[time 2.34 s, user 2.18 s, sys 0.15 s, maxrss 231084 KB]
[busy 248 jiffies]
[exit 0]
--- xcdat 16   load 0.80 0.80 0.82
build time: 1141.594159 ms
space cost: 17.859698 MiB (35.765524% of original size 49.935513 MiB)
avg latency: 389.623853 ns
1141.594159,17.859698,389.623853
[time 2.32 s, user 2.14 s, sys 0.16 s, maxrss 230992 KB]
[busy 244 jiffies]
[exit 0]

##### uuid-1000000 (1000000 lines, 37000000 bytes)   round 1/3   2026-09-20T12:01:51+03:00
--- lexindex dict32   load 0.80 0.80 0.82
1000000 keys
lexindex DictIndex block 32: build 229 ms, size 17.741 MiB (18.603 B/key), latency cold 461.1 ns, then mean 457.2 / min 456.9 ns
229.484,17.741351,461.081
[time 2.57 s, user 3.34 s, sys 0.35 s, maxrss 283576 KB]
[busy 390 jiffies]
[exit 0]
--- lexindex dict256   load 0.82 0.80 0.82
1000000 keys
lexindex DictIndex block 256: build 234 ms, size 17.205 MiB (18.040 B/key), latency cold 463.4 ns, then mean 454.3 / min 452.8 ns
234.306,17.204642,463.375
[time 2.57 s, user 3.32 s, sys 0.40 s, maxrss 282492 KB]
[busy 397 jiffies]
[exit 0]
--- lexindex dict1024   load 0.83 0.80 0.82
1000000 keys
lexindex DictIndex block 1024: build 230 ms, size 17.065 MiB (17.894 B/key), latency cold 497.0 ns, then mean 495.7 / min 491.6 ns
230.223,17.064983,496.999
[time 2.72 s, user 3.09 s, sys 0.18 s, maxrss 243308 KB]
[busy 349 jiffies]
[exit 0]
--- lexindex string   load 0.77 0.79 0.82
1000000 keys
lexindex StringIndex: build 2452 ms, size 35.389 MiB (37.108 B/key), latency cold 544.6 ns, then mean 545.8 / min 542.9 ns
2451.727,35.389391,544.558
[time 5.12 s, user 4.98 s, sys 0.12 s, maxrss 198744 KB]
[busy 536 jiffies]
[exit 0]
--- c2 case 0 rec 0   load 0.78 0.79 0.82
[TEST C2-FST]
Processing dataset...
Done!
Building trie...
Done!
build time: 1119.835523 ms (1119.835523 ns per key)
space cost: 22.510774 MB (65.567381% of original size 34.332275 MB)
Querying trie...
Done!
total time: 438.530484 ms, avg latency: 438.530484 ns
topology: 0.773712 MB, link: 3.131501 MB, data: 18.605560 MB
--- Unary Path Analysis (FST, cutoff=4) ---
  shared unary steps in main trie: 13682
  terminal suffixes: inplace=0 (avg len=0.00)  links=1000000 (100.0% of terminal)
  link len: avg=29.32  max=30  total_chars=29323284
  link length distribution (len:count):  24:2  25:10  26:206  28:3376  29:54458  30:556568  31:385380
1119.835523,22.510774,438.530484
[PASSED]
[time 2.26 s, user 2.07 s, sys 0.18 s, maxrss 312256 KB]
[busy 235 jiffies]
[exit 0]
--- c2 case 0 rec 1   load 0.72 0.78 0.81
[TEST C2-FST]
Processing dataset...
Done!
Building trie...
trie size: 4.445807 MB
Done!
build time: 2051.320504 ms (2051.320504 ns per key)
space cost: 22.510774 MB (65.567381% of original size 34.332275 MB)
Querying trie...
Done!
total time: 439.770115 ms, avg latency: 439.770115 ns
topology: 0.773712 MB, link: 3.131501 MB, data: 18.605560 MB
--- Unary Path Analysis (FST, cutoff=4) ---
  shared unary steps in main trie: 13682
  terminal suffixes: inplace=0 (avg len=0.00)  links=1000000 (100.0% of terminal)
  link len: avg=29.32  max=30  total_chars=29323284
  link length distribution (len:count):  24:2  25:10  26:206  28:3376  29:54458  30:556568  31:385380
2051.320504,22.510774,439.770115
[PASSED]
[time 3.18 s, user 2.98 s, sys 0.18 s, maxrss 361956 KB]
[busy 331 jiffies]
[exit 0]
--- c2 case 0 rec 2   load 0.72 0.78 0.81
[TEST C2-FST]
Processing dataset...
Done!
Building trie...
trie size: 4.445807 MB
Done!
build time: 2051.922425 ms (2051.922425 ns per key)
space cost: 22.510774 MB (65.567381% of original size 34.332275 MB)
Querying trie...
Done!
total time: 438.867858 ms, avg latency: 438.867858 ns
topology: 0.773712 MB, link: 3.131501 MB, data: 18.605560 MB
--- Unary Path Analysis (FST, cutoff=4) ---
  shared unary steps in main trie: 13682
  terminal suffixes: inplace=0 (avg len=0.00)  links=1000000 (100.0% of terminal)
  link len: avg=29.32  max=30  total_chars=29323284
  link length distribution (len:count):  24:2  25:10  26:206  28:3376  29:54458  30:556568  31:385380
2051.922425,22.510774,438.867858
[PASSED]
[time 3.18 s, user 2.99 s, sys 0.18 s, maxrss 361988 KB]
[busy 335 jiffies]
[exit 0]
--- c2 case 1 rec 0   load 0.74 0.78 0.81
[TEST C2-CoCo(LOUDS-Sparse)]
Processing dataset...
Done!
Building trie...
Done!
build time: 1477.148466 ms (1477.148466 ns per key)
space cost: 21.333610 MB (62.138642% of original size 34.332275 MB)
Querying trie...
Done!
total time: 503.948890 ms, avg latency: 503.948890 ns
topology: 0.346375 MB, link: 3.293192 MB, data: 17.694043 MB
1477.148466,21.333610,503.948890
[PASSED]
[time 2.68 s, user 2.43 s, sys 0.23 s, maxrss 431024 KB]
[busy 283 jiffies]
[exit 0]
--- c2 case 1 rec 1   load 0.76 0.79 0.82
[TEST C2-CoCo(LOUDS-Sparse)]
Processing dataset...
Done!
Building trie...
trie size: 4.445807 MB
Done!
build time: 2436.954678 ms (2436.954678 ns per key)
space cost: 21.333610 MB (62.138642% of original size 34.332275 MB)
Querying trie...
Done!
total time: 503.174456 ms, avg latency: 503.174456 ns
topology: 0.346375 MB, link: 3.293192 MB, data: 17.694043 MB
2436.954678,21.333610,503.174456
[PASSED]
[time 3.64 s, user 3.35 s, sys 0.28 s, maxrss 474872 KB]
[busy 381 jiffies]
[exit 0]
--- c2 case 1 rec 2   load 0.78 0.79 0.82
[TEST C2-CoCo(LOUDS-Sparse)]
Processing dataset...
Done!
Building trie...
trie size: 4.445807 MB
Done!
build time: 2428.628058 ms (2428.628058 ns per key)
space cost: 21.333610 MB (62.138642% of original size 34.332275 MB)
Querying trie...
Done!
total time: 498.059351 ms, avg latency: 498.059351 ns
topology: 0.346375 MB, link: 3.293192 MB, data: 17.694043 MB
2428.628058,21.333610,498.059351
[PASSED]
[time 3.63 s, user 3.37 s, sys 0.24 s, maxrss 474684 KB]
[busy 381 jiffies]
[exit 0]
--- c2 case 2 rec 0   load 0.88 0.81 0.82
[TEST C2-MARISA]
Processing dataset...
Done!
Building trie...
trie size: 1.966455 MB
Done!
build time: 1025.738273 ms (1025.738273 ns per key)
space cost: 21.883573 MB (63.740525% of original size 34.332275 MB)
Querying trie...
Done!
total time: 368.841832 ms, avg latency: 368.841832 ns
topology: 0.650684 MB, link: 2.984713 MB, data: 18.227668 MB
--- Unary Path Analysis (Marisa, cutoff=3) ---
  branches: 1358149  |  single-char: 345387 (25.4%)  short-unary: 12003 (0.9%)  links: 1000759 (73.7%)
  link len: avg=31.30  max=32  total_chars=31325722
  link length distribution (len:count):  3:655  4:51  5:49  6:4  25:2  26:10  27:206  29:3376  30:54458  31:556568  32:385380
  short unary avg len: 2.00
1025.738273,21.883573,368.841832
[PASSED]
[time 2.09 s, user 1.90 s, sys 0.17 s, maxrss 313444 KB]
[busy 219 jiffies]
[exit 0]
--- c2 case 2 rec 1   load 0.88 0.81 0.82
[TEST C2-MARISA]
Processing dataset...
Done!
Building trie...
trie size: 1.966455 MB
trie size: 4.448333 MB
Done!
build time: 1976.071541 ms (1976.071541 ns per key)
space cost: 21.883573 MB (63.740525% of original size 34.332275 MB)
Querying trie...
Done!
total time: 368.280457 ms, avg latency: 368.280457 ns
topology: 0.650684 MB, link: 2.984713 MB, data: 18.227668 MB
--- Unary Path Analysis (Marisa, cutoff=3) ---
  branches: 1358149  |  single-char: 345387 (25.4%)  short-unary: 12003 (0.9%)  links: 1000759 (73.7%)
  link len: avg=31.30  max=32  total_chars=31325722
  link length distribution (len:count):  3:655  4:51  5:49  6:4  25:2  26:10  27:206  29:3376  30:54458  31:556568  32:385380
  short unary avg len: 2.00
1976.071541,21.883573,368.280457
[PASSED]
[time 3.05 s, user 2.82 s, sys 0.20 s, maxrss 361908 KB]
[busy 319 jiffies]
[exit 0]
--- c2 case 2 rec 2   load 0.89 0.82 0.82
[TEST C2-MARISA]
Processing dataset...
Done!
Building trie...
trie size: 1.966455 MB
trie size: 4.448333 MB
Done!
build time: 1974.329798 ms (1974.329798 ns per key)
space cost: 21.883573 MB (63.740525% of original size 34.332275 MB)
Querying trie...
Done!
total time: 370.399470 ms, avg latency: 370.399470 ns
topology: 0.650684 MB, link: 2.984713 MB, data: 18.227668 MB
--- Unary Path Analysis (Marisa, cutoff=3) ---
  branches: 1358149  |  single-char: 345387 (25.4%)  short-unary: 12003 (0.9%)  links: 1000759 (73.7%)
  link len: avg=31.30  max=32  total_chars=31325722
  link length distribution (len:count):  3:655  4:51  5:49  6:4  25:2  26:10  27:206  29:3376  30:54458  31:556568  32:385380
  short unary avg len: 2.00
1974.329798,21.883573,370.399470
[PASSED]
[time 3.04 s, user 2.83 s, sys 0.19 s, maxrss 361676 KB]
[busy 323 jiffies]
[exit 0]
--- c2 case 3 rec 0   load 0.90 0.82 0.83
[TEST FST]
Processing dataset...
Done!
Building trie...
Done!
build time: 842.408860 ms (842.408860 ns per key)
space cost: 34.505507 MB (100.504572% of original size 34.332275 MB)
Querying trie...
Done!
total time: 470.660134 ms, avg latency: 470.660134 ns
not implemented
842.408860,34.505507,470.660134
[PASSED]
[time 2.01 s, user 1.86 s, sys 0.13 s, maxrss 207668 KB]
[busy 215 jiffies]
[exit 0]
--- c2 case 4 rec 0   load 0.99 0.84 0.83
terminate called after throwing an instance of 'std::bad_alloc'
  what():  std::bad_alloc
timeout: the monitored command dumped core
Command terminated by signal 6
[time 41.83 s, user 29.67 s, sys 11.93 s, maxrss 27994708 KB]
[busy 4363 jiffies]
[exit 134]
--- c2 case 5 rec 0   load 1.13 0.89 0.85
[TEST MARISA]
Processing dataset...
Done!
Building trie...
Done!
build time: 683.054096 ms (683.054096 ns per key)
space cost: 34.975940 MB (101.874808% of original size 34.332275 MB)
Querying trie...
Done!
total time: 534.362615 ms, avg latency: 534.362615 ns
not implemented
683.054096,34.975940,534.362615
[PASSED]
[time 1.92 s, user 1.72 s, sys 0.18 s, maxrss 282412 KB]
[busy 203 jiffies]
[exit 0]
--- c2 case 5 rec 1   load 1.12 0.89 0.85
[TEST MARISA]
Processing dataset...
Done!
Building trie...
Done!
build time: 1047.791904 ms (1047.791904 ns per key)
space cost: 33.974524 MB (98.957975% of original size 34.332275 MB)
Querying trie...
Done!
total time: 802.007233 ms, avg latency: 802.007233 ns
not implemented
1047.791904,33.974524,802.007233
[PASSED]
[time 2.55 s, user 2.37 s, sys 0.17 s, maxrss 251884 KB]
[busy 266 jiffies]
[exit 0]
--- c2 case 5 rec 2   load 1.11 0.90 0.85
[TEST MARISA]
Processing dataset...
Done!
Building trie...
Done!
build time: 1335.790188 ms (1335.790188 ns per key)
space cost: 32.972683 MB (96.039900% of original size 34.332275 MB)
Querying trie...
Done!
total time: 1134.701384 ms, avg latency: 1134.701384 ns
not implemented
1335.790188,32.972683,1134.701384
[PASSED]
[time 3.16 s, user 2.97 s, sys 0.18 s, maxrss 273424 KB]
[busy 330 jiffies]
[exit 0]
--- c2 case 6 rec 0   load 1.11 0.90 0.85
[TEST PDT]
Processing dataset...
Done!
Building trie...
dict size: 166618, stream size: 19935113
Done!
build time: 16833.157865 ms (16833.157865 ns per key)
space cost: 20.446564 MB (59.554933% of original size 34.332275 MB)
Querying trie...
Done!
total time: 747.824254 ms, avg latency: 747.824254 ns
not implemented
16833.157865,20.446564,747.824254
[PASSED]
[time 18.32 s, user 17.79 s, sys 0.45 s, maxrss 648368 KB]
[busy 1898 jiffies]
[exit 0]
--- c2 case 7 rec 0   load 1.08 0.90 0.86
[TEST ART]
Processing dataset...
Done!
Building trie...
Done!
build time: 188.397831 ms (188.397831 ns per key)
space cost: 25.565071 MB (74.463667% of original size 34.332275 MB)
Querying trie...
Done!
total time: 366.263706 ms, avg latency: 366.263706 ns
not implemented
188.397831,25.565071,366.263706
[PASSED]
[time 1.28 s, user 1.14 s, sys 0.13 s, maxrss 225056 KB]
[busy 139 jiffies]
[exit 0]
--- c2 case 8 rec 0   load 1.07 0.91 0.86
[TEST CART]
Processing dataset...
Done!
Building trie...
Done!
build time: 226.344904 ms (226.344904 ns per key)
space cost: 12.300360 MB (35.827394% of original size 34.332275 MB)
Querying trie...
Done!
total time: 369.815543 ms, avg latency: 369.815543 ns
not implemented
226.344904,12.300360,369.815543
[PASSED]
[time 1.31 s, user 1.20 s, sys 0.10 s, maxrss 214924 KB]
[busy 141 jiffies]
[exit 0]
--- xcdat 7   load 1.07 0.91 0.86
build time: 868.397837 ms
space cost: 36.820305 MiB (107.246911% of original size 34.332275 MiB)
avg latency: 353.696135 ns
868.397837,36.820305,353.696135
[time 1.91 s, user 1.76 s, sys 0.13 s, maxrss 231428 KB]
[busy 203 jiffies]
[exit 0]
--- xcdat 8   load 1.14 0.93 0.86
build time: 797.891177 ms
space cost: 36.200803 MiB (105.442481% of original size 34.332275 MiB)
avg latency: 344.806437 ns
797.891177,36.200803,344.806437
[time 1.85 s, user 1.68 s, sys 0.15 s, maxrss 230968 KB]
[busy 194 jiffies]
[exit 0]
--- xcdat 15   load 1.14 0.93 0.86
build time: 814.733914 ms
space cost: 37.074831 MiB (107.988272% of original size 34.332275 MiB)
avg latency: 333.778599 ns
814.733914,37.074831,333.778599
[time 1.84 s, user 1.68 s, sys 0.15 s, maxrss 231004 KB]
[busy 196 jiffies]
[exit 0]
--- xcdat 16   load 1.13 0.93 0.86
build time: 795.811697 ms
space cost: 37.473558 MiB (109.149650% of original size 34.332275 MiB)
avg latency: 348.028162 ns
795.811697,37.473558,348.028162
[time 1.84 s, user 1.68 s, sys 0.15 s, maxrss 231080 KB]
[busy 193 jiffies]
[exit 0]

##### uuid-1000000 (1000000 lines, 37000000 bytes)   round 2/3   2026-09-20T12:04:16+03:00
--- xcdat 16   load 1.13 0.93 0.86
build time: 797.978721 ms
space cost: 37.473558 MiB (109.149650% of original size 34.332275 MiB)
avg latency: 345.713492 ns
797.978721,37.473558,345.713492
[time 1.85 s, user 1.69 s, sys 0.14 s, maxrss 230948 KB]
[busy 193 jiffies]
[exit 0]
--- xcdat 15   load 1.12 0.93 0.87
build time: 817.479122 ms
space cost: 37.074831 MiB (107.988272% of original size 34.332275 MiB)
avg latency: 347.319110 ns
817.479122,37.074831,347.319110
[time 1.86 s, user 1.71 s, sys 0.14 s, maxrss 230988 KB]
[busy 200 jiffies]
[exit 0]
--- xcdat 8   load 1.03 0.91 0.86
build time: 799.860408 ms
space cost: 36.200803 MiB (105.442481% of original size 34.332275 MiB)
avg latency: 344.336143 ns
799.860408,36.200803,344.336143
[time 1.84 s, user 1.70 s, sys 0.13 s, maxrss 230888 KB]
[busy 196 jiffies]
[exit 0]
--- xcdat 7   load 1.03 0.91 0.86
build time: 874.808565 ms
space cost: 36.820305 MiB (107.246911% of original size 34.332275 MiB)
avg latency: 350.736924 ns
874.808565,36.820305,350.736924
[time 1.92 s, user 1.75 s, sys 0.16 s, maxrss 231588 KB]
[busy 203 jiffies]
[exit 0]
--- c2 case 8 rec 0   load 1.03 0.91 0.86
[TEST CART]
Processing dataset...
Done!
Building trie...
Done!
build time: 227.841907 ms (227.841907 ns per key)
space cost: 12.300360 MB (35.827394% of original size 34.332275 MB)
Querying trie...
Done!
total time: 368.832434 ms, avg latency: 368.832434 ns
not implemented
227.841907,12.300360,368.832434
[PASSED]
[time 1.31 s, user 1.19 s, sys 0.11 s, maxrss 214488 KB]
[busy 138 jiffies]
[exit 0]
--- c2 case 7 rec 0   load 1.03 0.91 0.86
[TEST ART]
Processing dataset...
Done!
Building trie...
Done!
build time: 190.852795 ms (190.852795 ns per key)
space cost: 25.565071 MB (74.463667% of original size 34.332275 MB)
Querying trie...
Done!
total time: 365.374736 ms, avg latency: 365.374736 ns
not implemented
190.852795,25.565071,365.374736
[PASSED]
[time 1.28 s, user 1.14 s, sys 0.12 s, maxrss 225276 KB]
[busy 137 jiffies]
[exit 0]
--- c2 case 6 rec 0   load 1.03 0.92 0.86
[TEST PDT]
Processing dataset...
Done!
Building trie...
dict size: 166618, stream size: 19935113
Done!
build time: 16847.292953 ms (16847.292953 ns per key)
space cost: 20.446564 MB (59.554933% of original size 34.332275 MB)
Querying trie...
Done!
total time: 732.387540 ms, avg latency: 732.387540 ns
not implemented
16847.292953,20.446564,732.387540
[PASSED]
[time 18.29 s, user 17.76 s, sys 0.46 s, maxrss 648504 KB]
[busy 1895 jiffies]
[exit 0]
--- c2 case 5 rec 2   load 0.94 0.90 0.86
[TEST MARISA]
Processing dataset...
Done!
Building trie...
Done!
build time: 1346.365325 ms (1346.365325 ns per key)
space cost: 32.972683 MB (96.039900% of original size 34.332275 MB)
Querying trie...
Done!
total time: 1126.432472 ms, avg latency: 1126.432472 ns
not implemented
1346.365325,32.972683,1126.432472
[PASSED]
[time 3.18 s, user 2.98 s, sys 0.18 s, maxrss 273252 KB]
[busy 332 jiffies]
[exit 0]
--- c2 case 5 rec 1   load 0.94 0.90 0.86
[TEST MARISA]
Processing dataset...
Done!
Building trie...
Done!
build time: 1063.656813 ms (1063.656813 ns per key)
space cost: 33.974524 MB (98.957975% of original size 34.332275 MB)
Querying trie...
Done!
total time: 809.833463 ms, avg latency: 809.833463 ns
not implemented
1063.656813,33.974524,809.833463
[PASSED]
[time 2.56 s, user 2.39 s, sys 0.15 s, maxrss 251720 KB]
[busy 270 jiffies]
[exit 0]
--- c2 case 5 rec 0   load 0.94 0.91 0.86
[TEST MARISA]
Processing dataset...
Done!
Building trie...
Done!
build time: 685.200160 ms (685.200160 ns per key)
space cost: 34.975940 MB (101.874808% of original size 34.332275 MB)
Querying trie...
Done!
total time: 537.039496 ms, avg latency: 537.039496 ns
not implemented
685.200160,34.975940,537.039496
[PASSED]
[time 1.93 s, user 1.74 s, sys 0.18 s, maxrss 282376 KB]
[busy 211 jiffies]
[exit 0]
--- c2 case 4 rec 0   skipped: exit 134 in round 1
--- c2 case 3 rec 0   load 0.95 0.91 0.86
[TEST FST]
Processing dataset...
Done!
Building trie...
Done!
build time: 842.480173 ms (842.480173 ns per key)
space cost: 34.505507 MB (100.504572% of original size 34.332275 MB)
Querying trie...
Done!
total time: 464.511056 ms, avg latency: 464.511056 ns
not implemented
842.480173,34.505507,464.511056
[PASSED]
[time 2.01 s, user 1.88 s, sys 0.12 s, maxrss 207864 KB]
[busy 212 jiffies]
[exit 0]
--- c2 case 2 rec 2   load 0.95 0.91 0.86
[TEST C2-MARISA]
Processing dataset...
Done!
Building trie...
trie size: 1.966455 MB
trie size: 4.448333 MB
Done!
build time: 1991.266951 ms (1991.266951 ns per key)
space cost: 21.883573 MB (63.740525% of original size 34.332275 MB)
Querying trie...
Done!
total time: 368.052138 ms, avg latency: 368.052138 ns
topology: 0.650684 MB, link: 2.984713 MB, data: 18.227668 MB
--- Unary Path Analysis (Marisa, cutoff=3) ---
  branches: 1358149  |  single-char: 345387 (25.4%)  short-unary: 12003 (0.9%)  links: 1000759 (73.7%)
  link len: avg=31.30  max=32  total_chars=31325722
  link length distribution (len:count):  3:655  4:51  5:49  6:4  25:2  26:10  27:206  29:3376  30:54458  31:556568  32:385380
  short unary avg len: 2.00
1991.266951,21.883573,368.052138
[PASSED]
[time 3.07 s, user 2.86 s, sys 0.19 s, maxrss 361808 KB]
[busy 322 jiffies]
[exit 0]
--- c2 case 2 rec 1   load 0.95 0.91 0.86
[TEST C2-MARISA]
Processing dataset...
Done!
Building trie...
trie size: 1.966455 MB
trie size: 4.448333 MB
Done!
build time: 1972.140082 ms (1972.140082 ns per key)
space cost: 21.883573 MB (63.740525% of original size 34.332275 MB)
Querying trie...
Done!
total time: 366.454344 ms, avg latency: 366.454344 ns
topology: 0.650684 MB, link: 2.984713 MB, data: 18.227668 MB
--- Unary Path Analysis (Marisa, cutoff=3) ---
  branches: 1358149  |  single-char: 345387 (25.4%)  short-unary: 12003 (0.9%)  links: 1000759 (73.7%)
  link len: avg=31.30  max=32  total_chars=31325722
  link length distribution (len:count):  3:655  4:51  5:49  6:4  25:2  26:10  27:206  29:3376  30:54458  31:556568  32:385380
  short unary avg len: 2.00
1972.140082,21.883573,366.454344
[PASSED]
[time 3.03 s, user 2.82 s, sys 0.19 s, maxrss 361852 KB]
[busy 318 jiffies]
[exit 0]
--- c2 case 2 rec 0   load 0.96 0.91 0.86
[TEST C2-MARISA]
Processing dataset...
Done!
Building trie...
trie size: 1.966455 MB
Done!
build time: 1022.692289 ms (1022.692289 ns per key)
space cost: 21.883573 MB (63.740525% of original size 34.332275 MB)
Querying trie...
Done!
total time: 368.996292 ms, avg latency: 368.996292 ns
topology: 0.650684 MB, link: 2.984713 MB, data: 18.227668 MB
--- Unary Path Analysis (Marisa, cutoff=3) ---
  branches: 1358149  |  single-char: 345387 (25.4%)  short-unary: 12003 (0.9%)  links: 1000759 (73.7%)
  link len: avg=31.30  max=32  total_chars=31325722
  link length distribution (len:count):  3:655  4:51  5:49  6:4  25:2  26:10  27:206  29:3376  30:54458  31:556568  32:385380
  short unary avg len: 2.00
1022.692289,21.883573,368.996292
[PASSED]
[time 2.09 s, user 1.90 s, sys 0.18 s, maxrss 313392 KB]
[busy 220 jiffies]
[exit 0]
--- c2 case 1 rec 2   load 0.88 0.90 0.86
[TEST C2-CoCo(LOUDS-Sparse)]
Processing dataset...
Done!
Building trie...
trie size: 4.445807 MB
Done!
build time: 2422.865087 ms (2422.865087 ns per key)
space cost: 21.333610 MB (62.138642% of original size 34.332275 MB)
Querying trie...
Done!
total time: 510.655907 ms, avg latency: 510.655907 ns
topology: 0.346375 MB, link: 3.293192 MB, data: 17.694043 MB
2422.865087,21.333610,510.655907
[PASSED]
[time 3.63 s, user 3.35 s, sys 0.26 s, maxrss 475092 KB]
[busy 379 jiffies]
[exit 0]
--- c2 case 1 rec 1   load 0.81 0.88 0.85
[TEST C2-CoCo(LOUDS-Sparse)]
Processing dataset...
Done!
Building trie...
trie size: 4.445807 MB
Done!
build time: 2430.892013 ms (2430.892013 ns per key)
space cost: 21.333610 MB (62.138642% of original size 34.332275 MB)
Querying trie...
Done!
total time: 511.682266 ms, avg latency: 511.682266 ns
topology: 0.346375 MB, link: 3.293192 MB, data: 17.694043 MB
2430.892013,21.333610,511.682266
[PASSED]
[time 3.63 s, user 3.37 s, sys 0.25 s, maxrss 475212 KB]
[busy 380 jiffies]
[exit 0]
--- c2 case 1 rec 0   load 0.81 0.88 0.85
[TEST C2-CoCo(LOUDS-Sparse)]
Processing dataset...
Done!
Building trie...
Done!
build time: 1485.664983 ms (1485.664983 ns per key)
space cost: 21.333610 MB (62.138642% of original size 34.332275 MB)
Querying trie...
Done!
total time: 498.062588 ms, avg latency: 498.062588 ns
topology: 0.346375 MB, link: 3.293192 MB, data: 17.694043 MB
1485.664983,21.333610,498.062588
[PASSED]
[time 2.68 s, user 2.45 s, sys 0.22 s, maxrss 431008 KB]
[busy 280 jiffies]
[exit 0]
--- c2 case 0 rec 2   load 0.82 0.88 0.86
[TEST C2-FST]
Processing dataset...
Done!
Building trie...
trie size: 4.445807 MB
Done!
build time: 2066.077951 ms (2066.077951 ns per key)
space cost: 22.510774 MB (65.567381% of original size 34.332275 MB)
Querying trie...
Done!
total time: 447.650496 ms, avg latency: 447.650496 ns
topology: 0.773712 MB, link: 3.131501 MB, data: 18.605560 MB
--- Unary Path Analysis (FST, cutoff=4) ---
  shared unary steps in main trie: 13682
  terminal suffixes: inplace=0 (avg len=0.00)  links=1000000 (100.0% of terminal)
  link len: avg=29.32  max=30  total_chars=29323284
  link length distribution (len:count):  24:2  25:10  26:206  28:3376  29:54458  30:556568  31:385380
2066.077951,22.510774,447.650496
[PASSED]
[time 3.19 s, user 2.99 s, sys 0.18 s, maxrss 361772 KB]
[busy 337 jiffies]
[exit 0]
--- c2 case 0 rec 1   load 0.84 0.89 0.86
[TEST C2-FST]
Processing dataset...
Done!
Building trie...
trie size: 4.445807 MB
Done!
build time: 2066.352648 ms (2066.352648 ns per key)
space cost: 22.510774 MB (65.567381% of original size 34.332275 MB)
Querying trie...
Done!
total time: 449.757476 ms, avg latency: 449.757476 ns
topology: 0.773712 MB, link: 3.131501 MB, data: 18.605560 MB
--- Unary Path Analysis (FST, cutoff=4) ---
  shared unary steps in main trie: 13682
  terminal suffixes: inplace=0 (avg len=0.00)  links=1000000 (100.0% of terminal)
  link len: avg=29.32  max=30  total_chars=29323284
  link length distribution (len:count):  24:2  25:10  26:206  28:3376  29:54458  30:556568  31:385380
2066.352648,22.510774,449.757476
[PASSED]
[time 3.19 s, user 2.98 s, sys 0.19 s, maxrss 361792 KB]
[busy 333 jiffies]
[exit 0]
--- c2 case 0 rec 0   load 0.85 0.89 0.86
[TEST C2-FST]
Processing dataset...
Done!
Building trie...
Done!
build time: 1112.484707 ms (1112.484707 ns per key)
space cost: 22.510774 MB (65.567381% of original size 34.332275 MB)
Querying trie...
Done!
total time: 442.024040 ms, avg latency: 442.024040 ns
topology: 0.773712 MB, link: 3.131501 MB, data: 18.605560 MB
--- Unary Path Analysis (FST, cutoff=4) ---
  shared unary steps in main trie: 13682
  terminal suffixes: inplace=0 (avg len=0.00)  links=1000000 (100.0% of terminal)
  link len: avg=29.32  max=30  total_chars=29323284
  link length distribution (len:count):  24:2  25:10  26:206  28:3376  29:54458  30:556568  31:385380
1112.484707,22.510774,442.024040
[PASSED]
[time 2.26 s, user 2.06 s, sys 0.19 s, maxrss 312204 KB]
[busy 239 jiffies]
[exit 0]
--- lexindex string   load 0.78 0.87 0.85
1000000 keys
lexindex StringIndex: build 2404 ms, size 35.389 MiB (37.108 B/key), latency cold 541.2 ns, then mean 541.4 / min 537.5 ns
2403.675,35.389391,541.207
[time 5.06 s, user 4.92 s, sys 0.11 s, maxrss 198568 KB]
[busy 533 jiffies]
[exit 0]
--- lexindex dict1024   load 0.80 0.87 0.85
1000000 keys
lexindex DictIndex block 1024: build 228 ms, size 17.065 MiB (17.894 B/key), latency cold 493.6 ns, then mean 492.0 / min 491.1 ns
228.078,17.064983,493.580
[time 2.70 s, user 3.06 s, sys 0.19 s, maxrss 243264 KB]
[busy 346 jiffies]
[exit 0]
--- lexindex dict256   load 0.74 0.86 0.85
1000000 keys
lexindex DictIndex block 256: build 231 ms, size 17.205 MiB (18.040 B/key), latency cold 454.6 ns, then mean 452.0 / min 447.8 ns
230.553,17.204642,454.569
[time 2.57 s, user 3.34 s, sys 0.34 s, maxrss 282948 KB]
[busy 387 jiffies]
[exit 0]
--- lexindex dict32   load 0.74 0.86 0.85
1000000 keys
lexindex DictIndex block 32: build 234 ms, size 17.741 MiB (18.603 B/key), latency cold 469.5 ns, then mean 456.3 / min 455.6 ns
233.916,17.741351,469.524
[time 2.58 s, user 3.34 s, sys 0.38 s, maxrss 285104 KB]
[busy 396 jiffies]
[exit 0]

##### urls-1000000 (1000000 lines, 53361181 bytes)   round 2/3   2026-09-20T12:05:58+03:00
--- xcdat 16   load 0.76 0.86 0.85
build time: 1142.939418 ms
space cost: 17.859698 MiB (35.765524% of original size 49.935513 MiB)
avg latency: 390.379753 ns
1142.939418,17.859698,390.379753
[time 2.34 s, user 2.16 s, sys 0.17 s, maxrss 231096 KB]
[busy 249 jiffies]
[exit 0]
--- xcdat 15   load 0.70 0.85 0.85
build time: 1167.352002 ms
space cost: 17.302892 MiB (34.650473% of original size 49.935513 MiB)
avg latency: 368.877900 ns
1167.352002,17.302892,368.877900
[time 2.34 s, user 2.15 s, sys 0.17 s, maxrss 231100 KB]
[busy 248 jiffies]
[exit 0]
--- xcdat 8   load 0.70 0.85 0.85
build time: 1146.297309 ms
space cost: 15.165496 MiB (30.370161% of original size 49.935513 MiB)
avg latency: 381.553965 ns
1146.297309,15.165496,381.553965
[time 2.32 s, user 2.16 s, sys 0.15 s, maxrss 231320 KB]
[busy 246 jiffies]
[exit 0]
--- xcdat 7   load 0.72 0.85 0.85
build time: 1174.394118 ms
space cost: 15.639350 MiB (31.319093% of original size 49.935513 MiB)
avg latency: 408.338918 ns
1174.394118,15.639350,408.338918
[time 2.38 s, user 2.20 s, sys 0.16 s, maxrss 231140 KB]
[busy 251 jiffies]
[exit 0]
--- c2 case 8 rec 0   load 0.66 0.84 0.84
[TEST CART]
Processing dataset...
Done!
Building trie...
Done!
build time: 364.782493 ms (364.782493 ns per key)
space cost: 15.060642 MB (30.160183% of original size 49.935513 MB)
Querying trie...
Done!
total time: 639.381752 ms, avg latency: 639.381752 ns
not implemented
364.782493,15.060642,639.381752
[PASSED]
[time 1.83 s, user 1.66 s, sys 0.15 s, maxrss 278504 KB]
[busy 190 jiffies]
[exit 0]
--- c2 case 7 rec 0   load 0.66 0.84 0.84
[TEST ART]
Processing dataset...
Done!
Building trie...
Done!
build time: 313.449120 ms (313.449120 ns per key)
space cost: 32.934517 MB (65.954097% of original size 49.935513 MB)
Querying trie...
Done!
total time: 607.762342 ms, avg latency: 607.762342 ns
not implemented
313.449120,32.934517,607.762342
[PASSED]
[time 1.75 s, user 1.58 s, sys 0.15 s, maxrss 290784 KB]
[busy 186 jiffies]
[exit 0]
--- c2 case 6 rec 0   load 0.69 0.84 0.84
[TEST PDT]
Processing dataset...
Done!
Building trie...
dict size: 156062, stream size: 7596722
Done!
build time: 3598.104614 ms (3598.104614 ns per key)
space cost: 8.669690 MB (17.361772% of original size 49.935513 MB)
Querying trie...
Done!
total time: 736.271991 ms, avg latency: 736.271991 ns
not implemented
3598.104614,8.669690,736.271991
[PASSED]
[time 5.13 s, user 4.92 s, sys 0.19 s, maxrss 298908 KB]
[busy 532 jiffies]
[exit 0]
--- c2 case 5 rec 2   load 0.72 0.84 0.84
[TEST MARISA]
Processing dataset...
Done!
Building trie...
Done!
build time: 1251.510681 ms (1251.510681 ns per key)
space cost: 8.005336 MB (16.031348% of original size 49.935513 MB)
Querying trie...
Done!
total time: 1022.640211 ms, avg latency: 1022.640211 ns
not implemented
1251.510681,8.005336,1022.640211
[PASSED]
[time 3.04 s, user 2.85 s, sys 0.17 s, maxrss 268044 KB]
[busy 320 jiffies]
[exit 0]
--- c2 case 5 rec 1   load 0.74 0.85 0.84
[TEST MARISA]
Processing dataset...
Done!
Building trie...
Done!
build time: 1200.377876 ms (1200.377876 ns per key)
space cost: 8.973619 MB (17.970414% of original size 49.935513 MB)
Querying trie...
Done!
total time: 896.073935 ms, avg latency: 896.073935 ns
not implemented
1200.377876,8.973619,896.073935
[PASSED]
[time 2.87 s, user 2.68 s, sys 0.17 s, maxrss 268008 KB]
[busy 304 jiffies]
[exit 0]
--- c2 case 5 rec 0   load 0.68 0.83 0.84
[TEST MARISA]
Processing dataset...
Done!
Building trie...
Done!
build time: 1019.038291 ms (1019.038291 ns per key)
space cost: 13.234698 MB (26.503579% of original size 49.935513 MB)
Querying trie...
Done!
total time: 586.406593 ms, avg latency: 586.406593 ns
not implemented
1019.038291,13.234698,586.406593
[PASSED]
[time 2.37 s, user 2.21 s, sys 0.15 s, maxrss 267888 KB]
[busy 248 jiffies]
[exit 0]
--- c2 case 4 rec 0   load 0.68 0.83 0.84
[TEST COCO]
Processing dataset...
Done!
Building trie...
num nodes = 618926, average depth = 10.757375
ef = 0.000126, pa = 0.112513, bv = 0.000294, de = 0.664175
efr = 0.000805, par = 0.102747, bvr = 0.000005, der = 0.119336
Done!
build time: 31210.762024 ms (31210.762024 ns per key)
space cost: 17.219774 MB (34.484023% of original size 49.935513 MB)
Querying trie...
Done!
total time: 1691.988225 ms, avg latency: 1691.988225 ns
not implemented
31210.762024,17.219774,1691.988225
[PASSED]
[time 34.88 s, user 27.99 s, sys 6.72 s, maxrss 15528464 KB]
[busy 3747 jiffies]
[exit 0]
--- c2 case 3 rec 0   load 0.82 0.85 0.85
[TEST FST]
Processing dataset...
Done!
Building trie...
Done!
build time: 1459.334274 ms (1459.334274 ns per key)
space cost: 12.952020 MB (25.937492% of original size 49.935513 MB)
Querying trie...
Done!
total time: 1350.857788 ms, avg latency: 1350.857788 ns
not implemented
1459.334274,12.952020,1350.857788
[PASSED]
[time 3.63 s, user 3.49 s, sys 0.12 s, maxrss 215096 KB]
[busy 493 jiffies]
[exit 0]
--- c2 case 2 rec 2   load 0.84 0.85 0.85
[TEST C2-MARISA]
Processing dataset...
Done!
Building trie...
trie size: 2.244002 MB
trie size: 3.864603 MB
trie size: 1.068947 MB
Done!
build time: 1742.871853 ms (1742.871853 ns per key)
space cost: 8.365690 MB (16.752987% of original size 49.935513 MB)
Querying trie...
Done!
total time: 730.944779 ms, avg latency: 730.944779 ns
topology: 1.410183 MB, link: 3.158367 MB, data: 3.776632 MB
--- Unary Path Analysis (Marisa, cutoff=3) ---
  branches: 1527762  |  single-char: 409800 (26.8%)  short-unary: 94203 (6.2%)  links: 1023759 (67.0%)
  link len: avg=12.97  max=598  total_chars=13282609
  link length distribution (len:count):  3:78091  4:83418  5:77115  6:71727  7:67342  8:60401  9:52007  10:48612  11:43341  12:39688  13:35797  14:31899  15:30173  16:27648  17:26857  18:22212  19:20563  20:21642  21:19617  22:17114  23:14842  24:13684  25:12695  26:11175  27:9829  28:8848  29:7935  30:7132  31:6445  32:5847  33:5055  34:4589  35:4148  36:3637  37:3382  38:3086  39:2567  40:2441  41:2168  42:1886  43:1827  44:1585  45:1405  46:1260  47:1016  48:995  49:861  50:844  51:650  52:616  53:486  54:450  55:392  56:393  57:345  58:266  59:265  60:240  61:230  62:219  63:185  64:166  65:151  66:119  67:125  68:158  69:131  70:105  71:94  72:74  73:75  74:77  75:68  76:66  77:74  78:40  79:49  80:44  81:45  82:43  83:48  84:36  85:31  86:35  87:40  88:19  89:24  90:15  91:18  92:31  93:24  94:20  95:16  96:16  97:16  98:12  99:16  100:14  101:17  102:16  103:2  104:18  105:4  106:3  107:10  108:11  109:9  110:19  111:13  112:7  113:6  114:5  115:3  116:8  117:5  118:6  119:8  120:10  121:11  122:9  123:10  124:8  125:9  126:7  127:5  128:7  129:18  130:5  131:4  132:10  133:3  134:4  135:4  136:4  137:4  138:4  140:2  141:3  142:2  143:2  144:4  145:7  146:1  147:5  148:5  149:1  150:4  151:4  153:1  154:6  155:3  156:1  157:2  158:1  159:1  160:1  162:2  163:1  164:2  165:1  166:1  167:1  168:3  169:3  171:1  175:1  178:2  181:3  183:2  184:1  185:2  189:1  190:3  191:1  192:1  193:1  194:1  195:1  196:2  200:1  203:2  205:2  207:1  208:1  210:2  212:1  214:1  216:2  220:1  221:1  223:1  225:1  226:1  227:1  230:1  234:1  237:1  239:2  241:1  242:1  247:1  248:1  250:1  253:1  255:1  257:1  261:1  265:1  272:1  312:1  338:1  384:1  507:1  598:1
  short unary avg len: 2.00
1742.871853,8.365690,730.944779
[PASSED]
[time 3.27 s, user 3.06 s, sys 0.20 s, maxrss 242296 KB]
[busy 350 jiffies]
[exit 0]
--- c2 case 2 rec 1   load 0.85 0.86 0.85
[TEST C2-MARISA]
Processing dataset...
Done!
Building trie...
trie size: 2.244002 MB
trie size: 3.864603 MB
Done!
build time: 1914.918471 ms (1914.918471 ns per key)
space cost: 8.779989 MB (17.582655% of original size 49.935513 MB)
Querying trie...
Done!
total time: 870.508283 ms, avg latency: 870.508283 ns
topology: 1.217873 MB, link: 3.069385 MB, data: 4.472224 MB
--- Unary Path Analysis (Marisa, cutoff=3) ---
  branches: 1527762  |  single-char: 409800 (26.8%)  short-unary: 94203 (6.2%)  links: 1023759 (67.0%)
  link len: avg=12.97  max=598  total_chars=13282609
  link length distribution (len:count):  3:78091  4:83418  5:77115  6:71727  7:67342  8:60401  9:52007  10:48612  11:43341  12:39688  13:35797  14:31899  15:30173  16:27648  17:26857  18:22212  19:20563  20:21642  21:19617  22:17114  23:14842  24:13684  25:12695  26:11175  27:9829  28:8848  29:7935  30:7132  31:6445  32:5847  33:5055  34:4589  35:4148  36:3637  37:3382  38:3086  39:2567  40:2441  41:2168  42:1886  43:1827  44:1585  45:1405  46:1260  47:1016  48:995  49:861  50:844  51:650  52:616  53:486  54:450  55:392  56:393  57:345  58:266  59:265  60:240  61:230  62:219  63:185  64:166  65:151  66:119  67:125  68:158  69:131  70:105  71:94  72:74  73:75  74:77  75:68  76:66  77:74  78:40  79:49  80:44  81:45  82:43  83:48  84:36  85:31  86:35  87:40  88:19  89:24  90:15  91:18  92:31  93:24  94:20  95:16  96:16  97:16  98:12  99:16  100:14  101:17  102:16  103:2  104:18  105:4  106:3  107:10  108:11  109:9  110:19  111:13  112:7  113:6  114:5  115:3  116:8  117:5  118:6  119:8  120:10  121:11  122:9  123:10  124:8  125:9  126:7  127:5  128:7  129:18  130:5  131:4  132:10  133:3  134:4  135:4  136:4  137:4  138:4  140:2  141:3  142:2  143:2  144:4  145:7  146:1  147:5  148:5  149:1  150:4  151:4  153:1  154:6  155:3  156:1  157:2  158:1  159:1  160:1  162:2  163:1  164:2  165:1  166:1  167:1  168:3  169:3  171:1  175:1  178:2  181:3  183:2  184:1  185:2  189:1  190:3  191:1  192:1  193:1  194:1  195:1  196:2  200:1  203:2  205:2  207:1  208:1  210:2  212:1  214:1  216:2  220:1  221:1  223:1  225:1  226:1  227:1  230:1  234:1  237:1  239:2  241:1  242:1  247:1  248:1  250:1  253:1  255:1  257:1  261:1  265:1  272:1  312:1  338:1  384:1  507:1  598:1
  short unary avg len: 2.00
1914.918471,8.779989,870.508283
[PASSED]
[time 3.74 s, user 3.50 s, sys 0.21 s, maxrss 242076 KB]
[busy 647 jiffies]
[exit 0]
--- c2 case 2 rec 0   load 1.18 0.93 0.87
[TEST C2-MARISA]
Processing dataset...
Done!
Building trie...
trie size: 2.244002 MB
Done!
build time: 1443.753860 ms (1443.753860 ns per key)
space cost: 10.960715 MB (21.949740% of original size 49.935513 MB)
Querying trie...
Done!
total time: 655.548799 ms, avg latency: 655.548799 ns
topology: 0.743214 MB, link: 2.809175 MB, data: 7.387818 MB
--- Unary Path Analysis (Marisa, cutoff=3) ---
  branches: 1527762  |  single-char: 409800 (26.8%)  short-unary: 94203 (6.2%)  links: 1023759 (67.0%)
  link len: avg=12.97  max=598  total_chars=13282609
  link length distribution (len:count):  3:78091  4:83418  5:77115  6:71727  7:67342  8:60401  9:52007  10:48612  11:43341  12:39688  13:35797  14:31899  15:30173  16:27648  17:26857  18:22212  19:20563  20:21642  21:19617  22:17114  23:14842  24:13684  25:12695  26:11175  27:9829  28:8848  29:7935  30:7132  31:6445  32:5847  33:5055  34:4589  35:4148  36:3637  37:3382  38:3086  39:2567  40:2441  41:2168  42:1886  43:1827  44:1585  45:1405  46:1260  47:1016  48:995  49:861  50:844  51:650  52:616  53:486  54:450  55:392  56:393  57:345  58:266  59:265  60:240  61:230  62:219  63:185  64:166  65:151  66:119  67:125  68:158  69:131  70:105  71:94  72:74  73:75  74:77  75:68  76:66  77:74  78:40  79:49  80:44  81:45  82:43  83:48  84:36  85:31  86:35  87:40  88:19  89:24  90:15  91:18  92:31  93:24  94:20  95:16  96:16  97:16  98:12  99:16  100:14  101:17  102:16  103:2  104:18  105:4  106:3  107:10  108:11  109:9  110:19  111:13  112:7  113:6  114:5  115:3  116:8  117:5  118:6  119:8  120:10  121:11  122:9  123:10  124:8  125:9  126:7  127:5  128:7  129:18  130:5  131:4  132:10  133:3  134:4  135:4  136:4  137:4  138:4  140:2  141:3  142:2  143:2  144:4  145:7  146:1  147:5  148:5  149:1  150:4  151:4  153:1  154:6  155:3  156:1  157:2  158:1  159:1  160:1  162:2  163:1  164:2  165:1  166:1  167:1  168:3  169:3  171:1  175:1  178:2  181:3  183:2  184:1  185:2  189:1  190:3  191:1  192:1  193:1  194:1  195:1  196:2  200:1  203:2  205:2  207:1  208:1  210:2  212:1  214:1  216:2  220:1  221:1  223:1  225:1  226:1  227:1  230:1  234:1  237:1  239:2  241:1  242:1  247:1  248:1  250:1  253:1  255:1  257:1  261:1  265:1  272:1  312:1  338:1  384:1  507:1  598:1
  short unary avg len: 2.00
1443.753860,10.960715,655.548799
[PASSED]
[time 3.06 s, user 2.84 s, sys 0.19 s, maxrss 246876 KB]
[busy 538 jiffies]
[exit 0]
--- c2 case 1 rec 2   load 1.17 0.93 0.87
[TEST C2-CoCo(LOUDS-Sparse)]
Processing dataset...
Done!
Building trie...
trie size: 3.124794 MB
trie size: 0.926831 MB
Done!
build time: 3455.755493 ms (3455.755493 ns per key)
space cost: 10.138867 MB (20.303920% of original size 49.935513 MB)
Querying trie...
Done!
total time: 1410.947188 ms, avg latency: 1410.947188 ns
topology: 0.827824 MB, link: 3.419642 MB, data: 5.891401 MB
3455.755493,10.138867,1410.947188
[PASSED]
[time 5.82 s, user 5.54 s, sys 0.25 s, maxrss 398112 KB]
[busy 1016 jiffies]
[exit 0]
--- c2 case 1 rec 1   load 1.31 0.96 0.88
[TEST C2-CoCo(LOUDS-Sparse)]
Processing dataset...
Done!
Building trie...
trie size: 3.124794 MB
Done!
build time: 3069.437293 ms (3069.437293 ns per key)
space cost: 10.138867 MB (20.303920% of original size 49.935513 MB)
Querying trie...
Done!
total time: 1100.071686 ms, avg latency: 1100.071686 ns
topology: 0.827824 MB, link: 3.419642 MB, data: 5.891401 MB
3069.437293,10.138867,1100.071686
[PASSED]
[time 5.05 s, user 4.77 s, sys 0.25 s, maxrss 397996 KB]
[busy 752 jiffies]
[exit 0]
--- c2 case 1 rec 0   load 1.35 0.98 0.89
[TEST C2-CoCo(LOUDS-Sparse)]
Processing dataset...
Done!
Building trie...
Done!
build time: 2636.666103 ms (2636.666103 ns per key)
space cost: 12.005466 MB (24.041940% of original size 49.935513 MB)
Querying trie...
Done!
total time: 907.293071 ms, avg latency: 907.293071 ns
topology: 0.422745 MB, link: 3.209543 MB, data: 8.373178 MB
2636.666103,12.005466,907.293071
[PASSED]
[time 4.32 s, user 4.07 s, sys 0.23 s, maxrss 408020 KB]
[busy 522 jiffies]
[exit 0]
--- c2 case 0 rec 2   load 1.40 1.00 0.90
[TEST C2-FST]
Processing dataset...
Done!
Building trie...
trie size: 3.124794 MB
trie size: 0.926831 MB
Done!
build time: 1695.065078 ms (1695.065078 ns per key)
space cost: 9.773470 MB (19.572183% of original size 49.935513 MB)
Querying trie...
Done!
total time: 962.512709 ms, avg latency: 962.512709 ns
topology: 1.480076 MB, link: 2.557474 MB, data: 5.735920 MB
--- Unary Path Analysis (FST, cutoff=4) ---
  shared unary steps in main trie: 711966
  terminal suffixes: inplace=143732 (avg len=2.14)  links=800966 (84.8% of terminal)
  link len: avg=13.15  max=596  total_chars=10531952
  link length distribution (len:count):  4:63058  5:62039  6:59659  7:54131  8:47449  9:44821  10:40952  11:37727  12:34320  13:30594  14:29226  15:26885  16:26206  17:21450  18:19914  19:21120  20:19131  21:16702  22:14529  23:13405  24:12440  25:10970  26:9615  27:8669  28:7752  29:7002  30:6267  31:5704  32:4931  33:4493  34:4087  35:3562  36:3323  37:3007  38:2533  39:2401  40:2145  41:1856  42:1793  43:1565  44:1379  45:1246  46:1005  47:985  48:849  49:826  50:642  51:609  52:482  53:442  54:385  55:389  56:339  57:263  58:263  59:238  60:228  61:217  62:184  63:166  64:151  65:119  66:125  67:156  68:131  69:105  70:94  71:74  72:74  73:77  74:67  75:66  76:74  77:39  78:49  79:44  80:45  81:42  82:48  83:36  84:31  85:34  86:39  87:18  88:23  89:15  90:18  91:31  92:24  93:20  94:16  95:16  96:16  97:12  98:16  99:14  100:17  101:16  102:2  103:18  104:4  105:3  106:10  107:11  108:9  109:19  110:13  111:7  112:6  113:5  114:3  115:8  116:5  117:6  118:7  119:10  120:11  121:9  122:10  123:8  124:9  125:7  126:5  127:7  128:18  129:5  130:4  131:10  132:3  133:4  134:4  135:4  136:3  137:4  139:2  140:3  141:2  142:2  143:4  144:7  145:1  146:5  147:5  148:1  149:4  150:4  152:1  153:6  154:3  155:1  156:2  157:1  158:1  159:1  161:2  162:1  163:2  164:1  165:1  166:1  167:3  168:3  170:1  174:1  177:2  180:3  182:2  183:1  184:2  188:1  189:3  190:1  191:1  192:1  193:1  194:1  195:2  199:1  202:2  204:2  206:1  207:1  209:2  211:1  213:1  215:2  219:1  220:1  222:1  224:1  225:1  226:1  229:1  233:1  236:1  238:2  240:1  241:1  246:1  247:1  249:1  252:1  254:1  256:1  260:1  264:1  271:1  311:1  337:1  383:1  506:1  597:1
1695.065078,9.773470,962.512709
[PASSED]
[time 3.46 s, user 3.28 s, sys 0.16 s, maxrss 228200 KB]
[busy 366 jiffies]
[exit 0]
--- c2 case 0 rec 1   load 1.29 0.98 0.89
[TEST C2-FST]
Processing dataset...
Done!
Building trie...
trie size: 3.124794 MB
Done!
build time: 1562.275525 ms (1562.275525 ns per key)
space cost: 9.773470 MB (19.572183% of original size 49.935513 MB)
Querying trie...
Done!
total time: 978.011940 ms, avg latency: 978.011940 ns
topology: 1.480076 MB, link: 2.557474 MB, data: 5.735920 MB
--- Unary Path Analysis (FST, cutoff=4) ---
  shared unary steps in main trie: 711966
  terminal suffixes: inplace=143732 (avg len=2.14)  links=800966 (84.8% of terminal)
  link len: avg=13.15  max=596  total_chars=10531952
  link length distribution (len:count):  4:63058  5:62039  6:59659  7:54131  8:47449  9:44821  10:40952  11:37727  12:34320  13:30594  14:29226  15:26885  16:26206  17:21450  18:19914  19:21120  20:19131  21:16702  22:14529  23:13405  24:12440  25:10970  26:9615  27:8669  28:7752  29:7002  30:6267  31:5704  32:4931  33:4493  34:4087  35:3562  36:3323  37:3007  38:2533  39:2401  40:2145  41:1856  42:1793  43:1565  44:1379  45:1246  46:1005  47:985  48:849  49:826  50:642  51:609  52:482  53:442  54:385  55:389  56:339  57:263  58:263  59:238  60:228  61:217  62:184  63:166  64:151  65:119  66:125  67:156  68:131  69:105  70:94  71:74  72:74  73:77  74:67  75:66  76:74  77:39  78:49  79:44  80:45  81:42  82:48  83:36  84:31  85:34  86:39  87:18  88:23  89:15  90:18  91:31  92:24  93:20  94:16  95:16  96:16  97:12  98:16  99:14  100:17  101:16  102:2  103:18  104:4  105:3  106:10  107:11  108:9  109:19  110:13  111:7  112:6  113:5  114:3  115:8  116:5  117:6  118:7  119:10  120:11  121:9  122:10  123:8  124:9  125:7  126:5  127:7  128:18  129:5  130:4  131:10  132:3  133:4  134:4  135:4  136:3  137:4  139:2  140:3  141:2  142:2  143:4  144:7  145:1  146:5  147:5  148:1  149:4  150:4  152:1  153:6  154:3  155:1  156:2  157:1  158:1  159:1  161:2  162:1  163:2  164:1  165:1  166:1  167:3  168:3  170:1  174:1  177:2  180:3  182:2  183:1  184:2  188:1  189:3  190:1  191:1  192:1  193:1  194:1  195:2  199:1  202:2  204:2  206:1  207:1  209:2  211:1  213:1  215:2  219:1  220:1  222:1  224:1  225:1  226:1  229:1  233:1  236:1  238:2  240:1  241:1  246:1  247:1  249:1  252:1  254:1  256:1  260:1  264:1  271:1  311:1  337:1  383:1  506:1  597:1
1562.275525,9.773470,978.011940
[PASSED]
[time 3.35 s, user 3.15 s, sys 0.18 s, maxrss 228180 KB]
[busy 352 jiffies]
[exit 0]
--- c2 case 0 rec 0   load 1.29 0.98 0.89
[TEST C2-FST]
Processing dataset...
Done!
Building trie...
Done!
build time: 1260.049360 ms (1260.049360 ns per key)
space cost: 11.640069 MB (23.310202% of original size 49.935513 MB)
Querying trie...
Done!
total time: 804.166220 ms, avg latency: 804.166220 ns
topology: 1.074997 MB, link: 2.347375 MB, data: 8.217697 MB
--- Unary Path Analysis (FST, cutoff=4) ---
  shared unary steps in main trie: 711966
  terminal suffixes: inplace=143732 (avg len=2.14)  links=800966 (84.8% of terminal)
  link len: avg=13.15  max=596  total_chars=10531952
  link length distribution (len:count):  4:63058  5:62039  6:59659  7:54131  8:47449  9:44821  10:40952  11:37727  12:34320  13:30594  14:29226  15:26885  16:26206  17:21450  18:19914  19:21120  20:19131  21:16702  22:14529  23:13405  24:12440  25:10970  26:9615  27:8669  28:7752  29:7002  30:6267  31:5704  32:4931  33:4493  34:4087  35:3562  36:3323  37:3007  38:2533  39:2401  40:2145  41:1856  42:1793  43:1565  44:1379  45:1246  46:1005  47:985  48:849  49:826  50:642  51:609  52:482  53:442  54:385  55:389  56:339  57:263  58:263  59:238  60:228  61:217  62:184  63:166  64:151  65:119  66:125  67:156  68:131  69:105  70:94  71:74  72:74  73:77  74:67  75:66  76:74  77:39  78:49  79:44  80:45  81:42  82:48  83:36  84:31  85:34  86:39  87:18  88:23  89:15  90:18  91:31  92:24  93:20  94:16  95:16  96:16  97:12  98:16  99:14  100:17  101:16  102:2  103:18  104:4  105:3  106:10  107:11  108:9  109:19  110:13  111:7  112:6  113:5  114:3  115:8  116:5  117:6  118:7  119:10  120:11  121:9  122:10  123:8  124:9  125:7  126:5  127:7  128:18  129:5  130:4  131:10  132:3  133:4  134:4  135:4  136:3  137:4  139:2  140:3  141:2  142:2  143:4  144:7  145:1  146:5  147:5  148:1  149:4  150:4  152:1  153:6  154:3  155:1  156:2  157:1  158:1  159:1  161:2  162:1  163:2  164:1  165:1  166:1  167:3  168:3  170:1  174:1  177:2  180:3  182:2  183:1  184:2  188:1  189:3  190:1  191:1  192:1  193:1  194:1  195:2  199:1  202:2  204:2  206:1  207:1  209:2  211:1  213:1  215:2  219:1  220:1  222:1  224:1  225:1  226:1  229:1  233:1  236:1  238:2  240:1  241:1  246:1  247:1  249:1  252:1  254:1  256:1  260:1  264:1  271:1  311:1  337:1  383:1  506:1  597:1
1260.049360,11.640069,804.166220
[PASSED]
[time 2.86 s, user 2.66 s, sys 0.18 s, maxrss 231484 KB]
[busy 314 jiffies]
[exit 0]
--- lexindex string   load 1.26 0.98 0.89
1000000 keys
lexindex StringIndex: build 1128 ms, size 16.099 MiB (16.881 B/key), latency cold 657.6 ns, then mean 772.9 / min 748.6 ns
1128.445,16.099341,657.596
[time 4.69 s, user 4.49 s, sys 0.13 s, maxrss 219640 KB]
[busy 585 jiffies]
[exit 0]
--- lexindex dict1024   load 1.24 0.98 0.89
1000000 keys
lexindex DictIndex block 1024: build 491 ms, size 6.934 MiB (7.271 B/key), latency cold 703.9 ns, then mean 551.3 / min 549.3 ns
491.416,6.934203,703.911
[time 3.55 s, user 5.28 s, sys 0.35 s, maxrss 328844 KB]
[busy 648 jiffies]
[exit 0]
--- lexindex dict256   load 1.70 1.08 0.93
1000000 keys
lexindex DictIndex block 256: build 415 ms, size 7.163 MiB (7.511 B/key), latency cold 505.2 ns, then mean 547.4 / min 528.4 ns
415.482,7.163084,505.249
[time 3.19 s, user 5.65 s, sys 0.35 s, maxrss 320388 KB]
[busy 706 jiffies]
[exit 0]
--- lexindex dict32   load 1.89 1.13 0.94
1000000 keys
lexindex DictIndex block 32: build 416 ms, size 8.414 MiB (8.823 B/key), latency cold 492.2 ns, then mean 506.4 / min 488.3 ns
416.296,8.414411,492.178
[time 3.06 s, user 5.45 s, sys 0.35 s, maxrss 325020 KB]
[busy 657 jiffies]
[exit 0]

##### titles-zh-1000000 (1000000 lines, 17871822 bytes)   round 2/3   2026-09-20T12:08:18+03:00
--- xcdat 16   load 1.82 1.13 0.94
build time: 529.551933 ms
space cost: 13.463712 MiB (83.676351% of original size 16.090223 MiB)
avg latency: 249.819725 ns
529.551933,13.463712,249.819725
[time 1.32 s, user 1.21 s, sys 0.10 s, maxrss 149236 KB]
[busy 162 jiffies]
[exit 0]
--- xcdat 15   load 1.82 1.13 0.94
build time: 543.610717 ms
space cost: 12.949578 MiB (80.481035% of original size 16.090223 MiB)
avg latency: 224.593762 ns
543.610717,12.949578,224.593762
[time 1.29 s, user 1.19 s, sys 0.09 s, maxrss 148436 KB]
[busy 153 jiffies]
[exit 0]
--- xcdat 8   load 1.75 1.13 0.94
build time: 593.950703 ms
space cost: 11.129195 MiB (69.167438% of original size 16.090223 MiB)
avg latency: 219.563007 ns
593.950703,11.129195,219.563007
[time 1.35 s, user 1.24 s, sys 0.10 s, maxrss 147740 KB]
[busy 219 jiffies]
[exit 0]
--- xcdat 7   load 1.75 1.13 0.94
build time: 549.484507 ms
space cost: 11.666194 MiB (72.504860% of original size 16.090223 MiB)
avg latency: 221.197118 ns
549.484507,11.666194,221.197118
[time 1.29 s, user 1.19 s, sys 0.09 s, maxrss 148080 KB]
[busy 149 jiffies]
[exit 0]
--- c2 case 8 rec 0   load 1.69 1.12 0.95
[TEST CART]
Processing dataset...
Done!
Building trie...
Done!
build time: 189.463584 ms (189.463584 ns per key)
space cost: 15.100161 MB (93.846806% of original size 16.090223 MB)
Querying trie...
Done!
total time: 457.216997 ms, avg latency: 457.216997 ns
not implemented
189.463584,15.100161,457.216997
[PASSED]
[time 1.19 s, user 1.09 s, sys 0.09 s, maxrss 147044 KB]
[busy 153 jiffies]
[exit 0]
--- c2 case 7 rec 0   load 1.69 1.12 0.95
[TEST ART]
Processing dataset...
Done!
Building trie...
Done!
build time: 157.130533 ms (157.130533 ns per key)
space cost: 33.565483 MB (208.607938% of original size 16.090223 MB)
Querying trie...
Done!
total time: 440.743144 ms, avg latency: 440.743144 ns
not implemented
157.130533,33.565483,440.743144
[PASSED]
[time 1.21 s, user 1.10 s, sys 0.10 s, maxrss 155844 KB]
[busy 207 jiffies]
[exit 0]
--- c2 case 6 rec 0   load 1.55 1.10 0.94
[TEST PDT]
Processing dataset...
Done!
Building trie...
dict size: 161960, stream size: 6363323
Done!
build time: 3822.737389 ms (3822.737389 ns per key)
space cost: 7.499054 MB (46.606276% of original size 16.090223 MB)
Querying trie...
Done!
total time: 782.002293 ms, avg latency: 782.002293 ns
not implemented
3822.737389,7.499054,782.002293
[PASSED]
[time 5.18 s, user 5.04 s, sys 0.11 s, maxrss 166512 KB]
[busy 1040 jiffies]
[exit 0]
--- c2 case 5 rec 2   load 1.75 1.15 0.96
[TEST MARISA]
Processing dataset...
Done!
Building trie...
Done!
build time: 814.535189 ms (814.535189 ns per key)
space cost: 6.233802 MB (38.742793% of original size 16.090223 MB)
Querying trie...
Done!
total time: 995.665541 ms, avg latency: 995.665541 ns
not implemented
814.535189,6.233802,995.665541
[PASSED]
[time 2.41 s, user 2.27 s, sys 0.12 s, maxrss 182080 KB]
[busy 432 jiffies]
[exit 0]
--- c2 case 5 rec 1   load 1.61 1.13 0.95
[TEST MARISA]
Processing dataset...
Done!
Building trie...
Done!
build time: 774.263427 ms (774.263427 ns per key)
space cost: 6.703102 MB (41.659472% of original size 16.090223 MB)
Querying trie...
Done!
total time: 831.153855 ms, avg latency: 831.153855 ns
not implemented
774.263427,6.703102,831.153855
[PASSED]
[time 2.20 s, user 2.05 s, sys 0.13 s, maxrss 182372 KB]
[busy 377 jiffies]
[exit 0]
--- c2 case 5 rec 0   load 1.61 1.13 0.95
[TEST MARISA]
Processing dataset...
Done!
Building trie...
Done!
build time: 541.197531 ms (541.197531 ns per key)
space cost: 9.064179 MB (56.333459% of original size 16.090223 MB)
Querying trie...
Done!
total time: 466.531834 ms, avg latency: 466.531834 ns
not implemented
541.197531,9.064179,466.531834
[PASSED]
[time 1.51 s, user 1.37 s, sys 0.12 s, maxrss 182204 KB]
[busy 163 jiffies]
[exit 0]
--- c2 case 4 rec 0   skipped: exit 134 in round 1
--- c2 case 3 rec 0   load 1.56 1.13 0.95
[TEST FST]
Processing dataset...
Done!
Building trie...
Done!
build time: 663.626632 ms (663.626632 ns per key)
space cost: 9.251146 MB (57.495450% of original size 16.090223 MB)
Querying trie...
Done!
total time: 623.148020 ms, avg latency: 623.148020 ns
not implemented
663.626632,9.251146,623.148020
[PASSED]
[time 1.80 s, user 1.71 s, sys 0.08 s, maxrss 110920 KB]
[busy 208 jiffies]
[exit 0]
--- c2 case 2 rec 2   load 1.56 1.13 0.95
[TEST C2-MARISA]
Processing dataset...
Done!
Building trie...
trie size: 2.376703 MB
trie size: 3.200656 MB
trie size: 0.643222 MB
Done!
build time: 1009.551560 ms (1009.551560 ns per key)
space cost: 7.215687 MB (44.845163% of original size 16.090223 MB)
Querying trie...
Done!
total time: 286.939463 ms, avg latency: 286.939463 ns
topology: 1.146584 MB, link: 2.476871 MB, data: 3.571725 MB
--- Unary Path Analysis (Marisa, cutoff=3) ---
  branches: 1581104  |  single-char: 512959 (32.4%)  short-unary: 177539 (11.2%)  links: 890606 (56.3%)
  link len: avg=9.57  max=221  total_chars=8521548
  link length distribution (len:count):  3:117743  4:70413  5:118917  6:85174  7:37680  8:75877  9:57977  10:30193  11:47337  12:41279  13:18765  14:27062  15:25994  16:13620  17:18901  18:18001  19:8082  20:11948  21:10483  22:5017  23:8072  24:6695  25:3249  26:5099  27:4017  28:2164  29:3054  30:2749  31:1341  32:2116  33:1821  34:942  35:1314  36:1256  37:587  38:865  39:798  40:341  41:600  42:486  43:231  44:401  45:290  46:126  47:187  48:184  49:84  50:123  51:115  52:56  53:77  54:82  55:43  56:74  57:60  58:29  59:35  60:27  61:10  62:32  63:19  64:19  65:20  66:11  67:19  68:16  69:13  70:6  71:14  72:16  73:6  74:9  75:5  76:5  77:7  78:5  79:2  80:17  81:2  82:7  83:8  84:7  85:3  86:7  87:7  88:3  89:3  90:2  91:4  92:3  93:3  94:1  95:1  96:4  97:5  98:1  99:4  102:2  103:1  104:1  105:1  107:2  108:1  113:2  114:1  116:1  117:1  121:1  122:1  123:1  125:1  131:1  139:1  149:1  152:1  156:2  185:1  189:1  205:1  221:1
  short unary avg len: 2.00
1009.551560,7.215687,286.939463
[PASSED]
[time 1.79 s, user 1.63 s, sys 0.14 s, maxrss 216164 KB]
[busy 193 jiffies]
[exit 0]
--- c2 case 2 rec 1   load 1.52 1.13 0.95
[TEST C2-MARISA]
Processing dataset...
Done!
Building trie...
trie size: 2.376703 MB
trie size: 3.200656 MB
Done!
build time: 951.125225 ms (951.125225 ns per key)
space cost: 7.215687 MB (44.845163% of original size 16.090223 MB)
Querying trie...
Done!
total time: 292.894486 ms, avg latency: 292.894486 ns
topology: 1.146584 MB, link: 2.476871 MB, data: 3.571725 MB
--- Unary Path Analysis (Marisa, cutoff=3) ---
  branches: 1581104  |  single-char: 512959 (32.4%)  short-unary: 177539 (11.2%)  links: 890606 (56.3%)
  link len: avg=9.57  max=221  total_chars=8521548
  link length distribution (len:count):  3:117743  4:70413  5:118917  6:85174  7:37680  8:75877  9:57977  10:30193  11:47337  12:41279  13:18765  14:27062  15:25994  16:13620  17:18901  18:18001  19:8082  20:11948  21:10483  22:5017  23:8072  24:6695  25:3249  26:5099  27:4017  28:2164  29:3054  30:2749  31:1341  32:2116  33:1821  34:942  35:1314  36:1256  37:587  38:865  39:798  40:341  41:600  42:486  43:231  44:401  45:290  46:126  47:187  48:184  49:84  50:123  51:115  52:56  53:77  54:82  55:43  56:74  57:60  58:29  59:35  60:27  61:10  62:32  63:19  64:19  65:20  66:11  67:19  68:16  69:13  70:6  71:14  72:16  73:6  74:9  75:5  76:5  77:7  78:5  79:2  80:17  81:2  82:7  83:8  84:7  85:3  86:7  87:7  88:3  89:3  90:2  91:4  92:3  93:3  94:1  95:1  96:4  97:5  98:1  99:4  102:2  103:1  104:1  105:1  107:2  108:1  113:2  114:1  116:1  117:1  121:1  122:1  123:1  125:1  131:1  139:1  149:1  152:1  156:2  185:1  189:1  205:1  221:1
  short unary avg len: 2.00
951.125225,7.215687,292.894486
[PASSED]
[time 1.75 s, user 1.60 s, sys 0.14 s, maxrss 216472 KB]
[busy 190 jiffies]
[exit 0]
--- c2 case 2 rec 0   load 1.52 1.13 0.95
[TEST C2-MARISA]
Processing dataset...
Done!
Building trie...
trie size: 2.376703 MB
Done!
build time: 733.979292 ms (733.979292 ns per key)
space cost: 9.316646 MB (57.902525% of original size 16.090223 MB)
Querying trie...
Done!
total time: 325.807998 ms, avg latency: 325.807998 ns
topology: 0.787403 MB, link: 2.444094 MB, data: 6.064641 MB
--- Unary Path Analysis (Marisa, cutoff=3) ---
  branches: 1581104  |  single-char: 512959 (32.4%)  short-unary: 177539 (11.2%)  links: 890606 (56.3%)
  link len: avg=9.57  max=221  total_chars=8521548
  link length distribution (len:count):  3:117743  4:70413  5:118917  6:85174  7:37680  8:75877  9:57977  10:30193  11:47337  12:41279  13:18765  14:27062  15:25994  16:13620  17:18901  18:18001  19:8082  20:11948  21:10483  22:5017  23:8072  24:6695  25:3249  26:5099  27:4017  28:2164  29:3054  30:2749  31:1341  32:2116  33:1821  34:942  35:1314  36:1256  37:587  38:865  39:798  40:341  41:600  42:486  43:231  44:401  45:290  46:126  47:187  48:184  49:84  50:123  51:115  52:56  53:77  54:82  55:43  56:74  57:60  58:29  59:35  60:27  61:10  62:32  63:19  64:19  65:20  66:11  67:19  68:16  69:13  70:6  71:14  72:16  73:6  74:9  75:5  76:5  77:7  78:5  79:2  80:17  81:2  82:7  83:8  84:7  85:3  86:7  87:7  88:3  89:3  90:2  91:4  92:3  93:3  94:1  95:1  96:4  97:5  98:1  99:4  102:2  103:1  104:1  105:1  107:2  108:1  113:2  114:1  116:1  117:1  121:1  122:1  123:1  125:1  131:1  139:1  149:1  152:1  156:2  185:1  189:1  205:1  221:1
  short unary avg len: 2.00
733.979292,9.316646,325.807998
[PASSED]
[time 1.54 s, user 1.40 s, sys 0.13 s, maxrss 216112 KB]
[busy 164 jiffies]
[exit 0]
--- c2 case 1 rec 2   load 1.47 1.13 0.95
[TEST C2-CoCo(LOUDS-Sparse)]
Processing dataset...
Done!
Building trie...
trie size: 2.382156 MB
trie size: 0.519189 MB
Done!
build time: 1877.118034 ms (1877.118034 ns per key)
space cost: 8.575588 MB (53.296888% of original size 16.090223 MB)
Querying trie...
Done!
total time: 639.366954 ms, avg latency: 639.366954 ns
topology: 0.704411 MB, link: 2.913508 MB, data: 4.957669 MB
1877.118034,8.575588,639.366954
[PASSED]
[time 3.02 s, user 2.81 s, sys 0.19 s, maxrss 343736 KB]
[busy 319 jiffies]
[exit 0]
--- c2 case 1 rec 1   load 1.44 1.12 0.95
[TEST C2-CoCo(LOUDS-Sparse)]
Processing dataset...
Done!
Building trie...
trie size: 2.382156 MB
Done!
build time: 1827.528669 ms (1827.528669 ns per key)
space cost: 8.575588 MB (53.296888% of original size 16.090223 MB)
Querying trie...
Done!
total time: 640.949388 ms, avg latency: 640.949388 ns
topology: 0.704411 MB, link: 2.913508 MB, data: 4.957669 MB
1827.528669,8.575588,640.949388
[PASSED]
[time 2.97 s, user 2.76 s, sys 0.20 s, maxrss 343576 KB]
[busy 315 jiffies]
[exit 0]
--- c2 case 1 rec 0   load 1.32 1.10 0.95
[TEST C2-CoCo(LOUDS-Sparse)]
Processing dataset...
Done!
Building trie...
Done!
build time: 1682.307551 ms (1682.307551 ns per key)
space cost: 10.076944 MB (62.627748% of original size 16.090223 MB)
Querying trie...
Done!
total time: 691.745311 ms, avg latency: 691.745311 ns
topology: 0.428116 MB, link: 2.771456 MB, data: 6.877373 MB
1682.307551,10.076944,691.745311
[PASSED]
[time 2.89 s, user 2.66 s, sys 0.21 s, maxrss 343764 KB]
[busy 330 jiffies]
[exit 0]
--- c2 case 0 rec 2   load 1.32 1.10 0.95
[TEST C2-FST]
Processing dataset...
Done!
Building trie...
trie size: 2.382156 MB
trie size: 0.519189 MB
Done!
build time: 1093.916939 ms (1093.916939 ns per key)
space cost: 7.814046 MB (48.563937% of original size 16.090223 MB)
Querying trie...
Done!
total time: 551.769152 ms, avg latency: 551.769152 ns
topology: 1.289776 MB, link: 2.002253 MB, data: 4.522017 MB
--- Unary Path Analysis (FST, cutoff=4) ---
  shared unary steps in main trie: 533155
  terminal suffixes: inplace=237541 (avg len=1.85)  links=651614 (73.3% of terminal)
  link len: avg=9.49  max=219  total_chars=6184530
  link length distribution (len:count):  4:101787  5:75109  6:33236  7:70197  8:54797  9:28682  10:45020  11:39800  12:18111  13:26128  14:25316  15:13287  16:18412  17:17629  18:7811  19:11663  20:10322  21:4897  22:7909  23:6587  24:3201  25:5027  26:3953  27:2124  28:3009  29:2707  30:1318  31:2090  32:1807  33:932  34:1302  35:1246  36:576  37:856  38:792  39:335  40:596  41:485  42:228  43:398  44:289  45:126  46:187  47:184  48:83  49:123  50:115  51:56  52:76  53:79  54:43  55:73  56:58  57:28  58:35  59:27  60:9  61:32  62:19  63:18  64:20  65:11  66:19  67:16  68:13  69:6  70:14  71:16  72:6  73:9  74:5  75:5  76:7  77:5  78:2  79:17  80:2  81:7  82:8  83:7  84:3  85:7  86:7  87:3  88:3  89:2  90:4  91:3  92:3  93:1  94:1  95:3  96:5  97:1  98:4  101:2  102:1  103:1  104:1  106:2  107:1  112:2  113:1  115:1  116:1  120:1  121:1  122:1  124:1  130:1  138:1  148:1  151:1  155:2  184:1  188:1  204:1  220:1
1093.916939,7.814046,551.769152
[PASSED]
[time 2.17 s, user 2.04 s, sys 0.12 s, maxrss 186292 KB]
[busy 301 jiffies]
[exit 0]
--- c2 case 0 rec 1   load 1.29 1.10 0.95
[TEST C2-FST]
Processing dataset...
Done!
Building trie...
trie size: 2.382156 MB
Done!
build time: 835.226620 ms (835.226620 ns per key)
space cost: 7.814046 MB (48.563937% of original size 16.090223 MB)
Querying trie...
Done!
total time: 432.398840 ms, avg latency: 432.398840 ns
topology: 1.289776 MB, link: 2.002253 MB, data: 4.522017 MB
--- Unary Path Analysis (FST, cutoff=4) ---
  shared unary steps in main trie: 533155
  terminal suffixes: inplace=237541 (avg len=1.85)  links=651614 (73.3% of terminal)
  link len: avg=9.49  max=219  total_chars=6184530
  link length distribution (len:count):  4:101787  5:75109  6:33236  7:70197  8:54797  9:28682  10:45020  11:39800  12:18111  13:26128  14:25316  15:13287  16:18412  17:17629  18:7811  19:11663  20:10322  21:4897  22:7909  23:6587  24:3201  25:5027  26:3953  27:2124  28:3009  29:2707  30:1318  31:2090  32:1807  33:932  34:1302  35:1246  36:576  37:856  38:792  39:335  40:596  41:485  42:228  43:398  44:289  45:126  46:187  47:184  48:83  49:123  50:115  51:56  52:76  53:79  54:43  55:73  56:58  57:28  58:35  59:27  60:9  61:32  62:19  63:18  64:20  65:11  66:19  67:16  68:13  69:6  70:14  71:16  72:6  73:9  74:5  75:5  76:7  77:5  78:2  79:17  80:2  81:7  82:8  83:7  84:3  85:7  86:7  87:3  88:3  89:2  90:4  91:3  92:3  93:1  94:1  95:3  96:5  97:1  98:4  101:2  102:1  103:1  104:1  106:2  107:1  112:2  113:1  115:1  116:1  120:1  121:1  122:1  124:1  130:1  138:1  148:1  151:1  155:2  184:1  188:1  204:1  220:1
835.226620,7.814046,432.398840
[PASSED]
[time 1.76 s, user 1.64 s, sys 0.11 s, maxrss 186120 KB]
[busy 185 jiffies]
[exit 0]
--- c2 case 0 rec 0   load 1.19 1.08 0.94
[TEST C2-FST]
Processing dataset...
Done!
Building trie...
Done!
build time: 666.987779 ms (666.987779 ns per key)
space cost: 9.315402 MB (57.894796% of original size 16.090223 MB)
Querying trie...
Done!
total time: 425.462333 ms, avg latency: 425.462333 ns
topology: 1.013481 MB, link: 1.860200 MB, data: 6.441721 MB
--- Unary Path Analysis (FST, cutoff=4) ---
  shared unary steps in main trie: 533155
  terminal suffixes: inplace=237541 (avg len=1.85)  links=651614 (73.3% of terminal)
  link len: avg=9.49  max=219  total_chars=6184530
  link length distribution (len:count):  4:101787  5:75109  6:33236  7:70197  8:54797  9:28682  10:45020  11:39800  12:18111  13:26128  14:25316  15:13287  16:18412  17:17629  18:7811  19:11663  20:10322  21:4897  22:7909  23:6587  24:3201  25:5027  26:3953  27:2124  28:3009  29:2707  30:1318  31:2090  32:1807  33:932  34:1302  35:1246  36:576  37:856  38:792  39:335  40:596  41:485  42:228  43:398  44:289  45:126  46:187  47:184  48:83  49:123  50:115  51:56  52:76  53:79  54:43  55:73  56:58  57:28  58:35  59:27  60:9  61:32  62:19  63:18  64:20  65:11  66:19  67:16  68:13  69:6  70:14  71:16  72:6  73:9  74:5  75:5  76:7  77:5  78:2  79:17  80:2  81:7  82:8  83:7  84:3  85:7  86:7  87:3  88:3  89:2  90:4  91:3  92:3  93:1  94:1  95:3  96:5  97:1  98:4  101:2  102:1  103:1  104:1  106:2  107:1  112:2  113:1  115:1  116:1  120:1  121:1  122:1  124:1  130:1  138:1  148:1  151:1  155:2  184:1  188:1  204:1  220:1
666.987779,9.315402,425.462333
[PASSED]
[time 1.58 s, user 1.45 s, sys 0.12 s, maxrss 186224 KB]
[busy 167 jiffies]
[exit 0]
--- lexindex string   load 1.19 1.08 0.94
1000000 keys
lexindex StringIndex: build 775 ms, size 16.712 MiB (17.523 B/key), latency cold 377.6 ns, then mean 381.8 / min 374.1 ns
775.421,16.711605,377.594
[time 2.79 s, user 2.69 s, sys 0.08 s, maxrss 152192 KB]
[busy 296 jiffies]
[exit 0]
--- lexindex dict1024   load 1.18 1.08 0.94
1000000 keys
lexindex DictIndex block 1024: build 330 ms, size 5.834 MiB (6.117 B/key), latency cold 477.6 ns, then mean 474.4 / min 473.0 ns
329.715,5.833808,477.600
[time 2.74 s, user 3.84 s, sys 0.22 s, maxrss 246652 KB]
[busy 429 jiffies]
[exit 0]
--- lexindex dict256   load 1.08 1.06 0.94
1000000 keys
lexindex DictIndex block 256: build 305 ms, size 5.979 MiB (6.270 B/key), latency cold 400.2 ns, then mean 395.7 / min 394.9 ns
305.419,5.979468,400.211
[time 2.40 s, user 4.23 s, sys 0.28 s, maxrss 252752 KB]
[busy 472 jiffies]
[exit 0]
--- lexindex dict32   load 1.08 1.06 0.94
1000000 keys
lexindex DictIndex block 32: build 300 ms, size 6.304 MiB (6.610 B/key), latency cold 359.4 ns, then mean 360.5 / min 359.3 ns
299.863,6.303927,359.422
[time 2.26 s, user 4.03 s, sys 0.27 s, maxrss 253164 KB]
[busy 455 jiffies]
[exit 0]

##### titles-ru-1000000 (1000000 lines, 36819661 bytes)   round 2/3   2026-09-20T12:09:33+03:00
--- xcdat 16   load 1.07 1.06 0.94
build time: 782.280195 ms
space cost: 22.860906 MiB (66.922456% of original size 34.160291 MiB)
avg latency: 379.799247 ns
782.280195,22.860906,379.799247
[time 1.89 s, user 1.71 s, sys 0.16 s, maxrss 213068 KB]
[busy 199 jiffies]
[exit 0]
--- xcdat 15   load 1.07 1.06 0.94
build time: 823.893929 ms
space cost: 22.013930 MiB (64.443041% of original size 34.160291 MiB)
avg latency: 367.874484 ns
823.893929,22.013930,367.874484
[time 1.90 s, user 1.73 s, sys 0.16 s, maxrss 213552 KB]
[busy 200 jiffies]
[exit 0]
--- xcdat 8   load 1.07 1.06 0.94
build time: 775.232769 ms
space cost: 18.486019 MiB (54.115521% of original size 34.160291 MiB)
avg latency: 383.087948 ns
775.232769,18.486019,383.087948
[time 1.88 s, user 1.71 s, sys 0.15 s, maxrss 207284 KB]
[busy 199 jiffies]
[exit 0]
--- xcdat 7   load 0.98 1.04 0.93
build time: 827.851047 ms
space cost: 18.793670 MiB (55.016129% of original size 34.160291 MiB)
avg latency: 392.698762 ns
827.851047,18.793670,392.698762
[time 1.94 s, user 1.79 s, sys 0.14 s, maxrss 206736 KB]
[busy 202 jiffies]
[exit 0]
--- c2 case 8 rec 0   load 0.98 1.04 0.93
[TEST CART]
Processing dataset...
Done!
Building trie...
Done!
build time: 294.075747 ms (294.075747 ns per key)
space cost: 17.935776 MB (52.504752% of original size 34.160291 MB)
Querying trie...
Done!
total time: 645.609377 ms, avg latency: 645.609377 ns
not implemented
294.075747,17.935776,645.609377
[PASSED]
[time 1.67 s, user 1.54 s, sys 0.12 s, maxrss 228240 KB]
[busy 179 jiffies]
[exit 0]
--- c2 case 7 rec 0   load 0.98 1.04 0.93
[TEST ART]
Processing dataset...
Done!
Building trie...
Done!
build time: 232.773827 ms (232.773827 ns per key)
space cost: 37.032776 MB (108.408843% of original size 34.160291 MB)
Querying trie...
Done!
total time: 584.630385 ms, avg latency: 584.630385 ns
not implemented
232.773827,37.032776,584.630385
[PASSED]
[time 1.55 s, user 1.41 s, sys 0.13 s, maxrss 239096 KB]
[busy 163 jiffies]
[exit 0]
--- c2 case 6 rec 0   load 0.98 1.04 0.93
[TEST PDT]
Processing dataset...
Done!
Building trie...
dict size: 149058, stream size: 8676288
Done!
build time: 2772.210023 ms (2772.210023 ns per key)
space cost: 9.692565 MB (28.373778% of original size 34.160291 MB)
Querying trie...
Done!
total time: 787.078022 ms, avg latency: 787.078022 ns
not implemented
2772.210023,9.692565,787.078022
[PASSED]
[time 4.27 s, user 4.04 s, sys 0.21 s, maxrss 238348 KB]
[busy 456 jiffies]
[exit 0]
--- c2 case 5 rec 2   load 0.98 1.04 0.93
[TEST MARISA]
Processing dataset...
Done!
Building trie...
Done!
build time: 1002.919064 ms (1002.919064 ns per key)
space cost: 8.209226 MB (24.031487% of original size 34.160291 MB)
Querying trie...
Done!
total time: 1236.069910 ms, avg latency: 1236.069910 ns
not implemented
1002.919064,8.209226,1236.069910
[PASSED]
[time 2.95 s, user 2.76 s, sys 0.17 s, maxrss 231128 KB]
[busy 308 jiffies]
[exit 0]
--- c2 case 5 rec 1   load 0.99 1.04 0.93
[TEST MARISA]
Processing dataset...
Done!
Building trie...
Done!
build time: 963.292645 ms (963.292645 ns per key)
space cost: 9.445531 MB (27.650616% of original size 34.160291 MB)
Querying trie...
Done!
total time: 1085.449674 ms, avg latency: 1085.449674 ns
not implemented
963.292645,9.445531,1085.449674
[PASSED]
[time 2.75 s, user 2.58 s, sys 0.15 s, maxrss 231204 KB]
[busy 288 jiffies]
[exit 0]
--- c2 case 5 rec 0   load 0.99 1.04 0.94
[TEST MARISA]
Processing dataset...
Done!
Building trie...
Done!
build time: 760.373480 ms (760.373480 ns per key)
space cost: 14.925114 MB (43.691413% of original size 34.160291 MB)
Querying trie...
Done!
total time: 700.073455 ms, avg latency: 700.073455 ns
not implemented
760.373480,14.925114,700.073455
[PASSED]
[time 2.17 s, user 2.01 s, sys 0.14 s, maxrss 231068 KB]
[busy 229 jiffies]
[exit 0]
--- c2 case 4 rec 0   skipped: exit 134 in round 1
--- c2 case 3 rec 0   load 0.91 1.02 0.93
[TEST FST]
Processing dataset...
Done!
Building trie...
Done!
build time: 1146.757864 ms (1146.757864 ns per key)
space cost: 15.406425 MB (45.100393% of original size 34.160291 MB)
Querying trie...
Done!
total time: 1214.354736 ms, avg latency: 1214.354736 ns
not implemented
1146.757864,15.406425,1214.354736
[PASSED]
[time 3.07 s, user 2.96 s, sys 0.10 s, maxrss 177164 KB]
[busy 317 jiffies]
[exit 0]
--- c2 case 2 rec 2   load 0.91 1.02 0.93
[TEST C2-MARISA]
Processing dataset...
Done!
Building trie...
trie size: 2.484302 MB
trie size: 4.015308 MB
trie size: 1.015766 MB
Done!
build time: 1767.835533 ms (1767.835533 ns per key)
space cost: 8.714260 MB (25.509912% of original size 34.160291 MB)
Querying trie...
Done!
total time: 381.918911 ms, avg latency: 381.918911 ns
topology: 1.481594 MB, link: 3.266720 MB, data: 3.945438 MB
--- Unary Path Analysis (Marisa, cutoff=3) ---
  branches: 1657128  |  single-char: 447774 (27.0%)  short-unary: 128432 (7.8%)  links: 1080922 (65.2%)
  link len: avg=17.77  max=240  total_chars=19212544
  link length distribution (len:count):  3:87321  4:48292  5:58975  6:36358  7:58121  8:33015  9:59626  10:32247  11:55687  12:30072  13:49121  14:27545  15:39628  16:26319  17:32373  18:20972  19:27510  20:17247  21:17760  22:15297  23:13707  24:14933  25:12396  26:15583  27:11863  28:17395  29:11704  30:17896  31:12395  32:17216  33:11862  34:15819  35:11459  36:13046  37:10194  38:10344  39:8104  40:8139  41:6769  42:6000  43:5033  44:5077  45:3963  46:3720  47:3456  48:2871  49:2663  50:2321  51:2168  52:1981  53:1813  54:1693  55:1597  56:1488  57:1344  58:1172  59:1122  60:1025  61:904  62:871  63:814  64:834  65:767  66:626  67:663  68:607  69:568  70:524  71:545  72:489  73:428  74:436  75:441  76:375  77:319  78:357  79:299  80:304  81:282  82:274  83:213  84:203  85:208  86:189  87:193  88:179  89:159  90:153  91:146  92:153  93:110  94:115  95:107  96:113  97:98  98:81  99:92  100:91  101:100  102:69  103:62  104:60  105:53  106:53  107:55  108:63  109:50  110:63  111:44  112:45  113:43  114:49  115:38  116:32  117:45  118:31  119:36  120:28  121:37  122:28  123:24  124:20  125:19  126:32  127:29  128:26  129:15  130:19  131:30  132:11  133:22  134:9  135:11  136:14  137:18  138:15  139:6  140:8  141:14  142:16  143:8  144:10  145:14  146:12  147:8  148:11  149:7  150:9  151:6  152:12  153:9  154:13  155:7  156:5  157:6  158:3  159:8  160:4  161:7  162:11  163:6  164:11  165:3  166:5  167:7  168:4  169:5  170:6  171:3  172:4  173:3  174:9  175:4  176:1  177:4  178:5  179:7  180:4  181:4  182:2  183:6  184:7  185:4  186:2  187:3  188:2  189:2  191:1  192:1  193:3  194:3  195:2  197:2  198:2  199:4  201:1  203:1  206:2  208:2  209:1  211:2  213:2  214:1  218:2  219:2  221:1  223:1  229:2  235:1  240:1
  short unary avg len: 2.00
1767.835533,8.714260,381.918911
[PASSED]
[time 2.86 s, user 2.69 s, sys 0.16 s, maxrss 227284 KB]
[busy 301 jiffies]
[exit 0]
--- c2 case 2 rec 1   load 0.92 1.02 0.93
[TEST C2-MARISA]
Processing dataset...
Done!
Building trie...
trie size: 2.484302 MB
trie size: 4.015308 MB
Done!
build time: 1634.460370 ms (1634.460370 ns per key)
space cost: 9.221785 MB (26.995627% of original size 34.160291 MB)
Querying trie...
Done!
total time: 389.534424 ms, avg latency: 389.534424 ns
topology: 1.302711 MB, link: 3.189349 MB, data: 4.709216 MB
--- Unary Path Analysis (Marisa, cutoff=3) ---
  branches: 1657128  |  single-char: 447774 (27.0%)  short-unary: 128432 (7.8%)  links: 1080922 (65.2%)
  link len: avg=17.77  max=240  total_chars=19212544
  link length distribution (len:count):  3:87321  4:48292  5:58975  6:36358  7:58121  8:33015  9:59626  10:32247  11:55687  12:30072  13:49121  14:27545  15:39628  16:26319  17:32373  18:20972  19:27510  20:17247  21:17760  22:15297  23:13707  24:14933  25:12396  26:15583  27:11863  28:17395  29:11704  30:17896  31:12395  32:17216  33:11862  34:15819  35:11459  36:13046  37:10194  38:10344  39:8104  40:8139  41:6769  42:6000  43:5033  44:5077  45:3963  46:3720  47:3456  48:2871  49:2663  50:2321  51:2168  52:1981  53:1813  54:1693  55:1597  56:1488  57:1344  58:1172  59:1122  60:1025  61:904  62:871  63:814  64:834  65:767  66:626  67:663  68:607  69:568  70:524  71:545  72:489  73:428  74:436  75:441  76:375  77:319  78:357  79:299  80:304  81:282  82:274  83:213  84:203  85:208  86:189  87:193  88:179  89:159  90:153  91:146  92:153  93:110  94:115  95:107  96:113  97:98  98:81  99:92  100:91  101:100  102:69  103:62  104:60  105:53  106:53  107:55  108:63  109:50  110:63  111:44  112:45  113:43  114:49  115:38  116:32  117:45  118:31  119:36  120:28  121:37  122:28  123:24  124:20  125:19  126:32  127:29  128:26  129:15  130:19  131:30  132:11  133:22  134:9  135:11  136:14  137:18  138:15  139:6  140:8  141:14  142:16  143:8  144:10  145:14  146:12  147:8  148:11  149:7  150:9  151:6  152:12  153:9  154:13  155:7  156:5  157:6  158:3  159:8  160:4  161:7  162:11  163:6  164:11  165:3  166:5  167:7  168:4  169:5  170:6  171:3  172:4  173:3  174:9  175:4  176:1  177:4  178:5  179:7  180:4  181:4  182:2  183:6  184:7  185:4  186:2  187:3  188:2  189:2  191:1  192:1  193:3  194:3  195:2  197:2  198:2  199:4  201:1  203:1  206:2  208:2  209:1  211:2  213:2  214:1  218:2  219:2  221:1  223:1  229:2  235:1  240:1
  short unary avg len: 2.00
1634.460370,9.221785,389.534424
[PASSED]
[time 2.75 s, user 2.56 s, sys 0.18 s, maxrss 227276 KB]
[busy 286 jiffies]
[exit 0]
--- c2 case 2 rec 0   load 0.92 1.02 0.93
[TEST C2-MARISA]
Processing dataset...
Done!
Building trie...
trie size: 2.484302 MB
Done!
build time: 1228.012416 ms (1228.012416 ns per key)
space cost: 12.012337 MB (35.164621% of original size 34.160291 MB)
Querying trie...
Done!
total time: 542.123542 ms, avg latency: 542.123542 ns
topology: 0.823292 MB, link: 2.965906 MB, data: 8.202631 MB
--- Unary Path Analysis (Marisa, cutoff=3) ---
  branches: 1657128  |  single-char: 447774 (27.0%)  short-unary: 128432 (7.8%)  links: 1080922 (65.2%)
  link len: avg=17.77  max=240  total_chars=19212544
  link length distribution (len:count):  3:87321  4:48292  5:58975  6:36358  7:58121  8:33015  9:59626  10:32247  11:55687  12:30072  13:49121  14:27545  15:39628  16:26319  17:32373  18:20972  19:27510  20:17247  21:17760  22:15297  23:13707  24:14933  25:12396  26:15583  27:11863  28:17395  29:11704  30:17896  31:12395  32:17216  33:11862  34:15819  35:11459  36:13046  37:10194  38:10344  39:8104  40:8139  41:6769  42:6000  43:5033  44:5077  45:3963  46:3720  47:3456  48:2871  49:2663  50:2321  51:2168  52:1981  53:1813  54:1693  55:1597  56:1488  57:1344  58:1172  59:1122  60:1025  61:904  62:871  63:814  64:834  65:767  66:626  67:663  68:607  69:568  70:524  71:545  72:489  73:428  74:436  75:441  76:375  77:319  78:357  79:299  80:304  81:282  82:274  83:213  84:203  85:208  86:189  87:193  88:179  89:159  90:153  91:146  92:153  93:110  94:115  95:107  96:113  97:98  98:81  99:92  100:91  101:100  102:69  103:62  104:60  105:53  106:53  107:55  108:63  109:50  110:63  111:44  112:45  113:43  114:49  115:38  116:32  117:45  118:31  119:36  120:28  121:37  122:28  123:24  124:20  125:19  126:32  127:29  128:26  129:15  130:19  131:30  132:11  133:22  134:9  135:11  136:14  137:18  138:15  139:6  140:8  141:14  142:16  143:8  144:10  145:14  146:12  147:8  148:11  149:7  150:9  151:6  152:12  153:9  154:13  155:7  156:5  157:6  158:3  159:8  160:4  161:7  162:11  163:6  164:11  165:3  166:5  167:7  168:4  169:5  170:6  171:3  172:4  173:3  174:9  175:4  176:1  177:4  178:5  179:7  180:4  181:4  182:2  183:6  184:7  185:4  186:2  187:3  188:2  189:2  191:1  192:1  193:3  194:3  195:2  197:2  198:2  199:4  201:1  203:1  206:2  208:2  209:1  211:2  213:2  214:1  218:2  219:2  221:1  223:1  229:2  235:1  240:1
  short unary avg len: 2.00
1228.012416,12.012337,542.123542
[PASSED]
[time 2.48 s, user 2.31 s, sys 0.16 s, maxrss 243400 KB]
[busy 262 jiffies]
[exit 0]
--- c2 case 1 rec 2   load 0.85 1.00 0.93
[TEST C2-CoCo(LOUDS-Sparse)]
Processing dataset...
Done!
Building trie...
trie size: 3.233313 MB
trie size: 0.910584 MB
Done!
build time: 4004.090398 ms (4004.090398 ns per key)
space cost: 12.113895 MB (35.461921% of original size 34.160291 MB)
Querying trie...
Done!
total time: 1012.718022 ms, avg latency: 1012.718022 ns
topology: 0.884426 MB, link: 4.023585 MB, data: 7.205884 MB
4004.090398,12.113895,1012.718022
[PASSED]
[time 5.73 s, user 5.46 s, sys 0.24 s, maxrss 432432 KB]
[busy 592 jiffies]
[exit 0]
--- c2 case 1 rec 1   load 0.86 1.00 0.93
[TEST C2-CoCo(LOUDS-Sparse)]
Processing dataset...
Done!
Building trie...
trie size: 3.233313 MB
Done!
build time: 3860.070939 ms (3860.070939 ns per key)
space cost: 12.113895 MB (35.461921% of original size 34.160291 MB)
Querying trie...
Done!
total time: 1034.757185 ms, avg latency: 1034.757185 ns
topology: 0.884426 MB, link: 4.023585 MB, data: 7.205884 MB
3860.070939,12.113895,1034.757185
[PASSED]
[time 5.61 s, user 5.35 s, sys 0.24 s, maxrss 432556 KB]
[busy 581 jiffies]
[exit 0]
--- c2 case 1 rec 0   load 0.87 1.00 0.93
[TEST C2-CoCo(LOUDS-Sparse)]
Processing dataset...
Done!
Building trie...
Done!
build time: 3561.481118 ms (3561.481118 ns per key)
space cost: 14.618523 MB (42.793905% of original size 34.160291 MB)
Querying trie...
Done!
total time: 1004.172480 ms, avg latency: 1004.172480 ns
topology: 0.472511 MB, link: 3.816133 MB, data: 10.329878 MB
3561.481118,14.618523,1004.172480
[PASSED]
[time 5.27 s, user 5.00 s, sys 0.24 s, maxrss 445900 KB]
[busy 543 jiffies]
[exit 0]
--- c2 case 0 rec 2   load 0.81 0.99 0.92
[TEST C2-FST]
Processing dataset...
Done!
Building trie...
trie size: 3.233313 MB
trie size: 0.910584 MB
Done!
build time: 1808.485947 ms (1808.485947 ns per key)
space cost: 10.950089 MB (32.055021% of original size 34.160291 MB)
Querying trie...
Done!
total time: 734.080592 ms, avg latency: 734.080592 ns
topology: 1.728611 MB, link: 2.656099 MB, data: 6.565378 MB
--- Unary Path Analysis (FST, cutoff=4) ---
  shared unary steps in main trie: 1444849
  terminal suffixes: inplace=70261 (avg len=2.02)  links=837902 (92.3% of terminal)
  link len: avg=18.90  max=238  total_chars=15835418
  link length distribution (len:count):  4:38002  5:25136  6:46678  7:25626  8:51081  9:27061  10:49555  11:26346  12:44099  13:24737  14:35638  15:24081  16:29538  17:19279  18:25434  19:16078  20:16463  21:14405  22:12877  23:14367  24:11738  25:15079  26:11391  27:16946  28:11354  29:17411  30:12058  31:16873  32:11600  33:15555  34:11210  35:12790  36:9994  37:10106  38:7923  39:7962  40:6648  41:5829  42:4930  43:4945  44:3895  45:3528  46:3382  47:2749  48:2598  49:2269  50:2117  51:1901  52:1753  53:1665  54:1553  55:1449  56:1305  57:1145  58:1092  59:1004  60:875  61:848  62:788  63:815  64:741  65:605  66:640  67:594  68:554  69:512  70:530  71:482  72:415  73:428  74:424  75:368  76:310  77:349  78:289  79:299  80:274  81:267  82:209  83:198  84:204  85:187  86:188  87:169  88:154  89:148  90:143  91:149  92:108  93:110  94:105  95:111  96:95  97:79  98:91  99:85  100:98  101:68  102:61  103:57  104:50  105:52  106:54  107:61  108:50  109:62  110:44  111:43  112:42  113:44  114:37  115:29  116:42  117:29  118:35  119:28  120:37  121:28  122:24  123:19  124:19  125:31  126:29  127:26  128:15  129:19  130:30  131:11  132:22  133:9  134:11  135:14  136:17  137:15  138:6  139:7  140:14  141:16  142:8  143:9  144:14  145:12  146:8  147:11  148:7  149:9  150:6  151:12  152:9  153:13  154:7  155:5  156:6  157:3  158:8  159:4  160:7  161:11  162:5  163:11  164:3  165:5  166:7  167:4  168:4  169:6  170:3  171:4  172:3  173:9  174:4  175:1  176:4  177:5  178:6  179:4  180:4  181:2  182:6  183:7  184:4  185:2  186:3  187:2  188:2  190:1  191:1  192:3  193:3  194:2  196:2  197:2  198:4  200:1  202:1  205:2  207:2  208:1  210:2  212:2  213:1  217:2  218:2  220:1  222:1  228:2  234:1  239:1
1808.485947,10.950089,734.080592
[PASSED]
[time 3.27 s, user 3.11 s, sys 0.14 s, maxrss 215284 KB]
[busy 340 jiffies]
[exit 0]
--- c2 case 0 rec 1   load 0.81 0.99 0.92
[TEST C2-FST]
Processing dataset...
Done!
Building trie...
trie size: 3.233313 MB
Done!
build time: 1646.818898 ms (1646.818898 ns per key)
space cost: 10.950089 MB (32.055021% of original size 34.160291 MB)
Querying trie...
Done!
total time: 751.112364 ms, avg latency: 751.112364 ns
topology: 1.728611 MB, link: 2.656099 MB, data: 6.565378 MB
--- Unary Path Analysis (FST, cutoff=4) ---
  shared unary steps in main trie: 1444849
  terminal suffixes: inplace=70261 (avg len=2.02)  links=837902 (92.3% of terminal)
  link len: avg=18.90  max=238  total_chars=15835418
  link length distribution (len:count):  4:38002  5:25136  6:46678  7:25626  8:51081  9:27061  10:49555  11:26346  12:44099  13:24737  14:35638  15:24081  16:29538  17:19279  18:25434  19:16078  20:16463  21:14405  22:12877  23:14367  24:11738  25:15079  26:11391  27:16946  28:11354  29:17411  30:12058  31:16873  32:11600  33:15555  34:11210  35:12790  36:9994  37:10106  38:7923  39:7962  40:6648  41:5829  42:4930  43:4945  44:3895  45:3528  46:3382  47:2749  48:2598  49:2269  50:2117  51:1901  52:1753  53:1665  54:1553  55:1449  56:1305  57:1145  58:1092  59:1004  60:875  61:848  62:788  63:815  64:741  65:605  66:640  67:594  68:554  69:512  70:530  71:482  72:415  73:428  74:424  75:368  76:310  77:349  78:289  79:299  80:274  81:267  82:209  83:198  84:204  85:187  86:188  87:169  88:154  89:148  90:143  91:149  92:108  93:110  94:105  95:111  96:95  97:79  98:91  99:85  100:98  101:68  102:61  103:57  104:50  105:52  106:54  107:61  108:50  109:62  110:44  111:43  112:42  113:44  114:37  115:29  116:42  117:29  118:35  119:28  120:37  121:28  122:24  123:19  124:19  125:31  126:29  127:26  128:15  129:19  130:30  131:11  132:22  133:9  134:11  135:14  136:17  137:15  138:6  139:7  140:14  141:16  142:8  143:9  144:14  145:12  146:8  147:11  148:7  149:9  150:6  151:12  152:9  153:13  154:7  155:5  156:6  157:3  158:8  159:4  160:7  161:11  162:5  163:11  164:3  165:5  166:7  167:4  168:4  169:6  170:3  171:4  172:3  173:9  174:4  175:1  176:4  177:5  178:6  179:4  180:4  181:2  182:6  183:7  184:4  185:2  186:3  187:2  188:2  190:1  191:1  192:3  193:3  194:2  196:2  197:2  198:4  200:1  202:1  205:2  207:2  208:1  210:2  212:2  213:1  217:2  218:2  220:1  222:1  228:2  234:1  239:1
1646.818898,10.950089,751.112364
[PASSED]
[time 3.13 s, user 2.96 s, sys 0.15 s, maxrss 215416 KB]
[busy 324 jiffies]
[exit 0]
--- c2 case 0 rec 0   load 0.83 0.99 0.92
[TEST C2-FST]
Processing dataset...
Done!
Building trie...
Done!
build time: 1272.938406 ms (1272.938406 ns per key)
space cost: 13.454716 MB (39.387006% of original size 34.160291 MB)
Querying trie...
Done!
total time: 746.754323 ms, avg latency: 746.754323 ns
topology: 1.316696 MB, link: 2.448647 MB, data: 9.689372 MB
--- Unary Path Analysis (FST, cutoff=4) ---
  shared unary steps in main trie: 1444849
  terminal suffixes: inplace=70261 (avg len=2.02)  links=837902 (92.3% of terminal)
  link len: avg=18.90  max=238  total_chars=15835418
  link length distribution (len:count):  4:38002  5:25136  6:46678  7:25626  8:51081  9:27061  10:49555  11:26346  12:44099  13:24737  14:35638  15:24081  16:29538  17:19279  18:25434  19:16078  20:16463  21:14405  22:12877  23:14367  24:11738  25:15079  26:11391  27:16946  28:11354  29:17411  30:12058  31:16873  32:11600  33:15555  34:11210  35:12790  36:9994  37:10106  38:7923  39:7962  40:6648  41:5829  42:4930  43:4945  44:3895  45:3528  46:3382  47:2749  48:2598  49:2269  50:2117  51:1901  52:1753  53:1665  54:1553  55:1449  56:1305  57:1145  58:1092  59:1004  60:875  61:848  62:788  63:815  64:741  65:605  66:640  67:594  68:554  69:512  70:530  71:482  72:415  73:428  74:424  75:368  76:310  77:349  78:289  79:299  80:274  81:267  82:209  83:198  84:204  85:187  86:188  87:169  88:154  89:148  90:143  91:149  92:108  93:110  94:105  95:111  96:95  97:79  98:91  99:85  100:98  101:68  102:61  103:57  104:50  105:52  106:54  107:61  108:50  109:62  110:44  111:43  112:42  113:44  114:37  115:29  116:42  117:29  118:35  119:28  120:37  121:28  122:24  123:19  124:19  125:31  126:29  127:26  128:15  129:19  130:30  131:11  132:22  133:9  134:11  135:14  136:17  137:15  138:6  139:7  140:14  141:16  142:8  143:9  144:14  145:12  146:8  147:11  148:7  149:9  150:6  151:12  152:9  153:13  154:7  155:5  156:6  157:3  158:8  159:4  160:7  161:11  162:5  163:11  164:3  165:5  166:7  167:4  168:4  169:6  170:3  171:4  172:3  173:9  174:4  175:1  176:4  177:5  178:6  179:4  180:4  181:2  182:6  183:7  184:4  185:2  186:3  187:2  188:2  190:1  191:1  192:3  193:3  194:2  196:2  197:2  198:4  200:1  202:1  205:2  207:2  208:1  210:2  212:2  213:1  217:2  218:2  220:1  222:1  228:2  234:1  239:1
1272.938406,13.454716,746.754323
[PASSED]
[time 2.72 s, user 2.56 s, sys 0.14 s, maxrss 226712 KB]
[busy 286 jiffies]
[exit 0]
--- lexindex string   load 0.84 0.99 0.92
1000000 keys
lexindex StringIndex: build 1487 ms, size 30.276 MiB (31.746 B/key), latency cold 686.0 ns, then mean 684.5 / min 681.9 ns
1487.114,30.275526,685.961
[time 4.81 s, user 4.68 s, sys 0.11 s, maxrss 212248 KB]
[busy 503 jiffies]
[exit 0]
--- lexindex dict1024   load 0.85 0.99 0.92
1000000 keys
lexindex DictIndex block 1024: build 526 ms, size 7.102 MiB (7.447 B/key), latency cold 555.5 ns, then mean 544.0 / min 543.1 ns
526.029,7.102205,555.461
[time 3.30 s, user 5.50 s, sys 0.25 s, maxrss 312116 KB]
[busy 600 jiffies]
[exit 0]
--- lexindex dict256   load 0.87 0.99 0.92
1000000 keys
lexindex DictIndex block 256: build 438 ms, size 7.309 MiB (7.664 B/key), latency cold 499.8 ns, then mean 488.0 / min 482.5 ns
437.586,7.309255,499.769
[time 2.99 s, user 6.31 s, sys 0.29 s, maxrss 304284 KB]
[busy 686 jiffies]
[exit 0]
--- lexindex dict32   load 0.88 0.99 0.92
1000000 keys
lexindex DictIndex block 32: build 426 ms, size 8.124 MiB (8.518 B/key), latency cold 487.4 ns, then mean 483.3 / min 481.4 ns
425.778,8.123598,487.447
[time 2.97 s, user 6.17 s, sys 0.29 s, maxrss 304184 KB]
[busy 676 jiffies]
[exit 0]

##### titles-en-1000000 (1000000 lines, 21984647 bytes)   round 2/3   2026-09-20T12:11:11+03:00
--- xcdat 16   load 0.81 0.97 0.92
build time: 606.268635 ms
space cost: 16.875467 MiB (84.324554% of original size 20.012519 MiB)
avg latency: 250.386040 ns
606.268635,16.875467,250.386040
[time 1.44 s, user 1.32 s, sys 0.11 s, maxrss 164640 KB]
[busy 152 jiffies]
[exit 0]
--- xcdat 15   load 0.81 0.97 0.92
build time: 635.377596 ms
space cost: 16.333202 MiB (81.614925% of original size 20.012519 MiB)
avg latency: 238.914048 ns
635.377596,16.333202,238.914048
[time 1.47 s, user 1.36 s, sys 0.10 s, maxrss 163216 KB]
[busy 156 jiffies]
[exit 0]
--- xcdat 8   load 0.74 0.95 0.91
build time: 608.796556 ms
space cost: 14.333878 MiB (71.624555% of original size 20.012519 MiB)
avg latency: 253.913480 ns
608.796556,14.333878,253.913480
[time 1.45 s, user 1.33 s, sys 0.10 s, maxrss 160860 KB]
[busy 150 jiffies]
[exit 0]
--- xcdat 7   load 0.74 0.95 0.91
build time: 639.361655 ms
space cost: 14.813288 MiB (74.020106% of original size 20.012519 MiB)
avg latency: 263.459542 ns
639.361655,14.813288,263.459542
[time 1.49 s, user 1.38 s, sys 0.10 s, maxrss 161692 KB]
[busy 161 jiffies]
[exit 0]
--- c2 case 8 rec 0   load 0.68 0.94 0.91
[TEST CART]
Processing dataset...
Done!
Building trie...
Done!
build time: 212.291130 ms (212.291130 ns per key)
space cost: 14.850546 MB (74.206280% of original size 20.012519 MB)
Querying trie...
Done!
total time: 452.200097 ms, avg latency: 452.200097 ns
not implemented
212.291130,14.850546,452.200097
[PASSED]
[time 1.26 s, user 1.16 s, sys 0.09 s, maxrss 163648 KB]
[busy 133 jiffies]
[exit 0]
--- c2 case 7 rec 0   load 0.68 0.94 0.91
[TEST ART]
Processing dataset...
Done!
Building trie...
Done!
build time: 162.556231 ms (162.556231 ns per key)
space cost: 32.696541 MB (163.380437% of original size 20.012519 MB)
Querying trie...
Done!
total time: 393.081662 ms, avg latency: 393.081662 ns
not implemented
162.556231,32.696541,393.081662
[PASSED]
[time 1.14 s, user 1.04 s, sys 0.10 s, maxrss 176632 KB]
[busy 119 jiffies]
[exit 0]
--- c2 case 6 rec 0   load 0.68 0.94 0.91
[TEST PDT]
Processing dataset...
Done!
Building trie...
dict size: 157446, stream size: 7395682
Done!
build time: 3449.279421 ms (3449.279421 ns per key)
space cost: 8.479283 MB (42.369895% of original size 20.012519 MB)
Querying trie...
Done!
total time: 659.399376 ms, avg latency: 659.399376 ns
not implemented
3449.279421,8.479283,659.399376
[PASSED]
[time 4.68 s, user 4.48 s, sys 0.18 s, maxrss 256840 KB]
[busy 484 jiffies]
[exit 0]
--- c2 case 5 rec 2   load 0.72 0.94 0.91
[TEST MARISA]
Processing dataset...
Done!
Building trie...
Done!
build time: 814.054937 ms (814.054937 ns per key)
space cost: 7.806685 MB (39.009010% of original size 20.012519 MB)
Querying trie...
Done!
total time: 891.435898 ms, avg latency: 891.435898 ns
not implemented
814.054937,7.806685,891.435898
[PASSED]
[time 2.27 s, user 2.13 s, sys 0.13 s, maxrss 195164 KB]
[busy 236 jiffies]
[exit 0]
--- c2 case 5 rec 1   load 0.72 0.94 0.91
[TEST MARISA]
Processing dataset...
Done!
Building trie...
Done!
build time: 774.779087 ms (774.779087 ns per key)
space cost: 8.680676 MB (43.376231% of original size 20.012519 MB)
Querying trie...
Done!
total time: 770.345363 ms, avg latency: 770.345363 ns
not implemented
774.779087,8.680676,770.345363
[PASSED]
[time 2.12 s, user 1.95 s, sys 0.15 s, maxrss 195040 KB]
[busy 224 jiffies]
[exit 0]
--- c2 case 5 rec 0   load 0.75 0.94 0.91
[TEST MARISA]
Processing dataset...
Done!
Building trie...
Done!
build time: 608.764937 ms (608.764937 ns per key)
space cost: 12.537066 MB (62.646119% of original size 20.012519 MB)
Querying trie...
Done!
total time: 508.448127 ms, avg latency: 508.448127 ns
not implemented
608.764937,12.537066,508.448127
[PASSED]
[time 1.69 s, user 1.55 s, sys 0.13 s, maxrss 195148 KB]
[busy 178 jiffies]
[exit 0]
--- c2 case 4 rec 0   skipped: exit 134 in round 1
--- c2 case 3 rec 0   load 0.75 0.94 0.91
[TEST FST]
Processing dataset...
Done!
Building trie...
Done!
build time: 793.791341 ms (793.791341 ns per key)
space cost: 12.223534 MB (61.079436% of original size 20.012519 MB)
Querying trie...
Done!
total time: 684.351695 ms, avg latency: 684.351695 ns
not implemented
793.791341,12.223534,684.351695
[PASSED]
[time 2.05 s, user 1.96 s, sys 0.08 s, maxrss 130924 KB]
[busy 215 jiffies]
[exit 0]
--- c2 case 2 rec 2   load 0.85 0.96 0.92
[TEST C2-MARISA]
Processing dataset...
Done!
Building trie...
trie size: 2.238578 MB
trie size: 3.821277 MB
trie size: 1.037524 MB
Done!
build time: 1547.207534 ms (1547.207534 ns per key)
space cost: 8.586061 MB (42.903452% of original size 20.012519 MB)
Querying trie...
Done!
total time: 501.135123 ms, avg latency: 501.135123 ns
topology: 1.213478 MB, link: 2.963206 MB, data: 4.388869 MB
--- Unary Path Analysis (Marisa, cutoff=3) ---
  branches: 1523874  |  single-char: 417651 (27.4%)  short-unary: 97461 (6.4%)  links: 1008762 (66.2%)
  link len: avg=12.11  max=234  total_chars=12215333
  link length distribution (len:count):  3:76859  4:82017  5:81216  6:79010  7:72564  8:64127  9:55531  10:50303  11:44703  12:39548  13:35394  14:31778  15:31462  16:28952  17:25995  18:23521  19:19840  20:18044  21:16382  22:14569  23:12399  24:11015  25:9715  26:8556  27:8141  28:7267  29:6255  30:5853  31:5207  32:4578  33:4049  34:3736  35:3293  36:2910  37:2688  38:2423  39:2074  40:1908  41:1670  42:1511  43:1333  44:1158  45:939  46:855  47:728  48:689  49:615  50:544  51:465  52:457  53:344  54:344  55:284  56:276  57:242  58:216  59:216  60:177  61:159  62:140  63:127  64:109  65:95  66:79  67:80  68:79  69:75  70:69  71:69  72:55  73:51  74:42  75:46  76:42  77:35  78:41  79:38  80:39  81:21  82:18  83:21  84:19  85:14  86:18  87:14  88:15  89:11  90:14  91:13  92:7  93:5  94:8  95:7  96:5  97:9  98:8  99:5  100:7  101:11  102:5  103:6  104:3  105:3  106:3  107:5  108:4  109:5  110:1  111:2  112:6  113:1  114:1  115:1  116:4  117:1  119:1  120:2  122:2  124:2  126:1  127:1  129:1  130:1  132:1  133:2  135:1  136:1  137:1  138:3  139:1  140:1  142:2  146:1  153:1  155:1  157:1  160:3  166:1  169:1  175:1  176:1  180:1  182:1  200:1  202:1  203:1  205:1  208:1  217:1  218:1  220:1  234:1
  short unary avg len: 2.00
1547.207534,8.586061,501.135123
[PASSED]
[time 2.63 s, user 2.47 s, sys 0.14 s, maxrss 197200 KB]
[busy 274 jiffies]
[exit 0]
--- c2 case 2 rec 1   load 0.86 0.96 0.92
[TEST C2-MARISA]
Processing dataset...
Done!
Building trie...
trie size: 2.238578 MB
trie size: 3.821277 MB
Done!
build time: 1396.761376 ms (1396.761376 ns per key)
space cost: 8.586061 MB (42.903452% of original size 20.012519 MB)
Querying trie...
Done!
total time: 496.867942 ms, avg latency: 496.867942 ns
topology: 1.213478 MB, link: 2.963206 MB, data: 4.388869 MB
--- Unary Path Analysis (Marisa, cutoff=3) ---
  branches: 1523874  |  single-char: 417651 (27.4%)  short-unary: 97461 (6.4%)  links: 1008762 (66.2%)
  link len: avg=12.11  max=234  total_chars=12215333
  link length distribution (len:count):  3:76859  4:82017  5:81216  6:79010  7:72564  8:64127  9:55531  10:50303  11:44703  12:39548  13:35394  14:31778  15:31462  16:28952  17:25995  18:23521  19:19840  20:18044  21:16382  22:14569  23:12399  24:11015  25:9715  26:8556  27:8141  28:7267  29:6255  30:5853  31:5207  32:4578  33:4049  34:3736  35:3293  36:2910  37:2688  38:2423  39:2074  40:1908  41:1670  42:1511  43:1333  44:1158  45:939  46:855  47:728  48:689  49:615  50:544  51:465  52:457  53:344  54:344  55:284  56:276  57:242  58:216  59:216  60:177  61:159  62:140  63:127  64:109  65:95  66:79  67:80  68:79  69:75  70:69  71:69  72:55  73:51  74:42  75:46  76:42  77:35  78:41  79:38  80:39  81:21  82:18  83:21  84:19  85:14  86:18  87:14  88:15  89:11  90:14  91:13  92:7  93:5  94:8  95:7  96:5  97:9  98:8  99:5  100:7  101:11  102:5  103:6  104:3  105:3  106:3  107:5  108:4  109:5  110:1  111:2  112:6  113:1  114:1  115:1  116:4  117:1  119:1  120:2  122:2  124:2  126:1  127:1  129:1  130:1  132:1  133:2  135:1  136:1  137:1  138:3  139:1  140:1  142:2  146:1  153:1  155:1  157:1  160:3  166:1  169:1  175:1  176:1  180:1  182:1  200:1  202:1  203:1  205:1  208:1  217:1  218:1  220:1  234:1
  short unary avg len: 2.00
1396.761376,8.586061,496.867942
[PASSED]
[time 2.46 s, user 2.30 s, sys 0.14 s, maxrss 197336 KB]
[busy 258 jiffies]
[exit 0]
--- c2 case 2 rec 0   load 0.86 0.96 0.92
[TEST C2-MARISA]
Processing dataset...
Done!
Building trie...
trie size: 2.238578 MB
Done!
build time: 1026.945183 ms (1026.945183 ns per key)
space cost: 10.766413 MB (53.798389% of original size 20.012519 MB)
Querying trie...
Done!
total time: 372.920558 ms, avg latency: 372.920558 ns
topology: 0.741383 MB, link: 2.768053 MB, data: 7.236469 MB
--- Unary Path Analysis (Marisa, cutoff=3) ---
  branches: 1523874  |  single-char: 417651 (27.4%)  short-unary: 97461 (6.4%)  links: 1008762 (66.2%)
  link len: avg=12.11  max=234  total_chars=12215333
  link length distribution (len:count):  3:76859  4:82017  5:81216  6:79010  7:72564  8:64127  9:55531  10:50303  11:44703  12:39548  13:35394  14:31778  15:31462  16:28952  17:25995  18:23521  19:19840  20:18044  21:16382  22:14569  23:12399  24:11015  25:9715  26:8556  27:8141  28:7267  29:6255  30:5853  31:5207  32:4578  33:4049  34:3736  35:3293  36:2910  37:2688  38:2423  39:2074  40:1908  41:1670  42:1511  43:1333  44:1158  45:939  46:855  47:728  48:689  49:615  50:544  51:465  52:457  53:344  54:344  55:284  56:276  57:242  58:216  59:216  60:177  61:159  62:140  63:127  64:109  65:95  66:79  67:80  68:79  69:75  70:69  71:69  72:55  73:51  74:42  75:46  76:42  77:35  78:41  79:38  80:39  81:21  82:18  83:21  84:19  85:14  86:18  87:14  88:15  89:11  90:14  91:13  92:7  93:5  94:8  95:7  96:5  97:9  98:8  99:5  100:7  101:11  102:5  103:6  104:3  105:3  106:3  107:5  108:4  109:5  110:1  111:2  112:6  113:1  114:1  115:1  116:4  117:1  119:1  120:2  122:2  124:2  126:1  127:1  129:1  130:1  132:1  133:2  135:1  136:1  137:1  138:3  139:1  140:1  142:2  146:1  153:1  155:1  157:1  160:3  166:1  169:1  175:1  176:1  180:1  182:1  200:1  202:1  203:1  205:1  208:1  217:1  218:1  220:1  234:1
  short unary avg len: 2.00
1026.945183,10.766413,372.920558
[PASSED]
[time 1.96 s, user 1.81 s, sys 0.13 s, maxrss 201708 KB]
[busy 204 jiffies]
[exit 0]
--- c2 case 1 rec 2   load 0.87 0.96 0.92
[TEST C2-CoCo(LOUDS-Sparse)]
Processing dataset...
Done!
Building trie...
trie size: 3.096522 MB
trie size: 0.887704 MB
Done!
build time: 2544.867925 ms (2544.867925 ns per key)
space cost: 10.462785 MB (52.281201% of original size 20.012519 MB)
Querying trie...
Done!
total time: 852.415797 ms, avg latency: 852.415797 ns
topology: 0.833210 MB, link: 3.468150 MB, data: 6.161425 MB
2544.867925,10.462785,852.415797
[PASSED]
[time 3.97 s, user 3.75 s, sys 0.20 s, maxrss 344996 KB]
[busy 410 jiffies]
[exit 0]
--- c2 case 1 rec 1   load 0.88 0.96 0.92
[TEST C2-CoCo(LOUDS-Sparse)]
Processing dataset...
Done!
Building trie...
trie size: 3.096522 MB
Done!
build time: 2439.215127 ms (2439.215127 ns per key)
space cost: 10.462785 MB (52.281201% of original size 20.012519 MB)
Querying trie...
Done!
total time: 850.596107 ms, avg latency: 850.596107 ns
topology: 0.833210 MB, link: 3.468150 MB, data: 6.161425 MB
2439.215127,10.462785,850.596107
[PASSED]
[time 3.86 s, user 3.64 s, sys 0.20 s, maxrss 344972 KB]
[busy 401 jiffies]
[exit 0]
--- c2 case 1 rec 0   load 0.97 0.98 0.92
[TEST C2-CoCo(LOUDS-Sparse)]
Processing dataset...
Done!
Building trie...
Done!
build time: 2132.540781 ms (2132.540781 ns per key)
space cost: 12.265971 MB (61.291488% of original size 20.012519 MB)
Querying trie...
Done!
total time: 730.879135 ms, avg latency: 730.879135 ns
topology: 0.432648 MB, link: 3.282862 MB, data: 8.550461 MB
2132.540781,12.265971,730.879135
[PASSED]
[time 3.42 s, user 3.21 s, sys 0.19 s, maxrss 358224 KB]
[busy 356 jiffies]
[exit 0]
--- c2 case 0 rec 2   load 0.97 0.98 0.92
[TEST C2-FST]
Processing dataset...
Done!
Building trie...
trie size: 3.096522 MB
trie size: 0.887704 MB
Done!
build time: 1446.622251 ms (1446.622251 ns per key)
space cost: 9.522977 MB (47.585099% of original size 20.012519 MB)
Querying trie...
Done!
total time: 610.076632 ms, avg latency: 610.076632 ns
topology: 1.448536 MB, link: 2.515947 MB, data: 5.558494 MB
--- Unary Path Analysis (FST, cutoff=4) ---
  shared unary steps in main trie: 632648
  terminal suffixes: inplace=148307 (avg len=2.14)  links=794871 (84.3% of terminal)
  link len: avg=12.03  max=232  total_chars=9558452
  link length distribution (len:count):  4:67686  5:69275  6:65423  7:58787  8:51921  9:47544  10:42795  11:38054  12:34227  13:30736  14:30694  15:28260  16:25308  17:22807  18:19264  19:17586  20:15912  21:14224  22:12066  23:10759  24:9477  25:8347  26:7925  27:7112  28:6113  29:5746  30:5072  31:4462  32:3927  33:3658  34:3228  35:2847  36:2644  37:2353  38:2038  39:1870  40:1644  41:1489  42:1315  43:1143  44:928  45:846  46:722  47:679  48:610  49:543  50:459  51:451  52:342  53:339  54:284  55:273  56:239  57:215  58:214  59:177  60:158  61:140  62:127  63:109  64:95  65:79  66:80  67:78  68:75  69:69  70:68  71:54  72:51  73:42  74:46  75:42  76:35  77:41  78:38  79:39  80:21  81:18  82:21  83:19  84:14  85:18  86:14  87:15  88:11  89:14  90:13  91:7  92:5  93:8  94:7  95:5  96:8  97:8  98:5  99:7  100:11  101:5  102:6  103:3  104:3  105:3  106:5  107:4  108:5  109:1  110:2  111:6  112:1  113:1  114:1  115:4  116:1  118:1  119:2  121:2  123:2  125:1  126:1  128:1  129:1  131:1  132:2  134:1  135:1  136:1  137:3  138:1  139:1  141:2  145:1  152:1  154:1  156:1  159:3  165:1  168:1  174:1  175:1  179:1  181:1  199:1  201:1  202:1  204:1  207:1  216:1  217:1  219:1  233:1
1446.622251,9.522977,610.076632
[PASSED]
[time 2.63 s, user 2.48 s, sys 0.13 s, maxrss 180968 KB]
[busy 276 jiffies]
[exit 0]
--- c2 case 0 rec 1   load 0.98 0.98 0.92
[TEST C2-FST]
Processing dataset...
Done!
Building trie...
trie size: 3.096522 MB
Done!
build time: 1310.547844 ms (1310.547844 ns per key)
space cost: 9.522977 MB (47.585099% of original size 20.012519 MB)
Querying trie...
Done!
total time: 601.983881 ms, avg latency: 601.983881 ns
topology: 1.448536 MB, link: 2.515947 MB, data: 5.558494 MB
--- Unary Path Analysis (FST, cutoff=4) ---
  shared unary steps in main trie: 632648
  terminal suffixes: inplace=148307 (avg len=2.14)  links=794871 (84.3% of terminal)
  link len: avg=12.03  max=232  total_chars=9558452
  link length distribution (len:count):  4:67686  5:69275  6:65423  7:58787  8:51921  9:47544  10:42795  11:38054  12:34227  13:30736  14:30694  15:28260  16:25308  17:22807  18:19264  19:17586  20:15912  21:14224  22:12066  23:10759  24:9477  25:8347  26:7925  27:7112  28:6113  29:5746  30:5072  31:4462  32:3927  33:3658  34:3228  35:2847  36:2644  37:2353  38:2038  39:1870  40:1644  41:1489  42:1315  43:1143  44:928  45:846  46:722  47:679  48:610  49:543  50:459  51:451  52:342  53:339  54:284  55:273  56:239  57:215  58:214  59:177  60:158  61:140  62:127  63:109  64:95  65:79  66:80  67:78  68:75  69:69  70:68  71:54  72:51  73:42  74:46  75:42  76:35  77:41  78:38  79:39  80:21  81:18  82:21  83:19  84:14  85:18  86:14  87:15  88:11  89:14  90:13  91:7  92:5  93:8  94:7  95:5  96:8  97:8  98:5  99:7  100:11  101:5  102:6  103:3  104:3  105:3  106:5  107:4  108:5  109:1  110:2  111:6  112:1  113:1  114:1  115:4  116:1  118:1  119:2  121:2  123:2  125:1  126:1  128:1  129:1  131:1  132:2  134:1  135:1  136:1  137:3  138:1  139:1  141:2  145:1  152:1  154:1  156:1  159:3  165:1  168:1  174:1  175:1  179:1  181:1  199:1  201:1  202:1  204:1  207:1  216:1  217:1  219:1  233:1
1310.547844,9.522977,601.983881
[PASSED]
[time 2.48 s, user 2.33 s, sys 0.13 s, maxrss 181096 KB]
[busy 256 jiffies]
[exit 0]
--- c2 case 0 rec 0   load 0.98 0.98 0.92
[TEST C2-FST]
Processing dataset...
Done!
Building trie...
Done!
build time: 1015.353856 ms (1015.353856 ns per key)
space cost: 11.326162 MB (56.595386% of original size 20.012519 MB)
Querying trie...
Done!
total time: 475.177724 ms, avg latency: 475.177724 ns
topology: 1.047974 MB, link: 2.330659 MB, data: 7.947530 MB
--- Unary Path Analysis (FST, cutoff=4) ---
  shared unary steps in main trie: 632648
  terminal suffixes: inplace=148307 (avg len=2.14)  links=794871 (84.3% of terminal)
  link len: avg=12.03  max=232  total_chars=9558452
  link length distribution (len:count):  4:67686  5:69275  6:65423  7:58787  8:51921  9:47544  10:42795  11:38054  12:34227  13:30736  14:30694  15:28260  16:25308  17:22807  18:19264  19:17586  20:15912  21:14224  22:12066  23:10759  24:9477  25:8347  26:7925  27:7112  28:6113  29:5746  30:5072  31:4462  32:3927  33:3658  34:3228  35:2847  36:2644  37:2353  38:2038  39:1870  40:1644  41:1489  42:1315  43:1143  44:928  45:846  46:722  47:679  48:610  49:543  50:459  51:451  52:342  53:339  54:284  55:273  56:239  57:215  58:214  59:177  60:158  61:140  62:127  63:109  64:95  65:79  66:80  67:78  68:75  69:69  70:68  71:54  72:51  73:42  74:46  75:42  76:35  77:41  78:38  79:39  80:21  81:18  82:21  83:19  84:14  85:18  86:14  87:15  88:11  89:14  90:13  91:7  92:5  93:8  94:7  95:5  96:8  97:8  98:5  99:7  100:11  101:5  102:6  103:3  104:3  105:3  106:5  107:4  108:5  109:1  110:2  111:6  112:1  113:1  114:1  115:4  116:1  118:1  119:2  121:2  123:2  125:1  126:1  128:1  129:1  131:1  132:2  134:1  135:1  136:1  137:3  138:1  139:1  141:2  145:1  152:1  154:1  156:1  159:3  165:1  168:1  174:1  175:1  179:1  181:1  199:1  201:1  202:1  204:1  207:1  216:1  217:1  219:1  233:1
1015.353856,11.326162,475.177724
[PASSED]
[time 2.05 s, user 1.92 s, sys 0.11 s, maxrss 185116 KB]
[busy 211 jiffies]
[exit 0]
--- lexindex string   load 0.98 0.98 0.92
1000000 keys
lexindex StringIndex: build 1012 ms, size 16.482 MiB (17.283 B/key), latency cold 450.6 ns, then mean 443.3 / min 438.9 ns
1011.948,16.482312,450.625
[time 3.29 s, user 3.18 s, sys 0.09 s, maxrss 163408 KB]
[busy 349 jiffies]
[exit 0]
--- lexindex dict1024   load 0.98 0.98 0.92
1000000 keys
lexindex DictIndex block 1024: build 439 ms, size 6.878 MiB (7.212 B/key), latency cold 500.1 ns, then mean 500.6 / min 496.9 ns
439.100,6.877800,500.089
[time 2.95 s, user 4.45 s, sys 0.29 s, maxrss 279044 KB]
[busy 497 jiffies]
[exit 0]
--- lexindex dict256   load 0.90 0.97 0.92
1000000 keys
lexindex DictIndex block 256: build 403 ms, size 7.029 MiB (7.370 B/key), latency cold 436.1 ns, then mean 432.1 / min 430.2 ns
403.438,7.028672,436.055
[time 2.64 s, user 5.07 s, sys 0.38 s, maxrss 273764 KB]
[busy 568 jiffies]
[exit 0]
--- lexindex dict32   load 0.90 0.97 0.92
1000000 keys
lexindex DictIndex block 32: build 399 ms, size 7.447 MiB (7.809 B/key), latency cold 403.5 ns, then mean 395.6 / min 394.3 ns
399.309,7.446899,403.547
[time 2.51 s, user 4.86 s, sys 0.39 s, maxrss 276400 KB]
[busy 548 jiffies]
[exit 0]

##### pypi-full (889864 lines, 12756399 bytes)   round 2/3   2026-09-20T12:12:34+03:00
--- xcdat 16   load 2.11 1.22 1.00
build time: 354.162802 ms
space cost: 8.791730 MiB (77.687354% of original size 11.316810 MiB)
avg latency: 140.326556 ns
354.162802,8.791730,140.326556
[time 0.87 s, user 0.79 s, sys 0.07 s, maxrss 125124 KB]
[busy 94 jiffies]
[exit 0]
--- xcdat 15   load 2.11 1.22 1.00
build time: 371.253626 ms
space cost: 8.417356 MiB (74.379227% of original size 11.316810 MiB)
avg latency: 134.758895 ns
371.253626,8.417356,134.758895
[time 0.89 s, user 0.82 s, sys 0.07 s, maxrss 124960 KB]
[busy 95 jiffies]
[exit 0]
--- xcdat 8   load 2.02 1.21 1.00
build time: 354.875762 ms
space cost: 7.063261 MiB (62.413889% of original size 11.316810 MiB)
avg latency: 169.328468 ns
354.875762,7.063261,169.328468
[time 0.91 s, user 0.83 s, sys 0.07 s, maxrss 124840 KB]
[busy 97 jiffies]
[exit 0]
--- xcdat 7   load 2.02 1.21 1.00
build time: 379.963095 ms
space cost: 7.451407 MiB (65.843711% of original size 11.316810 MiB)
avg latency: 168.219349 ns
379.963095,7.451407,168.219349
[time 0.94 s, user 0.85 s, sys 0.08 s, maxrss 125220 KB]
[busy 105 jiffies]
[exit 0]
--- c2 case 8 rec 0   load 1.86 1.19 0.99
[TEST CART]
Processing dataset...
Done!
Building trie...
Done!
build time: 142.610893 ms (160.261448 ns per key)
space cost: 12.686618 MB (112.104190% of original size 11.316810 MB)
Querying trie...
Done!
total time: 319.833038 ms, avg latency: 359.417886 ns
not implemented
142.610893,12.686618,359.417886
[PASSED]
[time 0.87 s, user 0.79 s, sys 0.07 s, maxrss 120888 KB]
[busy 91 jiffies]
[exit 0]
--- c2 case 7 rec 0   load 1.86 1.19 0.99
[TEST ART]
Processing dataset...
Done!
Building trie...
Done!
build time: 100.835454 ms (113.315579 ns per key)
space cost: 28.637695 MB (253.054493% of original size 11.316810 MB)
Querying trie...
Done!
total time: 251.535912 ms, avg latency: 282.667814 ns
not implemented
100.835454,28.637695,282.667814
[PASSED]
[time 0.75 s, user 0.68 s, sys 0.06 s, maxrss 123744 KB]
[busy 80 jiffies]
[exit 0]
--- c2 case 6 rec 0   load 1.86 1.19 0.99
[TEST PDT]
Processing dataset...
Done!
Building trie...
dict size: 158766, stream size: 3178838
Done!
build time: 1639.434639 ms (1842.342919 ns per key)
space cost: 4.318639 MB (38.161275% of original size 11.316810 MB)
Querying trie...
Done!
total time: 469.089171 ms, avg latency: 527.147037 ns
not implemented
1639.434639,4.318639,527.147037
[PASSED]
[time 2.51 s, user 2.41 s, sys 0.09 s, maxrss 137220 KB]
[busy 261 jiffies]
[exit 0]
--- c2 case 5 rec 2   load 1.79 1.19 1.00
[TEST MARISA]
Processing dataset...
Done!
Building trie...
Done!
build time: 445.065979 ms (500.150561 ns per key)
space cost: 3.830196 MB (33.845196% of original size 11.316810 MB)
Querying trie...
Done!
total time: 474.871399 ms, avg latency: 533.644915 ns
not implemented
445.065979,3.830196,533.644915
[PASSED]
[time 1.30 s, user 1.22 s, sys 0.07 s, maxrss 131996 KB]
[busy 137 jiffies]
[exit 0]
--- c2 case 5 rec 1   load 1.65 1.17 0.99
[TEST MARISA]
Processing dataset...
Done!
Building trie...
Done!
build time: 433.839999 ms (487.535173 ns per key)
space cost: 4.038295 MB (35.684039% of original size 11.316810 MB)
Querying trie...
Done!
total time: 451.681963 ms, avg latency: 507.585387 ns
not implemented
433.839999,4.038295,507.585387
[PASSED]
[time 1.27 s, user 1.18 s, sys 0.07 s, maxrss 132136 KB]
[busy 134 jiffies]
[exit 0]
--- c2 case 5 rec 0   load 1.65 1.17 0.99
[TEST MARISA]
Processing dataset...
Done!
Building trie...
Done!
build time: 383.995433 ms (431.521483 ns per key)
space cost: 5.316237 MB (46.976468% of original size 11.316810 MB)
Querying trie...
Done!
total time: 342.572007 ms, avg latency: 384.971194 ns
not implemented
383.995433,5.316237,384.971194
[PASSED]
[time 1.13 s, user 1.02 s, sys 0.09 s, maxrss 132088 KB]
[busy 121 jiffies]
[exit 0]
--- c2 case 4 rec 0   load 1.65 1.17 0.99
[TEST COCO]
Processing dataset...
Done!
Building trie...
num nodes = 375656, average depth = 5.235279
ef = 0.000442, pa = 0.203029, bv = 0.001044, de = 0.703223
efr = 0.002106, par = 0.078420, bvr = 0.000029, der = 0.011708
Done!
build time: 7826.198245 ms (8794.825102 ns per key)
space cost: 7.666221 MB (67.741891% of original size 11.316810 MB)
Querying trie...
Done!
total time: 441.807934 ms, avg latency: 496.489277 ns
not implemented
7826.198245,7.666221,496.489277
[PASSED]
[time 9.01 s, user 7.01 s, sys 1.96 s, maxrss 4347212 KB]
[busy 931 jiffies]
[exit 0]
--- c2 case 3 rec 0   load 1.55 1.16 0.99
[TEST FST]
Processing dataset...
Done!
Building trie...
Done!
build time: 506.824405 ms (569.552656 ns per key)
space cost: 5.878841 MB (51.947869% of original size 11.316810 MB)
Querying trie...
Done!
total time: 482.995639 ms, avg latency: 542.774670 ns
not implemented
506.824405,5.878841,542.774670
[PASSED]
[time 1.38 s, user 1.31 s, sys 0.06 s, maxrss 86668 KB]
[busy 147 jiffies]
[exit 0]
--- c2 case 2 rec 2   load 1.50 1.16 0.99
[TEST C2-MARISA]
Processing dataset...
Done!
Building trie...
trie size: 2.034968 MB
trie size: 2.021012 MB
trie size: 0.240847 MB
Done!
build time: 584.756352 ms (657.130024 ns per key)
space cost: 4.528195 MB (40.013003% of original size 11.316810 MB)
Querying trie...
Done!
total time: 288.663263 ms, avg latency: 324.390315 ns
topology: 0.839943 MB, link: 1.648341 MB, data: 2.019403 MB
--- Unary Path Analysis (Marisa, cutoff=3) ---
  branches: 1290446  |  single-char: 483681 (37.5%)  short-unary: 134846 (10.4%)  links: 671919 (52.1%)
  link len: avg=7.04  max=178  total_chars=4731655
  link length distribution (len:count):  3:128200  4:106194  5:84287  6:72656  7:58516  8:44149  9:36040  10:28839  11:21753  12:17688  13:15308  14:12510  15:9745  16:7525  17:6122  18:4690  19:3698  20:2882  21:2216  22:1721  23:1367  24:1119  25:897  26:746  27:562  28:441  29:368  30:406  31:316  32:177  33:153  34:106  35:106  36:75  37:44  38:54  39:50  40:27  41:25  42:13  43:21  44:16  45:7  46:10  47:6  48:5  49:10  50:2  51:4  52:5  53:2  54:2  55:2  56:1  57:5  58:3  61:2  63:2  64:1  65:3  66:2  68:2  69:3  72:1  76:1  78:2  83:1  87:1  100:2  107:1  114:1  154:1  178:1
  short unary avg len: 2.00
584.756352,4.528195,324.390315
[PASSED]
[time 1.27 s, user 1.18 s, sys 0.08 s, maxrss 158876 KB]
[busy 133 jiffies]
[exit 0]
--- c2 case 2 rec 1   load 1.50 1.16 0.99
[TEST C2-MARISA]
Processing dataset...
Done!
Building trie...
trie size: 2.034968 MB
trie size: 2.021012 MB
Done!
build time: 567.923504 ms (638.213821 ns per key)
space cost: 4.528195 MB (40.013003% of original size 11.316810 MB)
Querying trie...
Done!
total time: 292.026595 ms, avg latency: 328.169917 ns
topology: 0.839943 MB, link: 1.648341 MB, data: 2.019403 MB
--- Unary Path Analysis (Marisa, cutoff=3) ---
  branches: 1290446  |  single-char: 483681 (37.5%)  short-unary: 134846 (10.4%)  links: 671919 (52.1%)
  link len: avg=7.04  max=178  total_chars=4731655
  link length distribution (len:count):  3:128200  4:106194  5:84287  6:72656  7:58516  8:44149  9:36040  10:28839  11:21753  12:17688  13:15308  14:12510  15:9745  16:7525  17:6122  18:4690  19:3698  20:2882  21:2216  22:1721  23:1367  24:1119  25:897  26:746  27:562  28:441  29:368  30:406  31:316  32:177  33:153  34:106  35:106  36:75  37:44  38:54  39:50  40:27  41:25  42:13  43:21  44:16  45:7  46:10  47:6  48:5  49:10  50:2  51:4  52:5  53:2  54:2  55:2  56:1  57:5  58:3  61:2  63:2  64:1  65:3  66:2  68:2  69:3  72:1  76:1  78:2  83:1  87:1  100:2  107:1  114:1  154:1  178:1
  short unary avg len: 2.00
567.923504,4.528195,328.169917
[PASSED]
[time 1.25 s, user 1.14 s, sys 0.10 s, maxrss 158652 KB]
[busy 132 jiffies]
[exit 0]
--- c2 case 2 rec 0   load 1.46 1.16 0.99
[TEST C2-MARISA]
Processing dataset...
Done!
Building trie...
trie size: 2.034968 MB
Done!
build time: 490.434810 ms (551.134567 ns per key)
space cost: 5.148748 MB (45.496465% of original size 11.316810 MB)
Querying trie...
Done!
total time: 232.773196 ms, avg latency: 261.582889 ns
topology: 0.673512 MB, link: 1.684298 MB, data: 2.770432 MB
--- Unary Path Analysis (Marisa, cutoff=3) ---
  branches: 1290446  |  single-char: 483681 (37.5%)  short-unary: 134846 (10.4%)  links: 671919 (52.1%)
  link len: avg=7.04  max=178  total_chars=4731655
  link length distribution (len:count):  3:128200  4:106194  5:84287  6:72656  7:58516  8:44149  9:36040  10:28839  11:21753  12:17688  13:15308  14:12510  15:9745  16:7525  17:6122  18:4690  19:3698  20:2882  21:2216  22:1721  23:1367  24:1119  25:897  26:746  27:562  28:441  29:368  30:406  31:316  32:177  33:153  34:106  35:106  36:75  37:44  38:54  39:50  40:27  41:25  42:13  43:21  44:16  45:7  46:10  47:6  48:5  49:10  50:2  51:4  52:5  53:2  54:2  55:2  56:1  57:5  58:3  61:2  63:2  64:1  65:3  66:2  68:2  69:3  72:1  76:1  78:2  83:1  87:1  100:2  107:1  114:1  154:1  178:1
  short unary avg len: 2.00
490.434810,5.148748,261.582889
[PASSED]
[time 1.10 s, user 1.00 s, sys 0.09 s, maxrss 158744 KB]
[busy 116 jiffies]
[exit 0]
--- c2 case 1 rec 2   load 1.46 1.16 0.99
[TEST C2-CoCo(LOUDS-Sparse)]
Processing dataset...
Done!
Building trie...
trie size: 1.301167 MB
trie size: 0.188086 MB
Done!
build time: 1268.324464 ms (1425.301466 ns per key)
space cost: 5.460092 MB (48.247627% of original size 11.316810 MB)
Querying trie...
Done!
total time: 512.295459 ms, avg latency: 575.700848 ns
topology: 0.492825 MB, link: 1.813464 MB, data: 3.153803 MB
1268.324464,5.460092,575.700848
[PASSED]
[time 2.16 s, user 2.01 s, sys 0.13 s, maxrss 251936 KB]
[busy 226 jiffies]
[exit 0]
--- c2 case 1 rec 1   load 1.43 1.15 0.99
[TEST C2-CoCo(LOUDS-Sparse)]
Processing dataset...
Done!
Building trie...
trie size: 1.301167 MB
Done!
build time: 1265.242120 ms (1421.837629 ns per key)
space cost: 5.460092 MB (48.247627% of original size 11.316810 MB)
Querying trie...
Done!
total time: 512.464797 ms, avg latency: 575.891144 ns
topology: 0.492825 MB, link: 1.813464 MB, data: 3.153803 MB
1265.242120,5.460092,575.891144
[PASSED]
[time 2.17 s, user 2.03 s, sys 0.13 s, maxrss 251872 KB]
[busy 227 jiffies]
[exit 0]
--- c2 case 1 rec 0   load 1.31 1.13 0.99
[TEST C2-CoCo(LOUDS-Sparse)]
Processing dataset...
Done!
Building trie...
Done!
build time: 1195.000218 ms (1342.902082 ns per key)
space cost: 5.902932 MB (52.160740% of original size 11.316810 MB)
Querying trie...
Done!
total time: 501.023623 ms, avg latency: 563.033928 ns
topology: 0.365089 MB, link: 1.816309 MB, data: 3.721533 MB
1195.000218,5.902932,563.033928
[PASSED]
[time 2.08 s, user 1.95 s, sys 0.12 s, maxrss 251616 KB]
[busy 217 jiffies]
[exit 0]
--- c2 case 0 rec 2   load 1.31 1.13 0.99
[TEST C2-FST]
Processing dataset...
Done!
Building trie...
trie size: 1.301167 MB
trie size: 0.188086 MB
Done!
build time: 468.683759 ms (526.691448 ns per key)
space cost: 5.131913 MB (45.347703% of original size 11.316810 MB)
Querying trie...
Done!
total time: 366.954585 ms, avg latency: 412.371537 ns
topology: 0.978825 MB, link: 1.146868 MB, data: 3.006221 MB
--- Unary Path Analysis (FST, cutoff=4) ---
  shared unary steps in main trie: 344931
  terminal suffixes: inplace=288151 (avg len=1.99)  links=405388 (58.5% of terminal)
  link len: avg=7.08  max=176  total_chars=2869854
  link length distribution (len:count):  4:74698  5:65971  6:53798  7:40968  8:33851  9:27326  10:20764  11:16938  12:14649  13:12025  14:9410  15:7294  16:5909  17:4518  18:3598  19:2810  20:2154  21:1673  22:1340  23:1095  24:876  25:726  26:550  27:431  28:361  29:400  30:312  31:173  32:150  33:103  34:106  35:75  36:44  37:52  38:50  39:27  40:24  41:13  42:21  43:16  44:7  45:10  46:6  47:5  48:10  49:1  50:4  51:5  52:2  53:2  54:2  55:1  56:5  57:3  60:2  62:2  63:1  64:3  65:2  67:1  68:3  71:1  75:1  77:2  82:1  86:1  99:2  106:1  113:1  153:1  177:1
468.683759,5.131913,412.371537
[PASSED]
[time 1.23 s, user 1.15 s, sys 0.07 s, maxrss 129952 KB]
[busy 132 jiffies]
[exit 0]
--- c2 case 0 rec 1   load 1.21 1.11 0.98
[TEST C2-FST]
Processing dataset...
Done!
Building trie...
trie size: 1.301167 MB
Done!
build time: 452.824241 ms (508.869042 ns per key)
space cost: 5.131913 MB (45.347703% of original size 11.316810 MB)
Querying trie...
Done!
total time: 361.696633 ms, avg latency: 406.462822 ns
topology: 0.978825 MB, link: 1.146868 MB, data: 3.006221 MB
--- Unary Path Analysis (FST, cutoff=4) ---
  shared unary steps in main trie: 344931
  terminal suffixes: inplace=288151 (avg len=1.99)  links=405388 (58.5% of terminal)
  link len: avg=7.08  max=176  total_chars=2869854
  link length distribution (len:count):  4:74698  5:65971  6:53798  7:40968  8:33851  9:27326  10:20764  11:16938  12:14649  13:12025  14:9410  15:7294  16:5909  17:4518  18:3598  19:2810  20:2154  21:1673  22:1340  23:1095  24:876  25:726  26:550  27:431  28:361  29:400  30:312  31:173  32:150  33:103  34:106  35:75  36:44  37:52  38:50  39:27  40:24  41:13  42:21  43:16  44:7  45:10  46:6  47:5  48:10  49:1  50:4  51:5  52:2  53:2  54:2  55:1  56:5  57:3  60:2  62:2  63:1  64:3  65:2  67:1  68:3  71:1  75:1  77:2  82:1  86:1  99:2  106:1  113:1  153:1  177:1
452.824241,5.131913,406.462822
[PASSED]
[time 1.22 s, user 1.13 s, sys 0.08 s, maxrss 129668 KB]
[busy 127 jiffies]
[exit 0]
--- c2 case 0 rec 0   load 1.21 1.11 0.98
[TEST C2-FST]
Processing dataset...
Done!
Building trie...
Done!
build time: 398.187399 ms (447.469949 ns per key)
space cost: 5.574753 MB (49.260816% of original size 11.316810 MB)
Querying trie...
Done!
total time: 317.073201 ms, avg latency: 356.316472 ns
topology: 0.851089 MB, link: 1.149713 MB, data: 3.573951 MB
--- Unary Path Analysis (FST, cutoff=4) ---
  shared unary steps in main trie: 344931
  terminal suffixes: inplace=288151 (avg len=1.99)  links=405388 (58.5% of terminal)
  link len: avg=7.08  max=176  total_chars=2869854
  link length distribution (len:count):  4:74698  5:65971  6:53798  7:40968  8:33851  9:27326  10:20764  11:16938  12:14649  13:12025  14:9410  15:7294  16:5909  17:4518  18:3598  19:2810  20:2154  21:1673  22:1340  23:1095  24:876  25:726  26:550  27:431  28:361  29:400  30:312  31:173  32:150  33:103  34:106  35:75  36:44  37:52  38:50  39:27  40:24  41:13  42:21  43:16  44:7  45:10  46:6  47:5  48:10  49:1  50:4  51:5  52:2  53:2  54:2  55:1  56:5  57:3  60:2  62:2  63:1  64:3  65:2  67:1  68:3  71:1  75:1  77:2  82:1  86:1  99:2  106:1  113:1  153:1  177:1
398.187399,5.574753,356.316472
[PASSED]
[time 1.11 s, user 1.02 s, sys 0.07 s, maxrss 129484 KB]
[busy 117 jiffies]
[exit 0]
--- lexindex string   load 1.21 1.11 0.98
889864 keys
lexindex StringIndex: build 485 ms, size 8.484 MiB (9.998 B/key), latency cold 288.0 ns, then mean 288.2 / min 285.7 ns
485.036,8.484477,287.977
[time 1.92 s, user 1.86 s, sys 0.05 s, maxrss 121852 KB]
[busy 204 jiffies]
[exit 0]
--- lexindex dict1024   load 1.19 1.11 0.98
889864 keys
lexindex DictIndex block 1024: build 203 ms, size 3.413 MiB (4.022 B/key), latency cold 426.5 ns, then mean 419.2 / min 413.8 ns
202.773,3.413095,426.491
[time 2.13 s, user 2.68 s, sys 0.13 s, maxrss 187336 KB]
[busy 296 jiffies]
[exit 0]
--- lexindex dict256   load 1.09 1.09 0.98
889864 keys
lexindex DictIndex block 256: build 187 ms, size 3.535 MiB (4.165 B/key), latency cold 352.8 ns, then mean 350.3 / min 348.5 ns
186.732,3.534916,352.846
[time 1.86 s, user 2.79 s, sys 0.15 s, maxrss 204464 KB]
[busy 311 jiffies]
[exit 0]
--- lexindex dict32   load 1.09 1.09 0.98
889864 keys
lexindex DictIndex block 32: build 183 ms, size 3.800 MiB (4.478 B/key), latency cold 333.0 ns, then mean 328.1 / min 326.0 ns
182.720,3.799900,332.980
[time 1.78 s, user 2.68 s, sys 0.18 s, maxrss 203812 KB]
[busy 306 jiffies]
[exit 0]

##### paths-1000000 (1000000 lines, 125978312 bytes)   round 2/3   2026-09-20T12:13:43+03:00
--- xcdat 16   load 1.09 1.09 0.98
build time: 1377.572830 ms
space cost: 25.154240 MiB (21.104567% of original size 119.188606 MiB)
avg latency: 700.788859 ns
1377.572830,25.154240,700.788859
[time 3.09 s, user 2.83 s, sys 0.24 s, maxrss 369244 KB]
[busy 323 jiffies]
[exit 0]
--- xcdat 15   load 1.00 1.07 0.97
build time: 1422.688858 ms
space cost: 23.949356 MiB (20.093662% of original size 119.188606 MiB)
avg latency: 625.318911 ns
1422.688858,23.949356,625.318911
[time 3.06 s, user 2.79 s, sys 0.25 s, maxrss 368004 KB]
[busy 318 jiffies]
[exit 0]
--- xcdat 8   load 1.00 1.07 0.97
build time: 1355.832579 ms
space cost: 18.497238 MiB (15.519301% of original size 119.188606 MiB)
avg latency: 716.598634 ns
1355.832579,18.497238,716.598634
[time 3.07 s, user 2.80 s, sys 0.25 s, maxrss 362220 KB]
[busy 316 jiffies]
[exit 0]
--- xcdat 7   load 1.00 1.07 0.97
build time: 1421.778426 ms
space cost: 18.455355 MiB (15.484160% of original size 119.188606 MiB)
avg latency: 711.088658 ns
1421.778426,18.455355,711.088658
[time 3.15 s, user 2.89 s, sys 0.24 s, maxrss 362496 KB]
[busy 330 jiffies]
[exit 0]
--- c2 case 8 rec 0   load 1.00 1.07 0.97
[TEST CART]
Processing dataset...
Done!
Building trie...
Done!
build time: 473.759458 ms (473.759458 ns per key)
space cost: 18.620093 MB (15.622377% of original size 119.188606 MB)
Querying trie...
Done!
total time: 816.871451 ms, avg latency: 816.871451 ns
not implemented
473.759458,18.620093,816.871451
[PASSED]
[time 2.34 s, user 2.08 s, sys 0.25 s, maxrss 496108 KB]
[busy 247 jiffies]
[exit 0]
--- c2 case 7 rec 0   load 1.00 1.07 0.97
[TEST ART]
Processing dataset...
Done!
Building trie...
Done!
build time: 418.129511 ms (418.129511 ns per key)
space cost: 34.675591 MB (29.093041% of original size 119.188606 MB)
Querying trie...
Done!
total time: 779.587885 ms, avg latency: 779.587885 ns
not implemented
418.129511,34.675591,779.587885
[PASSED]
[time 2.25 s, user 1.97 s, sys 0.27 s, maxrss 505556 KB]
[busy 235 jiffies]
[exit 0]
--- c2 case 6 rec 0   load 1.00 1.07 0.97
[TEST PDT]
Processing dataset...
Done!
Building trie...
dict size: 153672, stream size: 10323140
Done!
build time: 4848.882016 ms (4848.882016 ns per key)
space cost: 11.267526 MB (9.453526% of original size 119.188606 MB)
Querying trie...
Done!
total time: 1074.877964 ms, avg latency: 1074.877964 ns
not implemented
4848.882016,11.267526,1074.877964
[PASSED]
[time 6.94 s, user 6.61 s, sys 0.30 s, maxrss 388948 KB]
[busy 721 jiffies]
[exit 0]
--- c2 case 5 rec 2   load 1.00 1.07 0.97
[TEST MARISA]
Processing dataset...
Done!
Building trie...
Done!
build time: 1841.370786 ms (1841.370786 ns per key)
space cost: 9.029414 MB (7.575736% of original size 119.188606 MB)
Querying trie...
Done!
total time: 2229.930248 ms, avg latency: 2229.930248 ns
not implemented
1841.370786,9.029414,2229.930248
[PASSED]
[time 5.03 s, user 4.77 s, sys 0.23 s, maxrss 411712 KB]
[busy 518 jiffies]
[exit 0]
--- c2 case 5 rec 1   load 1.00 1.06 0.97
[TEST MARISA]
Processing dataset...
Done!
Building trie...
Done!
build time: 1786.057923 ms (1786.057923 ns per key)
space cost: 9.428862 MB (7.910875% of original size 119.188606 MB)
Querying trie...
Done!
total time: 1781.180606 ms, avg latency: 1781.180606 ns
not implemented
1786.057923,9.428862,1781.180606
[PASSED]
[time 4.53 s, user 4.28 s, sys 0.23 s, maxrss 411696 KB]
[busy 469 jiffies]
[exit 0]
--- c2 case 5 rec 0   load 1.00 1.06 0.97
[TEST MARISA]
Processing dataset...
Done!
Building trie...
Done!
build time: 1644.253216 ms (1644.253216 ns per key)
space cost: 12.257486 MB (10.284109% of original size 119.188606 MB)
Querying trie...
Done!
total time: 981.618289 ms, avg latency: 981.618289 ns
not implemented
1644.253216,12.257486,981.618289
[PASSED]
[time 3.58 s, user 3.33 s, sys 0.23 s, maxrss 411768 KB]
[busy 370 jiffies]
[exit 0]
--- c2 case 4 rec 0   load 1.00 1.06 0.98
[TEST COCO]
Processing dataset...
Done!
Building trie...
num nodes = 584148, average depth = 12.594651
ef = 0.000038, pa = 0.103241, bv = 0.000608, de = 0.597184
efr = 0.000176, par = 0.181430, bvr = 0.000135, der = 0.117188
Done!
build time: 45279.452210 ms (45279.452210 ns per key)
space cost: 19.697372 MB (16.526221% of original size 119.188606 MB)
Querying trie...
Done!
total time: 1409.634794 ms, avg latency: 1409.634794 ns
not implemented
45279.452210,19.697372,1409.634794
[PASSED]
[time 49.23 s, user 39.02 s, sys 10.01 s, maxrss 23293416 KB]
[busy 5053 jiffies]
[exit 0]
--- c2 case 3 rec 0   load 1.00 1.05 0.98
[TEST FST]
Processing dataset...
Done!
Building trie...
Done!
build time: 3315.203422 ms (3315.203422 ns per key)
space cost: 14.021067 MB (11.763764% of original size 119.188606 MB)
Querying trie...
Done!
total time: 4603.662518 ms, avg latency: 4603.662518 ns
not implemented
3315.203422,14.021067,4603.662518
[PASSED]
[time 8.93 s, user 8.68 s, sys 0.22 s, maxrss 357768 KB]
[busy 920 jiffies]
[exit 0]
--- c2 case 2 rec 2   load 1.00 1.05 0.98
[TEST C2-MARISA]
Processing dataset...
Done!
Building trie...
trie size: 2.297644 MB
trie size: 3.841883 MB
trie size: 0.864431 MB
Done!
build time: 1801.205861 ms (1801.205861 ns per key)
space cost: 9.839272 MB (8.255212% of original size 119.188606 MB)
Querying trie...
Done!
total time: 1585.544640 ms, avg latency: 1585.544640 ns
topology: 1.073097 MB, link: 3.403300 MB, data: 5.342366 MB
--- Unary Path Analysis (Marisa, cutoff=3) ---
  branches: 1534795  |  single-char: 270841 (17.6%)  short-unary: 45134 (2.9%)  links: 1218820 (79.4%)
  link len: avg=14.88  max=445  total_chars=18132830
  link length distribution (len:count):  3:37127  4:49365  5:75461  6:91989  7:72185  8:66513  9:63973  10:68956  11:73223  12:65790  13:57380  14:41495  15:36762  16:42631  17:41179  18:27817  19:22377  20:18838  21:17845  22:16718  23:15115  24:13613  25:12555  26:39233  27:27982  28:7379  29:6328  30:6087  31:6172  32:5955  33:5265  34:5643  35:4792  36:4909  37:5534  38:9417  39:5190  40:12044  41:4130  42:3423  43:3194  44:2134  45:1772  46:1642  47:1384  48:1261  49:1057  50:900  51:919  52:1030  53:750  54:799  55:667  56:702  57:772  58:823  59:1198  60:1008  61:899  62:972  63:712  64:409  65:454  66:414  67:320  68:269  69:256  70:270  71:258  72:280  73:453  74:258  75:356  76:221  77:315  78:88  79:138  80:65  81:34  82:48  83:40  84:34  85:38  86:63  87:38  88:23  89:36  90:23  91:6  92:6  93:19  94:8  95:11  96:14  97:13  98:3  99:5  100:4  101:12  102:17  103:11  104:6  105:17  106:9  107:12  108:11  109:7  110:2  111:4  112:1  113:2  114:4  115:4  116:4  117:3  118:4  119:14  120:6  121:1  123:2  124:3  125:38  126:23  127:156  128:15  129:61  130:3  131:1  132:3  133:2  134:1  136:1  137:3  138:6  139:1  140:1  143:4  144:2  145:2  146:2  147:2  149:1  152:3  153:1  155:2  157:1  160:2  161:2  162:2  166:3  167:1  168:1  172:1  173:3  174:1  175:1  176:1  183:2  185:1  188:4  189:2  191:2  192:3  195:2  196:3  199:1  202:1  203:1  204:1  206:1  207:2  216:1  220:1  230:1  234:1  236:1  244:1  248:1  258:1  266:1  445:1
  short unary avg len: 2.00
1801.205861,9.839272,1585.544640
[PASSED]
[time 4.39 s, user 4.13 s, sys 0.24 s, maxrss 353468 KB]
[busy 455 jiffies]
[exit 0]
--- c2 case 2 rec 1   load 1.00 1.05 0.98
[TEST C2-MARISA]
Processing dataset...
Done!
Building trie...
trie size: 2.297644 MB
trie size: 3.841883 MB
Done!
build time: 1662.369958 ms (1662.369958 ns per key)
space cost: 9.839272 MB (8.255212% of original size 119.188606 MB)
Querying trie...
Done!
total time: 1589.044237 ms, avg latency: 1589.044237 ns
topology: 1.073097 MB, link: 3.403300 MB, data: 5.342366 MB
--- Unary Path Analysis (Marisa, cutoff=3) ---
  branches: 1534795  |  single-char: 270841 (17.6%)  short-unary: 45134 (2.9%)  links: 1218820 (79.4%)
  link len: avg=14.88  max=445  total_chars=18132830
  link length distribution (len:count):  3:37127  4:49365  5:75461  6:91989  7:72185  8:66513  9:63973  10:68956  11:73223  12:65790  13:57380  14:41495  15:36762  16:42631  17:41179  18:27817  19:22377  20:18838  21:17845  22:16718  23:15115  24:13613  25:12555  26:39233  27:27982  28:7379  29:6328  30:6087  31:6172  32:5955  33:5265  34:5643  35:4792  36:4909  37:5534  38:9417  39:5190  40:12044  41:4130  42:3423  43:3194  44:2134  45:1772  46:1642  47:1384  48:1261  49:1057  50:900  51:919  52:1030  53:750  54:799  55:667  56:702  57:772  58:823  59:1198  60:1008  61:899  62:972  63:712  64:409  65:454  66:414  67:320  68:269  69:256  70:270  71:258  72:280  73:453  74:258  75:356  76:221  77:315  78:88  79:138  80:65  81:34  82:48  83:40  84:34  85:38  86:63  87:38  88:23  89:36  90:23  91:6  92:6  93:19  94:8  95:11  96:14  97:13  98:3  99:5  100:4  101:12  102:17  103:11  104:6  105:17  106:9  107:12  108:11  109:7  110:2  111:4  112:1  113:2  114:4  115:4  116:4  117:3  118:4  119:14  120:6  121:1  123:2  124:3  125:38  126:23  127:156  128:15  129:61  130:3  131:1  132:3  133:2  134:1  136:1  137:3  138:6  139:1  140:1  143:4  144:2  145:2  146:2  147:2  149:1  152:3  153:1  155:2  157:1  160:2  161:2  162:2  166:3  167:1  168:1  172:1  173:3  174:1  175:1  176:1  183:2  185:1  188:4  189:2  191:2  192:3  195:2  196:3  199:1  202:1  203:1  204:1  206:1  207:2  216:1  220:1  230:1  234:1  236:1  244:1  248:1  258:1  266:1  445:1
  short unary avg len: 2.00
1662.369958,9.839272,1589.044237
[PASSED]
[time 4.25 s, user 3.98 s, sys 0.25 s, maxrss 354104 KB]
[busy 435 jiffies]
[exit 0]
--- c2 case 2 rec 0   load 1.08 1.06 0.99
[TEST C2-MARISA]
Processing dataset...
Done!
Building trie...
trie size: 2.297644 MB
Done!
build time: 1346.227525 ms (1346.227525 ns per key)
space cost: 11.928165 MB (10.007807% of original size 119.188606 MB)
Querying trie...
Done!
total time: 904.365292 ms, avg latency: 904.365292 ns
topology: 0.761036 MB, link: 3.343996 MB, data: 7.802626 MB
--- Unary Path Analysis (Marisa, cutoff=3) ---
  branches: 1534795  |  single-char: 270841 (17.6%)  short-unary: 45134 (2.9%)  links: 1218820 (79.4%)
  link len: avg=14.88  max=445  total_chars=18132830
  link length distribution (len:count):  3:37127  4:49365  5:75461  6:91989  7:72185  8:66513  9:63973  10:68956  11:73223  12:65790  13:57380  14:41495  15:36762  16:42631  17:41179  18:27817  19:22377  20:18838  21:17845  22:16718  23:15115  24:13613  25:12555  26:39233  27:27982  28:7379  29:6328  30:6087  31:6172  32:5955  33:5265  34:5643  35:4792  36:4909  37:5534  38:9417  39:5190  40:12044  41:4130  42:3423  43:3194  44:2134  45:1772  46:1642  47:1384  48:1261  49:1057  50:900  51:919  52:1030  53:750  54:799  55:667  56:702  57:772  58:823  59:1198  60:1008  61:899  62:972  63:712  64:409  65:454  66:414  67:320  68:269  69:256  70:270  71:258  72:280  73:453  74:258  75:356  76:221  77:315  78:88  79:138  80:65  81:34  82:48  83:40  84:34  85:38  86:63  87:38  88:23  89:36  90:23  91:6  92:6  93:19  94:8  95:11  96:14  97:13  98:3  99:5  100:4  101:12  102:17  103:11  104:6  105:17  106:9  107:12  108:11  109:7  110:2  111:4  112:1  113:2  114:4  115:4  116:4  117:3  118:4  119:14  120:6  121:1  123:2  124:3  125:38  126:23  127:156  128:15  129:61  130:3  131:1  132:3  133:2  134:1  136:1  137:3  138:6  139:1  140:1  143:4  144:2  145:2  146:2  147:2  149:1  152:3  153:1  155:2  157:1  160:2  161:2  162:2  166:3  167:1  168:1  172:1  173:3  174:1  175:1  176:1  183:2  185:1  188:4  189:2  191:2  192:3  195:2  196:3  199:1  202:1  203:1  204:1  206:1  207:2  216:1  220:1  230:1  234:1  236:1  244:1  248:1  258:1  266:1  445:1
  short unary avg len: 2.00
1346.227525,11.928165,904.365292
[PASSED]
[time 3.24 s, user 2.99 s, sys 0.24 s, maxrss 356152 KB]
[busy 335 jiffies]
[exit 0]
--- c2 case 1 rec 2   load 1.07 1.06 0.99
[TEST C2-CoCo(LOUDS-Sparse)]
Processing dataset...
Done!
Building trie...
trie size: 2.746100 MB
trie size: 0.687543 MB
Done!
build time: 5498.834239 ms (5498.834239 ns per key)
space cost: 13.118518 MB (11.006521% of original size 119.188606 MB)
Querying trie...
Done!
total time: 1839.089586 ms, avg latency: 1839.089586 ns
topology: 0.719440 MB, link: 3.961886 MB, data: 8.437192 MB
5498.834239,13.118518,1839.089586
[PASSED]
[time 8.32 s, user 7.93 s, sys 0.35 s, maxrss 590660 KB]
[busy 861 jiffies]
[exit 0]
--- c2 case 1 rec 1   load 1.06 1.06 0.99
[TEST C2-CoCo(LOUDS-Sparse)]
Processing dataset...
Done!
Building trie...
trie size: 2.746100 MB
Done!
build time: 5375.971540 ms (5375.971540 ns per key)
space cost: 13.118518 MB (11.006521% of original size 119.188606 MB)
Querying trie...
Done!
total time: 1798.113348 ms, avg latency: 1798.113348 ns
topology: 0.719440 MB, link: 3.961886 MB, data: 8.437192 MB
5375.971540,13.118518,1798.113348
[PASSED]
[time 8.16 s, user 7.79 s, sys 0.33 s, maxrss 587748 KB]
[busy 842 jiffies]
[exit 0]
--- c2 case 1 rec 0   load 1.05 1.06 0.99
[TEST C2-CoCo(LOUDS-Sparse)]
Processing dataset...
Done!
Building trie...
Done!
build time: 5144.813492 ms (5144.813492 ns per key)
space cost: 14.878411 MB (12.483082% of original size 119.188606 MB)
Querying trie...
Done!
total time: 1644.243679 ms, avg latency: 1644.243679 ns
topology: 0.476959 MB, link: 4.004946 MB, data: 10.396506 MB
5144.813492,14.878411,1644.243679
[PASSED]
[time 7.79 s, user 7.40 s, sys 0.36 s, maxrss 595936 KB]
[busy 805 jiffies]
[exit 0]
--- c2 case 0 rec 2   load 1.04 1.06 0.99
[TEST C2-FST]
Processing dataset...
Done!
Building trie...
trie size: 2.746100 MB
trie size: 0.687543 MB
Done!
build time: 1781.362003 ms (1781.362003 ns per key)
space cost: 12.500864 MB (10.488305% of original size 119.188606 MB)
Querying trie...
Done!
total time: 2639.643898 ms, avg latency: 2639.643898 ns
topology: 1.942371 MB, link: 2.552141 MB, data: 8.006351 MB
--- Unary Path Analysis (FST, cutoff=4) ---
  shared unary steps in main trie: 2658278
  terminal suffixes: inplace=39819 (avg len=2.28)  links=891354 (95.7% of terminal)
  link len: avg=14.94  max=443  total_chars=13318660
  link length distribution (len:count):  4:40001  5:49577  6:45421  7:46380  8:50483  9:55180  10:56608  11:54673  12:51140  13:35047  14:30416  15:36724  16:35248  17:24069  18:19466  19:17073  20:16018  21:15299  22:13878  23:12677  24:11568  25:37816  26:26754  27:6712  28:5420  29:5541  30:5676  31:5365  32:4659  33:5334  34:4520  35:4652  36:5350  37:9255  38:4943  39:11477  40:3024  41:2087  42:2051  43:1854  44:1606  45:1448  46:1135  47:1025  48:963  49:801  50:774  51:907  52:679  53:727  54:589  55:642  56:710  57:689  58:824  59:515  60:781  61:937  62:666  63:360  64:436  65:381  66:289  67:245  68:235  69:250  70:244  71:266  72:444  73:249  74:341  75:214  76:315  77:82  78:131  79:63  80:31  81:46  82:38  83:33  84:32  85:58  86:34  87:20  88:33  89:21  90:5  91:6  92:18  93:7  94:11  95:14  96:12  97:3  98:4  99:4  100:10  101:17  102:11  103:6  104:17  105:9  106:12  107:11  108:7  109:2  110:3  111:1  112:2  113:4  114:3  115:4  116:3  117:4  118:13  119:5  120:1  122:2  123:3  124:38  125:23  126:156  127:15  128:61  129:3  130:1  131:3  132:2  133:1  136:3  137:6  138:1  139:1  142:4  143:1  144:2  145:2  146:2  151:3  152:1  154:2  159:2  160:2  161:2  165:3  167:1  171:1  172:3  173:1  174:1  175:1  182:1  187:3  188:1  190:2  191:1  194:1  195:3  198:1  201:1  202:1  203:1  205:1  206:1  215:1  219:1  233:1  235:1  243:1  247:1  257:1  265:1  444:1
1781.362003,12.500864,2639.643898
[PASSED]
[time 5.44 s, user 5.19 s, sys 0.22 s, maxrss 356608 KB]
[busy 559 jiffies]
[exit 0]
--- c2 case 0 rec 1   load 1.04 1.05 0.99
[TEST C2-FST]
Processing dataset...
Done!
Building trie...
trie size: 2.746100 MB
Done!
build time: 1658.481730 ms (1658.481730 ns per key)
space cost: 12.500864 MB (10.488305% of original size 119.188606 MB)
Querying trie...
Done!
total time: 2677.073991 ms, avg latency: 2677.073991 ns
topology: 1.942371 MB, link: 2.552141 MB, data: 8.006351 MB
--- Unary Path Analysis (FST, cutoff=4) ---
  shared unary steps in main trie: 2658278
  terminal suffixes: inplace=39819 (avg len=2.28)  links=891354 (95.7% of terminal)
  link len: avg=14.94  max=443  total_chars=13318660
  link length distribution (len:count):  4:40001  5:49577  6:45421  7:46380  8:50483  9:55180  10:56608  11:54673  12:51140  13:35047  14:30416  15:36724  16:35248  17:24069  18:19466  19:17073  20:16018  21:15299  22:13878  23:12677  24:11568  25:37816  26:26754  27:6712  28:5420  29:5541  30:5676  31:5365  32:4659  33:5334  34:4520  35:4652  36:5350  37:9255  38:4943  39:11477  40:3024  41:2087  42:2051  43:1854  44:1606  45:1448  46:1135  47:1025  48:963  49:801  50:774  51:907  52:679  53:727  54:589  55:642  56:710  57:689  58:824  59:515  60:781  61:937  62:666  63:360  64:436  65:381  66:289  67:245  68:235  69:250  70:244  71:266  72:444  73:249  74:341  75:214  76:315  77:82  78:131  79:63  80:31  81:46  82:38  83:33  84:32  85:58  86:34  87:20  88:33  89:21  90:5  91:6  92:18  93:7  94:11  95:14  96:12  97:3  98:4  99:4  100:10  101:17  102:11  103:6  104:17  105:9  106:12  107:11  108:7  109:2  110:3  111:1  112:2  113:4  114:3  115:4  116:3  117:4  118:13  119:5  120:1  122:2  123:3  124:38  125:23  126:156  127:15  128:61  129:3  130:1  131:3  132:2  133:1  136:3  137:6  138:1  139:1  142:4  143:1  144:2  145:2  146:2  151:3  152:1  154:2  159:2  160:2  161:2  165:3  167:1  171:1  172:3  173:1  174:1  175:1  182:1  187:3  188:1  190:2  191:1  194:1  195:3  198:1  201:1  202:1  203:1  205:1  206:1  215:1  219:1  233:1  235:1  243:1  247:1  257:1  265:1  444:1
1658.481730,12.500864,2677.073991
[PASSED]
[time 5.34 s, user 5.10 s, sys 0.21 s, maxrss 356812 KB]
[busy 552 jiffies]
[exit 0]
--- c2 case 0 rec 0   load 1.04 1.05 0.99
[TEST C2-FST]
Processing dataset...
Done!
Building trie...
Done!
build time: 1408.932554 ms (1408.932554 ns per key)
space cost: 14.260756 MB (11.964866% of original size 119.188606 MB)
Querying trie...
Done!
total time: 2459.573672 ms, avg latency: 2459.573672 ns
topology: 1.699890 MB, link: 2.595201 MB, data: 9.965666 MB
--- Unary Path Analysis (FST, cutoff=4) ---
  shared unary steps in main trie: 2658278
  terminal suffixes: inplace=39819 (avg len=2.28)  links=891354 (95.7% of terminal)
  link len: avg=14.94  max=443  total_chars=13318660
  link length distribution (len:count):  4:40001  5:49577  6:45421  7:46380  8:50483  9:55180  10:56608  11:54673  12:51140  13:35047  14:30416  15:36724  16:35248  17:24069  18:19466  19:17073  20:16018  21:15299  22:13878  23:12677  24:11568  25:37816  26:26754  27:6712  28:5420  29:5541  30:5676  31:5365  32:4659  33:5334  34:4520  35:4652  36:5350  37:9255  38:4943  39:11477  40:3024  41:2087  42:2051  43:1854  44:1606  45:1448  46:1135  47:1025  48:963  49:801  50:774  51:907  52:679  53:727  54:589  55:642  56:710  57:689  58:824  59:515  60:781  61:937  62:666  63:360  64:436  65:381  66:289  67:245  68:235  69:250  70:244  71:266  72:444  73:249  74:341  75:214  76:315  77:82  78:131  79:63  80:31  81:46  82:38  83:33  84:32  85:58  86:34  87:20  88:33  89:21  90:5  91:6  92:18  93:7  94:11  95:14  96:12  97:3  98:4  99:4  100:10  101:17  102:11  103:6  104:17  105:9  106:12  107:11  108:7  109:2  110:3  111:1  112:2  113:4  114:3  115:4  116:3  117:4  118:13  119:5  120:1  122:2  123:3  124:38  125:23  126:156  127:15  128:61  129:3  130:1  131:3  132:2  133:1  136:3  137:6  138:1  139:1  142:4  143:1  144:2  145:2  146:2  151:3  152:1  154:2  159:2  160:2  161:2  165:3  167:1  171:1  172:3  173:1  174:1  175:1  182:1  187:3  188:1  190:2  191:1  194:1  195:3  198:1  201:1  202:1  203:1  205:1  206:1  215:1  219:1  233:1  235:1  243:1  247:1  257:1  265:1  444:1
1408.932554,14.260756,2459.573672
[PASSED]
[time 4.88 s, user 4.63 s, sys 0.23 s, maxrss 358344 KB]
[busy 502 jiffies]
[exit 0]
--- lexindex string   load 0.95 1.03 0.99
1000000 keys
lexindex StringIndex: build 1489 ms, size 16.673 MiB (17.483 B/key), latency cold 1124.1 ns, then mean 1122.8 / min 1115.9 ns
1489.120,16.673446,1124.096
[time 6.78 s, user 6.56 s, sys 0.19 s, maxrss 362684 KB]
[busy 703 jiffies]
[exit 0]
--- lexindex dict1024   load 0.95 1.03 0.99
1000000 keys
lexindex DictIndex block 1024: build 571 ms, size 8.891 MiB (9.323 B/key), latency cold 860.6 ns, then mean 846.5 / min 843.8 ns
570.617,8.891459,860.625
[time 4.77 s, user 6.54 s, sys 0.35 s, maxrss 503276 KB]
[busy 716 jiffies]
[exit 0]
--- lexindex dict256   load 0.96 1.03 0.99
1000000 keys
lexindex DictIndex block 256: build 519 ms, size 9.414 MiB (9.871 B/key), latency cold 799.6 ns, then mean 791.9 / min 789.1 ns
518.898,9.413641,799.579
[time 4.49 s, user 7.30 s, sys 0.39 s, maxrss 491880 KB]
[busy 800 jiffies]
[exit 0]
--- lexindex dict32   load 0.96 1.03 0.99
1000000 keys
lexindex DictIndex block 32: build 503 ms, size 12.389 MiB (12.991 B/key), latency cold 797.8 ns, then mean 784.4 / min 775.8 ns
503.485,12.389187,797.794
[time 4.45 s, user 7.11 s, sys 0.42 s, maxrss 496340 KB]
[busy 781 jiffies]
[exit 0]

##### opaque-1000000 (1000000 lines, 17000000 bytes)   round 2/3   2026-09-20T12:16:56+03:00
--- xcdat 16   load 2.33 1.31 1.08
build time: 643.243274 ms
space cost: 19.227987 MiB (126.012538% of original size 15.258789 MiB)
avg latency: 209.513957 ns
643.243274,19.227987,209.513957
[time 1.53 s, user 1.41 s, sys 0.11 s, maxrss 179692 KB]
[busy 160 jiffies]
[exit 0]
--- xcdat 15   load 2.22 1.31 1.08
build time: 661.672793 ms
space cost: 19.094490 MiB (125.137650% of original size 15.258789 MiB)
avg latency: 204.501216 ns
661.672793,19.094490,204.501216
[time 1.55 s, user 1.44 s, sys 0.10 s, maxrss 180992 KB]
[busy 165 jiffies]
[exit 0]
--- xcdat 8   load 2.22 1.31 1.08
build time: 643.373920 ms
space cost: 18.565336 MiB (121.669787% of original size 15.258789 MiB)
avg latency: 213.317086 ns
643.373920,18.565336,213.317086
[time 1.55 s, user 1.44 s, sys 0.11 s, maxrss 179692 KB]
[busy 163 jiffies]
[exit 0]
--- xcdat 7   load 2.12 1.30 1.08
build time: 671.668652 ms
space cost: 19.932177 MiB (130.627512% of original size 15.258789 MiB)
avg latency: 222.443068 ns
671.668652,19.932177,222.443068
[time 1.58 s, user 1.47 s, sys 0.10 s, maxrss 173340 KB]
[busy 167 jiffies]
[exit 0]
--- c2 case 8 rec 0   load 1.95 1.28 1.07
[TEST CART]
Processing dataset...
Done!
Building trie...
Done!
build time: 167.154179 ms (167.154179 ns per key)
space cost: 11.383729 MB (74.604406% of original size 15.258789 MB)
Querying trie...
Done!
total time: 224.800980 ms, avg latency: 224.800980 ns
not implemented
167.154179,11.383729,224.800980
[PASSED]
[time 1.06 s, user 0.97 s, sys 0.08 s, maxrss 160720 KB]
[busy 111 jiffies]
[exit 0]
--- c2 case 7 rec 0   load 1.95 1.28 1.07
[TEST ART]
Processing dataset...
Done!
Building trie...
Done!
build time: 142.359025 ms (142.359025 ns per key)
space cost: 30.301407 MB (198.583300% of original size 15.258789 MB)
Querying trie...
Done!
total time: 180.140337 ms, avg latency: 180.140337 ns
not implemented
142.359025,30.301407,180.140337
[PASSED]
[time 0.99 s, user 0.88 s, sys 0.10 s, maxrss 178784 KB]
[busy 105 jiffies]
[exit 0]
--- c2 case 6 rec 0   load 1.95 1.28 1.07
[TEST PDT]
Processing dataset...
Done!
Building trie...
dict size: 177882, stream size: 12826382
Done!
build time: 16285.260815 ms (16285.260815 ns per key)
space cost: 13.677892 MB (89.639431% of original size 15.258789 MB)
Querying trie...
Done!
total time: 596.549910 ms, avg latency: 596.549910 ns
not implemented
16285.260815,13.677892,596.549910
[PASSED]
[time 17.53 s, user 17.25 s, sys 0.21 s, maxrss 361236 KB]
[busy 1802 jiffies]
[exit 0]
--- c2 case 5 rec 2   load 1.75 1.28 1.08
[TEST MARISA]
Processing dataset...
Done!
Building trie...
Done!
build time: 951.186656 ms (951.186656 ns per key)
space cost: 17.949429 MB (117.633375% of original size 15.258789 MB)
Querying trie...
Done!
total time: 962.573229 ms, avg latency: 962.573229 ns
not implemented
951.186656,17.949429,962.573229
[PASSED]
[time 2.58 s, user 2.43 s, sys 0.14 s, maxrss 225436 KB]
[busy 270 jiffies]
[exit 0]
--- c2 case 5 rec 1   load 1.69 1.27 1.08
[TEST MARISA]
Processing dataset...
Done!
Building trie...
Done!
build time: 759.779923 ms (759.779923 ns per key)
space cost: 17.634758 MB (115.571150% of original size 15.258789 MB)
Querying trie...
Done!
total time: 681.326774 ms, avg latency: 681.326774 ns
not implemented
759.779923,17.634758,681.326774
[PASSED]
[time 2.10 s, user 1.96 s, sys 0.12 s, maxrss 185372 KB]
[busy 217 jiffies]
[exit 0]
--- c2 case 5 rec 0   load 1.69 1.27 1.08
[TEST MARISA]
Processing dataset...
Done!
Building trie...
Done!
build time: 470.838356 ms (470.838356 ns per key)
space cost: 17.200768 MB (112.726950% of original size 15.258789 MB)
Querying trie...
Done!
total time: 456.374100 ms, avg latency: 456.374100 ns
not implemented
470.838356,17.200768,456.374100
[PASSED]
[time 1.57 s, user 1.44 s, sys 0.11 s, maxrss 194980 KB]
[busy 166 jiffies]
[exit 0]
--- c2 case 4 rec 0   load 1.63 1.27 1.08
[TEST COCO]
Processing dataset...
Done!
Building trie...
num nodes = 4097, average depth = 12.997071
ef = 0.000000, pa = 0.000000, bv = 0.000000, de = 0.000000
efr = 0.000000, par = 0.999756, bvr = 0.000244, der = 0.000000
Done!
build time: 17433.228776 ms (17433.228776 ns per key)
space cost: 10.595579 MB (69.439184% of original size 15.258789 MB)
Querying trie...
Done!
total time: 469.132249 ms, avg latency: 469.132249 ns
not implemented
17433.228776,10.595579,469.132249
[PASSED]
[time 19.36 s, user 14.43 s, sys 4.85 s, maxrss 11388796 KB]
[busy 1998 jiffies]
[exit 0]
--- c2 case 3 rec 0   load 1.45 1.25 1.07
[TEST FST]
Processing dataset...
Done!
Building trie...
Done!
build time: 658.207971 ms (658.207971 ns per key)
space cost: 16.760878 MB (109.844088% of original size 15.258789 MB)
Querying trie...
Done!
total time: 341.349432 ms, avg latency: 341.349432 ns
not implemented
658.207971,16.760878,341.349432
[PASSED]
[time 1.65 s, user 1.55 s, sys 0.09 s, maxrss 146784 KB]
[busy 172 jiffies]
[exit 0]
--- c2 case 2 rec 2   load 1.34 1.23 1.07
[TEST C2-MARISA]
Processing dataset...
Done!
Building trie...
trie size: 1.836515 MB
trie size: 4.316792 MB
Done!
build time: 2012.875149 ms (2012.875149 ns per key)
space cost: 16.609414 MB (108.851456% of original size 15.258789 MB)
Querying trie...
Done!
total time: 323.375288 ms, avg latency: 323.375288 ns
topology: 0.607349 MB, link: 2.863268 MB, data: 13.118289 MB
--- Unary Path Analysis (Marisa, cutoff=3) ---
  branches: 1267337  |  single-char: 266306 (21.0%)  short-unary: 1021 (0.1%)  links: 1000010 (78.9%)
  link len: avg=12.96  max=14  total_chars=12963813
  link length distribution (len:count):  3:10  10:6  11:856  12:56569  13:920487  14:22082
  short unary avg len: 2.00
2012.875149,16.609414,323.375288
[PASSED]
[time 2.98 s, user 2.78 s, sys 0.19 s, maxrss 283456 KB]
[busy 313 jiffies]
[exit 0]
--- c2 case 2 rec 1   load 1.34 1.23 1.07
[TEST C2-MARISA]
Processing dataset...
Done!
Building trie...
trie size: 1.836515 MB
trie size: 4.316792 MB
Done!
build time: 2017.449537 ms (2017.449537 ns per key)
space cost: 16.609414 MB (108.851456% of original size 15.258789 MB)
Querying trie...
Done!
total time: 323.685962 ms, avg latency: 323.685962 ns
topology: 0.607349 MB, link: 2.863268 MB, data: 13.118289 MB
--- Unary Path Analysis (Marisa, cutoff=3) ---
  branches: 1267337  |  single-char: 266306 (21.0%)  short-unary: 1021 (0.1%)  links: 1000010 (78.9%)
  link len: avg=12.96  max=14  total_chars=12963813
  link length distribution (len:count):  3:10  10:6  11:856  12:56569  13:920487  14:22082
  short unary avg len: 2.00
2017.449537,16.609414,323.685962
[PASSED]
[time 3.00 s, user 2.80 s, sys 0.19 s, maxrss 283820 KB]
[busy 311 jiffies]
[exit 0]
--- c2 case 2 rec 0   load 1.31 1.23 1.07
[TEST C2-MARISA]
Processing dataset...
Done!
Building trie...
trie size: 1.836515 MB
Done!
build time: 973.086178 ms (973.086178 ns per key)
space cost: 16.609414 MB (108.851456% of original size 15.258789 MB)
Querying trie...
Done!
total time: 324.312339 ms, avg latency: 324.312339 ns
topology: 0.607349 MB, link: 2.863268 MB, data: 13.118289 MB
--- Unary Path Analysis (Marisa, cutoff=3) ---
  branches: 1267337  |  single-char: 266306 (21.0%)  short-unary: 1021 (0.1%)  links: 1000010 (78.9%)
  link len: avg=12.96  max=14  total_chars=12963813
  link length distribution (len:count):  3:10  10:6  11:856  12:56569  13:920487  14:22082
  short unary avg len: 2.00
973.086178,16.609414,324.312339
[PASSED]
[time 1.94 s, user 1.79 s, sys 0.15 s, maxrss 236876 KB]
[busy 205 jiffies]
[exit 0]
--- c2 case 1 rec 2   load 1.28 1.22 1.07
[TEST C2-CoCo(LOUDS-Sparse)]
Processing dataset...
Done!
Building trie...
trie size: 4.316751 MB
Done!
build time: 2222.430164 ms (2222.430164 ns per key)
space cost: 16.089285 MB (105.442735% of original size 15.258789 MB)
Querying trie...
Done!
total time: 534.484053 ms, avg latency: 534.484053 ns
topology: 0.346626 MB, link: 3.175570 MB, data: 12.567089 MB
2222.430164,16.089285,534.484053
[PASSED]
[time 3.42 s, user 3.17 s, sys 0.23 s, maxrss 418900 KB]
[busy 360 jiffies]
[exit 0]
--- c2 case 1 rec 1   load 1.18 1.20 1.06
[TEST C2-CoCo(LOUDS-Sparse)]
Processing dataset...
Done!
Building trie...
trie size: 4.316751 MB
Done!
build time: 2224.094602 ms (2224.094602 ns per key)
space cost: 16.089285 MB (105.442735% of original size 15.258789 MB)
Querying trie...
Done!
total time: 531.619409 ms, avg latency: 531.619409 ns
topology: 0.346626 MB, link: 3.175570 MB, data: 12.567089 MB
2224.094602,16.089285,531.619409
[PASSED]
[time 3.42 s, user 3.16 s, sys 0.24 s, maxrss 418800 KB]
[busy 354 jiffies]
[exit 0]
--- c2 case 1 rec 0   load 1.18 1.20 1.06
[TEST C2-CoCo(LOUDS-Sparse)]
Processing dataset...
Done!
Building trie...
Done!
build time: 1343.333475 ms (1343.333475 ns per key)
space cost: 16.089285 MB (105.442735% of original size 15.258789 MB)
Querying trie...
Done!
total time: 531.044328 ms, avg latency: 531.044328 ns
topology: 0.346626 MB, link: 3.175570 MB, data: 12.567089 MB
1343.333475,16.089285,531.044328
[PASSED]
[time 2.52 s, user 2.32 s, sys 0.19 s, maxrss 357356 KB]
[busy 263 jiffies]
[exit 0]
--- c2 case 0 rec 2   load 1.17 1.20 1.06
[TEST C2-FST]
Processing dataset...
Done!
Building trie...
trie size: 4.316751 MB
Done!
build time: 1969.784838 ms (1969.784838 ns per key)
space cost: 16.922257 MB (110.901706% of original size 15.258789 MB)
Querying trie...
Done!
total time: 393.631911 ms, avg latency: 393.631911 ns
topology: 0.743332 MB, link: 3.012292 MB, data: 13.166634 MB
--- Unary Path Analysis (FST, cutoff=4) ---
  shared unary steps in main trie: 1041
  terminal suffixes: inplace=0 (avg len=0.00)  links=1000000 (100.0% of terminal)
  link len: avg=10.96  max=12  total_chars=10963783
  link length distribution (len:count):  9:6  10:856  11:56569  12:920487  13:22082
1969.784838,16.922257,393.631911
[PASSED]
[time 3.01 s, user 2.80 s, sys 0.20 s, maxrss 311652 KB]
[busy 313 jiffies]
[exit 0]
--- c2 case 0 rec 1   load 1.15 1.19 1.06
[TEST C2-FST]
Processing dataset...
Done!
Building trie...
trie size: 4.316751 MB
Done!
build time: 1979.166772 ms (1979.166772 ns per key)
space cost: 16.922257 MB (110.901706% of original size 15.258789 MB)
Querying trie...
Done!
total time: 400.293792 ms, avg latency: 400.293792 ns
topology: 0.743332 MB, link: 3.012292 MB, data: 13.166634 MB
--- Unary Path Analysis (FST, cutoff=4) ---
  shared unary steps in main trie: 1041
  terminal suffixes: inplace=0 (avg len=0.00)  links=1000000 (100.0% of terminal)
  link len: avg=10.96  max=12  total_chars=10963783
  link length distribution (len:count):  9:6  10:856  11:56569  12:920487  13:22082
1979.166772,16.922257,400.293792
[PASSED]
[time 3.02 s, user 2.79 s, sys 0.21 s, maxrss 311700 KB]
[busy 314 jiffies]
[exit 0]
--- c2 case 0 rec 0   load 1.14 1.19 1.06
[TEST C2-FST]
Processing dataset...
Done!
Building trie...
Done!
build time: 1075.788374 ms (1075.788374 ns per key)
space cost: 16.922257 MB (110.901706% of original size 15.258789 MB)
Querying trie...
Done!
total time: 402.295084 ms, avg latency: 402.295084 ns
topology: 0.743332 MB, link: 3.012292 MB, data: 13.166634 MB
--- Unary Path Analysis (FST, cutoff=4) ---
  shared unary steps in main trie: 1041
  terminal suffixes: inplace=0 (avg len=0.00)  links=1000000 (100.0% of terminal)
  link len: avg=10.96  max=12  total_chars=10963783
  link length distribution (len:count):  9:6  10:856  11:56569  12:920487  13:22082
1075.788374,16.922257,402.295084
[PASSED]
[time 2.12 s, user 1.96 s, sys 0.14 s, maxrss 250132 KB]
[busy 221 jiffies]
[exit 0]
--- lexindex string   load 1.14 1.19 1.06
1000000 keys
lexindex StringIndex: build 1095 ms, size 20.443 MiB (21.436 B/key), latency cold 382.6 ns, then mean 380.2 / min 380.0 ns
1095.458,20.442799,382.600
[time 3.06 s, user 2.97 s, sys 0.08 s, maxrss 152068 KB]
[busy 320 jiffies]
[exit 0]
--- lexindex dict1024   load 1.13 1.19 1.06
1000000 keys
lexindex DictIndex block 1024: build 153 ms, size 9.814 MiB (10.291 B/key), latency cold 407.4 ns, then mean 402.8 / min 401.4 ns
153.428,9.813874,407.366
[time 2.21 s, user 2.53 s, sys 0.17 s, maxrss 155028 KB]
[busy 293 jiffies]
[exit 0]
--- lexindex dict256   load 1.12 1.18 1.06
1000000 keys
lexindex DictIndex block 256: build 140 ms, size 9.917 MiB (10.399 B/key), latency cold 361.6 ns, then mean 356.8 / min 355.0 ns
140.414,9.916968,361.577
[time 2.02 s, user 2.63 s, sys 0.26 s, maxrss 220940 KB]
[busy 306 jiffies]
[exit 0]
--- lexindex dict32   load 1.03 1.16 1.05
1000000 keys
lexindex DictIndex block 32: build 147 ms, size 10.145 MiB (10.638 B/key), latency cold 346.5 ns, then mean 342.2 / min 339.7 ns
146.525,10.144960,346.534
[time 1.97 s, user 2.63 s, sys 0.25 s, maxrss 207508 KB]
[busy 306 jiffies]
[exit 0]

##### numeric-1000000 (1000000 lines, 6888890 bytes)   round 2/3   2026-09-20T12:18:49+03:00
--- xcdat 16   load 1.03 1.16 1.05
build time: 183.129535 ms
space cost: 7.181439 MiB (127.872740% of original size 5.616083 MiB)
avg latency: 68.466608 ns
183.129535,7.181439,68.466608
[time 0.59 s, user 0.51 s, sys 0.07 s, maxrss 90320 KB]
[busy 63 jiffies]
[exit 0]
--- xcdat 15   load 1.03 1.16 1.05
build time: 211.520188 ms
space cost: 6.727912 MiB (119.797228% of original size 5.616083 MiB)
avg latency: 55.063226 ns
211.520188,6.727912,55.063226
[time 0.60 s, user 0.53 s, sys 0.06 s, maxrss 89940 KB]
[busy 65 jiffies]
[exit 0]
--- xcdat 8   load 1.03 1.16 1.05
build time: 178.275572 ms
space cost: 4.607934 MiB (82.048892% of original size 5.616083 MiB)
avg latency: 95.745771 ns
178.275572,4.607934,95.745771
[time 0.59 s, user 0.52 s, sys 0.06 s, maxrss 90316 KB]
[busy 64 jiffies]
[exit 0]
--- xcdat 7   load 1.03 1.16 1.05
build time: 272.250665 ms
space cost: 5.285287 MiB (94.109841% of original size 5.616083 MiB)
avg latency: 84.600954 ns
272.250665,5.285287,84.600954
[time 0.69 s, user 0.63 s, sys 0.06 s, maxrss 90280 KB]
[busy 76 jiffies]
[exit 0]
--- c2 case 8 rec 0   load 1.03 1.16 1.05
[TEST CART]
Processing dataset...
Done!
Building trie...
Done!
build time: 72.329348 ms (72.329348 ns per key)
space cost: 11.262885 MB (200.546979% of original size 5.616083 MB)
Querying trie...
Done!
total time: 80.176548 ms, avg latency: 80.176548 ns
not implemented
72.329348,11.262885,80.176548
[PASSED]
[time 0.48 s, user 0.41 s, sys 0.06 s, maxrss 104744 KB]
[busy 53 jiffies]
[exit 0]
--- c2 case 7 rec 0   load 1.02 1.16 1.05
[TEST ART]
Processing dataset...
Done!
Building trie...
Done!
build time: 56.432088 ms (56.432088 ns per key)
space cost: 20.065308 MB (357.282951% of original size 5.616083 MB)
Querying trie...
Done!
total time: 71.387208 ms, avg latency: 71.387208 ns
not implemented
56.432088,20.065308,71.387208
[PASSED]
[time 0.45 s, user 0.39 s, sys 0.05 s, maxrss 103128 KB]
[busy 49 jiffies]
[exit 0]
--- c2 case 6 rec 0   load 1.02 1.16 1.05
[TEST PDT]
Processing dataset...
Done!
Building trie...
dict size: 92, stream size: 296698
Done!
build time: 107.200462 ms (107.200462 ns per key)
space cost: 1.559100 MB (27.761344% of original size 5.616083 MB)
Querying trie...
Done!
total time: 397.231446 ms, avg latency: 397.231446 ns
not implemented
107.200462,1.559100,397.231446
[PASSED]
[time 0.83 s, user 0.77 s, sys 0.05 s, maxrss 89564 KB]
[busy 92 jiffies]
[exit 0]
--- c2 case 5 rec 2   load 1.02 1.16 1.05
[TEST MARISA]
Processing dataset...
Done!
Building trie...
Done!
build time: 147.544752 ms (147.544752 ns per key)
space cost: 1.565816 MB (27.880925% of original size 5.616083 MB)
Querying trie...
Done!
total time: 187.487808 ms, avg latency: 187.487808 ns
not implemented
147.544752,1.565816,187.487808
[PASSED]
[time 0.67 s, user 0.58 s, sys 0.08 s, maxrss 108152 KB]
[busy 72 jiffies]
[exit 0]
--- c2 case 5 rec 1   load 1.02 1.16 1.05
[TEST MARISA]
Processing dataset...
Done!
Building trie...
Done!
build time: 145.568677 ms (145.568677 ns per key)
space cost: 1.565816 MB (27.880925% of original size 5.616083 MB)
Querying trie...
Done!
total time: 188.041238 ms, avg latency: 188.041238 ns
not implemented
145.568677,1.565816,188.041238
[PASSED]
[time 0.67 s, user 0.59 s, sys 0.07 s, maxrss 108216 KB]
[busy 73 jiffies]
[exit 0]
--- c2 case 5 rec 0   load 1.02 1.16 1.05
[TEST MARISA]
Processing dataset...
Done!
Building trie...
Done!
build time: 145.903126 ms (145.903126 ns per key)
space cost: 1.565816 MB (27.880925% of original size 5.616083 MB)
Querying trie...
Done!
total time: 187.167525 ms, avg latency: 187.167525 ns
not implemented
145.903126,1.565816,187.167525
[PASSED]
[time 0.67 s, user 0.60 s, sys 0.07 s, maxrss 108368 KB]
[busy 72 jiffies]
[exit 0]
--- c2 case 4 rec 0   load 1.02 1.16 1.05
[TEST COCO]
Processing dataset...
Done!
Building trie...
num nodes = 9001, average depth = 1.000222
ef = 0.000000, pa = 0.000000, bv = 0.000111, de = 0.999889
efr = 0.000000, par = 0.000000, bvr = 0.000000, der = 0.000000
Done!
build time: 700.928176 ms (700.928176 ns per key)
space cost: 0.497188 MB (8.852927% of original size 5.616083 MB)
Querying trie...
Done!
total time: 225.014311 ms, avg latency: 225.014311 ns
not implemented
700.928176,0.497188,225.014311
[PASSED]
[time 1.29 s, user 1.04 s, sys 0.24 s, maxrss 494928 KB]
[busy 138 jiffies]
[exit 0]
--- c2 case 3 rec 0   load 1.02 1.15 1.05
[TEST FST]
Processing dataset...
Done!
Building trie...
Done!
build time: 222.919654 ms (222.919654 ns per key)
space cost: 1.445107 MB (25.731589% of original size 5.616083 MB)
Querying trie...
Done!
total time: 247.381402 ms, avg latency: 247.381402 ns
not implemented
222.919654,1.445107,247.381402
[PASSED]
[time 0.80 s, user 0.73 s, sys 0.06 s, maxrss 74020 KB]
[busy 89 jiffies]
[exit 0]
--- c2 case 2 rec 2   skipped: exit 139 in round 1
--- c2 case 2 rec 1   skipped: exit 139 in round 1
--- c2 case 2 rec 0   skipped: exit 139 in round 1
--- c2 case 1 rec 2   skipped: exit 139 in round 1
--- c2 case 1 rec 1   skipped: exit 139 in round 1
--- c2 case 1 rec 0   skipped: exit 139 in round 1
--- c2 case 0 rec 2   skipped: exit 139 in round 1
--- c2 case 0 rec 1   skipped: exit 139 in round 1
--- c2 case 0 rec 0   skipped: exit 139 in round 1
--- lexindex string   load 1.02 1.15 1.05
1000000 keys
lexindex StringIndex: build 161 ms, size 0.000 MiB (0.000 B/key), latency cold 113.0 ns, then mean 112.4 / min 112.2 ns
160.650,0.000287,113.043
[time 1.03 s, user 0.96 s, sys 0.06 s, maxrss 114508 KB]
[busy 115 jiffies]
[exit 0]
--- lexindex dict1024   load 0.94 1.13 1.05
1000000 keys
lexindex DictIndex block 1024: build 89 ms, size 0.875 MiB (0.918 B/key), latency cold 297.8 ns, then mean 302.8 / min 296.2 ns
88.765,0.875449,297.790
[time 1.73 s, user 1.81 s, sys 0.09 s, maxrss 138676 KB]
[busy 204 jiffies]
[exit 0]
--- lexindex dict256   load 0.94 1.13 1.05
1000000 keys
lexindex DictIndex block 256: build 92 ms, size 0.964 MiB (1.011 B/key), latency cold 280.2 ns, then mean 282.4 / min 281.9 ns
92.308,0.964076,280.217
[time 1.65 s, user 1.87 s, sys 0.17 s, maxrss 142504 KB]
[busy 217 jiffies]
[exit 0]
--- lexindex dict32   load 0.94 1.13 1.05
1000000 keys
lexindex DictIndex block 32: build 93 ms, size 1.160 MiB (1.216 B/key), latency cold 261.0 ns, then mean 260.6 / min 260.4 ns
92.678,1.159871,260.973
[time 1.57 s, user 1.77 s, sys 0.14 s, maxrss 153000 KB]
[busy 204 jiffies]
[exit 0]

##### idents-1000000 (1000000 lines, 18283976 bytes)   round 2/3   2026-09-20T12:19:20+03:00
--- xcdat 16   load 0.94 1.13 1.05
build time: 467.500963 ms
space cost: 13.736038 MiB (83.333140% of original size 16.483284 MiB)
avg latency: 212.311566 ns
467.500963,13.736038,212.311566
[time 1.20 s, user 1.09 s, sys 0.11 s, maxrss 180036 KB]
[busy 130 jiffies]
[exit 0]
--- xcdat 15   load 0.87 1.11 1.04
build time: 503.031756 ms
space cost: 13.141485 MiB (79.726135% of original size 16.483284 MiB)
avg latency: 203.731658 ns
503.031756,13.141485,203.731658
[time 1.24 s, user 1.12 s, sys 0.11 s, maxrss 179944 KB]
[busy 132 jiffies]
[exit 0]
--- xcdat 8   load 0.87 1.11 1.04
build time: 462.702614 ms
space cost: 10.584354 MiB (64.212656% of original size 16.483284 MiB)
avg latency: 224.724025 ns
462.702614,10.584354,224.724025
[time 1.22 s, user 1.10 s, sys 0.10 s, maxrss 179796 KB]
[busy 131 jiffies]
[exit 0]
--- xcdat 7   load 0.80 1.09 1.03
build time: 507.695862 ms
space cost: 11.013126 MiB (66.813909% of original size 16.483284 MiB)
avg latency: 221.935214 ns
507.695862,11.013126,221.935214
[time 1.27 s, user 1.15 s, sys 0.11 s, maxrss 180168 KB]
[busy 135 jiffies]
[exit 0]
--- c2 case 8 rec 0   load 0.80 1.09 1.03
[TEST CART]
Processing dataset...
Done!
Building trie...
Done!
build time: 205.330133 ms (205.330133 ns per key)
space cost: 15.673315 MB (95.086119% of original size 16.483284 MB)
Querying trie...
Done!
total time: 466.153761 ms, avg latency: 466.153761 ns
not implemented
205.330133,15.673315,466.153761
[PASSED]
[time 1.21 s, user 1.12 s, sys 0.08 s, maxrss 148848 KB]
[busy 128 jiffies]
[exit 0]
--- c2 case 7 rec 0   load 0.80 1.09 1.03
[TEST ART]
Processing dataset...
Done!
Building trie...
Done!
build time: 154.605443 ms (154.605443 ns per key)
space cost: 32.931778 MB (199.788937% of original size 16.483284 MB)
Querying trie...
Done!
total time: 408.433692 ms, avg latency: 408.433692 ns
not implemented
154.605443,32.931778,408.433692
[PASSED]
[time 1.09 s, user 0.98 s, sys 0.09 s, maxrss 160384 KB]
[busy 117 jiffies]
[exit 0]
--- c2 case 6 rec 0   load 0.81 1.09 1.03
[TEST PDT]
Processing dataset...
Done!
Building trie...
dict size: 158636, stream size: 5032831
Done!
build time: 2598.923151 ms (2598.923151 ns per key)
space cost: 6.227028 MB (37.777835% of original size 16.483284 MB)
Querying trie...
Done!
total time: 588.297800 ms, avg latency: 588.297800 ns
not implemented
2598.923151,6.227028,588.297800
[PASSED]
[time 3.69 s, user 3.57 s, sys 0.10 s, maxrss 168228 KB]
[busy 380 jiffies]
[exit 0]
--- c2 case 5 rec 2   load 0.83 1.09 1.03
[TEST MARISA]
Processing dataset...
Done!
Building trie...
Done!
build time: 573.638256 ms (573.638256 ns per key)
space cost: 5.354378 MB (32.483683% of original size 16.483284 MB)
Querying trie...
Done!
total time: 728.152527 ms, avg latency: 728.152527 ns
not implemented
573.638256,5.354378,728.152527
[PASSED]
[time 1.82 s, user 1.69 s, sys 0.12 s, maxrss 165792 KB]
[busy 194 jiffies]
[exit 0]
--- c2 case 5 rec 1   load 0.83 1.09 1.03
[TEST MARISA]
Processing dataset...
Done!
Building trie...
Done!
build time: 549.920517 ms (549.920517 ns per key)
space cost: 5.655286 MB (34.309218% of original size 16.483284 MB)
Querying trie...
Done!
total time: 666.456224 ms, avg latency: 666.456224 ns
not implemented
549.920517,5.655286,666.456224
[PASSED]
[time 1.72 s, user 1.61 s, sys 0.09 s, maxrss 157856 KB]
[busy 180 jiffies]
[exit 0]
--- c2 case 5 rec 0   load 0.84 1.09 1.03
[TEST MARISA]
Processing dataset...
Done!
Building trie...
Done!
build time: 467.616841 ms (467.616841 ns per key)
space cost: 7.279773 MB (44.164578% of original size 16.483284 MB)
Querying trie...
Done!
total time: 467.851392 ms, avg latency: 467.851392 ns
not implemented
467.616841,7.279773,467.851392
[PASSED]
[time 1.45 s, user 1.32 s, sys 0.11 s, maxrss 157928 KB]
[busy 153 jiffies]
[exit 0]
--- c2 case 4 rec 0   load 0.84 1.09 1.03
[TEST COCO]
Processing dataset...
Done!
Building trie...
num nodes = 412937, average depth = 8.208172
ef = 0.000455, pa = 0.242352, bv = 0.003325, de = 0.563989
efr = 0.002477, par = 0.125714, bvr = 0.000545, der = 0.061142
Done!
build time: 14319.864897 ms (14319.864897 ns per key)
space cost: 9.974920 MB (60.515370% of original size 16.483284 MB)
Querying trie...
Done!
total time: 507.384547 ms, avg latency: 507.384547 ns
not implemented
14319.864897,9.974920,507.384547
[PASSED]
[time 15.89 s, user 12.48 s, sys 3.34 s, maxrss 7730392 KB]
[busy 1642 jiffies]
[exit 0]
--- c2 case 3 rec 0   load 0.89 1.08 1.03
[TEST FST]
Processing dataset...
Done!
Building trie...
Done!
build time: 678.038374 ms (678.038374 ns per key)
space cost: 8.563316 MB (51.951519% of original size 16.483284 MB)
Querying trie...
Done!
total time: 744.777365 ms, avg latency: 744.777365 ns
not implemented
678.038374,8.563316,744.777365
[PASSED]
[time 1.93 s, user 1.85 s, sys 0.07 s, maxrss 114468 KB]
[busy 204 jiffies]
[exit 0]
--- c2 case 2 rec 2   load 0.89 1.08 1.03
[TEST C2-MARISA]
Processing dataset...
Done!
Building trie...
trie size: 2.268721 MB
trie size: 2.569425 MB
trie size: 0.468599 MB
Done!
build time: 881.956383 ms (881.956383 ns per key)
space cost: 6.231204 MB (37.803171% of original size 16.483284 MB)
Querying trie...
Done!
total time: 443.935580 ms, avg latency: 443.935580 ns
topology: 0.985817 MB, link: 2.134608 MB, data: 3.090271 MB
--- Unary Path Analysis (Marisa, cutoff=3) ---
  branches: 1404624  |  single-char: 479529 (34.1%)  short-unary: 101093 (7.2%)  links: 824002 (58.7%)
  link len: avg=8.83  max=511  total_chars=7275589
  link length distribution (len:count):  3:96296  4:151575  5:100673  6:68854  7:57858  8:46664  9:40166  10:34974  11:30498  12:41963  13:23674  14:17279  15:14913  16:12650  17:10496  18:9162  19:7137  20:6187  21:5166  22:4219  23:3575  24:2970  25:2515  26:2033  27:1786  28:3448  29:3574  30:1146  31:1929  32:12598  33:2418  34:520  35:464  36:440  37:386  38:271  39:250  40:221  41:206  42:160  43:154  44:139  45:143  46:95  47:113  48:108  49:103  50:87  51:72  52:78  53:68  54:62  55:80  56:76  57:60  58:86  59:123  60:137  61:260  62:340  63:18  64:12  65:14  66:12  67:15  68:15  69:13  70:15  71:7  72:12  73:10  74:22  75:26  76:36  77:15  78:1  79:2  80:2  81:3  82:3  83:1  84:2  85:2  86:2  87:2  89:2  90:2  91:2  92:4  93:1  95:2  96:1  97:3  105:1  107:1  108:1  110:1  111:1  117:1  118:3  121:1  122:2  123:1  124:1  125:1  130:1  136:1  137:1  192:1  258:1  337:1  367:1  425:1  509:1  511:1
  short unary avg len: 2.00
881.956383,6.231204,443.935580
[PASSED]
[time 1.84 s, user 1.70 s, sys 0.12 s, maxrss 204704 KB]
[busy 190 jiffies]
[exit 0]
--- c2 case 2 rec 1   load 0.90 1.08 1.03
[TEST C2-MARISA]
Processing dataset...
Done!
Building trie...
trie size: 2.268721 MB
trie size: 2.569425 MB
Done!
build time: 820.732058 ms (820.732058 ns per key)
space cost: 6.231204 MB (37.803171% of original size 16.483284 MB)
Querying trie...
Done!
total time: 437.517898 ms, avg latency: 437.517898 ns
topology: 0.985817 MB, link: 2.134608 MB, data: 3.090271 MB
--- Unary Path Analysis (Marisa, cutoff=3) ---
  branches: 1404624  |  single-char: 479529 (34.1%)  short-unary: 101093 (7.2%)  links: 824002 (58.7%)
  link len: avg=8.83  max=511  total_chars=7275589
  link length distribution (len:count):  3:96296  4:151575  5:100673  6:68854  7:57858  8:46664  9:40166  10:34974  11:30498  12:41963  13:23674  14:17279  15:14913  16:12650  17:10496  18:9162  19:7137  20:6187  21:5166  22:4219  23:3575  24:2970  25:2515  26:2033  27:1786  28:3448  29:3574  30:1146  31:1929  32:12598  33:2418  34:520  35:464  36:440  37:386  38:271  39:250  40:221  41:206  42:160  43:154  44:139  45:143  46:95  47:113  48:108  49:103  50:87  51:72  52:78  53:68  54:62  55:80  56:76  57:60  58:86  59:123  60:137  61:260  62:340  63:18  64:12  65:14  66:12  67:15  68:15  69:13  70:15  71:7  72:12  73:10  74:22  75:26  76:36  77:15  78:1  79:2  80:2  81:3  82:3  83:1  84:2  85:2  86:2  87:2  89:2  90:2  91:2  92:4  93:1  95:2  96:1  97:3  105:1  107:1  108:1  110:1  111:1  117:1  118:3  121:1  122:2  123:1  124:1  125:1  130:1  136:1  137:1  192:1  258:1  337:1  367:1  425:1  509:1  511:1
  short unary avg len: 2.00
820.732058,6.231204,437.517898
[PASSED]
[time 1.77 s, user 1.62 s, sys 0.14 s, maxrss 204520 KB]
[busy 187 jiffies]
[exit 0]
--- c2 case 2 rec 0   load 0.83 1.06 1.02
[TEST C2-MARISA]
Processing dataset...
Done!
Building trie...
trie size: 2.268721 MB
Done!
build time: 672.312011 ms (672.312011 ns per key)
space cost: 7.402753 MB (44.910668% of original size 16.483284 MB)
Querying trie...
Done!
total time: 336.672511 ms, avg latency: 336.672511 ns
topology: 0.751392 MB, link: 2.163248 MB, data: 4.467605 MB
--- Unary Path Analysis (Marisa, cutoff=3) ---
  branches: 1404624  |  single-char: 479529 (34.1%)  short-unary: 101093 (7.2%)  links: 824002 (58.7%)
  link len: avg=8.83  max=511  total_chars=7275589
  link length distribution (len:count):  3:96296  4:151575  5:100673  6:68854  7:57858  8:46664  9:40166  10:34974  11:30498  12:41963  13:23674  14:17279  15:14913  16:12650  17:10496  18:9162  19:7137  20:6187  21:5166  22:4219  23:3575  24:2970  25:2515  26:2033  27:1786  28:3448  29:3574  30:1146  31:1929  32:12598  33:2418  34:520  35:464  36:440  37:386  38:271  39:250  40:221  41:206  42:160  43:154  44:139  45:143  46:95  47:113  48:108  49:103  50:87  51:72  52:78  53:68  54:62  55:80  56:76  57:60  58:86  59:123  60:137  61:260  62:340  63:18  64:12  65:14  66:12  67:15  68:15  69:13  70:15  71:7  72:12  73:10  74:22  75:26  76:36  77:15  78:1  79:2  80:2  81:3  82:3  83:1  84:2  85:2  86:2  87:2  89:2  90:2  91:2  92:4  93:1  95:2  96:1  97:3  105:1  107:1  108:1  110:1  111:1  117:1  118:3  121:1  122:2  123:1  124:1  125:1  130:1  136:1  137:1  192:1  258:1  337:1  367:1  425:1  509:1  511:1
  short unary avg len: 2.00
672.312011,7.402753,336.672511
[PASSED]
[time 1.52 s, user 1.37 s, sys 0.14 s, maxrss 204776 KB]
[busy 159 jiffies]
[exit 0]
--- c2 case 1 rec 2   load 0.83 1.06 1.02
[TEST C2-CoCo(LOUDS-Sparse)]
Processing dataset...
Done!
Building trie...
trie size: 1.626037 MB
trie size: 0.392475 MB
Done!
build time: 2300.128533 ms (2300.128533 ns per key)
space cost: 7.511661 MB (45.571388% of original size 16.483284 MB)
Querying trie...
Done!
total time: 631.804374 ms, avg latency: 631.804374 ns
topology: 0.599392 MB, link: 2.257739 MB, data: 4.654530 MB
2300.128533,7.511661,631.804374
[PASSED]
[time 3.45 s, user 3.25 s, sys 0.18 s, maxrss 335812 KB]
[busy 358 jiffies]
[exit 0]
--- c2 case 1 rec 1   load 0.84 1.06 1.02
[TEST C2-CoCo(LOUDS-Sparse)]
Processing dataset...
Done!
Building trie...
trie size: 1.626037 MB
Done!
build time: 2265.182039 ms (2265.182039 ns per key)
space cost: 7.511661 MB (45.571388% of original size 16.483284 MB)
Querying trie...
Done!
total time: 635.317426 ms, avg latency: 635.317426 ns
topology: 0.599392 MB, link: 2.257739 MB, data: 4.654530 MB
2265.182039,7.511661,635.317426
[PASSED]
[time 3.42 s, user 3.21 s, sys 0.19 s, maxrss 336016 KB]
[busy 357 jiffies]
[exit 0]
--- c2 case 1 rec 0   load 0.85 1.06 1.02
[TEST C2-CoCo(LOUDS-Sparse)]
Processing dataset...
Done!
Building trie...
Done!
build time: 2157.510783 ms (2157.510783 ns per key)
space cost: 8.350286 MB (50.659118% of original size 16.483284 MB)
Querying trie...
Done!
total time: 569.645111 ms, avg latency: 569.645111 ns
topology: 0.418800 MB, link: 2.233477 MB, data: 5.698009 MB
2157.510783,8.350286,569.645111
[PASSED]
[time 3.25 s, user 3.05 s, sys 0.18 s, maxrss 335948 KB]
[busy 338 jiffies]
[exit 0]
--- c2 case 0 rec 2   load 0.86 1.06 1.02
[TEST C2-FST]
Processing dataset...
Done!
Building trie...
trie size: 1.626037 MB
trie size: 0.392475 MB
Done!
build time: 750.905714 ms (750.905714 ns per key)
space cost: 7.389305 MB (44.829083% of original size 16.483284 MB)
Querying trie...
Done!
total time: 521.975362 ms, avg latency: 521.975362 ns
topology: 1.316097 MB, link: 1.431170 MB, data: 4.642038 MB
--- Unary Path Analysis (FST, cutoff=4) ---
  shared unary steps in main trie: 971668
  terminal suffixes: inplace=238747 (avg len=2.28)  links=478774 (66.7% of terminal)
  link len: avg=9.52  max=507  total_chars=4557473
  link length distribution (len:count):  4:79167  5:52258  6:44526  7:37562  8:33071  9:28872  10:26062  11:38559  12:20998  13:14985  14:12840  15:11027  16:9190  17:7956  18:6288  19:5522  20:4616  21:3760  22:3224  23:2642  24:2265  25:1817  26:1599  27:3319  28:3490  29:1071  30:1819  31:12530  32:2370  33:475  34:427  35:414  36:360  37:260  38:234  39:210  40:195  41:157  42:148  43:129  44:137  45:91  46:113  47:107  48:101  49:86  50:71  51:74  52:68  53:61  54:79  55:76  56:60  57:86  58:122  59:137  60:259  61:339  62:18  63:12  64:12  65:12  66:15  67:15  68:13  69:15  70:7  71:11  72:10  73:21  74:26  75:36  76:15  77:1  78:2  79:2  80:3  81:3  83:1  84:2  85:2  86:1  88:2  89:2  90:2  91:4  92:1  94:2  95:1  96:3  104:1  106:1  107:1  109:1  110:1  116:1  117:3  120:1  121:2  122:1  123:1  124:1  129:1  191:1  257:1  366:1  424:1  508:1
750.905714,7.389305,521.975362
[PASSED]
[time 1.80 s, user 1.67 s, sys 0.11 s, maxrss 163048 KB]
[busy 188 jiffies]
[exit 0]
--- c2 case 0 rec 1   load 0.86 1.06 1.02
[TEST C2-FST]
Processing dataset...
Done!
Building trie...
trie size: 1.626037 MB
Done!
build time: 707.909920 ms (707.909920 ns per key)
space cost: 7.389305 MB (44.829083% of original size 16.483284 MB)
Querying trie...
Done!
total time: 524.448370 ms, avg latency: 524.448370 ns
topology: 1.316097 MB, link: 1.431170 MB, data: 4.642038 MB
--- Unary Path Analysis (FST, cutoff=4) ---
  shared unary steps in main trie: 971668
  terminal suffixes: inplace=238747 (avg len=2.28)  links=478774 (66.7% of terminal)
  link len: avg=9.52  max=507  total_chars=4557473
  link length distribution (len:count):  4:79167  5:52258  6:44526  7:37562  8:33071  9:28872  10:26062  11:38559  12:20998  13:14985  14:12840  15:11027  16:9190  17:7956  18:6288  19:5522  20:4616  21:3760  22:3224  23:2642  24:2265  25:1817  26:1599  27:3319  28:3490  29:1071  30:1819  31:12530  32:2370  33:475  34:427  35:414  36:360  37:260  38:234  39:210  40:195  41:157  42:148  43:129  44:137  45:91  46:113  47:107  48:101  49:86  50:71  51:74  52:68  53:61  54:79  55:76  56:60  57:86  58:122  59:137  60:259  61:339  62:18  63:12  64:12  65:12  66:15  67:15  68:13  69:15  70:7  71:11  72:10  73:21  74:26  75:36  76:15  77:1  78:2  79:2  80:3  81:3  83:1  84:2  85:2  86:1  88:2  89:2  90:2  91:4  92:1  94:2  95:1  96:3  104:1  106:1  107:1  109:1  110:1  116:1  117:3  120:1  121:2  122:1  123:1  124:1  129:1  191:1  257:1  366:1  424:1  508:1
707.909920,7.389305,524.448370
[PASSED]
[time 1.77 s, user 1.64 s, sys 0.12 s, maxrss 163332 KB]
[busy 188 jiffies]
[exit 0]
--- c2 case 0 rec 0   load 0.88 1.06 1.02
[TEST C2-FST]
Processing dataset...
Done!
Building trie...
Done!
build time: 598.571079 ms (598.571079 ns per key)
space cost: 8.227930 MB (49.916813% of original size 16.483284 MB)
Querying trie...
Done!
total time: 465.132191 ms, avg latency: 465.132191 ns
topology: 1.135506 MB, link: 1.406907 MB, data: 5.685517 MB
--- Unary Path Analysis (FST, cutoff=4) ---
  shared unary steps in main trie: 971668
  terminal suffixes: inplace=238747 (avg len=2.28)  links=478774 (66.7% of terminal)
  link len: avg=9.52  max=507  total_chars=4557473
  link length distribution (len:count):  4:79167  5:52258  6:44526  7:37562  8:33071  9:28872  10:26062  11:38559  12:20998  13:14985  14:12840  15:11027  16:9190  17:7956  18:6288  19:5522  20:4616  21:3760  22:3224  23:2642  24:2265  25:1817  26:1599  27:3319  28:3490  29:1071  30:1819  31:12530  32:2370  33:475  34:427  35:414  36:360  37:260  38:234  39:210  40:195  41:157  42:148  43:129  44:137  45:91  46:113  47:107  48:101  49:86  50:71  51:74  52:68  53:61  54:79  55:76  56:60  57:86  58:122  59:137  60:259  61:339  62:18  63:12  64:12  65:12  66:15  67:15  68:13  69:15  70:7  71:11  72:10  73:21  74:26  75:36  76:15  77:1  78:2  79:2  80:3  81:3  83:1  84:2  85:2  86:1  88:2  89:2  90:2  91:4  92:1  94:2  95:1  96:3  104:1  106:1  107:1  109:1  110:1  116:1  117:3  120:1  121:2  122:1  123:1  124:1  129:1  191:1  257:1  366:1  424:1  508:1
598.571079,8.227930,465.132191
[PASSED]
[time 1.57 s, user 1.45 s, sys 0.11 s, maxrss 163240 KB]
[busy 165 jiffies]
[exit 0]
--- lexindex string   load 0.88 1.06 1.02
1000000 keys
lexindex StringIndex: build 663 ms, size 10.063 MiB (10.552 B/key), latency cold 345.5 ns, then mean 335.1 / min 333.0 ns
662.999,10.063018,345.510
[time 2.49 s, user 2.41 s, sys 0.07 s, maxrss 148608 KB]
[busy 263 jiffies]
[exit 0]
--- lexindex dict1024   load 0.89 1.06 1.02
1000000 keys
lexindex DictIndex block 1024: build 281 ms, size 4.831 MiB (5.066 B/key), latency cold 481.9 ns, then mean 482.2 / min 479.8 ns
280.718,4.830847,481.909
[time 2.72 s, user 3.57 s, sys 0.21 s, maxrss 240484 KB]
[busy 403 jiffies]
[exit 0]
--- lexindex dict256   load 0.90 1.05 1.02
1000000 keys
lexindex DictIndex block 256: build 262 ms, size 4.986 MiB (5.228 B/key), latency cold 412.2 ns, then mean 404.3 / min 402.8 ns
262.278,4.986134,412.174
[time 2.39 s, user 3.81 s, sys 0.24 s, maxrss 248988 KB]
[busy 427 jiffies]
[exit 0]
--- lexindex dict32   load 0.90 1.05 1.02
1000000 keys
lexindex DictIndex block 32: build 256 ms, size 5.356 MiB (5.617 B/key), latency cold 379.6 ns, then mean 375.9 / min 374.5 ns
256.156,5.356443,379.613
[time 2.26 s, user 3.66 s, sys 0.22 s, maxrss 249956 KB]
[busy 409 jiffies]
[exit 0]

##### domains-1000000 (1000000 lines, 14782044 bytes)   round 2/3   2026-09-20T12:20:49+03:00
--- xcdat 16   load 0.90 1.05 1.02
build time: 487.523276 ms
space cost: 10.260450 MiB (78.064342% of original size 13.143581 MiB)
avg latency: 168.735902 ns
487.523276,10.260450,168.735902
[time 1.11 s, user 1.01 s, sys 0.09 s, maxrss 139800 KB]
[busy 119 jiffies]
[exit 0]
--- xcdat 15   load 0.83 1.04 1.01
build time: 514.016121 ms
space cost: 9.847433 MiB (74.921993% of original size 13.143581 MiB)
avg latency: 147.644729 ns
514.016121,9.847433,147.644729
[time 1.11 s, user 1.01 s, sys 0.09 s, maxrss 139488 KB]
[busy 117 jiffies]
[exit 0]
--- xcdat 8   load 0.83 1.04 1.01
build time: 493.146676 ms
space cost: 8.488643 MiB (64.583940% of original size 13.143581 MiB)
avg latency: 174.142093 ns
493.146676,8.488643,174.142093
[time 1.12 s, user 1.02 s, sys 0.09 s, maxrss 139736 KB]
[busy 119 jiffies]
[exit 0]
--- xcdat 7   load 0.83 1.04 1.01
build time: 525.467926 ms
space cost: 9.017626 MiB (68.608590% of original size 13.143581 MiB)
avg latency: 175.241289 ns
525.467926,9.017626,175.241289
[time 1.15 s, user 1.04 s, sys 0.10 s, maxrss 139644 KB]
[busy 122 jiffies]
[exit 0]
--- c2 case 8 rec 0   load 0.85 1.04 1.01
[TEST CART]
Processing dataset...
Done!
Building trie...
Done!
build time: 155.739453 ms (155.739453 ns per key)
space cost: 13.831998 MB (105.237663% of original size 13.143581 MB)
Querying trie...
Done!
total time: 313.234748 ms, avg latency: 313.234748 ns
not implemented
155.739453,13.831998,313.234748
[PASSED]
[time 0.92 s, user 0.82 s, sys 0.08 s, maxrss 134024 KB]
[busy 99 jiffies]
[exit 0]
--- c2 case 7 rec 0   load 0.85 1.04 1.01
[TEST ART]
Processing dataset...
Done!
Building trie...
Done!
build time: 115.206259 ms (115.206259 ns per key)
space cost: 31.580688 MB (240.274607% of original size 13.143581 MB)
Querying trie...
Done!
total time: 248.568033 ms, avg latency: 248.568033 ns
not implemented
115.206259,31.580688,248.568033
[PASSED]
[time 0.80 s, user 0.72 s, sys 0.07 s, maxrss 135984 KB]
[busy 90 jiffies]
[exit 0]
--- c2 case 6 rec 0   load 0.78 1.02 1.01
[TEST PDT]
Processing dataset...
Done!
Building trie...
dict size: 155466, stream size: 4016746
Done!
build time: 1940.998732 ms (1940.998732 ns per key)
space cost: 5.254991 MB (39.981421% of original size 13.143581 MB)
Querying trie...
Done!
total time: 518.652216 ms, avg latency: 518.652216 ns
not implemented
1940.998732,5.254991,518.652216
[PASSED]
[time 2.89 s, user 2.78 s, sys 0.10 s, maxrss 152696 KB]
[busy 299 jiffies]
[exit 0]
--- c2 case 5 rec 2   load 0.78 1.02 1.01
[TEST MARISA]
Processing dataset...
Done!
Building trie...
Done!
build time: 566.716687 ms (566.716687 ns per key)
space cost: 4.647946 MB (35.362861% of original size 13.143581 MB)
Querying trie...
Done!
total time: 540.559051 ms, avg latency: 540.559051 ns
not implemented
566.716687,4.647946,540.559051
[PASSED]
[time 1.54 s, user 1.41 s, sys 0.12 s, maxrss 172556 KB]
[busy 162 jiffies]
[exit 0]
--- c2 case 5 rec 1   load 0.80 1.02 1.01
[TEST MARISA]
Processing dataset...
Done!
Building trie...
Done!
build time: 559.538103 ms (559.538103 ns per key)
space cost: 4.826345 MB (36.720170% of original size 13.143581 MB)
Querying trie...
Done!
total time: 517.896666 ms, avg latency: 517.896666 ns
not implemented
559.538103,4.826345,517.896666
[PASSED]
[time 1.51 s, user 1.38 s, sys 0.12 s, maxrss 172652 KB]
[busy 157 jiffies]
[exit 0]
--- c2 case 5 rec 0   load 0.80 1.02 1.01
[TEST MARISA]
Processing dataset...
Done!
Building trie...
Done!
build time: 485.845443 ms (485.845443 ns per key)
space cost: 6.885828 MB (52.389283% of original size 13.143581 MB)
Querying trie...
Done!
total time: 384.977093 ms, avg latency: 384.977093 ns
not implemented
485.845443,6.885828,384.977093
[PASSED]
[time 1.30 s, user 1.18 s, sys 0.11 s, maxrss 172600 KB]
[busy 136 jiffies]
[exit 0]
--- c2 case 4 rec 0   load 0.81 1.02 1.01
[TEST COCO]
Processing dataset...
Done!
Building trie...
num nodes = 310886, average depth = 6.283062
ef = 0.001168, pa = 0.211653, bv = 0.000885, de = 0.651638
efr = 0.002046, par = 0.129141, bvr = 0.000006, der = 0.003464
Done!
build time: 10375.606508 ms (10375.606508 ns per key)
space cost: 9.668336 MB (73.559374% of original size 13.143581 MB)
Querying trie...
Done!
total time: 416.901457 ms, avg latency: 416.901457 ns
not implemented
10375.606508,9.668336,416.901457
[PASSED]
[time 11.67 s, user 8.91 s, sys 2.70 s, maxrss 6137972 KB]
[busy 1203 jiffies]
[exit 0]
--- c2 case 3 rec 0   load 0.84 1.02 1.01
[TEST FST]
Processing dataset...
Done!
Building trie...
Done!
build time: 597.426187 ms (597.426187 ns per key)
space cost: 6.751218 MB (51.365131% of original size 13.143581 MB)
Querying trie...
Done!
total time: 444.434458 ms, avg latency: 444.434458 ns
not implemented
597.426187,6.751218,444.434458
[PASSED]
[time 1.47 s, user 1.40 s, sys 0.06 s, maxrss 95128 KB]
[busy 153 jiffies]
[exit 0]
--- c2 case 2 rec 2   load 0.85 1.02 1.01
[TEST C2-MARISA]
Processing dataset...
Done!
Building trie...
trie size: 2.220281 MB
trie size: 2.823213 MB
trie size: 0.214430 MB
Done!
build time: 797.175411 ms (797.175411 ns per key)
space cost: 5.413679 MB (41.188767% of original size 13.143581 MB)
Querying trie...
Done!
total time: 328.858093 ms, avg latency: 328.858093 ns
topology: 0.947487 MB, link: 2.305346 MB, data: 2.140338 MB
--- Unary Path Analysis (Marisa, cutoff=3) ---
  branches: 1529804  |  single-char: 445053 (29.1%)  short-unary: 119280 (7.8%)  links: 965471 (63.1%)
  link len: avg=7.67  max=65  total_chars=7409785
  link length distribution (len:count):  3:106346  4:81524  5:100388  6:117171  7:118183  8:106006  9:86378  10:68801  11:51930  12:37786  13:27091  14:19390  15:13458  16:9322  17:6753  18:4616  19:3149  20:2153  21:1566  22:983  23:724  24:512  25:321  26:290  27:155  28:98  29:77  30:70  31:40  32:24  33:35  34:24  35:16  36:9  37:12  38:9  39:5  40:5  41:5  42:8  43:4  44:7  46:3  47:1  49:1  51:1  53:4  55:2  56:1  57:5  58:4  60:2  64:2  65:1
  short unary avg len: 2.00
797.175411,5.413679,328.858093
[PASSED]
[time 1.56 s, user 1.44 s, sys 0.10 s, maxrss 205788 KB]
[busy 163 jiffies]
[exit 0]
--- c2 case 2 rec 1   load 0.85 1.02 1.01
[TEST C2-MARISA]
Processing dataset...
Done!
Building trie...
trie size: 2.220281 MB
trie size: 2.823213 MB
Done!
build time: 801.378090 ms (801.378090 ns per key)
space cost: 5.413679 MB (41.188767% of original size 13.143581 MB)
Querying trie...
Done!
total time: 328.244239 ms, avg latency: 328.244239 ns
topology: 0.947487 MB, link: 2.305346 MB, data: 2.140338 MB
--- Unary Path Analysis (Marisa, cutoff=3) ---
  branches: 1529804  |  single-char: 445053 (29.1%)  short-unary: 119280 (7.8%)  links: 965471 (63.1%)
  link len: avg=7.67  max=65  total_chars=7409785
  link length distribution (len:count):  3:106346  4:81524  5:100388  6:117171  7:118183  8:106006  9:86378  10:68801  11:51930  12:37786  13:27091  14:19390  15:13458  16:9322  17:6753  18:4616  19:3149  20:2153  21:1566  22:983  23:724  24:512  25:321  26:290  27:155  28:98  29:77  30:70  31:40  32:24  33:35  34:24  35:16  36:9  37:12  38:9  39:5  40:5  41:5  42:8  43:4  44:7  46:3  47:1  49:1  51:1  53:4  55:2  56:1  57:5  58:4  60:2  64:2  65:1
  short unary avg len: 2.00
801.378090,5.413679,328.244239
[PASSED]
[time 1.57 s, user 1.44 s, sys 0.12 s, maxrss 206000 KB]
[busy 164 jiffies]
[exit 0]
--- c2 case 2 rec 0   load 0.87 1.01 1.01
[TEST C2-MARISA]
Processing dataset...
Done!
Building trie...
trie size: 2.220281 MB
Done!
build time: 678.004089 ms (678.004089 ns per key)
space cost: 6.286226 MB (47.827347% of original size 13.143581 MB)
Querying trie...
Done!
total time: 258.219082 ms, avg latency: 258.219082 ns
topology: 0.735279 MB, link: 2.419176 MB, data: 3.111263 MB
--- Unary Path Analysis (Marisa, cutoff=3) ---
  branches: 1529804  |  single-char: 445053 (29.1%)  short-unary: 119280 (7.8%)  links: 965471 (63.1%)
  link len: avg=7.67  max=65  total_chars=7409785
  link length distribution (len:count):  3:106346  4:81524  5:100388  6:117171  7:118183  8:106006  9:86378  10:68801  11:51930  12:37786  13:27091  14:19390  15:13458  16:9322  17:6753  18:4616  19:3149  20:2153  21:1566  22:983  23:724  24:512  25:321  26:290  27:155  28:98  29:77  30:70  31:40  32:24  33:35  34:24  35:16  36:9  37:12  38:9  39:5  40:5  41:5  42:8  43:4  44:7  46:3  47:1  49:1  51:1  53:4  55:2  56:1  57:5  58:4  60:2  64:2  65:1
  short unary avg len: 2.00
678.004089,6.286226,258.219082
[PASSED]
[time 1.37 s, user 1.24 s, sys 0.12 s, maxrss 205980 KB]
[busy 147 jiffies]
[exit 0]
--- c2 case 1 rec 2   load 0.87 1.01 1.01
[TEST C2-CoCo(LOUDS-Sparse)]
Processing dataset...
Done!
Building trie...
trie size: 2.171301 MB
trie size: 0.145336 MB
Done!
build time: 1432.357694 ms (1432.357694 ns per key)
space cost: 6.299446 MB (47.927923% of original size 13.143581 MB)
Querying trie...
Done!
total time: 535.876430 ms, avg latency: 535.876430 ns
topology: 0.558979 MB, link: 2.635554 MB, data: 3.104912 MB
1432.357694,6.299446,535.876430
[PASSED]
[time 2.41 s, user 2.22 s, sys 0.17 s, maxrss 326924 KB]
[busy 249 jiffies]
[exit 0]
--- c2 case 1 rec 1   load 0.88 1.01 1.00
[TEST C2-CoCo(LOUDS-Sparse)]
Processing dataset...
Done!
Building trie...
trie size: 2.171301 MB
Done!
build time: 1444.864401 ms (1444.864401 ns per key)
space cost: 6.299446 MB (47.927923% of original size 13.143581 MB)
Querying trie...
Done!
total time: 535.211040 ms, avg latency: 535.211040 ns
topology: 0.558979 MB, link: 2.635554 MB, data: 3.104912 MB
1444.864401,6.299446,535.211040
[PASSED]
[time 2.42 s, user 2.22 s, sys 0.18 s, maxrss 326712 KB]
[busy 256 jiffies]
[exit 0]
--- c2 case 1 rec 0   load 0.89 1.01 1.00
[TEST C2-CoCo(LOUDS-Sparse)]
Processing dataset...
Done!
Building trie...
Done!
build time: 1352.176677 ms (1352.176677 ns per key)
space cost: 6.955368 MB (52.918365% of original size 13.143581 MB)
Querying trie...
Done!
total time: 487.348679 ms, avg latency: 487.348679 ns
topology: 0.405121 MB, link: 2.743303 MB, data: 3.806944 MB
1352.176677,6.955368,487.348679
[PASSED]
[time 2.28 s, user 2.06 s, sys 0.20 s, maxrss 327020 KB]
[busy 236 jiffies]
[exit 0]
--- c2 case 0 rec 2   load 0.89 1.01 1.00
[TEST C2-FST]
Processing dataset...
Done!
Building trie...
trie size: 2.171301 MB
trie size: 0.145336 MB
Done!
build time: 701.136318 ms (701.136318 ns per key)
space cost: 6.261899 MB (47.642258% of original size 13.143581 MB)
Querying trie...
Done!
total time: 398.404100 ms, avg latency: 398.404100 ns
topology: 1.096256 MB, link: 1.933458 MB, data: 3.232184 MB
--- Unary Path Analysis (FST, cutoff=4) ---
  shared unary steps in main trie: 268333
  terminal suffixes: inplace=220500 (avg len=1.97)  links=754948 (77.4% of terminal)
  link len: avg=6.76  max=63  total_chars=5105329
  link length distribution (len:count):  4:91687  5:111663  6:114934  7:103953  8:85177  9:68086  10:51456  11:37502  12:26935  13:19286  14:13392  15:9281  16:6718  17:4599  18:3138  19:2143  20:1561  21:980  22:717  23:511  24:315  25:289  26:154  27:98  28:76  29:70  30:38  31:24  32:35  33:24  34:15  35:9  36:12  37:9  38:5  39:5  40:5  41:8  42:4  43:7  45:3  46:1  48:1  50:1  52:4  54:2  55:1  56:5  57:4  59:2  63:2  64:1
701.136318,6.261899,398.404100
[PASSED]
[time 1.55 s, user 1.43 s, sys 0.11 s, maxrss 183068 KB]
[busy 165 jiffies]
[exit 0]
--- c2 case 0 rec 1   load 0.90 1.01 1.00
[TEST C2-FST]
Processing dataset...
Done!
Building trie...
trie size: 2.171301 MB
Done!
build time: 700.646687 ms (700.646687 ns per key)
space cost: 6.261899 MB (47.642258% of original size 13.143581 MB)
Querying trie...
Done!
total time: 391.771053 ms, avg latency: 391.771053 ns
topology: 1.096256 MB, link: 1.933458 MB, data: 3.232184 MB
--- Unary Path Analysis (FST, cutoff=4) ---
  shared unary steps in main trie: 268333
  terminal suffixes: inplace=220500 (avg len=1.97)  links=754948 (77.4% of terminal)
  link len: avg=6.76  max=63  total_chars=5105329
  link length distribution (len:count):  4:91687  5:111663  6:114934  7:103953  8:85177  9:68086  10:51456  11:37502  12:26935  13:19286  14:13392  15:9281  16:6718  17:4599  18:3138  19:2143  20:1561  21:980  22:717  23:511  24:315  25:289  26:154  27:98  28:76  29:70  30:38  31:24  32:35  33:24  34:15  35:9  36:12  37:9  38:5  39:5  40:5  41:8  42:4  43:7  45:3  46:1  48:1  50:1  52:4  54:2  55:1  56:5  57:4  59:2  63:2  64:1
700.646687,6.261899,391.771053
[PASSED]
[time 1.54 s, user 1.42 s, sys 0.10 s, maxrss 183160 KB]
[busy 161 jiffies]
[exit 0]
--- c2 case 0 rec 0   load 0.90 1.01 1.00
[TEST C2-FST]
Processing dataset...
Done!
Building trie...
Done!
build time: 629.166986 ms (629.166986 ns per key)
space cost: 6.917822 MB (52.632701% of original size 13.143581 MB)
Querying trie...
Done!
total time: 337.087090 ms, avg latency: 337.087090 ns
topology: 0.942398 MB, link: 2.041207 MB, data: 3.934216 MB
--- Unary Path Analysis (FST, cutoff=4) ---
  shared unary steps in main trie: 268333
  terminal suffixes: inplace=220500 (avg len=1.97)  links=754948 (77.4% of terminal)
  link len: avg=6.76  max=63  total_chars=5105329
  link length distribution (len:count):  4:91687  5:111663  6:114934  7:103953  8:85177  9:68086  10:51456  11:37502  12:26935  13:19286  14:13392  15:9281  16:6718  17:4599  18:3138  19:2143  20:1561  21:980  22:717  23:511  24:315  25:289  26:154  27:98  28:76  29:70  30:38  31:24  32:35  33:24  34:15  35:9  36:12  37:9  38:5  39:5  40:5  41:8  42:4  43:7  45:3  46:1  48:1  50:1  52:4  54:2  55:1  56:5  57:4  59:2  63:2  64:1
629.166986,6.917822,337.087090
[PASSED]
[time 1.39 s, user 1.27 s, sys 0.11 s, maxrss 183164 KB]
[busy 146 jiffies]
[exit 0]
--- lexindex string   load 0.90 1.01 1.00
1000000 keys
lexindex StringIndex: build 597 ms, size 10.017 MiB (10.504 B/key), latency cold 285.7 ns, then mean 283.8 / min 283.1 ns
596.524,10.017015,285.688
[time 2.20 s, user 2.12 s, sys 0.07 s, maxrss 135316 KB]
[busy 236 jiffies]
[exit 0]
--- lexindex dict1024   load 0.83 1.00 1.00
1000000 keys
lexindex DictIndex block 1024: build 235 ms, size 4.160 MiB (4.363 B/key), latency cold 422.2 ns, then mean 419.7 / min 419.2 ns
234.662,4.160439,422.171
[time 2.38 s, user 3.15 s, sys 0.17 s, maxrss 215352 KB]
[busy 348 jiffies]
[exit 0]
--- lexindex dict256   load 0.83 1.00 1.00
1000000 keys
lexindex DictIndex block 256: build 216 ms, size 4.291 MiB (4.500 B/key), latency cold 347.4 ns, then mean 341.1 / min 339.5 ns
216.348,4.291158,347.449
[time 2.06 s, user 3.36 s, sys 0.23 s, maxrss 236940 KB]
[busy 380 jiffies]
[exit 0]
--- lexindex dict32   load 0.85 1.00 1.00
1000000 keys
lexindex DictIndex block 32: build 221 ms, size 4.599 MiB (4.822 B/key), latency cold 324.2 ns, then mean 317.6 / min 316.1 ns
220.911,4.598972,324.160
[time 1.99 s, user 3.25 s, sys 0.25 s, maxrss 236300 KB]
[busy 370 jiffies]
[exit 0]

##### dna-1000000 (1000000 lines, 25000000 bytes)   round 2/3   2026-09-20T12:22:06+03:00
--- xcdat 16   load 0.78 0.98 0.99
build time: 792.795598 ms
space cost: 21.935129 MiB (95.836042% of original size 22.888184 MiB)
avg latency: 293.139247 ns
792.795598,21.935129,293.139247
[time 1.81 s, user 1.66 s, sys 0.13 s, maxrss 182704 KB]
[busy 193 jiffies]
[exit 0]
--- xcdat 15   load 0.78 0.98 0.99
build time: 823.151335 ms
space cost: 21.414997 MiB (93.563550% of original size 22.888184 MiB)
avg latency: 284.660080 ns
823.151335,21.414997,284.660080
[time 1.82 s, user 1.68 s, sys 0.13 s, maxrss 182108 KB]
[busy 196 jiffies]
[exit 0]
--- xcdat 8   load 0.72 0.96 0.99
build time: 801.885033 ms
space cost: 19.685819 MiB (86.008654% of original size 22.888184 MiB)
avg latency: 299.433798 ns
801.885033,19.685819,299.433798
[time 1.82 s, user 1.69 s, sys 0.12 s, maxrss 180472 KB]
[busy 194 jiffies]
[exit 0]
--- xcdat 7   load 0.72 0.96 0.99
build time: 835.513651 ms
space cost: 19.789600 MiB (86.462083% of original size 22.888184 MiB)
avg latency: 295.446283 ns
835.513651,19.789600,295.446283
[time 1.84 s, user 1.70 s, sys 0.12 s, maxrss 180400 KB]
[busy 194 jiffies]
[exit 0]
--- c2 case 8 rec 0   load 0.74 0.96 0.99
[TEST CART]
Processing dataset...
Done!
Building trie...
Done!
build time: 240.184625 ms (240.184625 ns per key)
space cost: 15.643999 MB (68.349675% of original size 22.888184 MB)
Querying trie...
Done!
total time: 450.201678 ms, avg latency: 450.201678 ns
not implemented
240.184625,15.643999,450.201678
[PASSED]
[time 1.43 s, user 1.30 s, sys 0.12 s, maxrss 214496 KB]
[busy 150 jiffies]
[exit 0]
--- c2 case 7 rec 0   load 0.74 0.96 0.99
[TEST ART]
Processing dataset...
Done!
Building trie...
Done!
build time: 193.582854 ms (193.582854 ns per key)
space cost: 33.278465 MB (145.395833% of original size 22.888184 MB)
Querying trie...
Done!
total time: 422.082426 ms, avg latency: 422.082426 ns
not implemented
193.582854,33.278465,422.082426
[PASSED]
[time 1.36 s, user 1.23 s, sys 0.12 s, maxrss 223028 KB]
[busy 147 jiffies]
[exit 0]
--- c2 case 6 rec 0   load 0.76 0.96 0.99
[TEST PDT]
Processing dataset...
Done!
Building trie...
dict size: 151324, stream size: 6218209
Done!
build time: 2935.233982 ms (2935.233982 ns per key)
space cost: 7.350519 MB (32.114908% of original size 22.888184 MB)
Querying trie...
Done!
total time: 784.225721 ms, avg latency: 784.225721 ns
not implemented
2935.233982,7.350519,784.225721
[PASSED]
[time 4.44 s, user 4.25 s, sys 0.17 s, maxrss 212964 KB]
[busy 464 jiffies]
[exit 0]
--- c2 case 5 rec 2   load 0.78 0.97 0.99
[TEST MARISA]
Processing dataset...
Done!
Building trie...
Done!
build time: 958.948555 ms (958.948555 ns per key)
space cost: 7.210847 MB (31.504671% of original size 22.888184 MB)
Querying trie...
Done!
total time: 781.504917 ms, avg latency: 781.504917 ns
not implemented
958.948555,7.210847,781.504917
[PASSED]
[time 2.46 s, user 2.31 s, sys 0.14 s, maxrss 222020 KB]
[busy 259 jiffies]
[exit 0]
--- c2 case 5 rec 1   load 0.72 0.95 0.98
[TEST MARISA]
Processing dataset...
Done!
Building trie...
Done!
build time: 965.325341 ms (965.325341 ns per key)
space cost: 7.640043 MB (33.379858% of original size 22.888184 MB)
Querying trie...
Done!
total time: 739.952105 ms, avg latency: 739.952105 ns
not implemented
965.325341,7.640043,739.952105
[PASSED]
[time 2.41 s, user 2.22 s, sys 0.17 s, maxrss 221916 KB]
[busy 251 jiffies]
[exit 0]
--- c2 case 5 rec 0   load 0.72 0.95 0.98
[TEST MARISA]
Processing dataset...
Done!
Building trie...
Done!
build time: 692.407562 ms (692.407562 ns per key)
space cost: 18.867507 MB (82.433396% of original size 22.888184 MB)
Querying trie...
Done!
total time: 540.844427 ms, avg latency: 540.844427 ns
not implemented
692.407562,18.867507,540.844427
[PASSED]
[time 1.93 s, user 1.78 s, sys 0.13 s, maxrss 222896 KB]
[busy 202 jiffies]
[exit 0]
--- c2 case 4 rec 0   load 0.74 0.95 0.98
[TEST COCO]
Processing dataset...
Done!
Building trie...
num nodes = 65537, average depth = 14.999878
ef = 0.000000, pa = 0.000000, bv = 0.000000, de = 0.000015
efr = 0.000015, par = 0.999969, bvr = 0.000000, der = 0.000000
Done!
build time: 22232.737052 ms (22232.737052 ns per key)
space cost: 5.857979 MB (25.593899% of original size 22.888184 MB)
Querying trie...
Done!
total time: 374.463031 ms, avg latency: 374.463031 ns
not implemented
22232.737052,5.857979,374.463031
[PASSED]
[time 24.25 s, user 18.40 s, sys 5.75 s, maxrss 13623516 KB]
[busy 2496 jiffies]
[exit 0]
--- c2 case 3 rec 0   load 0.83 0.96 0.99
[TEST FST]
Processing dataset...
Done!
Building trie...
Done!
build time: 961.979242 ms (961.979242 ns per key)
space cost: 18.082896 MB (79.005379% of original size 22.888184 MB)
Querying trie...
Done!
total time: 556.187707 ms, avg latency: 556.187707 ns
not implemented
961.979242,18.082896,556.187707
[PASSED]
[time 2.23 s, user 2.11 s, sys 0.11 s, maxrss 179256 KB]
[busy 236 jiffies]
[exit 0]
--- c2 case 2 rec 2   load 0.76 0.94 0.98
[TEST C2-MARISA]
Processing dataset...
Done!
Building trie...
trie size: 2.428399 MB
trie size: 5.162292 MB
Done!
build time: 2216.426139 ms (2216.426139 ns per key)
space cost: 10.748939 MB (46.962829% of original size 22.888184 MB)
Querying trie...
Done!
total time: 386.685605 ms, avg latency: 386.685605 ns
topology: 0.804615 MB, link: 2.791285 MB, data: 7.132531 MB
--- Unary Path Analysis (Marisa, cutoff=3) ---
  branches: 1681124  |  single-char: 605889 (36.0%)  short-unary: 58000 (3.5%)  links: 1017235 (60.5%)
  link len: avg=13.94  max=17  total_chars=14175392
  link length distribution (len:count):  3:13001  4:3156  5:812  6:209  7:97  8:186  9:733  10:2730  11:11261  12:42928  13:153933  14:402475  15:363824  16:21889  17:1
  short unary avg len: 2.00
2216.426139,10.748939,386.685605
[PASSED]
[time 3.33 s, user 3.11 s, sys 0.20 s, maxrss 285040 KB]
[busy 342 jiffies]
[exit 0]
--- c2 case 2 rec 1   load 0.76 0.94 0.98
[TEST C2-MARISA]
Processing dataset...
Done!
Building trie...
trie size: 2.428399 MB
trie size: 5.162292 MB
Done!
build time: 2209.491775 ms (2209.491775 ns per key)
space cost: 10.748939 MB (46.962829% of original size 22.888184 MB)
Querying trie...
Done!
total time: 386.356065 ms, avg latency: 386.356065 ns
topology: 0.804615 MB, link: 2.791285 MB, data: 7.132531 MB
--- Unary Path Analysis (Marisa, cutoff=3) ---
  branches: 1681124  |  single-char: 605889 (36.0%)  short-unary: 58000 (3.5%)  links: 1017235 (60.5%)
  link len: avg=13.94  max=17  total_chars=14175392
  link length distribution (len:count):  3:13001  4:3156  5:812  6:209  7:97  8:186  9:733  10:2730  11:11261  12:42928  13:153933  14:402475  15:363824  16:21889  17:1
  short unary avg len: 2.00
2209.491775,10.748939,386.356065
[PASSED]
[time 3.32 s, user 3.09 s, sys 0.21 s, maxrss 285276 KB]
[busy 347 jiffies]
[exit 0]
--- c2 case 2 rec 0   load 0.78 0.94 0.98
[TEST C2-MARISA]
Processing dataset...
Done!
Building trie...
trie size: 2.428399 MB
Done!
build time: 1330.014672 ms (1330.014672 ns per key)
space cost: 10.748939 MB (46.962829% of original size 22.888184 MB)
Querying trie...
Done!
total time: 383.758924 ms, avg latency: 383.758924 ns
topology: 0.804615 MB, link: 2.791285 MB, data: 7.132531 MB
--- Unary Path Analysis (Marisa, cutoff=3) ---
  branches: 1681124  |  single-char: 605889 (36.0%)  short-unary: 58000 (3.5%)  links: 1017235 (60.5%)
  link len: avg=13.94  max=17  total_chars=14175392
  link length distribution (len:count):  3:13001  4:3156  5:812  6:209  7:97  8:186  9:733  10:2730  11:11261  12:42928  13:153933  14:402475  15:363824  16:21889  17:1
  short unary avg len: 2.00
1330.014672,10.748939,383.758924
[PASSED]
[time 2.42 s, user 2.26 s, sys 0.15 s, maxrss 252552 KB]
[busy 253 jiffies]
[exit 0]
--- c2 case 1 rec 2   load 0.88 0.96 0.99
[TEST C2-CoCo(LOUDS-Sparse)]
Processing dataset...
Done!
Building trie...
trie size: 5.258043 MB
Done!
build time: 2721.604790 ms (2721.604790 ns per key)
space cost: 9.777104 MB (42.716818% of original size 22.888184 MB)
Querying trie...
Done!
total time: 448.456618 ms, avg latency: 448.456618 ns
topology: 0.343521 MB, link: 3.029230 MB, data: 6.404353 MB
2721.604790,9.777104,448.456618
[PASSED]
[time 3.88 s, user 3.64 s, sys 0.22 s, maxrss 414200 KB]
[busy 402 jiffies]
[exit 0]
--- c2 case 1 rec 1   load 0.89 0.96 0.99
[TEST C2-CoCo(LOUDS-Sparse)]
Processing dataset...
Done!
Building trie...
trie size: 5.258043 MB
Done!
build time: 2699.458844 ms (2699.458844 ns per key)
space cost: 9.777104 MB (42.716818% of original size 22.888184 MB)
Querying trie...
Done!
total time: 457.490969 ms, avg latency: 457.490969 ns
topology: 0.343521 MB, link: 3.029230 MB, data: 6.404353 MB
2699.458844,9.777104,457.490969
[PASSED]
[time 3.86 s, user 3.63 s, sys 0.20 s, maxrss 414152 KB]
[busy 399 jiffies]
[exit 0]
--- c2 case 1 rec 0   load 0.90 0.96 0.99
[TEST C2-CoCo(LOUDS-Sparse)]
Processing dataset...
Done!
Building trie...
Done!
build time: 2002.340198 ms (2002.340198 ns per key)
space cost: 9.777104 MB (42.716818% of original size 22.888184 MB)
Querying trie...
Done!
total time: 448.184336 ms, avg latency: 448.184336 ns
topology: 0.343521 MB, link: 3.029230 MB, data: 6.404353 MB
2002.340198,9.777104,448.184336
[PASSED]
[time 3.16 s, user 2.95 s, sys 0.19 s, maxrss 385768 KB]
[busy 329 jiffies]
[exit 0]
--- c2 case 0 rec 2   load 0.91 0.96 0.99
[TEST C2-FST]
Processing dataset...
Done!
Building trie...
trie size: 5.258043 MB
Done!
build time: 2138.261242 ms (2138.261242 ns per key)
space cost: 11.502727 MB (50.256179% of original size 22.888184 MB)
Querying trie...
Done!
total time: 417.535629 ms, avg latency: 417.535629 ns
topology: 0.892128 MB, link: 2.893083 MB, data: 7.717516 MB
--- Unary Path Analysis (FST, cutoff=4) ---
  shared unary steps in main trie: 98146
  terminal suffixes: inplace=2 (avg len=3.00)  links=999998 (100.0% of terminal)
  link len: avg=12.12  max=15  total_chars=12118007
  link length distribution (len:count):  4:2  5:10  6:40  7:176  8:732  9:2727  10:11261  11:42928  12:153933  13:402475  14:363824  15:21889  16:1
2138.261242,11.502727,417.535629
[PASSED]
[time 3.25 s, user 3.05 s, sys 0.19 s, maxrss 284260 KB]
[busy 335 jiffies]
[exit 0]
--- c2 case 0 rec 1   load 0.83 0.95 0.98
[TEST C2-FST]
Processing dataset...
Done!
Building trie...
trie size: 5.258043 MB
Done!
build time: 2125.575989 ms (2125.575989 ns per key)
space cost: 11.502727 MB (50.256179% of original size 22.888184 MB)
Querying trie...
Done!
total time: 416.570686 ms, avg latency: 416.570686 ns
topology: 0.892128 MB, link: 2.893083 MB, data: 7.717516 MB
--- Unary Path Analysis (FST, cutoff=4) ---
  shared unary steps in main trie: 98146
  terminal suffixes: inplace=2 (avg len=3.00)  links=999998 (100.0% of terminal)
  link len: avg=12.12  max=15  total_chars=12118007
  link length distribution (len:count):  4:2  5:10  6:40  7:176  8:732  9:2727  10:11261  11:42928  12:153933  13:402475  14:363824  15:21889  16:1
2125.575989,11.502727,416.570686
[PASSED]
[time 3.26 s, user 3.05 s, sys 0.20 s, maxrss 284132 KB]
[busy 338 jiffies]
[exit 0]
--- c2 case 0 rec 0   load 0.83 0.95 0.98
[TEST C2-FST]
Processing dataset...
Done!
Building trie...
Done!
build time: 1431.534897 ms (1431.534897 ns per key)
space cost: 11.502727 MB (50.256179% of original size 22.888184 MB)
Querying trie...
Done!
total time: 409.763912 ms, avg latency: 409.763912 ns
topology: 0.892128 MB, link: 2.893083 MB, data: 7.717516 MB
--- Unary Path Analysis (FST, cutoff=4) ---
  shared unary steps in main trie: 98146
  terminal suffixes: inplace=2 (avg len=3.00)  links=999998 (100.0% of terminal)
  link len: avg=12.12  max=15  total_chars=12118007
  link length distribution (len:count):  4:2  5:10  6:40  7:176  8:732  9:2727  10:11261  11:42928  12:153933  13:402475  14:363824  15:21889  16:1
1431.534897,11.502727,409.763912
[PASSED]
[time 2.55 s, user 2.38 s, sys 0.16 s, maxrss 255936 KB]
[busy 266 jiffies]
[exit 0]
--- lexindex string   load 0.85 0.95 0.98
1000000 keys
lexindex StringIndex: build 1126 ms, size 16.920 MiB (17.741 B/key), latency cold 506.6 ns, then mean 500.4 / min 496.6 ns
1126.266,16.919603,506.592
[time 3.62 s, user 3.51 s, sys 0.09 s, maxrss 164132 KB]
[busy 382 jiffies]
[exit 0]
--- lexindex dict1024   load 0.86 0.95 0.98
1000000 keys
lexindex DictIndex block 1024: build 123 ms, size 4.035 MiB (4.231 B/key), latency cold 381.0 ns, then mean 380.9 / min 378.4 ns
122.741,4.034555,381.048
[time 2.14 s, user 2.37 s, sys 0.11 s, maxrss 173084 KB]
[busy 268 jiffies]
[exit 0]
--- lexindex dict256   load 0.87 0.95 0.98
1000000 keys
lexindex DictIndex block 256: build 121 ms, size 4.172 MiB (4.375 B/key), latency cold 349.3 ns, then mean 342.6 / min 340.6 ns
120.995,4.172320,349.253
[time 2.00 s, user 2.47 s, sys 0.17 s, maxrss 191756 KB]
[busy 280 jiffies]
[exit 0]
--- lexindex dict32   load 0.87 0.95 0.98
1000000 keys
lexindex DictIndex block 32: build 120 ms, size 4.768 MiB (5.000 B/key), latency cold 356.1 ns, then mean 350.6 / min 349.5 ns
120.421,4.768131,356.093
[time 2.02 s, user 2.47 s, sys 0.19 s, maxrss 184692 KB]
[busy 286 jiffies]
[exit 0]

##### words-full (479823 lines, 4953557 bytes)   round 2/3   2026-09-20T12:23:58+03:00
--- xcdat 16   load 0.88 0.95 0.99
build time: 97.777340 ms
space cost: 3.550420 MiB (83.216503% of original size 4.266485 MiB)
avg latency: 84.956471 ns
97.777340,3.550420,84.956471
[time 0.31 s, user 0.27 s, sys 0.03 s, maxrss 58112 KB]
[busy 38 jiffies]
[exit 0]
--- xcdat 15   load 0.88 0.95 0.99
build time: 108.313503 ms
space cost: 3.340850 MiB (78.304499% of original size 4.266485 MiB)
avg latency: 79.936647 ns
108.313503,3.340850,79.936647
[time 0.32 s, user 0.28 s, sys 0.04 s, maxrss 57904 KB]
[busy 37 jiffies]
[exit 0]
--- xcdat 8   load 0.88 0.95 0.99
build time: 98.548079 ms
space cost: 2.597720 MiB (60.886655% of original size 4.266485 MiB)
avg latency: 110.502410 ns
98.548079,2.597720,110.502410
[time 0.32 s, user 0.29 s, sys 0.03 s, maxrss 51896 KB]
[busy 36 jiffies]
[exit 0]
--- xcdat 7   load 0.89 0.95 0.99
build time: 109.015243 ms
space cost: 2.721505 MiB (63.787990% of original size 4.266485 MiB)
avg latency: 106.893298 ns
109.015243,2.721505,106.893298
[time 0.33 s, user 0.29 s, sys 0.03 s, maxrss 52136 KB]
[busy 40 jiffies]
[exit 0]
--- c2 case 8 rec 0   load 0.89 0.95 0.99
[TEST CART]
Processing dataset...
Done!
Building trie...
Done!
build time: 68.701108 ms (143.180106 ns per key)
space cost: 7.328448 MB (171.767812% of original size 4.266485 MB)
Querying trie...
Done!
total time: 101.670517 ms, avg latency: 211.891712 ns
not implemented
68.701108,7.328448,211.891712
[PASSED]
[time 0.34 s, user 0.30 s, sys 0.03 s, maxrss 62112 KB]
[busy 40 jiffies]
[exit 0]
--- c2 case 7 rec 0   load 0.89 0.95 0.99
[TEST ART]
Processing dataset...
Done!
Building trie...
Done!
build time: 46.662145 ms (97.248663 ns per key)
space cost: 16.425407 MB (384.986859% of original size 4.266485 MB)
Querying trie...
Done!
total time: 82.194681 ms, avg latency: 171.302086 ns
not implemented
46.662145,16.425407,171.302086
[PASSED]
[time 0.30 s, user 0.26 s, sys 0.03 s, maxrss 61700 KB]
[busy 36 jiffies]
[exit 0]
--- c2 case 6 rec 0   load 0.82 0.93 0.98
[TEST PDT]
Processing dataset...
Done!
Building trie...
dict size: 35774, stream size: 975943
Done!
build time: 336.499346 ms (701.298908 ns per key)
space cost: 1.577207 MB (36.967352% of original size 4.266485 MB)
Querying trie...
Done!
total time: 207.592225 ms, avg latency: 432.643339 ns
not implemented
336.499346,1.577207,432.643339
[PASSED]
[time 0.72 s, user 0.69 s, sys 0.03 s, maxrss 52872 KB]
[busy 78 jiffies]
[exit 0]
--- c2 case 5 rec 2   load 0.82 0.93 0.98
[TEST MARISA]
Processing dataset...
Done!
Building trie...
Done!
build time: 158.239212 ms (329.786634 ns per key)
space cost: 1.362252 MB (31.929145% of original size 4.266485 MB)
Querying trie...
Done!
total time: 167.803559 ms, avg latency: 349.719707 ns
not implemented
158.239212,1.362252,349.719707
[PASSED]
[time 0.50 s, user 0.45 s, sys 0.05 s, maxrss 63420 KB]
[busy 55 jiffies]
[exit 0]
--- c2 case 5 rec 1   load 0.82 0.93 0.98
[TEST MARISA]
Processing dataset...
Done!
Building trie...
Done!
build time: 158.423068 ms (330.169808 ns per key)
space cost: 1.371034 MB (32.134968% of original size 4.266485 MB)
Querying trie...
Done!
total time: 165.077045 ms, avg latency: 344.037374 ns
not implemented
158.423068,1.371034,344.037374
[PASSED]
[time 0.50 s, user 0.44 s, sys 0.04 s, maxrss 63212 KB]
[busy 56 jiffies]
[exit 0]
--- c2 case 5 rec 0   load 0.75 0.92 0.97
[TEST MARISA]
Processing dataset...
Done!
Building trie...
Done!
build time: 154.953757 ms (322.939411 ns per key)
space cost: 1.546566 MB (36.249182% of original size 4.266485 MB)
Querying trie...
Done!
total time: 146.227896 ms, avg latency: 304.753828 ns
not implemented
154.953757,1.546566,304.753828
[PASSED]
[time 0.47 s, user 0.43 s, sys 0.03 s, maxrss 63052 KB]
[busy 51 jiffies]
[exit 0]
--- c2 case 4 rec 0   load 0.75 0.92 0.97
[TEST COCO]
Processing dataset...
Done!
Building trie...
num nodes = 100870, average depth = 2.907644
ef = 0.002379, pa = 0.381531, bv = 0.002558, de = 0.468484
efr = 0.010370, par = 0.134639, bvr = 0.000020, der = 0.000020
Done!
build time: 1619.144072 ms (3374.461149 ns per key)
space cost: 2.485874 MB (58.265159% of original size 4.266485 MB)
Querying trie...
Done!
total time: 177.881842 ms, avg latency: 370.723875 ns
not implemented
1619.144072,2.485874,370.723875
[PASSED]
[time 2.05 s, user 1.60 s, sys 0.44 s, maxrss 920072 KB]
[busy 214 jiffies]
[exit 0]
--- c2 case 3 rec 0   load 0.75 0.92 0.97
[TEST FST]
Processing dataset...
Done!
Building trie...
Done!
build time: 182.606743 ms (380.571050 ns per key)
space cost: 2.144493 MB (50.263695% of original size 4.266485 MB)
Querying trie...
Done!
total time: 201.968766 ms, avg latency: 420.923478 ns
not implemented
182.606743,2.144493,420.923478
[PASSED]
[time 0.56 s, user 0.52 s, sys 0.03 s, maxrss 41636 KB]
[busy 61 jiffies]
[exit 0]
--- c2 case 2 rec 2   load 0.77 0.92 0.98
[TEST C2-MARISA]
Processing dataset...
Done!
Building trie...
trie size: 1.224291 MB
trie size: 0.455650 MB
trie size: 0.007228 MB
Done!
build time: 113.266142 ms (236.058176 ns per key)
space cost: 1.692706 MB (39.674487% of original size 4.266485 MB)
Querying trie...
Done!
total time: 106.290040 ms, avg latency: 221.519269 ns
topology: 0.426247 MB, link: 0.398585 MB, data: 0.857620 MB
--- Unary Path Analysis (Marisa, cutoff=3) ---
  branches: 742737  |  single-char: 411656 (55.4%)  short-unary: 124451 (16.8%)  links: 206630 (27.8%)
  link len: avg=4.35  max=37  total_chars=898820
  link length distribution (len:count):  3:81252  4:55503  5:30038  6:18037  7:10646  8:5519  9:2885  10:1442  11:688  12:346  13:146  14:66  15:26  16:12  17:9  18:7  19:2  20:3  21:1  22:1  37:1
  short unary avg len: 2.00
113.266142,1.692706,221.519269
[PASSED]
[time 0.39 s, user 0.35 s, sys 0.04 s, maxrss 62972 KB]
[busy 43 jiffies]
[exit 0]
--- c2 case 2 rec 1   load 0.77 0.92 0.98
[TEST C2-MARISA]
Processing dataset...
Done!
Building trie...
trie size: 1.224291 MB
trie size: 0.455650 MB
Done!
build time: 114.686282 ms (239.017892 ns per key)
space cost: 1.692706 MB (39.674487% of original size 4.266485 MB)
Querying trie...
Done!
total time: 105.603500 ms, avg latency: 220.088449 ns
topology: 0.426247 MB, link: 0.398585 MB, data: 0.857620 MB
--- Unary Path Analysis (Marisa, cutoff=3) ---
  branches: 742737  |  single-char: 411656 (55.4%)  short-unary: 124451 (16.8%)  links: 206630 (27.8%)
  link len: avg=4.35  max=37  total_chars=898820
  link length distribution (len:count):  3:81252  4:55503  5:30038  6:18037  7:10646  8:5519  9:2885  10:1442  11:688  12:346  13:146  14:66  15:26  16:12  17:9  18:7  19:2  20:3  21:1  22:1  37:1
  short unary avg len: 2.00
114.686282,1.692706,220.088449
[PASSED]
[time 0.40 s, user 0.35 s, sys 0.04 s, maxrss 62784 KB]
[busy 46 jiffies]
[exit 0]
--- c2 case 2 rec 0   load 0.77 0.92 0.98
[TEST C2-MARISA]
Processing dataset...
Done!
Building trie...
trie size: 1.224291 MB
Done!
build time: 113.880998 ms (237.339598 ns per key)
space cost: 1.753984 MB (41.110759% of original size 4.266485 MB)
Querying trie...
Done!
total time: 98.526067 ms, avg latency: 205.338358 ns
topology: 0.405689 MB, link: 0.420969 MB, data: 0.917072 MB
--- Unary Path Analysis (Marisa, cutoff=3) ---
  branches: 742737  |  single-char: 411656 (55.4%)  short-unary: 124451 (16.8%)  links: 206630 (27.8%)
  link len: avg=4.35  max=37  total_chars=898820
  link length distribution (len:count):  3:81252  4:55503  5:30038  6:18037  7:10646  8:5519  9:2885  10:1442  11:688  12:346  13:146  14:66  15:26  16:12  17:9  18:7  19:2  20:3  21:1  22:1  37:1
  short unary avg len: 2.00
113.880998,1.753984,205.338358
[PASSED]
[time 0.39 s, user 0.34 s, sys 0.04 s, maxrss 62912 KB]
[busy 46 jiffies]
[exit 0]
--- c2 case 1 rec 2   load 0.71 0.90 0.97
[TEST C2-CoCo(LOUDS-Sparse)]
Processing dataset...
Done!
Building trie...
trie size: 0.142362 MB
Done!
build time: 419.601322 ms (874.491890 ns per key)
space cost: 2.136750 MB (50.082199% of original size 4.266485 MB)
Querying trie...
Done!
total time: 196.754395 ms, avg latency: 410.056198 ns
topology: 0.195229 MB, link: 0.520357 MB, data: 1.421164 MB
419.601322,2.136750,410.056198
[PASSED]
[time 0.79 s, user 0.74 s, sys 0.05 s, maxrss 97900 KB]
[busy 84 jiffies]
[exit 0]
--- c2 case 1 rec 1   load 0.71 0.90 0.97
[TEST C2-CoCo(LOUDS-Sparse)]
Processing dataset...
Done!
Building trie...
trie size: 0.142362 MB
Done!
build time: 423.762644 ms (883.164509 ns per key)
space cost: 2.136750 MB (50.082199% of original size 4.266485 MB)
Querying trie...
Done!
total time: 198.665857 ms, avg latency: 414.039879 ns
topology: 0.195229 MB, link: 0.520357 MB, data: 1.421164 MB
423.762644,2.136750,414.039879
[PASSED]
[time 0.80 s, user 0.74 s, sys 0.06 s, maxrss 98040 KB]
[busy 87 jiffies]
[exit 0]
--- c2 case 1 rec 0   load 0.71 0.90 0.97
[TEST C2-CoCo(LOUDS-Sparse)]
Processing dataset...
Done!
Building trie...
Done!
build time: 421.633211 ms (878.726553 ns per key)
space cost: 2.136750 MB (50.082199% of original size 4.266485 MB)
Querying trie...
Done!
total time: 197.479618 ms, avg latency: 411.567636 ns
topology: 0.195229 MB, link: 0.520357 MB, data: 1.421164 MB
421.633211,2.136750,411.567636
[PASSED]
[time 0.80 s, user 0.73 s, sys 0.06 s, maxrss 97924 KB]
[busy 85 jiffies]
[exit 0]
--- c2 case 0 rec 2   load 0.74 0.91 0.97
[TEST C2-FST]
Processing dataset...
Done!
Building trie...
trie size: 0.142362 MB
Done!
build time: 73.339257 ms (152.846481 ns per key)
space cost: 1.889297 MB (44.282271% of original size 4.266485 MB)
Querying trie...
Done!
total time: 124.133558 ms, avg latency: 258.706977 ns
topology: 0.420059 MB, link: 0.189988 MB, data: 1.279249 MB
--- Unary Path Analysis (FST, cutoff=4) ---
  shared unary steps in main trie: 150595
  terminal suffixes: inplace=193950 (avg len=1.79)  links=60939 (23.9% of terminal)
  link len: avg=4.24  max=35  total_chars=258586
  link length distribution (len:count):  4:25346  5:15798  6:9608  7:4976  8:2612  9:1355  10:653  11:330  12:137  13:65  14:25  15:11  16:9  17:6  18:2  19:3  20:1  21:1  36:1
73.339257,1.889297,258.706977
[PASSED]
[time 0.37 s, user 0.34 s, sys 0.03 s, maxrss 48832 KB]
[busy 42 jiffies]
[exit 0]
--- c2 case 0 rec 1   load 0.74 0.91 0.97
[TEST C2-FST]
Processing dataset...
Done!
Building trie...
trie size: 0.142362 MB
Done!
build time: 72.988357 ms (152.115170 ns per key)
space cost: 1.889297 MB (44.282271% of original size 4.266485 MB)
Querying trie...
Done!
total time: 124.540854 ms, avg latency: 259.555824 ns
topology: 0.420059 MB, link: 0.189988 MB, data: 1.279249 MB
--- Unary Path Analysis (FST, cutoff=4) ---
  shared unary steps in main trie: 150595
  terminal suffixes: inplace=193950 (avg len=1.79)  links=60939 (23.9% of terminal)
  link len: avg=4.24  max=35  total_chars=258586
  link length distribution (len:count):  4:25346  5:15798  6:9608  7:4976  8:2612  9:1355  10:653  11:330  12:137  13:65  14:25  15:11  16:9  17:6  18:2  19:3  20:1  21:1  36:1
72.988357,1.889297,259.555824
[PASSED]
[time 0.37 s, user 0.33 s, sys 0.03 s, maxrss 48968 KB]
[busy 42 jiffies]
[exit 0]
--- c2 case 0 rec 0   load 0.74 0.91 0.97
[TEST C2-FST]
Processing dataset...
Done!
Building trie...
Done!
build time: 70.330151 ms (146.575198 ns per key)
space cost: 1.889297 MB (44.282271% of original size 4.266485 MB)
Querying trie...
Done!
total time: 127.443269 ms, avg latency: 265.604752 ns
topology: 0.420059 MB, link: 0.189988 MB, data: 1.279249 MB
--- Unary Path Analysis (FST, cutoff=4) ---
  shared unary steps in main trie: 150595
  terminal suffixes: inplace=193950 (avg len=1.79)  links=60939 (23.9% of terminal)
  link len: avg=4.24  max=35  total_chars=258586
  link length distribution (len:count):  4:25346  5:15798  6:9608  7:4976  8:2612  9:1355  10:653  11:330  12:137  13:65  14:25  15:11  16:9  17:6  18:2  19:3  20:1  21:1  36:1
70.330151,1.889297,265.604752
[PASSED]
[time 0.38 s, user 0.34 s, sys 0.03 s, maxrss 48784 KB]
[busy 46 jiffies]
[exit 0]
--- lexindex string   load 0.68 0.89 0.97
479823 keys
lexindex StringIndex: build 152 ms, size 2.724 MiB (5.953 B/key), latency cold 214.1 ns, then mean 211.0 / min 210.6 ns
152.150,2.724010,214.063
[time 0.74 s, user 0.69 s, sys 0.04 s, maxrss 63712 KB]
[busy 80 jiffies]
[exit 0]
--- lexindex dict1024   load 0.68 0.89 0.97
479823 keys
lexindex DictIndex block 1024: build 68 ms, size 1.150 MiB (2.513 B/key), latency cold 365.1 ns, then mean 366.6 / min 366.5 ns
68.467,1.150117,365.105
[time 0.94 s, user 0.97 s, sys 0.05 s, maxrss 77684 KB]
[busy 108 jiffies]
[exit 0]
--- lexindex dict256   load 0.68 0.89 0.97
479823 keys
lexindex DictIndex block 256: build 60 ms, size 1.206 MiB (2.635 B/key), latency cold 295.2 ns, then mean 290.7 / min 289.8 ns
60.349,1.205790,295.174
[time 0.80 s, user 0.86 s, sys 0.07 s, maxrss 87156 KB]
[busy 101 jiffies]
[exit 0]
--- lexindex dict32   load 0.62 0.88 0.96
479823 keys
lexindex DictIndex block 32: build 60 ms, size 1.304 MiB (2.850 B/key), latency cold 246.8 ns, then mean 244.6 / min 244.1 ns
60.153,1.304057,246.820
[time 0.71 s, user 0.78 s, sys 0.05 s, maxrss 82128 KB]
[busy 88 jiffies]
[exit 0]

##### words-full (479823 lines, 4953557 bytes)   round 3/3   2026-09-20T12:24:39+03:00
--- lexindex dict32   load 0.62 0.88 0.96
479823 keys
lexindex DictIndex block 32: build 59 ms, size 1.304 MiB (2.850 B/key), latency cold 246.9 ns, then mean 243.2 / min 242.9 ns
59.290,1.304057,246.856
[time 0.70 s, user 0.76 s, sys 0.06 s, maxrss 86832 KB]
[busy 90 jiffies]
[exit 0]
--- lexindex dict256   load 0.62 0.88 0.96
479823 keys
lexindex DictIndex block 256: build 62 ms, size 1.206 MiB (2.635 B/key), latency cold 289.4 ns, then mean 287.8 / min 286.3 ns
61.772,1.205790,289.389
[time 0.79 s, user 0.86 s, sys 0.06 s, maxrss 84768 KB]
[busy 100 jiffies]
[exit 0]
--- lexindex dict1024   load 0.65 0.88 0.96
479823 keys
lexindex DictIndex block 1024: build 68 ms, size 1.150 MiB (2.513 B/key), latency cold 369.8 ns, then mean 367.0 / min 366.6 ns
67.943,1.150117,369.782
[time 0.95 s, user 0.98 s, sys 0.05 s, maxrss 77752 KB]
[busy 115 jiffies]
[exit 0]
--- lexindex string   load 0.65 0.88 0.96
479823 keys
lexindex StringIndex: build 153 ms, size 2.724 MiB (5.953 B/key), latency cold 212.2 ns, then mean 212.6 / min 211.2 ns
153.093,2.724010,212.238
[time 0.74 s, user 0.70 s, sys 0.03 s, maxrss 63904 KB]
[busy 80 jiffies]
[exit 0]
--- c2 case 0 rec 0   load 0.65 0.88 0.96
[TEST C2-FST]
Processing dataset...
Done!
Building trie...
Done!
build time: 71.275487 ms (148.545374 ns per key)
space cost: 1.889297 MB (44.282271% of original size 4.266485 MB)
Querying trie...
Done!
total time: 123.434815 ms, avg latency: 257.250726 ns
topology: 0.420059 MB, link: 0.189988 MB, data: 1.279249 MB
--- Unary Path Analysis (FST, cutoff=4) ---
  shared unary steps in main trie: 150595
  terminal suffixes: inplace=193950 (avg len=1.79)  links=60939 (23.9% of terminal)
  link len: avg=4.24  max=35  total_chars=258586
  link length distribution (len:count):  4:25346  5:15798  6:9608  7:4976  8:2612  9:1355  10:653  11:330  12:137  13:65  14:25  15:11  16:9  17:6  18:2  19:3  20:1  21:1  36:1
71.275487,1.889297,257.250726
[PASSED]
[time 0.37 s, user 0.33 s, sys 0.04 s, maxrss 49020 KB]
[busy 43 jiffies]
[exit 0]
--- c2 case 0 rec 1   load 0.68 0.88 0.96
[TEST C2-FST]
Processing dataset...
Done!
Building trie...
trie size: 0.142362 MB
Done!
build time: 74.876496 ms (156.050244 ns per key)
space cost: 1.889297 MB (44.282271% of original size 4.266485 MB)
Querying trie...
Done!
total time: 123.716585 ms, avg latency: 257.837963 ns
topology: 0.420059 MB, link: 0.189988 MB, data: 1.279249 MB
--- Unary Path Analysis (FST, cutoff=4) ---
  shared unary steps in main trie: 150595
  terminal suffixes: inplace=193950 (avg len=1.79)  links=60939 (23.9% of terminal)
  link len: avg=4.24  max=35  total_chars=258586
  link length distribution (len:count):  4:25346  5:15798  6:9608  7:4976  8:2612  9:1355  10:653  11:330  12:137  13:65  14:25  15:11  16:9  17:6  18:2  19:3  20:1  21:1  36:1
74.876496,1.889297,257.837963
[PASSED]
[time 0.38 s, user 0.34 s, sys 0.03 s, maxrss 48620 KB]
[busy 42 jiffies]
[exit 0]
--- c2 case 0 rec 2   load 0.68 0.88 0.96
[TEST C2-FST]
Processing dataset...
Done!
Building trie...
trie size: 0.142362 MB
Done!
build time: 73.736483 ms (153.674340 ns per key)
space cost: 1.889297 MB (44.282271% of original size 4.266485 MB)
Querying trie...
Done!
total time: 123.407624 ms, avg latency: 257.194057 ns
topology: 0.420059 MB, link: 0.189988 MB, data: 1.279249 MB
--- Unary Path Analysis (FST, cutoff=4) ---
  shared unary steps in main trie: 150595
  terminal suffixes: inplace=193950 (avg len=1.79)  links=60939 (23.9% of terminal)
  link len: avg=4.24  max=35  total_chars=258586
  link length distribution (len:count):  4:25346  5:15798  6:9608  7:4976  8:2612  9:1355  10:653  11:330  12:137  13:65  14:25  15:11  16:9  17:6  18:2  19:3  20:1  21:1  36:1
73.736483,1.889297,257.194057
[PASSED]
[time 0.38 s, user 0.34 s, sys 0.03 s, maxrss 49016 KB]
[busy 42 jiffies]
[exit 0]
--- c2 case 1 rec 0   load 0.68 0.88 0.96
[TEST C2-CoCo(LOUDS-Sparse)]
Processing dataset...
Done!
Building trie...
Done!
build time: 424.960555 ms (885.661077 ns per key)
space cost: 2.136750 MB (50.082199% of original size 4.266485 MB)
Querying trie...
Done!
total time: 199.386862 ms, avg latency: 415.542527 ns
topology: 0.195229 MB, link: 0.520357 MB, data: 1.421164 MB
424.960555,2.136750,415.542527
[PASSED]
[time 0.80 s, user 0.74 s, sys 0.05 s, maxrss 97728 KB]
[busy 88 jiffies]
[exit 0]
--- c2 case 1 rec 1   load 0.63 0.87 0.96
[TEST C2-CoCo(LOUDS-Sparse)]
Processing dataset...
Done!
Building trie...
trie size: 0.142362 MB
Done!
build time: 419.193205 ms (873.641332 ns per key)
space cost: 2.136750 MB (50.082199% of original size 4.266485 MB)
Querying trie...
Done!
total time: 197.311432 ms, avg latency: 411.217120 ns
topology: 0.195229 MB, link: 0.520357 MB, data: 1.421164 MB
419.193205,2.136750,411.217120
[PASSED]
[time 0.80 s, user 0.74 s, sys 0.05 s, maxrss 98168 KB]
[busy 86 jiffies]
[exit 0]
--- c2 case 1 rec 2   load 0.63 0.87 0.96
[TEST C2-CoCo(LOUDS-Sparse)]
Processing dataset...
Done!
Building trie...
trie size: 0.142362 MB
Done!
build time: 424.121127 ms (883.911624 ns per key)
space cost: 2.136750 MB (50.082199% of original size 4.266485 MB)
Querying trie...
Done!
total time: 196.885962 ms, avg latency: 410.330397 ns
topology: 0.195229 MB, link: 0.520357 MB, data: 1.421164 MB
424.121127,2.136750,410.330397
[PASSED]
[time 0.79 s, user 0.73 s, sys 0.05 s, maxrss 97968 KB]
[busy 87 jiffies]
[exit 0]
--- c2 case 2 rec 0   load 0.63 0.87 0.96
[TEST C2-MARISA]
Processing dataset...
Done!
Building trie...
trie size: 1.224291 MB
Done!
build time: 113.243229 ms (236.010423 ns per key)
space cost: 1.753984 MB (41.110759% of original size 4.266485 MB)
Querying trie...
Done!
total time: 98.370615 ms, avg latency: 205.014380 ns
topology: 0.405689 MB, link: 0.420969 MB, data: 0.917072 MB
--- Unary Path Analysis (Marisa, cutoff=3) ---
  branches: 742737  |  single-char: 411656 (55.4%)  short-unary: 124451 (16.8%)  links: 206630 (27.8%)
  link len: avg=4.35  max=37  total_chars=898820
  link length distribution (len:count):  3:81252  4:55503  5:30038  6:18037  7:10646  8:5519  9:2885  10:1442  11:688  12:346  13:146  14:66  15:26  16:12  17:9  18:7  19:2  20:3  21:1  22:1  37:1
  short unary avg len: 2.00
113.243229,1.753984,205.014380
[PASSED]
[time 0.38 s, user 0.34 s, sys 0.03 s, maxrss 62920 KB]
[busy 44 jiffies]
[exit 0]
--- c2 case 2 rec 1   load 0.58 0.85 0.95
[TEST C2-MARISA]
Processing dataset...
Done!
Building trie...
trie size: 1.224291 MB
trie size: 0.455650 MB
Done!
build time: 115.235765 ms (240.163071 ns per key)
space cost: 1.692706 MB (39.674487% of original size 4.266485 MB)
Querying trie...
Done!
total time: 105.791092 ms, avg latency: 220.479410 ns
topology: 0.426247 MB, link: 0.398585 MB, data: 0.857620 MB
--- Unary Path Analysis (Marisa, cutoff=3) ---
  branches: 742737  |  single-char: 411656 (55.4%)  short-unary: 124451 (16.8%)  links: 206630 (27.8%)
  link len: avg=4.35  max=37  total_chars=898820
  link length distribution (len:count):  3:81252  4:55503  5:30038  6:18037  7:10646  8:5519  9:2885  10:1442  11:688  12:346  13:146  14:66  15:26  16:12  17:9  18:7  19:2  20:3  21:1  22:1  37:1
  short unary avg len: 2.00
115.235765,1.692706,220.479410
[PASSED]
[time 0.40 s, user 0.35 s, sys 0.04 s, maxrss 62788 KB]
[busy 44 jiffies]
[exit 0]
--- c2 case 2 rec 2   load 0.58 0.85 0.95
[TEST C2-MARISA]
Processing dataset...
Done!
Building trie...
trie size: 1.224291 MB
trie size: 0.455650 MB
trie size: 0.007228 MB
Done!
build time: 115.609467 ms (240.941904 ns per key)
space cost: 1.692706 MB (39.674487% of original size 4.266485 MB)
Querying trie...
Done!
total time: 105.701494 ms, avg latency: 220.292679 ns
topology: 0.426247 MB, link: 0.398585 MB, data: 0.857620 MB
--- Unary Path Analysis (Marisa, cutoff=3) ---
  branches: 742737  |  single-char: 411656 (55.4%)  short-unary: 124451 (16.8%)  links: 206630 (27.8%)
  link len: avg=4.35  max=37  total_chars=898820
  link length distribution (len:count):  3:81252  4:55503  5:30038  6:18037  7:10646  8:5519  9:2885  10:1442  11:688  12:346  13:146  14:66  15:26  16:12  17:9  18:7  19:2  20:3  21:1  22:1  37:1
  short unary avg len: 2.00
115.609467,1.692706,220.292679
[PASSED]
[time 0.39 s, user 0.35 s, sys 0.03 s, maxrss 62560 KB]
[busy 45 jiffies]
[exit 0]
--- c2 case 3 rec 0   load 0.58 0.85 0.95
[TEST FST]
Processing dataset...
Done!
Building trie...
Done!
build time: 182.266493 ms (379.861935 ns per key)
space cost: 2.144493 MB (50.263695% of original size 4.266485 MB)
Querying trie...
Done!
total time: 204.939980 ms, avg latency: 427.115791 ns
not implemented
182.266493,2.144493,427.115791
[PASSED]
[time 0.56 s, user 0.52 s, sys 0.03 s, maxrss 41568 KB]
[busy 66 jiffies]
[exit 0]
--- c2 case 4 rec 0   load 0.53 0.84 0.94
[TEST COCO]
Processing dataset...
Done!
Building trie...
num nodes = 100870, average depth = 2.907644
ef = 0.002379, pa = 0.381531, bv = 0.002558, de = 0.468484
efr = 0.010370, par = 0.134639, bvr = 0.000020, der = 0.000020
Done!
build time: 1615.741267 ms (3367.369357 ns per key)
space cost: 2.485874 MB (58.265159% of original size 4.266485 MB)
Querying trie...
Done!
total time: 175.442608 ms, avg latency: 365.640263 ns
not implemented
1615.741267,2.485874,365.640263
[PASSED]
[time 2.04 s, user 1.57 s, sys 0.45 s, maxrss 920268 KB]
[busy 210 jiffies]
[exit 0]
--- c2 case 5 rec 0   load 0.53 0.84 0.94
[TEST MARISA]
Processing dataset...
Done!
Building trie...
Done!
build time: 152.465871 ms (317.754403 ns per key)
space cost: 1.546566 MB (36.249182% of original size 4.266485 MB)
Querying trie...
Done!
total time: 146.762651 ms, avg latency: 305.868312 ns
not implemented
152.465871,1.546566,305.868312
[PASSED]
[time 0.47 s, user 0.43 s, sys 0.04 s, maxrss 62920 KB]
[busy 52 jiffies]
[exit 0]
--- c2 case 5 rec 1   load 0.53 0.84 0.94
[TEST MARISA]
Processing dataset...
Done!
Building trie...
Done!
build time: 155.605612 ms (324.297943 ns per key)
space cost: 1.371034 MB (32.134968% of original size 4.266485 MB)
Querying trie...
Done!
total time: 165.699385 ms, avg latency: 345.334394 ns
not implemented
155.605612,1.371034,345.334394
[PASSED]
[time 0.49 s, user 0.45 s, sys 0.03 s, maxrss 63416 KB]
[busy 54 jiffies]
[exit 0]
--- c2 case 5 rec 2   load 0.57 0.84 0.95
[TEST MARISA]
Processing dataset...
Done!
Building trie...
Done!
build time: 157.217502 ms (327.657286 ns per key)
space cost: 1.362252 MB (31.929145% of original size 4.266485 MB)
Querying trie...
Done!
total time: 166.298020 ms, avg latency: 346.582010 ns
not implemented
157.217502,1.362252,346.582010
[PASSED]
[time 0.50 s, user 0.45 s, sys 0.04 s, maxrss 62932 KB]
[busy 54 jiffies]
[exit 0]
--- c2 case 6 rec 0   load 0.57 0.84 0.95
[TEST PDT]
Processing dataset...
Done!
Building trie...
dict size: 35774, stream size: 975943
Done!
build time: 336.227915 ms (700.733218 ns per key)
space cost: 1.577207 MB (36.967352% of original size 4.266485 MB)
Querying trie...
Done!
total time: 208.172296 ms, avg latency: 433.852266 ns
not implemented
336.227915,1.577207,433.852266
[PASSED]
[time 0.72 s, user 0.68 s, sys 0.03 s, maxrss 53072 KB]
[busy 76 jiffies]
[exit 0]
--- c2 case 7 rec 0   load 0.57 0.84 0.95
[TEST ART]
Processing dataset...
Done!
Building trie...
Done!
build time: 45.787872 ms (95.426589 ns per key)
space cost: 16.425407 MB (384.986859% of original size 4.266485 MB)
Querying trie...
Done!
total time: 82.215981 ms, avg latency: 171.346478 ns
not implemented
45.787872,16.425407,171.346478
[PASSED]
[time 0.30 s, user 0.26 s, sys 0.03 s, maxrss 62112 KB]
[busy 35 jiffies]
[exit 0]
--- c2 case 8 rec 0   load 0.68 0.86 0.95
[TEST CART]
Processing dataset...
Done!
Building trie...
Done!
build time: 68.556738 ms (142.879224 ns per key)
space cost: 7.328448 MB (171.767812% of original size 4.266485 MB)
Querying trie...
Done!
total time: 104.479527 ms, avg latency: 217.745975 ns
not implemented
68.556738,7.328448,217.745975
[PASSED]
[time 0.35 s, user 0.30 s, sys 0.04 s, maxrss 62108 KB]
[busy 39 jiffies]
[exit 0]
--- xcdat 7   load 0.68 0.86 0.95
build time: 107.841145 ms
space cost: 2.721505 MiB (63.787990% of original size 4.266485 MiB)
avg latency: 108.384210 ns
107.841145,2.721505,108.384210
[time 0.33 s, user 0.30 s, sys 0.03 s, maxrss 52192 KB]
[busy 38 jiffies]
[exit 0]
--- xcdat 8   load 0.68 0.86 0.95
build time: 96.810412 ms
space cost: 2.597720 MiB (60.886655% of original size 4.266485 MiB)
avg latency: 109.684928 ns
96.810412,2.597720,109.684928
[time 0.32 s, user 0.28 s, sys 0.03 s, maxrss 51720 KB]
[busy 36 jiffies]
[exit 0]
--- xcdat 15   load 0.68 0.86 0.95
build time: 109.014932 ms
space cost: 3.340850 MiB (78.304499% of original size 4.266485 MiB)
avg latency: 80.293200 ns
109.014932,3.340850,80.293200
[time 0.32 s, user 0.27 s, sys 0.04 s, maxrss 58184 KB]
[busy 35 jiffies]
[exit 0]
--- xcdat 16   load 0.71 0.86 0.95
build time: 99.522770 ms
space cost: 3.550420 MiB (83.216503% of original size 4.266485 MiB)
avg latency: 85.677156 ns
99.522770,3.550420,85.677156
[time 0.32 s, user 0.27 s, sys 0.03 s, maxrss 58128 KB]
[busy 35 jiffies]
[exit 0]

##### dna-1000000 (1000000 lines, 25000000 bytes)   round 3/3   2026-09-20T12:25:19+03:00
--- lexindex dict32   load 0.71 0.86 0.95
1000000 keys
lexindex DictIndex block 32: build 121 ms, size 4.768 MiB (5.000 B/key), latency cold 354.1 ns, then mean 354.9 / min 351.2 ns
121.381,4.768131,354.136
[time 2.04 s, user 2.49 s, sys 0.19 s, maxrss 189672 KB]
[busy 291 jiffies]
[exit 0]
--- lexindex dict256   load 0.65 0.85 0.95
1000000 keys
lexindex DictIndex block 256: build 121 ms, size 4.172 MiB (4.375 B/key), latency cold 351.4 ns, then mean 345.9 / min 345.2 ns
120.618,4.172320,351.363
[time 2.01 s, user 2.49 s, sys 0.16 s, maxrss 187264 KB]
[busy 283 jiffies]
[exit 0]
--- lexindex dict1024   load 0.65 0.85 0.95
1000000 keys
lexindex DictIndex block 1024: build 125 ms, size 4.035 MiB (4.231 B/key), latency cold 384.7 ns, then mean 379.9 / min 378.4 ns
125.476,4.034555,384.687
[time 2.14 s, user 2.38 s, sys 0.11 s, maxrss 172508 KB]
[busy 270 jiffies]
[exit 0]
--- lexindex string   load 0.68 0.85 0.95
1000000 keys
lexindex StringIndex: build 1110 ms, size 16.920 MiB (17.741 B/key), latency cold 506.3 ns, then mean 505.0 / min 497.8 ns
1110.351,16.919603,506.266
[time 3.61 s, user 3.51 s, sys 0.08 s, maxrss 164156 KB]
[busy 379 jiffies]
[exit 0]
--- c2 case 0 rec 0   load 0.70 0.85 0.95
[TEST C2-FST]
Processing dataset...
Done!
Building trie...
Done!
build time: 1424.786092 ms (1424.786092 ns per key)
space cost: 11.502727 MB (50.256179% of original size 22.888184 MB)
Querying trie...
Done!
total time: 412.055820 ms, avg latency: 412.055820 ns
topology: 0.892128 MB, link: 2.893083 MB, data: 7.717516 MB
--- Unary Path Analysis (FST, cutoff=4) ---
  shared unary steps in main trie: 98146
  terminal suffixes: inplace=2 (avg len=3.00)  links=999998 (100.0% of terminal)
  link len: avg=12.12  max=15  total_chars=12118007
  link length distribution (len:count):  4:2  5:10  6:40  7:176  8:732  9:2727  10:11261  11:42928  12:153933  13:402475  14:363824  15:21889  16:1
1424.786092,11.502727,412.055820
[PASSED]
[time 2.55 s, user 2.39 s, sys 0.14 s, maxrss 255872 KB]
[busy 264 jiffies]
[exit 0]
--- c2 case 0 rec 1   load 0.65 0.84 0.94
[TEST C2-FST]
Processing dataset...
Done!
Building trie...
trie size: 5.258043 MB
Done!
build time: 2123.302045 ms (2123.302045 ns per key)
space cost: 11.502727 MB (50.256179% of original size 22.888184 MB)
Querying trie...
Done!
total time: 410.432138 ms, avg latency: 410.432138 ns
topology: 0.892128 MB, link: 2.893083 MB, data: 7.717516 MB
--- Unary Path Analysis (FST, cutoff=4) ---
  shared unary steps in main trie: 98146
  terminal suffixes: inplace=2 (avg len=3.00)  links=999998 (100.0% of terminal)
  link len: avg=12.12  max=15  total_chars=12118007
  link length distribution (len:count):  4:2  5:10  6:40  7:176  8:732  9:2727  10:11261  11:42928  12:153933  13:402475  14:363824  15:21889  16:1
2123.302045,11.502727,410.432138
[PASSED]
[time 3.23 s, user 3.03 s, sys 0.18 s, maxrss 283976 KB]
[busy 336 jiffies]
[exit 0]
--- c2 case 0 rec 2   load 0.65 0.84 0.94
[TEST C2-FST]
Processing dataset...
Done!
Building trie...
trie size: 5.258043 MB
Done!
build time: 2127.945713 ms (2127.945713 ns per key)
space cost: 11.502727 MB (50.256179% of original size 22.888184 MB)
Querying trie...
Done!
total time: 408.780012 ms, avg latency: 408.780012 ns
topology: 0.892128 MB, link: 2.893083 MB, data: 7.717516 MB
--- Unary Path Analysis (FST, cutoff=4) ---
  shared unary steps in main trie: 98146
  terminal suffixes: inplace=2 (avg len=3.00)  links=999998 (100.0% of terminal)
  link len: avg=12.12  max=15  total_chars=12118007
  link length distribution (len:count):  4:2  5:10  6:40  7:176  8:732  9:2727  10:11261  11:42928  12:153933  13:402475  14:363824  15:21889  16:1
2127.945713,11.502727,408.780012
[PASSED]
[time 3.25 s, user 3.04 s, sys 0.19 s, maxrss 284116 KB]
[busy 335 jiffies]
[exit 0]
--- c2 case 1 rec 0   load 0.68 0.84 0.94
[TEST C2-CoCo(LOUDS-Sparse)]
Processing dataset...
Done!
Building trie...
Done!
build time: 2017.178618 ms (2017.178618 ns per key)
space cost: 9.777104 MB (42.716818% of original size 22.888184 MB)
Querying trie...
Done!
total time: 462.508669 ms, avg latency: 462.508669 ns
topology: 0.343521 MB, link: 3.029230 MB, data: 6.404353 MB
2017.178618,9.777104,462.508669
[PASSED]
[time 3.18 s, user 2.95 s, sys 0.20 s, maxrss 385816 KB]
[busy 332 jiffies]
[exit 0]
--- c2 case 1 rec 1   load 0.70 0.85 0.94
[TEST C2-CoCo(LOUDS-Sparse)]
Processing dataset...
Done!
Building trie...
trie size: 5.258043 MB
Done!
build time: 2692.307603 ms (2692.307603 ns per key)
space cost: 9.777104 MB (42.716818% of original size 22.888184 MB)
Querying trie...
Done!
total time: 453.048979 ms, avg latency: 453.048979 ns
topology: 0.343521 MB, link: 3.029230 MB, data: 6.404353 MB
2692.307603,9.777104,453.048979
[PASSED]
[time 3.84 s, user 3.61 s, sys 0.20 s, maxrss 413900 KB]
[busy 399 jiffies]
[exit 0]
--- c2 case 1 rec 2   load 0.73 0.85 0.94
[TEST C2-CoCo(LOUDS-Sparse)]
Processing dataset...
Done!
Building trie...
trie size: 5.258043 MB
Done!
build time: 2705.886606 ms (2705.886606 ns per key)
space cost: 9.777104 MB (42.716818% of original size 22.888184 MB)
Querying trie...
Done!
total time: 456.311692 ms, avg latency: 456.311692 ns
topology: 0.343521 MB, link: 3.029230 MB, data: 6.404353 MB
2705.886606,9.777104,456.311692
[PASSED]
[time 3.87 s, user 3.63 s, sys 0.21 s, maxrss 413800 KB]
[busy 401 jiffies]
[exit 0]
--- c2 case 2 rec 0   load 0.75 0.85 0.94
[TEST C2-MARISA]
Processing dataset...
Done!
Building trie...
trie size: 2.428399 MB
Done!
build time: 1332.875720 ms (1332.875720 ns per key)
space cost: 10.748939 MB (46.962829% of original size 22.888184 MB)
Querying trie...
Done!
total time: 386.238313 ms, avg latency: 386.238313 ns
topology: 0.804615 MB, link: 2.791285 MB, data: 7.132531 MB
--- Unary Path Analysis (Marisa, cutoff=3) ---
  branches: 1681124  |  single-char: 605889 (36.0%)  short-unary: 58000 (3.5%)  links: 1017235 (60.5%)
  link len: avg=13.94  max=17  total_chars=14175392
  link length distribution (len:count):  3:13001  4:3156  5:812  6:209  7:97  8:186  9:733  10:2730  11:11261  12:42928  13:153933  14:402475  15:363824  16:21889  17:1
  short unary avg len: 2.00
1332.875720,10.748939,386.238313
[PASSED]
[time 2.42 s, user 2.25 s, sys 0.15 s, maxrss 252380 KB]
[busy 255 jiffies]
[exit 0]
--- c2 case 2 rec 1   load 0.77 0.85 0.94
[TEST C2-MARISA]
Processing dataset...
Done!
Building trie...
trie size: 2.428399 MB
trie size: 5.162292 MB
Done!
build time: 2219.745268 ms (2219.745268 ns per key)
space cost: 10.748939 MB (46.962829% of original size 22.888184 MB)
Querying trie...
Done!
total time: 384.722184 ms, avg latency: 384.722184 ns
topology: 0.804615 MB, link: 2.791285 MB, data: 7.132531 MB
--- Unary Path Analysis (Marisa, cutoff=3) ---
  branches: 1681124  |  single-char: 605889 (36.0%)  short-unary: 58000 (3.5%)  links: 1017235 (60.5%)
  link len: avg=13.94  max=17  total_chars=14175392
  link length distribution (len:count):  3:13001  4:3156  5:812  6:209  7:97  8:186  9:733  10:2730  11:11261  12:42928  13:153933  14:402475  15:363824  16:21889  17:1
  short unary avg len: 2.00
2219.745268,10.748939,384.722184
[PASSED]
[time 3.33 s, user 3.10 s, sys 0.21 s, maxrss 285308 KB]
[busy 347 jiffies]
[exit 0]
--- c2 case 2 rec 2   load 0.71 0.84 0.94
[TEST C2-MARISA]
Processing dataset...
Done!
Building trie...
trie size: 2.428399 MB
trie size: 5.162292 MB
Done!
build time: 2208.143120 ms (2208.143120 ns per key)
space cost: 10.748939 MB (46.962829% of original size 22.888184 MB)
Querying trie...
Done!
total time: 388.348190 ms, avg latency: 388.348190 ns
topology: 0.804615 MB, link: 2.791285 MB, data: 7.132531 MB
--- Unary Path Analysis (Marisa, cutoff=3) ---
  branches: 1681124  |  single-char: 605889 (36.0%)  short-unary: 58000 (3.5%)  links: 1017235 (60.5%)
  link len: avg=13.94  max=17  total_chars=14175392
  link length distribution (len:count):  3:13001  4:3156  5:812  6:209  7:97  8:186  9:733  10:2730  11:11261  12:42928  13:153933  14:402475  15:363824  16:21889  17:1
  short unary avg len: 2.00
2208.143120,10.748939,388.348190
[PASSED]
[time 3.32 s, user 3.08 s, sys 0.22 s, maxrss 285084 KB]
[busy 341 jiffies]
[exit 0]
--- c2 case 3 rec 0   load 0.71 0.84 0.94
[TEST FST]
Processing dataset...
Done!
Building trie...
Done!
build time: 945.907063 ms (945.907063 ns per key)
space cost: 18.082896 MB (79.005379% of original size 22.888184 MB)
Querying trie...
Done!
total time: 551.846316 ms, avg latency: 551.846316 ns
not implemented
945.907063,18.082896,551.846316
[PASSED]
[time 2.21 s, user 2.08 s, sys 0.11 s, maxrss 179288 KB]
[busy 231 jiffies]
[exit 0]
--- c2 case 4 rec 0   load 0.73 0.84 0.94
[TEST COCO]
Processing dataset...
Done!
Building trie...
num nodes = 65537, average depth = 14.999878
ef = 0.000000, pa = 0.000000, bv = 0.000000, de = 0.000015
efr = 0.000015, par = 0.999969, bvr = 0.000000, der = 0.000000
Done!
build time: 22403.135307 ms (22403.135307 ns per key)
space cost: 5.857979 MB (25.593899% of original size 22.888184 MB)
Querying trie...
Done!
total time: 381.823335 ms, avg latency: 381.823335 ns
not implemented
22403.135307,5.857979,381.823335
[PASSED]
[time 24.44 s, user 18.48 s, sys 5.85 s, maxrss 13623568 KB]
[busy 2511 jiffies]
[exit 0]
--- c2 case 5 rec 0   load 0.89 0.87 0.95
[TEST MARISA]
Processing dataset...
Done!
Building trie...
Done!
build time: 685.773944 ms (685.773944 ns per key)
space cost: 18.867507 MB (82.433396% of original size 22.888184 MB)
Querying trie...
Done!
total time: 540.990953 ms, avg latency: 540.990953 ns
not implemented
685.773944,18.867507,540.990953
[PASSED]
[time 1.92 s, user 1.78 s, sys 0.12 s, maxrss 222952 KB]
[busy 202 jiffies]
[exit 0]
--- c2 case 5 rec 1   load 0.90 0.87 0.95
[TEST MARISA]
Processing dataset...
Done!
Building trie...
Done!
build time: 957.353608 ms (957.353608 ns per key)
space cost: 7.640043 MB (33.379858% of original size 22.888184 MB)
Querying trie...
Done!
total time: 736.892344 ms, avg latency: 736.892344 ns
not implemented
957.353608,7.640043,736.892344
[PASSED]
[time 2.42 s, user 2.25 s, sys 0.16 s, maxrss 221992 KB]
[busy 254 jiffies]
[exit 0]
--- c2 case 5 rec 2   load 0.90 0.87 0.95
[TEST MARISA]
Processing dataset...
Done!
Building trie...
Done!
build time: 956.117534 ms (956.117534 ns per key)
space cost: 7.210847 MB (31.504671% of original size 22.888184 MB)
Querying trie...
Done!
total time: 782.462176 ms, avg latency: 782.462176 ns
not implemented
956.117534,7.210847,782.462176
[PASSED]
[time 2.43 s, user 2.29 s, sys 0.13 s, maxrss 221916 KB]
[busy 250 jiffies]
[exit 0]
--- c2 case 6 rec 0   load 0.91 0.88 0.95
[TEST PDT]
Processing dataset...
Done!
Building trie...
dict size: 151324, stream size: 6218209
Done!
build time: 2908.523507 ms (2908.523507 ns per key)
space cost: 7.350519 MB (32.114908% of original size 22.888184 MB)
Querying trie...
Done!
total time: 765.198377 ms, avg latency: 765.198377 ns
not implemented
2908.523507,7.350519,765.198377
[PASSED]
[time 4.38 s, user 4.20 s, sys 0.15 s, maxrss 213104 KB]
[busy 451 jiffies]
[exit 0]
--- c2 case 7 rec 0   load 0.92 0.88 0.95
[TEST ART]
Processing dataset...
Done!
Building trie...
Done!
build time: 202.461902 ms (202.461902 ns per key)
space cost: 33.278465 MB (145.395833% of original size 22.888184 MB)
Querying trie...
Done!
total time: 420.399632 ms, avg latency: 420.399632 ns
not implemented
202.461902,33.278465,420.399632
[PASSED]
[time 1.37 s, user 1.24 s, sys 0.11 s, maxrss 222720 KB]
[busy 149 jiffies]
[exit 0]
--- c2 case 8 rec 0   load 0.92 0.88 0.95
[TEST CART]
Processing dataset...
Done!
Building trie...
Done!
build time: 248.099031 ms (248.099031 ns per key)
space cost: 15.643999 MB (68.349675% of original size 22.888184 MB)
Querying trie...
Done!
total time: 439.339681 ms, avg latency: 439.339681 ns
not implemented
248.099031,15.643999,439.339681
[PASSED]
[time 1.43 s, user 1.32 s, sys 0.11 s, maxrss 214264 KB]
[busy 152 jiffies]
[exit 0]
--- xcdat 7   load 0.92 0.88 0.95
build time: 831.239236 ms
space cost: 19.789600 MiB (86.462083% of original size 22.888184 MiB)
avg latency: 296.491007 ns
831.239236,19.789600,296.491007
[time 1.84 s, user 1.71 s, sys 0.11 s, maxrss 180476 KB]
[busy 193 jiffies]
[exit 0]
--- xcdat 8   load 0.93 0.88 0.95
build time: 794.238441 ms
space cost: 19.685819 MiB (86.008654% of original size 22.888184 MiB)
avg latency: 294.305810 ns
794.238441,19.685819,294.305810
[time 1.80 s, user 1.67 s, sys 0.12 s, maxrss 180580 KB]
[busy 188 jiffies]
[exit 0]
--- xcdat 15   load 0.93 0.88 0.95
build time: 822.425721 ms
space cost: 21.414997 MiB (93.563550% of original size 22.888184 MiB)
avg latency: 280.736455 ns
822.425721,21.414997,280.736455
[time 1.80 s, user 1.67 s, sys 0.13 s, maxrss 182216 KB]
[busy 187 jiffies]
[exit 0]
--- xcdat 16   load 0.94 0.89 0.95
build time: 795.274849 ms
space cost: 21.935129 MiB (95.836042% of original size 22.888184 MiB)
avg latency: 289.583504 ns
795.274849,21.935129,289.583504
[time 1.78 s, user 1.65 s, sys 0.12 s, maxrss 182800 KB]
[busy 187 jiffies]
[exit 0]

##### domains-1000000 (1000000 lines, 14782044 bytes)   round 3/3   2026-09-20T12:27:11+03:00
--- lexindex dict32   load 0.94 0.89 0.95
1000000 keys
lexindex DictIndex block 32: build 221 ms, size 4.599 MiB (4.822 B/key), latency cold 318.8 ns, then mean 313.1 / min 312.7 ns
221.116,4.598972,318.812
[time 1.96 s, user 3.20 s, sys 0.24 s, maxrss 236380 KB]
[busy 361 jiffies]
[exit 0]
--- lexindex dict256   load 0.94 0.89 0.95
1000000 keys
lexindex DictIndex block 256: build 219 ms, size 4.291 MiB (4.500 B/key), latency cold 349.3 ns, then mean 345.7 / min 339.5 ns
219.028,4.291158,349.310
[time 2.09 s, user 3.38 s, sys 0.24 s, maxrss 236304 KB]
[busy 385 jiffies]
[exit 0]
--- lexindex dict1024   load 0.95 0.89 0.95
1000000 keys
lexindex DictIndex block 1024: build 233 ms, size 4.160 MiB (4.363 B/key), latency cold 417.2 ns, then mean 410.4 / min 408.7 ns
233.312,4.160439,417.216
[time 2.37 s, user 3.13 s, sys 0.17 s, maxrss 214272 KB]
[busy 347 jiffies]
[exit 0]
--- lexindex string   load 0.95 0.89 0.95
1000000 keys
lexindex StringIndex: build 596 ms, size 10.017 MiB (10.504 B/key), latency cold 291.1 ns, then mean 278.2 / min 275.1 ns
595.642,10.017015,291.088
[time 2.18 s, user 2.10 s, sys 0.07 s, maxrss 135272 KB]
[busy 232 jiffies]
[exit 0]
--- c2 case 0 rec 0   load 0.95 0.89 0.95
[TEST C2-FST]
Processing dataset...
Done!
Building trie...
Done!
build time: 647.181306 ms (647.181306 ns per key)
space cost: 6.917822 MB (52.632701% of original size 13.143581 MB)
Querying trie...
Done!
total time: 340.263391 ms, avg latency: 340.263391 ns
topology: 0.942398 MB, link: 2.041207 MB, data: 3.934216 MB
--- Unary Path Analysis (FST, cutoff=4) ---
  shared unary steps in main trie: 268333
  terminal suffixes: inplace=220500 (avg len=1.97)  links=754948 (77.4% of terminal)
  link len: avg=6.76  max=63  total_chars=5105329
  link length distribution (len:count):  4:91687  5:111663  6:114934  7:103953  8:85177  9:68086  10:51456  11:37502  12:26935  13:19286  14:13392  15:9281  16:6718  17:4599  18:3138  19:2143  20:1561  21:980  22:717  23:511  24:315  25:289  26:154  27:98  28:76  29:70  30:38  31:24  32:35  33:24  34:15  35:9  36:12  37:9  38:5  39:5  40:5  41:8  42:4  43:7  45:3  46:1  48:1  50:1  52:4  54:2  55:1  56:5  57:4  59:2  63:2  64:1
647.181306,6.917822,340.263391
[PASSED]
[time 1.41 s, user 1.29 s, sys 0.11 s, maxrss 183232 KB]
[busy 148 jiffies]
[exit 0]
--- c2 case 0 rec 1   load 0.95 0.89 0.95
[TEST C2-FST]
Processing dataset...
Done!
Building trie...
trie size: 2.171301 MB
Done!
build time: 697.579433 ms (697.579433 ns per key)
space cost: 6.261899 MB (47.642258% of original size 13.143581 MB)
Querying trie...
Done!
total time: 403.752003 ms, avg latency: 403.752003 ns
topology: 1.096256 MB, link: 1.933458 MB, data: 3.232184 MB
--- Unary Path Analysis (FST, cutoff=4) ---
  shared unary steps in main trie: 268333
  terminal suffixes: inplace=220500 (avg len=1.97)  links=754948 (77.4% of terminal)
  link len: avg=6.76  max=63  total_chars=5105329
  link length distribution (len:count):  4:91687  5:111663  6:114934  7:103953  8:85177  9:68086  10:51456  11:37502  12:26935  13:19286  14:13392  15:9281  16:6718  17:4599  18:3138  19:2143  20:1561  21:980  22:717  23:511  24:315  25:289  26:154  27:98  28:76  29:70  30:38  31:24  32:35  33:24  34:15  35:9  36:12  37:9  38:5  39:5  40:5  41:8  42:4  43:7  45:3  46:1  48:1  50:1  52:4  54:2  55:1  56:5  57:4  59:2  63:2  64:1
697.579433,6.261899,403.752003
[PASSED]
[time 1.55 s, user 1.42 s, sys 0.12 s, maxrss 183012 KB]
[busy 161 jiffies]
[exit 0]
--- c2 case 0 rec 2   load 0.95 0.89 0.95
[TEST C2-FST]
Processing dataset...
Done!
Building trie...
trie size: 2.171301 MB
trie size: 0.145336 MB
Done!
build time: 706.942712 ms (706.942712 ns per key)
space cost: 6.261899 MB (47.642258% of original size 13.143581 MB)
Querying trie...
Done!
total time: 388.434902 ms, avg latency: 388.434902 ns
topology: 1.096256 MB, link: 1.933458 MB, data: 3.232184 MB
--- Unary Path Analysis (FST, cutoff=4) ---
  shared unary steps in main trie: 268333
  terminal suffixes: inplace=220500 (avg len=1.97)  links=754948 (77.4% of terminal)
  link len: avg=6.76  max=63  total_chars=5105329
  link length distribution (len:count):  4:91687  5:111663  6:114934  7:103953  8:85177  9:68086  10:51456  11:37502  12:26935  13:19286  14:13392  15:9281  16:6718  17:4599  18:3138  19:2143  20:1561  21:980  22:717  23:511  24:315  25:289  26:154  27:98  28:76  29:70  30:38  31:24  32:35  33:24  34:15  35:9  36:12  37:9  38:5  39:5  40:5  41:8  42:4  43:7  45:3  46:1  48:1  50:1  52:4  54:2  55:1  56:5  57:4  59:2  63:2  64:1
706.942712,6.261899,388.434902
[PASSED]
[time 1.54 s, user 1.40 s, sys 0.12 s, maxrss 182964 KB]
[busy 161 jiffies]
[exit 0]
--- c2 case 1 rec 0   load 0.88 0.88 0.95
[TEST C2-CoCo(LOUDS-Sparse)]
Processing dataset...
Done!
Building trie...
Done!
build time: 1343.599085 ms (1343.599085 ns per key)
space cost: 6.955368 MB (52.918365% of original size 13.143581 MB)
Querying trie...
Done!
total time: 484.756135 ms, avg latency: 484.756135 ns
topology: 0.405121 MB, link: 2.743303 MB, data: 3.806944 MB
1343.599085,6.955368,484.756135
[PASSED]
[time 2.26 s, user 2.06 s, sys 0.19 s, maxrss 326520 KB]
[busy 232 jiffies]
[exit 0]
--- c2 case 1 rec 1   load 0.88 0.88 0.95
[TEST C2-CoCo(LOUDS-Sparse)]
Processing dataset...
Done!
Building trie...
trie size: 2.171301 MB
Done!
build time: 1437.889270 ms (1437.889270 ns per key)
space cost: 6.299446 MB (47.927923% of original size 13.143581 MB)
Querying trie...
Done!
total time: 532.481810 ms, avg latency: 532.481810 ns
topology: 0.558979 MB, link: 2.635554 MB, data: 3.104912 MB
1437.889270,6.299446,532.481810
[PASSED]
[time 2.41 s, user 2.22 s, sys 0.18 s, maxrss 326616 KB]
[busy 252 jiffies]
[exit 0]
--- c2 case 1 rec 2   load 0.89 0.88 0.95
[TEST C2-CoCo(LOUDS-Sparse)]
Processing dataset...
Done!
Building trie...
trie size: 2.171301 MB
trie size: 0.145336 MB
Done!
build time: 1438.154960 ms (1438.154960 ns per key)
space cost: 6.299446 MB (47.927923% of original size 13.143581 MB)
Querying trie...
Done!
total time: 543.133210 ms, avg latency: 543.133210 ns
topology: 0.558979 MB, link: 2.635554 MB, data: 3.104912 MB
1438.154960,6.299446,543.133210
[PASSED]
[time 2.42 s, user 2.22 s, sys 0.19 s, maxrss 327040 KB]
[busy 254 jiffies]
[exit 0]
--- c2 case 2 rec 0   load 0.82 0.87 0.94
[TEST C2-MARISA]
Processing dataset...
Done!
Building trie...
trie size: 2.220281 MB
Done!
build time: 680.863674 ms (680.863674 ns per key)
space cost: 6.286226 MB (47.827347% of original size 13.143581 MB)
Querying trie...
Done!
total time: 263.885132 ms, avg latency: 263.885132 ns
topology: 0.735279 MB, link: 2.419176 MB, data: 3.111263 MB
--- Unary Path Analysis (Marisa, cutoff=3) ---
  branches: 1529804  |  single-char: 445053 (29.1%)  short-unary: 119280 (7.8%)  links: 965471 (63.1%)
  link len: avg=7.67  max=65  total_chars=7409785
  link length distribution (len:count):  3:106346  4:81524  5:100388  6:117171  7:118183  8:106006  9:86378  10:68801  11:51930  12:37786  13:27091  14:19390  15:13458  16:9322  17:6753  18:4616  19:3149  20:2153  21:1566  22:983  23:724  24:512  25:321  26:290  27:155  28:98  29:77  30:70  31:40  32:24  33:35  34:24  35:16  36:9  37:12  38:9  39:5  40:5  41:5  42:8  43:4  44:7  46:3  47:1  49:1  51:1  53:4  55:2  56:1  57:5  58:4  60:2  64:2  65:1
  short unary avg len: 2.00
680.863674,6.286226,263.885132
[PASSED]
[time 1.38 s, user 1.26 s, sys 0.11 s, maxrss 206044 KB]
[busy 144 jiffies]
[exit 0]
--- c2 case 2 rec 1   load 0.82 0.87 0.94
[TEST C2-MARISA]
Processing dataset...
Done!
Building trie...
trie size: 2.220281 MB
trie size: 2.823213 MB
Done!
build time: 794.503549 ms (794.503549 ns per key)
space cost: 5.413679 MB (41.188767% of original size 13.143581 MB)
Querying trie...
Done!
total time: 340.231140 ms, avg latency: 340.231140 ns
topology: 0.947487 MB, link: 2.305346 MB, data: 2.140338 MB
--- Unary Path Analysis (Marisa, cutoff=3) ---
  branches: 1529804  |  single-char: 445053 (29.1%)  short-unary: 119280 (7.8%)  links: 965471 (63.1%)
  link len: avg=7.67  max=65  total_chars=7409785
  link length distribution (len:count):  3:106346  4:81524  5:100388  6:117171  7:118183  8:106006  9:86378  10:68801  11:51930  12:37786  13:27091  14:19390  15:13458  16:9322  17:6753  18:4616  19:3149  20:2153  21:1566  22:983  23:724  24:512  25:321  26:290  27:155  28:98  29:77  30:70  31:40  32:24  33:35  34:24  35:16  36:9  37:12  38:9  39:5  40:5  41:5  42:8  43:4  44:7  46:3  47:1  49:1  51:1  53:4  55:2  56:1  57:5  58:4  60:2  64:2  65:1
  short unary avg len: 2.00
794.503549,5.413679,340.231140
[PASSED]
[time 1.58 s, user 1.46 s, sys 0.12 s, maxrss 205704 KB]
[busy 167 jiffies]
[exit 0]
--- c2 case 2 rec 2   load 0.75 0.85 0.94
[TEST C2-MARISA]
Processing dataset...
Done!
Building trie...
trie size: 2.220281 MB
trie size: 2.823213 MB
trie size: 0.214430 MB
Done!
build time: 808.222074 ms (808.222074 ns per key)
space cost: 5.413679 MB (41.188767% of original size 13.143581 MB)
Querying trie...
Done!
total time: 332.419337 ms, avg latency: 332.419337 ns
topology: 0.947487 MB, link: 2.305346 MB, data: 2.140338 MB
--- Unary Path Analysis (Marisa, cutoff=3) ---
  branches: 1529804  |  single-char: 445053 (29.1%)  short-unary: 119280 (7.8%)  links: 965471 (63.1%)
  link len: avg=7.67  max=65  total_chars=7409785
  link length distribution (len:count):  3:106346  4:81524  5:100388  6:117171  7:118183  8:106006  9:86378  10:68801  11:51930  12:37786  13:27091  14:19390  15:13458  16:9322  17:6753  18:4616  19:3149  20:2153  21:1566  22:983  23:724  24:512  25:321  26:290  27:155  28:98  29:77  30:70  31:40  32:24  33:35  34:24  35:16  36:9  37:12  38:9  39:5  40:5  41:5  42:8  43:4  44:7  46:3  47:1  49:1  51:1  53:4  55:2  56:1  57:5  58:4  60:2  64:2  65:1
  short unary avg len: 2.00
808.222074,5.413679,332.419337
[PASSED]
[time 1.59 s, user 1.46 s, sys 0.11 s, maxrss 205824 KB]
[busy 169 jiffies]
[exit 0]
--- c2 case 3 rec 0   load 0.75 0.85 0.94
[TEST FST]
Processing dataset...
Done!
Building trie...
Done!
build time: 598.534790 ms (598.534790 ns per key)
space cost: 6.751218 MB (51.365131% of original size 13.143581 MB)
Querying trie...
Done!
total time: 450.308779 ms, avg latency: 450.308779 ns
not implemented
598.534790,6.751218,450.308779
[PASSED]
[time 1.47 s, user 1.40 s, sys 0.06 s, maxrss 95000 KB]
[busy 156 jiffies]
[exit 0]
--- c2 case 4 rec 0   load 0.69 0.84 0.93
[TEST COCO]
Processing dataset...
Done!
Building trie...
num nodes = 310886, average depth = 6.283062
ef = 0.001168, pa = 0.211653, bv = 0.000885, de = 0.651638
efr = 0.002046, par = 0.129141, bvr = 0.000006, der = 0.003464
Done!
build time: 10365.867363 ms (10365.867363 ns per key)
space cost: 9.668336 MB (73.559374% of original size 13.143581 MB)
Querying trie...
Done!
total time: 421.547220 ms, avg latency: 421.547220 ns
not implemented
10365.867363,9.668336,421.547220
[PASSED]
[time 11.66 s, user 8.86 s, sys 2.76 s, maxrss 6138068 KB]
[busy 1204 jiffies]
[exit 0]
--- c2 case 5 rec 0   load 0.74 0.84 0.93
[TEST MARISA]
Processing dataset...
Done!
Building trie...
Done!
build time: 487.990124 ms (487.990124 ns per key)
space cost: 6.885828 MB (52.389283% of original size 13.143581 MB)
Querying trie...
Done!
total time: 384.166489 ms, avg latency: 384.166489 ns
not implemented
487.990124,6.885828,384.166489
[PASSED]
[time 1.30 s, user 1.17 s, sys 0.12 s, maxrss 172580 KB]
[busy 136 jiffies]
[exit 0]
--- c2 case 5 rec 1   load 0.68 0.83 0.93
[TEST MARISA]
Processing dataset...
Done!
Building trie...
Done!
build time: 560.308481 ms (560.308481 ns per key)
space cost: 4.826345 MB (36.720170% of original size 13.143581 MB)
Querying trie...
Done!
total time: 518.821775 ms, avg latency: 518.821775 ns
not implemented
560.308481,4.826345,518.821775
[PASSED]
[time 1.51 s, user 1.39 s, sys 0.11 s, maxrss 172468 KB]
[busy 160 jiffies]
[exit 0]
--- c2 case 5 rec 2   load 0.68 0.83 0.93
[TEST MARISA]
Processing dataset...
Done!
Building trie...
Done!
build time: 556.209157 ms (556.209157 ns per key)
space cost: 4.647946 MB (35.362861% of original size 13.143581 MB)
Querying trie...
Done!
total time: 540.485112 ms, avg latency: 540.485112 ns
not implemented
556.209157,4.647946,540.485112
[PASSED]
[time 1.53 s, user 1.41 s, sys 0.11 s, maxrss 172276 KB]
[busy 162 jiffies]
[exit 0]
--- c2 case 6 rec 0   load 0.62 0.82 0.92
[TEST PDT]
Processing dataset...
Done!
Building trie...
dict size: 155466, stream size: 4016746
Done!
build time: 1906.572155 ms (1906.572155 ns per key)
space cost: 5.254991 MB (39.981421% of original size 13.143581 MB)
Querying trie...
Done!
total time: 517.940007 ms, avg latency: 517.940007 ns
not implemented
1906.572155,5.254991,517.940007
[PASSED]
[time 2.86 s, user 2.76 s, sys 0.08 s, maxrss 152652 KB]
[busy 296 jiffies]
[exit 0]
--- c2 case 7 rec 0   load 0.62 0.82 0.92
[TEST ART]
Processing dataset...
Done!
Building trie...
Done!
build time: 112.870288 ms (112.870288 ns per key)
space cost: 31.580688 MB (240.274607% of original size 13.143581 MB)
Querying trie...
Done!
total time: 248.205431 ms, avg latency: 248.205431 ns
not implemented
112.870288,31.580688,248.205431
[PASSED]
[time 0.79 s, user 0.71 s, sys 0.08 s, maxrss 136048 KB]
[busy 84 jiffies]
[exit 0]
--- c2 case 8 rec 0   load 0.65 0.82 0.92
[TEST CART]
Processing dataset...
Done!
Building trie...
Done!
build time: 155.922117 ms (155.922117 ns per key)
space cost: 13.831998 MB (105.237663% of original size 13.143581 MB)
Querying trie...
Done!
total time: 318.728424 ms, avg latency: 318.728424 ns
not implemented
155.922117,13.831998,318.728424
[PASSED]
[time 0.93 s, user 0.84 s, sys 0.08 s, maxrss 134272 KB]
[busy 99 jiffies]
[exit 0]
--- xcdat 7   load 0.65 0.82 0.92
build time: 521.288521 ms
space cost: 9.017626 MiB (68.608590% of original size 13.143581 MiB)
avg latency: 186.646396 ns
521.288521,9.017626,186.646396
[time 1.16 s, user 1.06 s, sys 0.09 s, maxrss 139928 KB]
[busy 127 jiffies]
[exit 0]
--- xcdat 8   load 0.60 0.81 0.92
build time: 492.102744 ms
space cost: 8.488643 MiB (64.583940% of original size 13.143581 MiB)
avg latency: 171.402203 ns
492.102744,8.488643,171.402203
[time 1.11 s, user 1.02 s, sys 0.08 s, maxrss 139632 KB]
[busy 117 jiffies]
[exit 0]
--- xcdat 15   load 0.60 0.81 0.92
build time: 513.301789 ms
space cost: 9.847433 MiB (74.921993% of original size 13.143581 MiB)
avg latency: 148.984327 ns
513.301789,9.847433,148.984327
[time 1.11 s, user 1.02 s, sys 0.08 s, maxrss 139860 KB]
[busy 118 jiffies]
[exit 0]
--- xcdat 16   load 0.60 0.81 0.92
build time: 491.034335 ms
space cost: 10.260450 MiB (78.064342% of original size 13.143581 MiB)
avg latency: 150.715531 ns
491.034335,10.260450,150.715531
[time 1.10 s, user 1.00 s, sys 0.09 s, maxrss 139760 KB]
[busy 118 jiffies]
[exit 0]

##### idents-1000000 (1000000 lines, 18283976 bytes)   round 3/3   2026-09-20T12:28:28+03:00
--- lexindex dict32   load 0.63 0.81 0.92
1000000 keys
lexindex DictIndex block 32: build 259 ms, size 5.356 MiB (5.617 B/key), latency cold 377.0 ns, then mean 372.7 / min 370.7 ns
259.478,5.356443,376.958
[time 2.26 s, user 3.62 s, sys 0.21 s, maxrss 249552 KB]
[busy 407 jiffies]
[exit 0]
--- lexindex dict256   load 0.63 0.81 0.92
1000000 keys
lexindex DictIndex block 256: build 263 ms, size 4.986 MiB (5.228 B/key), latency cold 411.2 ns, then mean 407.1 / min 404.6 ns
262.546,4.986134,411.187
[time 2.40 s, user 3.84 s, sys 0.25 s, maxrss 249672 KB]
[busy 433 jiffies]
[exit 0]
--- lexindex dict1024   load 0.66 0.81 0.92
1000000 keys
lexindex DictIndex block 1024: build 286 ms, size 4.831 MiB (5.066 B/key), latency cold 486.0 ns, then mean 477.3 / min 476.0 ns
285.639,4.830847,485.991
[time 2.71 s, user 3.57 s, sys 0.20 s, maxrss 238928 KB]
[busy 400 jiffies]
[exit 0]
--- lexindex string   load 0.69 0.82 0.92
1000000 keys
lexindex StringIndex: build 663 ms, size 10.063 MiB (10.552 B/key), latency cold 345.7 ns, then mean 341.1 / min 336.6 ns
663.135,10.063018,345.688
[time 2.51 s, user 2.42 s, sys 0.08 s, maxrss 148632 KB]
[busy 269 jiffies]
[exit 0]
--- c2 case 0 rec 0   load 0.64 0.80 0.91
[TEST C2-FST]
Processing dataset...
Done!
Building trie...
Done!
build time: 598.072181 ms (598.072181 ns per key)
space cost: 8.227930 MB (49.916813% of original size 16.483284 MB)
Querying trie...
Done!
total time: 463.815736 ms, avg latency: 463.815736 ns
topology: 1.135506 MB, link: 1.406907 MB, data: 5.685517 MB
--- Unary Path Analysis (FST, cutoff=4) ---
  shared unary steps in main trie: 971668
  terminal suffixes: inplace=238747 (avg len=2.28)  links=478774 (66.7% of terminal)
  link len: avg=9.52  max=507  total_chars=4557473
  link length distribution (len:count):  4:79167  5:52258  6:44526  7:37562  8:33071  9:28872  10:26062  11:38559  12:20998  13:14985  14:12840  15:11027  16:9190  17:7956  18:6288  19:5522  20:4616  21:3760  22:3224  23:2642  24:2265  25:1817  26:1599  27:3319  28:3490  29:1071  30:1819  31:12530  32:2370  33:475  34:427  35:414  36:360  37:260  38:234  39:210  40:195  41:157  42:148  43:129  44:137  45:91  46:113  47:107  48:101  49:86  50:71  51:74  52:68  53:61  54:79  55:76  56:60  57:86  58:122  59:137  60:259  61:339  62:18  63:12  64:12  65:12  66:15  67:15  68:13  69:15  70:7  71:11  72:10  73:21  74:26  75:36  76:15  77:1  78:2  79:2  80:3  81:3  83:1  84:2  85:2  86:1  88:2  89:2  90:2  91:4  92:1  94:2  95:1  96:3  104:1  106:1  107:1  109:1  110:1  116:1  117:3  120:1  121:2  122:1  123:1  124:1  129:1  191:1  257:1  366:1  424:1  508:1
598.072181,8.227930,463.815736
[PASSED]
[time 1.58 s, user 1.45 s, sys 0.11 s, maxrss 163140 KB]
[busy 166 jiffies]
[exit 0]
--- c2 case 0 rec 1   load 0.64 0.80 0.91
[TEST C2-FST]
Processing dataset...
Done!
Building trie...
trie size: 1.626037 MB
Done!
build time: 702.596012 ms (702.596012 ns per key)
space cost: 7.389305 MB (44.829083% of original size 16.483284 MB)
Querying trie...
Done!
total time: 531.082209 ms, avg latency: 531.082209 ns
topology: 1.316097 MB, link: 1.431170 MB, data: 4.642038 MB
--- Unary Path Analysis (FST, cutoff=4) ---
  shared unary steps in main trie: 971668
  terminal suffixes: inplace=238747 (avg len=2.28)  links=478774 (66.7% of terminal)
  link len: avg=9.52  max=507  total_chars=4557473
  link length distribution (len:count):  4:79167  5:52258  6:44526  7:37562  8:33071  9:28872  10:26062  11:38559  12:20998  13:14985  14:12840  15:11027  16:9190  17:7956  18:6288  19:5522  20:4616  21:3760  22:3224  23:2642  24:2265  25:1817  26:1599  27:3319  28:3490  29:1071  30:1819  31:12530  32:2370  33:475  34:427  35:414  36:360  37:260  38:234  39:210  40:195  41:157  42:148  43:129  44:137  45:91  46:113  47:107  48:101  49:86  50:71  51:74  52:68  53:61  54:79  55:76  56:60  57:86  58:122  59:137  60:259  61:339  62:18  63:12  64:12  65:12  66:15  67:15  68:13  69:15  70:7  71:11  72:10  73:21  74:26  75:36  76:15  77:1  78:2  79:2  80:3  81:3  83:1  84:2  85:2  86:1  88:2  89:2  90:2  91:4  92:1  94:2  95:1  96:3  104:1  106:1  107:1  109:1  110:1  116:1  117:3  120:1  121:2  122:1  123:1  124:1  129:1  191:1  257:1  366:1  424:1  508:1
702.596012,7.389305,531.082209
[PASSED]
[time 1.75 s, user 1.63 s, sys 0.11 s, maxrss 163308 KB]
[busy 184 jiffies]
[exit 0]
--- c2 case 0 rec 2   load 0.66 0.81 0.91
[TEST C2-FST]
Processing dataset...
Done!
Building trie...
trie size: 1.626037 MB
trie size: 0.392475 MB
Done!
build time: 748.963623 ms (748.963623 ns per key)
space cost: 7.389305 MB (44.829083% of original size 16.483284 MB)
Querying trie...
Done!
total time: 519.167915 ms, avg latency: 519.167915 ns
topology: 1.316097 MB, link: 1.431170 MB, data: 4.642038 MB
--- Unary Path Analysis (FST, cutoff=4) ---
  shared unary steps in main trie: 971668
  terminal suffixes: inplace=238747 (avg len=2.28)  links=478774 (66.7% of terminal)
  link len: avg=9.52  max=507  total_chars=4557473
  link length distribution (len:count):  4:79167  5:52258  6:44526  7:37562  8:33071  9:28872  10:26062  11:38559  12:20998  13:14985  14:12840  15:11027  16:9190  17:7956  18:6288  19:5522  20:4616  21:3760  22:3224  23:2642  24:2265  25:1817  26:1599  27:3319  28:3490  29:1071  30:1819  31:12530  32:2370  33:475  34:427  35:414  36:360  37:260  38:234  39:210  40:195  41:157  42:148  43:129  44:137  45:91  46:113  47:107  48:101  49:86  50:71  51:74  52:68  53:61  54:79  55:76  56:60  57:86  58:122  59:137  60:259  61:339  62:18  63:12  64:12  65:12  66:15  67:15  68:13  69:15  70:7  71:11  72:10  73:21  74:26  75:36  76:15  77:1  78:2  79:2  80:3  81:3  83:1  84:2  85:2  86:1  88:2  89:2  90:2  91:4  92:1  94:2  95:1  96:3  104:1  106:1  107:1  109:1  110:1  116:1  117:3  120:1  121:2  122:1  123:1  124:1  129:1  191:1  257:1  366:1  424:1  508:1
748.963623,7.389305,519.167915
[PASSED]
[time 1.79 s, user 1.68 s, sys 0.10 s, maxrss 163248 KB]
[busy 185 jiffies]
[exit 0]
--- c2 case 1 rec 0   load 0.66 0.81 0.91
[TEST C2-CoCo(LOUDS-Sparse)]
Processing dataset...
Done!
Building trie...
Done!
build time: 2152.112998 ms (2152.112998 ns per key)
space cost: 8.350286 MB (50.659118% of original size 16.483284 MB)
Querying trie...
Done!
total time: 573.956394 ms, avg latency: 573.956394 ns
topology: 0.418800 MB, link: 2.233477 MB, data: 5.698009 MB
2152.112998,8.350286,573.956394
[PASSED]
[time 3.26 s, user 3.05 s, sys 0.19 s, maxrss 335864 KB]
[busy 338 jiffies]
[exit 0]
--- c2 case 1 rec 1   load 0.69 0.81 0.91
[TEST C2-CoCo(LOUDS-Sparse)]
Processing dataset...
Done!
Building trie...
trie size: 1.626037 MB
Done!
build time: 2264.521578 ms (2264.521578 ns per key)
space cost: 7.511661 MB (45.571388% of original size 16.483284 MB)
Querying trie...
Done!
total time: 629.163721 ms, avg latency: 629.163721 ns
topology: 0.599392 MB, link: 2.257739 MB, data: 4.654530 MB
2264.521578,7.511661,629.163721
[PASSED]
[time 3.41 s, user 3.21 s, sys 0.18 s, maxrss 335868 KB]
[busy 353 jiffies]
[exit 0]
--- c2 case 1 rec 2   load 0.72 0.81 0.91
[TEST C2-CoCo(LOUDS-Sparse)]
Processing dataset...
Done!
Building trie...
trie size: 1.626037 MB
trie size: 0.392475 MB
Done!
build time: 2308.044182 ms (2308.044182 ns per key)
space cost: 7.511661 MB (45.571388% of original size 16.483284 MB)
Querying trie...
Done!
total time: 631.233180 ms, avg latency: 631.233180 ns
topology: 0.599392 MB, link: 2.257739 MB, data: 4.654530 MB
2308.044182,7.511661,631.233180
[PASSED]
[time 3.46 s, user 3.25 s, sys 0.19 s, maxrss 335900 KB]
[busy 359 jiffies]
[exit 0]
--- c2 case 2 rec 0   load 0.74 0.82 0.91
[TEST C2-MARISA]
Processing dataset...
Done!
Building trie...
trie size: 2.268721 MB
Done!
build time: 671.525843 ms (671.525843 ns per key)
space cost: 7.402753 MB (44.910668% of original size 16.483284 MB)
Querying trie...
Done!
total time: 337.114391 ms, avg latency: 337.114391 ns
topology: 0.751392 MB, link: 2.163248 MB, data: 4.467605 MB
--- Unary Path Analysis (Marisa, cutoff=3) ---
  branches: 1404624  |  single-char: 479529 (34.1%)  short-unary: 101093 (7.2%)  links: 824002 (58.7%)
  link len: avg=8.83  max=511  total_chars=7275589
  link length distribution (len:count):  3:96296  4:151575  5:100673  6:68854  7:57858  8:46664  9:40166  10:34974  11:30498  12:41963  13:23674  14:17279  15:14913  16:12650  17:10496  18:9162  19:7137  20:6187  21:5166  22:4219  23:3575  24:2970  25:2515  26:2033  27:1786  28:3448  29:3574  30:1146  31:1929  32:12598  33:2418  34:520  35:464  36:440  37:386  38:271  39:250  40:221  41:206  42:160  43:154  44:139  45:143  46:95  47:113  48:108  49:103  50:87  51:72  52:78  53:68  54:62  55:80  56:76  57:60  58:86  59:123  60:137  61:260  62:340  63:18  64:12  65:14  66:12  67:15  68:15  69:13  70:15  71:7  72:12  73:10  74:22  75:26  76:36  77:15  78:1  79:2  80:2  81:3  82:3  83:1  84:2  85:2  86:2  87:2  89:2  90:2  91:2  92:4  93:1  95:2  96:1  97:3  105:1  107:1  108:1  110:1  111:1  117:1  118:3  121:1  122:2  123:1  124:1  125:1  130:1  136:1  137:1  192:1  258:1  337:1  367:1  425:1  509:1  511:1
  short unary avg len: 2.00
671.525843,7.402753,337.114391
[PASSED]
[time 1.52 s, user 1.38 s, sys 0.12 s, maxrss 204712 KB]
[busy 161 jiffies]
[exit 0]
--- c2 case 2 rec 1   load 0.74 0.82 0.91
[TEST C2-MARISA]
Processing dataset...
Done!
Building trie...
trie size: 2.268721 MB
trie size: 2.569425 MB
Done!
build time: 821.348345 ms (821.348345 ns per key)
space cost: 6.231204 MB (37.803171% of original size 16.483284 MB)
Querying trie...
Done!
total time: 429.737153 ms, avg latency: 429.737153 ns
topology: 0.985817 MB, link: 2.134608 MB, data: 3.090271 MB
--- Unary Path Analysis (Marisa, cutoff=3) ---
  branches: 1404624  |  single-char: 479529 (34.1%)  short-unary: 101093 (7.2%)  links: 824002 (58.7%)
  link len: avg=8.83  max=511  total_chars=7275589
  link length distribution (len:count):  3:96296  4:151575  5:100673  6:68854  7:57858  8:46664  9:40166  10:34974  11:30498  12:41963  13:23674  14:17279  15:14913  16:12650  17:10496  18:9162  19:7137  20:6187  21:5166  22:4219  23:3575  24:2970  25:2515  26:2033  27:1786  28:3448  29:3574  30:1146  31:1929  32:12598  33:2418  34:520  35:464  36:440  37:386  38:271  39:250  40:221  41:206  42:160  43:154  44:139  45:143  46:95  47:113  48:108  49:103  50:87  51:72  52:78  53:68  54:62  55:80  56:76  57:60  58:86  59:123  60:137  61:260  62:340  63:18  64:12  65:14  66:12  67:15  68:15  69:13  70:15  71:7  72:12  73:10  74:22  75:26  76:36  77:15  78:1  79:2  80:2  81:3  82:3  83:1  84:2  85:2  86:2  87:2  89:2  90:2  91:2  92:4  93:1  95:2  96:1  97:3  105:1  107:1  108:1  110:1  111:1  117:1  118:3  121:1  122:2  123:1  124:1  125:1  130:1  136:1  137:1  192:1  258:1  337:1  367:1  425:1  509:1  511:1
  short unary avg len: 2.00
821.348345,6.231204,429.737153
[PASSED]
[time 1.77 s, user 1.62 s, sys 0.14 s, maxrss 204976 KB]
[busy 183 jiffies]
[exit 0]
--- c2 case 2 rec 2   load 0.76 0.82 0.91
[TEST C2-MARISA]
Processing dataset...
Done!
Building trie...
trie size: 2.268721 MB
trie size: 2.569425 MB
trie size: 0.468599 MB
Done!
build time: 885.028908 ms (885.028908 ns per key)
space cost: 6.231204 MB (37.803171% of original size 16.483284 MB)
Querying trie...
Done!
total time: 434.383607 ms, avg latency: 434.383607 ns
topology: 0.985817 MB, link: 2.134608 MB, data: 3.090271 MB
--- Unary Path Analysis (Marisa, cutoff=3) ---
  branches: 1404624  |  single-char: 479529 (34.1%)  short-unary: 101093 (7.2%)  links: 824002 (58.7%)
  link len: avg=8.83  max=511  total_chars=7275589
  link length distribution (len:count):  3:96296  4:151575  5:100673  6:68854  7:57858  8:46664  9:40166  10:34974  11:30498  12:41963  13:23674  14:17279  15:14913  16:12650  17:10496  18:9162  19:7137  20:6187  21:5166  22:4219  23:3575  24:2970  25:2515  26:2033  27:1786  28:3448  29:3574  30:1146  31:1929  32:12598  33:2418  34:520  35:464  36:440  37:386  38:271  39:250  40:221  41:206  42:160  43:154  44:139  45:143  46:95  47:113  48:108  49:103  50:87  51:72  52:78  53:68  54:62  55:80  56:76  57:60  58:86  59:123  60:137  61:260  62:340  63:18  64:12  65:14  66:12  67:15  68:15  69:13  70:15  71:7  72:12  73:10  74:22  75:26  76:36  77:15  78:1  79:2  80:2  81:3  82:3  83:1  84:2  85:2  86:2  87:2  89:2  90:2  91:2  92:4  93:1  95:2  96:1  97:3  105:1  107:1  108:1  110:1  111:1  117:1  118:3  121:1  122:2  123:1  124:1  125:1  130:1  136:1  137:1  192:1  258:1  337:1  367:1  425:1  509:1  511:1
  short unary avg len: 2.00
885.028908,6.231204,434.383607
[PASSED]
[time 1.84 s, user 1.70 s, sys 0.13 s, maxrss 204512 KB]
[busy 197 jiffies]
[exit 0]
--- c2 case 3 rec 0   load 0.70 0.81 0.91
[TEST FST]
Processing dataset...
Done!
Building trie...
Done!
build time: 677.163470 ms (677.163470 ns per key)
space cost: 8.563316 MB (51.951519% of original size 16.483284 MB)
Querying trie...
Done!
total time: 741.300199 ms, avg latency: 741.300199 ns
not implemented
677.163470,8.563316,741.300199
[PASSED]
[time 1.93 s, user 1.83 s, sys 0.08 s, maxrss 114596 KB]
[busy 199 jiffies]
[exit 0]
--- c2 case 4 rec 0   load 0.70 0.81 0.91
[TEST COCO]
Processing dataset...
Done!
Building trie...
num nodes = 412937, average depth = 8.208172
ef = 0.000455, pa = 0.242352, bv = 0.003325, de = 0.563989
efr = 0.002477, par = 0.125714, bvr = 0.000545, der = 0.061142
Done!
build time: 14299.543371 ms (14299.543371 ns per key)
space cost: 9.974920 MB (60.515370% of original size 16.483284 MB)
Querying trie...
Done!
total time: 513.919460 ms, avg latency: 513.919460 ns
not implemented
14299.543371,9.974920,513.919460
[PASSED]
[time 15.88 s, user 12.34 s, sys 3.47 s, maxrss 7730528 KB]
[busy 1646 jiffies]
[exit 0]
--- c2 case 5 rec 0   load 0.71 0.80 0.91
[TEST MARISA]
Processing dataset...
Done!
Building trie...
Done!
build time: 467.513607 ms (467.513607 ns per key)
space cost: 7.279773 MB (44.164578% of original size 16.483284 MB)
Querying trie...
Done!
total time: 467.593877 ms, avg latency: 467.593877 ns
not implemented
467.513607,7.279773,467.593877
[PASSED]
[time 1.45 s, user 1.32 s, sys 0.13 s, maxrss 157860 KB]
[busy 153 jiffies]
[exit 0]
--- c2 case 5 rec 1   load 0.71 0.80 0.91
[TEST MARISA]
Processing dataset...
Done!
Building trie...
Done!
build time: 551.121824 ms (551.121824 ns per key)
space cost: 5.655286 MB (34.309218% of original size 16.483284 MB)
Querying trie...
Done!
total time: 668.354423 ms, avg latency: 668.354423 ns
not implemented
551.121824,5.655286,668.354423
[PASSED]
[time 1.72 s, user 1.61 s, sys 0.10 s, maxrss 157808 KB]
[busy 182 jiffies]
[exit 0]
--- c2 case 5 rec 2   load 0.65 0.79 0.90
[TEST MARISA]
Processing dataset...
Done!
Building trie...
Done!
build time: 573.004114 ms (573.004114 ns per key)
space cost: 5.354378 MB (32.483683% of original size 16.483284 MB)
Querying trie...
Done!
total time: 722.888012 ms, avg latency: 722.888012 ns
not implemented
573.004114,5.354378,722.888012
[PASSED]
[time 1.82 s, user 1.68 s, sys 0.12 s, maxrss 165728 KB]
[busy 191 jiffies]
[exit 0]
--- c2 case 6 rec 0   load 0.65 0.79 0.90
[TEST PDT]
Processing dataset...
Done!
Building trie...
dict size: 158636, stream size: 5032831
Done!
build time: 2628.558702 ms (2628.558702 ns per key)
space cost: 6.227028 MB (37.777835% of original size 16.483284 MB)
Querying trie...
Done!
total time: 590.765738 ms, avg latency: 590.765738 ns
not implemented
2628.558702,6.227028,590.765738
[PASSED]
[time 3.74 s, user 3.61 s, sys 0.10 s, maxrss 168264 KB]
[busy 388 jiffies]
[exit 0]
--- c2 case 7 rec 0   load 0.68 0.79 0.90
[TEST ART]
Processing dataset...
Done!
Building trie...
Done!
build time: 152.849813 ms (152.849813 ns per key)
space cost: 32.931778 MB (199.788937% of original size 16.483284 MB)
Querying trie...
Done!
total time: 399.737897 ms, avg latency: 399.737897 ns
not implemented
152.849813,32.931778,399.737897
[PASSED]
[time 1.08 s, user 0.98 s, sys 0.09 s, maxrss 160428 KB]
[busy 114 jiffies]
[exit 0]
--- c2 case 8 rec 0   load 0.68 0.79 0.90
[TEST CART]
Processing dataset...
Done!
Building trie...
Done!
build time: 205.125559 ms (205.125559 ns per key)
space cost: 15.673315 MB (95.086119% of original size 16.483284 MB)
Querying trie...
Done!
total time: 466.143642 ms, avg latency: 466.143642 ns
not implemented
205.125559,15.673315,466.143642
[PASSED]
[time 1.21 s, user 1.11 s, sys 0.09 s, maxrss 149208 KB]
[busy 128 jiffies]
[exit 0]
--- xcdat 7   load 0.70 0.80 0.90
build time: 506.801391 ms
space cost: 11.013126 MiB (66.813909% of original size 16.483284 MiB)
avg latency: 223.647983 ns
506.801391,11.013126,223.647983
[time 1.26 s, user 1.13 s, sys 0.12 s, maxrss 180052 KB]
[busy 135 jiffies]
[exit 0]
--- xcdat 8   load 0.70 0.80 0.90
build time: 463.948707 ms
space cost: 10.584354 MiB (64.212656% of original size 16.483284 MiB)
avg latency: 214.106329 ns
463.948707,10.584354,214.106329
[time 1.21 s, user 1.09 s, sys 0.11 s, maxrss 179804 KB]
[busy 127 jiffies]
[exit 0]
--- xcdat 15   load 0.73 0.80 0.90
build time: 497.930327 ms
space cost: 13.141485 MiB (79.726135% of original size 16.483284 MiB)
avg latency: 202.526423 ns
497.930327,13.141485,202.526423
[time 1.23 s, user 1.11 s, sys 0.11 s, maxrss 180036 KB]
[busy 130 jiffies]
[exit 0]
--- xcdat 16   load 0.73 0.80 0.90
build time: 468.527112 ms
space cost: 13.736038 MiB (83.333140% of original size 16.483284 MiB)
avg latency: 221.846838 ns
468.527112,13.736038,221.846838
[time 1.23 s, user 1.10 s, sys 0.12 s, maxrss 180092 KB]
[busy 137 jiffies]
[exit 0]

##### numeric-1000000 (1000000 lines, 6888890 bytes)   round 3/3   2026-09-20T12:29:57+03:00
--- lexindex dict32   load 0.75 0.80 0.90
1000000 keys
lexindex DictIndex block 32: build 92 ms, size 1.160 MiB (1.216 B/key), latency cold 263.2 ns, then mean 260.1 / min 258.9 ns
92.499,1.159871,263.196
[time 1.56 s, user 1.78 s, sys 0.16 s, maxrss 155396 KB]
[busy 206 jiffies]
[exit 0]
--- lexindex dict256   load 0.75 0.80 0.90
1000000 keys
lexindex DictIndex block 256: build 98 ms, size 0.964 MiB (1.011 B/key), latency cold 280.6 ns, then mean 282.4 / min 282.0 ns
98.430,0.964076,280.640
[time 1.65 s, user 1.89 s, sys 0.14 s, maxrss 145760 KB]
[busy 220 jiffies]
[exit 0]
--- lexindex dict1024   load 0.77 0.81 0.91
1000000 keys
lexindex DictIndex block 1024: build 89 ms, size 0.875 MiB (0.918 B/key), latency cold 306.7 ns, then mean 307.7 / min 307.3 ns
88.917,0.875449,306.658
[time 1.74 s, user 1.81 s, sys 0.10 s, maxrss 137888 KB]
[busy 201 jiffies]
[exit 0]
--- lexindex string   load 0.77 0.81 0.91
1000000 keys
lexindex StringIndex: build 158 ms, size 0.000 MiB (0.000 B/key), latency cold 112.0 ns, then mean 112.4 / min 111.8 ns
157.755,0.000287,112.037
[time 1.02 s, user 0.96 s, sys 0.05 s, maxrss 114508 KB]
[busy 111 jiffies]
[exit 0]
--- c2 case 0 rec 0   skipped: exit 139 in round 1
--- c2 case 0 rec 1   skipped: exit 139 in round 1
--- c2 case 0 rec 2   skipped: exit 139 in round 1
--- c2 case 1 rec 0   skipped: exit 139 in round 1
--- c2 case 1 rec 1   skipped: exit 139 in round 1
--- c2 case 1 rec 2   skipped: exit 139 in round 1
--- c2 case 2 rec 0   skipped: exit 139 in round 1
--- c2 case 2 rec 1   skipped: exit 139 in round 1
--- c2 case 2 rec 2   skipped: exit 139 in round 1
--- c2 case 3 rec 0   load 0.87 0.83 0.91
[TEST FST]
Processing dataset...
Done!
Building trie...
Done!
build time: 218.882335 ms (218.882335 ns per key)
space cost: 1.445107 MB (25.731589% of original size 5.616083 MB)
Querying trie...
Done!
total time: 249.927508 ms, avg latency: 249.927508 ns
not implemented
218.882335,1.445107,249.927508
[PASSED]
[time 0.79 s, user 0.73 s, sys 0.05 s, maxrss 73856 KB]
[busy 83 jiffies]
[exit 0]
--- c2 case 4 rec 0   load 0.87 0.83 0.91
[TEST COCO]
Processing dataset...
Done!
Building trie...
num nodes = 9001, average depth = 1.000222
ef = 0.000000, pa = 0.000000, bv = 0.000111, de = 0.999889
efr = 0.000000, par = 0.000000, bvr = 0.000000, der = 0.000000
Done!
build time: 699.702453 ms (699.702453 ns per key)
space cost: 0.497188 MB (8.852927% of original size 5.616083 MB)
Querying trie...
Done!
total time: 228.447715 ms, avg latency: 228.447715 ns
not implemented
699.702453,0.497188,228.447715
[PASSED]
[time 1.29 s, user 1.02 s, sys 0.26 s, maxrss 494744 KB]
[busy 137 jiffies]
[exit 0]
--- c2 case 5 rec 0   load 0.80 0.81 0.91
[TEST MARISA]
Processing dataset...
Done!
Building trie...
Done!
build time: 147.834706 ms (147.834706 ns per key)
space cost: 1.565816 MB (27.880925% of original size 5.616083 MB)
Querying trie...
Done!
total time: 187.444196 ms, avg latency: 187.444196 ns
not implemented
147.834706,1.565816,187.444196
[PASSED]
[time 0.67 s, user 0.59 s, sys 0.07 s, maxrss 108320 KB]
[busy 70 jiffies]
[exit 0]
--- c2 case 5 rec 1   load 0.80 0.81 0.91
[TEST MARISA]
Processing dataset...
Done!
Building trie...
Done!
build time: 146.543399 ms (146.543399 ns per key)
space cost: 1.565816 MB (27.880925% of original size 5.616083 MB)
Querying trie...
Done!
total time: 187.669008 ms, avg latency: 187.669008 ns
not implemented
146.543399,1.565816,187.669008
[PASSED]
[time 0.66 s, user 0.59 s, sys 0.07 s, maxrss 108188 KB]
[busy 71 jiffies]
[exit 0]
--- c2 case 5 rec 2   load 0.80 0.81 0.91
[TEST MARISA]
Processing dataset...
Done!
Building trie...
Done!
build time: 146.098743 ms (146.098743 ns per key)
space cost: 1.565816 MB (27.880925% of original size 5.616083 MB)
Querying trie...
Done!
total time: 186.935940 ms, avg latency: 186.935940 ns
not implemented
146.098743,1.565816,186.935940
[PASSED]
[time 0.67 s, user 0.59 s, sys 0.08 s, maxrss 108296 KB]
[busy 74 jiffies]
[exit 0]
--- c2 case 6 rec 0   load 0.73 0.80 0.90
[TEST PDT]
Processing dataset...
Done!
Building trie...
dict size: 92, stream size: 296698
Done!
build time: 110.309365 ms (110.309365 ns per key)
space cost: 1.559100 MB (27.761344% of original size 5.616083 MB)
Querying trie...
Done!
total time: 393.172657 ms, avg latency: 393.172657 ns
not implemented
110.309365,1.559100,393.172657
[PASSED]
[time 0.82 s, user 0.76 s, sys 0.05 s, maxrss 89984 KB]
[busy 86 jiffies]
[exit 0]
--- c2 case 7 rec 0   load 0.73 0.80 0.90
[TEST ART]
Processing dataset...
Done!
Building trie...
Done!
build time: 55.759063 ms (55.759063 ns per key)
space cost: 20.065308 MB (357.282951% of original size 5.616083 MB)
Querying trie...
Done!
total time: 71.595389 ms, avg latency: 71.595389 ns
not implemented
55.759063,20.065308,71.595389
[PASSED]
[time 0.46 s, user 0.39 s, sys 0.06 s, maxrss 103400 KB]
[busy 50 jiffies]
[exit 0]
--- c2 case 8 rec 0   load 0.73 0.80 0.90
[TEST CART]
Processing dataset...
Done!
Building trie...
Done!
build time: 70.875015 ms (70.875015 ns per key)
space cost: 11.262885 MB (200.546979% of original size 5.616083 MB)
Querying trie...
Done!
total time: 80.984546 ms, avg latency: 80.984546 ns
not implemented
70.875015,11.262885,80.984546
[PASSED]
[time 0.48 s, user 0.41 s, sys 0.06 s, maxrss 105032 KB]
[busy 54 jiffies]
[exit 0]
--- xcdat 7   load 0.68 0.79 0.90
build time: 270.281344 ms
space cost: 5.285287 MiB (94.109841% of original size 5.616083 MiB)
avg latency: 85.282084 ns
270.281344,5.285287,85.282084
[time 0.69 s, user 0.61 s, sys 0.07 s, maxrss 90284 KB]
[busy 73 jiffies]
[exit 0]
--- xcdat 8   load 0.68 0.79 0.90
build time: 182.904934 ms
space cost: 4.607934 MiB (82.048892% of original size 5.616083 MiB)
avg latency: 94.540075 ns
182.904934,4.607934,94.540075
[time 0.61 s, user 0.53 s, sys 0.07 s, maxrss 90336 KB]
[busy 64 jiffies]
[exit 0]
--- xcdat 15   load 0.68 0.79 0.90
build time: 207.824522 ms
space cost: 6.727912 MiB (119.797228% of original size 5.616083 MiB)
avg latency: 54.354033 ns
207.824522,6.727912,54.354033
[time 0.58 s, user 0.52 s, sys 0.06 s, maxrss 90184 KB]
[busy 64 jiffies]
[exit 0]
--- xcdat 16   load 0.62 0.77 0.89
build time: 178.032706 ms
space cost: 7.181439 MiB (127.872740% of original size 5.616083 MiB)
avg latency: 68.986185 ns
178.032706,7.181439,68.986185
[time 0.58 s, user 0.52 s, sys 0.06 s, maxrss 90244 KB]
[busy 64 jiffies]
[exit 0]

##### opaque-1000000 (1000000 lines, 17000000 bytes)   round 3/3   2026-09-20T12:30:28+03:00
--- lexindex dict32   load 0.62 0.77 0.89
1000000 keys
lexindex DictIndex block 32: build 140 ms, size 10.145 MiB (10.638 B/key), latency cold 348.5 ns, then mean 342.3 / min 339.1 ns
140.275,10.144960,348.471
[time 1.96 s, user 2.58 s, sys 0.25 s, maxrss 214488 KB]
[busy 293 jiffies]
[exit 0]
--- lexindex dict256   load 0.62 0.77 0.89
1000000 keys
lexindex DictIndex block 256: build 142 ms, size 9.917 MiB (10.399 B/key), latency cold 359.2 ns, then mean 356.8 / min 355.0 ns
141.625,9.916968,359.224
[time 2.02 s, user 2.65 s, sys 0.28 s, maxrss 213004 KB]
[busy 304 jiffies]
[exit 0]
--- lexindex dict1024   load 0.65 0.78 0.89
1000000 keys
lexindex DictIndex block 1024: build 145 ms, size 9.814 MiB (10.291 B/key), latency cold 408.5 ns, then mean 410.6 / min 405.1 ns
145.250,9.813874,408.457
[time 2.23 s, user 2.53 s, sys 0.18 s, maxrss 154828 KB]
[busy 288 jiffies]
[exit 0]
--- lexindex string   load 0.68 0.78 0.89
1000000 keys
lexindex StringIndex: build 1091 ms, size 20.443 MiB (21.436 B/key), latency cold 381.8 ns, then mean 381.0 / min 378.8 ns
1091.100,20.442799,381.787
[time 3.04 s, user 2.94 s, sys 0.09 s, maxrss 151980 KB]
[busy 315 jiffies]
[exit 0]
--- c2 case 0 rec 0   load 0.63 0.77 0.89
[TEST C2-FST]
Processing dataset...
Done!
Building trie...
Done!
build time: 1086.810612 ms (1086.810612 ns per key)
space cost: 16.922257 MB (110.901706% of original size 15.258789 MB)
Querying trie...
Done!
total time: 400.567236 ms, avg latency: 400.567236 ns
topology: 0.743332 MB, link: 3.012292 MB, data: 13.166634 MB
--- Unary Path Analysis (FST, cutoff=4) ---
  shared unary steps in main trie: 1041
  terminal suffixes: inplace=0 (avg len=0.00)  links=1000000 (100.0% of terminal)
  link len: avg=10.96  max=12  total_chars=10963783
  link length distribution (len:count):  9:6  10:856  11:56569  12:920487  13:22082
1086.810612,16.922257,400.567236
[PASSED]
[time 2.19 s, user 2.03 s, sys 0.15 s, maxrss 250276 KB]
[busy 224 jiffies]
[exit 0]
--- c2 case 0 rec 1   load 0.63 0.77 0.89
[TEST C2-FST]
Processing dataset...
Done!
Building trie...
trie size: 4.316751 MB
Done!
build time: 1979.990100 ms (1979.990100 ns per key)
space cost: 16.922257 MB (110.901706% of original size 15.258789 MB)
Querying trie...
Done!
total time: 392.448326 ms, avg latency: 392.448326 ns
topology: 0.743332 MB, link: 3.012292 MB, data: 13.166634 MB
--- Unary Path Analysis (FST, cutoff=4) ---
  shared unary steps in main trie: 1041
  terminal suffixes: inplace=0 (avg len=0.00)  links=1000000 (100.0% of terminal)
  link len: avg=10.96  max=12  total_chars=10963783
  link length distribution (len:count):  9:6  10:856  11:56569  12:920487  13:22082
1979.990100,16.922257,392.448326
[PASSED]
[time 3.02 s, user 2.79 s, sys 0.22 s, maxrss 311372 KB]
[busy 312 jiffies]
[exit 0]
--- c2 case 0 rec 2   load 0.66 0.77 0.89
[TEST C2-FST]
Processing dataset...
Done!
Building trie...
trie size: 4.316751 MB
Done!
build time: 1965.048054 ms (1965.048054 ns per key)
space cost: 16.922257 MB (110.901706% of original size 15.258789 MB)
Querying trie...
Done!
total time: 399.092444 ms, avg latency: 399.092444 ns
topology: 0.743332 MB, link: 3.012292 MB, data: 13.166634 MB
--- Unary Path Analysis (FST, cutoff=4) ---
  shared unary steps in main trie: 1041
  terminal suffixes: inplace=0 (avg len=0.00)  links=1000000 (100.0% of terminal)
  link len: avg=10.96  max=12  total_chars=10963783
  link length distribution (len:count):  9:6  10:856  11:56569  12:920487  13:22082
1965.048054,16.922257,399.092444
[PASSED]
[time 3.00 s, user 2.77 s, sys 0.22 s, maxrss 311280 KB]
[busy 311 jiffies]
[exit 0]
--- c2 case 1 rec 0   load 0.68 0.77 0.89
[TEST C2-CoCo(LOUDS-Sparse)]
Processing dataset...
Done!
Building trie...
Done!
build time: 1358.859679 ms (1358.859679 ns per key)
space cost: 16.089285 MB (105.442735% of original size 15.258789 MB)
Querying trie...
Done!
total time: 525.789020 ms, avg latency: 525.789020 ns
topology: 0.346626 MB, link: 3.175570 MB, data: 12.567089 MB
1358.859679,16.089285,525.789020
[PASSED]
[time 2.54 s, user 2.34 s, sys 0.19 s, maxrss 357332 KB]
[busy 265 jiffies]
[exit 0]
--- c2 case 1 rec 1   load 0.63 0.76 0.89
[TEST C2-CoCo(LOUDS-Sparse)]
Processing dataset...
Done!
Building trie...
trie size: 4.316751 MB
Done!
build time: 2212.984901 ms (2212.984901 ns per key)
space cost: 16.089285 MB (105.442735% of original size 15.258789 MB)
Querying trie...
Done!
total time: 528.266266 ms, avg latency: 528.266266 ns
topology: 0.346626 MB, link: 3.175570 MB, data: 12.567089 MB
2212.984901,16.089285,528.266266
[PASSED]
[time 3.39 s, user 3.13 s, sys 0.24 s, maxrss 418924 KB]
[busy 349 jiffies]
[exit 0]
--- c2 case 1 rec 2   load 0.63 0.76 0.89
[TEST C2-CoCo(LOUDS-Sparse)]
Processing dataset...
Done!
Building trie...
trie size: 4.316751 MB
Done!
build time: 2224.510113 ms (2224.510113 ns per key)
space cost: 16.089285 MB (105.442735% of original size 15.258789 MB)
Querying trie...
Done!
total time: 524.448651 ms, avg latency: 524.448651 ns
topology: 0.346626 MB, link: 3.175570 MB, data: 12.567089 MB
2224.510113,16.089285,524.448651
[PASSED]
[time 3.40 s, user 3.15 s, sys 0.23 s, maxrss 418864 KB]
[busy 349 jiffies]
[exit 0]
--- c2 case 2 rec 0   load 0.66 0.77 0.89
[TEST C2-MARISA]
Processing dataset...
Done!
Building trie...
trie size: 1.836515 MB
Done!
build time: 974.074516 ms (974.074516 ns per key)
space cost: 16.609414 MB (108.851456% of original size 15.258789 MB)
Querying trie...
Done!
total time: 323.555146 ms, avg latency: 323.555146 ns
topology: 0.607349 MB, link: 2.863268 MB, data: 13.118289 MB
--- Unary Path Analysis (Marisa, cutoff=3) ---
  branches: 1267337  |  single-char: 266306 (21.0%)  short-unary: 1021 (0.1%)  links: 1000010 (78.9%)
  link len: avg=12.96  max=14  total_chars=12963813
  link length distribution (len:count):  3:10  10:6  11:856  12:56569  13:920487  14:22082
  short unary avg len: 2.00
974.074516,16.609414,323.555146
[PASSED]
[time 1.95 s, user 1.81 s, sys 0.13 s, maxrss 236996 KB]
[busy 204 jiffies]
[exit 0]
--- c2 case 2 rec 1   load 0.69 0.77 0.89
[TEST C2-MARISA]
Processing dataset...
Done!
Building trie...
trie size: 1.836515 MB
trie size: 4.316792 MB
Done!
build time: 2015.139796 ms (2015.139796 ns per key)
space cost: 16.609414 MB (108.851456% of original size 15.258789 MB)
Querying trie...
Done!
total time: 328.063159 ms, avg latency: 328.063159 ns
topology: 0.607349 MB, link: 2.863268 MB, data: 13.118289 MB
--- Unary Path Analysis (Marisa, cutoff=3) ---
  branches: 1267337  |  single-char: 266306 (21.0%)  short-unary: 1021 (0.1%)  links: 1000010 (78.9%)
  link len: avg=12.96  max=14  total_chars=12963813
  link length distribution (len:count):  3:10  10:6  11:856  12:56569  13:920487  14:22082
  short unary avg len: 2.00
2015.139796,16.609414,328.063159
[PASSED]
[time 2.99 s, user 2.80 s, sys 0.17 s, maxrss 283640 KB]
[busy 310 jiffies]
[exit 0]
--- c2 case 2 rec 2   load 0.63 0.76 0.88
[TEST C2-MARISA]
Processing dataset...
Done!
Building trie...
trie size: 1.836515 MB
trie size: 4.316792 MB
Done!
build time: 2009.254785 ms (2009.254785 ns per key)
space cost: 16.609414 MB (108.851456% of original size 15.258789 MB)
Querying trie...
Done!
total time: 325.606622 ms, avg latency: 325.606622 ns
topology: 0.607349 MB, link: 2.863268 MB, data: 13.118289 MB
--- Unary Path Analysis (Marisa, cutoff=3) ---
  branches: 1267337  |  single-char: 266306 (21.0%)  short-unary: 1021 (0.1%)  links: 1000010 (78.9%)
  link len: avg=12.96  max=14  total_chars=12963813
  link length distribution (len:count):  3:10  10:6  11:856  12:56569  13:920487  14:22082
  short unary avg len: 2.00
2009.254785,16.609414,325.606622
[PASSED]
[time 2.98 s, user 2.78 s, sys 0.18 s, maxrss 283860 KB]
[busy 307 jiffies]
[exit 0]
--- c2 case 3 rec 0   load 0.63 0.76 0.88
[TEST FST]
Processing dataset...
Done!
Building trie...
Done!
build time: 656.334760 ms (656.334760 ns per key)
space cost: 16.760878 MB (109.844088% of original size 15.258789 MB)
Querying trie...
Done!
total time: 342.951653 ms, avg latency: 342.951653 ns
not implemented
656.334760,16.760878,342.951653
[PASSED]
[time 1.64 s, user 1.54 s, sys 0.09 s, maxrss 146788 KB]
[busy 169 jiffies]
[exit 0]
--- c2 case 4 rec 0   load 0.66 0.76 0.88
[TEST COCO]
Processing dataset...
Done!
Building trie...
num nodes = 4097, average depth = 12.997071
ef = 0.000000, pa = 0.000000, bv = 0.000000, de = 0.000000
efr = 0.000000, par = 0.999756, bvr = 0.000244, der = 0.000000
Done!
build time: 17429.896544 ms (17429.896544 ns per key)
space cost: 10.595579 MB (69.439184% of original size 15.258789 MB)
Querying trie...
Done!
total time: 464.587617 ms, avg latency: 464.587617 ns
not implemented
17429.896544,10.595579,464.587617
[PASSED]
[time 19.33 s, user 14.31 s, sys 4.93 s, maxrss 11388704 KB]
[busy 1982 jiffies]
[exit 0]
--- c2 case 5 rec 0   load 0.76 0.78 0.89
[TEST MARISA]
Processing dataset...
Done!
Building trie...
Done!
build time: 465.461238 ms (465.461238 ns per key)
space cost: 17.200768 MB (112.726950% of original size 15.258789 MB)
Querying trie...
Done!
total time: 464.631767 ms, avg latency: 464.631767 ns
not implemented
465.461238,17.200768,464.631767
[PASSED]
[time 1.56 s, user 1.45 s, sys 0.10 s, maxrss 194748 KB]
[busy 165 jiffies]
[exit 0]
--- c2 case 5 rec 1   load 0.70 0.76 0.88
[TEST MARISA]
Processing dataset...
Done!
Building trie...
Done!
build time: 718.527094 ms (718.527094 ns per key)
space cost: 17.634758 MB (115.571150% of original size 15.258789 MB)
Querying trie...
Done!
total time: 680.489133 ms, avg latency: 680.489133 ns
not implemented
718.527094,17.634758,680.489133
[PASSED]
[time 2.04 s, user 1.90 s, sys 0.13 s, maxrss 185596 KB]
[busy 210 jiffies]
[exit 0]
--- c2 case 5 rec 2   load 0.70 0.76 0.88
[TEST MARISA]
Processing dataset...
Done!
Building trie...
Done!
build time: 948.312671 ms (948.312671 ns per key)
space cost: 17.949429 MB (117.633375% of original size 15.258789 MB)
Querying trie...
Done!
total time: 952.472441 ms, avg latency: 952.472441 ns
not implemented
948.312671,17.949429,952.472441
[PASSED]
[time 2.55 s, user 2.40 s, sys 0.14 s, maxrss 225684 KB]
[busy 264 jiffies]
[exit 0]
--- c2 case 6 rec 0   load 0.72 0.77 0.88
[TEST PDT]
Processing dataset...
Done!
Building trie...
dict size: 177882, stream size: 12826382
Done!
build time: 15978.161524 ms (15978.161524 ns per key)
space cost: 13.677892 MB (89.639431% of original size 15.258789 MB)
Querying trie...
Done!
total time: 599.807432 ms, avg latency: 599.807432 ns
not implemented
15978.161524,13.677892,599.807432
[PASSED]
[time 17.22 s, user 16.94 s, sys 0.21 s, maxrss 360968 KB]
[busy 1773 jiffies]
[exit 0]
--- c2 case 7 rec 0   load 0.72 0.77 0.88
[TEST ART]
Processing dataset...
Done!
Building trie...
Done!
build time: 146.788103 ms (146.788103 ns per key)
space cost: 30.301407 MB (198.583300% of original size 15.258789 MB)
Querying trie...
Done!
total time: 181.385568 ms, avg latency: 181.385568 ns
not implemented
146.788103,30.301407,181.385568
[PASSED]
[time 0.99 s, user 0.89 s, sys 0.10 s, maxrss 178768 KB]
[busy 103 jiffies]
[exit 0]
--- c2 case 8 rec 0   load 0.72 0.77 0.88
[TEST CART]
Processing dataset...
Done!
Building trie...
Done!
build time: 167.953138 ms (167.953138 ns per key)
space cost: 11.383729 MB (74.604406% of original size 15.258789 MB)
Querying trie...
Done!
total time: 226.185570 ms, avg latency: 226.185570 ns
not implemented
167.953138,11.383729,226.185570
[PASSED]
[time 1.08 s, user 0.98 s, sys 0.09 s, maxrss 160820 KB]
[busy 113 jiffies]
[exit 0]
--- xcdat 7   load 0.72 0.77 0.88
build time: 668.254004 ms
space cost: 19.932177 MiB (130.627512% of original size 15.258789 MiB)
avg latency: 225.784577 ns
668.254004,19.932177,225.784577
[time 1.58 s, user 1.44 s, sys 0.12 s, maxrss 173172 KB]
[busy 166 jiffies]
[exit 0]
--- xcdat 8   load 0.74 0.77 0.88
build time: 639.156208 ms
space cost: 18.565336 MiB (121.669787% of original size 15.258789 MiB)
avg latency: 217.681655 ns
639.156208,18.565336,217.681655
[time 1.53 s, user 1.41 s, sys 0.11 s, maxrss 179968 KB]
[busy 158 jiffies]
[exit 0]
--- xcdat 15   load 0.74 0.77 0.88
build time: 658.133640 ms
space cost: 19.094490 MiB (125.137650% of original size 15.258789 MiB)
avg latency: 204.111888 ns
658.133640,19.094490,204.111888
[time 1.54 s, user 1.42 s, sys 0.11 s, maxrss 180900 KB]
[busy 160 jiffies]
[exit 0]
--- xcdat 16   load 0.76 0.77 0.88
build time: 640.580725 ms
space cost: 19.227987 MiB (126.012538% of original size 15.258789 MiB)
avg latency: 209.489546 ns
640.580725,19.227987,209.489546
[time 1.52 s, user 1.40 s, sys 0.11 s, maxrss 180096 KB]
[busy 158 jiffies]
[exit 0]

##### paths-1000000 (1000000 lines, 125978312 bytes)   round 3/3   2026-09-20T12:32:21+03:00
--- lexindex dict32   load 0.76 0.77 0.88
1000000 keys
lexindex DictIndex block 32: build 510 ms, size 12.389 MiB (12.991 B/key), latency cold 787.0 ns, then mean 782.1 / min 780.5 ns
509.629,12.389187,786.972
[time 4.44 s, user 7.16 s, sys 0.39 s, maxrss 495160 KB]
[busy 774 jiffies]
[exit 0]
--- lexindex dict256   load 0.80 0.78 0.89
1000000 keys
lexindex DictIndex block 256: build 515 ms, size 9.414 MiB (9.871 B/key), latency cold 799.3 ns, then mean 795.2 / min 787.7 ns
514.815,9.413641,799.333
[time 4.49 s, user 7.31 s, sys 0.39 s, maxrss 492404 KB]
[busy 796 jiffies]
[exit 0]
--- lexindex dict1024   load 0.74 0.77 0.88
1000000 keys
lexindex DictIndex block 1024: build 577 ms, size 8.891 MiB (9.323 B/key), latency cold 831.9 ns, then mean 830.1 / min 827.7 ns
577.380,8.891459,831.855
[time 4.69 s, user 6.43 s, sys 0.37 s, maxrss 502900 KB]
[busy 699 jiffies]
[exit 0]
--- lexindex string   load 0.76 0.77 0.88
1000000 keys
lexindex StringIndex: build 1502 ms, size 16.673 MiB (17.483 B/key), latency cold 1132.7 ns, then mean 1130.4 / min 1126.3 ns
1501.643,16.673446,1132.729
[time 6.80 s, user 6.56 s, sys 0.21 s, maxrss 362736 KB]
[busy 702 jiffies]
[exit 0]
--- c2 case 0 rec 0   load 0.78 0.78 0.88
[TEST C2-FST]
Processing dataset...
Done!
Building trie...
Done!
build time: 1408.664513 ms (1408.664513 ns per key)
space cost: 14.260756 MB (11.964866% of original size 119.188606 MB)
Querying trie...
Done!
total time: 2426.777399 ms, avg latency: 2426.777399 ns
topology: 1.699890 MB, link: 2.595201 MB, data: 9.965666 MB
--- Unary Path Analysis (FST, cutoff=4) ---
  shared unary steps in main trie: 2658278
  terminal suffixes: inplace=39819 (avg len=2.28)  links=891354 (95.7% of terminal)
  link len: avg=14.94  max=443  total_chars=13318660
  link length distribution (len:count):  4:40001  5:49577  6:45421  7:46380  8:50483  9:55180  10:56608  11:54673  12:51140  13:35047  14:30416  15:36724  16:35248  17:24069  18:19466  19:17073  20:16018  21:15299  22:13878  23:12677  24:11568  25:37816  26:26754  27:6712  28:5420  29:5541  30:5676  31:5365  32:4659  33:5334  34:4520  35:4652  36:5350  37:9255  38:4943  39:11477  40:3024  41:2087  42:2051  43:1854  44:1606  45:1448  46:1135  47:1025  48:963  49:801  50:774  51:907  52:679  53:727  54:589  55:642  56:710  57:689  58:824  59:515  60:781  61:937  62:666  63:360  64:436  65:381  66:289  67:245  68:235  69:250  70:244  71:266  72:444  73:249  74:341  75:214  76:315  77:82  78:131  79:63  80:31  81:46  82:38  83:33  84:32  85:58  86:34  87:20  88:33  89:21  90:5  91:6  92:18  93:7  94:11  95:14  96:12  97:3  98:4  99:4  100:10  101:17  102:11  103:6  104:17  105:9  106:12  107:11  108:7  109:2  110:3  111:1  112:2  113:4  114:3  115:4  116:3  117:4  118:13  119:5  120:1  122:2  123:3  124:38  125:23  126:156  127:15  128:61  129:3  130:1  131:3  132:2  133:1  136:3  137:6  138:1  139:1  142:4  143:1  144:2  145:2  146:2  151:3  152:1  154:2  159:2  160:2  161:2  165:3  167:1  171:1  172:3  173:1  174:1  175:1  182:1  187:3  188:1  190:2  191:1  194:1  195:3  198:1  201:1  202:1  203:1  205:1  206:1  215:1  219:1  233:1  235:1  243:1  247:1  257:1  265:1  444:1
1408.664513,14.260756,2426.777399
[PASSED]
[time 4.85 s, user 4.61 s, sys 0.22 s, maxrss 358556 KB]
[busy 500 jiffies]
[exit 0]
--- c2 case 0 rec 1   load 0.73 0.77 0.88
[TEST C2-FST]
Processing dataset...
Done!
Building trie...
trie size: 2.746100 MB
Done!
build time: 1695.036306 ms (1695.036306 ns per key)
space cost: 12.500864 MB (10.488305% of original size 119.188606 MB)
Querying trie...
Done!
total time: 2685.253779 ms, avg latency: 2685.253779 ns
topology: 1.942371 MB, link: 2.552141 MB, data: 8.006351 MB
--- Unary Path Analysis (FST, cutoff=4) ---
  shared unary steps in main trie: 2658278
  terminal suffixes: inplace=39819 (avg len=2.28)  links=891354 (95.7% of terminal)
  link len: avg=14.94  max=443  total_chars=13318660
  link length distribution (len:count):  4:40001  5:49577  6:45421  7:46380  8:50483  9:55180  10:56608  11:54673  12:51140  13:35047  14:30416  15:36724  16:35248  17:24069  18:19466  19:17073  20:16018  21:15299  22:13878  23:12677  24:11568  25:37816  26:26754  27:6712  28:5420  29:5541  30:5676  31:5365  32:4659  33:5334  34:4520  35:4652  36:5350  37:9255  38:4943  39:11477  40:3024  41:2087  42:2051  43:1854  44:1606  45:1448  46:1135  47:1025  48:963  49:801  50:774  51:907  52:679  53:727  54:589  55:642  56:710  57:689  58:824  59:515  60:781  61:937  62:666  63:360  64:436  65:381  66:289  67:245  68:235  69:250  70:244  71:266  72:444  73:249  74:341  75:214  76:315  77:82  78:131  79:63  80:31  81:46  82:38  83:33  84:32  85:58  86:34  87:20  88:33  89:21  90:5  91:6  92:18  93:7  94:11  95:14  96:12  97:3  98:4  99:4  100:10  101:17  102:11  103:6  104:17  105:9  106:12  107:11  108:7  109:2  110:3  111:1  112:2  113:4  114:3  115:4  116:3  117:4  118:13  119:5  120:1  122:2  123:3  124:38  125:23  126:156  127:15  128:61  129:3  130:1  131:3  132:2  133:1  136:3  137:6  138:1  139:1  142:4  143:1  144:2  145:2  146:2  151:3  152:1  154:2  159:2  160:2  161:2  165:3  167:1  171:1  172:3  173:1  174:1  175:1  182:1  187:3  188:1  190:2  191:1  194:1  195:3  198:1  201:1  202:1  203:1  205:1  206:1  215:1  219:1  233:1  235:1  243:1  247:1  257:1  265:1  444:1
1695.036306,12.500864,2685.253779
[PASSED]
[time 5.39 s, user 5.14 s, sys 0.22 s, maxrss 356644 KB]
[busy 551 jiffies]
[exit 0]
--- c2 case 0 rec 2   load 0.75 0.77 0.88
[TEST C2-FST]
Processing dataset...
Done!
Building trie...
trie size: 2.746100 MB
trie size: 0.687543 MB
Done!
build time: 1822.143385 ms (1822.143385 ns per key)
space cost: 12.500864 MB (10.488305% of original size 119.188606 MB)
Querying trie...
Done!
total time: 2638.313863 ms, avg latency: 2638.313863 ns
topology: 1.942371 MB, link: 2.552141 MB, data: 8.006351 MB
--- Unary Path Analysis (FST, cutoff=4) ---
  shared unary steps in main trie: 2658278
  terminal suffixes: inplace=39819 (avg len=2.28)  links=891354 (95.7% of terminal)
  link len: avg=14.94  max=443  total_chars=13318660
  link length distribution (len:count):  4:40001  5:49577  6:45421  7:46380  8:50483  9:55180  10:56608  11:54673  12:51140  13:35047  14:30416  15:36724  16:35248  17:24069  18:19466  19:17073  20:16018  21:15299  22:13878  23:12677  24:11568  25:37816  26:26754  27:6712  28:5420  29:5541  30:5676  31:5365  32:4659  33:5334  34:4520  35:4652  36:5350  37:9255  38:4943  39:11477  40:3024  41:2087  42:2051  43:1854  44:1606  45:1448  46:1135  47:1025  48:963  49:801  50:774  51:907  52:679  53:727  54:589  55:642  56:710  57:689  58:824  59:515  60:781  61:937  62:666  63:360  64:436  65:381  66:289  67:245  68:235  69:250  70:244  71:266  72:444  73:249  74:341  75:214  76:315  77:82  78:131  79:63  80:31  81:46  82:38  83:33  84:32  85:58  86:34  87:20  88:33  89:21  90:5  91:6  92:18  93:7  94:11  95:14  96:12  97:3  98:4  99:4  100:10  101:17  102:11  103:6  104:17  105:9  106:12  107:11  108:7  109:2  110:3  111:1  112:2  113:4  114:3  115:4  116:3  117:4  118:13  119:5  120:1  122:2  123:3  124:38  125:23  126:156  127:15  128:61  129:3  130:1  131:3  132:2  133:1  136:3  137:6  138:1  139:1  142:4  143:1  144:2  145:2  146:2  151:3  152:1  154:2  159:2  160:2  161:2  165:3  167:1  171:1  172:3  173:1  174:1  175:1  182:1  187:3  188:1  190:2  191:1  194:1  195:3  198:1  201:1  202:1  203:1  205:1  206:1  215:1  219:1  233:1  235:1  243:1  247:1  257:1  265:1  444:1
1822.143385,12.500864,2638.313863
[PASSED]
[time 5.47 s, user 5.21 s, sys 0.23 s, maxrss 356728 KB]
[busy 565 jiffies]
[exit 0]
--- c2 case 1 rec 0   load 0.77 0.78 0.88
[TEST C2-CoCo(LOUDS-Sparse)]
Processing dataset...
Done!
Building trie...
Done!
build time: 5134.700089 ms (5134.700089 ns per key)
space cost: 14.878411 MB (12.483082% of original size 119.188606 MB)
Querying trie...
Done!
total time: 1658.529655 ms, avg latency: 1658.529655 ns
topology: 0.476959 MB, link: 4.004946 MB, data: 10.396506 MB
5134.700089,14.878411,1658.529655
[PASSED]
[time 7.79 s, user 7.40 s, sys 0.36 s, maxrss 596172 KB]
[busy 801 jiffies]
[exit 0]
--- c2 case 1 rec 1   load 0.81 0.78 0.88
[TEST C2-CoCo(LOUDS-Sparse)]
Processing dataset...
Done!
Building trie...
trie size: 2.746100 MB
Done!
build time: 5372.777282 ms (5372.777282 ns per key)
space cost: 13.118518 MB (11.006521% of original size 119.188606 MB)
Querying trie...
Done!
total time: 1816.530855 ms, avg latency: 1816.530855 ns
topology: 0.719440 MB, link: 3.961886 MB, data: 8.437192 MB
5372.777282,13.118518,1816.530855
[PASSED]
[time 8.17 s, user 7.80 s, sys 0.34 s, maxrss 588028 KB]
[busy 840 jiffies]
[exit 0]
--- c2 case 1 rec 2   load 0.84 0.79 0.89
[TEST C2-CoCo(LOUDS-Sparse)]
Processing dataset...
Done!
Building trie...
trie size: 2.746100 MB
trie size: 0.687543 MB
Done!
build time: 5492.882410 ms (5492.882410 ns per key)
space cost: 13.118518 MB (11.006521% of original size 119.188606 MB)
Querying trie...
Done!
total time: 1808.200426 ms, avg latency: 1808.200426 ns
topology: 0.719440 MB, link: 3.961886 MB, data: 8.437192 MB
5492.882410,13.118518,1808.200426
[PASSED]
[time 8.28 s, user 7.91 s, sys 0.33 s, maxrss 591128 KB]
[busy 850 jiffies]
[exit 0]
--- c2 case 2 rec 0   load 0.78 0.78 0.88
[TEST C2-MARISA]
Processing dataset...
Done!
Building trie...
trie size: 2.297644 MB
Done!
build time: 1331.214066 ms (1331.214066 ns per key)
space cost: 11.928165 MB (10.007807% of original size 119.188606 MB)
Querying trie...
Done!
total time: 890.580590 ms, avg latency: 890.580590 ns
topology: 0.761036 MB, link: 3.343996 MB, data: 7.802626 MB
--- Unary Path Analysis (Marisa, cutoff=3) ---
  branches: 1534795  |  single-char: 270841 (17.6%)  short-unary: 45134 (2.9%)  links: 1218820 (79.4%)
  link len: avg=14.88  max=445  total_chars=18132830
  link length distribution (len:count):  3:37127  4:49365  5:75461  6:91989  7:72185  8:66513  9:63973  10:68956  11:73223  12:65790  13:57380  14:41495  15:36762  16:42631  17:41179  18:27817  19:22377  20:18838  21:17845  22:16718  23:15115  24:13613  25:12555  26:39233  27:27982  28:7379  29:6328  30:6087  31:6172  32:5955  33:5265  34:5643  35:4792  36:4909  37:5534  38:9417  39:5190  40:12044  41:4130  42:3423  43:3194  44:2134  45:1772  46:1642  47:1384  48:1261  49:1057  50:900  51:919  52:1030  53:750  54:799  55:667  56:702  57:772  58:823  59:1198  60:1008  61:899  62:972  63:712  64:409  65:454  66:414  67:320  68:269  69:256  70:270  71:258  72:280  73:453  74:258  75:356  76:221  77:315  78:88  79:138  80:65  81:34  82:48  83:40  84:34  85:38  86:63  87:38  88:23  89:36  90:23  91:6  92:6  93:19  94:8  95:11  96:14  97:13  98:3  99:5  100:4  101:12  102:17  103:11  104:6  105:17  106:9  107:12  108:11  109:7  110:2  111:4  112:1  113:2  114:4  115:4  116:4  117:3  118:4  119:14  120:6  121:1  123:2  124:3  125:38  126:23  127:156  128:15  129:61  130:3  131:1  132:3  133:2  134:1  136:1  137:3  138:6  139:1  140:1  143:4  144:2  145:2  146:2  147:2  149:1  152:3  153:1  155:2  157:1  160:2  161:2  162:2  166:3  167:1  168:1  172:1  173:3  174:1  175:1  176:1  183:2  185:1  188:4  189:2  191:2  192:3  195:2  196:3  199:1  202:1  203:1  204:1  206:1  207:2  216:1  220:1  230:1  234:1  236:1  244:1  248:1  258:1  266:1  445:1
  short unary avg len: 2.00
1331.214066,11.928165,890.580590
[PASSED]
[time 3.22 s, user 2.96 s, sys 0.25 s, maxrss 356284 KB]
[busy 330 jiffies]
[exit 0]
--- c2 case 2 rec 1   load 0.78 0.78 0.88
[TEST C2-MARISA]
Processing dataset...
Done!
Building trie...
trie size: 2.297644 MB
trie size: 3.841883 MB
Done!
build time: 1641.176234 ms (1641.176234 ns per key)
space cost: 9.839272 MB (8.255212% of original size 119.188606 MB)
Querying trie...
Done!
total time: 1601.512236 ms, avg latency: 1601.512236 ns
topology: 1.073097 MB, link: 3.403300 MB, data: 5.342366 MB
--- Unary Path Analysis (Marisa, cutoff=3) ---
  branches: 1534795  |  single-char: 270841 (17.6%)  short-unary: 45134 (2.9%)  links: 1218820 (79.4%)
  link len: avg=14.88  max=445  total_chars=18132830
  link length distribution (len:count):  3:37127  4:49365  5:75461  6:91989  7:72185  8:66513  9:63973  10:68956  11:73223  12:65790  13:57380  14:41495  15:36762  16:42631  17:41179  18:27817  19:22377  20:18838  21:17845  22:16718  23:15115  24:13613  25:12555  26:39233  27:27982  28:7379  29:6328  30:6087  31:6172  32:5955  33:5265  34:5643  35:4792  36:4909  37:5534  38:9417  39:5190  40:12044  41:4130  42:3423  43:3194  44:2134  45:1772  46:1642  47:1384  48:1261  49:1057  50:900  51:919  52:1030  53:750  54:799  55:667  56:702  57:772  58:823  59:1198  60:1008  61:899  62:972  63:712  64:409  65:454  66:414  67:320  68:269  69:256  70:270  71:258  72:280  73:453  74:258  75:356  76:221  77:315  78:88  79:138  80:65  81:34  82:48  83:40  84:34  85:38  86:63  87:38  88:23  89:36  90:23  91:6  92:6  93:19  94:8  95:11  96:14  97:13  98:3  99:5  100:4  101:12  102:17  103:11  104:6  105:17  106:9  107:12  108:11  109:7  110:2  111:4  112:1  113:2  114:4  115:4  116:4  117:3  118:4  119:14  120:6  121:1  123:2  124:3  125:38  126:23  127:156  128:15  129:61  130:3  131:1  132:3  133:2  134:1  136:1  137:3  138:6  139:1  140:1  143:4  144:2  145:2  146:2  147:2  149:1  152:3  153:1  155:2  157:1  160:2  161:2  162:2  166:3  167:1  168:1  172:1  173:3  174:1  175:1  176:1  183:2  185:1  188:4  189:2  191:2  192:3  195:2  196:3  199:1  202:1  203:1  204:1  206:1  207:2  216:1  220:1  230:1  234:1  236:1  244:1  248:1  258:1  266:1  445:1
  short unary avg len: 2.00
1641.176234,9.839272,1601.512236
[PASSED]
[time 4.24 s, user 3.98 s, sys 0.23 s, maxrss 354104 KB]
[busy 431 jiffies]
[exit 0]
--- c2 case 2 rec 2   load 0.80 0.79 0.88
[TEST C2-MARISA]
Processing dataset...
Done!
Building trie...
trie size: 2.297644 MB
trie size: 3.841883 MB
trie size: 0.864431 MB
Done!
build time: 1789.087870 ms (1789.087870 ns per key)
space cost: 9.839272 MB (8.255212% of original size 119.188606 MB)
Querying trie...
Done!
total time: 1610.914881 ms, avg latency: 1610.914881 ns
topology: 1.073097 MB, link: 3.403300 MB, data: 5.342366 MB
--- Unary Path Analysis (Marisa, cutoff=3) ---
  branches: 1534795  |  single-char: 270841 (17.6%)  short-unary: 45134 (2.9%)  links: 1218820 (79.4%)
  link len: avg=14.88  max=445  total_chars=18132830
  link length distribution (len:count):  3:37127  4:49365  5:75461  6:91989  7:72185  8:66513  9:63973  10:68956  11:73223  12:65790  13:57380  14:41495  15:36762  16:42631  17:41179  18:27817  19:22377  20:18838  21:17845  22:16718  23:15115  24:13613  25:12555  26:39233  27:27982  28:7379  29:6328  30:6087  31:6172  32:5955  33:5265  34:5643  35:4792  36:4909  37:5534  38:9417  39:5190  40:12044  41:4130  42:3423  43:3194  44:2134  45:1772  46:1642  47:1384  48:1261  49:1057  50:900  51:919  52:1030  53:750  54:799  55:667  56:702  57:772  58:823  59:1198  60:1008  61:899  62:972  63:712  64:409  65:454  66:414  67:320  68:269  69:256  70:270  71:258  72:280  73:453  74:258  75:356  76:221  77:315  78:88  79:138  80:65  81:34  82:48  83:40  84:34  85:38  86:63  87:38  88:23  89:36  90:23  91:6  92:6  93:19  94:8  95:11  96:14  97:13  98:3  99:5  100:4  101:12  102:17  103:11  104:6  105:17  106:9  107:12  108:11  109:7  110:2  111:4  112:1  113:2  114:4  115:4  116:4  117:3  118:4  119:14  120:6  121:1  123:2  124:3  125:38  126:23  127:156  128:15  129:61  130:3  131:1  132:3  133:2  134:1  136:1  137:3  138:6  139:1  140:1  143:4  144:2  145:2  146:2  147:2  149:1  152:3  153:1  155:2  157:1  160:2  161:2  162:2  166:3  167:1  168:1  172:1  173:3  174:1  175:1  176:1  183:2  185:1  188:4  189:2  191:2  192:3  195:2  196:3  199:1  202:1  203:1  204:1  206:1  207:2  216:1  220:1  230:1  234:1  236:1  244:1  248:1  258:1  266:1  445:1
  short unary avg len: 2.00
1789.087870,9.839272,1610.914881
[PASSED]
[time 4.40 s, user 4.13 s, sys 0.25 s, maxrss 353912 KB]
[busy 453 jiffies]
[exit 0]
--- c2 case 3 rec 0   load 0.75 0.78 0.88
[TEST FST]
Processing dataset...
Done!
Building trie...
Done!
build time: 3320.894387 ms (3320.894387 ns per key)
space cost: 14.021067 MB (11.763764% of original size 119.188606 MB)
Querying trie...
Done!
total time: 4602.600211 ms, avg latency: 4602.600211 ns
not implemented
3320.894387,14.021067,4602.600211
[PASSED]
[time 8.94 s, user 8.69 s, sys 0.21 s, maxrss 357592 KB]
[busy 918 jiffies]
[exit 0]
--- c2 case 4 rec 0   load 0.71 0.77 0.87
[TEST COCO]
Processing dataset...
Done!
Building trie...
num nodes = 584148, average depth = 12.594651
ef = 0.000038, pa = 0.103241, bv = 0.000608, de = 0.597184
efr = 0.000176, par = 0.181430, bvr = 0.000135, der = 0.117188
Done!
build time: 45182.897345 ms (45182.897345 ns per key)
space cost: 19.697372 MB (16.526221% of original size 119.188606 MB)
Querying trie...
Done!
total time: 1409.326016 ms, avg latency: 1409.326016 ns
not implemented
45182.897345,19.697372,1409.326016
[PASSED]
[time 49.14 s, user 38.89 s, sys 10.05 s, maxrss 23292972 KB]
[busy 5038 jiffies]
[exit 0]
--- c2 case 5 rec 0   load 0.80 0.79 0.88
[TEST MARISA]
Processing dataset...
Done!
Building trie...
Done!
build time: 1638.098108 ms (1638.098108 ns per key)
space cost: 12.257486 MB (10.284109% of original size 119.188606 MB)
Querying trie...
Done!
total time: 973.003243 ms, avg latency: 973.003243 ns
not implemented
1638.098108,12.257486,973.003243
[PASSED]
[time 3.57 s, user 3.31 s, sys 0.24 s, maxrss 411728 KB]
[busy 368 jiffies]
[exit 0]
--- c2 case 5 rec 1   load 0.73 0.77 0.87
[TEST MARISA]
Processing dataset...
Done!
Building trie...
Done!
build time: 1810.235111 ms (1810.235111 ns per key)
space cost: 9.428862 MB (7.910875% of original size 119.188606 MB)
Querying trie...
Done!
total time: 1787.206342 ms, avg latency: 1787.206342 ns
not implemented
1810.235111,9.428862,1787.206342
[PASSED]
[time 4.56 s, user 4.28 s, sys 0.25 s, maxrss 411540 KB]
[busy 470 jiffies]
[exit 0]
--- c2 case 5 rec 2   load 0.67 0.76 0.87
[TEST MARISA]
Processing dataset...
Done!
Building trie...
Done!
build time: 1829.500825 ms (1829.500825 ns per key)
space cost: 9.029414 MB (7.575736% of original size 119.188606 MB)
Querying trie...
Done!
total time: 2227.062006 ms, avg latency: 2227.062006 ns
not implemented
1829.500825,9.029414,2227.062006
[PASSED]
[time 5.03 s, user 4.77 s, sys 0.24 s, maxrss 411760 KB]
[busy 521 jiffies]
[exit 0]
--- c2 case 6 rec 0   load 0.70 0.77 0.87
[TEST PDT]
Processing dataset...
Done!
Building trie...
dict size: 153672, stream size: 10323140
Done!
build time: 4876.314763 ms (4876.314763 ns per key)
space cost: 11.267526 MB (9.453526% of original size 119.188606 MB)
Querying trie...
Done!
total time: 1077.320121 ms, avg latency: 1077.320121 ns
not implemented
4876.314763,11.267526,1077.320121
[PASSED]
[time 6.96 s, user 6.61 s, sys 0.32 s, maxrss 388912 KB]
[busy 716 jiffies]
[exit 0]
--- c2 case 7 rec 0   load 0.72 0.77 0.87
[TEST ART]
Processing dataset...
Done!
Building trie...
Done!
build time: 414.548594 ms (414.548594 ns per key)
space cost: 34.675591 MB (29.093041% of original size 119.188606 MB)
Querying trie...
Done!
total time: 775.320009 ms, avg latency: 775.320009 ns
not implemented
414.548594,34.675591,775.320009
[PASSED]
[time 2.23 s, user 1.94 s, sys 0.27 s, maxrss 505728 KB]
[busy 228 jiffies]
[exit 0]
--- c2 case 8 rec 0   load 0.75 0.77 0.87
[TEST CART]
Processing dataset...
Done!
Building trie...
Done!
build time: 470.132487 ms (470.132487 ns per key)
space cost: 18.620093 MB (15.622377% of original size 119.188606 MB)
Querying trie...
Done!
total time: 843.284074 ms, avg latency: 843.284074 ns
not implemented
470.132487,18.620093,843.284074
[PASSED]
[time 2.35 s, user 2.09 s, sys 0.25 s, maxrss 495900 KB]
[busy 241 jiffies]
[exit 0]
--- xcdat 7   load 0.77 0.78 0.87
build time: 1428.771719 ms
space cost: 18.455355 MiB (15.484160% of original size 119.188606 MiB)
avg latency: 713.431195 ns
1428.771719,18.455355,713.431195
[time 3.16 s, user 2.87 s, sys 0.27 s, maxrss 362184 KB]
[busy 325 jiffies]
[exit 0]
--- xcdat 8   load 0.70 0.76 0.87
build time: 1367.006095 ms
space cost: 18.497238 MiB (15.519301% of original size 119.188606 MiB)
avg latency: 703.694863 ns
1367.006095,18.497238,703.694863
[time 3.08 s, user 2.81 s, sys 0.25 s, maxrss 362468 KB]
[busy 318 jiffies]
[exit 0]
--- xcdat 15   load 0.70 0.76 0.87
build time: 1433.272780 ms
space cost: 23.949356 MiB (20.093662% of original size 119.188606 MiB)
avg latency: 631.875792 ns
1433.272780,23.949356,631.875792
[time 3.08 s, user 2.81 s, sys 0.25 s, maxrss 367952 KB]
[busy 317 jiffies]
[exit 0]
--- xcdat 16   load 0.73 0.77 0.87
build time: 1364.910516 ms
space cost: 25.154240 MiB (21.104567% of original size 119.188606 MiB)
avg latency: 680.825825 ns
1364.910516,25.154240,680.825825
[time 3.05 s, user 2.79 s, sys 0.25 s, maxrss 369248 KB]
[busy 317 jiffies]
[exit 0]

##### pypi-full (889864 lines, 12756399 bytes)   round 3/3   2026-09-20T12:35:34+03:00
--- lexindex dict32   load 0.75 0.77 0.87
889864 keys
lexindex DictIndex block 32: build 180 ms, size 3.800 MiB (4.478 B/key), latency cold 333.0 ns, then mean 326.5 / min 322.8 ns
179.979,3.799900,333.008
[time 1.76 s, user 2.62 s, sys 0.18 s, maxrss 203932 KB]
[busy 292 jiffies]
[exit 0]
--- lexindex dict256   load 0.69 0.76 0.86
889864 keys
lexindex DictIndex block 256: build 182 ms, size 3.535 MiB (4.165 B/key), latency cold 355.5 ns, then mean 347.7 / min 347.4 ns
182.399,3.534916,355.543
[time 1.84 s, user 2.71 s, sys 0.18 s, maxrss 204868 KB]
[busy 299 jiffies]
[exit 0]
--- lexindex dict1024   load 0.69 0.76 0.86
889864 keys
lexindex DictIndex block 1024: build 201 ms, size 3.413 MiB (4.022 B/key), latency cold 433.4 ns, then mean 424.3 / min 423.1 ns
200.916,3.413095,433.411
[time 2.13 s, user 2.68 s, sys 0.13 s, maxrss 186464 KB]
[busy 293 jiffies]
[exit 0]
--- lexindex string   load 0.72 0.76 0.87
889864 keys
lexindex StringIndex: build 476 ms, size 8.484 MiB (9.998 B/key), latency cold 286.1 ns, then mean 284.4 / min 282.9 ns
475.566,8.484477,286.058
[time 1.89 s, user 1.83 s, sys 0.05 s, maxrss 122072 KB]
[busy 199 jiffies]
[exit 0]
--- c2 case 0 rec 0   load 0.72 0.76 0.87
[TEST C2-FST]
Processing dataset...
Done!
Building trie...
Done!
build time: 402.850835 ms (452.710566 ns per key)
space cost: 5.574753 MB (49.260816% of original size 11.316810 MB)
Querying trie...
Done!
total time: 322.954610 ms, avg latency: 362.925807 ns
topology: 0.851089 MB, link: 1.149713 MB, data: 3.573951 MB
--- Unary Path Analysis (FST, cutoff=4) ---
  shared unary steps in main trie: 344931
  terminal suffixes: inplace=288151 (avg len=1.99)  links=405388 (58.5% of terminal)
  link len: avg=7.08  max=176  total_chars=2869854
  link length distribution (len:count):  4:74698  5:65971  6:53798  7:40968  8:33851  9:27326  10:20764  11:16938  12:14649  13:12025  14:9410  15:7294  16:5909  17:4518  18:3598  19:2810  20:2154  21:1673  22:1340  23:1095  24:876  25:726  26:550  27:431  28:361  29:400  30:312  31:173  32:150  33:103  34:106  35:75  36:44  37:52  38:50  39:27  40:24  41:13  42:21  43:16  44:7  45:10  46:6  47:5  48:10  49:1  50:4  51:5  52:2  53:2  54:2  55:1  56:5  57:3  60:2  62:2  63:1  64:3  65:2  67:1  68:3  71:1  75:1  77:2  82:1  86:1  99:2  106:1  113:1  153:1  177:1
402.850835,5.574753,362.925807
[PASSED]
[time 1.11 s, user 1.02 s, sys 0.09 s, maxrss 129484 KB]
[busy 116 jiffies]
[exit 0]
--- c2 case 0 rec 1   load 0.74 0.77 0.87
[TEST C2-FST]
Processing dataset...
Done!
Building trie...
trie size: 1.301167 MB
Done!
build time: 455.040728 ms (511.359857 ns per key)
space cost: 5.131913 MB (45.347703% of original size 11.316810 MB)
Querying trie...
Done!
total time: 356.910789 ms, avg latency: 401.084648 ns
topology: 0.978825 MB, link: 1.146868 MB, data: 3.006221 MB
--- Unary Path Analysis (FST, cutoff=4) ---
  shared unary steps in main trie: 344931
  terminal suffixes: inplace=288151 (avg len=1.99)  links=405388 (58.5% of terminal)
  link len: avg=7.08  max=176  total_chars=2869854
  link length distribution (len:count):  4:74698  5:65971  6:53798  7:40968  8:33851  9:27326  10:20764  11:16938  12:14649  13:12025  14:9410  15:7294  16:5909  17:4518  18:3598  19:2810  20:2154  21:1673  22:1340  23:1095  24:876  25:726  26:550  27:431  28:361  29:400  30:312  31:173  32:150  33:103  34:106  35:75  36:44  37:52  38:50  39:27  40:24  41:13  42:21  43:16  44:7  45:10  46:6  47:5  48:10  49:1  50:4  51:5  52:2  53:2  54:2  55:1  56:5  57:3  60:2  62:2  63:1  64:3  65:2  67:1  68:3  71:1  75:1  77:2  82:1  86:1  99:2  106:1  113:1  153:1  177:1
455.040728,5.131913,401.084648
[PASSED]
[time 1.21 s, user 1.13 s, sys 0.07 s, maxrss 129640 KB]
[busy 126 jiffies]
[exit 0]
--- c2 case 0 rec 2   load 0.74 0.77 0.87
[TEST C2-FST]
Processing dataset...
Done!
Building trie...
trie size: 1.301167 MB
trie size: 0.188086 MB
Done!
build time: 469.118882 ms (527.180425 ns per key)
space cost: 5.131913 MB (45.347703% of original size 11.316810 MB)
Querying trie...
Done!
total time: 355.786967 ms, avg latency: 399.821733 ns
topology: 0.978825 MB, link: 1.146868 MB, data: 3.006221 MB
--- Unary Path Analysis (FST, cutoff=4) ---
  shared unary steps in main trie: 344931
  terminal suffixes: inplace=288151 (avg len=1.99)  links=405388 (58.5% of terminal)
  link len: avg=7.08  max=176  total_chars=2869854
  link length distribution (len:count):  4:74698  5:65971  6:53798  7:40968  8:33851  9:27326  10:20764  11:16938  12:14649  13:12025  14:9410  15:7294  16:5909  17:4518  18:3598  19:2810  20:2154  21:1673  22:1340  23:1095  24:876  25:726  26:550  27:431  28:361  29:400  30:312  31:173  32:150  33:103  34:106  35:75  36:44  37:52  38:50  39:27  40:24  41:13  42:21  43:16  44:7  45:10  46:6  47:5  48:10  49:1  50:4  51:5  52:2  53:2  54:2  55:1  56:5  57:3  60:2  62:2  63:1  64:3  65:2  67:1  68:3  71:1  75:1  77:2  82:1  86:1  99:2  106:1  113:1  153:1  177:1
469.118882,5.131913,399.821733
[PASSED]
[time 1.22 s, user 1.13 s, sys 0.08 s, maxrss 129952 KB]
[busy 129 jiffies]
[exit 0]
--- c2 case 1 rec 0   load 0.76 0.77 0.87
[TEST C2-CoCo(LOUDS-Sparse)]
Processing dataset...
Done!
Building trie...
Done!
build time: 1190.172815 ms (1337.477204 ns per key)
space cost: 5.902932 MB (52.160740% of original size 11.316810 MB)
Querying trie...
Done!
total time: 479.706764 ms, avg latency: 539.078740 ns
topology: 0.365089 MB, link: 1.816309 MB, data: 3.721533 MB
1190.172815,5.902932,539.078740
[PASSED]
[time 2.06 s, user 1.91 s, sys 0.13 s, maxrss 251376 KB]
[busy 213 jiffies]
[exit 0]
--- c2 case 1 rec 1   load 0.76 0.77 0.87
[TEST C2-CoCo(LOUDS-Sparse)]
Processing dataset...
Done!
Building trie...
trie size: 1.301167 MB
Done!
build time: 1252.121612 ms (1407.093232 ns per key)
space cost: 5.460092 MB (48.247627% of original size 11.316810 MB)
Querying trie...
Done!
total time: 515.048006 ms, avg latency: 578.794070 ns
topology: 0.492825 MB, link: 1.813464 MB, data: 3.153803 MB
1252.121612,5.460092,578.794070
[PASSED]
[time 2.16 s, user 2.02 s, sys 0.12 s, maxrss 251748 KB]
[busy 222 jiffies]
[exit 0]
--- c2 case 1 rec 2   load 0.78 0.78 0.87
[TEST C2-CoCo(LOUDS-Sparse)]
Processing dataset...
Done!
Building trie...
trie size: 1.301167 MB
trie size: 0.188086 MB
Done!
build time: 1262.757396 ms (1419.045378 ns per key)
space cost: 5.460092 MB (48.247627% of original size 11.316810 MB)
Querying trie...
Done!
total time: 530.351523 ms, avg latency: 595.991661 ns
topology: 0.492825 MB, link: 1.813464 MB, data: 3.153803 MB
1262.757396,5.460092,595.991661
[PASSED]
[time 2.18 s, user 2.03 s, sys 0.13 s, maxrss 251732 KB]
[busy 230 jiffies]
[exit 0]
--- c2 case 2 rec 0   load 0.72 0.76 0.86
[TEST C2-MARISA]
Processing dataset...
Done!
Building trie...
trie size: 2.034968 MB
Done!
build time: 485.905425 ms (546.044592 ns per key)
space cost: 5.148748 MB (45.496465% of original size 11.316810 MB)
Querying trie...
Done!
total time: 236.918395 ms, avg latency: 266.241128 ns
topology: 0.673512 MB, link: 1.684298 MB, data: 2.770432 MB
--- Unary Path Analysis (Marisa, cutoff=3) ---
  branches: 1290446  |  single-char: 483681 (37.5%)  short-unary: 134846 (10.4%)  links: 671919 (52.1%)
  link len: avg=7.04  max=178  total_chars=4731655
  link length distribution (len:count):  3:128200  4:106194  5:84287  6:72656  7:58516  8:44149  9:36040  10:28839  11:21753  12:17688  13:15308  14:12510  15:9745  16:7525  17:6122  18:4690  19:3698  20:2882  21:2216  22:1721  23:1367  24:1119  25:897  26:746  27:562  28:441  29:368  30:406  31:316  32:177  33:153  34:106  35:106  36:75  37:44  38:54  39:50  40:27  41:25  42:13  43:21  44:16  45:7  46:10  47:6  48:5  49:10  50:2  51:4  52:5  53:2  54:2  55:2  56:1  57:5  58:3  61:2  63:2  64:1  65:3  66:2  68:2  69:3  72:1  76:1  78:2  83:1  87:1  100:2  107:1  114:1  154:1  178:1
  short unary avg len: 2.00
485.905425,5.148748,266.241128
[PASSED]
[time 1.10 s, user 1.00 s, sys 0.09 s, maxrss 158832 KB]
[busy 115 jiffies]
[exit 0]
--- c2 case 2 rec 1   load 0.72 0.76 0.86
[TEST C2-MARISA]
Processing dataset...
Done!
Building trie...
trie size: 2.034968 MB
trie size: 2.021012 MB
Done!
build time: 565.884946 ms (635.922957 ns per key)
space cost: 4.528195 MB (40.013003% of original size 11.316810 MB)
Querying trie...
Done!
total time: 290.402741 ms, avg latency: 326.345083 ns
topology: 0.839943 MB, link: 1.648341 MB, data: 2.019403 MB
--- Unary Path Analysis (Marisa, cutoff=3) ---
  branches: 1290446  |  single-char: 483681 (37.5%)  short-unary: 134846 (10.4%)  links: 671919 (52.1%)
  link len: avg=7.04  max=178  total_chars=4731655
  link length distribution (len:count):  3:128200  4:106194  5:84287  6:72656  7:58516  8:44149  9:36040  10:28839  11:21753  12:17688  13:15308  14:12510  15:9745  16:7525  17:6122  18:4690  19:3698  20:2882  21:2216  22:1721  23:1367  24:1119  25:897  26:746  27:562  28:441  29:368  30:406  31:316  32:177  33:153  34:106  35:106  36:75  37:44  38:54  39:50  40:27  41:25  42:13  43:21  44:16  45:7  46:10  47:6  48:5  49:10  50:2  51:4  52:5  53:2  54:2  55:2  56:1  57:5  58:3  61:2  63:2  64:1  65:3  66:2  68:2  69:3  72:1  76:1  78:2  83:1  87:1  100:2  107:1  114:1  154:1  178:1
  short unary avg len: 2.00
565.884946,4.528195,326.345083
[PASSED]
[time 1.25 s, user 1.14 s, sys 0.10 s, maxrss 159060 KB]
[busy 129 jiffies]
[exit 0]
--- c2 case 2 rec 2   load 0.72 0.76 0.86
[TEST C2-MARISA]
Processing dataset...
Done!
Building trie...
trie size: 2.034968 MB
trie size: 2.021012 MB
trie size: 0.240847 MB
Done!
build time: 585.682360 ms (658.170642 ns per key)
space cost: 4.528195 MB (40.013003% of original size 11.316810 MB)
Querying trie...
Done!
total time: 288.842910 ms, avg latency: 324.592196 ns
topology: 0.839943 MB, link: 1.648341 MB, data: 2.019403 MB
--- Unary Path Analysis (Marisa, cutoff=3) ---
  branches: 1290446  |  single-char: 483681 (37.5%)  short-unary: 134846 (10.4%)  links: 671919 (52.1%)
  link len: avg=7.04  max=178  total_chars=4731655
  link length distribution (len:count):  3:128200  4:106194  5:84287  6:72656  7:58516  8:44149  9:36040  10:28839  11:21753  12:17688  13:15308  14:12510  15:9745  16:7525  17:6122  18:4690  19:3698  20:2882  21:2216  22:1721  23:1367  24:1119  25:897  26:746  27:562  28:441  29:368  30:406  31:316  32:177  33:153  34:106  35:106  36:75  37:44  38:54  39:50  40:27  41:25  42:13  43:21  44:16  45:7  46:10  47:6  48:5  49:10  50:2  51:4  52:5  53:2  54:2  55:2  56:1  57:5  58:3  61:2  63:2  64:1  65:3  66:2  68:2  69:3  72:1  76:1  78:2  83:1  87:1  100:2  107:1  114:1  154:1  178:1
  short unary avg len: 2.00
585.682360,4.528195,324.592196
[PASSED]
[time 1.27 s, user 1.15 s, sys 0.11 s, maxrss 158576 KB]
[busy 131 jiffies]
[exit 0]
--- c2 case 3 rec 0   load 0.74 0.77 0.86
[TEST FST]
Processing dataset...
Done!
Building trie...
Done!
build time: 499.467078 ms (561.284733 ns per key)
space cost: 5.878841 MB (51.947869% of original size 11.316810 MB)
Querying trie...
Done!
total time: 484.598409 ms, avg latency: 544.575810 ns
not implemented
499.467078,5.878841,544.575810
[PASSED]
[time 1.38 s, user 1.31 s, sys 0.06 s, maxrss 86848 KB]
[busy 145 jiffies]
[exit 0]
--- c2 case 4 rec 0   load 0.74 0.77 0.86
[TEST COCO]
Processing dataset...
Done!
Building trie...
num nodes = 375656, average depth = 5.235279
ef = 0.000442, pa = 0.203029, bv = 0.001044, de = 0.703223
efr = 0.002106, par = 0.078420, bvr = 0.000029, der = 0.011708
Done!
build time: 7791.196211 ms (8755.490964 ns per key)
space cost: 7.666221 MB (67.741891% of original size 11.316810 MB)
Querying trie...
Done!
total time: 436.739015 ms, avg latency: 490.792992 ns
not implemented
7791.196211,7.666221,490.792992
[PASSED]
[time 8.96 s, user 7.01 s, sys 1.90 s, maxrss 4347412 KB]
[busy 920 jiffies]
[exit 0]
--- c2 case 5 rec 0   load 0.78 0.77 0.87
[TEST MARISA]
Processing dataset...
Done!
Building trie...
Done!
build time: 382.557940 ms (429.906076 ns per key)
space cost: 5.316237 MB (46.976468% of original size 11.316810 MB)
Querying trie...
Done!
total time: 338.752506 ms, avg latency: 380.678964 ns
not implemented
382.557940,5.316237,380.678964
[PASSED]
[time 1.11 s, user 1.03 s, sys 0.07 s, maxrss 132140 KB]
[busy 116 jiffies]
[exit 0]
--- c2 case 5 rec 1   load 0.80 0.78 0.87
[TEST MARISA]
Processing dataset...
Done!
Building trie...
Done!
build time: 431.159608 ms (484.523037 ns per key)
space cost: 4.038295 MB (35.684039% of original size 11.316810 MB)
Querying trie...
Done!
total time: 450.289246 ms, avg latency: 506.020297 ns
not implemented
431.159608,4.038295,506.020297
[PASSED]
[time 1.27 s, user 1.18 s, sys 0.07 s, maxrss 132112 KB]
[busy 131 jiffies]
[exit 0]
--- c2 case 5 rec 2   load 0.80 0.78 0.87
[TEST MARISA]
Processing dataset...
Done!
Building trie...
Done!
build time: 437.562844 ms (491.718784 ns per key)
space cost: 3.830196 MB (33.845196% of original size 11.316810 MB)
Querying trie...
Done!
total time: 476.089344 ms, avg latency: 535.013602 ns
not implemented
437.562844,3.830196,535.013602
[PASSED]
[time 1.30 s, user 1.21 s, sys 0.07 s, maxrss 131844 KB]
[busy 133 jiffies]
[exit 0]
--- c2 case 6 rec 0   load 0.81 0.78 0.87
[TEST PDT]
Processing dataset...
Done!
Building trie...
dict size: 158766, stream size: 3178838
Done!
build time: 1635.401179 ms (1837.810249 ns per key)
space cost: 4.318639 MB (38.161275% of original size 11.316810 MB)
Querying trie...
Done!
total time: 464.265288 ms, avg latency: 521.726115 ns
not implemented
1635.401179,4.318639,521.726115
[PASSED]
[time 2.49 s, user 2.39 s, sys 0.09 s, maxrss 137436 KB]
[busy 255 jiffies]
[exit 0]
--- c2 case 7 rec 0   load 0.81 0.78 0.87
[TEST ART]
Processing dataset...
Done!
Building trie...
Done!
build time: 99.567461 ms (111.890650 ns per key)
space cost: 28.637695 MB (253.054493% of original size 11.316810 MB)
Querying trie...
Done!
total time: 256.139927 ms, avg latency: 287.841656 ns
not implemented
99.567461,28.637695,287.841656
[PASSED]
[time 0.75 s, user 0.67 s, sys 0.07 s, maxrss 123644 KB]
[busy 77 jiffies]
[exit 0]
--- c2 case 8 rec 0   load 0.83 0.79 0.87
[TEST CART]
Processing dataset...
Done!
Building trie...
Done!
build time: 141.132813 ms (158.600430 ns per key)
space cost: 12.686618 MB (112.104190% of original size 11.316810 MB)
Querying trie...
Done!
total time: 313.779293 ms, avg latency: 352.614886 ns
not implemented
141.132813,12.686618,352.614886
[PASSED]
[time 0.86 s, user 0.80 s, sys 0.06 s, maxrss 120992 KB]
[busy 90 jiffies]
[exit 0]
--- xcdat 7   load 0.83 0.79 0.87
build time: 376.442083 ms
space cost: 7.451407 MiB (65.843711% of original size 11.316810 MiB)
avg latency: 170.124682 ns
376.442083,7.451407,170.124682
[time 0.92 s, user 0.82 s, sys 0.09 s, maxrss 125040 KB]
[busy 97 jiffies]
[exit 0]
--- xcdat 8   load 0.76 0.77 0.86
build time: 350.026409 ms
space cost: 7.063261 MiB (62.413889% of original size 11.316810 MiB)
avg latency: 170.808149 ns
350.026409,7.063261,170.808149
[time 0.90 s, user 0.82 s, sys 0.07 s, maxrss 125144 KB]
[busy 93 jiffies]
[exit 0]
--- xcdat 15   load 0.76 0.77 0.86
build time: 370.797403 ms
space cost: 8.417356 MiB (74.379227% of original size 11.316810 MiB)
avg latency: 134.412836 ns
370.797403,8.417356,134.412836
[time 0.88 s, user 0.80 s, sys 0.08 s, maxrss 124792 KB]
[busy 92 jiffies]
[exit 0]
--- xcdat 16   load 0.76 0.77 0.86
build time: 349.609064 ms
space cost: 8.791730 MiB (77.687354% of original size 11.316810 MiB)
avg latency: 142.584195 ns
349.609064,8.791730,142.584195
[time 0.87 s, user 0.78 s, sys 0.09 s, maxrss 125100 KB]
[busy 92 jiffies]
[exit 0]

##### titles-en-1000000 (1000000 lines, 21984647 bytes)   round 3/3   2026-09-20T12:36:42+03:00
--- lexindex dict32   load 0.78 0.78 0.87
1000000 keys
lexindex DictIndex block 32: build 398 ms, size 7.447 MiB (7.809 B/key), latency cold 402.2 ns, then mean 397.4 / min 396.9 ns
398.019,7.446899,402.243
[time 2.49 s, user 4.85 s, sys 0.41 s, maxrss 275892 KB]
[busy 546 jiffies]
[exit 0]
--- lexindex dict256   load 0.78 0.78 0.87
1000000 keys
lexindex DictIndex block 256: build 405 ms, size 7.029 MiB (7.370 B/key), latency cold 435.3 ns, then mean 429.7 / min 428.0 ns
405.019,7.028672,435.285
[time 2.63 s, user 5.08 s, sys 0.38 s, maxrss 273284 KB]
[busy 565 jiffies]
[exit 0]
--- lexindex dict1024   load 0.80 0.78 0.87
1000000 keys
lexindex DictIndex block 1024: build 430 ms, size 6.878 MiB (7.212 B/key), latency cold 500.3 ns, then mean 499.1 / min 498.7 ns
429.910,6.877800,500.302
[time 2.93 s, user 4.42 s, sys 0.30 s, maxrss 279944 KB]
[busy 491 jiffies]
[exit 0]
--- lexindex string   load 0.90 0.80 0.87
1000000 keys
lexindex StringIndex: build 1001 ms, size 16.482 MiB (17.283 B/key), latency cold 459.9 ns, then mean 445.6 / min 441.5 ns
1000.528,16.482312,459.859
[time 3.28 s, user 3.17 s, sys 0.10 s, maxrss 163500 KB]
[busy 341 jiffies]
[exit 0]
--- c2 case 0 rec 0   load 0.90 0.81 0.87
[TEST C2-FST]
Processing dataset...
Done!
Building trie...
Done!
build time: 1012.009464 ms (1012.009464 ns per key)
space cost: 11.326162 MB (56.595386% of original size 20.012519 MB)
Querying trie...
Done!
total time: 477.184303 ms, avg latency: 477.184303 ns
topology: 1.047974 MB, link: 2.330659 MB, data: 7.947530 MB
--- Unary Path Analysis (FST, cutoff=4) ---
  shared unary steps in main trie: 632648
  terminal suffixes: inplace=148307 (avg len=2.14)  links=794871 (84.3% of terminal)
  link len: avg=12.03  max=232  total_chars=9558452
  link length distribution (len:count):  4:67686  5:69275  6:65423  7:58787  8:51921  9:47544  10:42795  11:38054  12:34227  13:30736  14:30694  15:28260  16:25308  17:22807  18:19264  19:17586  20:15912  21:14224  22:12066  23:10759  24:9477  25:8347  26:7925  27:7112  28:6113  29:5746  30:5072  31:4462  32:3927  33:3658  34:3228  35:2847  36:2644  37:2353  38:2038  39:1870  40:1644  41:1489  42:1315  43:1143  44:928  45:846  46:722  47:679  48:610  49:543  50:459  51:451  52:342  53:339  54:284  55:273  56:239  57:215  58:214  59:177  60:158  61:140  62:127  63:109  64:95  65:79  66:80  67:78  68:75  69:69  70:68  71:54  72:51  73:42  74:46  75:42  76:35  77:41  78:38  79:39  80:21  81:18  82:21  83:19  84:14  85:18  86:14  87:15  88:11  89:14  90:13  91:7  92:5  93:8  94:7  95:5  96:8  97:8  98:5  99:7  100:11  101:5  102:6  103:3  104:3  105:3  106:5  107:4  108:5  109:1  110:2  111:6  112:1  113:1  114:1  115:4  116:1  118:1  119:2  121:2  123:2  125:1  126:1  128:1  129:1  131:1  132:2  134:1  135:1  136:1  137:3  138:1  139:1  141:2  145:1  152:1  154:1  156:1  159:3  165:1  168:1  174:1  175:1  179:1  181:1  199:1  201:1  202:1  204:1  207:1  216:1  217:1  219:1  233:1
1012.009464,11.326162,477.184303
[PASSED]
[time 2.04 s, user 1.91 s, sys 0.12 s, maxrss 185284 KB]
[busy 213 jiffies]
[exit 0]
--- c2 case 0 rec 1   load 0.90 0.81 0.87
[TEST C2-FST]
Processing dataset...
Done!
Building trie...
trie size: 3.096522 MB
Done!
build time: 1330.989524 ms (1330.989524 ns per key)
space cost: 9.522977 MB (47.585099% of original size 20.012519 MB)
Querying trie...
Done!
total time: 604.355681 ms, avg latency: 604.355681 ns
topology: 1.448536 MB, link: 2.515947 MB, data: 5.558494 MB
--- Unary Path Analysis (FST, cutoff=4) ---
  shared unary steps in main trie: 632648
  terminal suffixes: inplace=148307 (avg len=2.14)  links=794871 (84.3% of terminal)
  link len: avg=12.03  max=232  total_chars=9558452
  link length distribution (len:count):  4:67686  5:69275  6:65423  7:58787  8:51921  9:47544  10:42795  11:38054  12:34227  13:30736  14:30694  15:28260  16:25308  17:22807  18:19264  19:17586  20:15912  21:14224  22:12066  23:10759  24:9477  25:8347  26:7925  27:7112  28:6113  29:5746  30:5072  31:4462  32:3927  33:3658  34:3228  35:2847  36:2644  37:2353  38:2038  39:1870  40:1644  41:1489  42:1315  43:1143  44:928  45:846  46:722  47:679  48:610  49:543  50:459  51:451  52:342  53:339  54:284  55:273  56:239  57:215  58:214  59:177  60:158  61:140  62:127  63:109  64:95  65:79  66:80  67:78  68:75  69:69  70:68  71:54  72:51  73:42  74:46  75:42  76:35  77:41  78:38  79:39  80:21  81:18  82:21  83:19  84:14  85:18  86:14  87:15  88:11  89:14  90:13  91:7  92:5  93:8  94:7  95:5  96:8  97:8  98:5  99:7  100:11  101:5  102:6  103:3  104:3  105:3  106:5  107:4  108:5  109:1  110:2  111:6  112:1  113:1  114:1  115:4  116:1  118:1  119:2  121:2  123:2  125:1  126:1  128:1  129:1  131:1  132:2  134:1  135:1  136:1  137:3  138:1  139:1  141:2  145:1  152:1  154:1  156:1  159:3  165:1  168:1  174:1  175:1  179:1  181:1  199:1  201:1  202:1  204:1  207:1  216:1  217:1  219:1  233:1
1330.989524,9.522977,604.355681
[PASSED]
[time 2.51 s, user 2.37 s, sys 0.13 s, maxrss 181032 KB]
[busy 260 jiffies]
[exit 0]
--- c2 case 0 rec 2   load 0.91 0.81 0.87
[TEST C2-FST]
Processing dataset...
Done!
Building trie...
trie size: 3.096522 MB
trie size: 0.887704 MB
Done!
build time: 1444.465268 ms (1444.465268 ns per key)
space cost: 9.522977 MB (47.585099% of original size 20.012519 MB)
Querying trie...
Done!
total time: 602.932115 ms, avg latency: 602.932115 ns
topology: 1.448536 MB, link: 2.515947 MB, data: 5.558494 MB
--- Unary Path Analysis (FST, cutoff=4) ---
  shared unary steps in main trie: 632648
  terminal suffixes: inplace=148307 (avg len=2.14)  links=794871 (84.3% of terminal)
  link len: avg=12.03  max=232  total_chars=9558452
  link length distribution (len:count):  4:67686  5:69275  6:65423  7:58787  8:51921  9:47544  10:42795  11:38054  12:34227  13:30736  14:30694  15:28260  16:25308  17:22807  18:19264  19:17586  20:15912  21:14224  22:12066  23:10759  24:9477  25:8347  26:7925  27:7112  28:6113  29:5746  30:5072  31:4462  32:3927  33:3658  34:3228  35:2847  36:2644  37:2353  38:2038  39:1870  40:1644  41:1489  42:1315  43:1143  44:928  45:846  46:722  47:679  48:610  49:543  50:459  51:451  52:342  53:339  54:284  55:273  56:239  57:215  58:214  59:177  60:158  61:140  62:127  63:109  64:95  65:79  66:80  67:78  68:75  69:69  70:68  71:54  72:51  73:42  74:46  75:42  76:35  77:41  78:38  79:39  80:21  81:18  82:21  83:19  84:14  85:18  86:14  87:15  88:11  89:14  90:13  91:7  92:5  93:8  94:7  95:5  96:8  97:8  98:5  99:7  100:11  101:5  102:6  103:3  104:3  105:3  106:5  107:4  108:5  109:1  110:2  111:6  112:1  113:1  114:1  115:4  116:1  118:1  119:2  121:2  123:2  125:1  126:1  128:1  129:1  131:1  132:2  134:1  135:1  136:1  137:3  138:1  139:1  141:2  145:1  152:1  154:1  156:1  159:3  165:1  168:1  174:1  175:1  179:1  181:1  199:1  201:1  202:1  204:1  207:1  216:1  217:1  219:1  233:1
1444.465268,9.522977,602.932115
[PASSED]
[time 2.62 s, user 2.47 s, sys 0.13 s, maxrss 180924 KB]
[busy 273 jiffies]
[exit 0]
--- c2 case 1 rec 0   load 0.92 0.81 0.88
[TEST C2-CoCo(LOUDS-Sparse)]
Processing dataset...
Done!
Building trie...
Done!
build time: 2126.834105 ms (2126.834105 ns per key)
space cost: 12.265971 MB (61.291488% of original size 20.012519 MB)
Querying trie...
Done!
total time: 727.786009 ms, avg latency: 727.786009 ns
topology: 0.432648 MB, link: 3.282862 MB, data: 8.550461 MB
2126.834105,12.265971,727.786009
[PASSED]
[time 3.41 s, user 3.19 s, sys 0.20 s, maxrss 358136 KB]
[busy 351 jiffies]
[exit 0]
--- c2 case 1 rec 1   load 0.93 0.82 0.88
[TEST C2-CoCo(LOUDS-Sparse)]
Processing dataset...
Done!
Building trie...
trie size: 3.096522 MB
Done!
build time: 2441.288657 ms (2441.288657 ns per key)
space cost: 10.462785 MB (52.281201% of original size 20.012519 MB)
Querying trie...
Done!
total time: 849.315041 ms, avg latency: 849.315041 ns
topology: 0.833210 MB, link: 3.468150 MB, data: 6.161425 MB
2441.288657,10.462785,849.315041
[PASSED]
[time 3.87 s, user 3.65 s, sys 0.20 s, maxrss 344900 KB]
[busy 399 jiffies]
[exit 0]
--- c2 case 1 rec 2   load 0.93 0.82 0.88
[TEST C2-CoCo(LOUDS-Sparse)]
Processing dataset...
Done!
Building trie...
trie size: 3.096522 MB
trie size: 0.887704 MB
Done!
build time: 2549.997832 ms (2549.997832 ns per key)
space cost: 10.462785 MB (52.281201% of original size 20.012519 MB)
Querying trie...
Done!
total time: 849.888229 ms, avg latency: 849.888229 ns
topology: 0.833210 MB, link: 3.468150 MB, data: 6.161425 MB
2549.997832,10.462785,849.888229
[PASSED]
[time 3.96 s, user 3.75 s, sys 0.19 s, maxrss 344928 KB]
[busy 405 jiffies]
[exit 0]
--- c2 case 2 rec 0   load 0.94 0.82 0.88
[TEST C2-MARISA]
Processing dataset...
Done!
Building trie...
trie size: 2.238578 MB
Done!
build time: 1029.948665 ms (1029.948665 ns per key)
space cost: 10.766413 MB (53.798389% of original size 20.012519 MB)
Querying trie...
Done!
total time: 364.469438 ms, avg latency: 364.469438 ns
topology: 0.741383 MB, link: 2.768053 MB, data: 7.236469 MB
--- Unary Path Analysis (Marisa, cutoff=3) ---
  branches: 1523874  |  single-char: 417651 (27.4%)  short-unary: 97461 (6.4%)  links: 1008762 (66.2%)
  link len: avg=12.11  max=234  total_chars=12215333
  link length distribution (len:count):  3:76859  4:82017  5:81216  6:79010  7:72564  8:64127  9:55531  10:50303  11:44703  12:39548  13:35394  14:31778  15:31462  16:28952  17:25995  18:23521  19:19840  20:18044  21:16382  22:14569  23:12399  24:11015  25:9715  26:8556  27:8141  28:7267  29:6255  30:5853  31:5207  32:4578  33:4049  34:3736  35:3293  36:2910  37:2688  38:2423  39:2074  40:1908  41:1670  42:1511  43:1333  44:1158  45:939  46:855  47:728  48:689  49:615  50:544  51:465  52:457  53:344  54:344  55:284  56:276  57:242  58:216  59:216  60:177  61:159  62:140  63:127  64:109  65:95  66:79  67:80  68:79  69:75  70:69  71:69  72:55  73:51  74:42  75:46  76:42  77:35  78:41  79:38  80:39  81:21  82:18  83:21  84:19  85:14  86:18  87:14  88:15  89:11  90:14  91:13  92:7  93:5  94:8  95:7  96:5  97:9  98:8  99:5  100:7  101:11  102:5  103:6  104:3  105:3  106:3  107:5  108:4  109:5  110:1  111:2  112:6  113:1  114:1  115:1  116:4  117:1  119:1  120:2  122:2  124:2  126:1  127:1  129:1  130:1  132:1  133:2  135:1  136:1  137:1  138:3  139:1  140:1  142:2  146:1  153:1  155:1  157:1  160:3  166:1  169:1  175:1  176:1  180:1  182:1  200:1  202:1  203:1  205:1  208:1  217:1  218:1  220:1  234:1
  short unary avg len: 2.00
1029.948665,10.766413,364.469438
[PASSED]
[time 1.95 s, user 1.80 s, sys 0.13 s, maxrss 201720 KB]
[busy 201 jiffies]
[exit 0]
--- c2 case 2 rec 1   load 0.94 0.82 0.88
[TEST C2-MARISA]
Processing dataset...
Done!
Building trie...
trie size: 2.238578 MB
trie size: 3.821277 MB
Done!
build time: 1388.469301 ms (1388.469301 ns per key)
space cost: 8.586061 MB (42.903452% of original size 20.012519 MB)
Querying trie...
Done!
total time: 495.930741 ms, avg latency: 495.930741 ns
topology: 1.213478 MB, link: 2.963206 MB, data: 4.388869 MB
--- Unary Path Analysis (Marisa, cutoff=3) ---
  branches: 1523874  |  single-char: 417651 (27.4%)  short-unary: 97461 (6.4%)  links: 1008762 (66.2%)
  link len: avg=12.11  max=234  total_chars=12215333
  link length distribution (len:count):  3:76859  4:82017  5:81216  6:79010  7:72564  8:64127  9:55531  10:50303  11:44703  12:39548  13:35394  14:31778  15:31462  16:28952  17:25995  18:23521  19:19840  20:18044  21:16382  22:14569  23:12399  24:11015  25:9715  26:8556  27:8141  28:7267  29:6255  30:5853  31:5207  32:4578  33:4049  34:3736  35:3293  36:2910  37:2688  38:2423  39:2074  40:1908  41:1670  42:1511  43:1333  44:1158  45:939  46:855  47:728  48:689  49:615  50:544  51:465  52:457  53:344  54:344  55:284  56:276  57:242  58:216  59:216  60:177  61:159  62:140  63:127  64:109  65:95  66:79  67:80  68:79  69:75  70:69  71:69  72:55  73:51  74:42  75:46  76:42  77:35  78:41  79:38  80:39  81:21  82:18  83:21  84:19  85:14  86:18  87:14  88:15  89:11  90:14  91:13  92:7  93:5  94:8  95:7  96:5  97:9  98:8  99:5  100:7  101:11  102:5  103:6  104:3  105:3  106:3  107:5  108:4  109:5  110:1  111:2  112:6  113:1  114:1  115:1  116:4  117:1  119:1  120:2  122:2  124:2  126:1  127:1  129:1  130:1  132:1  133:2  135:1  136:1  137:1  138:3  139:1  140:1  142:2  146:1  153:1  155:1  157:1  160:3  166:1  169:1  175:1  176:1  180:1  182:1  200:1  202:1  203:1  205:1  208:1  217:1  218:1  220:1  234:1
  short unary avg len: 2.00
1388.469301,8.586061,495.930741
[PASSED]
[time 2.45 s, user 2.29 s, sys 0.15 s, maxrss 196980 KB]
[busy 254 jiffies]
[exit 0]
--- c2 case 2 rec 2   load 0.94 0.83 0.88
[TEST C2-MARISA]
Processing dataset...
Done!
Building trie...
trie size: 2.238578 MB
trie size: 3.821277 MB
trie size: 1.037524 MB
Done!
build time: 1541.425899 ms (1541.425899 ns per key)
space cost: 8.586061 MB (42.903452% of original size 20.012519 MB)
Querying trie...
Done!
total time: 496.664400 ms, avg latency: 496.664400 ns
topology: 1.213478 MB, link: 2.963206 MB, data: 4.388869 MB
--- Unary Path Analysis (Marisa, cutoff=3) ---
  branches: 1523874  |  single-char: 417651 (27.4%)  short-unary: 97461 (6.4%)  links: 1008762 (66.2%)
  link len: avg=12.11  max=234  total_chars=12215333
  link length distribution (len:count):  3:76859  4:82017  5:81216  6:79010  7:72564  8:64127  9:55531  10:50303  11:44703  12:39548  13:35394  14:31778  15:31462  16:28952  17:25995  18:23521  19:19840  20:18044  21:16382  22:14569  23:12399  24:11015  25:9715  26:8556  27:8141  28:7267  29:6255  30:5853  31:5207  32:4578  33:4049  34:3736  35:3293  36:2910  37:2688  38:2423  39:2074  40:1908  41:1670  42:1511  43:1333  44:1158  45:939  46:855  47:728  48:689  49:615  50:544  51:465  52:457  53:344  54:344  55:284  56:276  57:242  58:216  59:216  60:177  61:159  62:140  63:127  64:109  65:95  66:79  67:80  68:79  69:75  70:69  71:69  72:55  73:51  74:42  75:46  76:42  77:35  78:41  79:38  80:39  81:21  82:18  83:21  84:19  85:14  86:18  87:14  88:15  89:11  90:14  91:13  92:7  93:5  94:8  95:7  96:5  97:9  98:8  99:5  100:7  101:11  102:5  103:6  104:3  105:3  106:3  107:5  108:4  109:5  110:1  111:2  112:6  113:1  114:1  115:1  116:4  117:1  119:1  120:2  122:2  124:2  126:1  127:1  129:1  130:1  132:1  133:2  135:1  136:1  137:1  138:3  139:1  140:1  142:2  146:1  153:1  155:1  157:1  160:3  166:1  169:1  175:1  176:1  180:1  182:1  200:1  202:1  203:1  205:1  208:1  217:1  218:1  220:1  234:1
  short unary avg len: 2.00
1541.425899,8.586061,496.664400
[PASSED]
[time 2.62 s, user 2.44 s, sys 0.16 s, maxrss 197112 KB]
[busy 271 jiffies]
[exit 0]
--- c2 case 3 rec 0   load 0.95 0.83 0.88
[TEST FST]
Processing dataset...
Done!
Building trie...
Done!
build time: 797.659522 ms (797.659522 ns per key)
space cost: 12.223534 MB (61.079436% of original size 20.012519 MB)
Querying trie...
Done!
total time: 686.501264 ms, avg latency: 686.501264 ns
not implemented
797.659522,12.223534,686.501264
[PASSED]
[time 2.06 s, user 1.95 s, sys 0.10 s, maxrss 131128 KB]
[busy 213 jiffies]
[exit 0]
--- c2 case 4 rec 0   skipped: exit 134 in round 1
--- c2 case 5 rec 0   load 0.95 0.83 0.88
[TEST MARISA]
Processing dataset...
Done!
Building trie...
Done!
build time: 599.575706 ms (599.575706 ns per key)
space cost: 12.537066 MB (62.646119% of original size 20.012519 MB)
Querying trie...
Done!
total time: 498.344417 ms, avg latency: 498.344417 ns
not implemented
599.575706,12.537066,498.344417
[PASSED]
[time 1.66 s, user 1.52 s, sys 0.14 s, maxrss 194924 KB]
[busy 171 jiffies]
[exit 0]
--- c2 case 5 rec 1   load 0.95 0.83 0.88
[TEST MARISA]
Processing dataset...
Done!
Building trie...
Done!
build time: 773.937201 ms (773.937201 ns per key)
space cost: 8.680676 MB (43.376231% of original size 20.012519 MB)
Querying trie...
Done!
total time: 796.960709 ms, avg latency: 796.960709 ns
not implemented
773.937201,8.680676,796.960709
[PASSED]
[time 2.15 s, user 2.00 s, sys 0.14 s, maxrss 195228 KB]
[busy 226 jiffies]
[exit 0]
--- c2 case 5 rec 2   load 0.88 0.82 0.88
[TEST MARISA]
Processing dataset...
Done!
Building trie...
Done!
build time: 823.950112 ms (823.950112 ns per key)
space cost: 7.806685 MB (39.009010% of original size 20.012519 MB)
Querying trie...
Done!
total time: 895.540283 ms, avg latency: 895.540283 ns
not implemented
823.950112,7.806685,895.540283
[PASSED]
[time 2.29 s, user 2.14 s, sys 0.14 s, maxrss 195260 KB]
[busy 235 jiffies]
[exit 0]
--- c2 case 6 rec 0   load 0.88 0.82 0.88
[TEST PDT]
Processing dataset...
Done!
Building trie...
dict size: 157446, stream size: 7395682
Done!
build time: 3451.358044 ms (3451.358044 ns per key)
space cost: 8.479283 MB (42.369895% of original size 20.012519 MB)
Querying trie...
Done!
total time: 661.034423 ms, avg latency: 661.034423 ns
not implemented
3451.358044,8.479283,661.034423
[PASSED]
[time 4.70 s, user 4.50 s, sys 0.17 s, maxrss 256840 KB]
[busy 485 jiffies]
[exit 0]
--- c2 case 7 rec 0   load 0.89 0.82 0.88
[TEST ART]
Processing dataset...
Done!
Building trie...
Done!
build time: 163.193662 ms (163.193662 ns per key)
space cost: 32.696541 MB (163.380437% of original size 20.012519 MB)
Querying trie...
Done!
total time: 396.428052 ms, avg latency: 396.428052 ns
not implemented
163.193662,32.696541,396.428052
[PASSED]
[time 1.13 s, user 1.03 s, sys 0.09 s, maxrss 176284 KB]
[busy 121 jiffies]
[exit 0]
--- c2 case 8 rec 0   load 0.90 0.82 0.88
[TEST CART]
Processing dataset...
Done!
Building trie...
Done!
build time: 211.336809 ms (211.336809 ns per key)
space cost: 14.850546 MB (74.206280% of original size 20.012519 MB)
Querying trie...
Done!
total time: 444.099272 ms, avg latency: 444.099272 ns
not implemented
211.336809,14.850546,444.099272
[PASSED]
[time 1.23 s, user 1.13 s, sys 0.09 s, maxrss 163820 KB]
[busy 127 jiffies]
[exit 0]
--- xcdat 7   load 0.90 0.82 0.88
build time: 636.600694 ms
space cost: 14.813288 MiB (74.020106% of original size 20.012519 MiB)
avg latency: 265.933406 ns
636.600694,14.813288,265.933406
[time 1.49 s, user 1.38 s, sys 0.10 s, maxrss 161788 KB]
[busy 158 jiffies]
[exit 0]
--- xcdat 8   load 0.90 0.83 0.88
build time: 603.391509 ms
space cost: 14.333878 MiB (71.624555% of original size 20.012519 MiB)
avg latency: 256.990155 ns
603.391509,14.333878,256.990155
[time 1.44 s, user 1.33 s, sys 0.10 s, maxrss 161224 KB]
[busy 152 jiffies]
[exit 0]
--- xcdat 15   load 0.90 0.83 0.88
build time: 635.731059 ms
space cost: 16.333202 MiB (81.614925% of original size 20.012519 MiB)
avg latency: 239.489678 ns
635.731059,16.333202,239.489678
[time 1.46 s, user 1.34 s, sys 0.11 s, maxrss 163404 KB]
[busy 154 jiffies]
[exit 0]
--- xcdat 16   load 0.91 0.83 0.88
build time: 611.317568 ms
space cost: 16.875467 MiB (84.324554% of original size 20.012519 MiB)
avg latency: 253.437166 ns
611.317568,16.875467,253.437166
[time 1.44 s, user 1.33 s, sys 0.10 s, maxrss 164408 KB]
[busy 150 jiffies]
[exit 0]

##### titles-ru-1000000 (1000000 lines, 36819661 bytes)   round 3/3   2026-09-20T12:38:05+03:00
--- lexindex dict32   load 0.91 0.83 0.88
1000000 keys
lexindex DictIndex block 32: build 433 ms, size 8.124 MiB (8.518 B/key), latency cold 488.5 ns, then mean 478.7 / min 475.5 ns
433.170,8.123598,488.503
[time 2.94 s, user 6.21 s, sys 0.25 s, maxrss 302824 KB]
[busy 664 jiffies]
[exit 0]
--- lexindex dict256   load 0.92 0.83 0.88
1000000 keys
lexindex DictIndex block 256: build 435 ms, size 7.309 MiB (7.664 B/key), latency cold 498.9 ns, then mean 498.0 / min 495.3 ns
434.608,7.309255,498.861
[time 3.01 s, user 6.35 s, sys 0.27 s, maxrss 303420 KB]
[busy 683 jiffies]
[exit 0]
--- lexindex dict1024   load 0.93 0.84 0.88
1000000 keys
lexindex DictIndex block 1024: build 517 ms, size 7.102 MiB (7.447 B/key), latency cold 548.4 ns, then mean 544.9 / min 540.6 ns
516.892,7.102205,548.415
[time 3.29 s, user 5.48 s, sys 0.25 s, maxrss 306692 KB]
[busy 591 jiffies]
[exit 0]
--- lexindex string   load 0.85 0.82 0.88
1000000 keys
lexindex StringIndex: build 1499 ms, size 30.276 MiB (31.746 B/key), latency cold 671.4 ns, then mean 670.0 / min 663.8 ns
1499.185,30.275526,671.361
[time 4.75 s, user 4.63 s, sys 0.10 s, maxrss 212756 KB]
[busy 492 jiffies]
[exit 0]
--- c2 case 0 rec 0   load 0.86 0.83 0.88
[TEST C2-FST]
Processing dataset...
Done!
Building trie...
Done!
build time: 1278.130042 ms (1278.130042 ns per key)
space cost: 13.454716 MB (39.387006% of original size 34.160291 MB)
Querying trie...
Done!
total time: 749.046543 ms, avg latency: 749.046543 ns
topology: 1.316696 MB, link: 2.448647 MB, data: 9.689372 MB
--- Unary Path Analysis (FST, cutoff=4) ---
  shared unary steps in main trie: 1444849
  terminal suffixes: inplace=70261 (avg len=2.02)  links=837902 (92.3% of terminal)
  link len: avg=18.90  max=238  total_chars=15835418
  link length distribution (len:count):  4:38002  5:25136  6:46678  7:25626  8:51081  9:27061  10:49555  11:26346  12:44099  13:24737  14:35638  15:24081  16:29538  17:19279  18:25434  19:16078  20:16463  21:14405  22:12877  23:14367  24:11738  25:15079  26:11391  27:16946  28:11354  29:17411  30:12058  31:16873  32:11600  33:15555  34:11210  35:12790  36:9994  37:10106  38:7923  39:7962  40:6648  41:5829  42:4930  43:4945  44:3895  45:3528  46:3382  47:2749  48:2598  49:2269  50:2117  51:1901  52:1753  53:1665  54:1553  55:1449  56:1305  57:1145  58:1092  59:1004  60:875  61:848  62:788  63:815  64:741  65:605  66:640  67:594  68:554  69:512  70:530  71:482  72:415  73:428  74:424  75:368  76:310  77:349  78:289  79:299  80:274  81:267  82:209  83:198  84:204  85:187  86:188  87:169  88:154  89:148  90:143  91:149  92:108  93:110  94:105  95:111  96:95  97:79  98:91  99:85  100:98  101:68  102:61  103:57  104:50  105:52  106:54  107:61  108:50  109:62  110:44  111:43  112:42  113:44  114:37  115:29  116:42  117:29  118:35  119:28  120:37  121:28  122:24  123:19  124:19  125:31  126:29  127:26  128:15  129:19  130:30  131:11  132:22  133:9  134:11  135:14  136:17  137:15  138:6  139:7  140:14  141:16  142:8  143:9  144:14  145:12  146:8  147:11  148:7  149:9  150:6  151:12  152:9  153:13  154:7  155:5  156:6  157:3  158:8  159:4  160:7  161:11  162:5  163:11  164:3  165:5  166:7  167:4  168:4  169:6  170:3  171:4  172:3  173:9  174:4  175:1  176:4  177:5  178:6  179:4  180:4  181:2  182:6  183:7  184:4  185:2  186:3  187:2  188:2  190:1  191:1  192:3  193:3  194:2  196:2  197:2  198:4  200:1  202:1  205:2  207:2  208:1  210:2  212:2  213:1  217:2  218:2  220:1  222:1  228:2  234:1  239:1
1278.130042,13.454716,749.046543
[PASSED]
[time 2.72 s, user 2.58 s, sys 0.13 s, maxrss 226496 KB]
[busy 284 jiffies]
[exit 0]
--- c2 case 0 rec 1   load 0.80 0.81 0.87
[TEST C2-FST]
Processing dataset...
Done!
Building trie...
trie size: 3.233313 MB
Done!
build time: 1647.290087 ms (1647.290087 ns per key)
space cost: 10.950089 MB (32.055021% of original size 34.160291 MB)
Querying trie...
Done!
total time: 738.785655 ms, avg latency: 738.785655 ns
topology: 1.728611 MB, link: 2.656099 MB, data: 6.565378 MB
--- Unary Path Analysis (FST, cutoff=4) ---
  shared unary steps in main trie: 1444849
  terminal suffixes: inplace=70261 (avg len=2.02)  links=837902 (92.3% of terminal)
  link len: avg=18.90  max=238  total_chars=15835418
  link length distribution (len:count):  4:38002  5:25136  6:46678  7:25626  8:51081  9:27061  10:49555  11:26346  12:44099  13:24737  14:35638  15:24081  16:29538  17:19279  18:25434  19:16078  20:16463  21:14405  22:12877  23:14367  24:11738  25:15079  26:11391  27:16946  28:11354  29:17411  30:12058  31:16873  32:11600  33:15555  34:11210  35:12790  36:9994  37:10106  38:7923  39:7962  40:6648  41:5829  42:4930  43:4945  44:3895  45:3528  46:3382  47:2749  48:2598  49:2269  50:2117  51:1901  52:1753  53:1665  54:1553  55:1449  56:1305  57:1145  58:1092  59:1004  60:875  61:848  62:788  63:815  64:741  65:605  66:640  67:594  68:554  69:512  70:530  71:482  72:415  73:428  74:424  75:368  76:310  77:349  78:289  79:299  80:274  81:267  82:209  83:198  84:204  85:187  86:188  87:169  88:154  89:148  90:143  91:149  92:108  93:110  94:105  95:111  96:95  97:79  98:91  99:85  100:98  101:68  102:61  103:57  104:50  105:52  106:54  107:61  108:50  109:62  110:44  111:43  112:42  113:44  114:37  115:29  116:42  117:29  118:35  119:28  120:37  121:28  122:24  123:19  124:19  125:31  126:29  127:26  128:15  129:19  130:30  131:11  132:22  133:9  134:11  135:14  136:17  137:15  138:6  139:7  140:14  141:16  142:8  143:9  144:14  145:12  146:8  147:11  148:7  149:9  150:6  151:12  152:9  153:13  154:7  155:5  156:6  157:3  158:8  159:4  160:7  161:11  162:5  163:11  164:3  165:5  166:7  167:4  168:4  169:6  170:3  171:4  172:3  173:9  174:4  175:1  176:4  177:5  178:6  179:4  180:4  181:2  182:6  183:7  184:4  185:2  186:3  187:2  188:2  190:1  191:1  192:3  193:3  194:2  196:2  197:2  198:4  200:1  202:1  205:2  207:2  208:1  210:2  212:2  213:1  217:2  218:2  220:1  222:1  228:2  234:1  239:1
1647.290087,10.950089,738.785655
[PASSED]
[time 3.10 s, user 2.95 s, sys 0.14 s, maxrss 215456 KB]
[busy 318 jiffies]
[exit 0]
--- c2 case 0 rec 2   load 0.80 0.81 0.87
[TEST C2-FST]
Processing dataset...
Done!
Building trie...
trie size: 3.233313 MB
trie size: 0.910584 MB
Done!
build time: 1766.805395 ms (1766.805395 ns per key)
space cost: 10.950089 MB (32.055021% of original size 34.160291 MB)
Querying trie...
Done!
total time: 750.414824 ms, avg latency: 750.414824 ns
topology: 1.728611 MB, link: 2.656099 MB, data: 6.565378 MB
--- Unary Path Analysis (FST, cutoff=4) ---
  shared unary steps in main trie: 1444849
  terminal suffixes: inplace=70261 (avg len=2.02)  links=837902 (92.3% of terminal)
  link len: avg=18.90  max=238  total_chars=15835418
  link length distribution (len:count):  4:38002  5:25136  6:46678  7:25626  8:51081  9:27061  10:49555  11:26346  12:44099  13:24737  14:35638  15:24081  16:29538  17:19279  18:25434  19:16078  20:16463  21:14405  22:12877  23:14367  24:11738  25:15079  26:11391  27:16946  28:11354  29:17411  30:12058  31:16873  32:11600  33:15555  34:11210  35:12790  36:9994  37:10106  38:7923  39:7962  40:6648  41:5829  42:4930  43:4945  44:3895  45:3528  46:3382  47:2749  48:2598  49:2269  50:2117  51:1901  52:1753  53:1665  54:1553  55:1449  56:1305  57:1145  58:1092  59:1004  60:875  61:848  62:788  63:815  64:741  65:605  66:640  67:594  68:554  69:512  70:530  71:482  72:415  73:428  74:424  75:368  76:310  77:349  78:289  79:299  80:274  81:267  82:209  83:198  84:204  85:187  86:188  87:169  88:154  89:148  90:143  91:149  92:108  93:110  94:105  95:111  96:95  97:79  98:91  99:85  100:98  101:68  102:61  103:57  104:50  105:52  106:54  107:61  108:50  109:62  110:44  111:43  112:42  113:44  114:37  115:29  116:42  117:29  118:35  119:28  120:37  121:28  122:24  123:19  124:19  125:31  126:29  127:26  128:15  129:19  130:30  131:11  132:22  133:9  134:11  135:14  136:17  137:15  138:6  139:7  140:14  141:16  142:8  143:9  144:14  145:12  146:8  147:11  148:7  149:9  150:6  151:12  152:9  153:13  154:7  155:5  156:6  157:3  158:8  159:4  160:7  161:11  162:5  163:11  164:3  165:5  166:7  167:4  168:4  169:6  170:3  171:4  172:3  173:9  174:4  175:1  176:4  177:5  178:6  179:4  180:4  181:2  182:6  183:7  184:4  185:2  186:3  187:2  188:2  190:1  191:1  192:3  193:3  194:2  196:2  197:2  198:4  200:1  202:1  205:2  207:2  208:1  210:2  212:2  213:1  217:2  218:2  220:1  222:1  228:2  234:1  239:1
1766.805395,10.950089,750.414824
[PASSED]
[time 3.24 s, user 3.08 s, sys 0.14 s, maxrss 215436 KB]
[busy 332 jiffies]
[exit 0]
--- c2 case 1 rec 0   load 0.81 0.81 0.87
[TEST C2-CoCo(LOUDS-Sparse)]
Processing dataset...
Done!
Building trie...
Done!
build time: 3458.769436 ms (3458.769436 ns per key)
space cost: 14.618523 MB (42.793905% of original size 34.160291 MB)
Querying trie...
Done!
total time: 991.564814 ms, avg latency: 991.564814 ns
topology: 0.472511 MB, link: 3.816133 MB, data: 10.329878 MB
3458.769436,14.618523,991.564814
[PASSED]
[time 5.15 s, user 4.89 s, sys 0.23 s, maxrss 445868 KB]
[busy 529 jiffies]
[exit 0]
--- c2 case 1 rec 1   load 0.83 0.82 0.88
[TEST C2-CoCo(LOUDS-Sparse)]
Processing dataset...
Done!
Building trie...
trie size: 3.233313 MB
Done!
build time: 3861.520433 ms (3861.520433 ns per key)
space cost: 12.113895 MB (35.461921% of original size 34.160291 MB)
Querying trie...
Done!
total time: 1036.780287 ms, avg latency: 1036.780287 ns
topology: 0.884426 MB, link: 4.023585 MB, data: 7.205884 MB
3861.520433,12.113895,1036.780287
[PASSED]
[time 5.60 s, user 5.33 s, sys 0.25 s, maxrss 432340 KB]
[busy 579 jiffies]
[exit 0]
--- c2 case 1 rec 2   load 0.85 0.82 0.88
[TEST C2-CoCo(LOUDS-Sparse)]
Processing dataset...
Done!
Building trie...
trie size: 3.233313 MB
trie size: 0.910584 MB
Done!
build time: 3998.664919 ms (3998.664919 ns per key)
space cost: 12.113895 MB (35.461921% of original size 34.160291 MB)
Querying trie...
Done!
total time: 1029.087617 ms, avg latency: 1029.087617 ns
topology: 0.884426 MB, link: 4.023585 MB, data: 7.205884 MB
3998.664919,12.113895,1029.087617
[PASSED]
[time 5.74 s, user 5.49 s, sys 0.22 s, maxrss 432684 KB]
[busy 593 jiffies]
[exit 0]
--- c2 case 2 rec 0   load 0.87 0.83 0.88
[TEST C2-MARISA]
Processing dataset...
Done!
Building trie...
trie size: 2.484302 MB
Done!
build time: 1211.760394 ms (1211.760394 ns per key)
space cost: 12.012337 MB (35.164621% of original size 34.160291 MB)
Querying trie...
Done!
total time: 523.463135 ms, avg latency: 523.463135 ns
topology: 0.823292 MB, link: 2.965906 MB, data: 8.202631 MB
--- Unary Path Analysis (Marisa, cutoff=3) ---
  branches: 1657128  |  single-char: 447774 (27.0%)  short-unary: 128432 (7.8%)  links: 1080922 (65.2%)
  link len: avg=17.77  max=240  total_chars=19212544
  link length distribution (len:count):  3:87321  4:48292  5:58975  6:36358  7:58121  8:33015  9:59626  10:32247  11:55687  12:30072  13:49121  14:27545  15:39628  16:26319  17:32373  18:20972  19:27510  20:17247  21:17760  22:15297  23:13707  24:14933  25:12396  26:15583  27:11863  28:17395  29:11704  30:17896  31:12395  32:17216  33:11862  34:15819  35:11459  36:13046  37:10194  38:10344  39:8104  40:8139  41:6769  42:6000  43:5033  44:5077  45:3963  46:3720  47:3456  48:2871  49:2663  50:2321  51:2168  52:1981  53:1813  54:1693  55:1597  56:1488  57:1344  58:1172  59:1122  60:1025  61:904  62:871  63:814  64:834  65:767  66:626  67:663  68:607  69:568  70:524  71:545  72:489  73:428  74:436  75:441  76:375  77:319  78:357  79:299  80:304  81:282  82:274  83:213  84:203  85:208  86:189  87:193  88:179  89:159  90:153  91:146  92:153  93:110  94:115  95:107  96:113  97:98  98:81  99:92  100:91  101:100  102:69  103:62  104:60  105:53  106:53  107:55  108:63  109:50  110:63  111:44  112:45  113:43  114:49  115:38  116:32  117:45  118:31  119:36  120:28  121:37  122:28  123:24  124:20  125:19  126:32  127:29  128:26  129:15  130:19  131:30  132:11  133:22  134:9  135:11  136:14  137:18  138:15  139:6  140:8  141:14  142:16  143:8  144:10  145:14  146:12  147:8  148:11  149:7  150:9  151:6  152:12  153:9  154:13  155:7  156:5  157:6  158:3  159:8  160:4  161:7  162:11  163:6  164:11  165:3  166:5  167:7  168:4  169:5  170:6  171:3  172:4  173:3  174:9  175:4  176:1  177:4  178:5  179:7  180:4  181:4  182:2  183:6  184:7  185:4  186:2  187:3  188:2  189:2  191:1  192:1  193:3  194:3  195:2  197:2  198:2  199:4  201:1  203:1  206:2  208:2  209:1  211:2  213:2  214:1  218:2  219:2  221:1  223:1  229:2  235:1  240:1
  short unary avg len: 2.00
1211.760394,12.012337,523.463135
[PASSED]
[time 2.43 s, user 2.26 s, sys 0.16 s, maxrss 243540 KB]
[busy 253 jiffies]
[exit 0]
--- c2 case 2 rec 1   load 0.88 0.83 0.88
[TEST C2-MARISA]
Processing dataset...
Done!
Building trie...
trie size: 2.484302 MB
trie size: 4.015308 MB
Done!
build time: 1632.159675 ms (1632.159675 ns per key)
space cost: 9.221785 MB (26.995627% of original size 34.160291 MB)
Querying trie...
Done!
total time: 396.941687 ms, avg latency: 396.941687 ns
topology: 1.302711 MB, link: 3.189349 MB, data: 4.709216 MB
--- Unary Path Analysis (Marisa, cutoff=3) ---
  branches: 1657128  |  single-char: 447774 (27.0%)  short-unary: 128432 (7.8%)  links: 1080922 (65.2%)
  link len: avg=17.77  max=240  total_chars=19212544
  link length distribution (len:count):  3:87321  4:48292  5:58975  6:36358  7:58121  8:33015  9:59626  10:32247  11:55687  12:30072  13:49121  14:27545  15:39628  16:26319  17:32373  18:20972  19:27510  20:17247  21:17760  22:15297  23:13707  24:14933  25:12396  26:15583  27:11863  28:17395  29:11704  30:17896  31:12395  32:17216  33:11862  34:15819  35:11459  36:13046  37:10194  38:10344  39:8104  40:8139  41:6769  42:6000  43:5033  44:5077  45:3963  46:3720  47:3456  48:2871  49:2663  50:2321  51:2168  52:1981  53:1813  54:1693  55:1597  56:1488  57:1344  58:1172  59:1122  60:1025  61:904  62:871  63:814  64:834  65:767  66:626  67:663  68:607  69:568  70:524  71:545  72:489  73:428  74:436  75:441  76:375  77:319  78:357  79:299  80:304  81:282  82:274  83:213  84:203  85:208  86:189  87:193  88:179  89:159  90:153  91:146  92:153  93:110  94:115  95:107  96:113  97:98  98:81  99:92  100:91  101:100  102:69  103:62  104:60  105:53  106:53  107:55  108:63  109:50  110:63  111:44  112:45  113:43  114:49  115:38  116:32  117:45  118:31  119:36  120:28  121:37  122:28  123:24  124:20  125:19  126:32  127:29  128:26  129:15  130:19  131:30  132:11  133:22  134:9  135:11  136:14  137:18  138:15  139:6  140:8  141:14  142:16  143:8  144:10  145:14  146:12  147:8  148:11  149:7  150:9  151:6  152:12  153:9  154:13  155:7  156:5  157:6  158:3  159:8  160:4  161:7  162:11  163:6  164:11  165:3  166:5  167:7  168:4  169:5  170:6  171:3  172:4  173:3  174:9  175:4  176:1  177:4  178:5  179:7  180:4  181:4  182:2  183:6  184:7  185:4  186:2  187:3  188:2  189:2  191:1  192:1  193:3  194:3  195:2  197:2  198:2  199:4  201:1  203:1  206:2  208:2  209:1  211:2  213:2  214:1  218:2  219:2  221:1  223:1  229:2  235:1  240:1
  short unary avg len: 2.00
1632.159675,9.221785,396.941687
[PASSED]
[time 2.74 s, user 2.56 s, sys 0.16 s, maxrss 226984 KB]
[busy 286 jiffies]
[exit 0]
--- c2 case 2 rec 2   load 0.81 0.82 0.87
[TEST C2-MARISA]
Processing dataset...
Done!
Building trie...
trie size: 2.484302 MB
trie size: 4.015308 MB
trie size: 1.015766 MB
Done!
build time: 1756.926284 ms (1756.926284 ns per key)
space cost: 8.714260 MB (25.509912% of original size 34.160291 MB)
Querying trie...
Done!
total time: 388.473890 ms, avg latency: 388.473890 ns
topology: 1.481594 MB, link: 3.266720 MB, data: 3.945438 MB
--- Unary Path Analysis (Marisa, cutoff=3) ---
  branches: 1657128  |  single-char: 447774 (27.0%)  short-unary: 128432 (7.8%)  links: 1080922 (65.2%)
  link len: avg=17.77  max=240  total_chars=19212544
  link length distribution (len:count):  3:87321  4:48292  5:58975  6:36358  7:58121  8:33015  9:59626  10:32247  11:55687  12:30072  13:49121  14:27545  15:39628  16:26319  17:32373  18:20972  19:27510  20:17247  21:17760  22:15297  23:13707  24:14933  25:12396  26:15583  27:11863  28:17395  29:11704  30:17896  31:12395  32:17216  33:11862  34:15819  35:11459  36:13046  37:10194  38:10344  39:8104  40:8139  41:6769  42:6000  43:5033  44:5077  45:3963  46:3720  47:3456  48:2871  49:2663  50:2321  51:2168  52:1981  53:1813  54:1693  55:1597  56:1488  57:1344  58:1172  59:1122  60:1025  61:904  62:871  63:814  64:834  65:767  66:626  67:663  68:607  69:568  70:524  71:545  72:489  73:428  74:436  75:441  76:375  77:319  78:357  79:299  80:304  81:282  82:274  83:213  84:203  85:208  86:189  87:193  88:179  89:159  90:153  91:146  92:153  93:110  94:115  95:107  96:113  97:98  98:81  99:92  100:91  101:100  102:69  103:62  104:60  105:53  106:53  107:55  108:63  109:50  110:63  111:44  112:45  113:43  114:49  115:38  116:32  117:45  118:31  119:36  120:28  121:37  122:28  123:24  124:20  125:19  126:32  127:29  128:26  129:15  130:19  131:30  132:11  133:22  134:9  135:11  136:14  137:18  138:15  139:6  140:8  141:14  142:16  143:8  144:10  145:14  146:12  147:8  148:11  149:7  150:9  151:6  152:12  153:9  154:13  155:7  156:5  157:6  158:3  159:8  160:4  161:7  162:11  163:6  164:11  165:3  166:5  167:7  168:4  169:5  170:6  171:3  172:4  173:3  174:9  175:4  176:1  177:4  178:5  179:7  180:4  181:4  182:2  183:6  184:7  185:4  186:2  187:3  188:2  189:2  191:1  192:1  193:3  194:3  195:2  197:2  198:2  199:4  201:1  203:1  206:2  208:2  209:1  211:2  213:2  214:1  218:2  219:2  221:1  223:1  229:2  235:1  240:1
  short unary avg len: 2.00
1756.926284,8.714260,388.473890
[PASSED]
[time 2.85 s, user 2.69 s, sys 0.14 s, maxrss 227208 KB]
[busy 295 jiffies]
[exit 0]
--- c2 case 3 rec 0   load 0.81 0.82 0.87
[TEST FST]
Processing dataset...
Done!
Building trie...
Done!
build time: 1166.283510 ms (1166.283510 ns per key)
space cost: 15.406425 MB (45.100393% of original size 34.160291 MB)
Querying trie...
Done!
total time: 1201.363170 ms, avg latency: 1201.363170 ns
not implemented
1166.283510,15.406425,1201.363170
[PASSED]
[time 3.09 s, user 2.98 s, sys 0.10 s, maxrss 177096 KB]
[busy 316 jiffies]
[exit 0]
--- c2 case 4 rec 0   skipped: exit 134 in round 1
--- c2 case 5 rec 0   load 0.82 0.82 0.88
[TEST MARISA]
Processing dataset...
Done!
Building trie...
Done!
build time: 770.147648 ms (770.147648 ns per key)
space cost: 14.925114 MB (43.691413% of original size 34.160291 MB)
Querying trie...
Done!
total time: 698.282489 ms, avg latency: 698.282489 ns
not implemented
770.147648,14.925114,698.282489
[PASSED]
[time 2.17 s, user 1.99 s, sys 0.16 s, maxrss 231076 KB]
[busy 233 jiffies]
[exit 0]
--- c2 case 5 rec 1   load 0.84 0.82 0.88
[TEST MARISA]
Processing dataset...
Done!
Building trie...
Done!
build time: 954.394784 ms (954.394784 ns per key)
space cost: 9.445531 MB (27.650616% of original size 34.160291 MB)
Querying trie...
Done!
total time: 1103.510282 ms, avg latency: 1103.510282 ns
not implemented
954.394784,9.445531,1103.510282
[PASSED]
[time 2.76 s, user 2.60 s, sys 0.14 s, maxrss 231316 KB]
[busy 287 jiffies]
[exit 0]
--- c2 case 5 rec 2   load 0.77 0.81 0.87
[TEST MARISA]
Processing dataset...
Done!
Building trie...
Done!
build time: 1006.011139 ms (1006.011139 ns per key)
space cost: 8.209226 MB (24.031487% of original size 34.160291 MB)
Querying trie...
Done!
total time: 1238.783861 ms, avg latency: 1238.783861 ns
not implemented
1006.011139,8.209226,1238.783861
[PASSED]
[time 2.94 s, user 2.77 s, sys 0.15 s, maxrss 231108 KB]
[busy 316 jiffies]
[exit 0]
--- c2 case 6 rec 0   load 0.77 0.81 0.87
[TEST PDT]
Processing dataset...
Done!
Building trie...
dict size: 149058, stream size: 8676288
Done!
build time: 2766.933354 ms (2766.933354 ns per key)
space cost: 9.692565 MB (28.373778% of original size 34.160291 MB)
Querying trie...
Done!
total time: 783.852107 ms, avg latency: 783.852107 ns
not implemented
2766.933354,9.692565,783.852107
[PASSED]
[time 4.27 s, user 4.05 s, sys 0.20 s, maxrss 238148 KB]
[busy 441 jiffies]
[exit 0]
--- c2 case 7 rec 0   load 0.87 0.83 0.88
[TEST ART]
Processing dataset...
Done!
Building trie...
Done!
build time: 229.541528 ms (229.541528 ns per key)
space cost: 37.032776 MB (108.408843% of original size 34.160291 MB)
Querying trie...
Done!
total time: 581.482115 ms, avg latency: 581.482115 ns
not implemented
229.541528,37.032776,581.482115
[PASSED]
[time 1.54 s, user 1.40 s, sys 0.12 s, maxrss 239164 KB]
[busy 159 jiffies]
[exit 0]
--- c2 case 8 rec 0   load 0.88 0.83 0.88
[TEST CART]
Processing dataset...
Done!
Building trie...
Done!
build time: 290.196524 ms (290.196524 ns per key)
space cost: 17.935776 MB (52.504752% of original size 34.160291 MB)
Querying trie...
Done!
total time: 643.248831 ms, avg latency: 643.248831 ns
not implemented
290.196524,17.935776,643.248831
[PASSED]
[time 1.66 s, user 1.52 s, sys 0.13 s, maxrss 228720 KB]
[busy 174 jiffies]
[exit 0]
--- xcdat 7   load 0.81 0.82 0.87
build time: 827.263240 ms
space cost: 18.793670 MiB (55.016129% of original size 34.160291 MiB)
avg latency: 394.291194 ns
827.263240,18.793670,394.291194
[time 1.94 s, user 1.78 s, sys 0.14 s, maxrss 207192 KB]
[busy 201 jiffies]
[exit 0]
--- xcdat 8   load 0.81 0.82 0.87
build time: 786.416889 ms
space cost: 18.486019 MiB (54.115521% of original size 34.160291 MiB)
avg latency: 373.928308 ns
786.416889,18.486019,373.928308
[time 1.86 s, user 1.69 s, sys 0.16 s, maxrss 207340 KB]
[busy 195 jiffies]
[exit 0]
--- xcdat 15   load 0.74 0.80 0.87
build time: 822.452006 ms
space cost: 22.013930 MiB (64.443041% of original size 34.160291 MiB)
avg latency: 364.847829 ns
822.452006,22.013930,364.847829
[time 1.90 s, user 1.74 s, sys 0.15 s, maxrss 213380 KB]
[busy 198 jiffies]
[exit 0]
--- xcdat 16   load 0.74 0.80 0.87
build time: 778.615294 ms
space cost: 22.860906 MiB (66.922456% of original size 34.160291 MiB)
avg latency: 376.950839 ns
778.615294,22.860906,376.950839
[time 1.87 s, user 1.70 s, sys 0.15 s, maxrss 213476 KB]
[busy 199 jiffies]
[exit 0]

##### titles-zh-1000000 (1000000 lines, 17871822 bytes)   round 3/3   2026-09-20T12:39:43+03:00
--- lexindex dict32   load 0.76 0.81 0.87
1000000 keys
lexindex DictIndex block 32: build 296 ms, size 6.304 MiB (6.610 B/key), latency cold 362.2 ns, then mean 357.1 / min 356.1 ns
296.405,6.303927,362.181
[time 2.25 s, user 4.02 s, sys 0.26 s, maxrss 253760 KB]
[busy 444 jiffies]
[exit 0]
--- lexindex dict256   load 0.76 0.81 0.87
1000000 keys
lexindex DictIndex block 256: build 306 ms, size 5.979 MiB (6.270 B/key), latency cold 401.1 ns, then mean 398.9 / min 396.8 ns
306.243,5.979468,401.141
[time 2.40 s, user 4.22 s, sys 0.27 s, maxrss 251164 KB]
[busy 465 jiffies]
[exit 0]
--- lexindex dict1024   load 0.94 0.84 0.88
1000000 keys
lexindex DictIndex block 1024: build 330 ms, size 5.834 MiB (6.117 B/key), latency cold 466.2 ns, then mean 462.2 / min 461.5 ns
329.995,5.833808,466.155
[time 2.69 s, user 3.78 s, sys 0.21 s, maxrss 249932 KB]
[busy 414 jiffies]
[exit 0]
--- lexindex string   load 0.95 0.85 0.88
1000000 keys
lexindex StringIndex: build 776 ms, size 16.712 MiB (17.523 B/key), latency cold 381.1 ns, then mean 376.1 / min 369.8 ns
775.539,16.711605,381.118
[time 2.78 s, user 2.67 s, sys 0.09 s, maxrss 151932 KB]
[busy 290 jiffies]
[exit 0]
--- c2 case 0 rec 0   load 0.87 0.83 0.88
[TEST C2-FST]
Processing dataset...
Done!
Building trie...
Done!
build time: 664.762822 ms (664.762822 ns per key)
space cost: 9.315402 MB (57.894796% of original size 16.090223 MB)
Querying trie...
Done!
total time: 428.606688 ms, avg latency: 428.606688 ns
topology: 1.013481 MB, link: 1.860200 MB, data: 6.441721 MB
--- Unary Path Analysis (FST, cutoff=4) ---
  shared unary steps in main trie: 533155
  terminal suffixes: inplace=237541 (avg len=1.85)  links=651614 (73.3% of terminal)
  link len: avg=9.49  max=219  total_chars=6184530
  link length distribution (len:count):  4:101787  5:75109  6:33236  7:70197  8:54797  9:28682  10:45020  11:39800  12:18111  13:26128  14:25316  15:13287  16:18412  17:17629  18:7811  19:11663  20:10322  21:4897  22:7909  23:6587  24:3201  25:5027  26:3953  27:2124  28:3009  29:2707  30:1318  31:2090  32:1807  33:932  34:1302  35:1246  36:576  37:856  38:792  39:335  40:596  41:485  42:228  43:398  44:289  45:126  46:187  47:184  48:83  49:123  50:115  51:56  52:76  53:79  54:43  55:73  56:58  57:28  58:35  59:27  60:9  61:32  62:19  63:18  64:20  65:11  66:19  67:16  68:13  69:6  70:14  71:16  72:6  73:9  74:5  75:5  76:7  77:5  78:2  79:17  80:2  81:7  82:8  83:7  84:3  85:7  86:7  87:3  88:3  89:2  90:4  91:3  92:3  93:1  94:1  95:3  96:5  97:1  98:4  101:2  102:1  103:1  104:1  106:2  107:1  112:2  113:1  115:1  116:1  120:1  121:1  122:1  124:1  130:1  138:1  148:1  151:1  155:2  184:1  188:1  204:1  220:1
664.762822,9.315402,428.606688
[PASSED]
[time 1.57 s, user 1.44 s, sys 0.12 s, maxrss 186164 KB]
[busy 162 jiffies]
[exit 0]
--- c2 case 0 rec 1   load 0.87 0.83 0.88
[TEST C2-FST]
Processing dataset...
Done!
Building trie...
trie size: 2.382156 MB
Done!
build time: 852.182461 ms (852.182461 ns per key)
space cost: 7.814046 MB (48.563937% of original size 16.090223 MB)
Querying trie...
Done!
total time: 431.773672 ms, avg latency: 431.773672 ns
topology: 1.289776 MB, link: 2.002253 MB, data: 4.522017 MB
--- Unary Path Analysis (FST, cutoff=4) ---
  shared unary steps in main trie: 533155
  terminal suffixes: inplace=237541 (avg len=1.85)  links=651614 (73.3% of terminal)
  link len: avg=9.49  max=219  total_chars=6184530
  link length distribution (len:count):  4:101787  5:75109  6:33236  7:70197  8:54797  9:28682  10:45020  11:39800  12:18111  13:26128  14:25316  15:13287  16:18412  17:17629  18:7811  19:11663  20:10322  21:4897  22:7909  23:6587  24:3201  25:5027  26:3953  27:2124  28:3009  29:2707  30:1318  31:2090  32:1807  33:932  34:1302  35:1246  36:576  37:856  38:792  39:335  40:596  41:485  42:228  43:398  44:289  45:126  46:187  47:184  48:83  49:123  50:115  51:56  52:76  53:79  54:43  55:73  56:58  57:28  58:35  59:27  60:9  61:32  62:19  63:18  64:20  65:11  66:19  67:16  68:13  69:6  70:14  71:16  72:6  73:9  74:5  75:5  76:7  77:5  78:2  79:17  80:2  81:7  82:8  83:7  84:3  85:7  86:7  87:3  88:3  89:2  90:4  91:3  92:3  93:1  94:1  95:3  96:5  97:1  98:4  101:2  102:1  103:1  104:1  106:2  107:1  112:2  113:1  115:1  116:1  120:1  121:1  122:1  124:1  130:1  138:1  148:1  151:1  155:2  184:1  188:1  204:1  220:1
852.182461,7.814046,431.773672
[PASSED]
[time 1.78 s, user 1.65 s, sys 0.12 s, maxrss 186192 KB]
[busy 190 jiffies]
[exit 0]
--- c2 case 0 rec 2   load 0.88 0.84 0.88
[TEST C2-FST]
Processing dataset...
Done!
Building trie...
trie size: 2.382156 MB
trie size: 0.519189 MB
Done!
build time: 888.744639 ms (888.744639 ns per key)
space cost: 7.814046 MB (48.563937% of original size 16.090223 MB)
Querying trie...
Done!
total time: 432.855876 ms, avg latency: 432.855876 ns
topology: 1.289776 MB, link: 2.002253 MB, data: 4.522017 MB
--- Unary Path Analysis (FST, cutoff=4) ---
  shared unary steps in main trie: 533155
  terminal suffixes: inplace=237541 (avg len=1.85)  links=651614 (73.3% of terminal)
  link len: avg=9.49  max=219  total_chars=6184530
  link length distribution (len:count):  4:101787  5:75109  6:33236  7:70197  8:54797  9:28682  10:45020  11:39800  12:18111  13:26128  14:25316  15:13287  16:18412  17:17629  18:7811  19:11663  20:10322  21:4897  22:7909  23:6587  24:3201  25:5027  26:3953  27:2124  28:3009  29:2707  30:1318  31:2090  32:1807  33:932  34:1302  35:1246  36:576  37:856  38:792  39:335  40:596  41:485  42:228  43:398  44:289  45:126  46:187  47:184  48:83  49:123  50:115  51:56  52:76  53:79  54:43  55:73  56:58  57:28  58:35  59:27  60:9  61:32  62:19  63:18  64:20  65:11  66:19  67:16  68:13  69:6  70:14  71:16  72:6  73:9  74:5  75:5  76:7  77:5  78:2  79:17  80:2  81:7  82:8  83:7  84:3  85:7  86:7  87:3  88:3  89:2  90:4  91:3  92:3  93:1  94:1  95:3  96:5  97:1  98:4  101:2  102:1  103:1  104:1  106:2  107:1  112:2  113:1  115:1  116:1  120:1  121:1  122:1  124:1  130:1  138:1  148:1  151:1  155:2  184:1  188:1  204:1  220:1
888.744639,7.814046,432.855876
[PASSED]
[time 1.82 s, user 1.69 s, sys 0.11 s, maxrss 186528 KB]
[busy 187 jiffies]
[exit 0]
--- c2 case 1 rec 0   load 0.88 0.84 0.88
[TEST C2-CoCo(LOUDS-Sparse)]
Processing dataset...
Done!
Building trie...
Done!
build time: 1631.548928 ms (1631.548928 ns per key)
space cost: 10.076944 MB (62.627748% of original size 16.090223 MB)
Querying trie...
Done!
total time: 616.849707 ms, avg latency: 616.849707 ns
topology: 0.428116 MB, link: 2.771456 MB, data: 6.877373 MB
1631.548928,10.076944,616.849707
[PASSED]
[time 2.74 s, user 2.54 s, sys 0.18 s, maxrss 343744 KB]
[busy 285 jiffies]
[exit 0]
--- c2 case 1 rec 1   load 0.89 0.84 0.88
[TEST C2-CoCo(LOUDS-Sparse)]
Processing dataset...
Done!
Building trie...
trie size: 2.382156 MB
Done!
build time: 1813.970412 ms (1813.970412 ns per key)
space cost: 8.575588 MB (53.296888% of original size 16.090223 MB)
Querying trie...
Done!
total time: 635.786563 ms, avg latency: 635.786563 ns
topology: 0.704411 MB, link: 2.913508 MB, data: 4.957669 MB
1813.970412,8.575588,635.786563
[PASSED]
[time 2.95 s, user 2.74 s, sys 0.19 s, maxrss 343508 KB]
[busy 306 jiffies]
[exit 0]
--- c2 case 1 rec 2   load 0.90 0.84 0.88
[TEST C2-CoCo(LOUDS-Sparse)]
Processing dataset...
Done!
Building trie...
trie size: 2.382156 MB
trie size: 0.519189 MB
Done!
build time: 1863.124229 ms (1863.124229 ns per key)
space cost: 8.575588 MB (53.296888% of original size 16.090223 MB)
Querying trie...
Done!
total time: 635.906188 ms, avg latency: 635.906188 ns
topology: 0.704411 MB, link: 2.913508 MB, data: 4.957669 MB
1863.124229,8.575588,635.906188
[PASSED]
[time 2.99 s, user 2.78 s, sys 0.19 s, maxrss 343776 KB]
[busy 311 jiffies]
[exit 0]
--- c2 case 2 rec 0   load 0.83 0.83 0.88
[TEST C2-MARISA]
Processing dataset...
Done!
Building trie...
trie size: 2.376703 MB
Done!
build time: 722.289376 ms (722.289376 ns per key)
space cost: 9.316646 MB (57.902525% of original size 16.090223 MB)
Querying trie...
Done!
total time: 326.873096 ms, avg latency: 326.873096 ns
topology: 0.787403 MB, link: 2.444094 MB, data: 6.064641 MB
--- Unary Path Analysis (Marisa, cutoff=3) ---
  branches: 1581104  |  single-char: 512959 (32.4%)  short-unary: 177539 (11.2%)  links: 890606 (56.3%)
  link len: avg=9.57  max=221  total_chars=8521548
  link length distribution (len:count):  3:117743  4:70413  5:118917  6:85174  7:37680  8:75877  9:57977  10:30193  11:47337  12:41279  13:18765  14:27062  15:25994  16:13620  17:18901  18:18001  19:8082  20:11948  21:10483  22:5017  23:8072  24:6695  25:3249  26:5099  27:4017  28:2164  29:3054  30:2749  31:1341  32:2116  33:1821  34:942  35:1314  36:1256  37:587  38:865  39:798  40:341  41:600  42:486  43:231  44:401  45:290  46:126  47:187  48:184  49:84  50:123  51:115  52:56  53:77  54:82  55:43  56:74  57:60  58:29  59:35  60:27  61:10  62:32  63:19  64:19  65:20  66:11  67:19  68:16  69:13  70:6  71:14  72:16  73:6  74:9  75:5  76:5  77:7  78:5  79:2  80:17  81:2  82:7  83:8  84:7  85:3  86:7  87:7  88:3  89:3  90:2  91:4  92:3  93:3  94:1  95:1  96:4  97:5  98:1  99:4  102:2  103:1  104:1  105:1  107:2  108:1  113:2  114:1  116:1  117:1  121:1  122:1  123:1  125:1  131:1  139:1  149:1  152:1  156:2  185:1  189:1  205:1  221:1
  short unary avg len: 2.00
722.289376,9.316646,326.873096
[PASSED]
[time 1.53 s, user 1.37 s, sys 0.14 s, maxrss 216536 KB]
[busy 159 jiffies]
[exit 0]
--- c2 case 2 rec 1   load 0.83 0.83 0.88
[TEST C2-MARISA]
Processing dataset...
Done!
Building trie...
trie size: 2.376703 MB
trie size: 3.200656 MB
Done!
build time: 945.265062 ms (945.265062 ns per key)
space cost: 7.215687 MB (44.845163% of original size 16.090223 MB)
Querying trie...
Done!
total time: 284.917241 ms, avg latency: 284.917241 ns
topology: 1.146584 MB, link: 2.476871 MB, data: 3.571725 MB
--- Unary Path Analysis (Marisa, cutoff=3) ---
  branches: 1581104  |  single-char: 512959 (32.4%)  short-unary: 177539 (11.2%)  links: 890606 (56.3%)
  link len: avg=9.57  max=221  total_chars=8521548
  link length distribution (len:count):  3:117743  4:70413  5:118917  6:85174  7:37680  8:75877  9:57977  10:30193  11:47337  12:41279  13:18765  14:27062  15:25994  16:13620  17:18901  18:18001  19:8082  20:11948  21:10483  22:5017  23:8072  24:6695  25:3249  26:5099  27:4017  28:2164  29:3054  30:2749  31:1341  32:2116  33:1821  34:942  35:1314  36:1256  37:587  38:865  39:798  40:341  41:600  42:486  43:231  44:401  45:290  46:126  47:187  48:184  49:84  50:123  51:115  52:56  53:77  54:82  55:43  56:74  57:60  58:29  59:35  60:27  61:10  62:32  63:19  64:19  65:20  66:11  67:19  68:16  69:13  70:6  71:14  72:16  73:6  74:9  75:5  76:5  77:7  78:5  79:2  80:17  81:2  82:7  83:8  84:7  85:3  86:7  87:7  88:3  89:3  90:2  91:4  92:3  93:3  94:1  95:1  96:4  97:5  98:1  99:4  102:2  103:1  104:1  105:1  107:2  108:1  113:2  114:1  116:1  117:1  121:1  122:1  123:1  125:1  131:1  139:1  149:1  152:1  156:2  185:1  189:1  205:1  221:1
  short unary avg len: 2.00
945.265062,7.215687,284.917241
[PASSED]
[time 1.73 s, user 1.58 s, sys 0.14 s, maxrss 216292 KB]
[busy 183 jiffies]
[exit 0]
--- c2 case 2 rec 2   load 0.84 0.83 0.88
[TEST C2-MARISA]
Processing dataset...
Done!
Building trie...
trie size: 2.376703 MB
trie size: 3.200656 MB
trie size: 0.643222 MB
Done!
build time: 1025.978653 ms (1025.978653 ns per key)
space cost: 7.215687 MB (44.845163% of original size 16.090223 MB)
Querying trie...
Done!
total time: 283.117828 ms, avg latency: 283.117828 ns
topology: 1.146584 MB, link: 2.476871 MB, data: 3.571725 MB
--- Unary Path Analysis (Marisa, cutoff=3) ---
  branches: 1581104  |  single-char: 512959 (32.4%)  short-unary: 177539 (11.2%)  links: 890606 (56.3%)
  link len: avg=9.57  max=221  total_chars=8521548
  link length distribution (len:count):  3:117743  4:70413  5:118917  6:85174  7:37680  8:75877  9:57977  10:30193  11:47337  12:41279  13:18765  14:27062  15:25994  16:13620  17:18901  18:18001  19:8082  20:11948  21:10483  22:5017  23:8072  24:6695  25:3249  26:5099  27:4017  28:2164  29:3054  30:2749  31:1341  32:2116  33:1821  34:942  35:1314  36:1256  37:587  38:865  39:798  40:341  41:600  42:486  43:231  44:401  45:290  46:126  47:187  48:184  49:84  50:123  51:115  52:56  53:77  54:82  55:43  56:74  57:60  58:29  59:35  60:27  61:10  62:32  63:19  64:19  65:20  66:11  67:19  68:16  69:13  70:6  71:14  72:16  73:6  74:9  75:5  76:5  77:7  78:5  79:2  80:17  81:2  82:7  83:8  84:7  85:3  86:7  87:7  88:3  89:3  90:2  91:4  92:3  93:3  94:1  95:1  96:4  97:5  98:1  99:4  102:2  103:1  104:1  105:1  107:2  108:1  113:2  114:1  116:1  117:1  121:1  122:1  123:1  125:1  131:1  139:1  149:1  152:1  156:2  185:1  189:1  205:1  221:1
  short unary avg len: 2.00
1025.978653,7.215687,283.117828
[PASSED]
[time 1.80 s, user 1.64 s, sys 0.15 s, maxrss 216324 KB]
[busy 187 jiffies]
[exit 0]
--- c2 case 3 rec 0   load 0.84 0.83 0.88
[TEST FST]
Processing dataset...
Done!
Building trie...
Done!
build time: 667.014514 ms (667.014514 ns per key)
space cost: 9.251146 MB (57.495450% of original size 16.090223 MB)
Querying trie...
Done!
total time: 600.751577 ms, avg latency: 600.751577 ns
not implemented
667.014514,9.251146,600.751577
[PASSED]
[time 1.76 s, user 1.68 s, sys 0.07 s, maxrss 110724 KB]
[busy 182 jiffies]
[exit 0]
--- c2 case 4 rec 0   skipped: exit 134 in round 1
--- c2 case 5 rec 0   load 0.86 0.83 0.88
[TEST MARISA]
Processing dataset...
Done!
Building trie...
Done!
build time: 531.102755 ms (531.102755 ns per key)
space cost: 9.064179 MB (56.333459% of original size 16.090223 MB)
Querying trie...
Done!
total time: 461.924408 ms, avg latency: 461.924408 ns
not implemented
531.102755,9.064179,461.924408
[PASSED]
[time 1.49 s, user 1.36 s, sys 0.12 s, maxrss 182072 KB]
[busy 154 jiffies]
[exit 0]
--- c2 case 5 rec 1   load 0.86 0.83 0.88
[TEST MARISA]
Processing dataset...
Done!
Building trie...
Done!
build time: 649.011142 ms (649.011142 ns per key)
space cost: 6.703102 MB (41.659472% of original size 16.090223 MB)
Querying trie...
Done!
total time: 679.477892 ms, avg latency: 679.477892 ns
not implemented
649.011142,6.703102,679.477892
[PASSED]
[time 1.82 s, user 1.69 s, sys 0.12 s, maxrss 182372 KB]
[busy 189 jiffies]
[exit 0]
--- c2 case 5 rec 2   load 0.87 0.84 0.88
[TEST MARISA]
Processing dataset...
Done!
Building trie...
Done!
build time: 673.903393 ms (673.903393 ns per key)
space cost: 6.233802 MB (38.742793% of original size 16.090223 MB)
Querying trie...
Done!
total time: 757.269890 ms, avg latency: 757.269890 ns
not implemented
673.903393,6.233802,757.269890
[PASSED]
[time 1.92 s, user 1.77 s, sys 0.13 s, maxrss 182240 KB]
[busy 199 jiffies]
[exit 0]
--- c2 case 6 rec 0   load 0.80 0.82 0.87
[TEST PDT]
Processing dataset...
Done!
Building trie...
dict size: 161960, stream size: 6363323
Done!
build time: 3143.347976 ms (3143.347976 ns per key)
space cost: 7.499054 MB (46.606276% of original size 16.090223 MB)
Querying trie...
Done!
total time: 641.788706 ms, avg latency: 641.788706 ns
not implemented
3143.347976,7.499054,641.788706
[PASSED]
[time 4.28 s, user 4.16 s, sys 0.10 s, maxrss 166744 KB]
[busy 444 jiffies]
[exit 0]
--- c2 case 7 rec 0   load 0.73 0.81 0.87
[TEST ART]
Processing dataset...
Done!
Building trie...
Done!
build time: 133.668281 ms (133.668281 ns per key)
space cost: 33.565483 MB (208.607938% of original size 16.090223 MB)
Querying trie...
Done!
total time: 348.648419 ms, avg latency: 348.648419 ns
not implemented
133.668281,33.565483,348.648419
[PASSED]
[time 0.99 s, user 0.90 s, sys 0.09 s, maxrss 155716 KB]
[busy 105 jiffies]
[exit 0]
--- c2 case 8 rec 0   load 0.73 0.81 0.87
[TEST CART]
Processing dataset...
Done!
Building trie...
Done!
build time: 185.059735 ms (185.059735 ns per key)
space cost: 15.100161 MB (93.846806% of original size 16.090223 MB)
Querying trie...
Done!
total time: 421.000061 ms, avg latency: 421.000061 ns
not implemented
185.059735,15.100161,421.000061
[PASSED]
[time 1.12 s, user 1.02 s, sys 0.09 s, maxrss 147036 KB]
[busy 118 jiffies]
[exit 0]
--- xcdat 7   load 0.73 0.81 0.87
build time: 549.001399 ms
space cost: 11.666194 MiB (72.504860% of original size 16.090223 MiB)
avg latency: 224.238439 ns
549.001399,11.666194,224.238439
[time 1.27 s, user 1.17 s, sys 0.10 s, maxrss 148152 KB]
[busy 133 jiffies]
[exit 0]
--- xcdat 8   load 0.75 0.81 0.87
build time: 511.983115 ms
space cost: 11.129195 MiB (69.167438% of original size 16.090223 MiB)
avg latency: 215.438619 ns
511.983115,11.129195,215.438619
[time 1.23 s, user 1.11 s, sys 0.11 s, maxrss 147876 KB]
[busy 129 jiffies]
[exit 0]
--- xcdat 15   load 0.75 0.81 0.87
build time: 536.495562 ms
space cost: 12.949578 MiB (80.481035% of original size 16.090223 MiB)
avg latency: 193.970634 ns
536.495562,12.949578,193.970634
[time 1.23 s, user 1.13 s, sys 0.09 s, maxrss 148608 KB]
[busy 129 jiffies]
[exit 0]
--- xcdat 16   load 0.77 0.82 0.87
build time: 508.777770 ms
space cost: 13.463712 MiB (83.676351% of original size 16.090223 MiB)
avg latency: 206.497932 ns
508.777770,13.463712,206.497932
[time 1.22 s, user 1.12 s, sys 0.09 s, maxrss 149524 KB]
[busy 126 jiffies]
[exit 0]

##### urls-1000000 (1000000 lines, 53361181 bytes)   round 3/3   2026-09-20T12:40:55+03:00
--- lexindex dict32   load 0.77 0.82 0.87
1000000 keys
lexindex DictIndex block 32: build 402 ms, size 8.414 MiB (8.823 B/key), latency cold 452.8 ns, then mean 446.6 / min 446.1 ns
401.768,8.414411,452.846
[time 2.77 s, user 5.21 s, sys 0.34 s, maxrss 323948 KB]
[busy 575 jiffies]
[exit 0]
--- lexindex dict256   load 0.79 0.82 0.87
1000000 keys
lexindex DictIndex block 256: build 405 ms, size 7.163 MiB (7.511 B/key), latency cold 489.0 ns, then mean 488.1 / min 484.2 ns
404.720,7.163084,489.028
[time 2.94 s, user 5.47 s, sys 0.35 s, maxrss 320928 KB]
[busy 606 jiffies]
[exit 0]
--- lexindex dict1024   load 0.81 0.82 0.87
1000000 keys
lexindex DictIndex block 1024: build 440 ms, size 6.934 MiB (7.271 B/key), latency cold 554.9 ns, then mean 552.2 / min 550.3 ns
439.897,6.934203,554.933
[time 3.23 s, user 4.79 s, sys 0.28 s, maxrss 326820 KB]
[busy 527 jiffies]
[exit 0]
--- lexindex string   load 0.74 0.81 0.87
1000000 keys
lexindex StringIndex: build 1135 ms, size 16.099 MiB (16.881 B/key), latency cold 603.0 ns, then mean 603.0 / min 599.7 ns
1134.919,16.099341,603.007
[time 4.11 s, user 3.97 s, sys 0.12 s, maxrss 219712 KB]
[busy 427 jiffies]
[exit 0]
--- c2 case 0 rec 0   load 0.68 0.80 0.86
[TEST C2-FST]
Processing dataset...
Done!
Building trie...
Done!
build time: 1203.437509 ms (1203.437509 ns per key)
space cost: 11.640069 MB (23.310202% of original size 49.935513 MB)
Querying trie...
Done!
total time: 809.166883 ms, avg latency: 809.166883 ns
topology: 1.074997 MB, link: 2.347375 MB, data: 8.217697 MB
--- Unary Path Analysis (FST, cutoff=4) ---
  shared unary steps in main trie: 711966
  terminal suffixes: inplace=143732 (avg len=2.14)  links=800966 (84.8% of terminal)
  link len: avg=13.15  max=596  total_chars=10531952
  link length distribution (len:count):  4:63058  5:62039  6:59659  7:54131  8:47449  9:44821  10:40952  11:37727  12:34320  13:30594  14:29226  15:26885  16:26206  17:21450  18:19914  19:21120  20:19131  21:16702  22:14529  23:13405  24:12440  25:10970  26:9615  27:8669  28:7752  29:7002  30:6267  31:5704  32:4931  33:4493  34:4087  35:3562  36:3323  37:3007  38:2533  39:2401  40:2145  41:1856  42:1793  43:1565  44:1379  45:1246  46:1005  47:985  48:849  49:826  50:642  51:609  52:482  53:442  54:385  55:389  56:339  57:263  58:263  59:238  60:228  61:217  62:184  63:166  64:151  65:119  66:125  67:156  68:131  69:105  70:94  71:74  72:74  73:77  74:67  75:66  76:74  77:39  78:49  79:44  80:45  81:42  82:48  83:36  84:31  85:34  86:39  87:18  88:23  89:15  90:18  91:31  92:24  93:20  94:16  95:16  96:16  97:12  98:16  99:14  100:17  101:16  102:2  103:18  104:4  105:3  106:10  107:11  108:9  109:19  110:13  111:7  112:6  113:5  114:3  115:8  116:5  117:6  118:7  119:10  120:11  121:9  122:10  123:8  124:9  125:7  126:5  127:7  128:18  129:5  130:4  131:10  132:3  133:4  134:4  135:4  136:3  137:4  139:2  140:3  141:2  142:2  143:4  144:7  145:1  146:5  147:5  148:1  149:4  150:4  152:1  153:6  154:3  155:1  156:2  157:1  158:1  159:1  161:2  162:1  163:2  164:1  165:1  166:1  167:3  168:3  170:1  174:1  177:2  180:3  182:2  183:1  184:2  188:1  189:3  190:1  191:1  192:1  193:1  194:1  195:2  199:1  202:2  204:2  206:1  207:1  209:2  211:1  213:1  215:2  219:1  220:1  222:1  224:1  225:1  226:1  229:1  233:1  236:1  238:2  240:1  241:1  246:1  247:1  249:1  252:1  254:1  256:1  260:1  264:1  271:1  311:1  337:1  383:1  506:1  597:1
1203.437509,11.640069,809.166883
[PASSED]
[time 2.80 s, user 2.62 s, sys 0.16 s, maxrss 231468 KB]
[busy 285 jiffies]
[exit 0]
--- c2 case 0 rec 1   load 0.68 0.80 0.86
[TEST C2-FST]
Processing dataset...
Done!
Building trie...
trie size: 3.124794 MB
Done!
build time: 1545.518282 ms (1545.518282 ns per key)
space cost: 9.773470 MB (19.572183% of original size 49.935513 MB)
Querying trie...
Done!
total time: 973.694051 ms, avg latency: 973.694051 ns
topology: 1.480076 MB, link: 2.557474 MB, data: 5.735920 MB
--- Unary Path Analysis (FST, cutoff=4) ---
  shared unary steps in main trie: 711966
  terminal suffixes: inplace=143732 (avg len=2.14)  links=800966 (84.8% of terminal)
  link len: avg=13.15  max=596  total_chars=10531952
  link length distribution (len:count):  4:63058  5:62039  6:59659  7:54131  8:47449  9:44821  10:40952  11:37727  12:34320  13:30594  14:29226  15:26885  16:26206  17:21450  18:19914  19:21120  20:19131  21:16702  22:14529  23:13405  24:12440  25:10970  26:9615  27:8669  28:7752  29:7002  30:6267  31:5704  32:4931  33:4493  34:4087  35:3562  36:3323  37:3007  38:2533  39:2401  40:2145  41:1856  42:1793  43:1565  44:1379  45:1246  46:1005  47:985  48:849  49:826  50:642  51:609  52:482  53:442  54:385  55:389  56:339  57:263  58:263  59:238  60:228  61:217  62:184  63:166  64:151  65:119  66:125  67:156  68:131  69:105  70:94  71:74  72:74  73:77  74:67  75:66  76:74  77:39  78:49  79:44  80:45  81:42  82:48  83:36  84:31  85:34  86:39  87:18  88:23  89:15  90:18  91:31  92:24  93:20  94:16  95:16  96:16  97:12  98:16  99:14  100:17  101:16  102:2  103:18  104:4  105:3  106:10  107:11  108:9  109:19  110:13  111:7  112:6  113:5  114:3  115:8  116:5  117:6  118:7  119:10  120:11  121:9  122:10  123:8  124:9  125:7  126:5  127:7  128:18  129:5  130:4  131:10  132:3  133:4  134:4  135:4  136:3  137:4  139:2  140:3  141:2  142:2  143:4  144:7  145:1  146:5  147:5  148:1  149:4  150:4  152:1  153:6  154:3  155:1  156:2  157:1  158:1  159:1  161:2  162:1  163:2  164:1  165:1  166:1  167:3  168:3  170:1  174:1  177:2  180:3  182:2  183:1  184:2  188:1  189:3  190:1  191:1  192:1  193:1  194:1  195:2  199:1  202:2  204:2  206:1  207:1  209:2  211:1  213:1  215:2  219:1  220:1  222:1  224:1  225:1  226:1  229:1  233:1  236:1  238:2  240:1  241:1  246:1  247:1  249:1  252:1  254:1  256:1  260:1  264:1  271:1  311:1  337:1  383:1  506:1  597:1
1545.518282,9.773470,973.694051
[PASSED]
[time 3.32 s, user 3.12 s, sys 0.18 s, maxrss 228072 KB]
[busy 345 jiffies]
[exit 0]
--- c2 case 0 rec 2   load 0.71 0.80 0.86
[TEST C2-FST]
Processing dataset...
Done!
Building trie...
trie size: 3.124794 MB
trie size: 0.926831 MB
Done!
build time: 1686.143762 ms (1686.143762 ns per key)
space cost: 9.773470 MB (19.572183% of original size 49.935513 MB)
Querying trie...
Done!
total time: 964.461246 ms, avg latency: 964.461246 ns
topology: 1.480076 MB, link: 2.557474 MB, data: 5.735920 MB
--- Unary Path Analysis (FST, cutoff=4) ---
  shared unary steps in main trie: 711966
  terminal suffixes: inplace=143732 (avg len=2.14)  links=800966 (84.8% of terminal)
  link len: avg=13.15  max=596  total_chars=10531952
  link length distribution (len:count):  4:63058  5:62039  6:59659  7:54131  8:47449  9:44821  10:40952  11:37727  12:34320  13:30594  14:29226  15:26885  16:26206  17:21450  18:19914  19:21120  20:19131  21:16702  22:14529  23:13405  24:12440  25:10970  26:9615  27:8669  28:7752  29:7002  30:6267  31:5704  32:4931  33:4493  34:4087  35:3562  36:3323  37:3007  38:2533  39:2401  40:2145  41:1856  42:1793  43:1565  44:1379  45:1246  46:1005  47:985  48:849  49:826  50:642  51:609  52:482  53:442  54:385  55:389  56:339  57:263  58:263  59:238  60:228  61:217  62:184  63:166  64:151  65:119  66:125  67:156  68:131  69:105  70:94  71:74  72:74  73:77  74:67  75:66  76:74  77:39  78:49  79:44  80:45  81:42  82:48  83:36  84:31  85:34  86:39  87:18  88:23  89:15  90:18  91:31  92:24  93:20  94:16  95:16  96:16  97:12  98:16  99:14  100:17  101:16  102:2  103:18  104:4  105:3  106:10  107:11  108:9  109:19  110:13  111:7  112:6  113:5  114:3  115:8  116:5  117:6  118:7  119:10  120:11  121:9  122:10  123:8  124:9  125:7  126:5  127:7  128:18  129:5  130:4  131:10  132:3  133:4  134:4  135:4  136:3  137:4  139:2  140:3  141:2  142:2  143:4  144:7  145:1  146:5  147:5  148:1  149:4  150:4  152:1  153:6  154:3  155:1  156:2  157:1  158:1  159:1  161:2  162:1  163:2  164:1  165:1  166:1  167:3  168:3  170:1  174:1  177:2  180:3  182:2  183:1  184:2  188:1  189:3  190:1  191:1  192:1  193:1  194:1  195:2  199:1  202:2  204:2  206:1  207:1  209:2  211:1  213:1  215:2  219:1  220:1  222:1  224:1  225:1  226:1  229:1  233:1  236:1  238:2  240:1  241:1  246:1  247:1  249:1  252:1  254:1  256:1  260:1  264:1  271:1  311:1  337:1  383:1  506:1  597:1
1686.143762,9.773470,964.461246
[PASSED]
[time 3.43 s, user 3.25 s, sys 0.16 s, maxrss 228516 KB]
[busy 354 jiffies]
[exit 0]
--- c2 case 1 rec 0   load 0.73 0.80 0.87
[TEST C2-CoCo(LOUDS-Sparse)]
Processing dataset...
Done!
Building trie...
Done!
build time: 2484.907710 ms (2484.907710 ns per key)
space cost: 12.005466 MB (24.041940% of original size 49.935513 MB)
Querying trie...
Done!
total time: 878.899011 ms, avg latency: 878.899011 ns
topology: 0.422745 MB, link: 3.209543 MB, data: 8.373178 MB
2484.907710,12.005466,878.899011
[PASSED]
[time 4.12 s, user 3.89 s, sys 0.21 s, maxrss 407604 KB]
[busy 423 jiffies]
[exit 0]
--- c2 case 1 rec 1   load 0.75 0.81 0.87
[TEST C2-CoCo(LOUDS-Sparse)]
Processing dataset...
Done!
Building trie...
trie size: 3.124794 MB
Done!
build time: 2829.699027 ms (2829.699027 ns per key)
space cost: 10.138867 MB (20.303920% of original size 49.935513 MB)
Querying trie...
Done!
total time: 1017.135100 ms, avg latency: 1017.135100 ns
topology: 0.827824 MB, link: 3.419642 MB, data: 5.891401 MB
2829.699027,10.138867,1017.135100
[PASSED]
[time 4.63 s, user 4.38 s, sys 0.23 s, maxrss 398244 KB]
[busy 477 jiffies]
[exit 0]
--- c2 case 1 rec 2   load 0.77 0.81 0.87
[TEST C2-CoCo(LOUDS-Sparse)]
Processing dataset...
Done!
Building trie...
trie size: 3.124794 MB
trie size: 0.926831 MB
Done!
build time: 2961.834588 ms (2961.834588 ns per key)
space cost: 10.138867 MB (20.303920% of original size 49.935513 MB)
Querying trie...
Done!
total time: 1028.644754 ms, avg latency: 1028.644754 ns
topology: 0.827824 MB, link: 3.419642 MB, data: 5.891401 MB
2961.834588,10.138867,1028.644754
[PASSED]
[time 4.79 s, user 4.53 s, sys 0.23 s, maxrss 398080 KB]
[busy 493 jiffies]
[exit 0]
--- c2 case 2 rec 0   load 0.79 0.81 0.87
[TEST C2-MARISA]
Processing dataset...
Done!
Building trie...
trie size: 2.244002 MB
Done!
build time: 1184.676793 ms (1184.676793 ns per key)
space cost: 10.960715 MB (21.949740% of original size 49.935513 MB)
Querying trie...
Done!
total time: 450.362494 ms, avg latency: 450.362494 ns
topology: 0.743214 MB, link: 2.809175 MB, data: 7.387818 MB
--- Unary Path Analysis (Marisa, cutoff=3) ---
  branches: 1527762  |  single-char: 409800 (26.8%)  short-unary: 94203 (6.2%)  links: 1023759 (67.0%)
  link len: avg=12.97  max=598  total_chars=13282609
  link length distribution (len:count):  3:78091  4:83418  5:77115  6:71727  7:67342  8:60401  9:52007  10:48612  11:43341  12:39688  13:35797  14:31899  15:30173  16:27648  17:26857  18:22212  19:20563  20:21642  21:19617  22:17114  23:14842  24:13684  25:12695  26:11175  27:9829  28:8848  29:7935  30:7132  31:6445  32:5847  33:5055  34:4589  35:4148  36:3637  37:3382  38:3086  39:2567  40:2441  41:2168  42:1886  43:1827  44:1585  45:1405  46:1260  47:1016  48:995  49:861  50:844  51:650  52:616  53:486  54:450  55:392  56:393  57:345  58:266  59:265  60:240  61:230  62:219  63:185  64:166  65:151  66:119  67:125  68:158  69:131  70:105  71:94  72:74  73:75  74:77  75:68  76:66  77:74  78:40  79:49  80:44  81:45  82:43  83:48  84:36  85:31  86:35  87:40  88:19  89:24  90:15  91:18  92:31  93:24  94:20  95:16  96:16  97:16  98:12  99:16  100:14  101:17  102:16  103:2  104:18  105:4  106:3  107:10  108:11  109:9  110:19  111:13  112:7  113:6  114:5  115:3  116:8  117:5  118:6  119:8  120:10  121:11  122:9  123:10  124:8  125:9  126:7  127:5  128:7  129:18  130:5  131:4  132:10  133:3  134:4  135:4  136:4  137:4  138:4  140:2  141:3  142:2  143:2  144:4  145:7  146:1  147:5  148:5  149:1  150:4  151:4  153:1  154:6  155:3  156:1  157:2  158:1  159:1  160:1  162:2  163:1  164:2  165:1  166:1  167:1  168:3  169:3  171:1  175:1  178:2  181:3  183:2  184:1  185:2  189:1  190:3  191:1  192:1  193:1  194:1  195:1  196:2  200:1  203:2  205:2  207:1  208:1  210:2  212:1  214:1  216:2  220:1  221:1  223:1  225:1  226:1  227:1  230:1  234:1  237:1  239:2  241:1  242:1  247:1  248:1  250:1  253:1  255:1  257:1  261:1  265:1  272:1  312:1  338:1  384:1  507:1  598:1
  short unary avg len: 2.00
1184.676793,10.960715,450.362494
[PASSED]
[time 2.42 s, user 2.24 s, sys 0.17 s, maxrss 247008 KB]
[busy 248 jiffies]
[exit 0]
--- c2 case 2 rec 1   load 0.81 0.82 0.87
[TEST C2-MARISA]
Processing dataset...
Done!
Building trie...
trie size: 2.244002 MB
trie size: 3.864603 MB
Done!
build time: 1599.161868 ms (1599.161868 ns per key)
space cost: 8.779989 MB (17.582655% of original size 49.935513 MB)
Querying trie...
Done!
total time: 628.925165 ms, avg latency: 628.925165 ns
topology: 1.217873 MB, link: 3.069385 MB, data: 4.472224 MB
--- Unary Path Analysis (Marisa, cutoff=3) ---
  branches: 1527762  |  single-char: 409800 (26.8%)  short-unary: 94203 (6.2%)  links: 1023759 (67.0%)
  link len: avg=12.97  max=598  total_chars=13282609
  link length distribution (len:count):  3:78091  4:83418  5:77115  6:71727  7:67342  8:60401  9:52007  10:48612  11:43341  12:39688  13:35797  14:31899  15:30173  16:27648  17:26857  18:22212  19:20563  20:21642  21:19617  22:17114  23:14842  24:13684  25:12695  26:11175  27:9829  28:8848  29:7935  30:7132  31:6445  32:5847  33:5055  34:4589  35:4148  36:3637  37:3382  38:3086  39:2567  40:2441  41:2168  42:1886  43:1827  44:1585  45:1405  46:1260  47:1016  48:995  49:861  50:844  51:650  52:616  53:486  54:450  55:392  56:393  57:345  58:266  59:265  60:240  61:230  62:219  63:185  64:166  65:151  66:119  67:125  68:158  69:131  70:105  71:94  72:74  73:75  74:77  75:68  76:66  77:74  78:40  79:49  80:44  81:45  82:43  83:48  84:36  85:31  86:35  87:40  88:19  89:24  90:15  91:18  92:31  93:24  94:20  95:16  96:16  97:16  98:12  99:16  100:14  101:17  102:16  103:2  104:18  105:4  106:3  107:10  108:11  109:9  110:19  111:13  112:7  113:6  114:5  115:3  116:8  117:5  118:6  119:8  120:10  121:11  122:9  123:10  124:8  125:9  126:7  127:5  128:7  129:18  130:5  131:4  132:10  133:3  134:4  135:4  136:4  137:4  138:4  140:2  141:3  142:2  143:2  144:4  145:7  146:1  147:5  148:5  149:1  150:4  151:4  153:1  154:6  155:3  156:1  157:2  158:1  159:1  160:1  162:2  163:1  164:2  165:1  166:1  167:1  168:3  169:3  171:1  175:1  178:2  181:3  183:2  184:1  185:2  189:1  190:3  191:1  192:1  193:1  194:1  195:1  196:2  200:1  203:2  205:2  207:1  208:1  210:2  212:1  214:1  216:2  220:1  221:1  223:1  225:1  226:1  227:1  230:1  234:1  237:1  239:2  241:1  242:1  247:1  248:1  250:1  253:1  255:1  257:1  261:1  265:1  272:1  312:1  338:1  384:1  507:1  598:1
  short unary avg len: 2.00
1599.161868,8.779989,628.925165
[PASSED]
[time 3.04 s, user 2.80 s, sys 0.22 s, maxrss 242124 KB]
[busy 314 jiffies]
[exit 0]
--- c2 case 2 rec 2   load 0.83 0.82 0.87
[TEST C2-MARISA]
Processing dataset...
Done!
Building trie...
trie size: 2.244002 MB
trie size: 3.864603 MB
trie size: 1.068947 MB
Done!
build time: 1735.826762 ms (1735.826762 ns per key)
space cost: 8.365690 MB (16.752987% of original size 49.935513 MB)
Querying trie...
Done!
total time: 701.632106 ms, avg latency: 701.632106 ns
topology: 1.410183 MB, link: 3.158367 MB, data: 3.776632 MB
--- Unary Path Analysis (Marisa, cutoff=3) ---
  branches: 1527762  |  single-char: 409800 (26.8%)  short-unary: 94203 (6.2%)  links: 1023759 (67.0%)
  link len: avg=12.97  max=598  total_chars=13282609
  link length distribution (len:count):  3:78091  4:83418  5:77115  6:71727  7:67342  8:60401  9:52007  10:48612  11:43341  12:39688  13:35797  14:31899  15:30173  16:27648  17:26857  18:22212  19:20563  20:21642  21:19617  22:17114  23:14842  24:13684  25:12695  26:11175  27:9829  28:8848  29:7935  30:7132  31:6445  32:5847  33:5055  34:4589  35:4148  36:3637  37:3382  38:3086  39:2567  40:2441  41:2168  42:1886  43:1827  44:1585  45:1405  46:1260  47:1016  48:995  49:861  50:844  51:650  52:616  53:486  54:450  55:392  56:393  57:345  58:266  59:265  60:240  61:230  62:219  63:185  64:166  65:151  66:119  67:125  68:158  69:131  70:105  71:94  72:74  73:75  74:77  75:68  76:66  77:74  78:40  79:49  80:44  81:45  82:43  83:48  84:36  85:31  86:35  87:40  88:19  89:24  90:15  91:18  92:31  93:24  94:20  95:16  96:16  97:16  98:12  99:16  100:14  101:17  102:16  103:2  104:18  105:4  106:3  107:10  108:11  109:9  110:19  111:13  112:7  113:6  114:5  115:3  116:8  117:5  118:6  119:8  120:10  121:11  122:9  123:10  124:8  125:9  126:7  127:5  128:7  129:18  130:5  131:4  132:10  133:3  134:4  135:4  136:4  137:4  138:4  140:2  141:3  142:2  143:2  144:4  145:7  146:1  147:5  148:5  149:1  150:4  151:4  153:1  154:6  155:3  156:1  157:2  158:1  159:1  160:1  162:2  163:1  164:2  165:1  166:1  167:1  168:3  169:3  171:1  175:1  178:2  181:3  183:2  184:1  185:2  189:1  190:3  191:1  192:1  193:1  194:1  195:1  196:2  200:1  203:2  205:2  207:1  208:1  210:2  212:1  214:1  216:2  220:1  221:1  223:1  225:1  226:1  227:1  230:1  234:1  237:1  239:2  241:1  242:1  247:1  248:1  250:1  253:1  255:1  257:1  261:1  265:1  272:1  312:1  338:1  384:1  507:1  598:1
  short unary avg len: 2.00
1735.826762,8.365690,701.632106
[PASSED]
[time 3.24 s, user 3.03 s, sys 0.19 s, maxrss 242144 KB]
[busy 336 jiffies]
[exit 0]
--- c2 case 3 rec 0   load 0.84 0.82 0.87
[TEST FST]
Processing dataset...
Done!
Building trie...
Done!
build time: 1419.734491 ms (1419.734491 ns per key)
space cost: 12.952020 MB (25.937492% of original size 49.935513 MB)
Querying trie...
Done!
total time: 1214.302864 ms, avg latency: 1214.302864 ns
not implemented
1419.734491,12.952020,1214.302864
[PASSED]
[time 3.43 s, user 3.28 s, sys 0.13 s, maxrss 215460 KB]
[busy 351 jiffies]
[exit 0]
--- c2 case 4 rec 0   load 0.85 0.83 0.87
[TEST COCO]
Processing dataset...
Done!
Building trie...
num nodes = 618926, average depth = 10.757375
ef = 0.000126, pa = 0.112513, bv = 0.000294, de = 0.664175
efr = 0.000805, par = 0.102747, bvr = 0.000005, der = 0.119336
Done!
build time: 30881.739040 ms (30881.739040 ns per key)
space cost: 17.219774 MB (34.484023% of original size 49.935513 MB)
Querying trie...
Done!
total time: 1378.284025 ms, avg latency: 1378.284025 ns
not implemented
30881.739040,17.219774,1378.284025
[PASSED]
[time 34.09 s, user 27.34 s, sys 6.62 s, maxrss 15528856 KB]
[busy 3496 jiffies]
[exit 0]
--- c2 case 5 rec 0   load 0.92 0.85 0.88
[TEST MARISA]
Processing dataset...
Done!
Building trie...
Done!
build time: 1002.543220 ms (1002.543220 ns per key)
space cost: 13.234698 MB (26.503579% of original size 49.935513 MB)
Querying trie...
Done!
total time: 580.700045 ms, avg latency: 580.700045 ns
not implemented
1002.543220,13.234698,580.700045
[PASSED]
[time 2.33 s, user 2.16 s, sys 0.15 s, maxrss 268080 KB]
[busy 240 jiffies]
[exit 0]
--- c2 case 5 rec 1   load 0.92 0.85 0.88
[TEST MARISA]
Processing dataset...
Done!
Building trie...
Done!
build time: 1161.099815 ms (1161.099815 ns per key)
space cost: 8.973619 MB (17.970414% of original size 49.935513 MB)
Querying trie...
Done!
total time: 880.245843 ms, avg latency: 880.245843 ns
not implemented
1161.099815,8.973619,880.245843
[PASSED]
[time 2.80 s, user 2.62 s, sys 0.16 s, maxrss 267932 KB]
[busy 286 jiffies]
[exit 0]
--- c2 case 5 rec 2   load 0.93 0.85 0.88
[TEST MARISA]
Processing dataset...
Done!
Building trie...
Done!
build time: 1229.287651 ms (1229.287651 ns per key)
space cost: 8.005336 MB (16.031348% of original size 49.935513 MB)
Querying trie...
Done!
total time: 1005.794883 ms, avg latency: 1005.794883 ns
not implemented
1229.287651,8.005336,1005.794883
[PASSED]
[time 2.98 s, user 2.81 s, sys 0.15 s, maxrss 267868 KB]
[busy 309 jiffies]
[exit 0]
--- c2 case 6 rec 0   load 0.93 0.85 0.88
[TEST PDT]
Processing dataset...
Done!
Building trie...
dict size: 156062, stream size: 7596722
Done!
build time: 3555.533197 ms (3555.533197 ns per key)
space cost: 8.669690 MB (17.361772% of original size 49.935513 MB)
Querying trie...
Done!
total time: 729.271981 ms, avg latency: 729.271981 ns
not implemented
3555.533197,8.669690,729.271981
[PASSED]
[time 5.06 s, user 4.86 s, sys 0.18 s, maxrss 298948 KB]
[busy 521 jiffies]
[exit 0]
--- c2 case 7 rec 0   load 0.94 0.86 0.88
[TEST ART]
Processing dataset...
Done!
Building trie...
Done!
build time: 309.503005 ms (309.503005 ns per key)
space cost: 32.934517 MB (65.954097% of original size 49.935513 MB)
Querying trie...
Done!
total time: 621.574869 ms, avg latency: 621.574869 ns
not implemented
309.503005,32.934517,621.574869
[PASSED]
[time 1.75 s, user 1.59 s, sys 0.14 s, maxrss 290896 KB]
[busy 182 jiffies]
[exit 0]
--- c2 case 8 rec 0   load 0.94 0.86 0.88
[TEST CART]
Processing dataset...
Done!
Building trie...
Done!
build time: 355.748344 ms (355.748344 ns per key)
space cost: 15.060642 MB (30.160183% of original size 49.935513 MB)
Querying trie...
Done!
total time: 637.174091 ms, avg latency: 637.174091 ns
not implemented
355.748344,15.060642,637.174091
[PASSED]
[time 1.78 s, user 1.63 s, sys 0.14 s, maxrss 278176 KB]
[busy 185 jiffies]
[exit 0]
--- xcdat 7   load 0.94 0.86 0.88
build time: 1159.082463 ms
space cost: 15.639350 MiB (31.319093% of original size 49.935513 MiB)
avg latency: 396.209541 ns
1159.082463,15.639350,396.209541
[time 2.34 s, user 2.16 s, sys 0.16 s, maxrss 231064 KB]
[busy 239 jiffies]
[exit 0]
--- xcdat 8   load 0.95 0.86 0.88
build time: 1134.653593 ms
space cost: 15.165496 MiB (30.370161% of original size 49.935513 MiB)
avg latency: 377.844539 ns
1134.653593,15.165496,377.844539
[time 2.29 s, user 2.11 s, sys 0.17 s, maxrss 231304 KB]
[busy 238 jiffies]
[exit 0]
--- xcdat 15   load 0.87 0.85 0.88
build time: 1154.655171 ms
space cost: 17.302892 MiB (34.650473% of original size 49.935513 MiB)
avg latency: 360.405609 ns
1154.655171,17.302892,360.405609
[time 2.30 s, user 2.12 s, sys 0.17 s, maxrss 230952 KB]
[busy 236 jiffies]
[exit 0]
--- xcdat 16   load 0.87 0.85 0.88
build time: 1122.079558 ms
space cost: 17.859698 MiB (35.765524% of original size 49.935513 MiB)
avg latency: 378.055947 ns
1122.079558,17.859698,378.055947
[time 2.29 s, user 2.13 s, sys 0.14 s, maxrss 231024 KB]
[busy 236 jiffies]
[exit 0]

##### uuid-1000000 (1000000 lines, 37000000 bytes)   round 3/3   2026-09-20T12:43:09+03:00
--- lexindex dict32   load 0.88 0.85 0.88
1000000 keys
lexindex DictIndex block 32: build 226 ms, size 17.741 MiB (18.603 B/key), latency cold 460.5 ns, then mean 458.1 / min 453.0 ns
225.506,17.741351,460.456
[time 2.56 s, user 3.29 s, sys 0.36 s, maxrss 282976 KB]
[busy 381 jiffies]
[exit 0]
--- lexindex dict256   load 0.89 0.85 0.88
1000000 keys
lexindex DictIndex block 256: build 228 ms, size 17.205 MiB (18.040 B/key), latency cold 449.9 ns, then mean 447.8 / min 445.5 ns
228.163,17.204642,449.884
[time 2.51 s, user 3.27 s, sys 0.37 s, maxrss 282752 KB]
[busy 380 jiffies]
[exit 0]
--- lexindex dict1024   load 0.89 0.85 0.88
1000000 keys
lexindex DictIndex block 1024: build 226 ms, size 17.065 MiB (17.894 B/key), latency cold 494.4 ns, then mean 491.3 / min 490.2 ns
226.299,17.064983,494.372
[time 2.69 s, user 3.03 s, sys 0.21 s, maxrss 243804 KB]
[busy 334 jiffies]
[exit 0]
--- lexindex string   load 1.46 0.97 0.92
1000000 keys
lexindex StringIndex: build 2448 ms, size 35.389 MiB (37.108 B/key), latency cold 538.8 ns, then mean 539.7 / min 538.4 ns
2447.786,35.389391,538.768
[time 5.08 s, user 4.97 s, sys 0.09 s, maxrss 198824 KB]
[busy 527 jiffies]
[exit 0]
--- c2 case 0 rec 0   load 1.42 0.97 0.92
[TEST C2-FST]
Processing dataset...
Done!
Building trie...
Done!
build time: 1108.070444 ms (1108.070444 ns per key)
space cost: 22.510774 MB (65.567381% of original size 34.332275 MB)
Querying trie...
Done!
total time: 449.804346 ms, avg latency: 449.804346 ns
topology: 0.773712 MB, link: 3.131501 MB, data: 18.605560 MB
--- Unary Path Analysis (FST, cutoff=4) ---
  shared unary steps in main trie: 13682
  terminal suffixes: inplace=0 (avg len=0.00)  links=1000000 (100.0% of terminal)
  link len: avg=29.32  max=30  total_chars=29323284
  link length distribution (len:count):  24:2  25:10  26:206  28:3376  29:54458  30:556568  31:385380
1108.070444,22.510774,449.804346
[PASSED]
[time 2.24 s, user 2.05 s, sys 0.17 s, maxrss 312044 KB]
[busy 233 jiffies]
[exit 0]
--- c2 case 0 rec 1   load 1.39 0.97 0.92
[TEST C2-FST]
Processing dataset...
Done!
Building trie...
trie size: 4.445807 MB
Done!
build time: 2046.011790 ms (2046.011790 ns per key)
space cost: 22.510774 MB (65.567381% of original size 34.332275 MB)
Querying trie...
Done!
total time: 448.896820 ms, avg latency: 448.896820 ns
topology: 0.773712 MB, link: 3.131501 MB, data: 18.605560 MB
--- Unary Path Analysis (FST, cutoff=4) ---
  shared unary steps in main trie: 13682
  terminal suffixes: inplace=0 (avg len=0.00)  links=1000000 (100.0% of terminal)
  link len: avg=29.32  max=30  total_chars=29323284
  link length distribution (len:count):  24:2  25:10  26:206  28:3376  29:54458  30:556568  31:385380
2046.011790,22.510774,448.896820
[PASSED]
[time 3.16 s, user 2.96 s, sys 0.19 s, maxrss 361748 KB]
[busy 329 jiffies]
[exit 0]
--- c2 case 0 rec 2   load 1.36 0.97 0.92
[TEST C2-FST]
Processing dataset...
Done!
Building trie...
trie size: 4.445807 MB
Done!
build time: 2050.865253 ms (2050.865253 ns per key)
space cost: 22.510774 MB (65.567381% of original size 34.332275 MB)
Querying trie...
Done!
total time: 438.906199 ms, avg latency: 438.906199 ns
topology: 0.773712 MB, link: 3.131501 MB, data: 18.605560 MB
--- Unary Path Analysis (FST, cutoff=4) ---
  shared unary steps in main trie: 13682
  terminal suffixes: inplace=0 (avg len=0.00)  links=1000000 (100.0% of terminal)
  link len: avg=29.32  max=30  total_chars=29323284
  link length distribution (len:count):  24:2  25:10  26:206  28:3376  29:54458  30:556568  31:385380
2050.865253,22.510774,438.906199
[PASSED]
[time 3.17 s, user 2.97 s, sys 0.18 s, maxrss 361804 KB]
[busy 327 jiffies]
[exit 0]
--- c2 case 1 rec 0   load 1.33 0.97 0.92
[TEST C2-CoCo(LOUDS-Sparse)]
Processing dataset...
Done!
Building trie...
Done!
build time: 1465.020136 ms (1465.020136 ns per key)
space cost: 21.333610 MB (62.138642% of original size 34.332275 MB)
Querying trie...
Done!
total time: 501.407255 ms, avg latency: 501.407255 ns
topology: 0.346375 MB, link: 3.293192 MB, data: 17.694043 MB
1465.020136,21.333610,501.407255
[PASSED]
[time 2.64 s, user 2.41 s, sys 0.21 s, maxrss 431036 KB]
[busy 273 jiffies]
[exit 0]
--- c2 case 1 rec 1   load 1.33 0.97 0.92
[TEST C2-CoCo(LOUDS-Sparse)]
Processing dataset...
Done!
Building trie...
trie size: 4.445807 MB
Done!
build time: 2401.099232 ms (2401.099232 ns per key)
space cost: 21.333610 MB (62.138642% of original size 34.332275 MB)
Querying trie...
Done!
total time: 493.659521 ms, avg latency: 493.659521 ns
topology: 0.346375 MB, link: 3.293192 MB, data: 17.694043 MB
2401.099232,21.333610,493.659521
[PASSED]
[time 3.59 s, user 3.33 s, sys 0.24 s, maxrss 474948 KB]
[busy 368 jiffies]
[exit 0]
--- c2 case 1 rec 2   load 1.30 0.97 0.92
[TEST C2-CoCo(LOUDS-Sparse)]
Processing dataset...
Done!
Building trie...
trie size: 4.445807 MB
Done!
build time: 2413.893141 ms (2413.893141 ns per key)
space cost: 21.333610 MB (62.138642% of original size 34.332275 MB)
Querying trie...
Done!
total time: 493.112533 ms, avg latency: 493.112533 ns
topology: 0.346375 MB, link: 3.293192 MB, data: 17.694043 MB
2413.893141,21.333610,493.112533
[PASSED]
[time 3.59 s, user 3.33 s, sys 0.24 s, maxrss 475008 KB]
[busy 373 jiffies]
[exit 0]
--- c2 case 2 rec 0   load 1.28 0.97 0.92
[TEST C2-MARISA]
Processing dataset...
Done!
Building trie...
trie size: 1.966455 MB
Done!
build time: 1030.334742 ms (1030.334742 ns per key)
space cost: 21.883573 MB (63.740525% of original size 34.332275 MB)
Querying trie...
Done!
total time: 360.872357 ms, avg latency: 360.872357 ns
topology: 0.650684 MB, link: 2.984713 MB, data: 18.227668 MB
--- Unary Path Analysis (Marisa, cutoff=3) ---
  branches: 1358149  |  single-char: 345387 (25.4%)  short-unary: 12003 (0.9%)  links: 1000759 (73.7%)
  link len: avg=31.30  max=32  total_chars=31325722
  link length distribution (len:count):  3:655  4:51  5:49  6:4  25:2  26:10  27:206  29:3376  30:54458  31:556568  32:385380
  short unary avg len: 2.00
1030.334742,21.883573,360.872357
[PASSED]
[time 2.07 s, user 1.88 s, sys 0.18 s, maxrss 313156 KB]
[busy 217 jiffies]
[exit 0]
--- c2 case 2 rec 1   load 1.26 0.97 0.92
[TEST C2-MARISA]
Processing dataset...
Done!
Building trie...
trie size: 1.966455 MB
trie size: 4.448333 MB
Done!
build time: 1952.366491 ms (1952.366491 ns per key)
space cost: 21.883573 MB (63.740525% of original size 34.332275 MB)
Querying trie...
Done!
total time: 361.218797 ms, avg latency: 361.218797 ns
topology: 0.650684 MB, link: 2.984713 MB, data: 18.227668 MB
--- Unary Path Analysis (Marisa, cutoff=3) ---
  branches: 1358149  |  single-char: 345387 (25.4%)  short-unary: 12003 (0.9%)  links: 1000759 (73.7%)
  link len: avg=31.30  max=32  total_chars=31325722
  link length distribution (len:count):  3:655  4:51  5:49  6:4  25:2  26:10  27:206  29:3376  30:54458  31:556568  32:385380
  short unary avg len: 2.00
1952.366491,21.883573,361.218797
[PASSED]
[time 3.00 s, user 2.80 s, sys 0.18 s, maxrss 361580 KB]
[busy 312 jiffies]
[exit 0]
--- c2 case 2 rec 2   load 1.24 0.97 0.92
[TEST C2-MARISA]
Processing dataset...
Done!
Building trie...
trie size: 1.966455 MB
trie size: 4.448333 MB
Done!
build time: 1950.617243 ms (1950.617243 ns per key)
space cost: 21.883573 MB (63.740525% of original size 34.332275 MB)
Querying trie...
Done!
total time: 360.551914 ms, avg latency: 360.551914 ns
topology: 0.650684 MB, link: 2.984713 MB, data: 18.227668 MB
--- Unary Path Analysis (Marisa, cutoff=3) ---
  branches: 1358149  |  single-char: 345387 (25.4%)  short-unary: 12003 (0.9%)  links: 1000759 (73.7%)
  link len: avg=31.30  max=32  total_chars=31325722
  link length distribution (len:count):  3:655  4:51  5:49  6:4  25:2  26:10  27:206  29:3376  30:54458  31:556568  32:385380
  short unary avg len: 2.00
1950.617243,21.883573,360.551914
[PASSED]
[time 3.00 s, user 2.80 s, sys 0.18 s, maxrss 361800 KB]
[busy 312 jiffies]
[exit 0]
--- c2 case 3 rec 0   load 1.14 0.96 0.92
[TEST FST]
Processing dataset...
Done!
Building trie...
Done!
build time: 829.497649 ms (829.497649 ns per key)
space cost: 34.505507 MB (100.504572% of original size 34.332275 MB)
Querying trie...
Done!
total time: 459.902647 ms, avg latency: 459.902647 ns
not implemented
829.497649,34.505507,459.902647
[PASSED]
[time 1.98 s, user 1.84 s, sys 0.12 s, maxrss 207848 KB]
[busy 207 jiffies]
[exit 0]
--- c2 case 4 rec 0   skipped: exit 134 in round 1
--- c2 case 5 rec 0   load 1.14 0.96 0.92
[TEST MARISA]
Processing dataset...
Done!
Building trie...
Done!
build time: 677.822539 ms (677.822539 ns per key)
space cost: 34.975940 MB (101.874808% of original size 34.332275 MB)
Querying trie...
Done!
total time: 528.926744 ms, avg latency: 528.926744 ns
not implemented
677.822539,34.975940,528.926744
[PASSED]
[time 1.89 s, user 1.70 s, sys 0.18 s, maxrss 282216 KB]
[busy 198 jiffies]
[exit 0]
--- c2 case 5 rec 1   load 1.04 0.94 0.91
[TEST MARISA]
Processing dataset...
Done!
Building trie...
Done!
build time: 1049.918714 ms (1049.918714 ns per key)
space cost: 33.974524 MB (98.957975% of original size 34.332275 MB)
Querying trie...
Done!
total time: 787.661399 ms, avg latency: 787.661399 ns
not implemented
1049.918714,33.974524,787.661399
[PASSED]
[time 2.51 s, user 2.32 s, sys 0.18 s, maxrss 251848 KB]
[busy 259 jiffies]
[exit 0]
--- c2 case 5 rec 2   load 1.04 0.94 0.91
[TEST MARISA]
Processing dataset...
Done!
Building trie...
Done!
build time: 1328.264923 ms (1328.264923 ns per key)
space cost: 32.972683 MB (96.039900% of original size 34.332275 MB)
Querying trie...
Done!
total time: 1138.321948 ms, avg latency: 1138.321948 ns
not implemented
1328.264923,32.972683,1138.321948
[PASSED]
[time 3.14 s, user 2.96 s, sys 0.17 s, maxrss 273268 KB]
[busy 322 jiffies]
[exit 0]
--- c2 case 6 rec 0   load 1.04 0.94 0.91
[TEST PDT]
Processing dataset...
Done!
Building trie...
dict size: 166618, stream size: 19935113
Done!
build time: 16677.322064 ms (16677.322064 ns per key)
space cost: 20.446564 MB (59.554933% of original size 34.332275 MB)
Querying trie...
Done!
total time: 721.745163 ms, avg latency: 721.745163 ns
not implemented
16677.322064,20.446564,721.745163
[PASSED]
[time 18.10 s, user 17.56 s, sys 0.46 s, maxrss 648444 KB]
[busy 1860 jiffies]
[exit 0]
--- c2 case 7 rec 0   load 1.03 0.95 0.92
[TEST ART]
Processing dataset...
Done!
Building trie...
Done!
build time: 189.146697 ms (189.146697 ns per key)
space cost: 25.565071 MB (74.463667% of original size 34.332275 MB)
Querying trie...
Done!
total time: 367.191905 ms, avg latency: 367.191905 ns
not implemented
189.146697,25.565071,367.191905
[PASSED]
[time 1.26 s, user 1.13 s, sys 0.12 s, maxrss 225372 KB]
[busy 133 jiffies]
[exit 0]
--- c2 case 8 rec 0   load 0.95 0.93 0.91
[TEST CART]
Processing dataset...
Done!
Building trie...
Done!
build time: 225.029076 ms (225.029076 ns per key)
space cost: 12.300360 MB (35.827394% of original size 34.332275 MB)
Querying trie...
Done!
total time: 368.604982 ms, avg latency: 368.604982 ns
not implemented
225.029076,12.300360,368.604982
[PASSED]
[time 1.30 s, user 1.18 s, sys 0.10 s, maxrss 214520 KB]
[busy 136 jiffies]
[exit 0]
--- xcdat 7   load 0.95 0.93 0.91
build time: 860.739497 ms
space cost: 36.820305 MiB (107.246911% of original size 34.332275 MiB)
avg latency: 363.095625 ns
860.739497,36.820305,363.095625
[time 1.92 s, user 1.75 s, sys 0.15 s, maxrss 231512 KB]
[busy 200 jiffies]
[exit 0]
--- xcdat 8   load 0.87 0.91 0.90
build time: 793.104270 ms
space cost: 36.200803 MiB (105.442481% of original size 34.332275 MiB)
avg latency: 340.261123 ns
793.104270,36.200803,340.261123
[time 1.83 s, user 1.68 s, sys 0.14 s, maxrss 230892 KB]
[busy 188 jiffies]
[exit 0]
--- xcdat 15   load 0.87 0.91 0.90
build time: 810.602222 ms
space cost: 37.074831 MiB (107.988272% of original size 34.332275 MiB)
avg latency: 331.375230 ns
810.602222,37.074831,331.375230
[time 1.83 s, user 1.66 s, sys 0.15 s, maxrss 231056 KB]
[busy 189 jiffies]
[exit 0]
--- xcdat 16   load 0.88 0.92 0.91
build time: 793.537314 ms
space cost: 37.473558 MiB (109.149650% of original size 34.332275 MiB)
avg latency: 339.294085 ns
793.537314,37.473558,339.294085
[time 1.82 s, user 1.67 s, sys 0.13 s, maxrss 231104 KB]
[busy 188 jiffies]
[exit 0]

campaign done 2026-09-20T12:44:50+03:00, load 0.88 0.92 0.91
