frontier campaign
date: 2026-09-21T21:48:01+03:00
host: arz
commit: a6c13d0
table: frontier-full
lexindex: 4.0.0
kernel: Linux 7.2.5-200.fc44.x86_64 x86_64
cpu: AMD Ryzen 7 5800HS with Radeon Graphics
cores/threads: 8 / 16
caches: L2 512 KiB, L3 16384 KiB
governor: powersave
transparent hugepages: always [madvise] never
compiler: c++ (GCC) 16.2.1 20260819 (Red Hat 16.2.1-2)
rustc: rustc 1.98.1 (48a229cea 2026-09-01)
load at start: 0.27 0.61 0.86
memory: 38.6 GiB total, 35.1 available
swap in use: 0 MiB
memory layout: not read (needs root)
rounds: 3, even rounds in the reverse order
quiet before each process: under 1.0 busy CPUs for 1 s
clock ticks: 100
address space cap: 28000000 KB
timeout: 7200 s a process
pin c2: 92c1b861456b https://github.com/alexztc/C2
pin c2/lib/sdsl-lite: 4312ea9c9370 https://github.com/vgteam/sdsl-lite
pin c2/lib/ds2i: 4f46606cc077 https://github.com/aboffa/ds2i (modified: compact_elias_fano.hpp,succinct)
pin c2/lib/sux: 5944f6b5c1c7 https://github.com/vigna/sux (modified: sux/util/Vector.hpp)
pin c2/lib/fsst: e638d4cf8c26 https://github.com/cwida/fsst
pin c2/baseline_marisa/marisa: e54f296bb52d https://github.com/s-yata/marisa-trie
pin c2/baseline_ctriepp/ctriepp: 52d2c16a7bb6 https://gitlab.com/ofek.gila1/ctriepp
pin xcdat: 2451441dcc09 https://github.com/kampersanda/xcdat
pin c2/lib/ds2i/succinct: ea74747a8b1c (gitlink)
pin c2/lib/sdsl-lite/external/googletest: 71815bbf7de6 (gitlink)
pin c2/lib/sdsl-lite/external/libdivsufsort: 0f24acd8de20 (gitlink)
pin coco adapted headers: ee860d4b1e62 https://github.com/aboffa/CoCo-trie (by sha256)

##### titles-en-full (19217770 lines, 422258029 bytes)   round 1/3   2026-09-21T21:48:01+03:00
--- lexindex dict32   load 0.27 0.61 0.86
19217770 keys
lexindex DictIndex block 32: build 3833 ms, size 103.788 MiB (5.663 B/key), latency cold 835.7 ns, then mean 831.8 / min 830.5 ns
3833.296,103.787971,835.661
[time 80.65 s, user 104.84 s, sys 1.87 s, maxrss 3124792 KB]
[busy 10957 jiffies]
[exit 0]
--- lexindex dict256   load 0.81 0.71 0.87
19217770 keys
lexindex DictIndex block 256: build 3825 ms, size 95.120 MiB (5.190 B/key), latency cold 764.1 ns, then mean 766.3 / min 765.8 ns
3824.558,95.119918,764.126
[time 75.56 s, user 100.47 s, sys 1.89 s, maxrss 3119332 KB]
[busy 10473 jiffies]
[exit 0]
--- lexindex dict1024   load 1.30 0.95 0.95
19217770 keys
lexindex DictIndex block 1024: build 3788 ms, size 91.984 MiB (5.019 B/key), latency cold 784.2 ns, then mean 783.4 / min 782.6 ns
3788.309,91.983721,784.218
[time 76.89 s, user 101.21 s, sys 1.81 s, maxrss 3103288 KB]
[busy 10563 jiffies]
[exit 0]
--- lexindex string   load 1.14 0.99 0.97
19217770 keys
lexindex StringIndex: build 14357 ms, size 213.000 MiB (11.622 B/key), latency cold 882.5 ns, then mean 877.5 / min 872.6 ns
14356.611,213.000460,882.545
[time 94.63 s, user 92.82 s, sys 1.44 s, maxrss 2987608 KB]
[busy 9706 jiffies]
[exit 0]
--- c2 case 0 rec 0   load 0.97 0.99 0.98
[TEST C2-FST]
Processing dataset...
Done!
Building trie...
Done!
build time: 19755.439428 ms (1027.977722 ns per key)
space cost: 151.988120 MB (39.542227% of original size 384.369143 MB)
Querying trie...
Done!
total time: 31667.342289 ms, avg latency: 1647.815656 ns
topology: 22.035271 MB, link: 37.529435 MB, data: 92.423414 MB
--- Unary Path Analysis (FST, cutoff=4) ---
  shared unary steps in main trie: 18992509
  terminal suffixes: inplace=3611260 (avg len=2.13)  links=11631144 (76.3% of terminal)
  link len: avg=9.23  max=250  total_chars=107375475
  link length distribution (len:count):  4:1525614  5:1474700  6:1342995  7:1100986  8:852650  9:696791  10:621198  11:481520  12:422211  13:342622  14:538626  15:331782  16:308722  17:204311  18:185250  19:157894  20:145015  21:117774  22:96084  23:83546  24:73207  25:66868  26:65089  27:50563  28:43099  29:35716  30:32693  31:27047  32:25516  33:21216  34:18328  35:16251  36:15389  37:12343  38:10154  39:8964  40:7637  41:6989  42:6362  43:5604  44:4776  45:4817  46:4384  47:3534  48:3153  49:2698  50:2570  51:2254  52:1942  53:1851  54:1637  55:1521  56:1337  57:1187  58:1089  59:1064  60:919  61:787  62:750  63:677  64:603  65:607  66:537  67:518  68:403  69:423  70:389  71:344  72:331  73:293  74:287  75:241  76:238  77:244  78:207  79:188  80:170  81:154  82:146  83:145  84:125  85:129  86:116  87:116  88:105  89:92  90:77  91:74  92:91  93:58  94:65  95:51  96:60  97:65  98:64  99:60  100:38  101:50  102:41  103:40  104:52  105:34  106:28  107:25  108:38  109:24  110:23  111:28  112:29  113:22  114:21  115:21  116:19  117:19  118:19  119:18  120:23  121:11  122:15  123:19  124:11  125:14  126:7  127:15  128:15  129:12  130:10  131:10  132:4  133:11  134:11  135:4  136:11  137:8  138:10  139:6  140:5  141:7  142:2  143:5  144:4  145:11  146:2  147:4  148:3  149:10  150:8  151:5  152:7  153:7  154:4  155:4  156:9  157:4  158:5  159:7  160:3  161:5  162:4  163:1  164:2  165:5  167:5  168:2  169:4  170:2  171:4  172:1  173:4  174:3  175:3  176:2  177:3  178:1  179:5  182:2  183:1  184:3  186:2  187:2  188:3  191:1  193:3  194:2  195:1  196:2  197:1  198:1  199:4  200:1  201:1  202:1  203:3  204:1  205:1  207:1  208:2  209:2  210:1  211:1  213:1  214:1  216:1  217:1  219:1  221:2  222:1  223:3  224:2  226:1  228:1  229:1  231:1  233:1  235:1  237:1  246:1  247:1  251:2
19755.439428,151.988120,1647.815656
[PASSED]
[time 67.24 s, user 64.31 s, sys 2.66 s, maxrss 2626776 KB]
[busy 6924 jiffies]
[exit 0]
--- c2 case 0 rec 1   load 0.99 1.00 0.99
[TEST C2-FST]
Processing dataset...
Done!
Building trie...
trie size: 39.141459 MB
Done!
build time: 22387.952259 ms (1164.960984 ns per key)
space cost: 137.157475 MB (35.683789% of original size 384.369143 MB)
Querying trie...
Done!
total time: 35867.531212 ms, avg latency: 1866.373217 ns
topology: 24.452312 MB, link: 37.267443 MB, data: 75.437719 MB
--- Unary Path Analysis (FST, cutoff=4) ---
  shared unary steps in main trie: 18992509
  terminal suffixes: inplace=3611260 (avg len=2.13)  links=11631144 (76.3% of terminal)
  link len: avg=9.23  max=250  total_chars=107375475
  link length distribution (len:count):  4:1525614  5:1474700  6:1342995  7:1100986  8:852650  9:696791  10:621198  11:481520  12:422211  13:342622  14:538626  15:331782  16:308722  17:204311  18:185250  19:157894  20:145015  21:117774  22:96084  23:83546  24:73207  25:66868  26:65089  27:50563  28:43099  29:35716  30:32693  31:27047  32:25516  33:21216  34:18328  35:16251  36:15389  37:12343  38:10154  39:8964  40:7637  41:6989  42:6362  43:5604  44:4776  45:4817  46:4384  47:3534  48:3153  49:2698  50:2570  51:2254  52:1942  53:1851  54:1637  55:1521  56:1337  57:1187  58:1089  59:1064  60:919  61:787  62:750  63:677  64:603  65:607  66:537  67:518  68:403  69:423  70:389  71:344  72:331  73:293  74:287  75:241  76:238  77:244  78:207  79:188  80:170  81:154  82:146  83:145  84:125  85:129  86:116  87:116  88:105  89:92  90:77  91:74  92:91  93:58  94:65  95:51  96:60  97:65  98:64  99:60  100:38  101:50  102:41  103:40  104:52  105:34  106:28  107:25  108:38  109:24  110:23  111:28  112:29  113:22  114:21  115:21  116:19  117:19  118:19  119:18  120:23  121:11  122:15  123:19  124:11  125:14  126:7  127:15  128:15  129:12  130:10  131:10  132:4  133:11  134:11  135:4  136:11  137:8  138:10  139:6  140:5  141:7  142:2  143:5  144:4  145:11  146:2  147:4  148:3  149:10  150:8  151:5  152:7  153:7  154:4  155:4  156:9  157:4  158:5  159:7  160:3  161:5  162:4  163:1  164:2  165:5  167:5  168:2  169:4  170:2  171:4  172:1  173:4  174:3  175:3  176:2  177:3  178:1  179:5  182:2  183:1  184:3  186:2  187:2  188:3  191:1  193:3  194:2  195:1  196:2  197:1  198:1  199:4  200:1  201:1  202:1  203:3  204:1  205:1  207:1  208:2  209:2  210:1  211:1  213:1  214:1  216:1  217:1  219:1  221:2  222:1  223:3  224:2  226:1  228:1  229:1  231:1  233:1  235:1  237:1  246:1  247:1  251:2
22387.952259,137.157475,1866.373217
[PASSED]
[time 74.02 s, user 71.15 s, sys 2.57 s, maxrss 2415912 KB]
[busy 7617 jiffies]
[exit 0]
--- c2 case 0 rec 2   load 1.00 1.00 0.99
[TEST C2-FST]
Processing dataset...
Done!
Building trie...
trie size: 39.141459 MB
trie size: 4.004057 MB
Done!
build time: 22829.787545 ms (1187.951960 ns per key)
space cost: 137.157475 MB (35.683789% of original size 384.369143 MB)
Querying trie...
Done!
total time: 35451.241981 ms, avg latency: 1844.711534 ns
topology: 24.452312 MB, link: 37.267443 MB, data: 75.437719 MB
--- Unary Path Analysis (FST, cutoff=4) ---
  shared unary steps in main trie: 18992509
  terminal suffixes: inplace=3611260 (avg len=2.13)  links=11631144 (76.3% of terminal)
  link len: avg=9.23  max=250  total_chars=107375475
  link length distribution (len:count):  4:1525614  5:1474700  6:1342995  7:1100986  8:852650  9:696791  10:621198  11:481520  12:422211  13:342622  14:538626  15:331782  16:308722  17:204311  18:185250  19:157894  20:145015  21:117774  22:96084  23:83546  24:73207  25:66868  26:65089  27:50563  28:43099  29:35716  30:32693  31:27047  32:25516  33:21216  34:18328  35:16251  36:15389  37:12343  38:10154  39:8964  40:7637  41:6989  42:6362  43:5604  44:4776  45:4817  46:4384  47:3534  48:3153  49:2698  50:2570  51:2254  52:1942  53:1851  54:1637  55:1521  56:1337  57:1187  58:1089  59:1064  60:919  61:787  62:750  63:677  64:603  65:607  66:537  67:518  68:403  69:423  70:389  71:344  72:331  73:293  74:287  75:241  76:238  77:244  78:207  79:188  80:170  81:154  82:146  83:145  84:125  85:129  86:116  87:116  88:105  89:92  90:77  91:74  92:91  93:58  94:65  95:51  96:60  97:65  98:64  99:60  100:38  101:50  102:41  103:40  104:52  105:34  106:28  107:25  108:38  109:24  110:23  111:28  112:29  113:22  114:21  115:21  116:19  117:19  118:19  119:18  120:23  121:11  122:15  123:19  124:11  125:14  126:7  127:15  128:15  129:12  130:10  131:10  132:4  133:11  134:11  135:4  136:11  137:8  138:10  139:6  140:5  141:7  142:2  143:5  144:4  145:11  146:2  147:4  148:3  149:10  150:8  151:5  152:7  153:7  154:4  155:4  156:9  157:4  158:5  159:7  160:3  161:5  162:4  163:1  164:2  165:5  167:5  168:2  169:4  170:2  171:4  172:1  173:4  174:3  175:3  176:2  177:3  178:1  179:5  182:2  183:1  184:3  186:2  187:2  188:3  191:1  193:3  194:2  195:1  196:2  197:1  198:1  199:4  200:1  201:1  202:1  203:3  204:1  205:1  207:1  208:2  209:2  210:1  211:1  213:1  214:1  216:1  217:1  219:1  221:2  222:1  223:3  224:2  226:1  228:1  229:1  231:1  233:1  235:1  237:1  246:1  247:1  251:2
22829.787545,137.157475,1844.711534
[PASSED]
[time 74.03 s, user 71.12 s, sys 2.60 s, maxrss 2430680 KB]
[busy 7618 jiffies]
[exit 0]
--- c2 case 1 rec 0   load 1.04 1.01 1.00
[TEST C2-CoCo(LOUDS-Sparse)]
Processing dataset...
Done!
Building trie...
Done!
build time: 49097.601129 ms (2554.802203 ns per key)
space cost: 174.667126 MB (45.442546% of original size 384.369143 MB)
Querying trie...
Done!
total time: 34119.177122 ms, avg latency: 1775.397308 ns
topology: 8.507164 MB, link: 61.605944 MB, data: 104.554018 MB
49097.601129,174.667126,1775.397308
[PASSED]
[time 98.99 s, user 94.40 s, sys 4.18 s, maxrss 5980164 KB]
[busy 10157 jiffies]
[exit 0]
--- c2 case 1 rec 1   load 1.02 1.02 1.00
[TEST C2-CoCo(LOUDS-Sparse)]
Processing dataset...
Done!
Building trie...
trie size: 39.141459 MB
Done!
build time: 51859.519423 ms (2698.519101 ns per key)
space cost: 159.836480 MB (41.584108% of original size 384.369143 MB)
Querying trie...
Done!
total time: 38211.289154 ms, avg latency: 1988.331068 ns
topology: 10.924206 MB, link: 61.343951 MB, data: 87.568323 MB
51859.519423,159.836480,1988.331068
[PASSED]
[time 105.84 s, user 101.18 s, sys 4.24 s, maxrss 5791248 KB]
[busy 10860 jiffies]
[exit 0]
--- c2 case 1 rec 2   load 0.92 0.99 0.99
[TEST C2-CoCo(LOUDS-Sparse)]
Processing dataset...
Done!
Building trie...
trie size: 39.141459 MB
trie size: 4.004057 MB
Done!
build time: 52320.140205 ms (2722.487583 ns per key)
space cost: 159.836480 MB (41.584108% of original size 384.369143 MB)
Querying trie...
Done!
total time: 38581.496900 ms, avg latency: 2007.594893 ns
topology: 10.924206 MB, link: 61.343951 MB, data: 87.568323 MB
52320.140205,159.836480,2007.594893
[PASSED]
[time 106.67 s, user 102.07 s, sys 4.17 s, maxrss 5813056 KB]
[busy 10949 jiffies]
[exit 0]
--- c2 case 2 rec 0   load 1.00 1.00 1.00
[TEST C2-MARISA]
Processing dataset...
Done!
Building trie...
trie size: 45.440631 MB
Done!
build time: 20106.989299 ms (1046.270681 ns per key)
space cost: 134.960091 MB (35.112103% of original size 384.369143 MB)
Querying trie...
Done!
total time: 19287.595604 ms, avg latency: 1003.633387 ns
topology: 14.990650 MB, link: 53.504175 MB, data: 65.809015 MB
--- Unary Path Analysis (Marisa, cutoff=3) ---
  branches: 28715774  |  single-char: 9129784 (31.8%)  short-unary: 2324184 (8.1%)  links: 17261806 (60.1%)
  link len: avg=9.30  max=252  total_chars=160612682
  link length distribution (len:count):  3:1918443  4:1965717  5:1904231  6:1770285  7:1568843  8:1281880  9:981601  10:792613  11:694136  12:535178  13:467304  14:378478  15:570134  16:357590  17:337732  18:222238  19:205706  20:171685  21:156573  22:127923  23:105283  24:90989  25:79531  26:72835  27:70247  28:55326  29:47370  30:39828  31:36715  32:30606  33:28361  34:23647  35:20496  36:18047  37:16950  38:13344  39:11070  40:9698  41:8539  42:7499  43:6788  44:5941  45:5066  46:5036  47:4607  48:3731  49:3347  50:2840  51:2679  52:2357  53:2040  54:1956  55:1699  56:1591  57:1401  58:1243  59:1122  60:1106  61:959  62:819  63:779  64:719  65:625  66:646  67:552  68:543  69:432  70:440  71:412  72:363  73:345  74:310  75:300  76:256  77:251  78:254  79:214  80:198  81:182  82:159  83:153  84:148  85:132  86:135  87:121  88:118  89:108  90:95  91:84  92:77  93:99  94:60  95:68  96:52  97:63  98:70  99:65  100:62  101:40  102:51  103:44  104:41  105:52  106:35  107:31  108:30  109:38  110:27  111:26  112:28  113:29  114:22  115:24  116:22  117:19  118:19  119:22  120:20  121:26  122:13  123:15  124:19  125:13  126:14  127:7  128:15  129:15  130:13  131:10  132:11  133:5  134:11  135:11  136:5  137:11  138:8  139:10  140:6  141:5  142:7  143:2  144:5  145:4  146:11  147:3  148:6  149:7  150:10  151:8  152:5  153:7  154:7  155:5  156:4  157:9  158:4  159:5  160:8  161:3  162:5  163:4  164:1  165:3  166:5  168:5  169:2  170:4  171:2  172:4  173:1  174:5  175:3  176:3  177:2  178:3  179:1  180:5  183:2  184:1  185:4  187:2  188:2  189:3  192:1  194:3  195:3  196:1  197:2  198:2  199:1  200:7  201:1  202:1  203:1  204:3  205:3  206:1  208:1  209:2  210:2  211:1  212:1  214:1  215:1  217:1  218:1  220:1  222:2  223:1  224:3  225:2  227:1  229:1  230:1  232:1  234:1  235:1  236:1  238:1  247:1  248:1  252:2
  short unary avg len: 2.00
20106.989299,134.960091,1003.633387
[PASSED]
[time 55.24 s, user 52.06 s, sys 2.95 s, maxrss 2932336 KB]
[busy 5691 jiffies]
[exit 0]
--- c2 case 2 rec 1   load 1.00 1.00 1.00
[TEST C2-MARISA]
Processing dataset...
Done!
Building trie...
trie size: 45.440631 MB
trie size: 56.754637 MB
Done!
build time: 23244.954702 ms (1209.555255 ns per key)
space cost: 113.295972 MB (29.475824% of original size 384.369143 MB)
Querying trie...
Done!
total time: 24277.166729 ms, avg latency: 1263.266588 ns
topology: 18.132668 MB, link: 50.555774 MB, data: 43.951281 MB
--- Unary Path Analysis (Marisa, cutoff=3) ---
  branches: 28715774  |  single-char: 9129784 (31.8%)  short-unary: 2324184 (8.1%)  links: 17261806 (60.1%)
  link len: avg=9.30  max=252  total_chars=160612682
  link length distribution (len:count):  3:1918443  4:1965717  5:1904231  6:1770285  7:1568843  8:1281880  9:981601  10:792613  11:694136  12:535178  13:467304  14:378478  15:570134  16:357590  17:337732  18:222238  19:205706  20:171685  21:156573  22:127923  23:105283  24:90989  25:79531  26:72835  27:70247  28:55326  29:47370  30:39828  31:36715  32:30606  33:28361  34:23647  35:20496  36:18047  37:16950  38:13344  39:11070  40:9698  41:8539  42:7499  43:6788  44:5941  45:5066  46:5036  47:4607  48:3731  49:3347  50:2840  51:2679  52:2357  53:2040  54:1956  55:1699  56:1591  57:1401  58:1243  59:1122  60:1106  61:959  62:819  63:779  64:719  65:625  66:646  67:552  68:543  69:432  70:440  71:412  72:363  73:345  74:310  75:300  76:256  77:251  78:254  79:214  80:198  81:182  82:159  83:153  84:148  85:132  86:135  87:121  88:118  89:108  90:95  91:84  92:77  93:99  94:60  95:68  96:52  97:63  98:70  99:65  100:62  101:40  102:51  103:44  104:41  105:52  106:35  107:31  108:30  109:38  110:27  111:26  112:28  113:29  114:22  115:24  116:22  117:19  118:19  119:22  120:20  121:26  122:13  123:15  124:19  125:13  126:14  127:7  128:15  129:15  130:13  131:10  132:11  133:5  134:11  135:11  136:5  137:11  138:8  139:10  140:6  141:5  142:7  143:2  144:5  145:4  146:11  147:3  148:6  149:7  150:10  151:8  152:5  153:7  154:7  155:5  156:4  157:9  158:4  159:5  160:8  161:3  162:5  163:4  164:1  165:3  166:5  168:5  169:2  170:4  171:2  172:4  173:1  174:5  175:3  176:3  177:2  178:3  179:1  180:5  183:2  184:1  185:4  187:2  188:2  189:3  192:1  194:3  195:3  196:1  197:2  198:2  199:1  200:7  201:1  202:1  203:1  204:3  205:3  206:1  208:1  209:2  210:2  211:1  212:1  214:1  215:1  217:1  218:1  220:1  222:2  223:1  224:3  225:2  227:1  229:1  230:1  232:1  234:1  235:1  236:1  238:1  247:1  248:1  252:2
  short unary avg len: 2.00
23244.954702,113.295972,1263.266588
[PASSED]
[time 63.32 s, user 60.24 s, sys 2.82 s, maxrss 2670904 KB]
[busy 6517 jiffies]
[exit 0]
--- c2 case 2 rec 2   load 1.00 1.00 1.00
[TEST C2-MARISA]
Processing dataset...
Done!
Building trie...
trie size: 45.440631 MB
trie size: 56.754637 MB
trie size: 5.030178 MB
Done!
build time: 23994.451105 ms (1248.555431 ns per key)
space cost: 113.295972 MB (29.475824% of original size 384.369143 MB)
Querying trie...
Done!
total time: 24197.419332 ms, avg latency: 1259.116918 ns
topology: 18.132668 MB, link: 50.555774 MB, data: 43.951281 MB
--- Unary Path Analysis (Marisa, cutoff=3) ---
  branches: 28715774  |  single-char: 9129784 (31.8%)  short-unary: 2324184 (8.1%)  links: 17261806 (60.1%)
  link len: avg=9.30  max=252  total_chars=160612682
  link length distribution (len:count):  3:1918443  4:1965717  5:1904231  6:1770285  7:1568843  8:1281880  9:981601  10:792613  11:694136  12:535178  13:467304  14:378478  15:570134  16:357590  17:337732  18:222238  19:205706  20:171685  21:156573  22:127923  23:105283  24:90989  25:79531  26:72835  27:70247  28:55326  29:47370  30:39828  31:36715  32:30606  33:28361  34:23647  35:20496  36:18047  37:16950  38:13344  39:11070  40:9698  41:8539  42:7499  43:6788  44:5941  45:5066  46:5036  47:4607  48:3731  49:3347  50:2840  51:2679  52:2357  53:2040  54:1956  55:1699  56:1591  57:1401  58:1243  59:1122  60:1106  61:959  62:819  63:779  64:719  65:625  66:646  67:552  68:543  69:432  70:440  71:412  72:363  73:345  74:310  75:300  76:256  77:251  78:254  79:214  80:198  81:182  82:159  83:153  84:148  85:132  86:135  87:121  88:118  89:108  90:95  91:84  92:77  93:99  94:60  95:68  96:52  97:63  98:70  99:65  100:62  101:40  102:51  103:44  104:41  105:52  106:35  107:31  108:30  109:38  110:27  111:26  112:28  113:29  114:22  115:24  116:22  117:19  118:19  119:22  120:20  121:26  122:13  123:15  124:19  125:13  126:14  127:7  128:15  129:15  130:13  131:10  132:11  133:5  134:11  135:11  136:5  137:11  138:8  139:10  140:6  141:5  142:7  143:2  144:5  145:4  146:11  147:3  148:6  149:7  150:10  151:8  152:5  153:7  154:7  155:5  156:4  157:9  158:4  159:5  160:8  161:3  162:5  163:4  164:1  165:3  166:5  168:5  169:2  170:4  171:2  172:4  173:1  174:5  175:3  176:3  177:2  178:3  179:1  180:5  183:2  184:1  185:4  187:2  188:2  189:3  192:1  194:3  195:3  196:1  197:2  198:2  199:1  200:7  201:1  202:1  203:1  204:3  205:3  206:1  208:1  209:2  210:2  211:1  212:1  214:1  215:1  217:1  218:1  220:1  222:2  223:1  224:3  225:2  227:1  229:1  230:1  232:1  234:1  235:1  236:1  238:1  247:1  248:1  252:2
  short unary avg len: 2.00
23994.451105,113.295972,1259.116918
[PASSED]
[time 64.03 s, user 60.96 s, sys 2.80 s, maxrss 2699976 KB]
[busy 6585 jiffies]
[exit 0]
--- c2 case 3 rec 0   load 1.00 1.00 1.00
[TEST FST]
Processing dataset...
Done!
Building trie...
Done!
build time: 19324.788803 ms (1005.568742 ns per key)
space cost: 153.297231 MB (39.882814% of original size 384.369143 MB)
Querying trie...
Done!
total time: 38111.631513 ms, avg latency: 1983.145366 ns
not implemented
19324.788803,153.297231,1983.145366
[PASSED]
[time 73.15 s, user 71.02 s, sys 1.83 s, maxrss 2352980 KB]
[busy 7514 jiffies]
[exit 0]
--- c2 case 4 rec 0   load 1.00 1.00 1.00
terminate called after throwing an instance of 'std::bad_alloc'
  what():  std::bad_alloc
timeout: the monitored command dumped core
Command terminated by signal 6
[time 34.73 s, user 22.73 s, sys 11.75 s, maxrss 27548264 KB]
[busy 3709 jiffies]
[exit 134]
--- c2 case 5 rec 0   load 1.00 1.00 1.00
[TEST MARISA]
Processing dataset...
Done!
Building trie...
Done!
build time: 12787.606520 ms (665.405326 ns per key)
space cost: 129.170561 MB (33.605861% of original size 384.369143 MB)
Querying trie...
Done!
total time: 24142.144145 ms, avg latency: 1256.240664 ns
not implemented
12787.606520,129.170561,1256.240664
[PASSED]
[time 52.81 s, user 49.72 s, sys 2.86 s, maxrss 3123812 KB]
[busy 5531 jiffies]
[exit 0]
--- c2 case 5 rec 1   load 1.08 1.02 1.01
[TEST MARISA]
Processing dataset...
Done!
Building trie...
Done!
build time: 14639.873703 ms (761.788371 ns per key)
space cost: 100.231494 MB (26.076884% of original size 384.369143 MB)
Querying trie...
Done!
total time: 32242.914782 ms, avg latency: 1677.765671 ns
not implemented
14639.873703,100.231494,1677.765671
[PASSED]
[time 62.52 s, user 59.47 s, sys 2.79 s, maxrss 3124104 KB]
[busy 6574 jiffies]
[exit 0]
--- c2 case 5 rec 2   load 1.00 1.01 1.00
[TEST MARISA]
Processing dataset...
Done!
Building trie...
Done!
build time: 14914.480315 ms (776.077574 ns per key)
space cost: 95.901384 MB (24.950334% of original size 384.369143 MB)
Querying trie...
Done!
total time: 32829.249890 ms, avg latency: 1708.275720 ns
not implemented
14914.480315,95.901384,1708.275720
[PASSED]
[time 63.49 s, user 60.53 s, sys 2.70 s, maxrss 3124328 KB]
[busy 6579 jiffies]
[exit 0]
--- c2 case 6 rec 0   load 0.92 0.99 0.99
[TEST PDT]
Processing dataset...
Done!
Building trie...
dict size: 157462, stream size: 101961129
Done!
build time: 43682.436789 ms (2273.023186 ns per key)
space cost: 121.921515 MB (31.719902% of original size 384.369143 MB)
Querying trie...
Done!
total time: 24822.250650 ms, avg latency: 1291.630124 ns
not implemented
43682.436789,121.921515,1291.630124
[PASSED]
[time 84.29 s, user 81.22 s, sys 2.73 s, maxrss 2357032 KB]
[busy 8696 jiffies]
[exit 0]
--- c2 case 7 rec 0   load 0.90 0.98 0.99
[TEST ART]
Processing dataset...
Done!
Building trie...
Done!
build time: 3870.723795 ms (201.413785 ns per key)
space cost: 660.193787 MB (171.760350% of original size 384.369143 MB)
Querying trie...
Done!
total time: 14343.074878 ms, avg latency: 746.344393 ns
not implemented
3870.723795,660.193787,746.344393
[PASSED]
[time 34.25 s, user 31.94 s, sys 2.16 s, maxrss 3348828 KB]
[busy 3524 jiffies]
[exit 0]
--- c2 case 8 rec 0   load 0.87 0.96 0.99
[TEST CART]
Processing dataset...
Done!
Building trie...
Done!
build time: 5087.129299 ms (264.709657 ns per key)
space cost: 309.770435 MB (80.591910% of original size 384.369143 MB)
Querying trie...
Done!
total time: 16642.959973 ms, avg latency: 866.019313 ns
not implemented
5087.129299,309.770435,866.019313
[PASSED]
[time 37.62 s, user 35.38 s, sys 2.08 s, maxrss 3121040 KB]
[busy 3867 jiffies]
[exit 0]
--- xcdat 7   load 0.93 0.97 1.00
build time: 14112.844538 ms
space cost: 200.832329 MiB (52.249857% of original size 384.369143 MiB)
avg latency: 843.882859 ns
14112.844538,200.832329,843.882859
[time 46.50 s, user 43.62 s, sys 2.68 s, maxrss 2776280 KB]
[busy 4780 jiffies]
[exit 0]
--- xcdat 8   load 0.97 0.98 1.00
build time: 13446.780407 ms
space cost: 193.531822 MiB (50.350510% of original size 384.369143 MiB)
avg latency: 848.395109 ns
13446.780407,193.531822,848.395109
[time 45.78 s, user 42.93 s, sys 2.67 s, maxrss 2755948 KB]
[busy 4717 jiffies]
[exit 0]
--- xcdat 15   load 0.99 0.98 1.00
build time: 14133.907729 ms
space cost: 243.812185 MiB (63.431779% of original size 384.369143 MiB)
avg latency: 641.544172 ns
14133.907729,243.812185,641.544172
[time 42.42 s, user 39.52 s, sys 2.73 s, maxrss 2863228 KB]
[busy 4363 jiffies]
[exit 0]
--- xcdat 16   load 1.00 0.98 1.00
build time: 13467.332248 ms
space cost: 255.921482 MiB (66.582213% of original size 384.369143 MiB)
avg latency: 723.080858 ns
13467.332248,255.921482,723.080858
[time 43.33 s, user 40.39 s, sys 2.76 s, maxrss 2882136 KB]
[busy 4461 jiffies]
[exit 0]

##### urls-full (19217771 lines, 1025524444 bytes)   round 1/3   2026-09-21T22:16:05+03:00
--- lexindex dict32   load 1.00 0.99 1.00
19217771 keys
lexindex DictIndex block 32: build 4071 ms, size 122.189 MiB (6.667 B/key), latency cold 972.5 ns, then mean 966.2 / min 963.4 ns
4071.051,122.189173,972.451
[time 92.97 s, user 119.56 s, sys 2.41 s, maxrss 4288888 KB]
[busy 12521 jiffies]
[exit 0]
--- lexindex dict256   load 0.92 0.98 0.99
19217771 keys
lexindex DictIndex block 256: build 4092 ms, size 97.593 MiB (5.325 B/key), latency cold 875.7 ns, then mean 871.9 / min 870.5 ns
4091.736,97.593429,875.706
[time 85.69 s, user 112.44 s, sys 2.42 s, maxrss 4203776 KB]
[busy 11757 jiffies]
[exit 0]
--- lexindex dict1024   load 1.04 1.00 1.00
19217771 keys
lexindex DictIndex block 1024: build 3952 ms, size 92.824 MiB (5.065 B/key), latency cold 908.5 ns, then mean 904.5 / min 902.9 ns
3951.676,92.823799,908.454
[time 88.02 s, user 114.13 s, sys 2.39 s, maxrss 4187536 KB]
[busy 12025 jiffies]
[exit 0]
--- lexindex string   load 1.01 1.00 1.00
19217771 keys
lexindex StringIndex: build 16392 ms, size 211.562 MiB (11.543 B/key), latency cold 1048.8 ns, then mean 1043.3 / min 1040.0 ns
16391.862,211.561625,1048.789
[time 111.04 s, user 108.57 s, sys 2.03 s, maxrss 4074736 KB]
[busy 11396 jiffies]
[exit 0]
--- c2 case 0 rec 0   load 1.00 1.00 1.00
[TEST C2-FST]
Processing dataset...
Done!
Building trie...
Done!
build time: 23297.670937 ms (1212.298291 ns per key)
space cost: 157.204596 MB (16.380788% of original size 959.688828 MB)
Querying trie...
Done!
total time: 39362.062840 ms, avg latency: 2048.211670 ns
topology: 22.806862 MB, link: 38.339570 MB, data: 96.058164 MB
--- Unary Path Analysis (FST, cutoff=4) ---
  shared unary steps in main trie: 21293763
  terminal suffixes: inplace=3400961 (avg len=2.16)  links=11902981 (77.8% of terminal)
  link len: avg=10.02  max=669  total_chars=119218448
  link length distribution (len:count):  4:1345374  5:1317377  6:1311748  7:1069491  8:848706  9:735790  10:672504  11:538133  12:498982  13:382220  14:371038  15:323229  16:475871  17:217091  18:208751  19:244758  20:239096  21:132362  22:114540  23:102776  24:92051  25:78198  26:68920  27:60449  28:57198  29:44347  30:45228  31:35613  32:30383  33:25880  34:22521  35:19825  36:19368  37:15680  38:13138  39:11749  40:10118  41:8684  42:8895  43:7524  44:6050  45:5613  46:5081  47:4805  48:4862  49:3994  50:3532  51:3254  52:2646  53:2362  54:2508  55:2440  56:1882  57:1587  58:1565  59:1334  60:1390  61:1427  62:1128  63:1070  64:983  65:768  66:802  67:1038  68:690  69:704  70:558  71:558  72:602  73:701  74:495  75:407  76:395  77:345  78:328  79:408  80:400  81:363  82:321  83:252  84:217  85:349  86:247  87:194  88:207  89:172  90:192  91:337  92:212  93:142  94:155  95:126  96:122  97:265  98:180  99:120  100:187  101:117  102:87  103:176  104:145  105:92  106:81  107:72  108:86  109:198  110:131  111:76  112:60  113:78  114:66  115:110  116:98  117:75  118:78  119:82  120:43  121:88  122:75  123:42  124:40  125:42  126:47  127:72  128:67  129:43  130:36  131:35  132:29  133:48  134:47  135:47  136:37  137:52  138:42  139:21  140:36  141:31  142:22  143:36  144:26  145:29  146:45  147:22  148:13  149:19  150:23  151:15  152:28  153:33  154:32  155:29  156:34  157:23  158:14  159:34  160:6  161:13  162:15  163:26  164:29  165:18  166:6  167:13  168:8  169:8  170:15  171:20  172:15  173:19  174:14  175:9  176:14  177:16  178:9  179:7  180:13  181:15  182:13  183:15  184:10  185:10  186:5  187:5  188:15  189:17  190:10  191:11  192:12  193:5  194:6  195:11  196:5  197:4  198:6  199:9  200:7  201:9  202:4  203:4  204:4  205:4  206:8  207:11  208:15  209:9  210:7  211:9  212:2  213:9  214:4  215:4  216:9  217:8  218:11  219:7  220:6  221:6  222:7  223:5  224:4  225:7  226:4  227:5  228:3  229:3  230:2  231:7  232:1  233:2  234:5  235:6  236:6  237:10  238:1  239:2  240:2  241:1  242:2  243:10  244:4  245:6  246:2  247:2  248:4  249:3  251:4  252:6  253:3  254:4  255:4  256:2  257:3  258:2  261:2  262:2  264:3  265:1  268:2  269:3  270:1  271:2  272:1  273:5  274:2  275:1  280:1  286:3  289:1  292:2  293:2  294:2  295:2  296:1  297:1  299:1  300:2  301:1  302:1  303:1  304:1  305:1  306:1  307:2  309:2  310:1  311:1  313:2  314:1  318:4  319:2  322:1  324:1  325:1  327:1  328:3  329:2  331:1  333:1  336:2  339:1  340:2  344:1  345:2  347:1  348:1  350:1  355:1  362:1  363:3  365:1  369:1  379:1  380:1  386:1  397:1  413:1  419:1  423:2  424:1  426:1  437:1  440:1  442:1  446:2  449:1  469:2  482:1  485:1  561:1  567:1  579:1  627:1  649:1  660:1  670:1
23297.670937,157.204596,2048.211670
[PASSED]
[time 83.12 s, user 79.40 s, sys 3.38 s, maxrss 3964360 KB]
[busy 8559 jiffies]
[exit 0]
--- c2 case 0 rec 1   load 1.00 1.00 1.00
[TEST C2-FST]
Processing dataset...
Done!
Building trie...
trie size: 40.030318 MB
Done!
build time: 25944.152912 ms (1350.008433 ns per key)
space cost: 141.883597 MB (14.784334% of original size 959.688828 MB)
Querying trie...
Done!
total time: 44090.520728 ms, avg latency: 2294.257785 ns
topology: 25.271755 MB, link: 38.315668 MB, data: 78.296174 MB
--- Unary Path Analysis (FST, cutoff=4) ---
  shared unary steps in main trie: 21293763
  terminal suffixes: inplace=3400961 (avg len=2.16)  links=11902981 (77.8% of terminal)
  link len: avg=10.02  max=669  total_chars=119218448
  link length distribution (len:count):  4:1345374  5:1317377  6:1311748  7:1069491  8:848706  9:735790  10:672504  11:538133  12:498982  13:382220  14:371038  15:323229  16:475871  17:217091  18:208751  19:244758  20:239096  21:132362  22:114540  23:102776  24:92051  25:78198  26:68920  27:60449  28:57198  29:44347  30:45228  31:35613  32:30383  33:25880  34:22521  35:19825  36:19368  37:15680  38:13138  39:11749  40:10118  41:8684  42:8895  43:7524  44:6050  45:5613  46:5081  47:4805  48:4862  49:3994  50:3532  51:3254  52:2646  53:2362  54:2508  55:2440  56:1882  57:1587  58:1565  59:1334  60:1390  61:1427  62:1128  63:1070  64:983  65:768  66:802  67:1038  68:690  69:704  70:558  71:558  72:602  73:701  74:495  75:407  76:395  77:345  78:328  79:408  80:400  81:363  82:321  83:252  84:217  85:349  86:247  87:194  88:207  89:172  90:192  91:337  92:212  93:142  94:155  95:126  96:122  97:265  98:180  99:120  100:187  101:117  102:87  103:176  104:145  105:92  106:81  107:72  108:86  109:198  110:131  111:76  112:60  113:78  114:66  115:110  116:98  117:75  118:78  119:82  120:43  121:88  122:75  123:42  124:40  125:42  126:47  127:72  128:67  129:43  130:36  131:35  132:29  133:48  134:47  135:47  136:37  137:52  138:42  139:21  140:36  141:31  142:22  143:36  144:26  145:29  146:45  147:22  148:13  149:19  150:23  151:15  152:28  153:33  154:32  155:29  156:34  157:23  158:14  159:34  160:6  161:13  162:15  163:26  164:29  165:18  166:6  167:13  168:8  169:8  170:15  171:20  172:15  173:19  174:14  175:9  176:14  177:16  178:9  179:7  180:13  181:15  182:13  183:15  184:10  185:10  186:5  187:5  188:15  189:17  190:10  191:11  192:12  193:5  194:6  195:11  196:5  197:4  198:6  199:9  200:7  201:9  202:4  203:4  204:4  205:4  206:8  207:11  208:15  209:9  210:7  211:9  212:2  213:9  214:4  215:4  216:9  217:8  218:11  219:7  220:6  221:6  222:7  223:5  224:4  225:7  226:4  227:5  228:3  229:3  230:2  231:7  232:1  233:2  234:5  235:6  236:6  237:10  238:1  239:2  240:2  241:1  242:2  243:10  244:4  245:6  246:2  247:2  248:4  249:3  251:4  252:6  253:3  254:4  255:4  256:2  257:3  258:2  261:2  262:2  264:3  265:1  268:2  269:3  270:1  271:2  272:1  273:5  274:2  275:1  280:1  286:3  289:1  292:2  293:2  294:2  295:2  296:1  297:1  299:1  300:2  301:1  302:1  303:1  304:1  305:1  306:1  307:2  309:2  310:1  311:1  313:2  314:1  318:4  319:2  322:1  324:1  325:1  327:1  328:3  329:2  331:1  333:1  336:2  339:1  340:2  344:1  345:2  347:1  348:1  350:1  355:1  362:1  363:3  365:1  369:1  379:1  380:1  386:1  397:1  413:1  419:1  423:2  424:1  426:1  437:1  440:1  442:1  446:2  449:1  469:2  482:1  485:1  561:1  567:1  579:1  627:1  649:1  660:1  670:1
25944.152912,141.883597,2294.257785
[PASSED]
[time 90.44 s, user 86.73 s, sys 3.34 s, maxrss 3949268 KB]
[busy 9316 jiffies]
[exit 0]
--- c2 case 0 rec 2   load 1.00 1.00 1.00
[TEST C2-FST]
Processing dataset...
Done!
Building trie...
trie size: 40.030318 MB
trie size: 4.353636 MB
Done!
build time: 26694.766555 ms (1389.066742 ns per key)
space cost: 141.883597 MB (14.784334% of original size 959.688828 MB)
Querying trie...
Done!
total time: 43945.516771 ms, avg latency: 2286.712479 ns
topology: 25.271755 MB, link: 38.315668 MB, data: 78.296174 MB
--- Unary Path Analysis (FST, cutoff=4) ---
  shared unary steps in main trie: 21293763
  terminal suffixes: inplace=3400961 (avg len=2.16)  links=11902981 (77.8% of terminal)
  link len: avg=10.02  max=669  total_chars=119218448
  link length distribution (len:count):  4:1345374  5:1317377  6:1311748  7:1069491  8:848706  9:735790  10:672504  11:538133  12:498982  13:382220  14:371038  15:323229  16:475871  17:217091  18:208751  19:244758  20:239096  21:132362  22:114540  23:102776  24:92051  25:78198  26:68920  27:60449  28:57198  29:44347  30:45228  31:35613  32:30383  33:25880  34:22521  35:19825  36:19368  37:15680  38:13138  39:11749  40:10118  41:8684  42:8895  43:7524  44:6050  45:5613  46:5081  47:4805  48:4862  49:3994  50:3532  51:3254  52:2646  53:2362  54:2508  55:2440  56:1882  57:1587  58:1565  59:1334  60:1390  61:1427  62:1128  63:1070  64:983  65:768  66:802  67:1038  68:690  69:704  70:558  71:558  72:602  73:701  74:495  75:407  76:395  77:345  78:328  79:408  80:400  81:363  82:321  83:252  84:217  85:349  86:247  87:194  88:207  89:172  90:192  91:337  92:212  93:142  94:155  95:126  96:122  97:265  98:180  99:120  100:187  101:117  102:87  103:176  104:145  105:92  106:81  107:72  108:86  109:198  110:131  111:76  112:60  113:78  114:66  115:110  116:98  117:75  118:78  119:82  120:43  121:88  122:75  123:42  124:40  125:42  126:47  127:72  128:67  129:43  130:36  131:35  132:29  133:48  134:47  135:47  136:37  137:52  138:42  139:21  140:36  141:31  142:22  143:36  144:26  145:29  146:45  147:22  148:13  149:19  150:23  151:15  152:28  153:33  154:32  155:29  156:34  157:23  158:14  159:34  160:6  161:13  162:15  163:26  164:29  165:18  166:6  167:13  168:8  169:8  170:15  171:20  172:15  173:19  174:14  175:9  176:14  177:16  178:9  179:7  180:13  181:15  182:13  183:15  184:10  185:10  186:5  187:5  188:15  189:17  190:10  191:11  192:12  193:5  194:6  195:11  196:5  197:4  198:6  199:9  200:7  201:9  202:4  203:4  204:4  205:4  206:8  207:11  208:15  209:9  210:7  211:9  212:2  213:9  214:4  215:4  216:9  217:8  218:11  219:7  220:6  221:6  222:7  223:5  224:4  225:7  226:4  227:5  228:3  229:3  230:2  231:7  232:1  233:2  234:5  235:6  236:6  237:10  238:1  239:2  240:2  241:1  242:2  243:10  244:4  245:6  246:2  247:2  248:4  249:3  251:4  252:6  253:3  254:4  255:4  256:2  257:3  258:2  261:2  262:2  264:3  265:1  268:2  269:3  270:1  271:2  272:1  273:5  274:2  275:1  280:1  286:3  289:1  292:2  293:2  294:2  295:2  296:1  297:1  299:1  300:2  301:1  302:1  303:1  304:1  305:1  306:1  307:2  309:2  310:1  311:1  313:2  314:1  318:4  319:2  322:1  324:1  325:1  327:1  328:3  329:2  331:1  333:1  336:2  339:1  340:2  344:1  345:2  347:1  348:1  350:1  355:1  362:1  363:3  365:1  369:1  379:1  380:1  386:1  397:1  413:1  419:1  423:2  424:1  426:1  437:1  440:1  442:1  446:2  449:1  469:2  482:1  485:1  561:1  567:1  579:1  627:1  649:1  660:1  670:1
26694.766555,141.883597,2286.712479
[PASSED]
[time 91.11 s, user 87.41 s, sys 3.33 s, maxrss 3949020 KB]
[busy 9379 jiffies]
[exit 0]
--- c2 case 1 rec 0   load 1.00 1.00 1.00
[TEST C2-CoCo(LOUDS-Sparse)]
Processing dataset...
Done!
Building trie...
Done!
build time: 57043.515827 ms (2968.269100 ns per key)
space cost: 166.786831 MB (17.379261% of original size 959.688828 MB)
Querying trie...
Done!
total time: 36875.727464 ms, avg latency: 1918.834784 ns
topology: 8.240875 MB, link: 59.511438 MB, data: 99.034517 MB
57043.515827,166.786831,1918.834784
[PASSED]
[time 114.36 s, user 108.77 s, sys 5.12 s, maxrss 6962108 KB]
[busy 11750 jiffies]
[exit 0]
--- c2 case 1 rec 1   load 1.00 1.00 1.00
[TEST C2-CoCo(LOUDS-Sparse)]
Processing dataset...
Done!
Building trie...
trie size: 40.030318 MB
Done!
build time: 60160.272447 ms (3130.450063 ns per key)
space cost: 151.465833 MB (15.782807% of original size 959.688828 MB)
Querying trie...
Done!
total time: 41257.977983 ms, avg latency: 2146.865939 ns
topology: 10.705769 MB, link: 59.487536 MB, data: 81.272528 MB
60160.272447,151.465833,2146.865939
[PASSED]
[time 121.83 s, user 116.35 s, sys 4.99 s, maxrss 6756092 KB]
[busy 12508 jiffies]
[exit 0]
--- c2 case 1 rec 2   load 1.02 1.01 1.00
[TEST C2-CoCo(LOUDS-Sparse)]
Processing dataset...
Done!
Building trie...
trie size: 40.030318 MB
trie size: 4.353636 MB
Done!
build time: 60880.697776 ms (3167.937519 ns per key)
space cost: 151.465833 MB (15.782807% of original size 959.688828 MB)
Querying trie...
Done!
total time: 41991.479330 ms, avg latency: 2185.033807 ns
topology: 10.705769 MB, link: 59.487536 MB, data: 81.272528 MB
60880.697776,151.465833,2185.033807
[PASSED]
[time 123.37 s, user 117.92 s, sys 4.95 s, maxrss 6784732 KB]
[busy 12664 jiffies]
[exit 0]
--- c2 case 2 rec 0   load 1.00 1.00 1.00
[TEST C2-MARISA]
Processing dataset...
Done!
Building trie...
trie size: 45.075111 MB
Done!
build time: 23587.965659 ms (1227.403826 ns per key)
space cost: 138.476302 MB (14.429292% of original size 959.688828 MB)
Querying trie...
Done!
total time: 21578.853887 ms, avg latency: 1122.859352 ns
topology: 14.868824 MB, link: 55.686823 MB, data: 67.264405 MB
--- Unary Path Analysis (Marisa, cutoff=3) ---
  branches: 28460243  |  single-char: 8548639 (30.0%)  short-unary: 1945591 (6.8%)  links: 17966013 (63.1%)
  link len: avg=9.78  max=671  total_chars=175768937
  link length distribution (len:count):  3:1972869  4:2199264  5:1749004  6:1615481  7:1551051  8:1264343  9:992335  10:857985  11:753193  12:600312  13:547943  14:421218  15:405124  16:351885  17:501259  18:237429  19:230947  20:259789  21:258094  22:144115  23:124603  24:110740  25:98738  26:84393  27:74483  28:65715  29:61709  30:48240  31:48966  32:39093  33:33713  34:29115  35:25218  36:22019  37:21378  38:17405  39:14534  40:12866  41:11052  42:9335  43:9786  44:7969  45:6405  46:5948  47:5349  48:5084  49:5151  50:4194  51:3709  52:3392  53:2780  54:2525  55:2625  56:2535  57:1971  58:1690  59:1626  60:1409  61:1463  62:1485  63:1178  64:1120  65:1022  66:831  67:837  68:1086  69:712  70:745  71:593  72:578  73:636  74:730  75:520  76:429  77:414  78:363  79:342  80:427  81:418  82:377  83:334  84:258  85:228  86:362  87:261  88:199  89:212  90:179  91:201  92:346  93:221  94:147  95:160  96:127  97:130  98:272  99:190  100:129  101:190  102:120  103:94  104:182  105:151  106:98  107:84  108:75  109:88  110:205  111:135  112:78  113:63  114:78  115:73  116:114  117:100  118:77  119:83  120:85  121:45  122:88  123:78  124:44  125:42  126:45  127:48  128:74  129:71  130:43  131:38  132:36  133:30  134:48  135:48  136:48  137:38  138:53  139:43  140:21  141:36  142:31  143:23  144:36  145:29  146:29  147:45  148:23  149:14  150:20  151:23  152:15  153:30  154:35  155:33  156:30  157:35  158:23  159:16  160:37  161:7  162:13  163:15  164:27  165:30  166:19  167:6  168:13  169:9  170:8  171:15  172:20  173:15  174:19  175:14  176:9  177:15  178:17  179:9  180:8  181:13  182:16  183:13  184:16  185:11  186:10  187:5  188:5  189:15  190:18  191:10  192:11  193:12  194:5  195:6  196:11  197:5  198:5  199:7  200:10  201:7  202:10  203:6  204:4  205:4  206:6  207:9  208:11  209:17  210:10  211:7  212:9  213:2  214:9  215:5  216:4  217:9  218:9  219:11  220:7  221:7  222:6  223:7  224:5  225:4  226:7  227:4  228:5  229:3  230:3  231:2  232:9  233:1  234:2  235:5  236:6  237:6  238:10  239:1  240:2  241:2  242:2  243:3  244:10  245:4  246:6  247:2  248:2  249:4  250:3  252:4  253:6  254:3  255:4  256:4  257:2  258:3  259:2  262:2  263:3  265:3  266:1  269:2  270:3  271:1  272:2  273:1  274:5  275:2  276:1  281:1  287:3  290:1  293:2  294:2  295:2  296:2  297:1  298:1  300:1  301:2  302:1  303:1  304:1  305:1  306:2  307:1  308:2  310:2  311:1  312:1  314:2  315:1  319:4  320:2  323:1  325:1  326:1  328:1  329:3  330:2  332:1  334:1  337:2  340:1  341:2  345:1  346:2  348:1  349:1  351:1  356:1  363:1  364:3  366:1  370:1  380:1  381:1  387:1  398:1  414:1  420:1  424:2  425:1  427:1  438:1  441:1  443:1  447:2  450:1  470:2  483:1  486:1  562:1  568:1  580:1  628:1  650:1  661:1  671:1
  short unary avg len: 2.00
23587.965659,138.476302,1122.859352
[PASSED]
[time 65.67 s, user 61.74 s, sys 3.65 s, maxrss 3946096 KB]
[busy 6760 jiffies]
[exit 0]
--- c2 case 2 rec 1   load 1.00 1.01 1.00
[TEST C2-MARISA]
Processing dataset...
Done!
Building trie...
trie size: 45.075111 MB
trie size: 58.782683 MB
Done!
build time: 27186.423574 ms (1414.650199 ns per key)
space cost: 115.871891 MB (12.073902% of original size 959.688828 MB)
Querying trie...
Done!
total time: 27982.693645 ms, avg latency: 1456.084249 ns
topology: 18.043312 MB, link: 53.061511 MB, data: 44.110818 MB
--- Unary Path Analysis (Marisa, cutoff=3) ---
  branches: 28460243  |  single-char: 8548639 (30.0%)  short-unary: 1945591 (6.8%)  links: 17966013 (63.1%)
  link len: avg=9.78  max=671  total_chars=175768937
  link length distribution (len:count):  3:1972869  4:2199264  5:1749004  6:1615481  7:1551051  8:1264343  9:992335  10:857985  11:753193  12:600312  13:547943  14:421218  15:405124  16:351885  17:501259  18:237429  19:230947  20:259789  21:258094  22:144115  23:124603  24:110740  25:98738  26:84393  27:74483  28:65715  29:61709  30:48240  31:48966  32:39093  33:33713  34:29115  35:25218  36:22019  37:21378  38:17405  39:14534  40:12866  41:11052  42:9335  43:9786  44:7969  45:6405  46:5948  47:5349  48:5084  49:5151  50:4194  51:3709  52:3392  53:2780  54:2525  55:2625  56:2535  57:1971  58:1690  59:1626  60:1409  61:1463  62:1485  63:1178  64:1120  65:1022  66:831  67:837  68:1086  69:712  70:745  71:593  72:578  73:636  74:730  75:520  76:429  77:414  78:363  79:342  80:427  81:418  82:377  83:334  84:258  85:228  86:362  87:261  88:199  89:212  90:179  91:201  92:346  93:221  94:147  95:160  96:127  97:130  98:272  99:190  100:129  101:190  102:120  103:94  104:182  105:151  106:98  107:84  108:75  109:88  110:205  111:135  112:78  113:63  114:78  115:73  116:114  117:100  118:77  119:83  120:85  121:45  122:88  123:78  124:44  125:42  126:45  127:48  128:74  129:71  130:43  131:38  132:36  133:30  134:48  135:48  136:48  137:38  138:53  139:43  140:21  141:36  142:31  143:23  144:36  145:29  146:29  147:45  148:23  149:14  150:20  151:23  152:15  153:30  154:35  155:33  156:30  157:35  158:23  159:16  160:37  161:7  162:13  163:15  164:27  165:30  166:19  167:6  168:13  169:9  170:8  171:15  172:20  173:15  174:19  175:14  176:9  177:15  178:17  179:9  180:8  181:13  182:16  183:13  184:16  185:11  186:10  187:5  188:5  189:15  190:18  191:10  192:11  193:12  194:5  195:6  196:11  197:5  198:5  199:7  200:10  201:7  202:10  203:6  204:4  205:4  206:6  207:9  208:11  209:17  210:10  211:7  212:9  213:2  214:9  215:5  216:4  217:9  218:9  219:11  220:7  221:7  222:6  223:7  224:5  225:4  226:7  227:4  228:5  229:3  230:3  231:2  232:9  233:1  234:2  235:5  236:6  237:6  238:10  239:1  240:2  241:2  242:2  243:3  244:10  245:4  246:6  247:2  248:2  249:4  250:3  252:4  253:6  254:3  255:4  256:4  257:2  258:3  259:2  262:2  263:3  265:3  266:1  269:2  270:3  271:1  272:2  273:1  274:5  275:2  276:1  281:1  287:3  290:1  293:2  294:2  295:2  296:2  297:1  298:1  300:1  301:2  302:1  303:1  304:1  305:1  306:2  307:1  308:2  310:2  311:1  312:1  314:2  315:1  319:4  320:2  323:1  325:1  326:1  328:1  329:3  330:2  332:1  334:1  337:2  340:1  341:2  345:1  346:2  348:1  349:1  351:1  356:1  363:1  364:3  366:1  370:1  380:1  381:1  387:1  398:1  414:1  420:1  424:2  425:1  427:1  438:1  441:1  443:1  447:2  450:1  470:2  483:1  486:1  562:1  568:1  580:1  628:1  650:1  661:1  671:1
  short unary avg len: 2.00
27186.423574,115.871891,1456.084249
[PASSED]
[time 75.65 s, user 71.66 s, sys 3.67 s, maxrss 3923528 KB]
[busy 7770 jiffies]
[exit 0]
--- c2 case 2 rec 2   load 1.00 1.00 1.00
[TEST C2-MARISA]
Processing dataset...
Done!
Building trie...
trie size: 45.075111 MB
trie size: 58.782683 MB
trie size: 5.377936 MB
Done!
build time: 27900.965755 ms (1451.831524 ns per key)
space cost: 115.871891 MB (12.073902% of original size 959.688828 MB)
Querying trie...
Done!
total time: 28191.800284 ms, avg latency: 1466.965148 ns
topology: 18.043312 MB, link: 53.061511 MB, data: 44.110818 MB
--- Unary Path Analysis (Marisa, cutoff=3) ---
  branches: 28460243  |  single-char: 8548639 (30.0%)  short-unary: 1945591 (6.8%)  links: 17966013 (63.1%)
  link len: avg=9.78  max=671  total_chars=175768937
  link length distribution (len:count):  3:1972869  4:2199264  5:1749004  6:1615481  7:1551051  8:1264343  9:992335  10:857985  11:753193  12:600312  13:547943  14:421218  15:405124  16:351885  17:501259  18:237429  19:230947  20:259789  21:258094  22:144115  23:124603  24:110740  25:98738  26:84393  27:74483  28:65715  29:61709  30:48240  31:48966  32:39093  33:33713  34:29115  35:25218  36:22019  37:21378  38:17405  39:14534  40:12866  41:11052  42:9335  43:9786  44:7969  45:6405  46:5948  47:5349  48:5084  49:5151  50:4194  51:3709  52:3392  53:2780  54:2525  55:2625  56:2535  57:1971  58:1690  59:1626  60:1409  61:1463  62:1485  63:1178  64:1120  65:1022  66:831  67:837  68:1086  69:712  70:745  71:593  72:578  73:636  74:730  75:520  76:429  77:414  78:363  79:342  80:427  81:418  82:377  83:334  84:258  85:228  86:362  87:261  88:199  89:212  90:179  91:201  92:346  93:221  94:147  95:160  96:127  97:130  98:272  99:190  100:129  101:190  102:120  103:94  104:182  105:151  106:98  107:84  108:75  109:88  110:205  111:135  112:78  113:63  114:78  115:73  116:114  117:100  118:77  119:83  120:85  121:45  122:88  123:78  124:44  125:42  126:45  127:48  128:74  129:71  130:43  131:38  132:36  133:30  134:48  135:48  136:48  137:38  138:53  139:43  140:21  141:36  142:31  143:23  144:36  145:29  146:29  147:45  148:23  149:14  150:20  151:23  152:15  153:30  154:35  155:33  156:30  157:35  158:23  159:16  160:37  161:7  162:13  163:15  164:27  165:30  166:19  167:6  168:13  169:9  170:8  171:15  172:20  173:15  174:19  175:14  176:9  177:15  178:17  179:9  180:8  181:13  182:16  183:13  184:16  185:11  186:10  187:5  188:5  189:15  190:18  191:10  192:11  193:12  194:5  195:6  196:11  197:5  198:5  199:7  200:10  201:7  202:10  203:6  204:4  205:4  206:6  207:9  208:11  209:17  210:10  211:7  212:9  213:2  214:9  215:5  216:4  217:9  218:9  219:11  220:7  221:7  222:6  223:7  224:5  225:4  226:7  227:4  228:5  229:3  230:3  231:2  232:9  233:1  234:2  235:5  236:6  237:6  238:10  239:1  240:2  241:2  242:2  243:3  244:10  245:4  246:6  247:2  248:2  249:4  250:3  252:4  253:6  254:3  255:4  256:4  257:2  258:3  259:2  262:2  263:3  265:3  266:1  269:2  270:3  271:1  272:2  273:1  274:5  275:2  276:1  281:1  287:3  290:1  293:2  294:2  295:2  296:2  297:1  298:1  300:1  301:2  302:1  303:1  304:1  305:1  306:2  307:1  308:2  310:2  311:1  312:1  314:2  315:1  319:4  320:2  323:1  325:1  326:1  328:1  329:3  330:2  332:1  334:1  337:2  340:1  341:2  345:1  346:2  348:1  349:1  351:1  356:1  363:1  364:3  366:1  370:1  380:1  381:1  387:1  398:1  414:1  420:1  424:2  425:1  427:1  438:1  441:1  443:1  447:2  450:1  470:2  483:1  486:1  562:1  568:1  580:1  628:1  650:1  661:1  671:1
  short unary avg len: 2.00
27900.965755,115.871891,1466.965148
[PASSED]
[time 76.52 s, user 72.65 s, sys 3.55 s, maxrss 3923184 KB]
[busy 7874 jiffies]
[exit 0]
--- c2 case 3 rec 0   load 1.00 1.00 1.00
[TEST FST]
Processing dataset...
Done!
Building trie...
Done!
build time: 31018.728542 ms (1614.064844 ns per key)
space cost: 159.945154 MB (16.666356% of original size 959.688828 MB)
Querying trie...
Done!
total time: 51400.733370 ms, avg latency: 2674.645950 ns
not implemented
31018.728542,159.945154,2674.645950
[PASSED]
[time 102.85 s, user 99.80 s, sys 2.63 s, maxrss 3965856 KB]
[busy 10557 jiffies]
[exit 0]
--- c2 case 4 rec 0   load 1.00 1.00 1.00
terminate called after throwing an instance of 'std::bad_alloc'
  what():  std::bad_alloc
timeout: the monitored command dumped core
Command terminated by signal 6
[time 43.48 s, user 31.39 s, sys 11.86 s, maxrss 27548372 KB]
[busy 4504 jiffies]
[exit 134]
--- c2 case 5 rec 0   load 1.00 1.00 1.00
[TEST MARISA]
Processing dataset...
Done!
Building trie...
Done!
build time: 21185.174869 ms (1102.374197 ns per key)
space cost: 133.804929 MB (13.942533% of original size 959.688828 MB)
Querying trie...
Done!
total time: 25654.308807 ms, avg latency: 1334.926345 ns
not implemented
21185.174869,133.804929,1334.926345
[PASSED]
[time 66.74 s, user 63.18 s, sys 3.29 s, maxrss 4525176 KB]
[busy 6881 jiffies]
[exit 0]
--- c2 case 5 rec 1   load 0.92 0.98 0.99
[TEST MARISA]
Processing dataset...
Done!
Building trie...
Done!
build time: 23171.192796 ms (1205.716979 ns per key)
space cost: 102.444633 MB (10.674776% of original size 959.688828 MB)
Querying trie...
Done!
total time: 33021.194997 ms, avg latency: 1718.263528 ns
not implemented
23171.192796,102.444633,1718.263528
[PASSED]
[time 76.19 s, user 72.48 s, sys 3.40 s, maxrss 4524892 KB]
[busy 7847 jiffies]
[exit 0]
--- c2 case 5 rec 2   load 0.98 0.99 1.00
[TEST MARISA]
Processing dataset...
Done!
Building trie...
Done!
build time: 23275.529294 ms (1211.146147 ns per key)
space cost: 97.604103 MB (10.170391% of original size 959.688828 MB)
Querying trie...
Done!
total time: 35919.569109 ms, avg latency: 1869.080920 ns
not implemented
23275.529294,97.604103,1869.080920
[PASSED]
[time 79.11 s, user 75.47 s, sys 3.31 s, maxrss 4524836 KB]
[busy 8131 jiffies]
[exit 0]
--- c2 case 6 rec 0   load 1.04 1.01 1.00
[TEST PDT]
Processing dataset...
Done!
Building trie...
dict size: 156158, stream size: 104376727
Done!
build time: 46854.635275 ms (2438.088958 ns per key)
space cost: 124.223966 MB (12.944192% of original size 959.688828 MB)
Querying trie...
Done!
total time: 27180.615456 ms, avg latency: 1414.347973 ns
not implemented
46854.635275,124.223966,1414.347973
[PASSED]
[time 94.53 s, user 90.63 s, sys 3.52 s, maxrss 3931852 KB]
[busy 9713 jiffies]
[exit 0]
--- c2 case 7 rec 0   load 1.01 1.00 1.00
[TEST ART]
Processing dataset...
Done!
Building trie...
Done!
build time: 7178.215976 ms (373.519696 ns per key)
space cost: 663.573662 MB (69.144669% of original size 959.688828 MB)
Querying trie...
Done!
total time: 19369.395491 ms, avg latency: 1007.889806 ns
not implemented
7178.215976,663.573662,1007.889806
[PASSED]
[time 47.13 s, user 43.81 s, sys 3.13 s, maxrss 5548916 KB]
[busy 4837 jiffies]
[exit 0]
--- c2 case 8 rec 0   load 1.00 1.00 1.00
[TEST CART]
Processing dataset...
Done!
Building trie...
Done!
build time: 8296.071328 ms (431.687490 ns per key)
space cost: 314.909278 MB (32.813686% of original size 959.688828 MB)
Querying trie...
Done!
total time: 21269.203013 ms, avg latency: 1106.746616 ns
not implemented
8296.071328,314.909278,1106.746616
[PASSED]
[time 50.22 s, user 46.91 s, sys 3.10 s, maxrss 5326980 KB]
[busy 5164 jiffies]
[exit 0]
--- xcdat 7   load 1.04 1.01 1.00
build time: 24535.376821 ms
space cost: 209.893179 MiB (21.870962% of original size 959.688828 MiB)
avg latency: 1002.927800 ns
24535.376821,209.893179,1002.927800
[time 64.18 s, user 60.45 s, sys 3.47 s, maxrss 4018628 KB]
[busy 6606 jiffies]
[exit 0]
--- xcdat 8   load 1.14 1.04 1.01
build time: 23697.461290 ms
space cost: 203.113648 MiB (21.164532% of original size 959.688828 MiB)
avg latency: 992.736050 ns
23697.461290,203.113648,992.736050
[time 63.13 s, user 59.52 s, sys 3.35 s, maxrss 4011568 KB]
[busy 6497 jiffies]
[exit 0]
--- xcdat 15   load 1.05 1.03 1.00
build time: 24611.358911 ms
space cost: 257.037476 MiB (26.783419% of original size 959.688828 MiB)
avg latency: 824.385265 ns
24611.358911,257.037476,824.385265
[time 60.84 s, user 57.13 s, sys 3.46 s, maxrss 4066620 KB]
[busy 6285 jiffies]
[exit 0]
--- xcdat 16   load 1.02 1.02 1.00
build time: 23798.259687 ms
space cost: 269.901646 MiB (28.123871% of original size 959.688828 MiB)
avg latency: 866.829537 ns
23798.259687,269.901646,866.829537
[time 60.87 s, user 57.15 s, sys 3.47 s, maxrss 4080144 KB]
[busy 6265 jiffies]
[exit 0]

##### urls-full (19217771 lines, 1025524444 bytes)   round 2/3   2026-09-21T22:50:20+03:00
--- xcdat 16   load 1.00 1.02 1.00
build time: 23686.840566 ms
space cost: 269.901646 MiB (28.123871% of original size 959.688828 MiB)
avg latency: 872.025244 ns
23686.840566,269.901646,872.025244
[time 60.75 s, user 57.09 s, sys 3.41 s, maxrss 4079704 KB]
[busy 6258 jiffies]
[exit 0]
--- xcdat 15   load 1.00 1.01 1.00
build time: 24609.193469 ms
space cost: 257.037476 MiB (26.783419% of original size 959.688828 MiB)
avg latency: 800.183607 ns
24609.193469,257.037476,800.183607
[time 60.41 s, user 56.79 s, sys 3.38 s, maxrss 4066572 KB]
[busy 6225 jiffies]
[exit 0]
--- xcdat 8   load 1.00 1.00 1.00
build time: 23820.939502 ms
space cost: 203.113648 MiB (21.164532% of original size 959.688828 MiB)
avg latency: 980.622085 ns
23820.939502,203.113648,980.622085
[time 63.08 s, user 59.41 s, sys 3.41 s, maxrss 4011132 KB]
[busy 6491 jiffies]
[exit 0]
--- xcdat 7   load 1.04 1.02 1.00
build time: 24490.145655 ms
space cost: 209.893179 MiB (21.870962% of original size 959.688828 MiB)
avg latency: 1050.644597 ns
24490.145655,209.893179,1050.644597
[time 65.11 s, user 61.41 s, sys 3.44 s, maxrss 4018616 KB]
[busy 6698 jiffies]
[exit 0]
--- c2 case 8 rec 0   load 1.01 1.01 1.00
[TEST CART]
Processing dataset...
Done!
Building trie...
Done!
build time: 8322.450500 ms (433.060135 ns per key)
space cost: 314.909278 MB (32.813686% of original size 959.688828 MB)
Querying trie...
Done!
total time: 21685.258890 ms, avg latency: 1128.396154 ns
not implemented
8322.450500,314.909278,1128.396154
[PASSED]
[time 50.70 s, user 47.44 s, sys 3.05 s, maxrss 5327244 KB]
[busy 5220 jiffies]
[exit 0]
--- c2 case 7 rec 0   load 1.00 1.00 1.00
[TEST ART]
Processing dataset...
Done!
Building trie...
Done!
build time: 7203.499429 ms (374.835325 ns per key)
space cost: 663.573662 MB (69.144669% of original size 959.688828 MB)
Querying trie...
Done!
total time: 19649.730641 ms, avg latency: 1022.477094 ns
not implemented
7203.499429,663.573662,1022.477094
[PASSED]
[time 47.47 s, user 44.09 s, sys 3.18 s, maxrss 5549104 KB]
[busy 4882 jiffies]
[exit 0]
--- c2 case 6 rec 0   load 1.04 1.02 1.00
[TEST PDT]
Processing dataset...
Done!
Building trie...
dict size: 156158, stream size: 104376727
Done!
build time: 46942.287068 ms (2442.649934 ns per key)
space cost: 124.223966 MB (12.944192% of original size 959.688828 MB)
Querying trie...
Done!
total time: 27146.291957 ms, avg latency: 1412.561944 ns
not implemented
46942.287068,124.223966,1412.561944
[PASSED]
[time 94.64 s, user 90.70 s, sys 3.55 s, maxrss 3932008 KB]
[busy 9744 jiffies]
[exit 0]
--- c2 case 5 rec 2   load 0.95 1.01 0.99
[TEST MARISA]
Processing dataset...
Done!
Building trie...
Done!
build time: 23116.045448 ms (1202.847377 ns per key)
space cost: 97.604103 MB (10.170391% of original size 959.688828 MB)
Querying trie...
Done!
total time: 34789.498217 ms, avg latency: 1810.277488 ns
not implemented
23116.045448,97.604103,1810.277488
[PASSED]
[time 78.44 s, user 74.83 s, sys 3.28 s, maxrss 4525200 KB]
[busy 8060 jiffies]
[exit 0]
--- c2 case 5 rec 1   load 0.99 1.00 1.00
[TEST MARISA]
Processing dataset...
Done!
Building trie...
Done!
build time: 23003.731796 ms (1197.003117 ns per key)
space cost: 102.444633 MB (10.674776% of original size 959.688828 MB)
Querying trie...
Done!
total time: 33087.979995 ms, avg latency: 1721.738697 ns
not implemented
23003.731796,102.444633,1721.738697
[PASSED]
[time 75.90 s, user 72.20 s, sys 3.39 s, maxrss 4524980 KB]
[busy 7812 jiffies]
[exit 0]
--- c2 case 5 rec 0   load 1.06 1.03 1.01
[TEST MARISA]
Processing dataset...
Done!
Building trie...
Done!
build time: 21078.371235 ms (1096.816651 ns per key)
space cost: 133.804929 MB (13.942533% of original size 959.688828 MB)
Querying trie...
Done!
total time: 26259.414565 ms, avg latency: 1366.413127 ns
not implemented
21078.371235,133.804929,1366.413127
[PASSED]
[time 67.22 s, user 63.68 s, sys 3.27 s, maxrss 4524972 KB]
[busy 6926 jiffies]
[exit 0]
--- c2 case 4 rec 0   skipped: exit 134 in round 1
--- c2 case 3 rec 0   load 0.94 1.00 0.99
[TEST FST]
Processing dataset...
Done!
Building trie...
Done!
build time: 31043.499568 ms (1615.353808 ns per key)
space cost: 159.945154 MB (16.666356% of original size 959.688828 MB)
Querying trie...
Done!
total time: 50265.143089 ms, avg latency: 2615.555315 ns
not implemented
31043.499568,159.945154,2615.555315
[PASSED]
[time 101.79 s, user 98.83 s, sys 2.54 s, maxrss 3965776 KB]
[busy 10441 jiffies]
[exit 0]
--- c2 case 2 rec 2   load 0.99 1.00 1.00
[TEST C2-MARISA]
Processing dataset...
Done!
Building trie...
trie size: 45.075111 MB
trie size: 58.782683 MB
trie size: 5.377936 MB
Done!
build time: 27983.567514 ms (1456.129720 ns per key)
space cost: 115.871891 MB (12.073902% of original size 959.688828 MB)
Querying trie...
Done!
total time: 28173.935362 ms, avg latency: 1466.035544 ns
topology: 18.043312 MB, link: 53.061511 MB, data: 44.110818 MB
--- Unary Path Analysis (Marisa, cutoff=3) ---
  branches: 28460243  |  single-char: 8548639 (30.0%)  short-unary: 1945591 (6.8%)  links: 17966013 (63.1%)
  link len: avg=9.78  max=671  total_chars=175768937
  link length distribution (len:count):  3:1972869  4:2199264  5:1749004  6:1615481  7:1551051  8:1264343  9:992335  10:857985  11:753193  12:600312  13:547943  14:421218  15:405124  16:351885  17:501259  18:237429  19:230947  20:259789  21:258094  22:144115  23:124603  24:110740  25:98738  26:84393  27:74483  28:65715  29:61709  30:48240  31:48966  32:39093  33:33713  34:29115  35:25218  36:22019  37:21378  38:17405  39:14534  40:12866  41:11052  42:9335  43:9786  44:7969  45:6405  46:5948  47:5349  48:5084  49:5151  50:4194  51:3709  52:3392  53:2780  54:2525  55:2625  56:2535  57:1971  58:1690  59:1626  60:1409  61:1463  62:1485  63:1178  64:1120  65:1022  66:831  67:837  68:1086  69:712  70:745  71:593  72:578  73:636  74:730  75:520  76:429  77:414  78:363  79:342  80:427  81:418  82:377  83:334  84:258  85:228  86:362  87:261  88:199  89:212  90:179  91:201  92:346  93:221  94:147  95:160  96:127  97:130  98:272  99:190  100:129  101:190  102:120  103:94  104:182  105:151  106:98  107:84  108:75  109:88  110:205  111:135  112:78  113:63  114:78  115:73  116:114  117:100  118:77  119:83  120:85  121:45  122:88  123:78  124:44  125:42  126:45  127:48  128:74  129:71  130:43  131:38  132:36  133:30  134:48  135:48  136:48  137:38  138:53  139:43  140:21  141:36  142:31  143:23  144:36  145:29  146:29  147:45  148:23  149:14  150:20  151:23  152:15  153:30  154:35  155:33  156:30  157:35  158:23  159:16  160:37  161:7  162:13  163:15  164:27  165:30  166:19  167:6  168:13  169:9  170:8  171:15  172:20  173:15  174:19  175:14  176:9  177:15  178:17  179:9  180:8  181:13  182:16  183:13  184:16  185:11  186:10  187:5  188:5  189:15  190:18  191:10  192:11  193:12  194:5  195:6  196:11  197:5  198:5  199:7  200:10  201:7  202:10  203:6  204:4  205:4  206:6  207:9  208:11  209:17  210:10  211:7  212:9  213:2  214:9  215:5  216:4  217:9  218:9  219:11  220:7  221:7  222:6  223:7  224:5  225:4  226:7  227:4  228:5  229:3  230:3  231:2  232:9  233:1  234:2  235:5  236:6  237:6  238:10  239:1  240:2  241:2  242:2  243:3  244:10  245:4  246:6  247:2  248:2  249:4  250:3  252:4  253:6  254:3  255:4  256:4  257:2  258:3  259:2  262:2  263:3  265:3  266:1  269:2  270:3  271:1  272:2  273:1  274:5  275:2  276:1  281:1  287:3  290:1  293:2  294:2  295:2  296:2  297:1  298:1  300:1  301:2  302:1  303:1  304:1  305:1  306:2  307:1  308:2  310:2  311:1  312:1  314:2  315:1  319:4  320:2  323:1  325:1  326:1  328:1  329:3  330:2  332:1  334:1  337:2  340:1  341:2  345:1  346:2  348:1  349:1  351:1  356:1  363:1  364:3  366:1  370:1  380:1  381:1  387:1  398:1  414:1  420:1  424:2  425:1  427:1  438:1  441:1  443:1  447:2  450:1  470:2  483:1  486:1  562:1  568:1  580:1  628:1  650:1  661:1  671:1
  short unary avg len: 2.00
27983.567514,115.871891,1466.035544
[PASSED]
[time 76.66 s, user 72.69 s, sys 3.66 s, maxrss 3923652 KB]
[busy 7875 jiffies]
[exit 0]
--- c2 case 2 rec 1   load 0.99 1.00 1.00
[TEST C2-MARISA]
Processing dataset...
Done!
Building trie...
trie size: 45.075111 MB
trie size: 58.782683 MB
Done!
build time: 27234.645442 ms (1417.159432 ns per key)
space cost: 115.871891 MB (12.073902% of original size 959.688828 MB)
Querying trie...
Done!
total time: 28049.240066 ms, avg latency: 1459.547003 ns
topology: 18.043312 MB, link: 53.061511 MB, data: 44.110818 MB
--- Unary Path Analysis (Marisa, cutoff=3) ---
  branches: 28460243  |  single-char: 8548639 (30.0%)  short-unary: 1945591 (6.8%)  links: 17966013 (63.1%)
  link len: avg=9.78  max=671  total_chars=175768937
  link length distribution (len:count):  3:1972869  4:2199264  5:1749004  6:1615481  7:1551051  8:1264343  9:992335  10:857985  11:753193  12:600312  13:547943  14:421218  15:405124  16:351885  17:501259  18:237429  19:230947  20:259789  21:258094  22:144115  23:124603  24:110740  25:98738  26:84393  27:74483  28:65715  29:61709  30:48240  31:48966  32:39093  33:33713  34:29115  35:25218  36:22019  37:21378  38:17405  39:14534  40:12866  41:11052  42:9335  43:9786  44:7969  45:6405  46:5948  47:5349  48:5084  49:5151  50:4194  51:3709  52:3392  53:2780  54:2525  55:2625  56:2535  57:1971  58:1690  59:1626  60:1409  61:1463  62:1485  63:1178  64:1120  65:1022  66:831  67:837  68:1086  69:712  70:745  71:593  72:578  73:636  74:730  75:520  76:429  77:414  78:363  79:342  80:427  81:418  82:377  83:334  84:258  85:228  86:362  87:261  88:199  89:212  90:179  91:201  92:346  93:221  94:147  95:160  96:127  97:130  98:272  99:190  100:129  101:190  102:120  103:94  104:182  105:151  106:98  107:84  108:75  109:88  110:205  111:135  112:78  113:63  114:78  115:73  116:114  117:100  118:77  119:83  120:85  121:45  122:88  123:78  124:44  125:42  126:45  127:48  128:74  129:71  130:43  131:38  132:36  133:30  134:48  135:48  136:48  137:38  138:53  139:43  140:21  141:36  142:31  143:23  144:36  145:29  146:29  147:45  148:23  149:14  150:20  151:23  152:15  153:30  154:35  155:33  156:30  157:35  158:23  159:16  160:37  161:7  162:13  163:15  164:27  165:30  166:19  167:6  168:13  169:9  170:8  171:15  172:20  173:15  174:19  175:14  176:9  177:15  178:17  179:9  180:8  181:13  182:16  183:13  184:16  185:11  186:10  187:5  188:5  189:15  190:18  191:10  192:11  193:12  194:5  195:6  196:11  197:5  198:5  199:7  200:10  201:7  202:10  203:6  204:4  205:4  206:6  207:9  208:11  209:17  210:10  211:7  212:9  213:2  214:9  215:5  216:4  217:9  218:9  219:11  220:7  221:7  222:6  223:7  224:5  225:4  226:7  227:4  228:5  229:3  230:3  231:2  232:9  233:1  234:2  235:5  236:6  237:6  238:10  239:1  240:2  241:2  242:2  243:3  244:10  245:4  246:6  247:2  248:2  249:4  250:3  252:4  253:6  254:3  255:4  256:4  257:2  258:3  259:2  262:2  263:3  265:3  266:1  269:2  270:3  271:1  272:2  273:1  274:5  275:2  276:1  281:1  287:3  290:1  293:2  294:2  295:2  296:2  297:1  298:1  300:1  301:2  302:1  303:1  304:1  305:1  306:2  307:1  308:2  310:2  311:1  312:1  314:2  315:1  319:4  320:2  323:1  325:1  326:1  328:1  329:3  330:2  332:1  334:1  337:2  340:1  341:2  345:1  346:2  348:1  349:1  351:1  356:1  363:1  364:3  366:1  370:1  380:1  381:1  387:1  398:1  414:1  420:1  424:2  425:1  427:1  438:1  441:1  443:1  447:2  450:1  470:2  483:1  486:1  562:1  568:1  580:1  628:1  650:1  661:1  671:1
  short unary avg len: 2.00
27234.645442,115.871891,1459.547003
[PASSED]
[time 75.78 s, user 71.75 s, sys 3.72 s, maxrss 3923356 KB]
[busy 7798 jiffies]
[exit 0]
--- c2 case 2 rec 0   load 1.00 1.00 1.00
[TEST C2-MARISA]
Processing dataset...
Done!
Building trie...
trie size: 45.075111 MB
Done!
build time: 23794.407090 ms (1238.146041 ns per key)
space cost: 138.476302 MB (14.429292% of original size 959.688828 MB)
Querying trie...
Done!
total time: 21436.463568 ms, avg latency: 1115.450047 ns
topology: 14.868824 MB, link: 55.686823 MB, data: 67.264405 MB
--- Unary Path Analysis (Marisa, cutoff=3) ---
  branches: 28460243  |  single-char: 8548639 (30.0%)  short-unary: 1945591 (6.8%)  links: 17966013 (63.1%)
  link len: avg=9.78  max=671  total_chars=175768937
  link length distribution (len:count):  3:1972869  4:2199264  5:1749004  6:1615481  7:1551051  8:1264343  9:992335  10:857985  11:753193  12:600312  13:547943  14:421218  15:405124  16:351885  17:501259  18:237429  19:230947  20:259789  21:258094  22:144115  23:124603  24:110740  25:98738  26:84393  27:74483  28:65715  29:61709  30:48240  31:48966  32:39093  33:33713  34:29115  35:25218  36:22019  37:21378  38:17405  39:14534  40:12866  41:11052  42:9335  43:9786  44:7969  45:6405  46:5948  47:5349  48:5084  49:5151  50:4194  51:3709  52:3392  53:2780  54:2525  55:2625  56:2535  57:1971  58:1690  59:1626  60:1409  61:1463  62:1485  63:1178  64:1120  65:1022  66:831  67:837  68:1086  69:712  70:745  71:593  72:578  73:636  74:730  75:520  76:429  77:414  78:363  79:342  80:427  81:418  82:377  83:334  84:258  85:228  86:362  87:261  88:199  89:212  90:179  91:201  92:346  93:221  94:147  95:160  96:127  97:130  98:272  99:190  100:129  101:190  102:120  103:94  104:182  105:151  106:98  107:84  108:75  109:88  110:205  111:135  112:78  113:63  114:78  115:73  116:114  117:100  118:77  119:83  120:85  121:45  122:88  123:78  124:44  125:42  126:45  127:48  128:74  129:71  130:43  131:38  132:36  133:30  134:48  135:48  136:48  137:38  138:53  139:43  140:21  141:36  142:31  143:23  144:36  145:29  146:29  147:45  148:23  149:14  150:20  151:23  152:15  153:30  154:35  155:33  156:30  157:35  158:23  159:16  160:37  161:7  162:13  163:15  164:27  165:30  166:19  167:6  168:13  169:9  170:8  171:15  172:20  173:15  174:19  175:14  176:9  177:15  178:17  179:9  180:8  181:13  182:16  183:13  184:16  185:11  186:10  187:5  188:5  189:15  190:18  191:10  192:11  193:12  194:5  195:6  196:11  197:5  198:5  199:7  200:10  201:7  202:10  203:6  204:4  205:4  206:6  207:9  208:11  209:17  210:10  211:7  212:9  213:2  214:9  215:5  216:4  217:9  218:9  219:11  220:7  221:7  222:6  223:7  224:5  225:4  226:7  227:4  228:5  229:3  230:3  231:2  232:9  233:1  234:2  235:5  236:6  237:6  238:10  239:1  240:2  241:2  242:2  243:3  244:10  245:4  246:6  247:2  248:2  249:4  250:3  252:4  253:6  254:3  255:4  256:4  257:2  258:3  259:2  262:2  263:3  265:3  266:1  269:2  270:3  271:1  272:2  273:1  274:5  275:2  276:1  281:1  287:3  290:1  293:2  294:2  295:2  296:2  297:1  298:1  300:1  301:2  302:1  303:1  304:1  305:1  306:2  307:1  308:2  310:2  311:1  312:1  314:2  315:1  319:4  320:2  323:1  325:1  326:1  328:1  329:3  330:2  332:1  334:1  337:2  340:1  341:2  345:1  346:2  348:1  349:1  351:1  356:1  363:1  364:3  366:1  370:1  380:1  381:1  387:1  398:1  414:1  420:1  424:2  425:1  427:1  438:1  441:1  443:1  447:2  450:1  470:2  483:1  486:1  562:1  568:1  580:1  628:1  650:1  661:1  671:1
  short unary avg len: 2.00
23794.407090,138.476302,1115.450047
[PASSED]
[time 65.75 s, user 61.71 s, sys 3.77 s, maxrss 3946552 KB]
[busy 6759 jiffies]
[exit 0]
--- c2 case 1 rec 2   load 1.00 1.00 1.00
[TEST C2-CoCo(LOUDS-Sparse)]
Processing dataset...
Done!
Building trie...
trie size: 40.030318 MB
trie size: 4.353636 MB
Done!
build time: 60870.465662 ms (3167.405089 ns per key)
space cost: 151.465833 MB (15.782807% of original size 959.688828 MB)
Querying trie...
Done!
total time: 41976.095135 ms, avg latency: 2184.233288 ns
topology: 10.705769 MB, link: 59.487536 MB, data: 81.272528 MB
60870.465662,151.465833,2184.233288
[PASSED]
[time 123.31 s, user 117.83 s, sys 4.99 s, maxrss 6784456 KB]
[busy 12668 jiffies]
[exit 0]
--- c2 case 1 rec 1   load 1.07 1.02 1.00
[TEST C2-CoCo(LOUDS-Sparse)]
Processing dataset...
Done!
Building trie...
trie size: 40.030318 MB
Done!
build time: 60110.976831 ms (3127.884958 ns per key)
space cost: 151.465833 MB (15.782807% of original size 959.688828 MB)
Querying trie...
Done!
total time: 41976.256559 ms, avg latency: 2184.241687 ns
topology: 10.705769 MB, link: 59.487536 MB, data: 81.272528 MB
60110.976831,151.465833,2184.241687
[PASSED]
[time 122.62 s, user 117.08 s, sys 5.05 s, maxrss 6755936 KB]
[busy 12597 jiffies]
[exit 0]
--- c2 case 1 rec 0   load 1.01 1.00 1.00
[TEST C2-CoCo(LOUDS-Sparse)]
Processing dataset...
Done!
Building trie...
Done!
build time: 57500.295098 ms (2992.037687 ns per key)
space cost: 166.786831 MB (17.379261% of original size 959.688828 MB)
Querying trie...
Done!
total time: 36406.026046 ms, avg latency: 1894.393790 ns
topology: 8.240875 MB, link: 59.511438 MB, data: 99.034517 MB
57500.295098,166.786831,1894.393790
[PASSED]
[time 114.43 s, user 108.92 s, sys 5.05 s, maxrss 6962268 KB]
[busy 11751 jiffies]
[exit 0]
--- c2 case 0 rec 2   load 1.00 1.00 1.00
[TEST C2-FST]
Processing dataset...
Done!
Building trie...
trie size: 40.030318 MB
trie size: 4.353636 MB
Done!
build time: 26531.255723 ms (1380.558428 ns per key)
space cost: 141.883597 MB (14.784334% of original size 959.688828 MB)
Querying trie...
Done!
total time: 44356.255158 ms, avg latency: 2308.085322 ns
topology: 25.271755 MB, link: 38.315668 MB, data: 78.296174 MB
--- Unary Path Analysis (FST, cutoff=4) ---
  shared unary steps in main trie: 21293763
  terminal suffixes: inplace=3400961 (avg len=2.16)  links=11902981 (77.8% of terminal)
  link len: avg=10.02  max=669  total_chars=119218448
  link length distribution (len:count):  4:1345374  5:1317377  6:1311748  7:1069491  8:848706  9:735790  10:672504  11:538133  12:498982  13:382220  14:371038  15:323229  16:475871  17:217091  18:208751  19:244758  20:239096  21:132362  22:114540  23:102776  24:92051  25:78198  26:68920  27:60449  28:57198  29:44347  30:45228  31:35613  32:30383  33:25880  34:22521  35:19825  36:19368  37:15680  38:13138  39:11749  40:10118  41:8684  42:8895  43:7524  44:6050  45:5613  46:5081  47:4805  48:4862  49:3994  50:3532  51:3254  52:2646  53:2362  54:2508  55:2440  56:1882  57:1587  58:1565  59:1334  60:1390  61:1427  62:1128  63:1070  64:983  65:768  66:802  67:1038  68:690  69:704  70:558  71:558  72:602  73:701  74:495  75:407  76:395  77:345  78:328  79:408  80:400  81:363  82:321  83:252  84:217  85:349  86:247  87:194  88:207  89:172  90:192  91:337  92:212  93:142  94:155  95:126  96:122  97:265  98:180  99:120  100:187  101:117  102:87  103:176  104:145  105:92  106:81  107:72  108:86  109:198  110:131  111:76  112:60  113:78  114:66  115:110  116:98  117:75  118:78  119:82  120:43  121:88  122:75  123:42  124:40  125:42  126:47  127:72  128:67  129:43  130:36  131:35  132:29  133:48  134:47  135:47  136:37  137:52  138:42  139:21  140:36  141:31  142:22  143:36  144:26  145:29  146:45  147:22  148:13  149:19  150:23  151:15  152:28  153:33  154:32  155:29  156:34  157:23  158:14  159:34  160:6  161:13  162:15  163:26  164:29  165:18  166:6  167:13  168:8  169:8  170:15  171:20  172:15  173:19  174:14  175:9  176:14  177:16  178:9  179:7  180:13  181:15  182:13  183:15  184:10  185:10  186:5  187:5  188:15  189:17  190:10  191:11  192:12  193:5  194:6  195:11  196:5  197:4  198:6  199:9  200:7  201:9  202:4  203:4  204:4  205:4  206:8  207:11  208:15  209:9  210:7  211:9  212:2  213:9  214:4  215:4  216:9  217:8  218:11  219:7  220:6  221:6  222:7  223:5  224:4  225:7  226:4  227:5  228:3  229:3  230:2  231:7  232:1  233:2  234:5  235:6  236:6  237:10  238:1  239:2  240:2  241:1  242:2  243:10  244:4  245:6  246:2  247:2  248:4  249:3  251:4  252:6  253:3  254:4  255:4  256:2  257:3  258:2  261:2  262:2  264:3  265:1  268:2  269:3  270:1  271:2  272:1  273:5  274:2  275:1  280:1  286:3  289:1  292:2  293:2  294:2  295:2  296:1  297:1  299:1  300:2  301:1  302:1  303:1  304:1  305:1  306:1  307:2  309:2  310:1  311:1  313:2  314:1  318:4  319:2  322:1  324:1  325:1  327:1  328:3  329:2  331:1  333:1  336:2  339:1  340:2  344:1  345:2  347:1  348:1  350:1  355:1  362:1  363:3  365:1  369:1  379:1  380:1  386:1  397:1  413:1  419:1  423:2  424:1  426:1  437:1  440:1  442:1  446:2  449:1  469:2  482:1  485:1  561:1  567:1  579:1  627:1  649:1  660:1  670:1
26531.255723,141.883597,2308.085322
[PASSED]
[time 91.28 s, user 87.57 s, sys 3.34 s, maxrss 3949340 KB]
[busy 9420 jiffies]
[exit 0]
--- c2 case 0 rec 1   load 1.10 1.03 1.01
[TEST C2-FST]
Processing dataset...
Done!
Building trie...
trie size: 40.030318 MB
Done!
build time: 26138.112553 ms (1360.101156 ns per key)
space cost: 141.883597 MB (14.784334% of original size 959.688828 MB)
Querying trie...
Done!
total time: 44853.325045 ms, avg latency: 2333.950438 ns
topology: 25.271755 MB, link: 38.315668 MB, data: 78.296174 MB
--- Unary Path Analysis (FST, cutoff=4) ---
  shared unary steps in main trie: 21293763
  terminal suffixes: inplace=3400961 (avg len=2.16)  links=11902981 (77.8% of terminal)
  link len: avg=10.02  max=669  total_chars=119218448
  link length distribution (len:count):  4:1345374  5:1317377  6:1311748  7:1069491  8:848706  9:735790  10:672504  11:538133  12:498982  13:382220  14:371038  15:323229  16:475871  17:217091  18:208751  19:244758  20:239096  21:132362  22:114540  23:102776  24:92051  25:78198  26:68920  27:60449  28:57198  29:44347  30:45228  31:35613  32:30383  33:25880  34:22521  35:19825  36:19368  37:15680  38:13138  39:11749  40:10118  41:8684  42:8895  43:7524  44:6050  45:5613  46:5081  47:4805  48:4862  49:3994  50:3532  51:3254  52:2646  53:2362  54:2508  55:2440  56:1882  57:1587  58:1565  59:1334  60:1390  61:1427  62:1128  63:1070  64:983  65:768  66:802  67:1038  68:690  69:704  70:558  71:558  72:602  73:701  74:495  75:407  76:395  77:345  78:328  79:408  80:400  81:363  82:321  83:252  84:217  85:349  86:247  87:194  88:207  89:172  90:192  91:337  92:212  93:142  94:155  95:126  96:122  97:265  98:180  99:120  100:187  101:117  102:87  103:176  104:145  105:92  106:81  107:72  108:86  109:198  110:131  111:76  112:60  113:78  114:66  115:110  116:98  117:75  118:78  119:82  120:43  121:88  122:75  123:42  124:40  125:42  126:47  127:72  128:67  129:43  130:36  131:35  132:29  133:48  134:47  135:47  136:37  137:52  138:42  139:21  140:36  141:31  142:22  143:36  144:26  145:29  146:45  147:22  148:13  149:19  150:23  151:15  152:28  153:33  154:32  155:29  156:34  157:23  158:14  159:34  160:6  161:13  162:15  163:26  164:29  165:18  166:6  167:13  168:8  169:8  170:15  171:20  172:15  173:19  174:14  175:9  176:14  177:16  178:9  179:7  180:13  181:15  182:13  183:15  184:10  185:10  186:5  187:5  188:15  189:17  190:10  191:11  192:12  193:5  194:6  195:11  196:5  197:4  198:6  199:9  200:7  201:9  202:4  203:4  204:4  205:4  206:8  207:11  208:15  209:9  210:7  211:9  212:2  213:9  214:4  215:4  216:9  217:8  218:11  219:7  220:6  221:6  222:7  223:5  224:4  225:7  226:4  227:5  228:3  229:3  230:2  231:7  232:1  233:2  234:5  235:6  236:6  237:10  238:1  239:2  240:2  241:1  242:2  243:10  244:4  245:6  246:2  247:2  248:4  249:3  251:4  252:6  253:3  254:4  255:4  256:2  257:3  258:2  261:2  262:2  264:3  265:1  268:2  269:3  270:1  271:2  272:1  273:5  274:2  275:1  280:1  286:3  289:1  292:2  293:2  294:2  295:2  296:1  297:1  299:1  300:2  301:1  302:1  303:1  304:1  305:1  306:1  307:2  309:2  310:1  311:1  313:2  314:1  318:4  319:2  322:1  324:1  325:1  327:1  328:3  329:2  331:1  333:1  336:2  339:1  340:2  344:1  345:2  347:1  348:1  350:1  355:1  362:1  363:3  365:1  369:1  379:1  380:1  386:1  397:1  413:1  419:1  423:2  424:1  426:1  437:1  440:1  442:1  446:2  449:1  469:2  482:1  485:1  561:1  567:1  579:1  627:1  649:1  660:1  670:1
26138.112553,141.883597,2333.950438
[PASSED]
[time 91.48 s, user 87.70 s, sys 3.40 s, maxrss 3949152 KB]
[busy 9419 jiffies]
[exit 0]
--- c2 case 0 rec 0   load 1.02 1.02 1.00
[TEST C2-FST]
Processing dataset...
Done!
Building trie...
Done!
build time: 23305.455935 ms (1212.703385 ns per key)
space cost: 157.204596 MB (16.380788% of original size 959.688828 MB)
Querying trie...
Done!
total time: 39996.826737 ms, avg latency: 2081.241718 ns
topology: 22.806862 MB, link: 38.339570 MB, data: 96.058164 MB
--- Unary Path Analysis (FST, cutoff=4) ---
  shared unary steps in main trie: 21293763
  terminal suffixes: inplace=3400961 (avg len=2.16)  links=11902981 (77.8% of terminal)
  link len: avg=10.02  max=669  total_chars=119218448
  link length distribution (len:count):  4:1345374  5:1317377  6:1311748  7:1069491  8:848706  9:735790  10:672504  11:538133  12:498982  13:382220  14:371038  15:323229  16:475871  17:217091  18:208751  19:244758  20:239096  21:132362  22:114540  23:102776  24:92051  25:78198  26:68920  27:60449  28:57198  29:44347  30:45228  31:35613  32:30383  33:25880  34:22521  35:19825  36:19368  37:15680  38:13138  39:11749  40:10118  41:8684  42:8895  43:7524  44:6050  45:5613  46:5081  47:4805  48:4862  49:3994  50:3532  51:3254  52:2646  53:2362  54:2508  55:2440  56:1882  57:1587  58:1565  59:1334  60:1390  61:1427  62:1128  63:1070  64:983  65:768  66:802  67:1038  68:690  69:704  70:558  71:558  72:602  73:701  74:495  75:407  76:395  77:345  78:328  79:408  80:400  81:363  82:321  83:252  84:217  85:349  86:247  87:194  88:207  89:172  90:192  91:337  92:212  93:142  94:155  95:126  96:122  97:265  98:180  99:120  100:187  101:117  102:87  103:176  104:145  105:92  106:81  107:72  108:86  109:198  110:131  111:76  112:60  113:78  114:66  115:110  116:98  117:75  118:78  119:82  120:43  121:88  122:75  123:42  124:40  125:42  126:47  127:72  128:67  129:43  130:36  131:35  132:29  133:48  134:47  135:47  136:37  137:52  138:42  139:21  140:36  141:31  142:22  143:36  144:26  145:29  146:45  147:22  148:13  149:19  150:23  151:15  152:28  153:33  154:32  155:29  156:34  157:23  158:14  159:34  160:6  161:13  162:15  163:26  164:29  165:18  166:6  167:13  168:8  169:8  170:15  171:20  172:15  173:19  174:14  175:9  176:14  177:16  178:9  179:7  180:13  181:15  182:13  183:15  184:10  185:10  186:5  187:5  188:15  189:17  190:10  191:11  192:12  193:5  194:6  195:11  196:5  197:4  198:6  199:9  200:7  201:9  202:4  203:4  204:4  205:4  206:8  207:11  208:15  209:9  210:7  211:9  212:2  213:9  214:4  215:4  216:9  217:8  218:11  219:7  220:6  221:6  222:7  223:5  224:4  225:7  226:4  227:5  228:3  229:3  230:2  231:7  232:1  233:2  234:5  235:6  236:6  237:10  238:1  239:2  240:2  241:1  242:2  243:10  244:4  245:6  246:2  247:2  248:4  249:3  251:4  252:6  253:3  254:4  255:4  256:2  257:3  258:2  261:2  262:2  264:3  265:1  268:2  269:3  270:1  271:2  272:1  273:5  274:2  275:1  280:1  286:3  289:1  292:2  293:2  294:2  295:2  296:1  297:1  299:1  300:2  301:1  302:1  303:1  304:1  305:1  306:1  307:2  309:2  310:1  311:1  313:2  314:1  318:4  319:2  322:1  324:1  325:1  327:1  328:3  329:2  331:1  333:1  336:2  339:1  340:2  344:1  345:2  347:1  348:1  350:1  355:1  362:1  363:3  365:1  369:1  379:1  380:1  386:1  397:1  413:1  419:1  423:2  424:1  426:1  437:1  440:1  442:1  446:2  449:1  469:2  482:1  485:1  561:1  567:1  579:1  627:1  649:1  660:1  670:1
23305.455935,157.204596,2081.241718
[PASSED]
[time 83.81 s, user 80.03 s, sys 3.44 s, maxrss 3964540 KB]
[busy 8620 jiffies]
[exit 0]
--- lexindex string   load 1.02 1.02 1.00
19217771 keys
lexindex StringIndex: build 16293 ms, size 211.562 MiB (11.543 B/key), latency cold 1040.4 ns, then mean 1040.1 / min 1037.6 ns
16293.350,211.561625,1040.419
[time 110.58 s, user 108.11 s, sys 2.04 s, maxrss 4074960 KB]
[busy 11341 jiffies]
[exit 0]
--- lexindex dict1024   load 1.00 1.01 1.00
19217771 keys
lexindex DictIndex block 1024: build 4033 ms, size 92.824 MiB (5.065 B/key), latency cold 901.3 ns, then mean 901.0 / min 900.8 ns
4033.259,92.823799,901.300
[time 87.79 s, user 113.93 s, sys 2.34 s, maxrss 4186576 KB]
[busy 11936 jiffies]
[exit 0]
--- lexindex dict256   load 1.41 1.24 1.09
19217771 keys
lexindex DictIndex block 256: build 4040 ms, size 97.593 MiB (5.325 B/key), latency cold 891.4 ns, then mean 891.3 / min 890.5 ns
4039.828,97.593429,891.448
[time 87.12 s, user 114.50 s, sys 2.40 s, maxrss 4203580 KB]
[busy 11986 jiffies]
[exit 0]
--- lexindex dict32   load 1.06 1.17 1.08
19217771 keys
lexindex DictIndex block 32: build 4075 ms, size 122.189 MiB (6.667 B/key), latency cold 973.2 ns, then mean 973.5 / min 972.6 ns
4075.488,122.189173,973.243
[time 93.39 s, user 119.84 s, sys 2.47 s, maxrss 4292044 KB]
[busy 12535 jiffies]
[exit 0]

##### titles-en-full (19217770 lines, 422258029 bytes)   round 2/3   2026-09-21T23:23:54+03:00
--- xcdat 16   load 1.33 1.32 1.14
build time: 13505.447318 ms
space cost: 255.921482 MiB (66.582213% of original size 384.369143 MiB)
avg latency: 708.878125 ns
13505.447318,255.921482,708.878125
[time 43.06 s, user 40.17 s, sys 2.70 s, maxrss 2881992 KB]
[busy 4429 jiffies]
[exit 0]
--- xcdat 15   load 1.15 1.27 1.13
build time: 14129.019604 ms
space cost: 243.812185 MiB (63.431779% of original size 384.369143 MiB)
avg latency: 658.526100 ns
14129.019604,243.812185,658.526100
[time 42.77 s, user 39.80 s, sys 2.79 s, maxrss 2863232 KB]
[busy 4393 jiffies]
[exit 0]
--- xcdat 8   load 1.07 1.23 1.13
build time: 13430.062831 ms
space cost: 193.531822 MiB (50.350510% of original size 384.369143 MiB)
avg latency: 850.387454 ns
13430.062831,193.531822,850.387454
[time 45.89 s, user 43.02 s, sys 2.68 s, maxrss 2755900 KB]
[busy 4715 jiffies]
[exit 0]
--- xcdat 7   load 1.03 1.20 1.12
build time: 14093.798317 ms
space cost: 200.832329 MiB (52.249857% of original size 384.369143 MiB)
avg latency: 855.737860 ns
14093.798317,200.832329,855.737860
[time 46.58 s, user 43.65 s, sys 2.74 s, maxrss 2776272 KB]
[busy 4787 jiffies]
[exit 0]
--- c2 case 8 rec 0   load 1.07 1.18 1.11
[TEST CART]
Processing dataset...
Done!
Building trie...
Done!
build time: 5054.402670 ms (263.006721 ns per key)
space cost: 309.770435 MB (80.591910% of original size 384.369143 MB)
Querying trie...
Done!
total time: 16525.434521 ms, avg latency: 859.903856 ns
not implemented
5054.402670,309.770435,859.903856
[PASSED]
[time 37.44 s, user 35.26 s, sys 2.02 s, maxrss 3120992 KB]
[busy 3844 jiffies]
[exit 0]
--- c2 case 7 rec 0   load 0.95 1.14 1.10
[TEST ART]
Processing dataset...
Done!
Building trie...
Done!
build time: 3861.188585 ms (200.917619 ns per key)
space cost: 660.193787 MB (171.760350% of original size 384.369143 MB)
Querying trie...
Done!
total time: 14336.965690 ms, avg latency: 746.026500 ns
not implemented
3861.188585,660.193787,746.026500
[PASSED]
[time 34.12 s, user 31.83 s, sys 2.14 s, maxrss 3349744 KB]
[busy 3507 jiffies]
[exit 0]
--- c2 case 6 rec 0   load 0.89 1.10 1.09
[TEST PDT]
Processing dataset...
Done!
Building trie...
dict size: 157462, stream size: 101961129
Done!
build time: 43705.656867 ms (2274.231447 ns per key)
space cost: 121.921515 MB (31.719902% of original size 384.369143 MB)
Querying trie...
Done!
total time: 25223.487437 ms, avg latency: 1312.508550 ns
not implemented
43705.656867,121.921515,1312.508550
[PASSED]
[time 84.82 s, user 81.64 s, sys 2.84 s, maxrss 2357420 KB]
[busy 8716 jiffies]
[exit 0]
--- c2 case 5 rec 2   load 0.98 1.08 1.08
[TEST MARISA]
Processing dataset...
Done!
Building trie...
Done!
build time: 14835.476064 ms (771.966574 ns per key)
space cost: 95.901384 MB (24.950334% of original size 384.369143 MB)
Querying trie...
Done!
total time: 32458.295702 ms, avg latency: 1688.973055 ns
not implemented
14835.476064,95.901384,1688.973055
[PASSED]
[time 62.95 s, user 59.95 s, sys 2.74 s, maxrss 3124320 KB]
[busy 6464 jiffies]
[exit 0]
--- c2 case 5 rec 1   load 0.97 1.06 1.07
[TEST MARISA]
Processing dataset...
Done!
Building trie...
Done!
build time: 14632.807744 ms (761.420693 ns per key)
space cost: 100.231494 MB (26.076884% of original size 384.369143 MB)
Querying trie...
Done!
total time: 31226.175898 ms, avg latency: 1624.859487 ns
not implemented
14632.807744,100.231494,1624.859487
[PASSED]
[time 61.47 s, user 58.44 s, sys 2.78 s, maxrss 3124332 KB]
[busy 6315 jiffies]
[exit 0]
--- c2 case 5 rec 0   load 0.99 1.04 1.07
[TEST MARISA]
Processing dataset...
Done!
Building trie...
Done!
build time: 12764.436291 ms (664.199660 ns per key)
space cost: 129.170561 MB (33.605861% of original size 384.369143 MB)
Querying trie...
Done!
total time: 24494.793637 ms, avg latency: 1274.590842 ns
not implemented
12764.436291,129.170561,1274.590842
[PASSED]
[time 53.02 s, user 50.07 s, sys 2.73 s, maxrss 3124012 KB]
[busy 5461 jiffies]
[exit 0]
--- c2 case 4 rec 0   skipped: exit 134 in round 1
--- c2 case 3 rec 0   load 1.00 1.03 1.06
[TEST FST]
Processing dataset...
Done!
Building trie...
Done!
build time: 19358.935127 ms (1007.345552 ns per key)
space cost: 153.297231 MB (39.882814% of original size 384.369143 MB)
Querying trie...
Done!
total time: 38409.558870 ms, avg latency: 1998.648067 ns
not implemented
19358.935127,153.297231,1998.648067
[PASSED]
[time 73.72 s, user 71.49 s, sys 1.92 s, maxrss 2352676 KB]
[busy 7564 jiffies]
[exit 0]
--- c2 case 2 rec 2   load 1.00 1.02 1.05
[TEST C2-MARISA]
Processing dataset...
Done!
Building trie...
trie size: 45.440631 MB
trie size: 56.754637 MB
trie size: 5.030178 MB
Done!
build time: 23990.026532 ms (1248.325198 ns per key)
space cost: 113.295972 MB (29.475824% of original size 384.369143 MB)
Querying trie...
Done!
total time: 24140.024208 ms, avg latency: 1256.130353 ns
topology: 18.132668 MB, link: 50.555774 MB, data: 43.951281 MB
--- Unary Path Analysis (Marisa, cutoff=3) ---
  branches: 28715774  |  single-char: 9129784 (31.8%)  short-unary: 2324184 (8.1%)  links: 17261806 (60.1%)
  link len: avg=9.30  max=252  total_chars=160612682
  link length distribution (len:count):  3:1918443  4:1965717  5:1904231  6:1770285  7:1568843  8:1281880  9:981601  10:792613  11:694136  12:535178  13:467304  14:378478  15:570134  16:357590  17:337732  18:222238  19:205706  20:171685  21:156573  22:127923  23:105283  24:90989  25:79531  26:72835  27:70247  28:55326  29:47370  30:39828  31:36715  32:30606  33:28361  34:23647  35:20496  36:18047  37:16950  38:13344  39:11070  40:9698  41:8539  42:7499  43:6788  44:5941  45:5066  46:5036  47:4607  48:3731  49:3347  50:2840  51:2679  52:2357  53:2040  54:1956  55:1699  56:1591  57:1401  58:1243  59:1122  60:1106  61:959  62:819  63:779  64:719  65:625  66:646  67:552  68:543  69:432  70:440  71:412  72:363  73:345  74:310  75:300  76:256  77:251  78:254  79:214  80:198  81:182  82:159  83:153  84:148  85:132  86:135  87:121  88:118  89:108  90:95  91:84  92:77  93:99  94:60  95:68  96:52  97:63  98:70  99:65  100:62  101:40  102:51  103:44  104:41  105:52  106:35  107:31  108:30  109:38  110:27  111:26  112:28  113:29  114:22  115:24  116:22  117:19  118:19  119:22  120:20  121:26  122:13  123:15  124:19  125:13  126:14  127:7  128:15  129:15  130:13  131:10  132:11  133:5  134:11  135:11  136:5  137:11  138:8  139:10  140:6  141:5  142:7  143:2  144:5  145:4  146:11  147:3  148:6  149:7  150:10  151:8  152:5  153:7  154:7  155:5  156:4  157:9  158:4  159:5  160:8  161:3  162:5  163:4  164:1  165:3  166:5  168:5  169:2  170:4  171:2  172:4  173:1  174:5  175:3  176:3  177:2  178:3  179:1  180:5  183:2  184:1  185:4  187:2  188:2  189:3  192:1  194:3  195:3  196:1  197:2  198:2  199:1  200:7  201:1  202:1  203:1  204:3  205:3  206:1  208:1  209:2  210:2  211:1  212:1  214:1  215:1  217:1  218:1  220:1  222:2  223:1  224:3  225:2  227:1  229:1  230:1  232:1  234:1  235:1  236:1  238:1  247:1  248:1  252:2
  short unary avg len: 2.00
23990.026532,113.295972,1256.130353
[PASSED]
[time 64.08 s, user 60.86 s, sys 2.95 s, maxrss 2700376 KB]
[busy 6593 jiffies]
[exit 0]
--- c2 case 2 rec 1   load 1.00 1.02 1.05
[TEST C2-MARISA]
Processing dataset...
Done!
Building trie...
trie size: 45.440631 MB
trie size: 56.754637 MB
Done!
build time: 23427.832485 ms (1219.071333 ns per key)
space cost: 113.295972 MB (29.475824% of original size 384.369143 MB)
Querying trie...
Done!
total time: 24096.724309 ms, avg latency: 1253.877235 ns
topology: 18.132668 MB, link: 50.555774 MB, data: 43.951281 MB
--- Unary Path Analysis (Marisa, cutoff=3) ---
  branches: 28715774  |  single-char: 9129784 (31.8%)  short-unary: 2324184 (8.1%)  links: 17261806 (60.1%)
  link len: avg=9.30  max=252  total_chars=160612682
  link length distribution (len:count):  3:1918443  4:1965717  5:1904231  6:1770285  7:1568843  8:1281880  9:981601  10:792613  11:694136  12:535178  13:467304  14:378478  15:570134  16:357590  17:337732  18:222238  19:205706  20:171685  21:156573  22:127923  23:105283  24:90989  25:79531  26:72835  27:70247  28:55326  29:47370  30:39828  31:36715  32:30606  33:28361  34:23647  35:20496  36:18047  37:16950  38:13344  39:11070  40:9698  41:8539  42:7499  43:6788  44:5941  45:5066  46:5036  47:4607  48:3731  49:3347  50:2840  51:2679  52:2357  53:2040  54:1956  55:1699  56:1591  57:1401  58:1243  59:1122  60:1106  61:959  62:819  63:779  64:719  65:625  66:646  67:552  68:543  69:432  70:440  71:412  72:363  73:345  74:310  75:300  76:256  77:251  78:254  79:214  80:198  81:182  82:159  83:153  84:148  85:132  86:135  87:121  88:118  89:108  90:95  91:84  92:77  93:99  94:60  95:68  96:52  97:63  98:70  99:65  100:62  101:40  102:51  103:44  104:41  105:52  106:35  107:31  108:30  109:38  110:27  111:26  112:28  113:29  114:22  115:24  116:22  117:19  118:19  119:22  120:20  121:26  122:13  123:15  124:19  125:13  126:14  127:7  128:15  129:15  130:13  131:10  132:11  133:5  134:11  135:11  136:5  137:11  138:8  139:10  140:6  141:5  142:7  143:2  144:5  145:4  146:11  147:3  148:6  149:7  150:10  151:8  152:5  153:7  154:7  155:5  156:4  157:9  158:4  159:5  160:8  161:3  162:5  163:4  164:1  165:3  166:5  168:5  169:2  170:4  171:2  172:4  173:1  174:5  175:3  176:3  177:2  178:3  179:1  180:5  183:2  184:1  185:4  187:2  188:2  189:3  192:1  194:3  195:3  196:1  197:2  198:2  199:1  200:7  201:1  202:1  203:1  204:3  205:3  206:1  208:1  209:2  210:2  211:1  212:1  214:1  215:1  217:1  218:1  220:1  222:2  223:1  224:3  225:2  227:1  229:1  230:1  232:1  234:1  235:1  236:1  238:1  247:1  248:1  252:2
  short unary avg len: 2.00
23427.832485,113.295972,1253.877235
[PASSED]
[time 63.49 s, user 60.26 s, sys 2.97 s, maxrss 2671420 KB]
[busy 6538 jiffies]
[exit 0]
--- c2 case 2 rec 0   load 1.00 1.01 1.04
[TEST C2-MARISA]
Processing dataset...
Done!
Building trie...
trie size: 45.440631 MB
Done!
build time: 20150.634337 ms (1048.541758 ns per key)
space cost: 134.960091 MB (35.112103% of original size 384.369143 MB)
Querying trie...
Done!
total time: 19313.896108 ms, avg latency: 1005.001939 ns
topology: 14.990650 MB, link: 53.504175 MB, data: 65.809015 MB
--- Unary Path Analysis (Marisa, cutoff=3) ---
  branches: 28715774  |  single-char: 9129784 (31.8%)  short-unary: 2324184 (8.1%)  links: 17261806 (60.1%)
  link len: avg=9.30  max=252  total_chars=160612682
  link length distribution (len:count):  3:1918443  4:1965717  5:1904231  6:1770285  7:1568843  8:1281880  9:981601  10:792613  11:694136  12:535178  13:467304  14:378478  15:570134  16:357590  17:337732  18:222238  19:205706  20:171685  21:156573  22:127923  23:105283  24:90989  25:79531  26:72835  27:70247  28:55326  29:47370  30:39828  31:36715  32:30606  33:28361  34:23647  35:20496  36:18047  37:16950  38:13344  39:11070  40:9698  41:8539  42:7499  43:6788  44:5941  45:5066  46:5036  47:4607  48:3731  49:3347  50:2840  51:2679  52:2357  53:2040  54:1956  55:1699  56:1591  57:1401  58:1243  59:1122  60:1106  61:959  62:819  63:779  64:719  65:625  66:646  67:552  68:543  69:432  70:440  71:412  72:363  73:345  74:310  75:300  76:256  77:251  78:254  79:214  80:198  81:182  82:159  83:153  84:148  85:132  86:135  87:121  88:118  89:108  90:95  91:84  92:77  93:99  94:60  95:68  96:52  97:63  98:70  99:65  100:62  101:40  102:51  103:44  104:41  105:52  106:35  107:31  108:30  109:38  110:27  111:26  112:28  113:29  114:22  115:24  116:22  117:19  118:19  119:22  120:20  121:26  122:13  123:15  124:19  125:13  126:14  127:7  128:15  129:15  130:13  131:10  132:11  133:5  134:11  135:11  136:5  137:11  138:8  139:10  140:6  141:5  142:7  143:2  144:5  145:4  146:11  147:3  148:6  149:7  150:10  151:8  152:5  153:7  154:7  155:5  156:4  157:9  158:4  159:5  160:8  161:3  162:5  163:4  164:1  165:3  166:5  168:5  169:2  170:4  171:2  172:4  173:1  174:5  175:3  176:3  177:2  178:3  179:1  180:5  183:2  184:1  185:4  187:2  188:2  189:3  192:1  194:3  195:3  196:1  197:2  198:2  199:1  200:7  201:1  202:1  203:1  204:3  205:3  206:1  208:1  209:2  210:2  211:1  212:1  214:1  215:1  217:1  218:1  220:1  222:2  223:1  224:3  225:2  227:1  229:1  230:1  232:1  234:1  235:1  236:1  238:1  247:1  248:1  252:2
  short unary avg len: 2.00
20150.634337,134.960091,1005.001939
[PASSED]
[time 55.32 s, user 52.11 s, sys 2.98 s, maxrss 2931996 KB]
[busy 5689 jiffies]
[exit 0]
--- c2 case 1 rec 2   load 1.00 1.01 1.04
[TEST C2-CoCo(LOUDS-Sparse)]
Processing dataset...
Done!
Building trie...
trie size: 39.141459 MB
trie size: 4.004057 MB
Done!
build time: 52334.471699 ms (2723.233325 ns per key)
space cost: 159.836480 MB (41.584108% of original size 384.369143 MB)
Querying trie...
Done!
total time: 38257.360538 ms, avg latency: 1990.728401 ns
topology: 10.924206 MB, link: 61.343951 MB, data: 87.568323 MB
52334.471699,159.836480,1990.728401
[PASSED]
[time 106.45 s, user 101.82 s, sys 4.20 s, maxrss 5813024 KB]
[busy 10923 jiffies]
[exit 0]
--- c2 case 1 rec 1   load 0.92 0.98 1.02
[TEST C2-CoCo(LOUDS-Sparse)]
Processing dataset...
Done!
Building trie...
trie size: 39.141459 MB
Done!
build time: 51968.403934 ms (2704.184925 ns per key)
space cost: 159.836480 MB (41.584108% of original size 384.369143 MB)
Querying trie...
Done!
total time: 38060.014653 ms, avg latency: 1980.459473 ns
topology: 10.924206 MB, link: 61.343951 MB, data: 87.568323 MB
51968.403934,159.836480,1980.459473
[PASSED]
[time 105.89 s, user 101.15 s, sys 4.32 s, maxrss 5790912 KB]
[busy 10858 jiffies]
[exit 0]
--- c2 case 1 rec 0   load 1.06 1.01 1.02
[TEST C2-CoCo(LOUDS-Sparse)]
Processing dataset...
Done!
Building trie...
Done!
build time: 49478.197046 ms (2574.606577 ns per key)
space cost: 174.667126 MB (45.442546% of original size 384.369143 MB)
Querying trie...
Done!
total time: 34143.851374 ms, avg latency: 1776.681237 ns
topology: 8.507164 MB, link: 61.605944 MB, data: 104.554018 MB
49478.197046,174.667126,1776.681237
[PASSED]
[time 99.51 s, user 94.76 s, sys 4.35 s, maxrss 5980168 KB]
[busy 10211 jiffies]
[exit 0]
--- c2 case 0 rec 2   load 1.01 1.00 1.01
[TEST C2-FST]
Processing dataset...
Done!
Building trie...
trie size: 39.141459 MB
trie size: 4.004057 MB
Done!
build time: 22952.421001 ms (1194.333214 ns per key)
space cost: 137.157475 MB (35.683789% of original size 384.369143 MB)
Querying trie...
Done!
total time: 35820.731898 ms, avg latency: 1863.938006 ns
topology: 24.452312 MB, link: 37.267443 MB, data: 75.437719 MB
--- Unary Path Analysis (FST, cutoff=4) ---
  shared unary steps in main trie: 18992509
  terminal suffixes: inplace=3611260 (avg len=2.13)  links=11631144 (76.3% of terminal)
  link len: avg=9.23  max=250  total_chars=107375475
  link length distribution (len:count):  4:1525614  5:1474700  6:1342995  7:1100986  8:852650  9:696791  10:621198  11:481520  12:422211  13:342622  14:538626  15:331782  16:308722  17:204311  18:185250  19:157894  20:145015  21:117774  22:96084  23:83546  24:73207  25:66868  26:65089  27:50563  28:43099  29:35716  30:32693  31:27047  32:25516  33:21216  34:18328  35:16251  36:15389  37:12343  38:10154  39:8964  40:7637  41:6989  42:6362  43:5604  44:4776  45:4817  46:4384  47:3534  48:3153  49:2698  50:2570  51:2254  52:1942  53:1851  54:1637  55:1521  56:1337  57:1187  58:1089  59:1064  60:919  61:787  62:750  63:677  64:603  65:607  66:537  67:518  68:403  69:423  70:389  71:344  72:331  73:293  74:287  75:241  76:238  77:244  78:207  79:188  80:170  81:154  82:146  83:145  84:125  85:129  86:116  87:116  88:105  89:92  90:77  91:74  92:91  93:58  94:65  95:51  96:60  97:65  98:64  99:60  100:38  101:50  102:41  103:40  104:52  105:34  106:28  107:25  108:38  109:24  110:23  111:28  112:29  113:22  114:21  115:21  116:19  117:19  118:19  119:18  120:23  121:11  122:15  123:19  124:11  125:14  126:7  127:15  128:15  129:12  130:10  131:10  132:4  133:11  134:11  135:4  136:11  137:8  138:10  139:6  140:5  141:7  142:2  143:5  144:4  145:11  146:2  147:4  148:3  149:10  150:8  151:5  152:7  153:7  154:4  155:4  156:9  157:4  158:5  159:7  160:3  161:5  162:4  163:1  164:2  165:5  167:5  168:2  169:4  170:2  171:4  172:1  173:4  174:3  175:3  176:2  177:3  178:1  179:5  182:2  183:1  184:3  186:2  187:2  188:3  191:1  193:3  194:2  195:1  196:2  197:1  198:1  199:4  200:1  201:1  202:1  203:3  204:1  205:1  207:1  208:2  209:2  210:1  211:1  213:1  214:1  216:1  217:1  219:1  221:2  222:1  223:3  224:2  226:1  228:1  229:1  231:1  233:1  235:1  237:1  246:1  247:1  251:2
22952.421001,137.157475,1863.938006
[PASSED]
[time 74.67 s, user 71.68 s, sys 2.69 s, maxrss 2430728 KB]
[busy 7682 jiffies]
[exit 0]
--- c2 case 0 rec 1   load 1.04 1.01 1.00
[TEST C2-FST]
Processing dataset...
Done!
Building trie...
trie size: 39.141459 MB
Done!
build time: 22383.140779 ms (1164.710618 ns per key)
space cost: 137.157475 MB (35.683789% of original size 384.369143 MB)
Querying trie...
Done!
total time: 36027.019739 ms, avg latency: 1874.672230 ns
topology: 24.452312 MB, link: 37.267443 MB, data: 75.437719 MB
--- Unary Path Analysis (FST, cutoff=4) ---
  shared unary steps in main trie: 18992509
  terminal suffixes: inplace=3611260 (avg len=2.13)  links=11631144 (76.3% of terminal)
  link len: avg=9.23  max=250  total_chars=107375475
  link length distribution (len:count):  4:1525614  5:1474700  6:1342995  7:1100986  8:852650  9:696791  10:621198  11:481520  12:422211  13:342622  14:538626  15:331782  16:308722  17:204311  18:185250  19:157894  20:145015  21:117774  22:96084  23:83546  24:73207  25:66868  26:65089  27:50563  28:43099  29:35716  30:32693  31:27047  32:25516  33:21216  34:18328  35:16251  36:15389  37:12343  38:10154  39:8964  40:7637  41:6989  42:6362  43:5604  44:4776  45:4817  46:4384  47:3534  48:3153  49:2698  50:2570  51:2254  52:1942  53:1851  54:1637  55:1521  56:1337  57:1187  58:1089  59:1064  60:919  61:787  62:750  63:677  64:603  65:607  66:537  67:518  68:403  69:423  70:389  71:344  72:331  73:293  74:287  75:241  76:238  77:244  78:207  79:188  80:170  81:154  82:146  83:145  84:125  85:129  86:116  87:116  88:105  89:92  90:77  91:74  92:91  93:58  94:65  95:51  96:60  97:65  98:64  99:60  100:38  101:50  102:41  103:40  104:52  105:34  106:28  107:25  108:38  109:24  110:23  111:28  112:29  113:22  114:21  115:21  116:19  117:19  118:19  119:18  120:23  121:11  122:15  123:19  124:11  125:14  126:7  127:15  128:15  129:12  130:10  131:10  132:4  133:11  134:11  135:4  136:11  137:8  138:10  139:6  140:5  141:7  142:2  143:5  144:4  145:11  146:2  147:4  148:3  149:10  150:8  151:5  152:7  153:7  154:4  155:4  156:9  157:4  158:5  159:7  160:3  161:5  162:4  163:1  164:2  165:5  167:5  168:2  169:4  170:2  171:4  172:1  173:4  174:3  175:3  176:2  177:3  178:1  179:5  182:2  183:1  184:3  186:2  187:2  188:3  191:1  193:3  194:2  195:1  196:2  197:1  198:1  199:4  200:1  201:1  202:1  203:3  204:1  205:1  207:1  208:2  209:2  210:1  211:1  213:1  214:1  216:1  217:1  219:1  221:2  222:1  223:3  224:2  226:1  228:1  229:1  231:1  233:1  235:1  237:1  246:1  247:1  251:2
22383.140779,137.157475,1874.672230
[PASSED]
[time 74.34 s, user 71.42 s, sys 2.62 s, maxrss 2415980 KB]
[busy 7654 jiffies]
[exit 0]
--- c2 case 0 rec 0   load 1.01 1.01 1.00
[TEST C2-FST]
Processing dataset...
Done!
Building trie...
Done!
build time: 19913.961033 ms (1036.226421 ns per key)
space cost: 151.988120 MB (39.542227% of original size 384.369143 MB)
Querying trie...
Done!
total time: 30976.336236 ms, avg latency: 1611.859037 ns
topology: 22.035271 MB, link: 37.529435 MB, data: 92.423414 MB
--- Unary Path Analysis (FST, cutoff=4) ---
  shared unary steps in main trie: 18992509
  terminal suffixes: inplace=3611260 (avg len=2.13)  links=11631144 (76.3% of terminal)
  link len: avg=9.23  max=250  total_chars=107375475
  link length distribution (len:count):  4:1525614  5:1474700  6:1342995  7:1100986  8:852650  9:696791  10:621198  11:481520  12:422211  13:342622  14:538626  15:331782  16:308722  17:204311  18:185250  19:157894  20:145015  21:117774  22:96084  23:83546  24:73207  25:66868  26:65089  27:50563  28:43099  29:35716  30:32693  31:27047  32:25516  33:21216  34:18328  35:16251  36:15389  37:12343  38:10154  39:8964  40:7637  41:6989  42:6362  43:5604  44:4776  45:4817  46:4384  47:3534  48:3153  49:2698  50:2570  51:2254  52:1942  53:1851  54:1637  55:1521  56:1337  57:1187  58:1089  59:1064  60:919  61:787  62:750  63:677  64:603  65:607  66:537  67:518  68:403  69:423  70:389  71:344  72:331  73:293  74:287  75:241  76:238  77:244  78:207  79:188  80:170  81:154  82:146  83:145  84:125  85:129  86:116  87:116  88:105  89:92  90:77  91:74  92:91  93:58  94:65  95:51  96:60  97:65  98:64  99:60  100:38  101:50  102:41  103:40  104:52  105:34  106:28  107:25  108:38  109:24  110:23  111:28  112:29  113:22  114:21  115:21  116:19  117:19  118:19  119:18  120:23  121:11  122:15  123:19  124:11  125:14  126:7  127:15  128:15  129:12  130:10  131:10  132:4  133:11  134:11  135:4  136:11  137:8  138:10  139:6  140:5  141:7  142:2  143:5  144:4  145:11  146:2  147:4  148:3  149:10  150:8  151:5  152:7  153:7  154:4  155:4  156:9  157:4  158:5  159:7  160:3  161:5  162:4  163:1  164:2  165:5  167:5  168:2  169:4  170:2  171:4  172:1  173:4  174:3  175:3  176:2  177:3  178:1  179:5  182:2  183:1  184:3  186:2  187:2  188:3  191:1  193:3  194:2  195:1  196:2  197:1  198:1  199:4  200:1  201:1  202:1  203:3  204:1  205:1  207:1  208:2  209:2  210:1  211:1  213:1  214:1  216:1  217:1  219:1  221:2  222:1  223:3  224:2  226:1  228:1  229:1  231:1  233:1  235:1  237:1  246:1  247:1  251:2
19913.961033,151.988120,1611.859037
[PASSED]
[time 66.70 s, user 63.78 s, sys 2.64 s, maxrss 2626888 KB]
[busy 6861 jiffies]
[exit 0]
--- lexindex string   load 1.00 1.00 1.00
19217770 keys
lexindex StringIndex: build 14210 ms, size 213.000 MiB (11.622 B/key), latency cold 867.7 ns, then mean 870.9 / min 870.5 ns
14210.446,213.000460,867.733
[time 93.88 s, user 91.96 s, sys 1.56 s, maxrss 2987688 KB]
[busy 9627 jiffies]
[exit 0]
--- lexindex dict1024   load 1.02 1.01 1.00
19217770 keys
lexindex DictIndex block 1024: build 3798 ms, size 91.984 MiB (5.019 B/key), latency cold 817.0 ns, then mean 816.8 / min 815.9 ns
3797.795,91.983721,816.995
[time 79.53 s, user 103.97 s, sys 1.89 s, maxrss 3100972 KB]
[busy 10845 jiffies]
[exit 0]
--- lexindex dict256   load 1.00 1.00 1.00
19217770 keys
lexindex DictIndex block 256: build 3900 ms, size 95.120 MiB (5.190 B/key), latency cold 768.9 ns, then mean 768.2 / min 766.8 ns
3900.002,95.119918,768.858
[time 75.88 s, user 101.31 s, sys 1.92 s, maxrss 3124000 KB]
[busy 10573 jiffies]
[exit 0]
--- lexindex dict32   load 1.40 1.20 1.07
19217770 keys
lexindex DictIndex block 32: build 3925 ms, size 103.788 MiB (5.663 B/key), latency cold 837.6 ns, then mean 836.8 / min 834.1 ns
3924.573,103.787971,837.618
[time 81.24 s, user 106.20 s, sys 1.87 s, maxrss 3124340 KB]
[busy 11087 jiffies]
[exit 0]

##### titles-en-full (19217770 lines, 422258029 bytes)   round 3/3   2026-09-21T23:51:25+03:00
--- lexindex dict32   load 1.12 1.16 1.07
19217770 keys
lexindex DictIndex block 32: build 3865 ms, size 103.788 MiB (5.663 B/key), latency cold 837.0 ns, then mean 834.3 / min 830.8 ns
3864.766,103.787971,837.041
[time 80.99 s, user 105.96 s, sys 1.91 s, maxrss 3133020 KB]
[busy 11066 jiffies]
[exit 0]
--- lexindex dict256   load 1.40 1.32 1.14
19217770 keys
lexindex DictIndex block 256: build 3895 ms, size 95.120 MiB (5.190 B/key), latency cold 774.3 ns, then mean 773.2 / min 773.0 ns
3895.223,95.119918,774.342
[time 76.33 s, user 101.71 s, sys 1.93 s, maxrss 3117576 KB]
[busy 10607 jiffies]
[exit 0]
--- lexindex dict1024   load 1.18 1.28 1.14
19217770 keys
lexindex DictIndex block 1024: build 3852 ms, size 91.984 MiB (5.019 B/key), latency cold 781.7 ns, then mean 781.7 / min 780.6 ns
3852.335,91.983721,781.684
[time 76.90 s, user 101.27 s, sys 1.93 s, maxrss 3106900 KB]
[busy 10584 jiffies]
[exit 0]
--- lexindex string   load 1.43 1.40 1.20
19217770 keys
lexindex StringIndex: build 14193 ms, size 213.000 MiB (11.622 B/key), latency cold 908.7 ns, then mean 908.3 / min 907.3 ns
14192.579,213.000460,908.727
[time 96.78 s, user 94.84 s, sys 1.56 s, maxrss 2987384 KB]
[busy 9938 jiffies]
[exit 0]
--- c2 case 0 rec 0   load 1.08 1.28 1.17
[TEST C2-FST]
Processing dataset...
Done!
Building trie...
Done!
build time: 19808.695260 ms (1030.748899 ns per key)
space cost: 151.988120 MB (39.542227% of original size 384.369143 MB)
Querying trie...
Done!
total time: 31871.392896 ms, avg latency: 1658.433465 ns
topology: 22.035271 MB, link: 37.529435 MB, data: 92.423414 MB
--- Unary Path Analysis (FST, cutoff=4) ---
  shared unary steps in main trie: 18992509
  terminal suffixes: inplace=3611260 (avg len=2.13)  links=11631144 (76.3% of terminal)
  link len: avg=9.23  max=250  total_chars=107375475
  link length distribution (len:count):  4:1525614  5:1474700  6:1342995  7:1100986  8:852650  9:696791  10:621198  11:481520  12:422211  13:342622  14:538626  15:331782  16:308722  17:204311  18:185250  19:157894  20:145015  21:117774  22:96084  23:83546  24:73207  25:66868  26:65089  27:50563  28:43099  29:35716  30:32693  31:27047  32:25516  33:21216  34:18328  35:16251  36:15389  37:12343  38:10154  39:8964  40:7637  41:6989  42:6362  43:5604  44:4776  45:4817  46:4384  47:3534  48:3153  49:2698  50:2570  51:2254  52:1942  53:1851  54:1637  55:1521  56:1337  57:1187  58:1089  59:1064  60:919  61:787  62:750  63:677  64:603  65:607  66:537  67:518  68:403  69:423  70:389  71:344  72:331  73:293  74:287  75:241  76:238  77:244  78:207  79:188  80:170  81:154  82:146  83:145  84:125  85:129  86:116  87:116  88:105  89:92  90:77  91:74  92:91  93:58  94:65  95:51  96:60  97:65  98:64  99:60  100:38  101:50  102:41  103:40  104:52  105:34  106:28  107:25  108:38  109:24  110:23  111:28  112:29  113:22  114:21  115:21  116:19  117:19  118:19  119:18  120:23  121:11  122:15  123:19  124:11  125:14  126:7  127:15  128:15  129:12  130:10  131:10  132:4  133:11  134:11  135:4  136:11  137:8  138:10  139:6  140:5  141:7  142:2  143:5  144:4  145:11  146:2  147:4  148:3  149:10  150:8  151:5  152:7  153:7  154:4  155:4  156:9  157:4  158:5  159:7  160:3  161:5  162:4  163:1  164:2  165:5  167:5  168:2  169:4  170:2  171:4  172:1  173:4  174:3  175:3  176:2  177:3  178:1  179:5  182:2  183:1  184:3  186:2  187:2  188:3  191:1  193:3  194:2  195:1  196:2  197:1  198:1  199:4  200:1  201:1  202:1  203:3  204:1  205:1  207:1  208:2  209:2  210:1  211:1  213:1  214:1  216:1  217:1  219:1  221:2  222:1  223:3  224:2  226:1  228:1  229:1  231:1  233:1  235:1  237:1  246:1  247:1  251:2
19808.695260,151.988120,1658.433465
[PASSED]
[time 67.45 s, user 64.44 s, sys 2.73 s, maxrss 2627132 KB]
[busy 6932 jiffies]
[exit 0]
--- c2 case 0 rec 1   load 1.07 1.24 1.16
[TEST C2-FST]
Processing dataset...
Done!
Building trie...
trie size: 39.141459 MB
Done!
build time: 22180.417081 ms (1154.161855 ns per key)
space cost: 137.157475 MB (35.683789% of original size 384.369143 MB)
Querying trie...
Done!
total time: 35763.573573 ms, avg latency: 1860.963763 ns
topology: 24.452312 MB, link: 37.267443 MB, data: 75.437719 MB
--- Unary Path Analysis (FST, cutoff=4) ---
  shared unary steps in main trie: 18992509
  terminal suffixes: inplace=3611260 (avg len=2.13)  links=11631144 (76.3% of terminal)
  link len: avg=9.23  max=250  total_chars=107375475
  link length distribution (len:count):  4:1525614  5:1474700  6:1342995  7:1100986  8:852650  9:696791  10:621198  11:481520  12:422211  13:342622  14:538626  15:331782  16:308722  17:204311  18:185250  19:157894  20:145015  21:117774  22:96084  23:83546  24:73207  25:66868  26:65089  27:50563  28:43099  29:35716  30:32693  31:27047  32:25516  33:21216  34:18328  35:16251  36:15389  37:12343  38:10154  39:8964  40:7637  41:6989  42:6362  43:5604  44:4776  45:4817  46:4384  47:3534  48:3153  49:2698  50:2570  51:2254  52:1942  53:1851  54:1637  55:1521  56:1337  57:1187  58:1089  59:1064  60:919  61:787  62:750  63:677  64:603  65:607  66:537  67:518  68:403  69:423  70:389  71:344  72:331  73:293  74:287  75:241  76:238  77:244  78:207  79:188  80:170  81:154  82:146  83:145  84:125  85:129  86:116  87:116  88:105  89:92  90:77  91:74  92:91  93:58  94:65  95:51  96:60  97:65  98:64  99:60  100:38  101:50  102:41  103:40  104:52  105:34  106:28  107:25  108:38  109:24  110:23  111:28  112:29  113:22  114:21  115:21  116:19  117:19  118:19  119:18  120:23  121:11  122:15  123:19  124:11  125:14  126:7  127:15  128:15  129:12  130:10  131:10  132:4  133:11  134:11  135:4  136:11  137:8  138:10  139:6  140:5  141:7  142:2  143:5  144:4  145:11  146:2  147:4  148:3  149:10  150:8  151:5  152:7  153:7  154:4  155:4  156:9  157:4  158:5  159:7  160:3  161:5  162:4  163:1  164:2  165:5  167:5  168:2  169:4  170:2  171:4  172:1  173:4  174:3  175:3  176:2  177:3  178:1  179:5  182:2  183:1  184:3  186:2  187:2  188:3  191:1  193:3  194:2  195:1  196:2  197:1  198:1  199:4  200:1  201:1  202:1  203:3  204:1  205:1  207:1  208:2  209:2  210:1  211:1  213:1  214:1  216:1  217:1  219:1  221:2  222:1  223:3  224:2  226:1  228:1  229:1  231:1  233:1  235:1  237:1  246:1  247:1  251:2
22180.417081,137.157475,1860.963763
[PASSED]
[time 73.80 s, user 70.89 s, sys 2.61 s, maxrss 2415772 KB]
[busy 7587 jiffies]
[exit 0]
--- c2 case 0 rec 2   load 1.02 1.18 1.15
[TEST C2-FST]
Processing dataset...
Done!
Building trie...
trie size: 39.141459 MB
trie size: 4.004057 MB
Done!
build time: 22919.307534 ms (1192.610149 ns per key)
space cost: 137.157475 MB (35.683789% of original size 384.369143 MB)
Querying trie...
Done!
total time: 35446.352547 ms, avg latency: 1844.457112 ns
topology: 24.452312 MB, link: 37.267443 MB, data: 75.437719 MB
--- Unary Path Analysis (FST, cutoff=4) ---
  shared unary steps in main trie: 18992509
  terminal suffixes: inplace=3611260 (avg len=2.13)  links=11631144 (76.3% of terminal)
  link len: avg=9.23  max=250  total_chars=107375475
  link length distribution (len:count):  4:1525614  5:1474700  6:1342995  7:1100986  8:852650  9:696791  10:621198  11:481520  12:422211  13:342622  14:538626  15:331782  16:308722  17:204311  18:185250  19:157894  20:145015  21:117774  22:96084  23:83546  24:73207  25:66868  26:65089  27:50563  28:43099  29:35716  30:32693  31:27047  32:25516  33:21216  34:18328  35:16251  36:15389  37:12343  38:10154  39:8964  40:7637  41:6989  42:6362  43:5604  44:4776  45:4817  46:4384  47:3534  48:3153  49:2698  50:2570  51:2254  52:1942  53:1851  54:1637  55:1521  56:1337  57:1187  58:1089  59:1064  60:919  61:787  62:750  63:677  64:603  65:607  66:537  67:518  68:403  69:423  70:389  71:344  72:331  73:293  74:287  75:241  76:238  77:244  78:207  79:188  80:170  81:154  82:146  83:145  84:125  85:129  86:116  87:116  88:105  89:92  90:77  91:74  92:91  93:58  94:65  95:51  96:60  97:65  98:64  99:60  100:38  101:50  102:41  103:40  104:52  105:34  106:28  107:25  108:38  109:24  110:23  111:28  112:29  113:22  114:21  115:21  116:19  117:19  118:19  119:18  120:23  121:11  122:15  123:19  124:11  125:14  126:7  127:15  128:15  129:12  130:10  131:10  132:4  133:11  134:11  135:4  136:11  137:8  138:10  139:6  140:5  141:7  142:2  143:5  144:4  145:11  146:2  147:4  148:3  149:10  150:8  151:5  152:7  153:7  154:4  155:4  156:9  157:4  158:5  159:7  160:3  161:5  162:4  163:1  164:2  165:5  167:5  168:2  169:4  170:2  171:4  172:1  173:4  174:3  175:3  176:2  177:3  178:1  179:5  182:2  183:1  184:3  186:2  187:2  188:3  191:1  193:3  194:2  195:1  196:2  197:1  198:1  199:4  200:1  201:1  202:1  203:3  204:1  205:1  207:1  208:2  209:2  210:1  211:1  213:1  214:1  216:1  217:1  219:1  221:2  222:1  223:3  224:2  226:1  228:1  229:1  231:1  233:1  235:1  237:1  246:1  247:1  251:2
22919.307534,137.157475,1844.457112
[PASSED]
[time 74.21 s, user 71.27 s, sys 2.63 s, maxrss 2430860 KB]
[busy 7629 jiffies]
[exit 0]
--- c2 case 1 rec 0   load 1.00 1.14 1.13
[TEST C2-CoCo(LOUDS-Sparse)]
Processing dataset...
Done!
Building trie...
Done!
build time: 49481.286911 ms (2574.767359 ns per key)
space cost: 174.667126 MB (45.442546% of original size 384.369143 MB)
Querying trie...
Done!
total time: 34023.713897 ms, avg latency: 1770.429862 ns
topology: 8.507164 MB, link: 61.605944 MB, data: 104.554018 MB
49481.286911,174.667126,1770.429862
[PASSED]
[time 99.36 s, user 94.60 s, sys 4.36 s, maxrss 5980116 KB]
[busy 10204 jiffies]
[exit 0]
--- c2 case 1 rec 1   load 1.07 1.11 1.12
[TEST C2-CoCo(LOUDS-Sparse)]
Processing dataset...
Done!
Building trie...
trie size: 39.141459 MB
Done!
build time: 51764.074374 ms (2693.552601 ns per key)
space cost: 159.836480 MB (41.584108% of original size 384.369143 MB)
Querying trie...
Done!
total time: 38205.779650 ms, avg latency: 1988.044380 ns
topology: 10.924206 MB, link: 61.343951 MB, data: 87.568323 MB
51764.074374,159.836480,1988.044380
[PASSED]
[time 105.81 s, user 101.12 s, sys 4.26 s, maxrss 5791188 KB]
[busy 10850 jiffies]
[exit 0]
--- c2 case 1 rec 2   load 1.01 1.07 1.10
[TEST C2-CoCo(LOUDS-Sparse)]
Processing dataset...
Done!
Building trie...
trie size: 39.141459 MB
trie size: 4.004057 MB
Done!
build time: 52562.237679 ms (2735.085167 ns per key)
space cost: 159.836480 MB (41.584108% of original size 384.369143 MB)
Querying trie...
Done!
total time: 38093.714817 ms, avg latency: 1982.213067 ns
topology: 10.924206 MB, link: 61.343951 MB, data: 87.568323 MB
52562.237679,159.836480,1982.213067
[PASSED]
[time 106.48 s, user 101.74 s, sys 4.32 s, maxrss 5812988 KB]
[busy 10947 jiffies]
[exit 0]
--- c2 case 2 rec 0   load 1.00 1.05 1.08
[TEST C2-MARISA]
Processing dataset...
Done!
Building trie...
trie size: 45.440631 MB
Done!
build time: 20311.483860 ms (1056.911591 ns per key)
space cost: 134.960091 MB (35.112103% of original size 384.369143 MB)
Querying trie...
Done!
total time: 19170.662248 ms, avg latency: 997.548740 ns
topology: 14.990650 MB, link: 53.504175 MB, data: 65.809015 MB
--- Unary Path Analysis (Marisa, cutoff=3) ---
  branches: 28715774  |  single-char: 9129784 (31.8%)  short-unary: 2324184 (8.1%)  links: 17261806 (60.1%)
  link len: avg=9.30  max=252  total_chars=160612682
  link length distribution (len:count):  3:1918443  4:1965717  5:1904231  6:1770285  7:1568843  8:1281880  9:981601  10:792613  11:694136  12:535178  13:467304  14:378478  15:570134  16:357590  17:337732  18:222238  19:205706  20:171685  21:156573  22:127923  23:105283  24:90989  25:79531  26:72835  27:70247  28:55326  29:47370  30:39828  31:36715  32:30606  33:28361  34:23647  35:20496  36:18047  37:16950  38:13344  39:11070  40:9698  41:8539  42:7499  43:6788  44:5941  45:5066  46:5036  47:4607  48:3731  49:3347  50:2840  51:2679  52:2357  53:2040  54:1956  55:1699  56:1591  57:1401  58:1243  59:1122  60:1106  61:959  62:819  63:779  64:719  65:625  66:646  67:552  68:543  69:432  70:440  71:412  72:363  73:345  74:310  75:300  76:256  77:251  78:254  79:214  80:198  81:182  82:159  83:153  84:148  85:132  86:135  87:121  88:118  89:108  90:95  91:84  92:77  93:99  94:60  95:68  96:52  97:63  98:70  99:65  100:62  101:40  102:51  103:44  104:41  105:52  106:35  107:31  108:30  109:38  110:27  111:26  112:28  113:29  114:22  115:24  116:22  117:19  118:19  119:22  120:20  121:26  122:13  123:15  124:19  125:13  126:14  127:7  128:15  129:15  130:13  131:10  132:11  133:5  134:11  135:11  136:5  137:11  138:8  139:10  140:6  141:5  142:7  143:2  144:5  145:4  146:11  147:3  148:6  149:7  150:10  151:8  152:5  153:7  154:7  155:5  156:4  157:9  158:4  159:5  160:8  161:3  162:5  163:4  164:1  165:3  166:5  168:5  169:2  170:4  171:2  172:4  173:1  174:5  175:3  176:3  177:2  178:3  179:1  180:5  183:2  184:1  185:4  187:2  188:2  189:3  192:1  194:3  195:3  196:1  197:2  198:2  199:1  200:7  201:1  202:1  203:1  204:3  205:3  206:1  208:1  209:2  210:2  211:1  212:1  214:1  215:1  217:1  218:1  220:1  222:2  223:1  224:3  225:2  227:1  229:1  230:1  232:1  234:1  235:1  236:1  238:1  247:1  248:1  252:2
  short unary avg len: 2.00
20311.483860,134.960091,997.548740
[PASSED]
[time 55.48 s, user 52.21 s, sys 3.04 s, maxrss 2932040 KB]
[busy 5709 jiffies]
[exit 0]
--- c2 case 2 rec 1   load 0.92 1.02 1.07
[TEST C2-MARISA]
Processing dataset...
Done!
Building trie...
trie size: 45.440631 MB
trie size: 56.754637 MB
Done!
build time: 23342.550791 ms (1214.633685 ns per key)
space cost: 113.295972 MB (29.475824% of original size 384.369143 MB)
Querying trie...
Done!
total time: 24115.318130 ms, avg latency: 1254.844768 ns
topology: 18.132668 MB, link: 50.555774 MB, data: 43.951281 MB
--- Unary Path Analysis (Marisa, cutoff=3) ---
  branches: 28715774  |  single-char: 9129784 (31.8%)  short-unary: 2324184 (8.1%)  links: 17261806 (60.1%)
  link len: avg=9.30  max=252  total_chars=160612682
  link length distribution (len:count):  3:1918443  4:1965717  5:1904231  6:1770285  7:1568843  8:1281880  9:981601  10:792613  11:694136  12:535178  13:467304  14:378478  15:570134  16:357590  17:337732  18:222238  19:205706  20:171685  21:156573  22:127923  23:105283  24:90989  25:79531  26:72835  27:70247  28:55326  29:47370  30:39828  31:36715  32:30606  33:28361  34:23647  35:20496  36:18047  37:16950  38:13344  39:11070  40:9698  41:8539  42:7499  43:6788  44:5941  45:5066  46:5036  47:4607  48:3731  49:3347  50:2840  51:2679  52:2357  53:2040  54:1956  55:1699  56:1591  57:1401  58:1243  59:1122  60:1106  61:959  62:819  63:779  64:719  65:625  66:646  67:552  68:543  69:432  70:440  71:412  72:363  73:345  74:310  75:300  76:256  77:251  78:254  79:214  80:198  81:182  82:159  83:153  84:148  85:132  86:135  87:121  88:118  89:108  90:95  91:84  92:77  93:99  94:60  95:68  96:52  97:63  98:70  99:65  100:62  101:40  102:51  103:44  104:41  105:52  106:35  107:31  108:30  109:38  110:27  111:26  112:28  113:29  114:22  115:24  116:22  117:19  118:19  119:22  120:20  121:26  122:13  123:15  124:19  125:13  126:14  127:7  128:15  129:15  130:13  131:10  132:11  133:5  134:11  135:11  136:5  137:11  138:8  139:10  140:6  141:5  142:7  143:2  144:5  145:4  146:11  147:3  148:6  149:7  150:10  151:8  152:5  153:7  154:7  155:5  156:4  157:9  158:4  159:5  160:8  161:3  162:5  163:4  164:1  165:3  166:5  168:5  169:2  170:4  171:2  172:4  173:1  174:5  175:3  176:3  177:2  178:3  179:1  180:5  183:2  184:1  185:4  187:2  188:2  189:3  192:1  194:3  195:3  196:1  197:2  198:2  199:1  200:7  201:1  202:1  203:1  204:3  205:3  206:1  208:1  209:2  210:2  211:1  212:1  214:1  215:1  217:1  218:1  220:1  222:2  223:1  224:3  225:2  227:1  229:1  230:1  232:1  234:1  235:1  236:1  238:1  247:1  248:1  252:2
  short unary avg len: 2.00
23342.550791,113.295972,1254.844768
[PASSED]
[time 63.29 s, user 60.06 s, sys 2.97 s, maxrss 2671308 KB]
[busy 6523 jiffies]
[exit 0]
--- c2 case 2 rec 2   load 0.99 1.03 1.07
[TEST C2-MARISA]
Processing dataset...
Done!
Building trie...
trie size: 45.440631 MB
trie size: 56.754637 MB
trie size: 5.030178 MB
Done!
build time: 24037.898489 ms (1250.816223 ns per key)
space cost: 113.295972 MB (29.475824% of original size 384.369143 MB)
Querying trie...
Done!
total time: 24184.844515 ms, avg latency: 1258.462585 ns
topology: 18.132668 MB, link: 50.555774 MB, data: 43.951281 MB
--- Unary Path Analysis (Marisa, cutoff=3) ---
  branches: 28715774  |  single-char: 9129784 (31.8%)  short-unary: 2324184 (8.1%)  links: 17261806 (60.1%)
  link len: avg=9.30  max=252  total_chars=160612682
  link length distribution (len:count):  3:1918443  4:1965717  5:1904231  6:1770285  7:1568843  8:1281880  9:981601  10:792613  11:694136  12:535178  13:467304  14:378478  15:570134  16:357590  17:337732  18:222238  19:205706  20:171685  21:156573  22:127923  23:105283  24:90989  25:79531  26:72835  27:70247  28:55326  29:47370  30:39828  31:36715  32:30606  33:28361  34:23647  35:20496  36:18047  37:16950  38:13344  39:11070  40:9698  41:8539  42:7499  43:6788  44:5941  45:5066  46:5036  47:4607  48:3731  49:3347  50:2840  51:2679  52:2357  53:2040  54:1956  55:1699  56:1591  57:1401  58:1243  59:1122  60:1106  61:959  62:819  63:779  64:719  65:625  66:646  67:552  68:543  69:432  70:440  71:412  72:363  73:345  74:310  75:300  76:256  77:251  78:254  79:214  80:198  81:182  82:159  83:153  84:148  85:132  86:135  87:121  88:118  89:108  90:95  91:84  92:77  93:99  94:60  95:68  96:52  97:63  98:70  99:65  100:62  101:40  102:51  103:44  104:41  105:52  106:35  107:31  108:30  109:38  110:27  111:26  112:28  113:29  114:22  115:24  116:22  117:19  118:19  119:22  120:20  121:26  122:13  123:15  124:19  125:13  126:14  127:7  128:15  129:15  130:13  131:10  132:11  133:5  134:11  135:11  136:5  137:11  138:8  139:10  140:6  141:5  142:7  143:2  144:5  145:4  146:11  147:3  148:6  149:7  150:10  151:8  152:5  153:7  154:7  155:5  156:4  157:9  158:4  159:5  160:8  161:3  162:5  163:4  164:1  165:3  166:5  168:5  169:2  170:4  171:2  172:4  173:1  174:5  175:3  176:3  177:2  178:3  179:1  180:5  183:2  184:1  185:4  187:2  188:2  189:3  192:1  194:3  195:3  196:1  197:2  198:2  199:1  200:7  201:1  202:1  203:1  204:3  205:3  206:1  208:1  209:2  210:2  211:1  212:1  214:1  215:1  217:1  218:1  220:1  222:2  223:1  224:3  225:2  227:1  229:1  230:1  232:1  234:1  235:1  236:1  238:1  247:1  248:1  252:2
  short unary avg len: 2.00
24037.898489,113.295972,1258.462585
[PASSED]
[time 64.02 s, user 60.79 s, sys 2.96 s, maxrss 2700060 KB]
[busy 6600 jiffies]
[exit 0]
--- c2 case 3 rec 0   load 0.92 1.01 1.06
[TEST FST]
Processing dataset...
Done!
Building trie...
Done!
build time: 19441.477305 ms (1011.640648 ns per key)
space cost: 153.297231 MB (39.882814% of original size 384.369143 MB)
Querying trie...
Done!
total time: 37734.185049 ms, avg latency: 1963.504873 ns
not implemented
19441.477305,153.297231,1963.504873
[PASSED]
[time 73.01 s, user 70.79 s, sys 1.92 s, maxrss 2352748 KB]
[busy 7494 jiffies]
[exit 0]
--- c2 case 4 rec 0   skipped: exit 134 in round 1
--- c2 case 5 rec 0   load 0.98 1.00 1.05
[TEST MARISA]
Processing dataset...
Done!
Building trie...
Done!
build time: 12773.235520 ms (664.657529 ns per key)
space cost: 129.170561 MB (33.605861% of original size 384.369143 MB)
Querying trie...
Done!
total time: 24525.669446 ms, avg latency: 1276.197470 ns
not implemented
12773.235520,129.170561,1276.197470
[PASSED]
[time 53.08 s, user 50.20 s, sys 2.66 s, maxrss 3124384 KB]
[busy 5462 jiffies]
[exit 0]
--- c2 case 5 rec 1   load 0.99 1.00 1.05
[TEST MARISA]
Processing dataset...
Done!
Building trie...
Done!
build time: 14668.592952 ms (763.282782 ns per key)
space cost: 100.231494 MB (26.076884% of original size 384.369143 MB)
Querying trie...
Done!
total time: 32038.579677 ms, avg latency: 1667.133058 ns
not implemented
14668.592952,100.231494,1667.133058
[PASSED]
[time 62.39 s, user 59.31 s, sys 2.82 s, maxrss 3124028 KB]
[busy 6420 jiffies]
[exit 0]
--- c2 case 5 rec 2   load 1.06 1.01 1.05
[TEST MARISA]
Processing dataset...
Done!
Building trie...
Done!
build time: 14926.973626 ms (776.727665 ns per key)
space cost: 95.901384 MB (24.950334% of original size 384.369143 MB)
Querying trie...
Done!
total time: 32568.105969 ms, avg latency: 1694.687051 ns
not implemented
14926.973626,95.901384,1694.687051
[PASSED]
[time 63.16 s, user 60.13 s, sys 2.76 s, maxrss 3123780 KB]
[busy 6487 jiffies]
[exit 0]
--- c2 case 6 rec 0   load 0.94 0.99 1.04
[TEST PDT]
Processing dataset...
Done!
Building trie...
dict size: 157462, stream size: 101961129
Done!
build time: 43591.551855 ms (2268.293972 ns per key)
space cost: 121.921515 MB (31.719902% of original size 384.369143 MB)
Querying trie...
Done!
total time: 25138.209885 ms, avg latency: 1308.071118 ns
not implemented
43591.551855,121.921515,1308.071118
[PASSED]
[time 84.63 s, user 81.51 s, sys 2.78 s, maxrss 2357292 KB]
[busy 8691 jiffies]
[exit 0]
--- c2 case 7 rec 0   load 0.99 1.00 1.03
[TEST ART]
Processing dataset...
Done!
Building trie...
Done!
build time: 3868.344267 ms (201.289966 ns per key)
space cost: 660.193787 MB (171.760350% of original size 384.369143 MB)
Querying trie...
Done!
total time: 14277.665306 ms, avg latency: 742.940794 ns
not implemented
3868.344267,660.193787,742.940794
[PASSED]
[time 34.19 s, user 31.89 s, sys 2.16 s, maxrss 3349296 KB]
[busy 3514 jiffies]
[exit 0]
--- c2 case 8 rec 0   load 0.99 1.00 1.03
[TEST CART]
Processing dataset...
Done!
Building trie...
Done!
build time: 5075.602296 ms (264.109847 ns per key)
space cost: 309.770435 MB (80.591910% of original size 384.369143 MB)
Querying trie...
Done!
total time: 15614.738531 ms, avg latency: 812.515632 ns
not implemented
5075.602296,309.770435,812.515632
[PASSED]
[time 36.96 s, user 34.74 s, sys 2.07 s, maxrss 3121160 KB]
[busy 3795 jiffies]
[exit 0]
--- xcdat 7   load 1.00 1.00 1.02
build time: 14125.003005 ms
space cost: 200.832329 MiB (52.249857% of original size 384.369143 MiB)
avg latency: 886.520285 ns
14125.003005,200.832329,886.520285
[time 47.13 s, user 44.24 s, sys 2.69 s, maxrss 2776256 KB]
[busy 4844 jiffies]
[exit 0]
--- xcdat 8   load 1.00 1.00 1.02
build time: 13457.921418 ms
space cost: 193.531822 MiB (50.350510% of original size 384.369143 MiB)
avg latency: 820.172868 ns
13457.921418,193.531822,820.172868
[time 45.19 s, user 42.32 s, sys 2.68 s, maxrss 2756048 KB]
[busy 4643 jiffies]
[exit 0]
--- xcdat 15   load 1.00 1.00 1.01
build time: 14120.977414 ms
space cost: 243.812185 MiB (63.431779% of original size 384.369143 MiB)
avg latency: 668.375784 ns
14120.977414,243.812185,668.375784
[time 42.94 s, user 40.03 s, sys 2.72 s, maxrss 2863336 KB]
[busy 4420 jiffies]
[exit 0]
--- xcdat 16   load 1.00 1.00 1.01
build time: 13518.665634 ms
space cost: 255.921482 MiB (66.582213% of original size 384.369143 MiB)
avg latency: 732.022228 ns
13518.665634,255.921482,732.022228
[time 43.60 s, user 40.62 s, sys 2.80 s, maxrss 2881932 KB]
[busy 4486 jiffies]
[exit 0]

##### urls-full (19217771 lines, 1025524444 bytes)   round 3/3   2026-09-22T00:18:57+03:00
--- lexindex dict32   load 1.00 1.00 1.00
19217771 keys
lexindex DictIndex block 32: build 4078 ms, size 122.189 MiB (6.667 B/key), latency cold 981.9 ns, then mean 1038.3 / min 984.8 ns
4077.593,122.189173,981.889
[time 97.48 s, user 124.03 s, sys 2.41 s, maxrss 4289216 KB]
[busy 14680 jiffies]
[exit 0]
--- lexindex dict256   load 1.46 1.12 1.04
19217771 keys
lexindex DictIndex block 256: build 4241 ms, size 97.593 MiB (5.325 B/key), latency cold 970.2 ns, then mean 883.6 / min 882.5 ns
4240.680,97.593429,970.212
[time 89.15 s, user 116.80 s, sys 2.50 s, maxrss 4200872 KB]
[busy 14311 jiffies]
[exit 0]
--- lexindex dict1024   load 1.44 1.23 1.09
19217771 keys
lexindex DictIndex block 1024: build 4010 ms, size 92.824 MiB (5.065 B/key), latency cold 867.9 ns, then mean 863.8 / min 862.5 ns
4010.214,92.823799,867.948
[time 85.00 s, user 110.99 s, sys 2.42 s, maxrss 4188164 KB]
[busy 11631 jiffies]
[exit 0]
--- lexindex string   load 1.10 1.17 1.08
19217771 keys
lexindex StringIndex: build 16490 ms, size 211.562 MiB (11.543 B/key), latency cold 1043.5 ns, then mean 1054.1 / min 1043.3 ns
16490.360,211.561625,1043.453
[time 111.70 s, user 109.23 s, sys 2.03 s, maxrss 4074832 KB]
[busy 11471 jiffies]
[exit 0]
--- c2 case 0 rec 0   load 1.01 1.11 1.07
[TEST C2-FST]
Processing dataset...
Done!
Building trie...
Done!
build time: 23101.132111 ms (1202.071359 ns per key)
space cost: 157.204596 MB (16.380788% of original size 959.688828 MB)
Querying trie...
Done!
total time: 39356.796878 ms, avg latency: 2047.937655 ns
topology: 22.806862 MB, link: 38.339570 MB, data: 96.058164 MB
--- Unary Path Analysis (FST, cutoff=4) ---
  shared unary steps in main trie: 21293763
  terminal suffixes: inplace=3400961 (avg len=2.16)  links=11902981 (77.8% of terminal)
  link len: avg=10.02  max=669  total_chars=119218448
  link length distribution (len:count):  4:1345374  5:1317377  6:1311748  7:1069491  8:848706  9:735790  10:672504  11:538133  12:498982  13:382220  14:371038  15:323229  16:475871  17:217091  18:208751  19:244758  20:239096  21:132362  22:114540  23:102776  24:92051  25:78198  26:68920  27:60449  28:57198  29:44347  30:45228  31:35613  32:30383  33:25880  34:22521  35:19825  36:19368  37:15680  38:13138  39:11749  40:10118  41:8684  42:8895  43:7524  44:6050  45:5613  46:5081  47:4805  48:4862  49:3994  50:3532  51:3254  52:2646  53:2362  54:2508  55:2440  56:1882  57:1587  58:1565  59:1334  60:1390  61:1427  62:1128  63:1070  64:983  65:768  66:802  67:1038  68:690  69:704  70:558  71:558  72:602  73:701  74:495  75:407  76:395  77:345  78:328  79:408  80:400  81:363  82:321  83:252  84:217  85:349  86:247  87:194  88:207  89:172  90:192  91:337  92:212  93:142  94:155  95:126  96:122  97:265  98:180  99:120  100:187  101:117  102:87  103:176  104:145  105:92  106:81  107:72  108:86  109:198  110:131  111:76  112:60  113:78  114:66  115:110  116:98  117:75  118:78  119:82  120:43  121:88  122:75  123:42  124:40  125:42  126:47  127:72  128:67  129:43  130:36  131:35  132:29  133:48  134:47  135:47  136:37  137:52  138:42  139:21  140:36  141:31  142:22  143:36  144:26  145:29  146:45  147:22  148:13  149:19  150:23  151:15  152:28  153:33  154:32  155:29  156:34  157:23  158:14  159:34  160:6  161:13  162:15  163:26  164:29  165:18  166:6  167:13  168:8  169:8  170:15  171:20  172:15  173:19  174:14  175:9  176:14  177:16  178:9  179:7  180:13  181:15  182:13  183:15  184:10  185:10  186:5  187:5  188:15  189:17  190:10  191:11  192:12  193:5  194:6  195:11  196:5  197:4  198:6  199:9  200:7  201:9  202:4  203:4  204:4  205:4  206:8  207:11  208:15  209:9  210:7  211:9  212:2  213:9  214:4  215:4  216:9  217:8  218:11  219:7  220:6  221:6  222:7  223:5  224:4  225:7  226:4  227:5  228:3  229:3  230:2  231:7  232:1  233:2  234:5  235:6  236:6  237:10  238:1  239:2  240:2  241:1  242:2  243:10  244:4  245:6  246:2  247:2  248:4  249:3  251:4  252:6  253:3  254:4  255:4  256:2  257:3  258:2  261:2  262:2  264:3  265:1  268:2  269:3  270:1  271:2  272:1  273:5  274:2  275:1  280:1  286:3  289:1  292:2  293:2  294:2  295:2  296:1  297:1  299:1  300:2  301:1  302:1  303:1  304:1  305:1  306:1  307:2  309:2  310:1  311:1  313:2  314:1  318:4  319:2  322:1  324:1  325:1  327:1  328:3  329:2  331:1  333:1  336:2  339:1  340:2  344:1  345:2  347:1  348:1  350:1  355:1  362:1  363:3  365:1  369:1  379:1  380:1  386:1  397:1  413:1  419:1  423:2  424:1  426:1  437:1  440:1  442:1  446:2  449:1  469:2  482:1  485:1  561:1  567:1  579:1  627:1  649:1  660:1  670:1
23101.132111,157.204596,2047.937655
[PASSED]
[time 82.92 s, user 79.14 s, sys 3.44 s, maxrss 3964876 KB]
[busy 8513 jiffies]
[exit 0]
--- c2 case 0 rec 1   load 1.05 1.10 1.07
[TEST C2-FST]
Processing dataset...
Done!
Building trie...
trie size: 40.030318 MB
Done!
build time: 26014.545479 ms (1353.671322 ns per key)
space cost: 141.883597 MB (14.784334% of original size 959.688828 MB)
Querying trie...
Done!
total time: 44655.843838 ms, avg latency: 2323.674470 ns
topology: 25.271755 MB, link: 38.315668 MB, data: 78.296174 MB
--- Unary Path Analysis (FST, cutoff=4) ---
  shared unary steps in main trie: 21293763
  terminal suffixes: inplace=3400961 (avg len=2.16)  links=11902981 (77.8% of terminal)
  link len: avg=10.02  max=669  total_chars=119218448
  link length distribution (len:count):  4:1345374  5:1317377  6:1311748  7:1069491  8:848706  9:735790  10:672504  11:538133  12:498982  13:382220  14:371038  15:323229  16:475871  17:217091  18:208751  19:244758  20:239096  21:132362  22:114540  23:102776  24:92051  25:78198  26:68920  27:60449  28:57198  29:44347  30:45228  31:35613  32:30383  33:25880  34:22521  35:19825  36:19368  37:15680  38:13138  39:11749  40:10118  41:8684  42:8895  43:7524  44:6050  45:5613  46:5081  47:4805  48:4862  49:3994  50:3532  51:3254  52:2646  53:2362  54:2508  55:2440  56:1882  57:1587  58:1565  59:1334  60:1390  61:1427  62:1128  63:1070  64:983  65:768  66:802  67:1038  68:690  69:704  70:558  71:558  72:602  73:701  74:495  75:407  76:395  77:345  78:328  79:408  80:400  81:363  82:321  83:252  84:217  85:349  86:247  87:194  88:207  89:172  90:192  91:337  92:212  93:142  94:155  95:126  96:122  97:265  98:180  99:120  100:187  101:117  102:87  103:176  104:145  105:92  106:81  107:72  108:86  109:198  110:131  111:76  112:60  113:78  114:66  115:110  116:98  117:75  118:78  119:82  120:43  121:88  122:75  123:42  124:40  125:42  126:47  127:72  128:67  129:43  130:36  131:35  132:29  133:48  134:47  135:47  136:37  137:52  138:42  139:21  140:36  141:31  142:22  143:36  144:26  145:29  146:45  147:22  148:13  149:19  150:23  151:15  152:28  153:33  154:32  155:29  156:34  157:23  158:14  159:34  160:6  161:13  162:15  163:26  164:29  165:18  166:6  167:13  168:8  169:8  170:15  171:20  172:15  173:19  174:14  175:9  176:14  177:16  178:9  179:7  180:13  181:15  182:13  183:15  184:10  185:10  186:5  187:5  188:15  189:17  190:10  191:11  192:12  193:5  194:6  195:11  196:5  197:4  198:6  199:9  200:7  201:9  202:4  203:4  204:4  205:4  206:8  207:11  208:15  209:9  210:7  211:9  212:2  213:9  214:4  215:4  216:9  217:8  218:11  219:7  220:6  221:6  222:7  223:5  224:4  225:7  226:4  227:5  228:3  229:3  230:2  231:7  232:1  233:2  234:5  235:6  236:6  237:10  238:1  239:2  240:2  241:1  242:2  243:10  244:4  245:6  246:2  247:2  248:4  249:3  251:4  252:6  253:3  254:4  255:4  256:2  257:3  258:2  261:2  262:2  264:3  265:1  268:2  269:3  270:1  271:2  272:1  273:5  274:2  275:1  280:1  286:3  289:1  292:2  293:2  294:2  295:2  296:1  297:1  299:1  300:2  301:1  302:1  303:1  304:1  305:1  306:1  307:2  309:2  310:1  311:1  313:2  314:1  318:4  319:2  322:1  324:1  325:1  327:1  328:3  329:2  331:1  333:1  336:2  339:1  340:2  344:1  345:2  347:1  348:1  350:1  355:1  362:1  363:3  365:1  369:1  379:1  380:1  386:1  397:1  413:1  419:1  423:2  424:1  426:1  437:1  440:1  442:1  446:2  449:1  469:2  482:1  485:1  561:1  567:1  579:1  627:1  649:1  660:1  670:1
26014.545479,141.883597,2323.674470
[PASSED]
[time 91.11 s, user 87.32 s, sys 3.42 s, maxrss 3949016 KB]
[busy 9367 jiffies]
[exit 0]
--- c2 case 0 rec 2   load 0.95 1.06 1.06
[TEST C2-FST]
Processing dataset...
Done!
Building trie...
trie size: 40.030318 MB
trie size: 4.353636 MB
Done!
build time: 26624.474596 ms (1385.409088 ns per key)
space cost: 141.883597 MB (14.784334% of original size 959.688828 MB)
Querying trie...
Done!
total time: 44435.328359 ms, avg latency: 2312.199909 ns
topology: 25.271755 MB, link: 38.315668 MB, data: 78.296174 MB
--- Unary Path Analysis (FST, cutoff=4) ---
  shared unary steps in main trie: 21293763
  terminal suffixes: inplace=3400961 (avg len=2.16)  links=11902981 (77.8% of terminal)
  link len: avg=10.02  max=669  total_chars=119218448
  link length distribution (len:count):  4:1345374  5:1317377  6:1311748  7:1069491  8:848706  9:735790  10:672504  11:538133  12:498982  13:382220  14:371038  15:323229  16:475871  17:217091  18:208751  19:244758  20:239096  21:132362  22:114540  23:102776  24:92051  25:78198  26:68920  27:60449  28:57198  29:44347  30:45228  31:35613  32:30383  33:25880  34:22521  35:19825  36:19368  37:15680  38:13138  39:11749  40:10118  41:8684  42:8895  43:7524  44:6050  45:5613  46:5081  47:4805  48:4862  49:3994  50:3532  51:3254  52:2646  53:2362  54:2508  55:2440  56:1882  57:1587  58:1565  59:1334  60:1390  61:1427  62:1128  63:1070  64:983  65:768  66:802  67:1038  68:690  69:704  70:558  71:558  72:602  73:701  74:495  75:407  76:395  77:345  78:328  79:408  80:400  81:363  82:321  83:252  84:217  85:349  86:247  87:194  88:207  89:172  90:192  91:337  92:212  93:142  94:155  95:126  96:122  97:265  98:180  99:120  100:187  101:117  102:87  103:176  104:145  105:92  106:81  107:72  108:86  109:198  110:131  111:76  112:60  113:78  114:66  115:110  116:98  117:75  118:78  119:82  120:43  121:88  122:75  123:42  124:40  125:42  126:47  127:72  128:67  129:43  130:36  131:35  132:29  133:48  134:47  135:47  136:37  137:52  138:42  139:21  140:36  141:31  142:22  143:36  144:26  145:29  146:45  147:22  148:13  149:19  150:23  151:15  152:28  153:33  154:32  155:29  156:34  157:23  158:14  159:34  160:6  161:13  162:15  163:26  164:29  165:18  166:6  167:13  168:8  169:8  170:15  171:20  172:15  173:19  174:14  175:9  176:14  177:16  178:9  179:7  180:13  181:15  182:13  183:15  184:10  185:10  186:5  187:5  188:15  189:17  190:10  191:11  192:12  193:5  194:6  195:11  196:5  197:4  198:6  199:9  200:7  201:9  202:4  203:4  204:4  205:4  206:8  207:11  208:15  209:9  210:7  211:9  212:2  213:9  214:4  215:4  216:9  217:8  218:11  219:7  220:6  221:6  222:7  223:5  224:4  225:7  226:4  227:5  228:3  229:3  230:2  231:7  232:1  233:2  234:5  235:6  236:6  237:10  238:1  239:2  240:2  241:1  242:2  243:10  244:4  245:6  246:2  247:2  248:4  249:3  251:4  252:6  253:3  254:4  255:4  256:2  257:3  258:2  261:2  262:2  264:3  265:1  268:2  269:3  270:1  271:2  272:1  273:5  274:2  275:1  280:1  286:3  289:1  292:2  293:2  294:2  295:2  296:1  297:1  299:1  300:2  301:1  302:1  303:1  304:1  305:1  306:1  307:2  309:2  310:1  311:1  313:2  314:1  318:4  319:2  322:1  324:1  325:1  327:1  328:3  329:2  331:1  333:1  336:2  339:1  340:2  344:1  345:2  347:1  348:1  350:1  355:1  362:1  363:3  365:1  369:1  379:1  380:1  386:1  397:1  413:1  419:1  423:2  424:1  426:1  437:1  440:1  442:1  446:2  449:1  469:2  482:1  485:1  561:1  567:1  579:1  627:1  649:1  660:1  670:1
26624.474596,141.883597,2312.199909
[PASSED]
[time 91.51 s, user 87.81 s, sys 3.33 s, maxrss 3948936 KB]
[busy 9398 jiffies]
[exit 0]
--- c2 case 1 rec 0   load 1.03 1.06 1.06
[TEST C2-CoCo(LOUDS-Sparse)]
Processing dataset...
Done!
Building trie...
Done!
build time: 57312.779330 ms (2982.280272 ns per key)
space cost: 166.786831 MB (17.379261% of original size 959.688828 MB)
Querying trie...
Done!
total time: 37035.448879 ms, avg latency: 1927.145915 ns
topology: 8.240875 MB, link: 59.511438 MB, data: 99.034517 MB
57312.779330,166.786831,1927.145915
[PASSED]
[time 114.79 s, user 109.22 s, sys 5.11 s, maxrss 6962032 KB]
[busy 11814 jiffies]
[exit 0]
--- c2 case 1 rec 1   load 1.00 1.03 1.05
[TEST C2-CoCo(LOUDS-Sparse)]
Processing dataset...
Done!
Building trie...
trie size: 40.030318 MB
Done!
build time: 60310.087520 ms (3138.245716 ns per key)
space cost: 151.465833 MB (15.782807% of original size 959.688828 MB)
Querying trie...
Done!
total time: 41976.580457 ms, avg latency: 2184.258542 ns
topology: 10.705769 MB, link: 59.487536 MB, data: 81.272528 MB
60310.087520,151.465833,2184.258542
[PASSED]
[time 122.72 s, user 117.26 s, sys 4.96 s, maxrss 6755964 KB]
[busy 12623 jiffies]
[exit 0]
--- c2 case 1 rec 2   load 1.05 1.05 1.04
[TEST C2-CoCo(LOUDS-Sparse)]
Processing dataset...
Done!
Building trie...
trie size: 40.030318 MB
trie size: 4.353636 MB
Done!
build time: 60530.787192 ms (3149.729862 ns per key)
space cost: 151.465833 MB (15.782807% of original size 959.688828 MB)
Querying trie...
Done!
total time: 42265.686622 ms, avg latency: 2199.302230 ns
topology: 10.705769 MB, link: 59.487536 MB, data: 81.272528 MB
60530.787192,151.465833,2199.302230
[PASSED]
[time 123.25 s, user 117.75 s, sys 5.00 s, maxrss 6784232 KB]
[busy 12644 jiffies]
[exit 0]
--- c2 case 2 rec 0   load 1.00 1.03 1.03
[TEST C2-MARISA]
Processing dataset...
Done!
Building trie...
trie size: 45.075111 MB
Done!
build time: 23876.808064 ms (1242.433790 ns per key)
space cost: 138.476302 MB (14.429292% of original size 959.688828 MB)
Querying trie...
Done!
total time: 21383.510367 ms, avg latency: 1112.694618 ns
topology: 14.868824 MB, link: 55.686823 MB, data: 67.264405 MB
--- Unary Path Analysis (Marisa, cutoff=3) ---
  branches: 28460243  |  single-char: 8548639 (30.0%)  short-unary: 1945591 (6.8%)  links: 17966013 (63.1%)
  link len: avg=9.78  max=671  total_chars=175768937
  link length distribution (len:count):  3:1972869  4:2199264  5:1749004  6:1615481  7:1551051  8:1264343  9:992335  10:857985  11:753193  12:600312  13:547943  14:421218  15:405124  16:351885  17:501259  18:237429  19:230947  20:259789  21:258094  22:144115  23:124603  24:110740  25:98738  26:84393  27:74483  28:65715  29:61709  30:48240  31:48966  32:39093  33:33713  34:29115  35:25218  36:22019  37:21378  38:17405  39:14534  40:12866  41:11052  42:9335  43:9786  44:7969  45:6405  46:5948  47:5349  48:5084  49:5151  50:4194  51:3709  52:3392  53:2780  54:2525  55:2625  56:2535  57:1971  58:1690  59:1626  60:1409  61:1463  62:1485  63:1178  64:1120  65:1022  66:831  67:837  68:1086  69:712  70:745  71:593  72:578  73:636  74:730  75:520  76:429  77:414  78:363  79:342  80:427  81:418  82:377  83:334  84:258  85:228  86:362  87:261  88:199  89:212  90:179  91:201  92:346  93:221  94:147  95:160  96:127  97:130  98:272  99:190  100:129  101:190  102:120  103:94  104:182  105:151  106:98  107:84  108:75  109:88  110:205  111:135  112:78  113:63  114:78  115:73  116:114  117:100  118:77  119:83  120:85  121:45  122:88  123:78  124:44  125:42  126:45  127:48  128:74  129:71  130:43  131:38  132:36  133:30  134:48  135:48  136:48  137:38  138:53  139:43  140:21  141:36  142:31  143:23  144:36  145:29  146:29  147:45  148:23  149:14  150:20  151:23  152:15  153:30  154:35  155:33  156:30  157:35  158:23  159:16  160:37  161:7  162:13  163:15  164:27  165:30  166:19  167:6  168:13  169:9  170:8  171:15  172:20  173:15  174:19  175:14  176:9  177:15  178:17  179:9  180:8  181:13  182:16  183:13  184:16  185:11  186:10  187:5  188:5  189:15  190:18  191:10  192:11  193:12  194:5  195:6  196:11  197:5  198:5  199:7  200:10  201:7  202:10  203:6  204:4  205:4  206:6  207:9  208:11  209:17  210:10  211:7  212:9  213:2  214:9  215:5  216:4  217:9  218:9  219:11  220:7  221:7  222:6  223:7  224:5  225:4  226:7  227:4  228:5  229:3  230:3  231:2  232:9  233:1  234:2  235:5  236:6  237:6  238:10  239:1  240:2  241:2  242:2  243:3  244:10  245:4  246:6  247:2  248:2  249:4  250:3  252:4  253:6  254:3  255:4  256:4  257:2  258:3  259:2  262:2  263:3  265:3  266:1  269:2  270:3  271:1  272:2  273:1  274:5  275:2  276:1  281:1  287:3  290:1  293:2  294:2  295:2  296:2  297:1  298:1  300:1  301:2  302:1  303:1  304:1  305:1  306:2  307:1  308:2  310:2  311:1  312:1  314:2  315:1  319:4  320:2  323:1  325:1  326:1  328:1  329:3  330:2  332:1  334:1  337:2  340:1  341:2  345:1  346:2  348:1  349:1  351:1  356:1  363:1  364:3  366:1  370:1  380:1  381:1  387:1  398:1  414:1  420:1  424:2  425:1  427:1  438:1  441:1  443:1  447:2  450:1  470:2  483:1  486:1  562:1  568:1  580:1  628:1  650:1  661:1  671:1
  short unary avg len: 2.00
23876.808064,138.476302,1112.694618
[PASSED]
[time 65.71 s, user 61.70 s, sys 3.74 s, maxrss 3946028 KB]
[busy 6768 jiffies]
[exit 0]
--- c2 case 2 rec 1   load 1.07 1.04 1.03
[TEST C2-MARISA]
Processing dataset...
Done!
Building trie...
trie size: 45.075111 MB
trie size: 58.782683 MB
Done!
build time: 27251.006324 ms (1418.010774 ns per key)
space cost: 115.871891 MB (12.073902% of original size 959.688828 MB)
Querying trie...
Done!
total time: 27920.582882 ms, avg latency: 1452.852304 ns
topology: 18.043312 MB, link: 53.061511 MB, data: 44.110818 MB
--- Unary Path Analysis (Marisa, cutoff=3) ---
  branches: 28460243  |  single-char: 8548639 (30.0%)  short-unary: 1945591 (6.8%)  links: 17966013 (63.1%)
  link len: avg=9.78  max=671  total_chars=175768937
  link length distribution (len:count):  3:1972869  4:2199264  5:1749004  6:1615481  7:1551051  8:1264343  9:992335  10:857985  11:753193  12:600312  13:547943  14:421218  15:405124  16:351885  17:501259  18:237429  19:230947  20:259789  21:258094  22:144115  23:124603  24:110740  25:98738  26:84393  27:74483  28:65715  29:61709  30:48240  31:48966  32:39093  33:33713  34:29115  35:25218  36:22019  37:21378  38:17405  39:14534  40:12866  41:11052  42:9335  43:9786  44:7969  45:6405  46:5948  47:5349  48:5084  49:5151  50:4194  51:3709  52:3392  53:2780  54:2525  55:2625  56:2535  57:1971  58:1690  59:1626  60:1409  61:1463  62:1485  63:1178  64:1120  65:1022  66:831  67:837  68:1086  69:712  70:745  71:593  72:578  73:636  74:730  75:520  76:429  77:414  78:363  79:342  80:427  81:418  82:377  83:334  84:258  85:228  86:362  87:261  88:199  89:212  90:179  91:201  92:346  93:221  94:147  95:160  96:127  97:130  98:272  99:190  100:129  101:190  102:120  103:94  104:182  105:151  106:98  107:84  108:75  109:88  110:205  111:135  112:78  113:63  114:78  115:73  116:114  117:100  118:77  119:83  120:85  121:45  122:88  123:78  124:44  125:42  126:45  127:48  128:74  129:71  130:43  131:38  132:36  133:30  134:48  135:48  136:48  137:38  138:53  139:43  140:21  141:36  142:31  143:23  144:36  145:29  146:29  147:45  148:23  149:14  150:20  151:23  152:15  153:30  154:35  155:33  156:30  157:35  158:23  159:16  160:37  161:7  162:13  163:15  164:27  165:30  166:19  167:6  168:13  169:9  170:8  171:15  172:20  173:15  174:19  175:14  176:9  177:15  178:17  179:9  180:8  181:13  182:16  183:13  184:16  185:11  186:10  187:5  188:5  189:15  190:18  191:10  192:11  193:12  194:5  195:6  196:11  197:5  198:5  199:7  200:10  201:7  202:10  203:6  204:4  205:4  206:6  207:9  208:11  209:17  210:10  211:7  212:9  213:2  214:9  215:5  216:4  217:9  218:9  219:11  220:7  221:7  222:6  223:7  224:5  225:4  226:7  227:4  228:5  229:3  230:3  231:2  232:9  233:1  234:2  235:5  236:6  237:6  238:10  239:1  240:2  241:2  242:2  243:3  244:10  245:4  246:6  247:2  248:2  249:4  250:3  252:4  253:6  254:3  255:4  256:4  257:2  258:3  259:2  262:2  263:3  265:3  266:1  269:2  270:3  271:1  272:2  273:1  274:5  275:2  276:1  281:1  287:3  290:1  293:2  294:2  295:2  296:2  297:1  298:1  300:1  301:2  302:1  303:1  304:1  305:1  306:2  307:1  308:2  310:2  311:1  312:1  314:2  315:1  319:4  320:2  323:1  325:1  326:1  328:1  329:3  330:2  332:1  334:1  337:2  340:1  341:2  345:1  346:2  348:1  349:1  351:1  356:1  363:1  364:3  366:1  370:1  380:1  381:1  387:1  398:1  414:1  420:1  424:2  425:1  427:1  438:1  441:1  443:1  447:2  450:1  470:2  483:1  486:1  562:1  568:1  580:1  628:1  650:1  661:1  671:1
  short unary avg len: 2.00
27251.006324,115.871891,1452.852304
[PASSED]
[time 75.72 s, user 71.74 s, sys 3.67 s, maxrss 3923032 KB]
[busy 7792 jiffies]
[exit 0]
--- c2 case 2 rec 2   load 1.02 1.02 1.02
[TEST C2-MARISA]
Processing dataset...
Done!
Building trie...
trie size: 45.075111 MB
trie size: 58.782683 MB
trie size: 5.377936 MB
Done!
build time: 28169.563276 ms (1465.808042 ns per key)
space cost: 115.871891 MB (12.073902% of original size 959.688828 MB)
Querying trie...
Done!
total time: 27939.245160 ms, avg latency: 1453.823399 ns
topology: 18.043312 MB, link: 53.061511 MB, data: 44.110818 MB
--- Unary Path Analysis (Marisa, cutoff=3) ---
  branches: 28460243  |  single-char: 8548639 (30.0%)  short-unary: 1945591 (6.8%)  links: 17966013 (63.1%)
  link len: avg=9.78  max=671  total_chars=175768937
  link length distribution (len:count):  3:1972869  4:2199264  5:1749004  6:1615481  7:1551051  8:1264343  9:992335  10:857985  11:753193  12:600312  13:547943  14:421218  15:405124  16:351885  17:501259  18:237429  19:230947  20:259789  21:258094  22:144115  23:124603  24:110740  25:98738  26:84393  27:74483  28:65715  29:61709  30:48240  31:48966  32:39093  33:33713  34:29115  35:25218  36:22019  37:21378  38:17405  39:14534  40:12866  41:11052  42:9335  43:9786  44:7969  45:6405  46:5948  47:5349  48:5084  49:5151  50:4194  51:3709  52:3392  53:2780  54:2525  55:2625  56:2535  57:1971  58:1690  59:1626  60:1409  61:1463  62:1485  63:1178  64:1120  65:1022  66:831  67:837  68:1086  69:712  70:745  71:593  72:578  73:636  74:730  75:520  76:429  77:414  78:363  79:342  80:427  81:418  82:377  83:334  84:258  85:228  86:362  87:261  88:199  89:212  90:179  91:201  92:346  93:221  94:147  95:160  96:127  97:130  98:272  99:190  100:129  101:190  102:120  103:94  104:182  105:151  106:98  107:84  108:75  109:88  110:205  111:135  112:78  113:63  114:78  115:73  116:114  117:100  118:77  119:83  120:85  121:45  122:88  123:78  124:44  125:42  126:45  127:48  128:74  129:71  130:43  131:38  132:36  133:30  134:48  135:48  136:48  137:38  138:53  139:43  140:21  141:36  142:31  143:23  144:36  145:29  146:29  147:45  148:23  149:14  150:20  151:23  152:15  153:30  154:35  155:33  156:30  157:35  158:23  159:16  160:37  161:7  162:13  163:15  164:27  165:30  166:19  167:6  168:13  169:9  170:8  171:15  172:20  173:15  174:19  175:14  176:9  177:15  178:17  179:9  180:8  181:13  182:16  183:13  184:16  185:11  186:10  187:5  188:5  189:15  190:18  191:10  192:11  193:12  194:5  195:6  196:11  197:5  198:5  199:7  200:10  201:7  202:10  203:6  204:4  205:4  206:6  207:9  208:11  209:17  210:10  211:7  212:9  213:2  214:9  215:5  216:4  217:9  218:9  219:11  220:7  221:7  222:6  223:7  224:5  225:4  226:7  227:4  228:5  229:3  230:3  231:2  232:9  233:1  234:2  235:5  236:6  237:6  238:10  239:1  240:2  241:2  242:2  243:3  244:10  245:4  246:6  247:2  248:2  249:4  250:3  252:4  253:6  254:3  255:4  256:4  257:2  258:3  259:2  262:2  263:3  265:3  266:1  269:2  270:3  271:1  272:2  273:1  274:5  275:2  276:1  281:1  287:3  290:1  293:2  294:2  295:2  296:2  297:1  298:1  300:1  301:2  302:1  303:1  304:1  305:1  306:2  307:1  308:2  310:2  311:1  312:1  314:2  315:1  319:4  320:2  323:1  325:1  326:1  328:1  329:3  330:2  332:1  334:1  337:2  340:1  341:2  345:1  346:2  348:1  349:1  351:1  356:1  363:1  364:3  366:1  370:1  380:1  381:1  387:1  398:1  414:1  420:1  424:2  425:1  427:1  438:1  441:1  443:1  447:2  450:1  470:2  483:1  486:1  562:1  568:1  580:1  628:1  650:1  661:1  671:1
  short unary avg len: 2.00
28169.563276,115.871891,1453.823399
[PASSED]
[time 76.57 s, user 72.60 s, sys 3.66 s, maxrss 3923108 KB]
[busy 7890 jiffies]
[exit 0]
--- c2 case 3 rec 0   load 1.07 1.03 1.02
[TEST FST]
Processing dataset...
Done!
Building trie...
Done!
build time: 31058.652092 ms (1616.142272 ns per key)
space cost: 159.945154 MB (16.666356% of original size 959.688828 MB)
Querying trie...
Done!
total time: 51088.114187 ms, avg latency: 2658.378757 ns
not implemented
31058.652092,159.945154,2658.378757
[PASSED]
[time 102.68 s, user 99.63 s, sys 2.64 s, maxrss 3965856 KB]
[busy 10550 jiffies]
[exit 0]
--- c2 case 4 rec 0   skipped: exit 134 in round 1
--- c2 case 5 rec 0   load 1.01 1.02 1.01
[TEST MARISA]
Processing dataset...
Done!
Building trie...
Done!
build time: 20818.977154 ms (1083.319036 ns per key)
space cost: 133.804929 MB (13.942533% of original size 959.688828 MB)
Querying trie...
Done!
total time: 25807.420834 ms, avg latency: 1342.893556 ns
not implemented
20818.977154,133.804929,1342.893556
[PASSED]
[time 66.59 s, user 63.04 s, sys 3.28 s, maxrss 4524624 KB]
[busy 6859 jiffies]
[exit 0]
--- c2 case 5 rec 1   load 1.03 1.03 1.01
[TEST MARISA]
Processing dataset...
Done!
Building trie...
Done!
build time: 22906.886555 ms (1191.963759 ns per key)
space cost: 102.444633 MB (10.674776% of original size 959.688828 MB)
Querying trie...
Done!
total time: 33390.484922 ms, avg latency: 1737.479592 ns
not implemented
22906.886555,102.444633,1737.479592
[PASSED]
[time 76.30 s, user 72.60 s, sys 3.38 s, maxrss 4525012 KB]
[busy 7858 jiffies]
[exit 0]
--- c2 case 5 rec 2   load 1.01 1.02 1.00
[TEST MARISA]
Processing dataset...
Done!
Building trie...
Done!
build time: 23135.187480 ms (1203.843436 ns per key)
space cost: 97.604103 MB (10.170391% of original size 959.688828 MB)
Querying trie...
Done!
total time: 34647.812705 ms, avg latency: 1802.904858 ns
not implemented
23135.187480,97.604103,1802.904858
[PASSED]
[time 77.71 s, user 74.03 s, sys 3.36 s, maxrss 4525048 KB]
[busy 8005 jiffies]
[exit 0]
--- c2 case 6 rec 0   load 0.92 1.00 0.99
[TEST PDT]
Processing dataset...
Done!
Building trie...
dict size: 156158, stream size: 104376727
Done!
build time: 46697.883986 ms (2429.932378 ns per key)
space cost: 124.223966 MB (12.944192% of original size 959.688828 MB)
Querying trie...
Done!
total time: 27202.937612 ms, avg latency: 1415.509510 ns
not implemented
46697.883986,124.223966,1415.509510
[PASSED]
[time 94.41 s, user 90.50 s, sys 3.54 s, maxrss 3931640 KB]
[busy 9704 jiffies]
[exit 0]
--- c2 case 7 rec 0   load 0.91 0.98 0.99
[TEST ART]
Processing dataset...
Done!
Building trie...
Done!
build time: 7247.210993 ms (377.109863 ns per key)
space cost: 663.573662 MB (69.144669% of original size 959.688828 MB)
Querying trie...
Done!
total time: 19501.010042 ms, avg latency: 1014.738392 ns
not implemented
7247.210993,663.573662,1014.738392
[PASSED]
[time 47.35 s, user 43.99 s, sys 3.16 s, maxrss 5548848 KB]
[busy 4864 jiffies]
[exit 0]
--- c2 case 8 rec 0   load 0.96 0.99 1.00
[TEST CART]
Processing dataset...
Done!
Building trie...
Done!
build time: 8369.927634 ms (435.530616 ns per key)
space cost: 314.909278 MB (32.813686% of original size 959.688828 MB)
Querying trie...
Done!
total time: 20309.602630 ms, avg latency: 1056.813646 ns
not implemented
8369.927634,314.909278,1056.813646
[PASSED]
[time 49.21 s, user 45.94 s, sys 3.06 s, maxrss 5327072 KB]
[busy 5045 jiffies]
[exit 0]
--- xcdat 7   load 0.98 0.99 1.00
build time: 24517.619775 ms
space cost: 209.893179 MiB (21.870962% of original size 959.688828 MiB)
avg latency: 1010.569189 ns
24517.619775,209.893179,1010.569189
[time 64.23 s, user 60.60 s, sys 3.36 s, maxrss 4018072 KB]
[busy 6596 jiffies]
[exit 0]
--- xcdat 8   load 1.00 1.00 1.00
build time: 23722.494158 ms
space cost: 203.113648 MiB (21.164532% of original size 959.688828 MiB)
avg latency: 995.759718 ns
23722.494158,203.113648,995.759718
[time 63.16 s, user 59.56 s, sys 3.34 s, maxrss 4011540 KB]
[busy 6493 jiffies]
[exit 0]
--- xcdat 15   load 1.00 1.00 1.00
build time: 24608.755407 ms
space cost: 257.037476 MiB (26.783419% of original size 959.688828 MiB)
avg latency: 832.459221 ns
24608.755407,257.037476,832.459221
[time 61.04 s, user 57.31 s, sys 3.48 s, maxrss 4066720 KB]
[busy 6268 jiffies]
[exit 0]
--- xcdat 16   load 0.92 0.98 0.99
build time: 23870.111197 ms
space cost: 269.901646 MiB (28.123871% of original size 959.688828 MiB)
avg latency: 868.260350 ns
23870.111197,269.901646,868.260350
[time 60.96 s, user 57.36 s, sys 3.34 s, maxrss 4079928 KB]
[busy 6274 jiffies]
[exit 0]

campaign done 2026-09-22T00:52:33+03:00, load 1.03 1.00 1.00
