frontier campaign
date: 2026-09-25T09:26:44+03:00
host: arz
commit: cc97350
table: frontier-10m
lexindex: 4.5.0
kernel: Linux 7.2.7-200.fc44.x86_64 x86_64
cpu: AMD Ryzen 7 5800HS with Radeon Graphics
cores/threads: 8 / 16
caches: L2 512 KiB, L3 16384 KiB
governor: powersave
transparent hugepages: always [madvise] never
compiler: c++ (GCC) 16.2.1 20260819 (Red Hat 16.2.1-2)
rustc: rustc 1.98.1 (48a229cea 2026-09-01)
load at start: 1.54 1.12 0.95
memory: 38.6 GiB total, 34.8 available
swap in use: 0 MiB
memory layout: not read (needs root)
rounds: 3, even rounds in the reverse order
quiet before each process: under 1.0 busy CPUs for 1 s
clock ticks: 100
address space cap: 28000000 KB
timeout: 7200 s a process
pin c2: 92c1b861456b https://github.com/alexztc/C2
pin c2/lib/sdsl-lite: 4312ea9c9370 https://github.com/vgteam/sdsl-lite
pin c2/lib/ds2i: 4f46606cc077 https://github.com/aboffa/ds2i (modified: compact_elias_fano.hpp,succinct)
pin c2/lib/sux: 5944f6b5c1c7 https://github.com/vigna/sux (modified: sux/util/Vector.hpp)
pin c2/lib/fsst: e638d4cf8c26 https://github.com/cwida/fsst
pin c2/baseline_marisa/marisa: e54f296bb52d https://github.com/s-yata/marisa-trie
pin c2/baseline_ctriepp/ctriepp: 52d2c16a7bb6 https://gitlab.com/ofek.gila1/ctriepp
pin xcdat: 2451441dcc09 https://github.com/kampersanda/xcdat
pin c2/lib/ds2i/succinct: ea74747a8b1c (gitlink)
pin c2/lib/sdsl-lite/external/googletest: 71815bbf7de6 (gitlink)
pin c2/lib/sdsl-lite/external/libdivsufsort: 0f24acd8de20 (gitlink)
pin coco adapted headers: ee860d4b1e62 https://github.com/aboffa/CoCo-trie (by sha256)

##### dna-10000000 (10000000 lines, 250000000 bytes)   round 1/3   2026-09-25T09:26:44+03:00
--- lexindex dict32   load 1.54 1.12 0.95
10000000 keys
lexindex DictIndex block 32: build 866 ms, size 43.682 MiB (4.580 B/key), latency cold 745.4 ns, then mean 742.7 / min 737.5 ns
866.359,43.681956,745.371
[time 36.71 s, user 42.04 s, sys 0.92 s, maxrss 1543340 KB]
[busy 4381 jiffies]
[exit 0]
--- lexindex dict256   load 1.20 1.08 0.95
10000000 keys
lexindex DictIndex block 256: build 864 ms, size 37.650 MiB (3.948 B/key), latency cold 501.6 ns, then mean 499.2 / min 498.5 ns
863.851,37.650213,501.647
[time 27.00 s, user 32.43 s, sys 0.90 s, maxrss 1514092 KB]
[busy 3393 jiffies]
[exit 0]
--- lexindex dict1024   load 1.13 1.08 0.95
10000000 keys
lexindex DictIndex block 1024: build 841 ms, size 36.361 MiB (3.813 B/key), latency cold 475.8 ns, then mean 475.0 / min 474.4 ns
841.125,36.360937,475.772
[time 26.00 s, user 31.30 s, sys 0.93 s, maxrss 1520336 KB]
[busy 3290 jiffies]
[exit 0]
--- lexindex routed32   load 1.00 1.05 0.95
10000000 keys
lexindex DictIndex block 32 routed: build 874 ms, size 48.450 MiB (5.080 B/key), latency cold 711.4 ns, then mean 709.2 / min 708.6 ns
874.177,48.450328,711.368
[time 35.35 s, user 40.70 s, sys 0.88 s, maxrss 1545112 KB]
[busy 4236 jiffies]
[exit 0]
--- lexindex routed256   load 1.00 1.04 0.95
10000000 keys
lexindex DictIndex block 256 routed: build 878 ms, size 42.419 MiB (4.448 B/key), latency cold 442.4 ns, then mean 442.6 / min 441.8 ns
877.942,42.418646,442.365
[time 24.72 s, user 30.14 s, sys 0.92 s, maxrss 1514740 KB]
[busy 3163 jiffies]
[exit 0]
--- lexindex routed1024   load 1.00 1.04 0.96
10000000 keys
lexindex DictIndex block 1024 routed: build 845 ms, size 38.745 MiB (4.063 B/key), latency cold 423.9 ns, then mean 423.9 / min 423.5 ns
845.211,38.745214,423.942
[time 23.92 s, user 29.19 s, sys 0.88 s, maxrss 1521008 KB]
[busy 3060 jiffies]
[exit 0]
--- lexindex string   load 1.00 1.04 0.96
10000000 keys
lexindex StringIndex: build 9901 ms, size 152.422 MiB (15.983 B/key), latency cold 679.6 ns, then mean 673.5 / min 672.9 ns
9900.886,152.421832,679.580
[time 42.98 s, user 42.06 s, sys 0.75 s, maxrss 1604272 KB]
[busy 4368 jiffies]
[exit 0]
--- lexindex hashed0   load 1.00 1.03 0.96
10000000 keys
lexindex HashedDictIndex closed: build 1902 ms, size 68.543 MiB (7.187 B/key), latency cold 59.5 ns, then mean 59.2 / min 59.1 ns
1902.218,68.542706,59.451
[time 10.40 s, user 16.54 s, sys 1.04 s, maxrss 1547272 KB]
[busy 1793 jiffies]
[exit 0]
--- lexindex hashed8   load 1.96 1.24 1.03
10000000 keys
lexindex HashedDictIndex fp=8: build 1890 ms, size 78.079 MiB (8.187 B/key), latency cold 76.4 ns, then mean 86.4 / min 76.3 ns
1890.117,78.079450,76.427
[time 11.35 s, user 17.53 s, sys 1.04 s, maxrss 1550480 KB]
[busy 1893 jiffies]
[exit 0]
--- lexindex hashed16   load 1.81 1.23 1.03
10000000 keys
lexindex HashedDictIndex fp=16: build 1904 ms, size 87.616 MiB (9.187 B/key), latency cold 77.5 ns, then mean 87.8 / min 76.9 ns
1903.895,87.616193,77.533
[time 11.47 s, user 17.64 s, sys 1.04 s, maxrss 1564080 KB]
[busy 1903 jiffies]
[exit 0]
--- lexindex da   load 1.63 1.22 1.03
10000000 keys
lexindex DoubleArrayIndex refused: format error: double-array: more than 8 388 608 keys; ids are 23 bits
Command exited with non-zero status 3
[time 3.87 s, user 3.46 s, sys 0.39 s, maxrss 783944 KB]
[busy 396 jiffies]
[exit 3]
--- c2 case 0 rec 0   load 1.58 1.22 1.03
[TEST C2-FST]
Processing dataset...
Done!
Building trie...
Done!
build time: 15582.001801 ms (1558.200180 ns per key)
space cost: 89.937219 MB (39.294170% of original size 228.881836 MB)
Querying trie...
Done!
total time: 7669.121841 ms, avg latency: 766.912184 ns
topology: 8.925270 MB, link: 31.294473 MB, data: 49.717476 MB
--- Unary Path Analysis (FST, cutoff=4) ---
  shared unary steps in main trie: 994037
  terminal suffixes: inplace=72 (avg len=2.67)  links=9999928 (100.0% of terminal)
  link len: avg=10.46  max=13  total_chars=104556373
  link length distribution (len:count):  4:308  5:1114  6:4343  7:17785  8:69577  9:272560  10:1019069  11:3104051  12:4591242  13:919171  14:708
15582.001801,89.937219,766.912184
[PASSED]
[time 32.64 s, user 30.75 s, sys 1.76 s, maxrss 2128372 KB]
[busy 3325 jiffies]
[exit 0]
--- c2 case 0 rec 1   load 1.24 1.17 1.02
[TEST C2-FST]
Processing dataset...
Done!
Building trie...
trie size: 37.777167 MB
Done!
build time: 16913.345710 ms (1691.334571 ns per key)
space cost: 74.159266 MB (32.400678% of original size 228.881836 MB)
Querying trie...
Done!
total time: 10401.392680 ms, avg latency: 1040.139268 ns
topology: 12.378445 MB, link: 28.910372 MB, data: 32.870449 MB
--- Unary Path Analysis (FST, cutoff=4) ---
  shared unary steps in main trie: 994037
  terminal suffixes: inplace=72 (avg len=2.67)  links=9999928 (100.0% of terminal)
  link len: avg=10.46  max=13  total_chars=104556373
  link length distribution (len:count):  4:308  5:1114  6:4343  7:17785  8:69577  9:272560  10:1019069  11:3104051  12:4591242  13:919171  14:708
16913.345710,74.159266,1040.139268
[PASSED]
[time 36.63 s, user 34.91 s, sys 1.56 s, maxrss 1758212 KB]
[busy 3729 jiffies]
[exit 0]
--- c2 case 0 rec 2   load 1.19 1.17 1.02
timeout: the monitored command dumped core
Command terminated by signal 11
[time 22.26 s, user 20.76 s, sys 1.34 s, maxrss 1758416 KB]
[busy 2268 jiffies]
[exit 139]
--- c2 case 1 rec 0   load 1.20 1.17 1.03
[TEST C2-CoCo(LOUDS-Sparse)]
Processing dataset...
Done!
Building trie...
Done!
build time: 21998.100719 ms (2199.810072 ns per key)
space cost: 72.822873 MB (31.816798% of original size 228.881836 MB)
Querying trie...
Done!
total time: 7532.544079 ms, avg latency: 753.254408 ns
topology: 3.420319 MB, link: 32.688608 MB, data: 36.713946 MB
21998.100719,72.822873,753.254408
[PASSED]
[time 38.90 s, user 36.29 s, sys 2.45 s, maxrss 3400396 KB]
[busy 3959 jiffies]
[exit 0]
--- c2 case 1 rec 1   load 1.10 1.15 1.02
[TEST C2-CoCo(LOUDS-Sparse)]
Processing dataset...
Done!
Building trie...
trie size: 37.777167 MB
Done!
build time: 23270.141933 ms (2327.014193 ns per key)
space cost: 57.044919 MB (24.923306% of original size 228.881836 MB)
Querying trie...
Done!
total time: 8990.654238 ms, avg latency: 899.065424 ns
topology: 6.873493 MB, link: 30.304507 MB, data: 19.866919 MB
23270.141933,57.044919,899.065424
[PASSED]
[time 41.58 s, user 39.14 s, sys 2.27 s, maxrss 3069076 KB]
[busy 4228 jiffies]
[exit 0]
--- c2 case 1 rec 2   load 1.05 1.13 1.02
timeout: the monitored command dumped core
Command terminated by signal 11
[time 28.67 s, user 26.46 s, sys 2.04 s, maxrss 3069216 KB]
[busy 2922 jiffies]
[exit 139]
--- c2 case 2 rec 0   load 1.03 1.11 1.02
[TEST C2-MARISA]
Processing dataset...
Done!
Building trie...
trie size: 24.434970 MB
Done!
build time: 15171.277989 ms (1517.127799 ns per key)
space cost: 95.269694 MB (41.623965% of original size 228.881836 MB)
Querying trie...
Done!
total time: 6904.788215 ms, avg latency: 690.478821 ns
topology: 8.066944 MB, link: 31.537600 MB, data: 55.337026 MB
--- Unary Path Analysis (Marisa, cutoff=3) ---
  branches: 16819022  |  single-char: 6056704 (36.0%)  short-unary: 587781 (3.5%)  links: 10174537 (60.5%)
  link len: avg=12.30  max=15  total_chars=125137286
  link length distribution (len:count):  3:131739  4:32131  5:8322  6:3155  7:4877  8:17889  9:69612  10:272566  11:1019074  12:3104051  13:4591242  14:919171  15:708
  short unary avg len: 2.00
15171.277989,95.269694,690.478821
[PASSED]
[time 31.50 s, user 29.54 s, sys 1.83 s, maxrss 2244604 KB]
[busy 3204 jiffies]
[exit 0]
--- c2 case 2 rec 1   load 1.02 1.10 1.01
[TEST C2-MARISA]
Processing dataset...
Done!
Building trie...
trie size: 24.434970 MB
trie size: 47.886275 MB
Done!
build time: 17209.708604 ms (1720.970860 ns per key)
space cost: 72.352404 MB (31.611248% of original size 228.881836 MB)
Querying trie...
Done!
total time: 9557.354286 ms, avg latency: 955.735429 ns
topology: 14.325905 MB, link: 29.140208 MB, data: 28.558166 MB
--- Unary Path Analysis (Marisa, cutoff=3) ---
  branches: 16819022  |  single-char: 6056704 (36.0%)  short-unary: 587781 (3.5%)  links: 10174537 (60.5%)
  link len: avg=12.30  max=15  total_chars=125137286
  link length distribution (len:count):  3:131739  4:32131  5:8322  6:3155  7:4877  8:17889  9:69612  10:272566  11:1019074  12:3104051  13:4591242  14:919171  15:708
  short unary avg len: 2.00
17209.708604,72.352404,955.735429
[PASSED]
[time 36.16 s, user 34.43 s, sys 1.58 s, maxrss 1666616 KB]
[busy 3698 jiffies]
[exit 0]
--- c2 case 2 rec 2   load 1.01 1.09 1.01
timeout: the monitored command dumped core
Command terminated by signal 11
[time 22.49 s, user 21.07 s, sys 1.26 s, maxrss 1666796 KB]
[busy 2297 jiffies]
[exit 139]
--- c2 case 3 rec 0   load 1.00 1.08 1.01
[TEST FST]
Processing dataset...
Done!
Building trie...
Done!
build time: 11959.595187 ms (1195.959519 ns per key)
space cost: 119.365768 MB (52.151700% of original size 228.881836 MB)
Querying trie...
Done!
total time: 8487.216475 ms, avg latency: 848.721648 ns
not implemented
11959.595187,119.365768,848.721648
[PASSED]
[time 29.88 s, user 28.56 s, sys 1.20 s, maxrss 1689244 KB]
[busy 3044 jiffies]
[exit 0]
--- c2 case 4 rec 0   load 1.00 1.07 1.00
terminate called after throwing an instance of 'std::bad_alloc'
  what():  std::bad_alloc
timeout: the monitored command dumped core
Command terminated by signal 6
[time 25.46 s, user 13.91 s, sys 11.39 s, maxrss 27785044 KB]
[busy 2631 jiffies]
[exit 134]
--- c2 case 5 rec 0   load 1.00 1.06 1.00
[TEST MARISA]
Processing dataset...
Done!
Building trie...
Done!
build time: 7665.173834 ms (766.517383 ns per key)
space cost: 147.956710 MB (64.643273% of original size 228.881836 MB)
Querying trie...
Done!
total time: 8797.774301 ms, avg latency: 879.777430 ns
not implemented
7665.173834,147.956710,879.777430
[PASSED]
[time 25.75 s, user 24.15 s, sys 1.50 s, maxrss 1989328 KB]
[busy 2624 jiffies]
[exit 0]
--- c2 case 5 rec 1   load 1.00 1.06 1.00
[TEST MARISA]
Processing dataset...
Done!
Building trie...
Done!
build time: 9695.854015 ms (969.585401 ns per key)
space cost: 65.397814 MB (28.572741% of original size 228.881836 MB)
Querying trie...
Done!
total time: 13260.187097 ms, avg latency: 1326.018710 ns
not implemented
9695.854015,65.397814,1326.018710
[PASSED]
[time 32.25 s, user 30.55 s, sys 1.56 s, maxrss 1910672 KB]
[busy 3291 jiffies]
[exit 0]
--- c2 case 5 rec 2   load 1.00 1.05 1.00
[TEST MARISA]
Processing dataset...
Done!
Building trie...
Done!
build time: 9642.659188 ms (964.265919 ns per key)
space cost: 64.374021 MB (28.125439% of original size 228.881836 MB)
Querying trie...
Done!
total time: 13712.715025 ms, avg latency: 1371.271502 ns
not implemented
9642.659188,64.374021,1371.271502
[PASSED]
[time 32.63 s, user 30.91 s, sys 1.58 s, maxrss 1910396 KB]
[busy 3346 jiffies]
[exit 0]
--- c2 case 6 rec 0   load 1.00 1.04 1.00
[TEST PDT]
Processing dataset...
Done!
Building trie...
dict size: 151384, stream size: 57071972
Done!
build time: 24655.795964 ms (2465.579596 ns per key)
space cost: 67.337972 MB (29.420409% of original size 228.881836 MB)
Querying trie...
Done!
total time: 14061.485006 ms, avg latency: 1406.148501 ns
not implemented
24655.795964,67.337972,1406.148501
[PASSED]
[time 48.11 s, user 46.10 s, sys 1.81 s, maxrss 1637296 KB]
[busy 4897 jiffies]
[exit 0]
--- c2 case 7 rec 0   load 1.00 1.03 1.00
[TEST ART]
Processing dataset...
Done!
Building trie...
Done!
build time: 2160.072322 ms (216.007232 ns per key)
space cost: 332.784225 MB (145.395647% of original size 228.881836 MB)
Querying trie...
Done!
total time: 6269.468074 ms, avg latency: 626.946807 ns
not implemented
2160.072322,332.784225,626.946807
[PASSED]
[time 17.90 s, user 16.51 s, sys 1.31 s, maxrss 2190480 KB]
[busy 1823 jiffies]
[exit 0]
--- c2 case 8 rec 0   load 1.00 1.03 1.00
[TEST CART]
Processing dataset...
Done!
Building trie...
Done!
build time: 2718.879046 ms (271.887905 ns per key)
space cost: 156.509016 MB (68.379833% of original size 228.881836 MB)
Querying trie...
Done!
total time: 7465.886025 ms, avg latency: 746.588602 ns
not implemented
2718.879046,156.509016,746.588602
[PASSED]
[time 19.64 s, user 18.35 s, sys 1.21 s, maxrss 2102644 KB]
[busy 2002 jiffies]
[exit 0]
--- xcdat 7   load 1.00 1.03 1.00
build time: 10657.624314 ms
space cost: 136.369071 MiB (59.580556% of original size 228.881836 MiB)
avg latency: 681.490613 ns
10657.624314,136.369071,681.490613
[time 26.76 s, user 25.10 s, sys 1.54 s, maxrss 1706132 KB]
[busy 2726 jiffies]
[exit 0]
--- xcdat 8   load 1.00 1.02 1.00
build time: 10310.384288 ms
space cost: 135.305025 MiB (59.115668% of original size 228.881836 MiB)
avg latency: 665.487710 ns
10310.384288,135.305025,665.487710
[time 26.23 s, user 24.51 s, sys 1.61 s, maxrss 1704864 KB]
[busy 2669 jiffies]
[exit 0]
--- xcdat 15   load 1.00 1.02 1.00
build time: 10577.905271 ms
space cost: 152.576344 MiB (66.661622% of original size 228.881836 MiB)
avg latency: 548.895075 ns
10577.905271,152.576344,548.895075
[time 25.35 s, user 23.68 s, sys 1.56 s, maxrss 1722408 KB]
[busy 2584 jiffies]
[exit 0]
--- xcdat 16   load 1.00 1.02 1.00
build time: 10395.759263 ms
space cost: 157.761472 MiB (68.927039% of original size 228.881836 MiB)
avg latency: 578.071334 ns
10395.759263,157.761472,578.071334
[time 25.49 s, user 23.77 s, sys 1.60 s, maxrss 1727780 KB]
[busy 2595 jiffies]
[exit 0]

##### numeric-10000000 (10000000 lines, 78888890 bytes)   round 1/3   2026-09-25T09:41:57+03:00
--- lexindex dict32   load 1.00 1.02 1.00
10000000 keys
lexindex DictIndex block 32: build 666 ms, size 11.972 MiB (1.255 B/key), latency cold 326.4 ns, then mean 324.8 / min 323.1 ns
666.214,11.971594,326.414
[time 19.11 s, user 22.38 s, sys 0.76 s, maxrss 1166656 KB]
[busy 2360 jiffies]
[exit 0]
--- lexindex dict256   load 0.92 1.00 0.99
10000000 keys
lexindex DictIndex block 256: build 668 ms, size 9.685 MiB (1.016 B/key), latency cold 301.1 ns, then mean 299.5 / min 299.4 ns
667.551,9.685040,301.100
[time 18.13 s, user 21.46 s, sys 0.73 s, maxrss 1157508 KB]
[busy 2265 jiffies]
[exit 0]
--- lexindex dict1024   load 0.94 1.00 1.00
10000000 keys
lexindex DictIndex block 1024: build 643 ms, size 8.762 MiB (0.919 B/key), latency cold 307.2 ns, then mean 307.0 / min 306.6 ns
642.887,8.762317,307.201
[time 18.39 s, user 21.53 s, sys 0.75 s, maxrss 1154732 KB]
[busy 2274 jiffies]
[exit 0]
--- lexindex routed32   load 0.96 1.00 1.00
10000000 keys
lexindex DictIndex block 32 routed: build 682 ms, size 16.740 MiB (1.755 B/key), latency cold 334.1 ns, then mean 334.5 / min 333.3 ns
682.248,16.739965,334.089
[time 19.49 s, user 22.75 s, sys 0.73 s, maxrss 1172924 KB]
[busy 2403 jiffies]
[exit 0]
--- lexindex routed256   load 0.97 1.00 1.00
10000000 keys
lexindex DictIndex block 256 routed: build 694 ms, size 14.453 MiB (1.516 B/key), latency cold 262.8 ns, then mean 265.6 / min 262.6 ns
694.095,14.453472,262.781
[time 16.75 s, user 20.14 s, sys 0.71 s, maxrss 1160420 KB]
[busy 2131 jiffies]
[exit 0]
--- lexindex routed1024   load 0.98 1.00 1.00
10000000 keys
lexindex DictIndex block 1024 routed: build 657 ms, size 11.147 MiB (1.169 B/key), latency cold 234.5 ns, then mean 232.6 / min 230.7 ns
656.650,11.146594,234.459
[time 15.45 s, user 18.63 s, sys 0.74 s, maxrss 1154776 KB]
[busy 1974 jiffies]
[exit 0]
--- lexindex string   load 0.98 1.00 1.00
10000000 keys
lexindex StringIndex: build 1715 ms, size 0.000 MiB (0.000 B/key), latency cold 96.4 ns, then mean 96.6 / min 96.6 ns
1714.796,0.000340,96.427
[time 10.99 s, user 10.42 s, sys 0.53 s, maxrss 1125976 KB]
[busy 1117 jiffies]
[exit 0]
--- lexindex hashed0   load 0.91 0.98 0.99
10000000 keys
lexindex HashedDictIndex closed: build 1627 ms, size 40.578 MiB (4.255 B/key), latency cold 35.9 ns, then mean 35.7 / min 35.5 ns
1626.755,40.577571,35.875
[time 8.54 s, user 12.35 s, sys 0.85 s, maxrss 1193356 KB]
[busy 1348 jiffies]
[exit 0]
--- lexindex hashed8   load 2.12 1.23 1.08
10000000 keys
lexindex HashedDictIndex fp=8: build 1581 ms, size 50.114 MiB (5.255 B/key), latency cold 49.5 ns, then mean 49.5 / min 49.3 ns
1581.069,50.114314,49.498
[time 9.03 s, user 12.88 s, sys 0.88 s, maxrss 1201384 KB]
[busy 1405 jiffies]
[exit 0]
--- lexindex hashed16   load 1.79 1.20 1.07
10000000 keys
lexindex HashedDictIndex fp=16: build 1595 ms, size 59.651 MiB (6.255 B/key), latency cold 52.1 ns, then mean 52.0 / min 51.9 ns
1595.023,59.651057,52.082
[time 9.10 s, user 12.91 s, sys 0.84 s, maxrss 1208796 KB]
[busy 1404 jiffies]
[exit 0]
--- lexindex da   load 1.59 1.18 1.06
10000000 keys
lexindex DoubleArrayIndex refused: format error: double-array: more than 8 388 608 keys; ids are 23 bits
Command exited with non-zero status 3
[time 3.52 s, user 3.23 s, sys 0.27 s, maxrss 627924 KB]
[busy 376 jiffies]
[exit 3]
--- c2 case 0 rec 0   load 1.59 1.18 1.06
timeout: the monitored command dumped core
Command terminated by signal 11
[time 3.85 s, user 3.11 s, sys 0.66 s, maxrss 734300 KB]
[busy 493 jiffies]
[exit 139]
--- c2 case 0 rec 1   load 1.54 1.18 1.06
timeout: the monitored command dumped core
Command terminated by signal 11
[time 3.69 s, user 2.98 s, sys 0.63 s, maxrss 734436 KB]
[busy 388 jiffies]
[exit 139]
--- c2 case 0 rec 2   load 1.50 1.17 1.06
timeout: the monitored command dumped core
Command terminated by signal 11
[time 3.71 s, user 2.98 s, sys 0.66 s, maxrss 734408 KB]
[busy 396 jiffies]
[exit 139]
--- c2 case 1 rec 0   load 1.54 1.19 1.07
timeout: the monitored command dumped core
Command terminated by signal 11
[time 4.13 s, user 3.35 s, sys 0.69 s, maxrss 734516 KB]
[busy 447 jiffies]
[exit 139]
--- c2 case 1 rec 1   load 1.49 1.18 1.07
timeout: the monitored command dumped core
Command terminated by signal 11
[time 4.35 s, user 3.50 s, sys 0.76 s, maxrss 734452 KB]
[busy 595 jiffies]
[exit 139]
--- c2 case 1 rec 2   load 1.53 1.20 1.07
timeout: the monitored command dumped core
Command terminated by signal 11
[time 4.25 s, user 3.43 s, sys 0.73 s, maxrss 734696 KB]
[busy 538 jiffies]
[exit 139]
--- c2 case 2 rec 0   load 1.65 1.23 1.08
timeout: the monitored command dumped core
Command terminated by signal 11
[time 3.95 s, user 3.14 s, sys 0.65 s, maxrss 734348 KB]
[busy 531 jiffies]
[exit 139]
--- c2 case 2 rec 1   load 1.60 1.22 1.08
timeout: the monitored command dumped core
Command terminated by signal 11
[time 3.78 s, user 3.06 s, sys 0.63 s, maxrss 734648 KB]
[busy 419 jiffies]
[exit 139]
--- c2 case 2 rec 2   load 1.55 1.22 1.08
timeout: the monitored command dumped core
Command terminated by signal 11
[time 3.69 s, user 2.97 s, sys 0.64 s, maxrss 734616 KB]
[busy 377 jiffies]
[exit 139]
--- c2 case 3 rec 0   load 1.51 1.22 1.08
[TEST FST]
Processing dataset...
Done!
Building trie...
Done!
build time: 2564.863021 ms (256.486302 ns per key)
space cost: 14.447110 MB (21.990328% of original size 65.697565 MB)
Querying trie...
Done!
total time: 4219.877698 ms, avg latency: 421.987770 ns
not implemented
2564.863021,14.447110,421.987770
[PASSED]
[time 10.87 s, user 10.06 s, sys 0.66 s, maxrss 661612 KB]
[busy 1254 jiffies]
[exit 0]
--- c2 case 4 rec 0   load 1.47 1.22 1.09
[TEST COCO]
Processing dataset...
Done!
Building trie...
num nodes = 90001, average depth = 1.000033
ef = 0.000000, pa = 0.000000, bv = 0.000011, de = 0.999989
efr = 0.000000, par = 0.000000, bvr = 0.000000, der = 0.000000
Done!
build time: 7966.664457 ms (796.666446 ns per key)
space cost: 4.854946 MB (7.389841% of original size 65.697565 MB)
Querying trie...
Done!
total time: 3273.668128 ms, avg latency: 327.366813 ns
not implemented
7966.664457,4.854946,327.366813
[PASSED]
[time 15.43 s, user 12.92 s, sys 2.35 s, maxrss 4905228 KB]
[busy 1970 jiffies]
[exit 0]
--- c2 case 5 rec 0   load 1.37 1.21 1.08
[TEST MARISA]
Processing dataset...
Done!
Building trie...
Done!
build time: 1698.304396 ms (169.830440 ns per key)
space cost: 15.797803 MB (24.046253% of original size 65.697565 MB)
Querying trie...
Done!
total time: 2570.660619 ms, avg latency: 257.066062 ns
not implemented
1698.304396,15.797803,257.066062
[PASSED]
[time 8.11 s, user 7.30 s, sys 0.77 s, maxrss 977812 KB]
[busy 872 jiffies]
[exit 0]
--- c2 case 5 rec 1   load 1.31 1.20 1.08
[TEST MARISA]
Processing dataset...
Done!
Building trie...
Done!
build time: 1682.258134 ms (168.225813 ns per key)
space cost: 15.797803 MB (24.046253% of original size 65.697565 MB)
Querying trie...
Done!
total time: 2515.001831 ms, avg latency: 251.500183 ns
not implemented
1682.258134,15.797803,251.500183
[PASSED]
[time 8.09 s, user 7.29 s, sys 0.76 s, maxrss 977948 KB]
[busy 832 jiffies]
[exit 0]
--- c2 case 5 rec 2   load 1.18 1.18 1.08
[TEST MARISA]
Processing dataset...
Done!
Building trie...
Done!
build time: 1680.801767 ms (168.080177 ns per key)
space cost: 15.797803 MB (24.046253% of original size 65.697565 MB)
Querying trie...
Done!
total time: 2539.342722 ms, avg latency: 253.934272 ns
not implemented
1680.801767,15.797803,253.934272
[PASSED]
[time 8.01 s, user 7.22 s, sys 0.75 s, maxrss 978140 KB]
[busy 822 jiffies]
[exit 0]
--- c2 case 6 rec 0   load 1.17 1.18 1.08
[TEST PDT]
Processing dataset...
Done!
Building trie...
dict size: 130, stream size: 2965758
Done!
build time: 1192.076761 ms (119.207676 ns per key)
space cost: 15.594018 MB (23.736067% of original size 65.697565 MB)
Querying trie...
Done!
total time: 6369.132998 ms, avg latency: 636.913300 ns
not implemented
1192.076761,15.594018,636.913300
[PASSED]
[time 11.38 s, user 10.70 s, sys 0.62 s, maxrss 687656 KB]
[busy 1157 jiffies]
[exit 0]
--- c2 case 7 rec 0   load 1.13 1.17 1.07
[TEST ART]
Processing dataset...
Done!
Building trie...
Done!
build time: 629.599198 ms (62.959920 ns per key)
space cost: 200.653076 MB (305.419350% of original size 65.697565 MB)
Querying trie...
Done!
total time: 1437.175508 ms, avg latency: 143.717551 ns
not implemented
629.599198,200.653076,143.717551
[PASSED]
[time 5.90 s, user 5.20 s, sys 0.67 s, maxrss 924664 KB]
[busy 605 jiffies]
[exit 0]
--- c2 case 8 rec 0   load 1.12 1.16 1.07
[TEST CART]
Processing dataset...
Done!
Building trie...
Done!
build time: 826.754869 ms (82.675487 ns per key)
space cost: 111.770621 MB (170.129016% of original size 65.697565 MB)
Querying trie...
Done!
total time: 2050.975710 ms, avg latency: 205.097571 ns
not implemented
826.754869,111.770621,205.097571
[PASSED]
[time 6.74 s, user 6.01 s, sys 0.70 s, maxrss 940220 KB]
[busy 684 jiffies]
[exit 0]
--- xcdat 7   load 1.10 1.16 1.07
build time: 2719.554976 ms
space cost: 52.854505 MiB (80.451238% of original size 65.697565 MiB)
avg latency: 348.563109 ns
2719.554976,52.854505,348.563109
[time 10.10 s, user 9.36 s, sys 0.69 s, maxrss 747100 KB]
[busy 1031 jiffies]
[exit 0]
--- xcdat 8   load 1.08 1.15 1.07
build time: 1832.584884 ms
space cost: 46.072033 MiB (70.127459% of original size 65.697565 MiB)
avg latency: 305.453221 ns
1832.584884,46.072033,305.453221
[time 8.82 s, user 8.11 s, sys 0.67 s, maxrss 731752 KB]
[busy 898 jiffies]
[exit 0]
--- xcdat 15   load 1.07 1.15 1.07
build time: 2078.691475 ms
space cost: 67.281871 MiB (102.411514% of original size 65.697565 MiB)
avg latency: 199.225542 ns
2078.691475,67.281871,199.225542
[time 7.97 s, user 7.21 s, sys 0.73 s, maxrss 775780 KB]
[busy 813 jiffies]
[exit 0]
--- xcdat 16   load 1.06 1.14 1.07
build time: 1810.275982 ms
space cost: 71.808467 MiB (109.301565% of original size 65.697565 MiB)
avg latency: 238.801038 ns
1810.275982,71.808467,238.801038
[time 8.11 s, user 7.37 s, sys 0.70 s, maxrss 784028 KB]
[busy 826 jiffies]
[exit 0]

##### opaque-10000000 (10000000 lines, 170000000 bytes)   round 1/3   2026-09-25T09:47:23+03:00
--- lexindex dict32   load 1.05 1.14 1.07
10000000 keys
lexindex DictIndex block 32: build 1083 ms, size 98.166 MiB (10.293 B/key), latency cold 566.7 ns, then mean 565.3 / min 563.0 ns
1083.178,98.166037,566.666
[time 29.45 s, user 36.21 s, sys 1.83 s, maxrss 1429688 KB]
[busy 3881 jiffies]
[exit 0]
--- lexindex dict256   load 1.82 1.35 1.14
10000000 keys
lexindex DictIndex block 256: build 1083 ms, size 95.809 MiB (10.046 B/key), latency cold 544.7 ns, then mean 545.2 / min 544.6 ns
1082.686,95.808618,544.652
[time 28.60 s, user 35.55 s, sys 1.77 s, maxrss 1418256 KB]
[busy 3811 jiffies]
[exit 0]
--- lexindex dict1024   load 1.58 1.33 1.14
10000000 keys
lexindex DictIndex block 1024: build 1074 ms, size 94.924 MiB (9.953 B/key), latency cold 545.8 ns, then mean 546.0 / min 545.3 ns
1073.581,94.923699,545.850
[time 28.63 s, user 35.40 s, sys 1.78 s, maxrss 1408660 KB]
[busy 3801 jiffies]
[exit 0]
--- lexindex routed32   load 2.11 1.53 1.22
10000000 keys
lexindex DictIndex block 32 routed: build 1092 ms, size 102.934 MiB (10.793 B/key), latency cold 537.3 ns, then mean 533.5 / min 533.2 ns
1091.811,102.934408,537.303
[time 28.19 s, user 34.89 s, sys 1.79 s, maxrss 1432452 KB]
[busy 3745 jiffies]
[exit 0]
--- lexindex routed256   load 1.59 1.46 1.20
10000000 keys
lexindex DictIndex block 256 routed: build 1094 ms, size 100.577 MiB (10.546 B/key), latency cold 458.7 ns, then mean 458.5 / min 458.3 ns
1094.111,100.577050,458.684
[time 25.17 s, user 31.97 s, sys 1.78 s, maxrss 1425808 KB]
[busy 3442 jiffies]
[exit 0]
--- lexindex routed1024   load 1.39 1.42 1.20
10000000 keys
lexindex DictIndex block 1024 routed: build 1082 ms, size 97.308 MiB (10.203 B/key), latency cold 449.5 ns, then mean 447.3 / min 447.0 ns
1082.356,97.307977,449.543
[time 24.71 s, user 31.46 s, sys 1.79 s, maxrss 1411836 KB]
[busy 3393 jiffies]
[exit 0]
--- lexindex string   load 2.00 1.59 1.26
10000000 keys
lexindex StringIndex: build 10822 ms, size 204.743 MiB (21.469 B/key), latency cold 459.4 ns, then mean 457.8 / min 457.1 ns
10822.472,204.742606,459.364
[time 34.81 s, user 33.90 s, sys 0.76 s, maxrss 1502012 KB]
[busy 3540 jiffies]
[exit 0]
--- lexindex hashed0   load 1.62 1.54 1.25
10000000 keys
lexindex HashedDictIndex closed: build 2095 ms, size 126.701 MiB (13.286 B/key), latency cold 71.3 ns, then mean 71.3 / min 71.1 ns
2095.182,126.701365,71.275
[time 10.65 s, user 18.21 s, sys 1.93 s, maxrss 1446988 KB]
[busy 2054 jiffies]
[exit 0]
--- lexindex hashed8   load 1.53 1.52 1.25
10000000 keys
lexindex HashedDictIndex fp=8: build 2083 ms, size 136.238 MiB (14.286 B/key), latency cold 77.1 ns, then mean 80.7 / min 76.4 ns
2082.536,136.238108,77.056
[time 11.01 s, user 18.70 s, sys 2.00 s, maxrss 1460320 KB]
[busy 2112 jiffies]
[exit 0]
--- lexindex hashed16   load 1.41 1.49 1.25
10000000 keys
lexindex HashedDictIndex fp=16: build 2125 ms, size 145.775 MiB (15.286 B/key), latency cold 76.8 ns, then mean 80.5 / min 76.4 ns
2125.414,145.774851,76.806
[time 11.03 s, user 18.54 s, sys 1.91 s, maxrss 1469248 KB]
[busy 2082 jiffies]
[exit 0]
--- lexindex da   load 2.45 1.72 1.33
10000000 keys
lexindex DoubleArrayIndex refused: format error: double-array: more than 8 388 608 keys; ids are 23 bits
Command exited with non-zero status 3
[time 3.50 s, user 3.17 s, sys 0.30 s, maxrss 628156 KB]
[busy 356 jiffies]
[exit 3]
--- c2 case 0 rec 0   load 2.34 1.71 1.32
[TEST C2-FST]
Processing dataset...
Done!
Building trie...
Done!
build time: 12309.351732 ms (1230.935173 ns per key)
space cost: 168.524103 MB (110.443956% of original size 152.587891 MB)
Querying trie...
Done!
total time: 6753.239959 ms, avg latency: 675.323996 ns
topology: 7.322502 MB, link: 33.678872 MB, data: 127.522729 MB
--- Unary Path Analysis (FST, cutoff=4) ---
  shared unary steps in main trie: 26453
  terminal suffixes: inplace=0 (avg len=0.00)  links=10000000 (100.0% of terminal)
  link len: avg=10.54  max=11  total_chars=105416542
  link length distribution (len:count):  8:18  9:1442  10:92299  11:4394462  12:5511779
12309.351732,168.524103,675.323996
[PASSED]
[time 28.14 s, user 26.24 s, sys 1.78 s, maxrss 2353664 KB]
[busy 2860 jiffies]
[exit 0]
--- c2 case 0 rec 1   load 1.81 1.64 1.31
[TEST C2-FST]
Processing dataset...
Done!
Building trie...
trie size: 46.253762 MB
Done!
build time: 23312.102733 ms (2331.210273 ns per key)
space cost: 168.524103 MB (110.443956% of original size 152.587891 MB)
Querying trie...
Done!
total time: 6849.578676 ms, avg latency: 684.957868 ns
topology: 7.322502 MB, link: 33.678872 MB, data: 127.522729 MB
--- Unary Path Analysis (FST, cutoff=4) ---
  shared unary steps in main trie: 26453
  terminal suffixes: inplace=0 (avg len=0.00)  links=10000000 (100.0% of terminal)
  link len: avg=10.54  max=11  total_chars=105416542
  link length distribution (len:count):  8:18  9:1442  10:92299  11:4394462  12:5511779
23312.102733,168.524103,684.957868
[PASSED]
[time 39.13 s, user 36.83 s, sys 2.13 s, maxrss 2822268 KB]
[busy 3989 jiffies]
[exit 0]
--- c2 case 0 rec 2   load 1.41 1.56 1.30
[TEST C2-FST]
Processing dataset...
Done!
Building trie...
trie size: 46.253762 MB
Done!
build time: 23300.919964 ms (2330.091996 ns per key)
space cost: 168.524103 MB (110.443956% of original size 152.587891 MB)
Querying trie...
Done!
total time: 6798.550391 ms, avg latency: 679.855039 ns
topology: 7.322502 MB, link: 33.678872 MB, data: 127.522729 MB
--- Unary Path Analysis (FST, cutoff=4) ---
  shared unary steps in main trie: 26453
  terminal suffixes: inplace=0 (avg len=0.00)  links=10000000 (100.0% of terminal)
  link len: avg=10.54  max=11  total_chars=105416542
  link length distribution (len:count):  8:18  9:1442  10:92299  11:4394462  12:5511779
23300.919964,168.524103,679.855039
[PASSED]
[time 39.18 s, user 36.92 s, sys 2.09 s, maxrss 2822392 KB]
[busy 3993 jiffies]
[exit 0]
--- c2 case 1 rec 0   load 1.21 1.49 1.28
[TEST C2-CoCo(LOUDS-Sparse)]
Processing dataset...
Done!
Building trie...
Done!
build time: 15117.708901 ms (1511.770890 ns per key)
space cost: 161.439246 MB (105.800824% of original size 152.587891 MB)
Querying trie...
Done!
total time: 6979.288490 ms, avg latency: 697.928849 ns
topology: 3.310211 MB, link: 34.003298 MB, data: 124.125737 MB
15117.708901,161.439246,697.928849
[PASSED]
[time 31.56 s, user 29.13 s, sys 2.29 s, maxrss 3322340 KB]
[busy 3214 jiffies]
[exit 0]
--- c2 case 1 rec 1   load 1.04 1.41 1.26
[TEST C2-CoCo(LOUDS-Sparse)]
Processing dataset...
Done!
Building trie...
trie size: 46.253762 MB
Done!
build time: 26052.494972 ms (2605.249497 ns per key)
space cost: 161.439246 MB (105.800824% of original size 152.587891 MB)
Querying trie...
Done!
total time: 7017.404124 ms, avg latency: 701.740412 ns
topology: 3.310211 MB, link: 34.003298 MB, data: 124.125737 MB
26052.494972,161.439246,701.740412
[PASSED]
[time 42.09 s, user 39.23 s, sys 2.69 s, maxrss 3791300 KB]
[busy 4290 jiffies]
[exit 0]
--- c2 case 1 rec 2   load 1.02 1.36 1.25
[TEST C2-CoCo(LOUDS-Sparse)]
Processing dataset...
Done!
Building trie...
trie size: 46.253762 MB
Done!
build time: 25988.198065 ms (2598.819807 ns per key)
space cost: 161.439246 MB (105.800824% of original size 152.587891 MB)
Querying trie...
Done!
total time: 6930.241026 ms, avg latency: 693.024103 ns
topology: 3.310211 MB, link: 34.003298 MB, data: 124.125737 MB
25988.198065,161.439246,693.024103
[PASSED]
[time 41.91 s, user 39.02 s, sys 2.72 s, maxrss 3791152 KB]
[busy 4266 jiffies]
[exit 0]
--- c2 case 2 rec 0   load 1.01 1.31 1.24
[TEST C2-MARISA]
Processing dataset...
Done!
Building trie...
trie size: 18.021462 MB
Done!
build time: 11138.779243 ms (1113.877924 ns per key)
space cost: 165.523580 MB (108.477533% of original size 152.587891 MB)
Querying trie...
Done!
total time: 5563.564587 ms, avg latency: 556.356459 ns
topology: 5.929127 MB, link: 32.190027 MB, data: 127.076301 MB
--- Unary Path Analysis (Marisa, cutoff=3) ---
  branches: 12335636  |  single-char: 2309593 (18.7%)  short-unary: 25639 (0.2%)  links: 10000404 (81.1%)
  link len: avg=12.54  max=13  total_chars=125417760
  link length distribution (len:count):  3:398  4:6  9:18  10:1442  11:92299  12:4394462  13:5511779
  short unary avg len: 2.00
11138.779243,165.523580,556.356459
[PASSED]
[time 25.79 s, user 23.91 s, sys 1.78 s, maxrss 2276176 KB]
[busy 2623 jiffies]
[exit 0]
--- c2 case 2 rec 1   load 1.00 1.28 1.23
[TEST C2-MARISA]
Processing dataset...
Done!
Building trie...
trie size: 18.021462 MB
trie size: 46.255407 MB
Done!
build time: 21980.503769 ms (2198.050377 ns per key)
space cost: 165.523580 MB (108.477533% of original size 152.587891 MB)
Querying trie...
Done!
total time: 5600.561389 ms, avg latency: 560.056139 ns
topology: 5.929127 MB, link: 32.190027 MB, data: 127.076301 MB
--- Unary Path Analysis (Marisa, cutoff=3) ---
  branches: 12335636  |  single-char: 2309593 (18.7%)  short-unary: 25639 (0.2%)  links: 10000404 (81.1%)
  link len: avg=12.54  max=13  total_chars=125417760
  link length distribution (len:count):  3:398  4:6  9:18  10:1442  11:92299  12:4394462  13:5511779
  short unary avg len: 2.00
21980.503769,165.523580,560.056139
[PASSED]
[time 36.95 s, user 34.65 s, sys 2.14 s, maxrss 2778916 KB]
[busy 3771 jiffies]
[exit 0]
--- c2 case 2 rec 2   load 0.92 1.23 1.21
[TEST C2-MARISA]
Processing dataset...
Done!
Building trie...
trie size: 18.021462 MB
trie size: 46.255407 MB
Done!
build time: 21886.424520 ms (2188.642452 ns per key)
space cost: 165.523580 MB (108.477533% of original size 152.587891 MB)
Querying trie...
Done!
total time: 5634.882803 ms, avg latency: 563.488280 ns
topology: 5.929127 MB, link: 32.190027 MB, data: 127.076301 MB
--- Unary Path Analysis (Marisa, cutoff=3) ---
  branches: 12335636  |  single-char: 2309593 (18.7%)  short-unary: 25639 (0.2%)  links: 10000404 (81.1%)
  link len: avg=12.54  max=13  total_chars=125417760
  link length distribution (len:count):  3:398  4:6  9:18  10:1442  11:92299  12:4394462  13:5511779
  short unary avg len: 2.00
21886.424520,165.523580,563.488280
[PASSED]
[time 36.54 s, user 34.23 s, sys 2.16 s, maxrss 2779284 KB]
[busy 3724 jiffies]
[exit 0]
--- c2 case 3 rec 0   load 0.96 1.20 1.20
[TEST FST]
Processing dataset...
Done!
Building trie...
Done!
build time: 8623.626472 ms (862.362647 ns per key)
space cost: 166.730864 MB (109.268739% of original size 152.587891 MB)
Querying trie...
Done!
total time: 5327.392420 ms, avg latency: 532.739242 ns
not implemented
8623.626472,166.730864,532.739242
[PASSED]
[time 23.02 s, user 21.86 s, sys 1.06 s, maxrss 1425112 KB]
[busy 2345 jiffies]
[exit 0]
--- c2 case 4 rec 0   load 0.97 1.18 1.20
terminate called after throwing an instance of 'std::bad_alloc'
  what():  std::bad_alloc
timeout: the monitored command dumped core
Command terminated by signal 6
[time 26.93 s, user 15.29 s, sys 11.33 s, maxrss 27784880 KB]
[busy 2774 jiffies]
[exit 134]
--- c2 case 5 rec 0   load 0.90 1.15 1.18
[TEST MARISA]
Processing dataset...
Done!
Building trie...
Done!
build time: 6101.277463 ms (610.127746 ns per key)
space cost: 172.390432 MB (112.977794% of original size 152.587891 MB)
Querying trie...
Done!
total time: 9013.445485 ms, avg latency: 901.344548 ns
not implemented
6101.277463,172.390432,901.344548
[PASSED]
[time 24.12 s, user 22.55 s, sys 1.46 s, maxrss 1756308 KB]
[busy 2460 jiffies]
[exit 0]
--- c2 case 5 rec 1   load 0.86 1.12 1.17
[TEST MARISA]
Processing dataset...
Done!
Building trie...
Done!
build time: 9488.427577 ms (948.842758 ns per key)
space cost: 174.772559 MB (114.538944% of original size 152.587891 MB)
Querying trie...
Done!
total time: 19149.348145 ms, avg latency: 1914.934814 ns
not implemented
9488.427577,174.772559,1914.934814
[PASSED]
[time 37.61 s, user 35.70 s, sys 1.75 s, maxrss 1745732 KB]
[busy 3827 jiffies]
[exit 0]
--- c2 case 5 rec 2   load 0.92 1.11 1.16
[TEST MARISA]
Processing dataset...
Done!
Building trie...
Done!
build time: 12528.477816 ms (1252.847782 ns per key)
space cost: 174.781183 MB (114.544596% of original size 152.587891 MB)
Querying trie...
Done!
total time: 30339.965086 ms, avg latency: 3033.996509 ns
not implemented
12528.477816,174.781183,3033.996509
[PASSED]
[time 51.85 s, user 49.69 s, sys 1.94 s, maxrss 1801740 KB]
[busy 5278 jiffies]
[exit 0]
--- c2 case 6 rec 0   load 1.01 1.10 1.16
[TEST PDT]
Processing dataset...
Done!
Building trie...
dict size: 177886, stream size: 123770486
Done!
build time: 112544.960270 ms (11254.496027 ns per key)
space cost: 130.971906 MB (85.833748% of original size 152.587891 MB)
Querying trie...
Done!
total time: 9244.334461 ms, avg latency: 924.433446 ns
not implemented
112544.960270,130.971906,924.433446
[PASSED]
[time 130.82 s, user 128.60 s, sys 1.73 s, maxrss 2154176 KB]
[busy 13308 jiffies]
[exit 0]
--- c2 case 7 rec 0   load 1.00 1.06 1.13
[TEST ART]
Processing dataset...
Done!
Building trie...
Done!
build time: 1533.960047 ms (153.396005 ns per key)
space cost: 281.783142 MB (184.669400% of original size 152.587891 MB)
Querying trie...
Done!
total time: 2594.576041 ms, avg latency: 259.457604 ns
not implemented
1533.960047,281.783142,259.457604
[PASSED]
[time 13.21 s, user 12.10 s, sys 1.05 s, maxrss 1719120 KB]
[busy 1348 jiffies]
[exit 0]
--- c2 case 8 rec 0   load 1.00 1.06 1.13
[TEST CART]
Processing dataset...
Done!
Building trie...
Done!
build time: 1934.811348 ms (193.481135 ns per key)
space cost: 110.237770 MB (72.245425% of original size 152.587891 MB)
Querying trie...
Done!
total time: 3390.935980 ms, avg latency: 339.093598 ns
not implemented
1934.811348,110.237770,339.093598
[PASSED]
[time 14.33 s, user 13.33 s, sys 0.93 s, maxrss 1556820 KB]
[busy 1460 jiffies]
[exit 0]
--- xcdat 7   load 1.00 1.05 1.13
build time: 10107.860760 ms
space cost: 200.245496 MiB (131.232888% of original size 152.587891 MiB)
avg latency: 390.906057 ns
10107.860760,200.245496,390.906057
[time 23.12 s, user 21.40 s, sys 1.62 s, maxrss 1677708 KB]
[busy 2351 jiffies]
[exit 0]
--- xcdat 8   load 1.00 1.05 1.12
build time: 10295.557369 ms
space cost: 194.729631 MiB (127.618011% of original size 152.587891 MiB)
avg latency: 396.608780 ns
10295.557369,194.729631,396.608780
[time 23.38 s, user 21.74 s, sys 1.55 s, maxrss 1658984 KB]
[busy 2385 jiffies]
[exit 0]
--- xcdat 15   load 1.00 1.04 1.12
build time: 10537.908411 ms
space cost: 206.548369 MiB (135.363539% of original size 152.587891 MiB)
avg latency: 333.807655 ns
10537.908411,206.548369,333.807655
[time 23.00 s, user 21.30 s, sys 1.60 s, maxrss 1675608 KB]
[busy 2341 jiffies]
[exit 0]
--- xcdat 16   load 1.00 1.04 1.11
build time: 10347.265634 ms
space cost: 209.774417 MiB (137.477762% of original size 152.587891 MiB)
avg latency: 357.796296 ns
10347.265634,209.774417,357.796296
[time 23.04 s, user 21.29 s, sys 1.64 s, maxrss 1681784 KB]
[busy 2349 jiffies]
[exit 0]

##### titles-en-10000000 (10000000 lines, 219718589 bytes)   round 1/3   2026-09-25T10:04:07+03:00
--- lexindex dict32   load 0.92 1.02 1.10
10000000 keys
lexindex DictIndex block 32: build 2148 ms, size 58.395 MiB (6.123 B/key), latency cold 686.4 ns, then mean 685.8 / min 683.8 ns
2148.112,58.395205,686.358
[time 35.94 s, user 50.91 s, sys 1.15 s, maxrss 1712644 KB]
[busy 5293 jiffies]
[exit 0]
--- lexindex dict256   load 1.63 1.22 1.17
10000000 keys
lexindex DictIndex block 256: build 2235 ms, size 53.891 MiB (5.651 B/key), latency cold 659.1 ns, then mean 655.2 / min 653.1 ns
2235.450,53.891209,659.076
[time 34.82 s, user 50.46 s, sys 1.14 s, maxrss 1700752 KB]
[busy 5254 jiffies]
[exit 0]
--- lexindex dict1024   load 1.35 1.20 1.17
10000000 keys
lexindex DictIndex block 1024: build 2148 ms, size 52.239 MiB (5.478 B/key), latency cold 679.1 ns, then mean 676.9 / min 676.2 ns
2147.815,52.238668,679.077
[time 35.56 s, user 50.77 s, sys 1.15 s, maxrss 1696796 KB]
[busy 5285 jiffies]
[exit 0]
--- lexindex routed32   load 1.20 1.17 1.16
10000000 keys
lexindex DictIndex block 32 routed: build 2160 ms, size 63.164 MiB (6.623 B/key), latency cold 637.1 ns, then mean 631.2 / min 630.4 ns
2160.267,63.163577,637.087
[time 33.83 s, user 48.89 s, sys 1.07 s, maxrss 1718948 KB]
[busy 5085 jiffies]
[exit 0]
--- lexindex routed256   load 1.11 1.15 1.15
10000000 keys
lexindex DictIndex block 256 routed: build 2219 ms, size 58.660 MiB (6.151 B/key), latency cold 546.0 ns, then mean 545.5 / min 545.3 ns
2219.421,58.659641,546.018
[time 30.42 s, user 46.03 s, sys 1.18 s, maxrss 1706284 KB]
[busy 4807 jiffies]
[exit 0]
--- lexindex routed1024   load 0.98 1.12 1.14
10000000 keys
lexindex DictIndex block 1024 routed: build 2195 ms, size 54.623 MiB (5.728 B/key), latency cold 562.1 ns, then mean 561.2 / min 560.9 ns
2195.338,54.622946,562.056
[time 31.00 s, user 46.28 s, sys 1.11 s, maxrss 1697944 KB]
[busy 4823 jiffies]
[exit 0]
--- lexindex string   load 1.78 1.33 1.21
10000000 keys
lexindex StringIndex: build 7914 ms, size 126.354 MiB (13.249 B/key), latency cold 671.9 ns, then mean 666.3 / min 665.9 ns
7913.709,126.354340,671.889
[time 40.89 s, user 39.97 s, sys 0.76 s, maxrss 1572492 KB]
[busy 4166 jiffies]
[exit 0]
--- lexindex hashed0   load 1.40 1.29 1.20
10000000 keys
lexindex HashedDictIndex closed: build 3360 ms, size 84.783 MiB (8.890 B/key), latency cold 66.3 ns, then mean 65.9 / min 65.9 ns
3360.244,84.782593,66.251
[time 12.34 s, user 28.69 s, sys 1.33 s, maxrss 1733508 KB]
[busy 3051 jiffies]
[exit 0]
--- lexindex hashed8   load 2.19 1.47 1.26
10000000 keys
lexindex HashedDictIndex fp=8: build 3320 ms, size 94.319 MiB (9.890 B/key), latency cold 75.4 ns, then mean 76.2 / min 74.6 ns
3319.743,94.319336,75.376
[time 12.73 s, user 29.16 s, sys 1.24 s, maxrss 1745988 KB]
[busy 3084 jiffies]
[exit 0]
--- lexindex hashed16   load 1.93 1.45 1.26
10000000 keys
lexindex HashedDictIndex fp=16: build 3349 ms, size 103.856 MiB (10.890 B/key), latency cold 76.2 ns, then mean 77.5 / min 75.8 ns
3348.864,103.856079,76.153
[time 12.79 s, user 29.19 s, sys 1.24 s, maxrss 1755424 KB]
[busy 3089 jiffies]
[exit 0]
--- lexindex da   load 1.64 1.41 1.25
10000000 keys
lexindex DoubleArrayIndex refused: format error: double-array: more than 8 388 608 keys; ids are 23 bits
Command exited with non-zero status 3
[time 3.84 s, user 3.48 s, sys 0.34 s, maxrss 692476 KB]
[busy 391 jiffies]
[exit 3]
--- c2 case 0 rec 0   load 1.51 1.39 1.24
[TEST C2-FST]
Processing dataset...
Done!
Building trie...
Done!
build time: 10461.103374 ms (1046.110337 ns per key)
space cost: 86.858212 MB (43.428404% of original size 200.003232 MB)
Querying trie...
Done!
total time: 11480.337662 ms, avg latency: 1148.033766 ns
topology: 11.274200 MB, link: 21.160836 MB, data: 54.423176 MB
--- Unary Path Analysis (FST, cutoff=4) ---
  shared unary steps in main trie: 9042618
  terminal suffixes: inplace=1798982 (avg len=2.14)  links=6599643 (78.6% of terminal)
  link len: avg=9.93  max=234  total_chars=65543603
  link length distribution (len:count):  4:783104  5:760158  6:695828  7:589022  8:475587  9:402890  10:359960  11:287809  12:252754  13:211229  14:291790  15:204192  16:188465  17:134915  18:119234  19:103940  20:94864  21:79457  22:68801  23:57526  24:51335  25:45253  26:43170  27:36068  28:31115  29:26944  30:23808  31:20749  32:18599  33:16316  34:14256  35:12616  36:11654  37:10097  38:8350  39:7410  40:6438  41:5768  42:5227  43:4358  44:3828  45:3564  46:3239  47:2673  48:2418  49:2015  50:1930  51:1676  52:1473  53:1343  54:1226  55:1070  56:979  57:898  58:769  59:736  60:626  61:563  62:597  63:542  64:428  65:419  66:401  67:383  68:320  69:311  70:276  71:263  72:227  73:216  74:189  75:189  76:152  77:176  78:161  79:141  80:122  81:127  82:110  83:97  84:90  85:90  86:88  87:88  88:62  89:58  90:57  91:55  92:60  93:54  94:47  95:39  96:52  97:43  98:41  99:43  100:34  101:29  102:20  103:25  104:38  105:22  106:19  107:21  108:27  109:17  110:17  111:15  112:20  113:20  114:14  115:18  116:19  117:10  118:15  119:19  120:13  121:11  122:5  123:13  124:11  125:8  126:8  127:8  128:10  129:12  130:6  131:9  132:1  133:8  134:7  135:4  136:6  137:4  138:7  139:6  140:3  141:3  142:1  143:5  144:3  145:5  146:2  147:3  148:3  149:8  150:6  151:3  152:5  153:5  154:4  155:5  156:4  157:2  158:2  159:3  160:6  162:6  163:1  164:1  165:3  166:3  167:6  168:2  169:1  170:1  171:3  172:1  173:1  174:3  175:1  176:1  177:2  178:2  179:4  180:1  182:1  184:2  185:1  188:2  189:1  191:1  193:4  194:1  195:1  198:3  199:2  200:1  201:1  204:3  205:2  206:1  208:1  209:4  210:1  211:1  213:1  214:1  215:1  217:1  223:1  224:2  228:1  229:1  230:1  231:1  233:1  235:1
10461.103374,86.858212,1148.033766
[PASSED]
[time 29.72 s, user 28.25 s, sys 1.34 s, maxrss 1462564 KB]
[busy 3031 jiffies]
[exit 0]
--- c2 case 0 rec 1   load 1.31 1.35 1.23
[TEST C2-FST]
Processing dataset...
Done!
Building trie...
trie size: 22.733012 MB
Done!
build time: 12386.619343 ms (1238.661934 ns per key)
space cost: 75.770544 MB (37.884660% of original size 200.003232 MB)
Querying trie...
Done!
total time: 13877.107217 ms, avg latency: 1387.710722 ns
topology: 13.082478 MB, link: 20.816256 MB, data: 41.871811 MB
--- Unary Path Analysis (FST, cutoff=4) ---
  shared unary steps in main trie: 9042618
  terminal suffixes: inplace=1798982 (avg len=2.14)  links=6599643 (78.6% of terminal)
  link len: avg=9.93  max=234  total_chars=65543603
  link length distribution (len:count):  4:783104  5:760158  6:695828  7:589022  8:475587  9:402890  10:359960  11:287809  12:252754  13:211229  14:291790  15:204192  16:188465  17:134915  18:119234  19:103940  20:94864  21:79457  22:68801  23:57526  24:51335  25:45253  26:43170  27:36068  28:31115  29:26944  30:23808  31:20749  32:18599  33:16316  34:14256  35:12616  36:11654  37:10097  38:8350  39:7410  40:6438  41:5768  42:5227  43:4358  44:3828  45:3564  46:3239  47:2673  48:2418  49:2015  50:1930  51:1676  52:1473  53:1343  54:1226  55:1070  56:979  57:898  58:769  59:736  60:626  61:563  62:597  63:542  64:428  65:419  66:401  67:383  68:320  69:311  70:276  71:263  72:227  73:216  74:189  75:189  76:152  77:176  78:161  79:141  80:122  81:127  82:110  83:97  84:90  85:90  86:88  87:88  88:62  89:58  90:57  91:55  92:60  93:54  94:47  95:39  96:52  97:43  98:41  99:43  100:34  101:29  102:20  103:25  104:38  105:22  106:19  107:21  108:27  109:17  110:17  111:15  112:20  113:20  114:14  115:18  116:19  117:10  118:15  119:19  120:13  121:11  122:5  123:13  124:11  125:8  126:8  127:8  128:10  129:12  130:6  131:9  132:1  133:8  134:7  135:4  136:6  137:4  138:7  139:6  140:3  141:3  142:1  143:5  144:3  145:5  146:2  147:3  148:3  149:8  150:6  151:3  152:5  153:5  154:4  155:5  156:4  157:2  158:2  159:3  160:6  162:6  163:1  164:1  165:3  166:3  167:6  168:2  169:1  170:1  171:3  172:1  173:1  174:3  175:1  176:1  177:2  178:2  179:4  180:1  182:1  184:2  185:1  188:2  189:1  191:1  193:4  194:1  195:1  198:3  199:2  200:1  201:1  204:3  205:2  206:1  208:1  209:4  210:1  211:1  213:1  214:1  215:1  217:1  223:1  224:2  228:1  229:1  230:1  231:1  233:1  235:1
12386.619343,75.770544,1387.710722
[PASSED]
[time 34.10 s, user 32.65 s, sys 1.31 s, maxrss 1338856 KB]
[busy 3477 jiffies]
[exit 0]
--- c2 case 0 rec 2   load 1.17 1.31 1.22
[TEST C2-FST]
Processing dataset...
Done!
Building trie...
trie size: 22.733012 MB
trie size: 3.280537 MB
Done!
build time: 12770.813697 ms (1277.081370 ns per key)
space cost: 75.770544 MB (37.884660% of original size 200.003232 MB)
Querying trie...
Done!
total time: 13907.889172 ms, avg latency: 1390.788917 ns
topology: 13.082478 MB, link: 20.816256 MB, data: 41.871811 MB
--- Unary Path Analysis (FST, cutoff=4) ---
  shared unary steps in main trie: 9042618
  terminal suffixes: inplace=1798982 (avg len=2.14)  links=6599643 (78.6% of terminal)
  link len: avg=9.93  max=234  total_chars=65543603
  link length distribution (len:count):  4:783104  5:760158  6:695828  7:589022  8:475587  9:402890  10:359960  11:287809  12:252754  13:211229  14:291790  15:204192  16:188465  17:134915  18:119234  19:103940  20:94864  21:79457  22:68801  23:57526  24:51335  25:45253  26:43170  27:36068  28:31115  29:26944  30:23808  31:20749  32:18599  33:16316  34:14256  35:12616  36:11654  37:10097  38:8350  39:7410  40:6438  41:5768  42:5227  43:4358  44:3828  45:3564  46:3239  47:2673  48:2418  49:2015  50:1930  51:1676  52:1473  53:1343  54:1226  55:1070  56:979  57:898  58:769  59:736  60:626  61:563  62:597  63:542  64:428  65:419  66:401  67:383  68:320  69:311  70:276  71:263  72:227  73:216  74:189  75:189  76:152  77:176  78:161  79:141  80:122  81:127  82:110  83:97  84:90  85:90  86:88  87:88  88:62  89:58  90:57  91:55  92:60  93:54  94:47  95:39  96:52  97:43  98:41  99:43  100:34  101:29  102:20  103:25  104:38  105:22  106:19  107:21  108:27  109:17  110:17  111:15  112:20  113:20  114:14  115:18  116:19  117:10  118:15  119:19  120:13  121:11  122:5  123:13  124:11  125:8  126:8  127:8  128:10  129:12  130:6  131:9  132:1  133:8  134:7  135:4  136:6  137:4  138:7  139:6  140:3  141:3  142:1  143:5  144:3  145:5  146:2  147:3  148:3  149:8  150:6  151:3  152:5  153:5  154:4  155:5  156:4  157:2  158:2  159:3  160:6  162:6  163:1  164:1  165:3  166:3  167:6  168:2  169:1  170:1  171:3  172:1  173:1  174:3  175:1  176:1  177:2  178:2  179:4  180:1  182:1  184:2  185:1  188:2  189:1  191:1  193:4  194:1  195:1  198:3  199:2  200:1  201:1  204:3  205:2  206:1  208:1  209:4  210:1  211:1  213:1  214:1  215:1  217:1  223:1  224:2  228:1  229:1  230:1  231:1  233:1  235:1
12770.813697,75.770544,1390.788917
[PASSED]
[time 34.51 s, user 33.05 s, sys 1.31 s, maxrss 1364468 KB]
[busy 3514 jiffies]
[exit 0]
--- c2 case 1 rec 0   load 1.09 1.27 1.21
[TEST C2-CoCo(LOUDS-Sparse)]
Processing dataset...
Done!
Building trie...
Done!
build time: 24540.304261 ms (2454.030426 ns per key)
space cost: 98.257762 MB (49.128087% of original size 200.003232 MB)
Querying trie...
Done!
total time: 14449.500165 ms, avg latency: 1444.950016 ns
topology: 4.410110 MB, link: 33.095964 MB, data: 60.751687 MB
24540.304261,98.257762,1444.950016
[PASSED]
[time 46.72 s, user 44.41 s, sys 2.12 s, maxrss 3193824 KB]
[busy 4766 jiffies]
[exit 0]
--- c2 case 1 rec 1   load 1.04 1.23 1.20
[TEST C2-CoCo(LOUDS-Sparse)]
Processing dataset...
Done!
Building trie...
trie size: 22.733012 MB
Done!
build time: 26432.135359 ms (2643.213536 ns per key)
space cost: 87.170093 MB (43.584342% of original size 200.003232 MB)
Querying trie...
Done!
total time: 16819.453909 ms, avg latency: 1681.945391 ns
topology: 6.218388 MB, link: 32.751384 MB, data: 48.200322 MB
26432.135359,87.170093,1681.945391
[PASSED]
[time 51.11 s, user 48.77 s, sys 2.13 s, maxrss 3066304 KB]
[busy 5197 jiffies]
[exit 0]
--- c2 case 1 rec 2   load 1.02 1.19 1.18
[TEST C2-CoCo(LOUDS-Sparse)]
Processing dataset...
Done!
Building trie...
trie size: 22.733012 MB
trie size: 3.280537 MB
Done!
build time: 26897.600163 ms (2689.760016 ns per key)
space cost: 87.170093 MB (43.584342% of original size 200.003232 MB)
Querying trie...
Done!
total time: 16941.912884 ms, avg latency: 1694.191288 ns
topology: 6.218388 MB, link: 32.751384 MB, data: 48.200322 MB
26897.600163,87.170093,1694.191288
[PASSED]
[time 51.65 s, user 49.33 s, sys 2.10 s, maxrss 3090300 KB]
[busy 5259 jiffies]
[exit 0]
--- c2 case 2 rec 0   load 1.00 1.16 1.17
[TEST C2-MARISA]
Processing dataset...
Done!
Building trie...
trie size: 23.317092 MB
Done!
build time: 10445.745096 ms (1044.574510 ns per key)
space cost: 78.192151 MB (39.095444% of original size 200.003232 MB)
Querying trie...
Done!
total time: 7838.193071 ms, avg latency: 783.819307 ns
topology: 7.694263 MB, link: 27.912508 MB, data: 42.257255 MB
--- Unary Path Analysis (Marisa, cutoff=3) ---
  branches: 15080896  |  single-char: 4578086 (30.4%)  short-unary: 1137672 (7.5%)  links: 9365138 (62.1%)
  link len: avg=9.96  max=236  total_chars=93261704
  link length distribution (len:count):  3:947829  4:986562  5:965254  6:903368  7:803217  8:675232  9:535160  10:448828  11:393655  12:313562  13:273926  14:228549  15:306731  16:216481  17:200904  18:144129  19:127804  20:110710  21:100724  22:84358  23:73263  24:61276  25:54434  26:48000  27:45573  28:38180  29:33095  30:28718  31:25581  32:22213  33:19884  34:17374  35:15159  36:13408  37:12318  38:10537  39:8786  40:7764  41:6832  42:6052  43:5427  44:4522  45:3945  46:3695  47:3344  48:2764  49:2509  50:2081  51:1977  52:1721  53:1517  54:1388  55:1255  56:1097  57:1012  58:930  59:785  60:751  61:645  62:578  63:614  64:560  65:436  66:431  67:412  68:392  69:332  70:320  71:285  72:270  73:233  74:225  75:193  76:195  77:155  78:178  79:164  80:147  81:126  82:131  83:112  84:98  85:95  86:92  87:89  88:91  89:63  90:58  91:59  92:55  93:61  94:54  95:48  96:42  97:53  98:43  99:42  100:44  101:35  102:30  103:20  104:25  105:38  106:22  107:19  108:21  109:27  110:17  111:18  112:16  113:20  114:20  115:15  116:18  117:20  118:11  119:16  120:19  121:14  122:12  123:5  124:13  125:12  126:8  127:9  128:8  129:10  130:13  131:6  132:9  133:1  134:8  135:7  136:5  137:7  138:4  139:7  140:6  141:3  142:3  143:1  144:5  145:3  146:5  147:2  148:3  149:3  150:8  151:6  152:3  153:6  154:5  155:4  156:5  157:4  158:2  159:2  160:3  161:6  163:6  164:1  165:1  166:3  167:3  168:6  169:2  170:1  171:1  172:3  173:1  174:1  175:3  176:1  177:1  178:2  179:2  180:4  181:1  183:1  185:3  186:1  189:2  190:1  192:1  194:4  195:2  196:1  199:3  200:3  201:1  202:1  205:3  206:2  207:1  209:1  210:4  211:1  212:1  214:1  215:1  216:1  218:1  224:1  225:2  229:1  230:1  231:1  232:1  234:1  235:1  236:1
  short unary avg len: 2.00
10445.745096,78.192151,783.819307
[PASSED]
[time 26.14 s, user 24.54 s, sys 1.49 s, maxrss 1608912 KB]
[busy 2661 jiffies]
[exit 0]
--- c2 case 2 rec 1   load 1.00 1.14 1.17
[TEST C2-MARISA]
Processing dataset...
Done!
Building trie...
trie size: 23.317092 MB
trie size: 32.530715 MB
Done!
build time: 12628.924923 ms (1262.892492 ns per key)
space cost: 64.832272 MB (32.415612% of original size 200.003232 MB)
Querying trie...
Done!
total time: 10108.419203 ms, avg latency: 1010.841920 ns
topology: 9.978737 MB, link: 28.205211 MB, data: 26.320199 MB
--- Unary Path Analysis (Marisa, cutoff=3) ---
  branches: 15080896  |  single-char: 4578086 (30.4%)  short-unary: 1137672 (7.5%)  links: 9365138 (62.1%)
  link len: avg=9.96  max=236  total_chars=93261704
  link length distribution (len:count):  3:947829  4:986562  5:965254  6:903368  7:803217  8:675232  9:535160  10:448828  11:393655  12:313562  13:273926  14:228549  15:306731  16:216481  17:200904  18:144129  19:127804  20:110710  21:100724  22:84358  23:73263  24:61276  25:54434  26:48000  27:45573  28:38180  29:33095  30:28718  31:25581  32:22213  33:19884  34:17374  35:15159  36:13408  37:12318  38:10537  39:8786  40:7764  41:6832  42:6052  43:5427  44:4522  45:3945  46:3695  47:3344  48:2764  49:2509  50:2081  51:1977  52:1721  53:1517  54:1388  55:1255  56:1097  57:1012  58:930  59:785  60:751  61:645  62:578  63:614  64:560  65:436  66:431  67:412  68:392  69:332  70:320  71:285  72:270  73:233  74:225  75:193  76:195  77:155  78:178  79:164  80:147  81:126  82:131  83:112  84:98  85:95  86:92  87:89  88:91  89:63  90:58  91:59  92:55  93:61  94:54  95:48  96:42  97:53  98:43  99:42  100:44  101:35  102:30  103:20  104:25  105:38  106:22  107:19  108:21  109:27  110:17  111:18  112:16  113:20  114:20  115:15  116:18  117:20  118:11  119:16  120:19  121:14  122:12  123:5  124:13  125:12  126:8  127:9  128:8  129:10  130:13  131:6  132:9  133:1  134:8  135:7  136:5  137:7  138:4  139:7  140:6  141:3  142:3  143:1  144:5  145:3  146:5  147:2  148:3  149:3  150:8  151:6  152:3  153:6  154:5  155:4  156:5  157:4  158:2  159:2  160:3  161:6  163:6  164:1  165:1  166:3  167:3  168:6  169:2  170:1  171:1  172:3  173:1  174:1  175:3  176:1  177:1  178:2  179:2  180:4  181:1  183:1  185:3  186:1  189:2  190:1  192:1  194:4  195:2  196:1  199:3  200:3  201:1  202:1  205:3  206:2  207:1  209:1  210:4  211:1  212:1  214:1  215:1  216:1  218:1  224:1  225:2  229:1  230:1  231:1  232:1  234:1  235:1  236:1
  short unary avg len: 2.00
12628.924923,64.832272,1010.841920
[PASSED]
[time 30.57 s, user 29.01 s, sys 1.43 s, maxrss 1466344 KB]
[busy 3121 jiffies]
[exit 0]
--- c2 case 2 rec 2   load 1.00 1.13 1.16
[TEST C2-MARISA]
Processing dataset...
Done!
Building trie...
trie size: 23.317092 MB
trie size: 32.530715 MB
trie size: 4.028131 MB
Done!
build time: 13249.106572 ms (1324.910657 ns per key)
space cost: 64.832272 MB (32.415612% of original size 200.003232 MB)
Querying trie...
Done!
total time: 10112.229034 ms, avg latency: 1011.222903 ns
topology: 9.978737 MB, link: 28.205211 MB, data: 26.320199 MB
--- Unary Path Analysis (Marisa, cutoff=3) ---
  branches: 15080896  |  single-char: 4578086 (30.4%)  short-unary: 1137672 (7.5%)  links: 9365138 (62.1%)
  link len: avg=9.96  max=236  total_chars=93261704
  link length distribution (len:count):  3:947829  4:986562  5:965254  6:903368  7:803217  8:675232  9:535160  10:448828  11:393655  12:313562  13:273926  14:228549  15:306731  16:216481  17:200904  18:144129  19:127804  20:110710  21:100724  22:84358  23:73263  24:61276  25:54434  26:48000  27:45573  28:38180  29:33095  30:28718  31:25581  32:22213  33:19884  34:17374  35:15159  36:13408  37:12318  38:10537  39:8786  40:7764  41:6832  42:6052  43:5427  44:4522  45:3945  46:3695  47:3344  48:2764  49:2509  50:2081  51:1977  52:1721  53:1517  54:1388  55:1255  56:1097  57:1012  58:930  59:785  60:751  61:645  62:578  63:614  64:560  65:436  66:431  67:412  68:392  69:332  70:320  71:285  72:270  73:233  74:225  75:193  76:195  77:155  78:178  79:164  80:147  81:126  82:131  83:112  84:98  85:95  86:92  87:89  88:91  89:63  90:58  91:59  92:55  93:61  94:54  95:48  96:42  97:53  98:43  99:42  100:44  101:35  102:30  103:20  104:25  105:38  106:22  107:19  108:21  109:27  110:17  111:18  112:16  113:20  114:20  115:15  116:18  117:20  118:11  119:16  120:19  121:14  122:12  123:5  124:13  125:12  126:8  127:9  128:8  129:10  130:13  131:6  132:9  133:1  134:8  135:7  136:5  137:7  138:4  139:7  140:6  141:3  142:3  143:1  144:5  145:3  146:5  147:2  148:3  149:3  150:8  151:6  152:3  153:6  154:5  155:4  156:5  157:4  158:2  159:2  160:3  161:6  163:6  164:1  165:1  166:3  167:3  168:6  169:2  170:1  171:1  172:3  173:1  174:1  175:3  176:1  177:1  178:2  179:2  180:4  181:1  183:1  185:3  186:1  189:2  190:1  192:1  194:4  195:2  196:1  199:3  200:3  201:1  202:1  205:3  206:2  207:1  209:1  210:4  211:1  212:1  214:1  215:1  216:1  218:1  224:1  225:2  229:1  230:1  231:1  232:1  234:1  235:1  236:1
  short unary avg len: 2.00
13249.106572,64.832272,1011.222903
[PASSED]
[time 31.17 s, user 29.65 s, sys 1.39 s, maxrss 1496908 KB]
[busy 3176 jiffies]
[exit 0]
--- c2 case 3 rec 0   load 0.92 1.09 1.15
[TEST FST]
Processing dataset...
Done!
Building trie...
Done!
build time: 9651.712551 ms (965.171255 ns per key)
space cost: 86.740355 MB (43.369476% of original size 200.003232 MB)
Querying trie...
Done!
total time: 13985.021815 ms, avg latency: 1398.502182 ns
not implemented
9651.712551,86.740355,1398.502182
[PASSED]
[time 31.45 s, user 30.42 s, sys 0.90 s, maxrss 1233648 KB]
[busy 3199 jiffies]
[exit 0]
--- c2 case 4 rec 0   load 0.95 1.08 1.14
terminate called after throwing an instance of 'std::bad_alloc'
  what():  std::bad_alloc
timeout: the monitored command dumped core
Command terminated by signal 6
[time 26.09 s, user 14.49 s, sys 11.45 s, maxrss 27785356 KB]
[busy 2655 jiffies]
[exit 134]
--- c2 case 5 rec 0   load 0.97 1.08 1.14
[TEST MARISA]
Processing dataset...
Done!
Building trie...
Done!
build time: 6572.142704 ms (657.214270 ns per key)
space cost: 79.225293 MB (39.612006% of original size 200.003232 MB)
Querying trie...
Done!
total time: 10413.280299 ms, avg latency: 1041.328030 ns
not implemented
6572.142704,79.225293,1041.328030
[PASSED]
[time 24.78 s, user 23.31 s, sys 1.35 s, maxrss 1612500 KB]
[busy 2552 jiffies]
[exit 0]
--- c2 case 5 rec 1   load 0.90 1.05 1.13
[TEST MARISA]
Processing dataset...
Done!
Building trie...
Done!
build time: 7781.742520 ms (778.174252 ns per key)
space cost: 58.000221 MB (28.999642% of original size 200.003232 MB)
Querying trie...
Done!
total time: 13962.815989 ms, avg latency: 1396.281599 ns
not implemented
7781.742520,58.000221,1396.281599
[PASSED]
[time 29.54 s, user 28.06 s, sys 1.36 s, maxrss 1612172 KB]
[busy 3030 jiffies]
[exit 0]
--- c2 case 5 rec 2   load 0.94 1.05 1.12
[TEST MARISA]
Processing dataset...
Done!
Building trie...
Done!
build time: 7869.325355 ms (786.932535 ns per key)
space cost: 54.499722 MB (27.249420% of original size 200.003232 MB)
Querying trie...
Done!
total time: 14890.914636 ms, avg latency: 1489.091464 ns
not implemented
7869.325355,54.499722,1489.091464
[PASSED]
[time 30.45 s, user 28.96 s, sys 1.35 s, maxrss 1612484 KB]
[busy 3098 jiffies]
[exit 0]
--- c2 case 6 rec 0   load 0.97 1.04 1.11
[TEST PDT]
Processing dataset...
Done!
Building trie...
dict size: 157532, stream size: 58361417
Done!
build time: 25765.887508 ms (2576.588751 ns per key)
space cost: 68.573545 MB (34.286219% of original size 200.003232 MB)
Querying trie...
Done!
total time: 10717.223618 ms, avg latency: 1071.722362 ns
not implemented
25765.887508,68.573545,1071.722362
[PASSED]
[time 44.32 s, user 42.77 s, sys 1.37 s, maxrss 1316988 KB]
[busy 4524 jiffies]
[exit 0]
--- c2 case 7 rec 0   load 0.99 1.03 1.11
[TEST ART]
Processing dataset...
Done!
Building trie...
Done!
build time: 1951.772159 ms (195.177216 ns per key)
space cost: 339.123360 MB (169.558940% of original size 200.003232 MB)
Querying trie...
Done!
total time: 6383.859671 ms, avg latency: 638.385967 ns
not implemented
1951.772159,339.123360,638.385967
[PASSED]
[time 16.23 s, user 15.10 s, sys 1.06 s, maxrss 1739644 KB]
[busy 1659 jiffies]
[exit 0]
--- c2 case 8 rec 0   load 0.91 1.01 1.10
[TEST CART]
Processing dataset...
Done!
Building trie...
Done!
build time: 2550.572652 ms (255.057265 ns per key)
space cost: 157.938812 MB (78.968130% of original size 200.003232 MB)
Querying trie...
Done!
total time: 7459.914856 ms, avg latency: 745.991486 ns
not implemented
2550.572652,157.938812,745.991486
[PASSED]
[time 17.89 s, user 16.80 s, sys 1.01 s, maxrss 1617884 KB]
[busy 1820 jiffies]
[exit 0]
--- xcdat 7   load 0.93 1.01 1.09
build time: 7376.495848 ms
space cost: 112.423756 MiB (56.210969% of original size 200.003232 MiB)
avg latency: 691.153506 ns
7376.495848,112.423756,691.153506
[time 22.18 s, user 20.66 s, sys 1.42 s, maxrss 1456840 KB]
[busy 2260 jiffies]
[exit 0]
--- xcdat 8   load 0.96 1.01 1.09
build time: 7079.262520 ms
space cost: 108.349843 MiB (54.174046% of original size 200.003232 MiB)
avg latency: 658.085453 ns
7079.262520,108.349843,658.085453
[time 21.57 s, user 20.05 s, sys 1.43 s, maxrss 1452716 KB]
[busy 2204 jiffies]
[exit 0]
--- xcdat 15   load 0.89 0.99 1.08
build time: 7362.515662 ms
space cost: 133.023680 MiB (66.510765% of original size 200.003232 MiB)
avg latency: 557.709476 ns
7362.515662,133.023680,557.709476
[time 20.90 s, user 19.43 s, sys 1.38 s, maxrss 1503620 KB]
[busy 2134 jiffies]
[exit 0]
--- xcdat 16   load 0.92 0.99 1.08
build time: 7061.754052 ms
space cost: 139.139603 MiB (69.568677% of original size 200.003232 MiB)
avg latency: 620.971098 ns
7061.754052,139.139603,620.971098
[time 21.25 s, user 19.69 s, sys 1.47 s, maxrss 1507948 KB]
[busy 2174 jiffies]
[exit 0]

##### urls-10000000 (10000000 lines, 533677969 bytes)   round 1/3   2026-09-25T10:20:07+03:00
--- lexindex dict32   load 0.95 0.99 1.08
10000000 keys
lexindex DictIndex block 32: build 2226 ms, size 68.020 MiB (7.132 B/key), latency cold 787.4 ns, then mean 781.9 / min 775.0 ns
2225.986,68.020096,787.366
[time 40.70 s, user 56.74 s, sys 1.39 s, maxrss 2300768 KB]
[busy 5919 jiffies]
[exit 0]
--- lexindex dict256   load 1.60 1.20 1.15
10000000 keys
lexindex DictIndex block 256: build 2258 ms, size 55.162 MiB (5.784 B/key), latency cold 743.4 ns, then mean 739.6 / min 735.5 ns
2257.668,55.161706,743.407
[time 38.99 s, user 55.38 s, sys 1.30 s, maxrss 2258300 KB]
[busy 5767 jiffies]
[exit 0]
--- lexindex dict1024   load 1.30 1.17 1.14
10000000 keys
lexindex DictIndex block 1024: build 2257 ms, size 52.739 MiB (5.530 B/key), latency cold 741.1 ns, then mean 738.1 / min 735.3 ns
2256.735,52.739459,741.127
[time 38.93 s, user 54.87 s, sys 1.34 s, maxrss 2246416 KB]
[busy 5718 jiffies]
[exit 0]
--- lexindex routed32   load 1.16 1.15 1.13
10000000 keys
lexindex DictIndex block 32 routed: build 2241 ms, size 72.788 MiB (7.632 B/key), latency cold 716.8 ns, then mean 715.1 / min 714.5 ns
2240.507,72.788467,716.804
[time 38.04 s, user 54.07 s, sys 1.28 s, maxrss 2302476 KB]
[busy 5644 jiffies]
[exit 0]
--- lexindex routed256   load 1.00 1.11 1.12
10000000 keys
lexindex DictIndex block 256 routed: build 2326 ms, size 59.930 MiB (6.284 B/key), latency cold 623.8 ns, then mean 621.3 / min 620.4 ns
2326.488,59.930139,623.790
[time 34.36 s, user 50.71 s, sys 1.37 s, maxrss 2262908 KB]
[busy 5299 jiffies]
[exit 0]
--- lexindex routed1024   load 0.92 1.08 1.10
10000000 keys
lexindex DictIndex block 1024 routed: build 2229 ms, size 55.124 MiB (5.780 B/key), latency cold 624.3 ns, then mean 623.0 / min 622.1 ns
2228.655,55.123736,624.262
[time 34.30 s, user 50.26 s, sys 1.31 s, maxrss 2250568 KB]
[busy 5249 jiffies]
[exit 0]
--- lexindex string   load 0.88 1.05 1.09
10000000 keys
lexindex StringIndex: build 8904 ms, size 124.922 MiB (13.099 B/key), latency cold 730.5 ns, then mean 726.1 / min 725.8 ns
8904.118,124.921756,730.490
[time 45.03 s, user 43.85 s, sys 1.00 s, maxrss 2137600 KB]
[busy 4582 jiffies]
[exit 0]
--- lexindex hashed0   load 0.94 1.05 1.09
10000000 keys
lexindex HashedDictIndex closed: build 3534 ms, size 86.056 MiB (9.024 B/key), latency cold 77.9 ns, then mean 77.6 / min 77.4 ns
3533.526,86.055507,77.929
[time 13.77 s, user 30.90 s, sys 1.45 s, maxrss 2288092 KB]
[busy 3286 jiffies]
[exit 0]
--- lexindex hashed8   load 0.96 1.04 1.09
10000000 keys
lexindex HashedDictIndex fp=8: build 3531 ms, size 95.592 MiB (10.024 B/key), latency cold 103.5 ns, then mean 102.4 / min 102.0 ns
3530.519,95.592250,103.465
[time 14.79 s, user 31.90 s, sys 1.42 s, maxrss 2302860 KB]
[busy 3387 jiffies]
[exit 0]
--- lexindex hashed16   load 0.97 1.04 1.08
10000000 keys
lexindex HashedDictIndex fp=16: build 3580 ms, size 105.129 MiB (11.024 B/key), latency cold 105.6 ns, then mean 105.0 / min 104.2 ns
3579.521,105.128993,105.604
[time 14.89 s, user 31.89 s, sys 1.45 s, maxrss 2308688 KB]
[busy 3387 jiffies]
[exit 0]
--- lexindex da   load 2.15 1.30 1.17
10000000 keys
lexindex DoubleArrayIndex refused: format error: double-array: more than 8 388 608 keys; ids are 23 bits
Command exited with non-zero status 3
[time 4.47 s, user 3.95 s, sys 0.49 s, maxrss 991824 KB]
[busy 455 jiffies]
[exit 3]
--- c2 case 0 rec 0   load 2.06 1.29 1.17
[TEST C2-FST]
Processing dataset...
Done!
Building trie...
Done!
build time: 11971.252279 ms (1197.125228 ns per key)
space cost: 89.769738 MB (17.974862% of original size 499.418229 MB)
Querying trie...
Done!
total time: 15744.189239 ms, avg latency: 1574.418924 ns
topology: 11.665031 MB, link: 21.507524 MB, data: 56.597183 MB
--- Unary Path Analysis (FST, cutoff=4) ---
  shared unary steps in main trie: 10222647
  terminal suffixes: inplace=1703226 (avg len=2.16)  links=6715973 (79.8% of terminal)
  link len: avg=10.80  max=659  total_chars=72556931
  link length distribution (len:count):  4:696901  5:673915  6:668087  7:559938  8:460143  9:408987  10:371411  11:317336  12:286791  13:230146  14:219886  15:194657  16:260212  17:141485  18:132694  19:152516  20:142603  21:91996  22:80093  23:71031  24:65911  25:55655  26:49759  27:43541  28:39655  29:33371  30:31744  31:26630  32:22544  33:19836  34:17416  35:15244  36:14777  37:12475  38:10684  39:9704  40:8252  41:7414  42:7187  43:6077  44:4975  45:4415  46:4008  47:3641  48:3548  49:3129  50:2543  51:2408  52:2048  53:1756  54:1822  55:1758  56:1478  57:1179  58:1174  59:1028  60:1021  61:1008  62:800  63:782  64:703  65:577  66:564  67:679  68:553  69:459  70:394  71:348  72:410  73:498  74:336  75:309  76:287  77:230  78:220  79:262  80:269  81:251  82:214  83:163  84:154  85:231  86:178  87:132  88:144  89:127  90:127  91:212  92:153  93:106  94:107  95:76  96:81  97:157  98:106  99:86  100:109  101:82  102:64  103:107  104:90  105:70  106:58  107:55  108:63  109:130  110:83  111:45  112:41  113:46  114:39  115:60  116:60  117:41  118:52  119:37  120:39  121:51  122:48  123:30  124:24  125:39  126:42  127:48  128:44  129:34  130:23  131:19  132:20  133:26  134:27  135:27  136:16  137:30  138:27  139:16  140:24  141:15  142:13  143:23  144:25  145:30  146:25  147:14  148:7  149:15  150:16  151:9  152:19  153:25  154:20  155:19  156:17  157:10  158:12  159:18  160:5  161:5  162:9  163:10  164:14  165:17  166:11  167:8  168:6  169:2  170:5  171:9  172:11  173:14  174:10  175:6  176:8  177:8  178:8  179:7  180:8  181:5  182:7  183:9  184:6  185:5  186:4  187:6  188:7  189:12  190:7  191:5  192:3  193:7  194:3  195:5  196:2  197:4  198:3  199:6  200:8  201:7  202:9  204:4  205:5  206:5  207:1  208:12  209:3  210:7  211:2  212:2  213:2  214:4  215:2  216:4  217:3  218:6  219:4  220:3  221:3  222:2  223:4  224:2  225:3  226:3  227:3  228:3  229:1  231:4  232:1  233:1  234:2  235:2  236:4  237:4  238:2  239:1  240:1  241:1  242:1  243:5  245:2  246:2  247:2  249:1  250:1  251:1  252:3  254:3  255:6  256:2  257:2  259:1  260:1  261:4  262:3  263:1  264:1  265:1  268:4  270:1  271:1  272:1  273:1  274:1  276:2  280:1  285:1  286:1  287:1  293:1  294:1  300:1  303:1  304:2  305:2  307:1  310:1  318:1  322:1  327:1  328:2  329:3  330:1  333:1  336:1  340:2  347:1  348:1  350:2  352:1  355:1  367:1  379:1  386:1  391:1  419:1  442:1  446:3  449:1  596:1  649:1  660:1
11971.252279,89.769738,1574.418924
[PASSED]
[time 37.70 s, user 35.81 s, sys 1.73 s, maxrss 2073384 KB]
[busy 3844 jiffies]
[exit 0]
--- c2 case 0 rec 1   load 1.81 1.32 1.18
[TEST C2-FST]
Processing dataset...
Done!
Building trie...
trie size: 23.143724 MB
Done!
build time: 14005.202708 ms (1400.520271 ns per key)
space cost: 78.247462 MB (15.667723% of original size 499.418229 MB)
Querying trie...
Done!
total time: 18116.163997 ms, avg latency: 1811.616400 ns
topology: 13.508587 MB, link: 21.314508 MB, data: 43.424367 MB
--- Unary Path Analysis (FST, cutoff=4) ---
  shared unary steps in main trie: 10222647
  terminal suffixes: inplace=1703226 (avg len=2.16)  links=6715973 (79.8% of terminal)
  link len: avg=10.80  max=659  total_chars=72556931
  link length distribution (len:count):  4:696901  5:673915  6:668087  7:559938  8:460143  9:408987  10:371411  11:317336  12:286791  13:230146  14:219886  15:194657  16:260212  17:141485  18:132694  19:152516  20:142603  21:91996  22:80093  23:71031  24:65911  25:55655  26:49759  27:43541  28:39655  29:33371  30:31744  31:26630  32:22544  33:19836  34:17416  35:15244  36:14777  37:12475  38:10684  39:9704  40:8252  41:7414  42:7187  43:6077  44:4975  45:4415  46:4008  47:3641  48:3548  49:3129  50:2543  51:2408  52:2048  53:1756  54:1822  55:1758  56:1478  57:1179  58:1174  59:1028  60:1021  61:1008  62:800  63:782  64:703  65:577  66:564  67:679  68:553  69:459  70:394  71:348  72:410  73:498  74:336  75:309  76:287  77:230  78:220  79:262  80:269  81:251  82:214  83:163  84:154  85:231  86:178  87:132  88:144  89:127  90:127  91:212  92:153  93:106  94:107  95:76  96:81  97:157  98:106  99:86  100:109  101:82  102:64  103:107  104:90  105:70  106:58  107:55  108:63  109:130  110:83  111:45  112:41  113:46  114:39  115:60  116:60  117:41  118:52  119:37  120:39  121:51  122:48  123:30  124:24  125:39  126:42  127:48  128:44  129:34  130:23  131:19  132:20  133:26  134:27  135:27  136:16  137:30  138:27  139:16  140:24  141:15  142:13  143:23  144:25  145:30  146:25  147:14  148:7  149:15  150:16  151:9  152:19  153:25  154:20  155:19  156:17  157:10  158:12  159:18  160:5  161:5  162:9  163:10  164:14  165:17  166:11  167:8  168:6  169:2  170:5  171:9  172:11  173:14  174:10  175:6  176:8  177:8  178:8  179:7  180:8  181:5  182:7  183:9  184:6  185:5  186:4  187:6  188:7  189:12  190:7  191:5  192:3  193:7  194:3  195:5  196:2  197:4  198:3  199:6  200:8  201:7  202:9  204:4  205:5  206:5  207:1  208:12  209:3  210:7  211:2  212:2  213:2  214:4  215:2  216:4  217:3  218:6  219:4  220:3  221:3  222:2  223:4  224:2  225:3  226:3  227:3  228:3  229:1  231:4  232:1  233:1  234:2  235:2  236:4  237:4  238:2  239:1  240:1  241:1  242:1  243:5  245:2  246:2  247:2  249:1  250:1  251:1  252:3  254:3  255:6  256:2  257:2  259:1  260:1  261:4  262:3  263:1  264:1  265:1  268:4  270:1  271:1  272:1  273:1  274:1  276:2  280:1  285:1  286:1  287:1  293:1  294:1  300:1  303:1  304:2  305:2  307:1  310:1  318:1  322:1  327:1  328:2  329:3  330:1  333:1  336:1  340:2  347:1  348:1  350:2  352:1  355:1  367:1  379:1  386:1  391:1  419:1  442:1  446:3  449:1  596:1  649:1  660:1
14005.202708,78.247462,1811.616400
[PASSED]
[time 42.14 s, user 40.26 s, sys 1.70 s, maxrss 2062296 KB]
[busy 4287 jiffies]
[exit 0]
--- c2 case 0 rec 2   load 1.79 1.41 1.22
[TEST C2-FST]
Processing dataset...
Done!
Building trie...
trie size: 23.143724 MB
trie size: 3.515203 MB
Done!
build time: 14575.594696 ms (1457.559470 ns per key)
space cost: 78.247462 MB (15.667723% of original size 499.418229 MB)
Querying trie...
Done!
total time: 18259.411489 ms, avg latency: 1825.941149 ns
topology: 13.508587 MB, link: 21.314508 MB, data: 43.424367 MB
--- Unary Path Analysis (FST, cutoff=4) ---
  shared unary steps in main trie: 10222647
  terminal suffixes: inplace=1703226 (avg len=2.16)  links=6715973 (79.8% of terminal)
  link len: avg=10.80  max=659  total_chars=72556931
  link length distribution (len:count):  4:696901  5:673915  6:668087  7:559938  8:460143  9:408987  10:371411  11:317336  12:286791  13:230146  14:219886  15:194657  16:260212  17:141485  18:132694  19:152516  20:142603  21:91996  22:80093  23:71031  24:65911  25:55655  26:49759  27:43541  28:39655  29:33371  30:31744  31:26630  32:22544  33:19836  34:17416  35:15244  36:14777  37:12475  38:10684  39:9704  40:8252  41:7414  42:7187  43:6077  44:4975  45:4415  46:4008  47:3641  48:3548  49:3129  50:2543  51:2408  52:2048  53:1756  54:1822  55:1758  56:1478  57:1179  58:1174  59:1028  60:1021  61:1008  62:800  63:782  64:703  65:577  66:564  67:679  68:553  69:459  70:394  71:348  72:410  73:498  74:336  75:309  76:287  77:230  78:220  79:262  80:269  81:251  82:214  83:163  84:154  85:231  86:178  87:132  88:144  89:127  90:127  91:212  92:153  93:106  94:107  95:76  96:81  97:157  98:106  99:86  100:109  101:82  102:64  103:107  104:90  105:70  106:58  107:55  108:63  109:130  110:83  111:45  112:41  113:46  114:39  115:60  116:60  117:41  118:52  119:37  120:39  121:51  122:48  123:30  124:24  125:39  126:42  127:48  128:44  129:34  130:23  131:19  132:20  133:26  134:27  135:27  136:16  137:30  138:27  139:16  140:24  141:15  142:13  143:23  144:25  145:30  146:25  147:14  148:7  149:15  150:16  151:9  152:19  153:25  154:20  155:19  156:17  157:10  158:12  159:18  160:5  161:5  162:9  163:10  164:14  165:17  166:11  167:8  168:6  169:2  170:5  171:9  172:11  173:14  174:10  175:6  176:8  177:8  178:8  179:7  180:8  181:5  182:7  183:9  184:6  185:5  186:4  187:6  188:7  189:12  190:7  191:5  192:3  193:7  194:3  195:5  196:2  197:4  198:3  199:6  200:8  201:7  202:9  204:4  205:5  206:5  207:1  208:12  209:3  210:7  211:2  212:2  213:2  214:4  215:2  216:4  217:3  218:6  219:4  220:3  221:3  222:2  223:4  224:2  225:3  226:3  227:3  228:3  229:1  231:4  232:1  233:1  234:2  235:2  236:4  237:4  238:2  239:1  240:1  241:1  242:1  243:5  245:2  246:2  247:2  249:1  250:1  251:1  252:3  254:3  255:6  256:2  257:2  259:1  260:1  261:4  262:3  263:1  264:1  265:1  268:4  270:1  271:1  272:1  273:1  274:1  276:2  280:1  285:1  286:1  287:1  293:1  294:1  300:1  303:1  304:2  305:2  307:1  310:1  318:1  322:1  327:1  328:2  329:3  330:1  333:1  336:1  340:2  347:1  348:1  350:2  352:1  355:1  367:1  379:1  386:1  391:1  419:1  442:1  446:3  449:1  596:1  649:1  660:1
14575.594696,78.247462,1825.941149
[PASSED]
[time 42.82 s, user 40.99 s, sys 1.66 s, maxrss 2062004 KB]
[busy 4367 jiffies]
[exit 0]
--- c2 case 1 rec 0   load 2.20 1.54 1.27
[TEST C2-CoCo(LOUDS-Sparse)]
Processing dataset...
Done!
Building trie...
Done!
build time: 29498.534257 ms (2949.853426 ns per key)
space cost: 94.593055 MB (18.940649% of original size 499.418229 MB)
Querying trie...
Done!
total time: 15797.034515 ms, avg latency: 1579.703452 ns
topology: 4.283638 MB, link: 32.108927 MB, data: 58.200490 MB
29498.534257,94.593055,1579.703452
[PASSED]
[time 55.56 s, user 52.82 s, sys 2.51 s, maxrss 3698572 KB]
[busy 5652 jiffies]
[exit 0]
--- c2 case 1 rec 1   load 1.50 1.47 1.26
[TEST C2-CoCo(LOUDS-Sparse)]
Processing dataset...
Done!
Building trie...
trie size: 23.143724 MB
Done!
build time: 30653.917358 ms (3065.391736 ns per key)
space cost: 83.070779 MB (16.633510% of original size 499.418229 MB)
Querying trie...
Done!
total time: 18339.773564 ms, avg latency: 1833.977356 ns
topology: 6.127193 MB, link: 31.915912 MB, data: 45.027674 MB
30653.917358,83.070779,1833.977356
[PASSED]
[time 59.01 s, user 56.29 s, sys 2.48 s, maxrss 3571840 KB]
[busy 6011 jiffies]
[exit 0]
--- c2 case 1 rec 2   load 1.18 1.38 1.24
[TEST C2-CoCo(LOUDS-Sparse)]
Processing dataset...
Done!
Building trie...
trie size: 23.143724 MB
trie size: 3.515203 MB
Done!
build time: 31113.274808 ms (3111.327481 ns per key)
space cost: 83.070779 MB (16.633510% of original size 499.418229 MB)
Querying trie...
Done!
total time: 18230.984378 ms, avg latency: 1823.098438 ns
topology: 6.127193 MB, link: 31.915912 MB, data: 45.027674 MB
31113.274808,83.070779,1823.098438
[PASSED]
[time 59.33 s, user 56.65 s, sys 2.44 s, maxrss 3593016 KB]
[busy 6033 jiffies]
[exit 0]
--- c2 case 2 rec 0   load 1.07 1.31 1.23
[TEST C2-MARISA]
Processing dataset...
Done!
Building trie...
trie size: 23.210503 MB
Done!
build time: 11872.055523 ms (1187.205552 ns per key)
space cost: 79.565398 MB (15.931617% of original size 499.418229 MB)
Querying trie...
Done!
total time: 8887.722512 ms, avg latency: 888.772251 ns
topology: 7.658741 MB, link: 28.820719 MB, data: 42.757813 MB
--- Unary Path Analysis (Marisa, cutoff=3) ---
  branches: 15006864  |  single-char: 4344202 (28.9%)  short-unary: 992777 (6.6%)  links: 9669885 (64.4%)
  link len: avg=10.53  max=661  total_chars=101846674
  link length distribution (len:count):  3:979135  4:1063854  5:889005  6:816748  7:783836  8:655792  9:527524  10:470175  11:410531  12:348158  13:310501  14:249595  15:236303  16:208521  17:272348  18:152006  19:142197  20:160137  21:150517  22:97740  23:85053  24:75097  25:69397  26:58698  27:52492  28:46035  29:41825  30:35181  31:33558  32:28138  33:24094  34:21147  35:18522  36:16174  37:15646  38:13222  39:11318  40:10241  41:8684  42:7727  43:7580  44:6353  45:5175  46:4565  47:4156  48:3773  49:3667  50:3232  51:2627  52:2472  53:2112  54:1827  55:1870  56:1795  57:1516  58:1219  59:1198  60:1058  61:1063  62:1033  63:824  64:809  65:724  66:596  67:588  68:699  69:566  70:477  71:404  72:358  73:423  74:508  75:343  76:316  77:296  78:242  79:228  80:271  81:278  82:260  83:218  84:168  85:161  86:237  87:180  88:132  89:149  90:129  91:130  92:217  93:157  94:107  95:107  96:78  97:83  98:157  99:108  100:88  101:113  102:83  103:68  104:108  105:90  106:73  107:60  108:55  109:66  110:134  111:84  112:45  113:42  114:46  115:41  116:61  117:60  118:41  119:55  120:38  121:39  122:51  123:48  124:32  125:24  126:41  127:42  128:50  129:45  130:34  131:23  132:21  133:21  134:26  135:27  136:27  137:16  138:30  139:28  140:17  141:24  142:16  143:13  144:23  145:25  146:30  147:25  148:14  149:7  150:15  151:16  152:9  153:20  154:26  155:21  156:19  157:17  158:10  159:13  160:18  161:5  162:5  163:10  164:10  165:15  166:17  167:11  168:8  169:6  170:2  171:5  172:9  173:11  174:14  175:10  176:6  177:8  178:9  179:8  180:7  181:8  182:5  183:7  184:9  185:7  186:5  187:4  188:6  189:7  190:12  191:7  192:5  193:3  194:7  195:3  196:5  197:2  198:4  199:3  200:7  201:8  202:7  203:9  205:4  206:5  207:5  208:2  209:13  210:3  211:8  212:2  213:2  214:2  215:4  216:2  217:4  218:3  219:6  220:5  221:4  222:3  223:2  224:4  225:2  226:3  227:3  228:3  229:3  230:1  232:4  233:1  234:1  235:2  236:2  237:4  238:5  239:2  240:1  241:1  242:2  243:1  244:5  246:2  247:2  248:2  250:1  251:1  252:1  253:3  255:3  256:6  257:2  258:2  260:1  261:1  262:4  263:3  264:1  265:1  266:1  269:4  271:1  272:1  273:1  274:1  275:1  277:2  281:1  286:1  287:1  288:1  294:1  295:1  301:1  304:1  305:2  306:2  308:1  309:1  311:1  319:1  323:1  328:1  329:2  330:3  331:1  334:1  337:1  341:2  348:1  349:1  351:2  353:1  356:1  368:1  380:1  387:1  392:1  420:1  443:1  447:3  450:1  597:1  650:1  661:1
  short unary avg len: 2.00
11872.055523,79.565398,888.772251
[PASSED]
[time 30.76 s, user 28.80 s, sys 1.83 s, maxrss 2063512 KB]
[busy 3134 jiffies]
[exit 0]
--- c2 case 2 rec 1   load 1.04 1.28 1.22
[TEST C2-MARISA]
Processing dataset...
Done!
Building trie...
trie size: 23.210503 MB
trie size: 33.431739 MB
Done!
build time: 14316.253038 ms (1431.625304 ns per key)
space cost: 66.026621 MB (13.220707% of original size 499.418229 MB)
Querying trie...
Done!
total time: 11718.207718 ms, avg latency: 1171.820772 ns
topology: 9.965065 MB, link: 29.247737 MB, data: 26.485694 MB
--- Unary Path Analysis (Marisa, cutoff=3) ---
  branches: 15006864  |  single-char: 4344202 (28.9%)  short-unary: 992777 (6.6%)  links: 9669885 (64.4%)
  link len: avg=10.53  max=661  total_chars=101846674
  link length distribution (len:count):  3:979135  4:1063854  5:889005  6:816748  7:783836  8:655792  9:527524  10:470175  11:410531  12:348158  13:310501  14:249595  15:236303  16:208521  17:272348  18:152006  19:142197  20:160137  21:150517  22:97740  23:85053  24:75097  25:69397  26:58698  27:52492  28:46035  29:41825  30:35181  31:33558  32:28138  33:24094  34:21147  35:18522  36:16174  37:15646  38:13222  39:11318  40:10241  41:8684  42:7727  43:7580  44:6353  45:5175  46:4565  47:4156  48:3773  49:3667  50:3232  51:2627  52:2472  53:2112  54:1827  55:1870  56:1795  57:1516  58:1219  59:1198  60:1058  61:1063  62:1033  63:824  64:809  65:724  66:596  67:588  68:699  69:566  70:477  71:404  72:358  73:423  74:508  75:343  76:316  77:296  78:242  79:228  80:271  81:278  82:260  83:218  84:168  85:161  86:237  87:180  88:132  89:149  90:129  91:130  92:217  93:157  94:107  95:107  96:78  97:83  98:157  99:108  100:88  101:113  102:83  103:68  104:108  105:90  106:73  107:60  108:55  109:66  110:134  111:84  112:45  113:42  114:46  115:41  116:61  117:60  118:41  119:55  120:38  121:39  122:51  123:48  124:32  125:24  126:41  127:42  128:50  129:45  130:34  131:23  132:21  133:21  134:26  135:27  136:27  137:16  138:30  139:28  140:17  141:24  142:16  143:13  144:23  145:25  146:30  147:25  148:14  149:7  150:15  151:16  152:9  153:20  154:26  155:21  156:19  157:17  158:10  159:13  160:18  161:5  162:5  163:10  164:10  165:15  166:17  167:11  168:8  169:6  170:2  171:5  172:9  173:11  174:14  175:10  176:6  177:8  178:9  179:8  180:7  181:8  182:5  183:7  184:9  185:7  186:5  187:4  188:6  189:7  190:12  191:7  192:5  193:3  194:7  195:3  196:5  197:2  198:4  199:3  200:7  201:8  202:7  203:9  205:4  206:5  207:5  208:2  209:13  210:3  211:8  212:2  213:2  214:2  215:4  216:2  217:4  218:3  219:6  220:5  221:4  222:3  223:2  224:4  225:2  226:3  227:3  228:3  229:3  230:1  232:4  233:1  234:1  235:2  236:2  237:4  238:5  239:2  240:1  241:1  242:2  243:1  244:5  246:2  247:2  248:2  250:1  251:1  252:1  253:3  255:3  256:6  257:2  258:2  260:1  261:1  262:4  263:3  264:1  265:1  266:1  269:4  271:1  272:1  273:1  274:1  275:1  277:2  281:1  286:1  287:1  288:1  294:1  295:1  301:1  304:1  305:2  306:2  308:1  309:1  311:1  319:1  323:1  328:1  329:2  330:3  331:1  334:1  337:1  341:2  348:1  349:1  351:2  353:1  356:1  368:1  380:1  387:1  392:1  420:1  443:1  447:3  450:1  597:1  650:1  661:1
  short unary avg len: 2.00
14316.253038,66.026621,1171.820772
[PASSED]
[time 36.02 s, user 34.06 s, sys 1.81 s, maxrss 2049900 KB]
[busy 3672 jiffies]
[exit 0]
--- c2 case 2 rec 2   load 0.94 1.22 1.20
[TEST C2-MARISA]
Processing dataset...
Done!
Building trie...
trie size: 23.210503 MB
trie size: 33.431739 MB
trie size: 4.248938 MB
Done!
build time: 15024.774697 ms (1502.477470 ns per key)
space cost: 66.026621 MB (13.220707% of original size 499.418229 MB)
Querying trie...
Done!
total time: 11817.409594 ms, avg latency: 1181.740959 ns
topology: 9.965065 MB, link: 29.247737 MB, data: 26.485694 MB
--- Unary Path Analysis (Marisa, cutoff=3) ---
  branches: 15006864  |  single-char: 4344202 (28.9%)  short-unary: 992777 (6.6%)  links: 9669885 (64.4%)
  link len: avg=10.53  max=661  total_chars=101846674
  link length distribution (len:count):  3:979135  4:1063854  5:889005  6:816748  7:783836  8:655792  9:527524  10:470175  11:410531  12:348158  13:310501  14:249595  15:236303  16:208521  17:272348  18:152006  19:142197  20:160137  21:150517  22:97740  23:85053  24:75097  25:69397  26:58698  27:52492  28:46035  29:41825  30:35181  31:33558  32:28138  33:24094  34:21147  35:18522  36:16174  37:15646  38:13222  39:11318  40:10241  41:8684  42:7727  43:7580  44:6353  45:5175  46:4565  47:4156  48:3773  49:3667  50:3232  51:2627  52:2472  53:2112  54:1827  55:1870  56:1795  57:1516  58:1219  59:1198  60:1058  61:1063  62:1033  63:824  64:809  65:724  66:596  67:588  68:699  69:566  70:477  71:404  72:358  73:423  74:508  75:343  76:316  77:296  78:242  79:228  80:271  81:278  82:260  83:218  84:168  85:161  86:237  87:180  88:132  89:149  90:129  91:130  92:217  93:157  94:107  95:107  96:78  97:83  98:157  99:108  100:88  101:113  102:83  103:68  104:108  105:90  106:73  107:60  108:55  109:66  110:134  111:84  112:45  113:42  114:46  115:41  116:61  117:60  118:41  119:55  120:38  121:39  122:51  123:48  124:32  125:24  126:41  127:42  128:50  129:45  130:34  131:23  132:21  133:21  134:26  135:27  136:27  137:16  138:30  139:28  140:17  141:24  142:16  143:13  144:23  145:25  146:30  147:25  148:14  149:7  150:15  151:16  152:9  153:20  154:26  155:21  156:19  157:17  158:10  159:13  160:18  161:5  162:5  163:10  164:10  165:15  166:17  167:11  168:8  169:6  170:2  171:5  172:9  173:11  174:14  175:10  176:6  177:8  178:9  179:8  180:7  181:8  182:5  183:7  184:9  185:7  186:5  187:4  188:6  189:7  190:12  191:7  192:5  193:3  194:7  195:3  196:5  197:2  198:4  199:3  200:7  201:8  202:7  203:9  205:4  206:5  207:5  208:2  209:13  210:3  211:8  212:2  213:2  214:2  215:4  216:2  217:4  218:3  219:6  220:5  221:4  222:3  223:2  224:4  225:2  226:3  227:3  228:3  229:3  230:1  232:4  233:1  234:1  235:2  236:2  237:4  238:5  239:2  240:1  241:1  242:2  243:1  244:5  246:2  247:2  248:2  250:1  251:1  252:1  253:3  255:3  256:6  257:2  258:2  260:1  261:1  262:4  263:3  264:1  265:1  266:1  269:4  271:1  272:1  273:1  274:1  275:1  277:2  281:1  286:1  287:1  288:1  294:1  295:1  301:1  304:1  305:2  306:2  308:1  309:1  311:1  319:1  323:1  328:1  329:2  330:3  331:1  334:1  337:1  341:2  348:1  349:1  351:2  353:1  356:1  368:1  380:1  387:1  392:1  420:1  443:1  447:3  450:1  597:1  650:1  661:1
  short unary avg len: 2.00
15024.774697,66.026621,1181.740959
[PASSED]
[time 36.85 s, user 34.91 s, sys 1.79 s, maxrss 2050096 KB]
[busy 3758 jiffies]
[exit 0]
--- c2 case 3 rec 0   load 0.97 1.20 1.19
[TEST FST]
Processing dataset...
Done!
Building trie...
Done!
build time: 15662.610487 ms (1566.261049 ns per key)
space cost: 90.985074 MB (18.218212% of original size 499.418229 MB)
Querying trie...
Done!
total time: 19760.311469 ms, avg latency: 1976.031147 ns
not implemented
15662.610487,90.985074,1976.031147
[PASSED]
[time 45.46 s, user 44.02 s, sys 1.26 s, maxrss 2073920 KB]
[busy 4629 jiffies]
[exit 0]
--- c2 case 4 rec 0   load 0.99 1.17 1.18
terminate called after throwing an instance of 'std::bad_alloc'
  what():  std::bad_alloc
timeout: the monitored command dumped core
Command terminated by signal 6
[time 31.18 s, user 19.53 s, sys 11.46 s, maxrss 27784676 KB]
[busy 3185 jiffies]
[exit 134]
--- c2 case 5 rec 0   load 0.99 1.15 1.17
[TEST MARISA]
Processing dataset...
Done!
Building trie...
Done!
build time: 10930.550038 ms (1093.055004 ns per key)
space cost: 82.540893 MB (16.527409% of original size 499.418229 MB)
Querying trie...
Done!
total time: 11182.619057 ms, avg latency: 1118.261906 ns
not implemented
10930.550038,82.540893,1118.261906
[PASSED]
[time 31.87 s, user 30.10 s, sys 1.64 s, maxrss 2342588 KB]
[busy 3251 jiffies]
[exit 0]
--- c2 case 5 rec 1   load 1.00 1.13 1.17
[TEST MARISA]
Processing dataset...
Done!
Building trie...
Done!
build time: 12129.461814 ms (1212.946181 ns per key)
space cost: 59.449470 MB (11.903744% of original size 499.418229 MB)
Querying trie...
Done!
total time: 15070.174498 ms, avg latency: 1507.017450 ns
not implemented
12129.461814,59.449470,1507.017450
[PASSED]
[time 36.95 s, user 35.07 s, sys 1.73 s, maxrss 2342356 KB]
[busy 3758 jiffies]
[exit 0]
--- c2 case 5 rec 2   load 1.00 1.11 1.16
[TEST MARISA]
Processing dataset...
Done!
Building trie...
Done!
build time: 12220.260465 ms (1222.026046 ns per key)
space cost: 55.623455 MB (11.137650% of original size 499.418229 MB)
Querying trie...
Done!
total time: 16135.915111 ms, avg latency: 1613.591511 ns
not implemented
12220.260465,55.623455,1613.591511
[PASSED]
[time 38.15 s, user 36.31 s, sys 1.67 s, maxrss 2342568 KB]
[busy 3885 jiffies]
[exit 0]
--- c2 case 6 rec 0   load 1.00 1.10 1.15
[TEST PDT]
Processing dataset...
Done!
Building trie...
dict size: 156234, stream size: 59837983
Done!
build time: 28099.888249 ms (2809.988825 ns per key)
space cost: 69.980471 MB (14.012398% of original size 499.418229 MB)
Querying trie...
Done!
total time: 11861.826167 ms, avg latency: 1186.182617 ns
not implemented
28099.888249,69.980471,1186.182617
[PASSED]
[time 50.02 s, user 48.05 s, sys 1.76 s, maxrss 2053744 KB]
[busy 5094 jiffies]
[exit 0]
--- c2 case 7 rec 0   load 1.00 1.08 1.14
[TEST ART]
Processing dataset...
Done!
Building trie...
Done!
build time: 3618.304929 ms (361.830493 ns per key)
space cost: 341.430801 MB (68.365707% of original size 499.418229 MB)
Querying trie...
Done!
total time: 8615.680854 ms, avg latency: 861.568085 ns
not implemented
3618.304929,341.430801,861.568085
[PASSED]
[time 22.35 s, user 20.66 s, sys 1.60 s, maxrss 2884548 KB]
[busy 2278 jiffies]
[exit 0]
--- c2 case 8 rec 0   load 1.06 1.09 1.14
[TEST CART]
Processing dataset...
Done!
Building trie...
Done!
build time: 4238.643071 ms (423.864307 ns per key)
space cost: 160.654354 MB (32.168300% of original size 499.418229 MB)
Querying trie...
Done!
total time: 9266.504936 ms, avg latency: 926.650494 ns
not implemented
4238.643071,160.654354,926.650494
[PASSED]
[time 23.63 s, user 21.98 s, sys 1.55 s, maxrss 2765968 KB]
[busy 2411 jiffies]
[exit 0]
--- xcdat 7   load 0.96 1.06 1.13
build time: 12747.731709 ms
space cost: 117.959981 MiB (23.619478% of original size 499.418229 MiB)
avg latency: 872.409973 ns
12747.731709,117.959981,872.409973
[time 31.51 s, user 29.68 s, sys 1.70 s, maxrss 2102000 KB]
[busy 3203 jiffies]
[exit 0]
--- xcdat 8   load 0.97 1.06 1.13
build time: 12395.605497 ms
space cost: 114.082344 MiB (22.843048% of original size 499.418229 MiB)
avg latency: 793.419426 ns
12395.605497,114.082344,793.419426
[time 30.36 s, user 28.48 s, sys 1.76 s, maxrss 2097792 KB]
[busy 3088 jiffies]
[exit 0]
--- xcdat 15   load 0.99 1.05 1.12
build time: 12782.530676 ms
space cost: 140.648740 MiB (28.162516% of original size 499.418229 MiB)
avg latency: 713.287210 ns
12782.530676,140.648740,713.287210
[time 29.91 s, user 27.99 s, sys 1.78 s, maxrss 2125244 KB]
[busy 3049 jiffies]
[exit 0]
--- xcdat 16   load 0.91 1.03 1.11
build time: 12426.137874 ms
space cost: 147.118110 MiB (29.457897% of original size 499.418229 MiB)
avg latency: 730.581571 ns
12426.137874,147.118110,730.581571
[time 29.74 s, user 27.85 s, sys 1.77 s, maxrss 2131408 KB]
[busy 3033 jiffies]
[exit 0]

##### uuid-10000000 (10000000 lines, 370000000 bytes)   round 1/3   2026-09-25T10:39:19+03:00
--- lexindex dict32   load 0.95 1.02 1.10
10000000 keys
lexindex DictIndex block 32: build 1383 ms, size 173.033 MiB (18.144 B/key), latency cold 714.0 ns, then mean 713.2 / min 712.2 ns
1382.931,173.033094,713.969
[time 36.15 s, user 45.08 s, sys 2.16 s, maxrss 1921940 KB]
[busy 4822 jiffies]
[exit 0]
--- lexindex dict256   load 1.03 1.04 1.10
10000000 keys
lexindex DictIndex block 256: build 1395 ms, size 167.461 MiB (17.560 B/key), latency cold 636.2 ns, then mean 637.7 / min 637.3 ns
1394.514,167.461316,636.158
[time 33.12 s, user 42.16 s, sys 2.12 s, maxrss 1906052 KB]
[busy 4534 jiffies]
[exit 0]
--- lexindex dict1024   load 1.02 1.03 1.09
10000000 keys
lexindex DictIndex block 1024: build 1374 ms, size 166.102 MiB (17.417 B/key), latency cold 650.2 ns, then mean 651.4 / min 650.8 ns
1373.706,166.101995,650.242
[time 33.62 s, user 42.60 s, sys 2.14 s, maxrss 1902056 KB]
[busy 4569 jiffies]
[exit 0]
--- lexindex routed32   load 1.01 1.03 1.09
10000000 keys
lexindex DictIndex block 32 routed: build 1437 ms, size 177.801 MiB (18.644 B/key), latency cold 618.2 ns, then mean 616.8 / min 616.8 ns
1437.159,177.801466,618.190
[time 32.34 s, user 41.17 s, sys 2.23 s, maxrss 1926840 KB]
[busy 4433 jiffies]
[exit 0]
--- lexindex routed256   load 0.92 1.01 1.08
10000000 keys
lexindex DictIndex block 256 routed: build 1406 ms, size 172.230 MiB (18.060 B/key), latency cold 536.7 ns, then mean 535.5 / min 535.3 ns
1405.774,172.229749,536.654
[time 29.03 s, user 38.06 s, sys 2.07 s, maxrss 1910336 KB]
[busy 4096 jiffies]
[exit 0]
--- lexindex routed1024   load 1.69 1.22 1.15
10000000 keys
lexindex DictIndex block 1024 routed: build 1389 ms, size 168.486 MiB (17.667 B/key), latency cold 531.3 ns, then mean 530.6 / min 529.6 ns
1389.392,168.486272,531.336
[time 28.84 s, user 37.69 s, sys 2.16 s, maxrss 1905176 KB]
[busy 4061 jiffies]
[exit 0]
--- lexindex string   load 2.08 1.39 1.21
10000000 keys
lexindex StringIndex: build 23298 ms, size 343.964 MiB (36.067 B/key), latency cold 575.3 ns, then mean 574.2 / min 573.6 ns
23297.646,343.963631,575.255
[time 52.40 s, user 51.15 s, sys 1.05 s, maxrss 1957124 KB]
[busy 5330 jiffies]
[exit 0]
--- lexindex hashed0   load 1.46 1.33 1.20
10000000 keys
lexindex HashedDictIndex closed: build 2510 ms, size 198.354 MiB (20.799 B/key), latency cold 78.5 ns, then mean 78.0 / min 77.9 ns
2510.200,198.353765,78.468
[time 11.83 s, user 21.64 s, sys 2.17 s, maxrss 1939128 KB]
[busy 2423 jiffies]
[exit 0]
--- lexindex hashed8   load 2.47 1.56 1.27
10000000 keys
lexindex HashedDictIndex fp=8: build 2513 ms, size 207.891 MiB (21.799 B/key), latency cold 100.7 ns, then mean 100.0 / min 99.3 ns
2513.430,207.890509,100.742
[time 12.73 s, user 22.50 s, sys 2.19 s, maxrss 1948456 KB]
[busy 2513 jiffies]
[exit 0]
--- lexindex hashed16   load 2.06 1.51 1.26
10000000 keys
lexindex HashedDictIndex fp=16: build 2505 ms, size 217.427 MiB (22.799 B/key), latency cold 103.9 ns, then mean 102.8 / min 102.2 ns
2505.386,217.427252,103.893
[time 12.82 s, user 22.69 s, sys 2.35 s, maxrss 1956156 KB]
[busy 2552 jiffies]
[exit 0]
--- lexindex da   load 2.86 1.71 1.33
10000000 keys
lexindex DoubleArrayIndex refused: format error: double-array: more than 8 388 608 keys; ids are 23 bits
Command exited with non-zero status 3
[time 3.79 s, user 3.38 s, sys 0.39 s, maxrss 784576 KB]
[busy 387 jiffies]
[exit 3]
--- c2 case 0 rec 0   load 2.71 1.70 1.33
[TEST C2-FST]
Processing dataset...
Done!
Building trie...
Done!
build time: 13714.349788 ms (1371.434979 ns per key)
space cost: 224.266170 MB (65.322256% of original size 343.322754 MB)
Querying trie...
Done!
total time: 6922.630059 ms, avg latency: 692.263006 ns
topology: 7.652824 MB, link: 34.870965 MB, data: 181.742380 MB
--- Unary Path Analysis (FST, cutoff=4) ---
  shared unary steps in main trie: 126967
  terminal suffixes: inplace=0 (avg len=0.00)  links=10000000 (100.0% of terminal)
  link len: avg=28.51  max=30  total_chars=285103126
  link length distribution (len:count):  23:4  24:94  25:1324  26:21561  28:340409  29:4123330  30:5512548  31:730
13714.349788,224.266170,692.263006
[PASSED]
[time 29.77 s, user 27.45 s, sys 2.19 s, maxrss 3090124 KB]
[busy 3028 jiffies]
[exit 0]
--- c2 case 0 rec 1   load 1.87 1.60 1.31
[TEST C2-FST]
Processing dataset...
Done!
Building trie...
trie size: 47.664446 MB
Done!
build time: 25533.509475 ms (2553.350948 ns per key)
space cost: 224.266170 MB (65.322256% of original size 343.322754 MB)
Querying trie...
Done!
total time: 7198.705863 ms, avg latency: 719.870586 ns
topology: 7.652824 MB, link: 34.870965 MB, data: 181.742380 MB
--- Unary Path Analysis (FST, cutoff=4) ---
  shared unary steps in main trie: 126967
  terminal suffixes: inplace=0 (avg len=0.00)  links=10000000 (100.0% of terminal)
  link len: avg=28.51  max=30  total_chars=285103126
  link length distribution (len:count):  23:4  24:94  25:1324  26:21561  28:340409  29:4123330  30:5512548  31:730
25533.509475,224.266170,719.870586
[PASSED]
[time 41.88 s, user 39.16 s, sys 2.54 s, maxrss 3559568 KB]
[busy 4265 jiffies]
[exit 0]
--- c2 case 0 rec 2   load 1.44 1.52 1.29
[TEST C2-FST]
Processing dataset...
Done!
Building trie...
trie size: 47.664446 MB
Done!
build time: 25690.898274 ms (2569.089827 ns per key)
space cost: 224.266170 MB (65.322256% of original size 343.322754 MB)
Querying trie...
Done!
total time: 7028.801540 ms, avg latency: 702.880154 ns
topology: 7.652824 MB, link: 34.870965 MB, data: 181.742380 MB
--- Unary Path Analysis (FST, cutoff=4) ---
  shared unary steps in main trie: 126967
  terminal suffixes: inplace=0 (avg len=0.00)  links=10000000 (100.0% of terminal)
  link len: avg=28.51  max=30  total_chars=285103126
  link length distribution (len:count):  23:4  24:94  25:1324  26:21561  28:340409  29:4123330  30:5512548  31:730
25690.898274,224.266170,702.880154
[PASSED]
[time 41.85 s, user 39.16 s, sys 2.52 s, maxrss 3559556 KB]
[busy 4265 jiffies]
[exit 0]
--- c2 case 1 rec 0   load 1.21 1.45 1.28
[TEST C2-CoCo(LOUDS-Sparse)]
Processing dataset...
Done!
Building trie...
Done!
build time: 17357.409947 ms (1735.740995 ns per key)
space cost: 212.803069 MB (61.983386% of original size 343.322754 MB)
Querying trie...
Done!
total time: 7131.082658 ms, avg latency: 713.108266 ns
topology: 3.395058 MB, link: 36.016802 MB, data: 173.391209 MB
17357.409947,212.803069,713.108266
[PASSED]
[time 33.64 s, user 30.76 s, sys 2.74 s, maxrss 4160828 KB]
[busy 3422 jiffies]
[exit 0]
--- c2 case 1 rec 1   load 1.03 1.38 1.26
[TEST C2-CoCo(LOUDS-Sparse)]
Processing dataset...
Done!
Building trie...
trie size: 47.664446 MB
Done!
build time: 29261.395593 ms (2926.139559 ns per key)
space cost: 212.803069 MB (61.983386% of original size 343.322754 MB)
Querying trie...
Done!
total time: 7154.503229 ms, avg latency: 715.450323 ns
topology: 3.395058 MB, link: 36.016802 MB, data: 173.391209 MB
29261.395593,212.803069,715.450323
[PASSED]
[time 45.51 s, user 42.17 s, sys 3.16 s, maxrss 4630032 KB]
[busy 4637 jiffies]
[exit 0]
--- c2 case 1 rec 2   load 1.01 1.33 1.25
[TEST C2-CoCo(LOUDS-Sparse)]
Processing dataset...
Done!
Building trie...
trie size: 47.664446 MB
Done!
build time: 29262.910129 ms (2926.291013 ns per key)
space cost: 212.803069 MB (61.983386% of original size 343.322754 MB)
Querying trie...
Done!
total time: 7189.711006 ms, avg latency: 718.971101 ns
topology: 3.395058 MB, link: 36.016802 MB, data: 173.391209 MB
29262.910129,212.803069,718.971101
[PASSED]
[time 45.56 s, user 42.14 s, sys 3.24 s, maxrss 4630160 KB]
[busy 4637 jiffies]
[exit 0]
--- c2 case 2 rec 0   load 1.01 1.28 1.23
[TEST C2-MARISA]
Processing dataset...
Done!
Building trie...
trie size: 19.421587 MB
Done!
build time: 12686.005395 ms (1268.600539 ns per key)
space cost: 218.030363 MB (63.505946% of original size 343.322754 MB)
Querying trie...
Done!
total time: 5754.240967 ms, avg latency: 575.424097 ns
topology: 6.395802 MB, link: 33.418009 MB, data: 177.888428 MB
--- Unary Path Analysis (Marisa, cutoff=3) ---
  branches: 13314429  |  single-char: 3205780 (24.1%)  short-unary: 97508 (0.7%)  links: 10011141 (75.2%)
  link len: avg=30.48  max=32  total_chars=305143726
  link length distribution (len:count):  3:4393  4:6350  5:369  6:27  7:2  24:4  25:94  26:1324  27:21561  29:340409  30:4123330  31:5512548  32:730
  short unary avg len: 2.00
12686.005395,218.030363,575.424097
[PASSED]
[time 27.58 s, user 25.24 s, sys 2.22 s, maxrss 3004432 KB]
[busy 2806 jiffies]
[exit 0]
--- c2 case 2 rec 1   load 1.00 1.25 1.22
[TEST C2-MARISA]
Processing dataset...
Done!
Building trie...
trie size: 19.421587 MB
trie size: 47.697874 MB
Done!
build time: 24837.439768 ms (2483.743977 ns per key)
space cost: 218.030363 MB (63.505946% of original size 343.322754 MB)
Querying trie...
Done!
total time: 5746.692990 ms, avg latency: 574.669299 ns
topology: 6.395802 MB, link: 33.418009 MB, data: 177.888428 MB
--- Unary Path Analysis (Marisa, cutoff=3) ---
  branches: 13314429  |  single-char: 3205780 (24.1%)  short-unary: 97508 (0.7%)  links: 10011141 (75.2%)
  link len: avg=30.48  max=32  total_chars=305143726
  link length distribution (len:count):  3:4393  4:6350  5:369  6:27  7:2  24:4  25:94  26:1324  27:21561  29:340409  30:4123330  31:5512548  32:730
  short unary avg len: 2.00
24837.439768,218.030363,574.669299
[PASSED]
[time 39.74 s, user 37.05 s, sys 2.53 s, maxrss 3498108 KB]
[busy 4054 jiffies]
[exit 0]
--- c2 case 2 rec 2   load 1.00 1.22 1.21
[TEST C2-MARISA]
Processing dataset...
Done!
Building trie...
trie size: 19.421587 MB
trie size: 47.697874 MB
Done!
build time: 24745.860294 ms (2474.586029 ns per key)
space cost: 218.030363 MB (63.505946% of original size 343.322754 MB)
Querying trie...
Done!
total time: 5755.024841 ms, avg latency: 575.502484 ns
topology: 6.395802 MB, link: 33.418009 MB, data: 177.888428 MB
--- Unary Path Analysis (Marisa, cutoff=3) ---
  branches: 13314429  |  single-char: 3205780 (24.1%)  short-unary: 97508 (0.7%)  links: 10011141 (75.2%)
  link len: avg=30.48  max=32  total_chars=305143726
  link length distribution (len:count):  3:4393  4:6350  5:369  6:27  7:2  24:4  25:94  26:1324  27:21561  29:340409  30:4123330  31:5512548  32:730
  short unary avg len: 2.00
24745.860294,218.030363,575.502484
[PASSED]
[time 39.65 s, user 36.93 s, sys 2.55 s, maxrss 3497784 KB]
[busy 4036 jiffies]
[exit 0]
--- c2 case 3 rec 0   load 1.00 1.19 1.20
[TEST FST]
Processing dataset...
Done!
Building trie...
Done!
build time: 10469.787759 ms (1046.978776 ns per key)
space cost: 341.746040 MB (99.540749% of original size 343.322754 MB)
Querying trie...
Done!
total time: 6928.772344 ms, avg latency: 692.877234 ns
not implemented
10469.787759,341.746040,692.877234
[PASSED]
[time 26.52 s, user 24.81 s, sys 1.60 s, maxrss 1917128 KB]
[busy 2695 jiffies]
[exit 0]
--- c2 case 4 rec 0   load 1.00 1.17 1.19
terminate called after throwing an instance of 'std::bad_alloc'
  what():  std::bad_alloc
timeout: the monitored command dumped core
Command terminated by signal 6
[time 27.70 s, user 16.09 s, sys 11.42 s, maxrss 27785084 KB]
[busy 2830 jiffies]
[exit 134]
--- c2 case 5 rec 0   load 0.92 1.13 1.18
[TEST MARISA]
Processing dataset...
Done!
Building trie...
Done!
build time: 7853.014475 ms (785.301447 ns per key)
space cost: 346.565342 MB (100.944472% of original size 343.322754 MB)
Querying trie...
Done!
total time: 7691.164321 ms, avg latency: 769.116432 ns
not implemented
7853.014475,346.565342,769.116432
[PASSED]
[time 24.45 s, user 22.52 s, sys 1.82 s, maxrss 2465528 KB]
[busy 2489 jiffies]
[exit 0]
--- c2 case 5 rec 1   load 0.87 1.11 1.17
[TEST MARISA]
Processing dataset...
Done!
Building trie...
Done!
build time: 12624.410812 ms (1262.441081 ns per key)
space cost: 330.987365 MB (96.407058% of original size 343.322754 MB)
Querying trie...
Done!
total time: 14680.502164 ms, avg latency: 1468.050216 ns
not implemented
12624.410812,330.987365,1468.050216
[PASSED]
[time 36.15 s, user 33.94 s, sys 2.06 s, maxrss 2416228 KB]
[busy 3684 jiffies]
[exit 0]
--- c2 case 5 rec 2   load 0.93 1.09 1.16
[TEST MARISA]
Processing dataset...
Done!
Building trie...
Done!
build time: 16351.409071 ms (1635.140907 ns per key)
space cost: 316.683807 MB (92.240844% of original size 343.322754 MB)
Querying trie...
Done!
total time: 23562.040690 ms, avg latency: 2356.204069 ns
not implemented
16351.409071,316.683807,2356.204069
[PASSED]
[time 48.82 s, user 46.34 s, sys 2.28 s, maxrss 2381916 KB]
[busy 4967 jiffies]
[exit 0]
--- c2 case 6 rec 0   load 0.97 1.08 1.15
[TEST PDT]
Processing dataset...
Done!
Building trie...
dict size: 166678, stream size: 192351068
Done!
build time: 125492.664229 ms (12549.266423 ns per key)
space cost: 196.364757 MB (57.195381% of original size 343.322754 MB)
Querying trie...
Done!
total time: 11486.086029 ms, avg latency: 1148.608603 ns
not implemented
125492.664229,196.364757,1148.608603
[PASSED]
[time 146.07 s, user 141.92 s, sys 3.59 s, maxrss 2858500 KB]
[busy 14866 jiffies]
[exit 0]
--- c2 case 7 rec 0   load 1.00 1.04 1.12
[TEST ART]
Processing dataset...
Done!
Building trie...
Done!
build time: 2135.840229 ms (213.584023 ns per key)
space cost: 274.100403 MB (79.837529% of original size 343.322754 MB)
Querying trie...
Done!
total time: 4992.487050 ms, avg latency: 499.248705 ns
not implemented
2135.840229,274.100403,499.248705
[PASSED]
[time 16.36 s, user 14.97 s, sys 1.32 s, maxrss 2232108 KB]
[busy 1663 jiffies]
[exit 0]
--- c2 case 8 rec 0   load 1.00 1.04 1.12
[TEST CART]
Processing dataset...
Done!
Building trie...
Done!
build time: 2434.600270 ms (243.460027 ns per key)
space cost: 120.320314 MB (35.045832% of original size 343.322754 MB)
Querying trie...
Done!
total time: 5195.295199 ms, avg latency: 519.529520 ns
not implemented
2434.600270,120.320314,519.529520
[PASSED]
[time 16.77 s, user 15.45 s, sys 1.24 s, maxrss 2096852 KB]
[busy 1707 jiffies]
[exit 0]
--- xcdat 7   load 1.00 1.04 1.12
build time: 11281.241913 ms
space cost: 365.827440 MiB (106.554965% of original size 343.322754 MiB)
avg latency: 655.346806 ns
11281.241913,365.827440,655.346806
[time 26.89 s, user 24.94 s, sys 1.84 s, maxrss 1989980 KB]
[busy 2738 jiffies]
[exit 0]
--- xcdat 8   load 1.00 1.03 1.11
build time: 10243.509424 ms
space cost: 357.688156 MiB (104.184227% of original size 343.322754 MiB)
avg latency: 610.109865 ns
10243.509424,357.688156,610.109865
[time 25.46 s, user 23.58 s, sys 1.78 s, maxrss 1959700 KB]
[busy 2595 jiffies]
[exit 0]
--- xcdat 15   load 1.00 1.03 1.11
build time: 10408.134545 ms
space cost: 367.954617 MiB (107.174550% of original size 343.322754 MiB)
avg latency: 538.477207 ns
10408.134545,367.954617,538.477207
[time 24.87 s, user 22.94 s, sys 1.83 s, maxrss 1946796 KB]
[busy 2537 jiffies]
[exit 0]
--- xcdat 16   load 0.92 1.01 1.09
build time: 10219.548308 ms
space cost: 371.930763 MiB (108.332687% of original size 343.322754 MiB)
avg latency: 556.055801 ns
10219.548308,371.930763,556.055801
[time 24.89 s, user 22.89 s, sys 1.89 s, maxrss 1955188 KB]
[busy 2528 jiffies]
[exit 0]

##### uuid-10000000 (10000000 lines, 370000000 bytes)   round 2/3   2026-09-25T10:57:49+03:00
--- xcdat 16   load 0.95 1.00 1.09
build time: 10213.283933 ms
space cost: 371.930763 MiB (108.332687% of original size 343.322754 MiB)
avg latency: 551.859266 ns
10213.283933,371.930763,551.859266
[time 24.80 s, user 22.83 s, sys 1.86 s, maxrss 1955396 KB]
[busy 2528 jiffies]
[exit 0]
--- xcdat 15   load 0.97 1.00 1.09
build time: 10405.898281 ms
space cost: 367.954617 MiB (107.174550% of original size 343.322754 MiB)
avg latency: 545.791929 ns
10405.898281,367.954617,545.791929
[time 24.96 s, user 22.99 s, sys 1.87 s, maxrss 1946592 KB]
[busy 2545 jiffies]
[exit 0]
--- xcdat 8   load 0.98 1.00 1.08
build time: 10228.558603 ms
space cost: 357.688156 MiB (104.184227% of original size 343.322754 MiB)
avg latency: 609.011383 ns
10228.558603,357.688156,609.011383
[time 25.42 s, user 23.48 s, sys 1.83 s, maxrss 1959784 KB]
[busy 2595 jiffies]
[exit 0]
--- xcdat 7   load 0.99 1.00 1.08
build time: 11245.098127 ms
space cost: 365.827440 MiB (106.554965% of original size 343.322754 MiB)
avg latency: 649.930094 ns
11245.098127,365.827440,649.930094
[time 26.83 s, user 24.83 s, sys 1.89 s, maxrss 1989928 KB]
[busy 2731 jiffies]
[exit 0]
--- c2 case 8 rec 0   load 0.99 1.00 1.08
[TEST CART]
Processing dataset...
Done!
Building trie...
Done!
build time: 2416.108523 ms (241.610852 ns per key)
space cost: 120.320314 MB (35.045832% of original size 343.322754 MB)
Querying trie...
Done!
total time: 5276.944969 ms, avg latency: 527.694497 ns
not implemented
2416.108523,120.320314,527.694497
[PASSED]
[time 16.84 s, user 15.53 s, sys 1.24 s, maxrss 2097096 KB]
[busy 1717 jiffies]
[exit 0]
--- c2 case 7 rec 0   load 1.00 1.00 1.08
[TEST ART]
Processing dataset...
Done!
Building trie...
Done!
build time: 2144.614431 ms (214.461443 ns per key)
space cost: 274.100403 MB (79.837529% of original size 343.322754 MB)
Querying trie...
Done!
total time: 5041.183130 ms, avg latency: 504.118313 ns
not implemented
2144.614431,274.100403,504.118313
[PASSED]
[time 16.37 s, user 14.95 s, sys 1.34 s, maxrss 2232004 KB]
[busy 1666 jiffies]
[exit 0]
--- c2 case 6 rec 0   load 1.00 1.00 1.08
[TEST PDT]
Processing dataset...
Done!
Building trie...
dict size: 166678, stream size: 192351068
Done!
build time: 125603.589957 ms (12560.358996 ns per key)
space cost: 196.364757 MB (57.195381% of original size 343.322754 MB)
Querying trie...
Done!
total time: 11266.080138 ms, avg latency: 1126.608014 ns
not implemented
125603.589957,196.364757,1126.608014
[PASSED]
[time 146.04 s, user 141.91 s, sys 3.56 s, maxrss 2858460 KB]
[busy 14875 jiffies]
[exit 0]
--- c2 case 5 rec 2   load 1.00 1.00 1.06
[TEST MARISA]
Processing dataset...
Done!
Building trie...
Done!
build time: 16375.510822 ms (1637.551082 ns per key)
space cost: 316.683807 MB (92.240844% of original size 343.322754 MB)
Querying trie...
Done!
total time: 23622.816011 ms, avg latency: 2362.281601 ns
not implemented
16375.510822,316.683807,2362.281601
[PASSED]
[time 48.91 s, user 46.45 s, sys 2.25 s, maxrss 2381784 KB]
[busy 4993 jiffies]
[exit 0]
--- c2 case 5 rec 1   load 1.00 1.00 1.06
[TEST MARISA]
Processing dataset...
Done!
Building trie...
Done!
build time: 12667.231633 ms (1266.723163 ns per key)
space cost: 330.987365 MB (96.407058% of original size 343.322754 MB)
Querying trie...
Done!
total time: 15170.353801 ms, avg latency: 1517.035380 ns
not implemented
12667.231633,330.987365,1517.035380
[PASSED]
[time 36.69 s, user 34.52 s, sys 2.01 s, maxrss 2416324 KB]
[busy 3732 jiffies]
[exit 0]
--- c2 case 5 rec 0   load 1.00 1.00 1.05
[TEST MARISA]
Processing dataset...
Done!
Building trie...
Done!
build time: 7818.634003 ms (781.863400 ns per key)
space cost: 346.565342 MB (100.944472% of original size 343.322754 MB)
Querying trie...
Done!
total time: 7823.534163 ms, avg latency: 782.353416 ns
not implemented
7818.634003,346.565342,782.353416
[PASSED]
[time 24.61 s, user 22.63 s, sys 1.88 s, maxrss 2465152 KB]
[busy 2510 jiffies]
[exit 0]
--- c2 case 4 rec 0   skipped: exit 134 in round 1
--- c2 case 3 rec 0   load 1.00 1.00 1.05
[TEST FST]
Processing dataset...
Done!
Building trie...
Done!
build time: 10482.228204 ms (1048.222820 ns per key)
space cost: 341.746040 MB (99.540749% of original size 343.322754 MB)
Querying trie...
Done!
total time: 6871.072419 ms, avg latency: 687.107242 ns
not implemented
10482.228204,341.746040,687.107242
[PASSED]
[time 26.50 s, user 24.80 s, sys 1.59 s, maxrss 1916976 KB]
[busy 2697 jiffies]
[exit 0]
--- c2 case 2 rec 2   load 0.92 0.98 1.04
[TEST C2-MARISA]
Processing dataset...
Done!
Building trie...
trie size: 19.421587 MB
trie size: 47.697874 MB
Done!
build time: 24830.765963 ms (2483.076596 ns per key)
space cost: 218.030363 MB (63.505946% of original size 343.322754 MB)
Querying trie...
Done!
total time: 5719.578382 ms, avg latency: 571.957838 ns
topology: 6.395802 MB, link: 33.418009 MB, data: 177.888428 MB
--- Unary Path Analysis (Marisa, cutoff=3) ---
  branches: 13314429  |  single-char: 3205780 (24.1%)  short-unary: 97508 (0.7%)  links: 10011141 (75.2%)
  link len: avg=30.48  max=32  total_chars=305143726
  link length distribution (len:count):  3:4393  4:6350  5:369  6:27  7:2  24:4  25:94  26:1324  27:21561  29:340409  30:4123330  31:5512548  32:730
  short unary avg len: 2.00
24830.765963,218.030363,571.957838
[PASSED]
[time 39.67 s, user 36.93 s, sys 2.58 s, maxrss 3498148 KB]
[busy 4042 jiffies]
[exit 0]
--- c2 case 2 rec 1   load 0.88 0.97 1.03
[TEST C2-MARISA]
Processing dataset...
Done!
Building trie...
trie size: 19.421587 MB
trie size: 47.697874 MB
Done!
build time: 24779.506035 ms (2477.950603 ns per key)
space cost: 218.030363 MB (63.505946% of original size 343.322754 MB)
Querying trie...
Done!
total time: 5720.537555 ms, avg latency: 572.053755 ns
topology: 6.395802 MB, link: 33.418009 MB, data: 177.888428 MB
--- Unary Path Analysis (Marisa, cutoff=3) ---
  branches: 13314429  |  single-char: 3205780 (24.1%)  short-unary: 97508 (0.7%)  links: 10011141 (75.2%)
  link len: avg=30.48  max=32  total_chars=305143726
  link length distribution (len:count):  3:4393  4:6350  5:369  6:27  7:2  24:4  25:94  26:1324  27:21561  29:340409  30:4123330  31:5512548  32:730
  short unary avg len: 2.00
24779.506035,218.030363,572.053755
[PASSED]
[time 39.66 s, user 36.93 s, sys 2.57 s, maxrss 3498124 KB]
[busy 4044 jiffies]
[exit 0]
--- c2 case 2 rec 0   load 0.94 0.97 1.03
[TEST C2-MARISA]
Processing dataset...
Done!
Building trie...
trie size: 19.421587 MB
Done!
build time: 12760.865588 ms (1276.086559 ns per key)
space cost: 218.030363 MB (63.505946% of original size 343.322754 MB)
Querying trie...
Done!
total time: 5753.337396 ms, avg latency: 575.333740 ns
topology: 6.395802 MB, link: 33.418009 MB, data: 177.888428 MB
--- Unary Path Analysis (Marisa, cutoff=3) ---
  branches: 13314429  |  single-char: 3205780 (24.1%)  short-unary: 97508 (0.7%)  links: 10011141 (75.2%)
  link len: avg=30.48  max=32  total_chars=305143726
  link length distribution (len:count):  3:4393  4:6350  5:369  6:27  7:2  24:4  25:94  26:1324  27:21561  29:340409  30:4123330  31:5512548  32:730
  short unary avg len: 2.00
12760.865588,218.030363,575.333740
[PASSED]
[time 27.68 s, user 25.41 s, sys 2.15 s, maxrss 3004396 KB]
[busy 2816 jiffies]
[exit 0]
--- c2 case 1 rec 2   load 0.88 0.96 1.02
[TEST C2-CoCo(LOUDS-Sparse)]
Processing dataset...
Done!
Building trie...
trie size: 47.664446 MB
Done!
build time: 29268.450298 ms (2926.845030 ns per key)
space cost: 212.803069 MB (61.983386% of original size 343.322754 MB)
Querying trie...
Done!
total time: 7161.948672 ms, avg latency: 716.194867 ns
topology: 3.395058 MB, link: 36.016802 MB, data: 173.391209 MB
29268.450298,212.803069,716.194867
[PASSED]
[time 45.54 s, user 42.15 s, sys 3.21 s, maxrss 4630184 KB]
[busy 4638 jiffies]
[exit 0]
--- c2 case 1 rec 1   load 0.95 0.97 1.02
[TEST C2-CoCo(LOUDS-Sparse)]
Processing dataset...
Done!
Building trie...
trie size: 47.664446 MB
Done!
build time: 29271.197722 ms (2927.119772 ns per key)
space cost: 212.803069 MB (61.983386% of original size 343.322754 MB)
Querying trie...
Done!
total time: 7324.732883 ms, avg latency: 732.473288 ns
topology: 3.395058 MB, link: 36.016802 MB, data: 173.391209 MB
29271.197722,212.803069,732.473288
[PASSED]
[time 45.68 s, user 42.33 s, sys 3.17 s, maxrss 4630096 KB]
[busy 4656 jiffies]
[exit 0]
--- c2 case 1 rec 0   load 0.98 0.97 1.01
[TEST C2-CoCo(LOUDS-Sparse)]
Processing dataset...
Done!
Building trie...
Done!
build time: 17365.722772 ms (1736.572277 ns per key)
space cost: 212.803069 MB (61.983386% of original size 343.322754 MB)
Querying trie...
Done!
total time: 7180.384505 ms, avg latency: 718.038450 ns
topology: 3.395058 MB, link: 36.016802 MB, data: 173.391209 MB
17365.722772,212.803069,718.038450
[PASSED]
[time 33.69 s, user 30.76 s, sys 2.79 s, maxrss 4160416 KB]
[busy 3432 jiffies]
[exit 0]
--- c2 case 0 rec 2   load 0.99 0.98 1.01
[TEST C2-FST]
Processing dataset...
Done!
Building trie...
trie size: 47.664446 MB
Done!
build time: 25762.780605 ms (2576.278060 ns per key)
space cost: 224.266170 MB (65.322256% of original size 343.322754 MB)
Querying trie...
Done!
total time: 6924.923628 ms, avg latency: 692.492363 ns
topology: 7.652824 MB, link: 34.870965 MB, data: 181.742380 MB
--- Unary Path Analysis (FST, cutoff=4) ---
  shared unary steps in main trie: 126967
  terminal suffixes: inplace=0 (avg len=0.00)  links=10000000 (100.0% of terminal)
  link len: avg=28.51  max=30  total_chars=285103126
  link length distribution (len:count):  23:4  24:94  25:1324  26:21561  28:340409  29:4123330  30:5512548  31:730
25762.780605,224.266170,692.492363
[PASSED]
[time 41.81 s, user 39.12 s, sys 2.52 s, maxrss 3559440 KB]
[busy 4264 jiffies]
[exit 0]
--- c2 case 0 rec 1   load 0.92 0.97 1.00
[TEST C2-FST]
Processing dataset...
Done!
Building trie...
trie size: 47.664446 MB
Done!
build time: 25695.513169 ms (2569.551317 ns per key)
space cost: 224.266170 MB (65.322256% of original size 343.322754 MB)
Querying trie...
Done!
total time: 6944.040852 ms, avg latency: 694.404085 ns
topology: 7.652824 MB, link: 34.870965 MB, data: 181.742380 MB
--- Unary Path Analysis (FST, cutoff=4) ---
  shared unary steps in main trie: 126967
  terminal suffixes: inplace=0 (avg len=0.00)  links=10000000 (100.0% of terminal)
  link len: avg=28.51  max=30  total_chars=285103126
  link length distribution (len:count):  23:4  24:94  25:1324  26:21561  28:340409  29:4123330  30:5512548  31:730
25695.513169,224.266170,694.404085
[PASSED]
[time 41.80 s, user 39.05 s, sys 2.57 s, maxrss 3559496 KB]
[busy 4252 jiffies]
[exit 0]
--- c2 case 0 rec 0   load 0.96 0.97 1.00
[TEST C2-FST]
Processing dataset...
Done!
Building trie...
Done!
build time: 13801.645736 ms (1380.164574 ns per key)
space cost: 224.266170 MB (65.322256% of original size 343.322754 MB)
Querying trie...
Done!
total time: 6940.704810 ms, avg latency: 694.070481 ns
topology: 7.652824 MB, link: 34.870965 MB, data: 181.742380 MB
--- Unary Path Analysis (FST, cutoff=4) ---
  shared unary steps in main trie: 126967
  terminal suffixes: inplace=0 (avg len=0.00)  links=10000000 (100.0% of terminal)
  link len: avg=28.51  max=30  total_chars=285103126
  link length distribution (len:count):  23:4  24:94  25:1324  26:21561  28:340409  29:4123330  30:5512548  31:730
13801.645736,224.266170,694.070481
[PASSED]
[time 29.89 s, user 27.62 s, sys 2.15 s, maxrss 3090516 KB]
[busy 3040 jiffies]
[exit 0]
--- lexindex da   skipped: exit 3 in round 1
--- lexindex hashed16   load 0.98 0.97 1.00
10000000 keys
lexindex HashedDictIndex fp=16: build 2503 ms, size 217.427 MiB (22.799 B/key), latency cold 102.3 ns, then mean 101.2 / min 100.8 ns
2502.743,217.427252,102.295
[time 12.77 s, user 22.42 s, sys 2.34 s, maxrss 1957452 KB]
[busy 2524 jiffies]
[exit 0]
--- lexindex hashed8   load 0.98 0.98 1.00
10000000 keys
lexindex HashedDictIndex fp=8: build 2514 ms, size 207.891 MiB (21.799 B/key), latency cold 100.8 ns, then mean 99.7 / min 99.3 ns
2514.373,207.890509,100.846
[time 12.73 s, user 22.45 s, sys 2.33 s, maxrss 1948752 KB]
[busy 2524 jiffies]
[exit 0]
--- lexindex hashed0   load 0.99 0.98 1.00
10000000 keys
lexindex HashedDictIndex closed: build 2496 ms, size 198.354 MiB (20.799 B/key), latency cold 77.2 ns, then mean 77.4 / min 77.1 ns
2495.794,198.353765,77.214
[time 11.82 s, user 21.54 s, sys 2.27 s, maxrss 1938244 KB]
[busy 2428 jiffies]
[exit 0]
--- lexindex string   load 0.91 0.96 0.99
10000000 keys
lexindex StringIndex: build 23466 ms, size 343.964 MiB (36.067 B/key), latency cold 573.3 ns, then mean 573.3 / min 572.9 ns
23465.713,343.963631,573.324
[time 52.54 s, user 51.31 s, sys 1.03 s, maxrss 1956940 KB]
[busy 5335 jiffies]
[exit 0]
--- lexindex routed1024   load 0.96 0.97 1.00
10000000 keys
lexindex DictIndex block 1024 routed: build 1389 ms, size 168.486 MiB (17.667 B/key), latency cold 533.7 ns, then mean 534.3 / min 533.9 ns
1389.486,168.486272,533.679
[time 28.93 s, user 37.92 s, sys 2.16 s, maxrss 1905856 KB]
[busy 4087 jiffies]
[exit 0]
--- lexindex routed256   load 0.98 0.97 1.00
10000000 keys
lexindex DictIndex block 256 routed: build 1418 ms, size 172.230 MiB (18.060 B/key), latency cold 526.1 ns, then mean 523.8 / min 523.4 ns
1417.865,172.229749,526.074
[time 28.62 s, user 37.68 s, sys 2.16 s, maxrss 1910488 KB]
[busy 4065 jiffies]
[exit 0]
--- lexindex routed32   load 0.99 0.98 1.00
10000000 keys
lexindex DictIndex block 32 routed: build 1438 ms, size 177.801 MiB (18.644 B/key), latency cold 598.6 ns, then mean 597.2 / min 596.4 ns
1437.623,177.801466,598.581
[time 31.54 s, user 40.65 s, sys 2.18 s, maxrss 1926900 KB]
[busy 4367 jiffies]
[exit 0]
--- lexindex dict1024   load 0.97 0.98 1.00
10000000 keys
lexindex DictIndex block 1024: build 1379 ms, size 166.102 MiB (17.417 B/key), latency cold 612.4 ns, then mean 606.0 / min 605.8 ns
1378.709,166.101995,612.388
[time 31.89 s, user 40.77 s, sys 2.20 s, maxrss 1902144 KB]
[busy 4387 jiffies]
[exit 0]
--- lexindex dict256   load 1.67 1.18 1.07
10000000 keys
lexindex DictIndex block 256: build 1387 ms, size 167.461 MiB (17.560 B/key), latency cold 656.1 ns, then mean 656.0 / min 655.6 ns
1387.385,167.461316,656.067
[time 33.85 s, user 42.72 s, sys 2.05 s, maxrss 1905832 KB]
[busy 4563 jiffies]
[exit 0]
--- lexindex dict32   load 1.37 1.16 1.06
10000000 keys
lexindex DictIndex block 32: build 1403 ms, size 173.033 MiB (18.144 B/key), latency cold 713.4 ns, then mean 712.8 / min 711.7 ns
1402.898,173.033094,713.420
[time 36.17 s, user 45.20 s, sys 2.21 s, maxrss 1921568 KB]
[busy 4836 jiffies]
[exit 0]

##### urls-10000000 (10000000 lines, 533677969 bytes)   round 2/3   2026-09-25T11:15:44+03:00
--- xcdat 16   load 1.11 1.12 1.05
build time: 12491.680275 ms
space cost: 147.118110 MiB (29.457897% of original size 499.418229 MiB)
avg latency: 757.365554 ns
12491.680275,147.118110,757.365554
[time 30.13 s, user 28.17 s, sys 1.84 s, maxrss 2131692 KB]
[busy 3073 jiffies]
[exit 0]
--- xcdat 15   load 1.06 1.11 1.05
build time: 12751.044368 ms
space cost: 140.648740 MiB (28.162516% of original size 499.418229 MiB)
avg latency: 691.522558 ns
12751.044368,140.648740,691.522558
[time 29.68 s, user 27.79 s, sys 1.78 s, maxrss 2125136 KB]
[busy 3020 jiffies]
[exit 0]
--- xcdat 8   load 1.04 1.10 1.05
build time: 12439.299480 ms
space cost: 114.082344 MiB (22.843048% of original size 499.418229 MiB)
avg latency: 827.166492 ns
12439.299480,114.082344,827.166492
[time 30.78 s, user 28.92 s, sys 1.74 s, maxrss 2097704 KB]
[busy 3139 jiffies]
[exit 0]
--- xcdat 7   load 1.02 1.08 1.04
build time: 12813.688916 ms
space cost: 117.959981 MiB (23.619478% of original size 499.418229 MiB)
avg latency: 847.183723 ns
12813.688916,117.959981,847.183723
[time 31.24 s, user 29.32 s, sys 1.80 s, maxrss 2101920 KB]
[busy 3182 jiffies]
[exit 0]
--- c2 case 8 rec 0   load 1.01 1.07 1.04
[TEST CART]
Processing dataset...
Done!
Building trie...
Done!
build time: 4191.296703 ms (419.129670 ns per key)
space cost: 160.654354 MB (32.168300% of original size 499.418229 MB)
Querying trie...
Done!
total time: 8975.018232 ms, avg latency: 897.501823 ns
not implemented
4191.296703,160.654354,897.501823
[PASSED]
[time 23.27 s, user 21.58 s, sys 1.59 s, maxrss 2766400 KB]
[busy 2373 jiffies]
[exit 0]
--- c2 case 7 rec 0   load 0.93 1.05 1.03
[TEST ART]
Processing dataset...
Done!
Building trie...
Done!
build time: 3599.116727 ms (359.911673 ns per key)
space cost: 341.430801 MB (68.365707% of original size 499.418229 MB)
Querying trie...
Done!
total time: 9701.754720 ms, avg latency: 970.175472 ns
not implemented
3599.116727,341.430801,970.175472
[PASSED]
[time 23.42 s, user 21.72 s, sys 1.60 s, maxrss 2884864 KB]
[busy 2393 jiffies]
[exit 0]
--- c2 case 6 rec 0   load 0.87 1.03 1.03
[TEST PDT]
Processing dataset...
Done!
Building trie...
dict size: 156234, stream size: 59837983
Done!
build time: 27772.328480 ms (2777.232848 ns per key)
space cost: 69.980471 MB (14.012398% of original size 499.418229 MB)
Querying trie...
Done!
total time: 11723.449879 ms, avg latency: 1172.344988 ns
not implemented
27772.328480,69.980471,1172.344988
[PASSED]
[time 49.52 s, user 47.49 s, sys 1.83 s, maxrss 2053700 KB]
[busy 5049 jiffies]
[exit 0]
--- c2 case 5 rec 2   load 0.87 1.01 1.02
[TEST MARISA]
Processing dataset...
Done!
Building trie...
Done!
build time: 12369.020908 ms (1236.902091 ns per key)
space cost: 55.623455 MB (11.137650% of original size 499.418229 MB)
Querying trie...
Done!
total time: 16114.991082 ms, avg latency: 1611.499108 ns
not implemented
12369.020908,55.623455,1611.499108
[PASSED]
[time 38.28 s, user 36.42 s, sys 1.70 s, maxrss 2342512 KB]
[busy 3916 jiffies]
[exit 0]
--- c2 case 5 rec 1   load 0.85 0.99 1.01
[TEST MARISA]
Processing dataset...
Done!
Building trie...
Done!
build time: 12255.593639 ms (1225.559364 ns per key)
space cost: 59.449470 MB (11.903744% of original size 499.418229 MB)
Querying trie...
Done!
total time: 14658.901933 ms, avg latency: 1465.890193 ns
not implemented
12255.593639,59.449470,1465.890193
[PASSED]
[time 36.70 s, user 34.82 s, sys 1.73 s, maxrss 2342536 KB]
[busy 3742 jiffies]
[exit 0]
--- c2 case 5 rec 0   load 0.92 0.99 1.00
[TEST MARISA]
Processing dataset...
Done!
Building trie...
Done!
build time: 11093.773798 ms (1109.377380 ns per key)
space cost: 82.540893 MB (16.527409% of original size 499.418229 MB)
Querying trie...
Done!
total time: 11090.538487 ms, avg latency: 1109.053849 ns
not implemented
11093.773798,82.540893,1109.053849
[PASSED]
[time 32.01 s, user 30.19 s, sys 1.68 s, maxrss 2342456 KB]
[busy 3269 jiffies]
[exit 0]
--- c2 case 4 rec 0   skipped: exit 134 in round 1
--- c2 case 3 rec 0   load 0.93 0.99 1.00
[TEST FST]
Processing dataset...
Done!
Building trie...
Done!
build time: 15644.756904 ms (1564.475690 ns per key)
space cost: 90.985074 MB (18.218212% of original size 499.418229 MB)
Querying trie...
Done!
total time: 19833.028861 ms, avg latency: 1983.302886 ns
not implemented
15644.756904,90.985074,1983.302886
[PASSED]
[time 45.55 s, user 44.04 s, sys 1.33 s, maxrss 2073916 KB]
[busy 4635 jiffies]
[exit 0]
--- c2 case 2 rec 2   load 0.97 0.99 1.00
[TEST C2-MARISA]
Processing dataset...
Done!
Building trie...
trie size: 23.210503 MB
trie size: 33.431739 MB
trie size: 4.248938 MB
Done!
build time: 15021.301325 ms (1502.130132 ns per key)
space cost: 66.026621 MB (13.220707% of original size 499.418229 MB)
Querying trie...
Done!
total time: 11877.122227 ms, avg latency: 1187.712223 ns
topology: 9.965065 MB, link: 29.247737 MB, data: 26.485694 MB
--- Unary Path Analysis (Marisa, cutoff=3) ---
  branches: 15006864  |  single-char: 4344202 (28.9%)  short-unary: 992777 (6.6%)  links: 9669885 (64.4%)
  link len: avg=10.53  max=661  total_chars=101846674
  link length distribution (len:count):  3:979135  4:1063854  5:889005  6:816748  7:783836  8:655792  9:527524  10:470175  11:410531  12:348158  13:310501  14:249595  15:236303  16:208521  17:272348  18:152006  19:142197  20:160137  21:150517  22:97740  23:85053  24:75097  25:69397  26:58698  27:52492  28:46035  29:41825  30:35181  31:33558  32:28138  33:24094  34:21147  35:18522  36:16174  37:15646  38:13222  39:11318  40:10241  41:8684  42:7727  43:7580  44:6353  45:5175  46:4565  47:4156  48:3773  49:3667  50:3232  51:2627  52:2472  53:2112  54:1827  55:1870  56:1795  57:1516  58:1219  59:1198  60:1058  61:1063  62:1033  63:824  64:809  65:724  66:596  67:588  68:699  69:566  70:477  71:404  72:358  73:423  74:508  75:343  76:316  77:296  78:242  79:228  80:271  81:278  82:260  83:218  84:168  85:161  86:237  87:180  88:132  89:149  90:129  91:130  92:217  93:157  94:107  95:107  96:78  97:83  98:157  99:108  100:88  101:113  102:83  103:68  104:108  105:90  106:73  107:60  108:55  109:66  110:134  111:84  112:45  113:42  114:46  115:41  116:61  117:60  118:41  119:55  120:38  121:39  122:51  123:48  124:32  125:24  126:41  127:42  128:50  129:45  130:34  131:23  132:21  133:21  134:26  135:27  136:27  137:16  138:30  139:28  140:17  141:24  142:16  143:13  144:23  145:25  146:30  147:25  148:14  149:7  150:15  151:16  152:9  153:20  154:26  155:21  156:19  157:17  158:10  159:13  160:18  161:5  162:5  163:10  164:10  165:15  166:17  167:11  168:8  169:6  170:2  171:5  172:9  173:11  174:14  175:10  176:6  177:8  178:9  179:8  180:7  181:8  182:5  183:7  184:9  185:7  186:5  187:4  188:6  189:7  190:12  191:7  192:5  193:3  194:7  195:3  196:5  197:2  198:4  199:3  200:7  201:8  202:7  203:9  205:4  206:5  207:5  208:2  209:13  210:3  211:8  212:2  213:2  214:2  215:4  216:2  217:4  218:3  219:6  220:5  221:4  222:3  223:2  224:4  225:2  226:3  227:3  228:3  229:3  230:1  232:4  233:1  234:1  235:2  236:2  237:4  238:5  239:2  240:1  241:1  242:2  243:1  244:5  246:2  247:2  248:2  250:1  251:1  252:1  253:3  255:3  256:6  257:2  258:2  260:1  261:1  262:4  263:3  264:1  265:1  266:1  269:4  271:1  272:1  273:1  274:1  275:1  277:2  281:1  286:1  287:1  288:1  294:1  295:1  301:1  304:1  305:2  306:2  308:1  309:1  311:1  319:1  323:1  328:1  329:2  330:3  331:1  334:1  337:1  341:2  348:1  349:1  351:2  353:1  356:1  368:1  380:1  387:1  392:1  420:1  443:1  447:3  450:1  597:1  650:1  661:1
  short unary avg len: 2.00
15021.301325,66.026621,1187.712223
[PASSED]
[time 36.95 s, user 34.98 s, sys 1.81 s, maxrss 2050292 KB]
[busy 3765 jiffies]
[exit 0]
--- c2 case 2 rec 1   load 0.90 0.98 0.99
[TEST C2-MARISA]
Processing dataset...
Done!
Building trie...
trie size: 23.210503 MB
trie size: 33.431739 MB
Done!
build time: 14392.628460 ms (1439.262846 ns per key)
space cost: 66.026621 MB (13.220707% of original size 499.418229 MB)
Querying trie...
Done!
total time: 11818.776425 ms, avg latency: 1181.877643 ns
topology: 9.965065 MB, link: 29.247737 MB, data: 26.485694 MB
--- Unary Path Analysis (Marisa, cutoff=3) ---
  branches: 15006864  |  single-char: 4344202 (28.9%)  short-unary: 992777 (6.6%)  links: 9669885 (64.4%)
  link len: avg=10.53  max=661  total_chars=101846674
  link length distribution (len:count):  3:979135  4:1063854  5:889005  6:816748  7:783836  8:655792  9:527524  10:470175  11:410531  12:348158  13:310501  14:249595  15:236303  16:208521  17:272348  18:152006  19:142197  20:160137  21:150517  22:97740  23:85053  24:75097  25:69397  26:58698  27:52492  28:46035  29:41825  30:35181  31:33558  32:28138  33:24094  34:21147  35:18522  36:16174  37:15646  38:13222  39:11318  40:10241  41:8684  42:7727  43:7580  44:6353  45:5175  46:4565  47:4156  48:3773  49:3667  50:3232  51:2627  52:2472  53:2112  54:1827  55:1870  56:1795  57:1516  58:1219  59:1198  60:1058  61:1063  62:1033  63:824  64:809  65:724  66:596  67:588  68:699  69:566  70:477  71:404  72:358  73:423  74:508  75:343  76:316  77:296  78:242  79:228  80:271  81:278  82:260  83:218  84:168  85:161  86:237  87:180  88:132  89:149  90:129  91:130  92:217  93:157  94:107  95:107  96:78  97:83  98:157  99:108  100:88  101:113  102:83  103:68  104:108  105:90  106:73  107:60  108:55  109:66  110:134  111:84  112:45  113:42  114:46  115:41  116:61  117:60  118:41  119:55  120:38  121:39  122:51  123:48  124:32  125:24  126:41  127:42  128:50  129:45  130:34  131:23  132:21  133:21  134:26  135:27  136:27  137:16  138:30  139:28  140:17  141:24  142:16  143:13  144:23  145:25  146:30  147:25  148:14  149:7  150:15  151:16  152:9  153:20  154:26  155:21  156:19  157:17  158:10  159:13  160:18  161:5  162:5  163:10  164:10  165:15  166:17  167:11  168:8  169:6  170:2  171:5  172:9  173:11  174:14  175:10  176:6  177:8  178:9  179:8  180:7  181:8  182:5  183:7  184:9  185:7  186:5  187:4  188:6  189:7  190:12  191:7  192:5  193:3  194:7  195:3  196:5  197:2  198:4  199:3  200:7  201:8  202:7  203:9  205:4  206:5  207:5  208:2  209:13  210:3  211:8  212:2  213:2  214:2  215:4  216:2  217:4  218:3  219:6  220:5  221:4  222:3  223:2  224:4  225:2  226:3  227:3  228:3  229:3  230:1  232:4  233:1  234:1  235:2  236:2  237:4  238:5  239:2  240:1  241:1  242:2  243:1  244:5  246:2  247:2  248:2  250:1  251:1  252:1  253:3  255:3  256:6  257:2  258:2  260:1  261:1  262:4  263:3  264:1  265:1  266:1  269:4  271:1  272:1  273:1  274:1  275:1  277:2  281:1  286:1  287:1  288:1  294:1  295:1  301:1  304:1  305:2  306:2  308:1  309:1  311:1  319:1  323:1  328:1  329:2  330:3  331:1  334:1  337:1  341:2  348:1  349:1  351:2  353:1  356:1  368:1  380:1  387:1  392:1  420:1  443:1  447:3  450:1  597:1  650:1  661:1
  short unary avg len: 2.00
14392.628460,66.026621,1181.877643
[PASSED]
[time 36.29 s, user 34.32 s, sys 1.81 s, maxrss 2049592 KB]
[busy 3703 jiffies]
[exit 0]
--- c2 case 2 rec 0   load 0.95 0.98 1.00
[TEST C2-MARISA]
Processing dataset...
Done!
Building trie...
trie size: 23.210503 MB
Done!
build time: 11959.245754 ms (1195.924575 ns per key)
space cost: 79.565398 MB (15.931617% of original size 499.418229 MB)
Querying trie...
Done!
total time: 8906.357946 ms, avg latency: 890.635795 ns
topology: 7.658741 MB, link: 28.820719 MB, data: 42.757813 MB
--- Unary Path Analysis (Marisa, cutoff=3) ---
  branches: 15006864  |  single-char: 4344202 (28.9%)  short-unary: 992777 (6.6%)  links: 9669885 (64.4%)
  link len: avg=10.53  max=661  total_chars=101846674
  link length distribution (len:count):  3:979135  4:1063854  5:889005  6:816748  7:783836  8:655792  9:527524  10:470175  11:410531  12:348158  13:310501  14:249595  15:236303  16:208521  17:272348  18:152006  19:142197  20:160137  21:150517  22:97740  23:85053  24:75097  25:69397  26:58698  27:52492  28:46035  29:41825  30:35181  31:33558  32:28138  33:24094  34:21147  35:18522  36:16174  37:15646  38:13222  39:11318  40:10241  41:8684  42:7727  43:7580  44:6353  45:5175  46:4565  47:4156  48:3773  49:3667  50:3232  51:2627  52:2472  53:2112  54:1827  55:1870  56:1795  57:1516  58:1219  59:1198  60:1058  61:1063  62:1033  63:824  64:809  65:724  66:596  67:588  68:699  69:566  70:477  71:404  72:358  73:423  74:508  75:343  76:316  77:296  78:242  79:228  80:271  81:278  82:260  83:218  84:168  85:161  86:237  87:180  88:132  89:149  90:129  91:130  92:217  93:157  94:107  95:107  96:78  97:83  98:157  99:108  100:88  101:113  102:83  103:68  104:108  105:90  106:73  107:60  108:55  109:66  110:134  111:84  112:45  113:42  114:46  115:41  116:61  117:60  118:41  119:55  120:38  121:39  122:51  123:48  124:32  125:24  126:41  127:42  128:50  129:45  130:34  131:23  132:21  133:21  134:26  135:27  136:27  137:16  138:30  139:28  140:17  141:24  142:16  143:13  144:23  145:25  146:30  147:25  148:14  149:7  150:15  151:16  152:9  153:20  154:26  155:21  156:19  157:17  158:10  159:13  160:18  161:5  162:5  163:10  164:10  165:15  166:17  167:11  168:8  169:6  170:2  171:5  172:9  173:11  174:14  175:10  176:6  177:8  178:9  179:8  180:7  181:8  182:5  183:7  184:9  185:7  186:5  187:4  188:6  189:7  190:12  191:7  192:5  193:3  194:7  195:3  196:5  197:2  198:4  199:3  200:7  201:8  202:7  203:9  205:4  206:5  207:5  208:2  209:13  210:3  211:8  212:2  213:2  214:2  215:4  216:2  217:4  218:3  219:6  220:5  221:4  222:3  223:2  224:4  225:2  226:3  227:3  228:3  229:3  230:1  232:4  233:1  234:1  235:2  236:2  237:4  238:5  239:2  240:1  241:1  242:2  243:1  244:5  246:2  247:2  248:2  250:1  251:1  252:1  253:3  255:3  256:6  257:2  258:2  260:1  261:1  262:4  263:3  264:1  265:1  266:1  269:4  271:1  272:1  273:1  274:1  275:1  277:2  281:1  286:1  287:1  288:1  294:1  295:1  301:1  304:1  305:2  306:2  308:1  309:1  311:1  319:1  323:1  328:1  329:2  330:3  331:1  334:1  337:1  341:2  348:1  349:1  351:2  353:1  356:1  368:1  380:1  387:1  392:1  420:1  443:1  447:3  450:1  597:1  650:1  661:1
  short unary avg len: 2.00
11959.245754,79.565398,890.635795
[PASSED]
[time 30.98 s, user 28.97 s, sys 1.88 s, maxrss 2063628 KB]
[busy 3157 jiffies]
[exit 0]
--- c2 case 1 rec 2   load 0.97 0.99 1.00
[TEST C2-CoCo(LOUDS-Sparse)]
Processing dataset...
Done!
Building trie...
trie size: 23.143724 MB
trie size: 3.515203 MB
Done!
build time: 30960.003447 ms (3096.000345 ns per key)
space cost: 83.070779 MB (16.633510% of original size 499.418229 MB)
Querying trie...
Done!
total time: 18295.535408 ms, avg latency: 1829.553541 ns
topology: 6.127193 MB, link: 31.915912 MB, data: 45.027674 MB
30960.003447,83.070779,1829.553541
[PASSED]
[time 59.32 s, user 56.53 s, sys 2.55 s, maxrss 3593180 KB]
[busy 6034 jiffies]
[exit 0]
--- c2 case 1 rec 1   load 0.99 0.99 1.00
[TEST C2-CoCo(LOUDS-Sparse)]
Processing dataset...
Done!
Building trie...
trie size: 23.143724 MB
Done!
build time: 30597.512664 ms (3059.751266 ns per key)
space cost: 83.070779 MB (16.633510% of original size 499.418229 MB)
Querying trie...
Done!
total time: 18226.829381 ms, avg latency: 1822.682938 ns
topology: 6.127193 MB, link: 31.915912 MB, data: 45.027674 MB
30597.512664,83.070779,1822.682938
[PASSED]
[time 58.85 s, user 56.07 s, sys 2.54 s, maxrss 3571752 KB]
[busy 5987 jiffies]
[exit 0]
--- c2 case 1 rec 0   load 0.92 0.98 0.99
[TEST C2-CoCo(LOUDS-Sparse)]
Processing dataset...
Done!
Building trie...
Done!
build time: 28645.220303 ms (2864.522030 ns per key)
space cost: 94.593055 MB (18.940649% of original size 499.418229 MB)
Querying trie...
Done!
total time: 15646.229341 ms, avg latency: 1564.622934 ns
topology: 4.283638 MB, link: 32.108927 MB, data: 58.200490 MB
28645.220303,94.593055,1564.622934
[PASSED]
[time 54.34 s, user 51.49 s, sys 2.63 s, maxrss 3698900 KB]
[busy 5528 jiffies]
[exit 0]
--- c2 case 0 rec 2   load 0.89 0.97 0.99
[TEST C2-FST]
Processing dataset...
Done!
Building trie...
trie size: 23.143724 MB
trie size: 3.515203 MB
Done!
build time: 14552.752735 ms (1455.275273 ns per key)
space cost: 78.247462 MB (15.667723% of original size 499.418229 MB)
Querying trie...
Done!
total time: 18163.285979 ms, avg latency: 1816.328598 ns
topology: 13.508587 MB, link: 21.314508 MB, data: 43.424367 MB
--- Unary Path Analysis (FST, cutoff=4) ---
  shared unary steps in main trie: 10222647
  terminal suffixes: inplace=1703226 (avg len=2.16)  links=6715973 (79.8% of terminal)
  link len: avg=10.80  max=659  total_chars=72556931
  link length distribution (len:count):  4:696901  5:673915  6:668087  7:559938  8:460143  9:408987  10:371411  11:317336  12:286791  13:230146  14:219886  15:194657  16:260212  17:141485  18:132694  19:152516  20:142603  21:91996  22:80093  23:71031  24:65911  25:55655  26:49759  27:43541  28:39655  29:33371  30:31744  31:26630  32:22544  33:19836  34:17416  35:15244  36:14777  37:12475  38:10684  39:9704  40:8252  41:7414  42:7187  43:6077  44:4975  45:4415  46:4008  47:3641  48:3548  49:3129  50:2543  51:2408  52:2048  53:1756  54:1822  55:1758  56:1478  57:1179  58:1174  59:1028  60:1021  61:1008  62:800  63:782  64:703  65:577  66:564  67:679  68:553  69:459  70:394  71:348  72:410  73:498  74:336  75:309  76:287  77:230  78:220  79:262  80:269  81:251  82:214  83:163  84:154  85:231  86:178  87:132  88:144  89:127  90:127  91:212  92:153  93:106  94:107  95:76  96:81  97:157  98:106  99:86  100:109  101:82  102:64  103:107  104:90  105:70  106:58  107:55  108:63  109:130  110:83  111:45  112:41  113:46  114:39  115:60  116:60  117:41  118:52  119:37  120:39  121:51  122:48  123:30  124:24  125:39  126:42  127:48  128:44  129:34  130:23  131:19  132:20  133:26  134:27  135:27  136:16  137:30  138:27  139:16  140:24  141:15  142:13  143:23  144:25  145:30  146:25  147:14  148:7  149:15  150:16  151:9  152:19  153:25  154:20  155:19  156:17  157:10  158:12  159:18  160:5  161:5  162:9  163:10  164:14  165:17  166:11  167:8  168:6  169:2  170:5  171:9  172:11  173:14  174:10  175:6  176:8  177:8  178:8  179:7  180:8  181:5  182:7  183:9  184:6  185:5  186:4  187:6  188:7  189:12  190:7  191:5  192:3  193:7  194:3  195:5  196:2  197:4  198:3  199:6  200:8  201:7  202:9  204:4  205:5  206:5  207:1  208:12  209:3  210:7  211:2  212:2  213:2  214:4  215:2  216:4  217:3  218:6  219:4  220:3  221:3  222:2  223:4  224:2  225:3  226:3  227:3  228:3  229:1  231:4  232:1  233:1  234:2  235:2  236:4  237:4  238:2  239:1  240:1  241:1  242:1  243:5  245:2  246:2  247:2  249:1  250:1  251:1  252:3  254:3  255:6  256:2  257:2  259:1  260:1  261:4  262:3  263:1  264:1  265:1  268:4  270:1  271:1  272:1  273:1  274:1  276:2  280:1  285:1  286:1  287:1  293:1  294:1  300:1  303:1  304:2  305:2  307:1  310:1  318:1  322:1  327:1  328:2  329:3  330:1  333:1  336:1  340:2  347:1  348:1  350:2  352:1  355:1  367:1  379:1  386:1  391:1  419:1  442:1  446:3  449:1  596:1  649:1  660:1
14552.752735,78.247462,1816.328598
[PASSED]
[time 42.79 s, user 40.87 s, sys 1.73 s, maxrss 2062096 KB]
[busy 4362 jiffies]
[exit 0]
--- c2 case 0 rec 1   load 0.94 0.97 1.00
[TEST C2-FST]
Processing dataset...
Done!
Building trie...
trie size: 23.143724 MB
Done!
build time: 14000.244957 ms (1400.024496 ns per key)
space cost: 78.247462 MB (15.667723% of original size 499.418229 MB)
Querying trie...
Done!
total time: 18192.824081 ms, avg latency: 1819.282408 ns
topology: 13.508587 MB, link: 21.314508 MB, data: 43.424367 MB
--- Unary Path Analysis (FST, cutoff=4) ---
  shared unary steps in main trie: 10222647
  terminal suffixes: inplace=1703226 (avg len=2.16)  links=6715973 (79.8% of terminal)
  link len: avg=10.80  max=659  total_chars=72556931
  link length distribution (len:count):  4:696901  5:673915  6:668087  7:559938  8:460143  9:408987  10:371411  11:317336  12:286791  13:230146  14:219886  15:194657  16:260212  17:141485  18:132694  19:152516  20:142603  21:91996  22:80093  23:71031  24:65911  25:55655  26:49759  27:43541  28:39655  29:33371  30:31744  31:26630  32:22544  33:19836  34:17416  35:15244  36:14777  37:12475  38:10684  39:9704  40:8252  41:7414  42:7187  43:6077  44:4975  45:4415  46:4008  47:3641  48:3548  49:3129  50:2543  51:2408  52:2048  53:1756  54:1822  55:1758  56:1478  57:1179  58:1174  59:1028  60:1021  61:1008  62:800  63:782  64:703  65:577  66:564  67:679  68:553  69:459  70:394  71:348  72:410  73:498  74:336  75:309  76:287  77:230  78:220  79:262  80:269  81:251  82:214  83:163  84:154  85:231  86:178  87:132  88:144  89:127  90:127  91:212  92:153  93:106  94:107  95:76  96:81  97:157  98:106  99:86  100:109  101:82  102:64  103:107  104:90  105:70  106:58  107:55  108:63  109:130  110:83  111:45  112:41  113:46  114:39  115:60  116:60  117:41  118:52  119:37  120:39  121:51  122:48  123:30  124:24  125:39  126:42  127:48  128:44  129:34  130:23  131:19  132:20  133:26  134:27  135:27  136:16  137:30  138:27  139:16  140:24  141:15  142:13  143:23  144:25  145:30  146:25  147:14  148:7  149:15  150:16  151:9  152:19  153:25  154:20  155:19  156:17  157:10  158:12  159:18  160:5  161:5  162:9  163:10  164:14  165:17  166:11  167:8  168:6  169:2  170:5  171:9  172:11  173:14  174:10  175:6  176:8  177:8  178:8  179:7  180:8  181:5  182:7  183:9  184:6  185:5  186:4  187:6  188:7  189:12  190:7  191:5  192:3  193:7  194:3  195:5  196:2  197:4  198:3  199:6  200:8  201:7  202:9  204:4  205:5  206:5  207:1  208:12  209:3  210:7  211:2  212:2  213:2  214:4  215:2  216:4  217:3  218:6  219:4  220:3  221:3  222:2  223:4  224:2  225:3  226:3  227:3  228:3  229:1  231:4  232:1  233:1  234:2  235:2  236:4  237:4  238:2  239:1  240:1  241:1  242:1  243:5  245:2  246:2  247:2  249:1  250:1  251:1  252:3  254:3  255:6  256:2  257:2  259:1  260:1  261:4  262:3  263:1  264:1  265:1  268:4  270:1  271:1  272:1  273:1  274:1  276:2  280:1  285:1  286:1  287:1  293:1  294:1  300:1  303:1  304:2  305:2  307:1  310:1  318:1  322:1  327:1  328:2  329:3  330:1  333:1  336:1  340:2  347:1  348:1  350:2  352:1  355:1  367:1  379:1  386:1  391:1  419:1  442:1  446:3  449:1  596:1  649:1  660:1
14000.244957,78.247462,1819.282408
[PASSED]
[time 42.26 s, user 40.31 s, sys 1.77 s, maxrss 2062420 KB]
[busy 4305 jiffies]
[exit 0]
--- c2 case 0 rec 0   load 0.97 0.98 1.00
[TEST C2-FST]
Processing dataset...
Done!
Building trie...
Done!
build time: 12026.676454 ms (1202.667645 ns per key)
space cost: 89.769738 MB (17.974862% of original size 499.418229 MB)
Querying trie...
Done!
total time: 15419.059921 ms, avg latency: 1541.905992 ns
topology: 11.665031 MB, link: 21.507524 MB, data: 56.597183 MB
--- Unary Path Analysis (FST, cutoff=4) ---
  shared unary steps in main trie: 10222647
  terminal suffixes: inplace=1703226 (avg len=2.16)  links=6715973 (79.8% of terminal)
  link len: avg=10.80  max=659  total_chars=72556931
  link length distribution (len:count):  4:696901  5:673915  6:668087  7:559938  8:460143  9:408987  10:371411  11:317336  12:286791  13:230146  14:219886  15:194657  16:260212  17:141485  18:132694  19:152516  20:142603  21:91996  22:80093  23:71031  24:65911  25:55655  26:49759  27:43541  28:39655  29:33371  30:31744  31:26630  32:22544  33:19836  34:17416  35:15244  36:14777  37:12475  38:10684  39:9704  40:8252  41:7414  42:7187  43:6077  44:4975  45:4415  46:4008  47:3641  48:3548  49:3129  50:2543  51:2408  52:2048  53:1756  54:1822  55:1758  56:1478  57:1179  58:1174  59:1028  60:1021  61:1008  62:800  63:782  64:703  65:577  66:564  67:679  68:553  69:459  70:394  71:348  72:410  73:498  74:336  75:309  76:287  77:230  78:220  79:262  80:269  81:251  82:214  83:163  84:154  85:231  86:178  87:132  88:144  89:127  90:127  91:212  92:153  93:106  94:107  95:76  96:81  97:157  98:106  99:86  100:109  101:82  102:64  103:107  104:90  105:70  106:58  107:55  108:63  109:130  110:83  111:45  112:41  113:46  114:39  115:60  116:60  117:41  118:52  119:37  120:39  121:51  122:48  123:30  124:24  125:39  126:42  127:48  128:44  129:34  130:23  131:19  132:20  133:26  134:27  135:27  136:16  137:30  138:27  139:16  140:24  141:15  142:13  143:23  144:25  145:30  146:25  147:14  148:7  149:15  150:16  151:9  152:19  153:25  154:20  155:19  156:17  157:10  158:12  159:18  160:5  161:5  162:9  163:10  164:14  165:17  166:11  167:8  168:6  169:2  170:5  171:9  172:11  173:14  174:10  175:6  176:8  177:8  178:8  179:7  180:8  181:5  182:7  183:9  184:6  185:5  186:4  187:6  188:7  189:12  190:7  191:5  192:3  193:7  194:3  195:5  196:2  197:4  198:3  199:6  200:8  201:7  202:9  204:4  205:5  206:5  207:1  208:12  209:3  210:7  211:2  212:2  213:2  214:4  215:2  216:4  217:3  218:6  219:4  220:3  221:3  222:2  223:4  224:2  225:3  226:3  227:3  228:3  229:1  231:4  232:1  233:1  234:2  235:2  236:4  237:4  238:2  239:1  240:1  241:1  242:1  243:5  245:2  246:2  247:2  249:1  250:1  251:1  252:3  254:3  255:6  256:2  257:2  259:1  260:1  261:4  262:3  263:1  264:1  265:1  268:4  270:1  271:1  272:1  273:1  274:1  276:2  280:1  285:1  286:1  287:1  293:1  294:1  300:1  303:1  304:2  305:2  307:1  310:1  318:1  322:1  327:1  328:2  329:3  330:1  333:1  336:1  340:2  347:1  348:1  350:2  352:1  355:1  367:1  379:1  386:1  391:1  419:1  442:1  446:3  449:1  596:1  649:1  660:1
12026.676454,89.769738,1541.905992
[PASSED]
[time 37.50 s, user 35.61 s, sys 1.73 s, maxrss 2073852 KB]
[busy 3820 jiffies]
[exit 0]
--- lexindex da   skipped: exit 3 in round 1
--- lexindex hashed16   load 0.97 0.98 1.00
10000000 keys
lexindex HashedDictIndex fp=16: build 3463 ms, size 105.129 MiB (11.024 B/key), latency cold 104.3 ns, then mean 103.8 / min 103.4 ns
3462.551,105.128993,104.323
[time 14.83 s, user 32.30 s, sys 1.47 s, maxrss 2307544 KB]
[busy 3435 jiffies]
[exit 0]
--- lexindex hashed8   load 0.98 0.98 1.00
10000000 keys
lexindex HashedDictIndex fp=8: build 3533 ms, size 95.592 MiB (10.024 B/key), latency cold 104.6 ns, then mean 102.6 / min 102.0 ns
3533.413,95.592250,104.628
[time 14.83 s, user 32.25 s, sys 1.49 s, maxrss 2299840 KB]
[busy 3427 jiffies]
[exit 0]
--- lexindex hashed0   load 0.98 0.98 1.00
10000000 keys
lexindex HashedDictIndex closed: build 3575 ms, size 86.056 MiB (9.024 B/key), latency cold 78.6 ns, then mean 78.7 / min 78.5 ns
3574.990,86.055507,78.551
[time 13.88 s, user 31.16 s, sys 1.45 s, maxrss 2288768 KB]
[busy 3307 jiffies]
[exit 0]
--- lexindex string   load 0.99 0.99 1.00
10000000 keys
lexindex StringIndex: build 8970 ms, size 124.922 MiB (13.099 B/key), latency cold 739.6 ns, then mean 734.6 / min 733.8 ns
8970.048,124.921756,739.634
[time 45.48 s, user 44.21 s, sys 1.08 s, maxrss 2137564 KB]
[busy 4629 jiffies]
[exit 0]
--- lexindex routed1024   load 1.00 0.99 1.00
10000000 keys
lexindex DictIndex block 1024 routed: build 2303 ms, size 55.124 MiB (5.780 B/key), latency cold 631.8 ns, then mean 629.6 / min 629.2 ns
2302.576,55.123736,631.791
[time 34.68 s, user 51.03 s, sys 1.32 s, maxrss 2250380 KB]
[busy 5327 jiffies]
[exit 0]
--- lexindex routed256   load 1.58 1.16 1.06
10000000 keys
lexindex DictIndex block 256 routed: build 2327 ms, size 59.930 MiB (6.284 B/key), latency cold 628.2 ns, then mean 624.8 / min 623.2 ns
2327.362,59.930139,628.151
[time 34.54 s, user 51.01 s, sys 1.34 s, maxrss 2266172 KB]
[busy 5331 jiffies]
[exit 0]
--- lexindex routed32   load 1.94 1.35 1.13
10000000 keys
lexindex DictIndex block 32 routed: build 2302 ms, size 72.788 MiB (7.632 B/key), latency cold 737.5 ns, then mean 735.3 / min 733.3 ns
2302.429,72.788467,737.452
[time 38.91 s, user 55.05 s, sys 1.37 s, maxrss 2297424 KB]
[busy 5746 jiffies]
[exit 0]
--- lexindex dict1024   load 2.03 1.49 1.18
10000000 keys
lexindex DictIndex block 1024: build 2287 ms, size 52.739 MiB (5.530 B/key), latency cold 739.6 ns, then mean 739.2 / min 737.9 ns
2287.035,52.739459,739.607
[time 39.01 s, user 55.21 s, sys 1.37 s, maxrss 2248432 KB]
[busy 5753 jiffies]
[exit 0]
--- lexindex dict256   load 2.07 1.62 1.24
10000000 keys
lexindex DictIndex block 256: build 2334 ms, size 55.162 MiB (5.784 B/key), latency cold 735.4 ns, then mean 729.4 / min 725.9 ns
2334.400,55.161706,735.356
[time 38.73 s, user 55.42 s, sys 1.39 s, maxrss 2254116 KB]
[busy 5785 jiffies]
[exit 0]
--- lexindex dict32   load 2.23 1.74 1.30
10000000 keys
lexindex DictIndex block 32: build 2281 ms, size 68.020 MiB (7.132 B/key), latency cold 792.6 ns, then mean 787.1 / min 781.5 ns
2280.701,68.020096,792.641
[time 40.96 s, user 57.18 s, sys 1.34 s, maxrss 2296392 KB]
[busy 5958 jiffies]
[exit 0]

##### titles-en-10000000 (10000000 lines, 219718589 bytes)   round 2/3   2026-09-25T11:34:20+03:00
--- xcdat 16   load 1.62 1.65 1.29
build time: 7067.295714 ms
space cost: 139.139603 MiB (69.568677% of original size 200.003232 MiB)
avg latency: 603.280541 ns
7067.295714,139.139603,603.280541
[time 21.06 s, user 19.59 s, sys 1.38 s, maxrss 1507796 KB]
[busy 2143 jiffies]
[exit 0]
--- xcdat 15   load 1.44 1.61 1.28
build time: 7383.180983 ms
space cost: 133.023680 MiB (66.510765% of original size 200.003232 MiB)
avg latency: 566.573391 ns
7383.180983,133.023680,566.573391
[time 21.01 s, user 19.43 s, sys 1.49 s, maxrss 1503624 KB]
[busy 2141 jiffies]
[exit 0]
--- xcdat 8   load 1.29 1.56 1.27
build time: 7061.304893 ms
space cost: 108.349843 MiB (54.174046% of original size 200.003232 MiB)
avg latency: 681.027081 ns
7061.304893,108.349843,681.027081
[time 21.80 s, user 20.30 s, sys 1.40 s, maxrss 1452444 KB]
[busy 2224 jiffies]
[exit 0]
--- xcdat 7   load 1.21 1.52 1.27
build time: 7384.888718 ms
space cost: 112.423756 MiB (56.210969% of original size 200.003232 MiB)
avg latency: 706.246717 ns
7384.888718,112.423756,706.246717
[time 22.39 s, user 20.91 s, sys 1.38 s, maxrss 1456332 KB]
[busy 2340 jiffies]
[exit 0]
--- c2 case 8 rec 0   load 1.14 1.48 1.26
[TEST CART]
Processing dataset...
Done!
Building trie...
Done!
build time: 2582.789716 ms (258.278972 ns per key)
space cost: 157.938812 MB (78.968130% of original size 200.003232 MB)
Querying trie...
Done!
total time: 7136.176112 ms, avg latency: 713.617611 ns
not implemented
2582.789716,157.938812,713.617611
[PASSED]
[time 17.58 s, user 16.48 s, sys 1.02 s, maxrss 1618228 KB]
[busy 1789 jiffies]
[exit 0]
--- c2 case 7 rec 0   load 1.02 1.43 1.25
[TEST ART]
Processing dataset...
Done!
Building trie...
Done!
build time: 1949.888563 ms (194.988856 ns per key)
space cost: 339.123360 MB (169.558940% of original size 200.003232 MB)
Querying trie...
Done!
total time: 6865.300954 ms, avg latency: 686.530095 ns
not implemented
1949.888563,339.123360,686.530095
[PASSED]
[time 16.65 s, user 15.47 s, sys 1.11 s, maxrss 1739416 KB]
[busy 1696 jiffies]
[exit 0]
--- c2 case 6 rec 0   load 1.01 1.41 1.24
[TEST PDT]
Processing dataset...
Done!
Building trie...
dict size: 157532, stream size: 58361417
Done!
build time: 25979.329835 ms (2597.932983 ns per key)
space cost: 68.573545 MB (34.286219% of original size 200.003232 MB)
Querying trie...
Done!
total time: 10690.222934 ms, avg latency: 1069.022293 ns
not implemented
25979.329835,68.573545,1069.022293
[PASSED]
[time 44.49 s, user 42.95 s, sys 1.36 s, maxrss 1317060 KB]
[busy 4532 jiffies]
[exit 0]
--- c2 case 5 rec 2   load 1.00 1.35 1.23
[TEST MARISA]
Processing dataset...
Done!
Building trie...
Done!
build time: 7965.207484 ms (796.520748 ns per key)
space cost: 54.499722 MB (27.249420% of original size 200.003232 MB)
Querying trie...
Done!
total time: 14533.685625 ms, avg latency: 1453.368563 ns
not implemented
7965.207484,54.499722,1453.368563
[PASSED]
[time 30.25 s, user 28.72 s, sys 1.41 s, maxrss 1612056 KB]
[busy 3078 jiffies]
[exit 0]
--- c2 case 5 rec 1   load 0.92 1.29 1.21
[TEST MARISA]
Processing dataset...
Done!
Building trie...
Done!
build time: 7797.818139 ms (779.781814 ns per key)
space cost: 58.000221 MB (28.999642% of original size 200.003232 MB)
Querying trie...
Done!
total time: 14175.225743 ms, avg latency: 1417.522574 ns
not implemented
7797.818139,58.000221,1417.522574
[PASSED]
[time 29.74 s, user 28.21 s, sys 1.41 s, maxrss 1612132 KB]
[busy 3029 jiffies]
[exit 0]
--- c2 case 5 rec 0   load 0.95 1.26 1.20
[TEST MARISA]
Processing dataset...
Done!
Building trie...
Done!
build time: 6599.005424 ms (659.900542 ns per key)
space cost: 79.225293 MB (39.612006% of original size 200.003232 MB)
Querying trie...
Done!
total time: 10009.060864 ms, avg latency: 1000.906086 ns
not implemented
6599.005424,79.225293,1000.906086
[PASSED]
[time 24.41 s, user 22.99 s, sys 1.31 s, maxrss 1612344 KB]
[busy 2485 jiffies]
[exit 0]
--- c2 case 4 rec 0   skipped: exit 134 in round 1
--- c2 case 3 rec 0   load 0.97 1.24 1.20
[TEST FST]
Processing dataset...
Done!
Building trie...
Done!
build time: 9639.249013 ms (963.924901 ns per key)
space cost: 86.740355 MB (43.369476% of original size 200.003232 MB)
Querying trie...
Done!
total time: 14010.972814 ms, avg latency: 1401.097281 ns
not implemented
9639.249013,86.740355,1401.097281
[PASSED]
[time 31.45 s, user 30.40 s, sys 0.92 s, maxrss 1233500 KB]
[busy 3205 jiffies]
[exit 0]
--- c2 case 2 rec 2   load 0.98 1.22 1.19
[TEST C2-MARISA]
Processing dataset...
Done!
Building trie...
trie size: 23.317092 MB
trie size: 32.530715 MB
trie size: 4.028131 MB
Done!
build time: 13363.841683 ms (1336.384168 ns per key)
space cost: 64.832272 MB (32.415612% of original size 200.003232 MB)
Querying trie...
Done!
total time: 9998.416135 ms, avg latency: 999.841613 ns
topology: 9.978737 MB, link: 28.205211 MB, data: 26.320199 MB
--- Unary Path Analysis (Marisa, cutoff=3) ---
  branches: 15080896  |  single-char: 4578086 (30.4%)  short-unary: 1137672 (7.5%)  links: 9365138 (62.1%)
  link len: avg=9.96  max=236  total_chars=93261704
  link length distribution (len:count):  3:947829  4:986562  5:965254  6:903368  7:803217  8:675232  9:535160  10:448828  11:393655  12:313562  13:273926  14:228549  15:306731  16:216481  17:200904  18:144129  19:127804  20:110710  21:100724  22:84358  23:73263  24:61276  25:54434  26:48000  27:45573  28:38180  29:33095  30:28718  31:25581  32:22213  33:19884  34:17374  35:15159  36:13408  37:12318  38:10537  39:8786  40:7764  41:6832  42:6052  43:5427  44:4522  45:3945  46:3695  47:3344  48:2764  49:2509  50:2081  51:1977  52:1721  53:1517  54:1388  55:1255  56:1097  57:1012  58:930  59:785  60:751  61:645  62:578  63:614  64:560  65:436  66:431  67:412  68:392  69:332  70:320  71:285  72:270  73:233  74:225  75:193  76:195  77:155  78:178  79:164  80:147  81:126  82:131  83:112  84:98  85:95  86:92  87:89  88:91  89:63  90:58  91:59  92:55  93:61  94:54  95:48  96:42  97:53  98:43  99:42  100:44  101:35  102:30  103:20  104:25  105:38  106:22  107:19  108:21  109:27  110:17  111:18  112:16  113:20  114:20  115:15  116:18  117:20  118:11  119:16  120:19  121:14  122:12  123:5  124:13  125:12  126:8  127:9  128:8  129:10  130:13  131:6  132:9  133:1  134:8  135:7  136:5  137:7  138:4  139:7  140:6  141:3  142:3  143:1  144:5  145:3  146:5  147:2  148:3  149:3  150:8  151:6  152:3  153:6  154:5  155:4  156:5  157:4  158:2  159:2  160:3  161:6  163:6  164:1  165:1  166:3  167:3  168:6  169:2  170:1  171:1  172:3  173:1  174:1  175:3  176:1  177:1  178:2  179:2  180:4  181:1  183:1  185:3  186:1  189:2  190:1  192:1  194:4  195:2  196:1  199:3  200:3  201:1  202:1  205:3  206:2  207:1  209:1  210:4  211:1  212:1  214:1  215:1  216:1  218:1  224:1  225:2  229:1  230:1  231:1  232:1  234:1  235:1  236:1
  short unary avg len: 2.00
13363.841683,64.832272,999.841613
[PASSED]
[time 31.17 s, user 29.59 s, sys 1.45 s, maxrss 1497064 KB]
[busy 3177 jiffies]
[exit 0]
--- c2 case 2 rec 1   load 0.99 1.19 1.18
[TEST C2-MARISA]
Processing dataset...
Done!
Building trie...
trie size: 23.317092 MB
trie size: 32.530715 MB
Done!
build time: 12728.436733 ms (1272.843673 ns per key)
space cost: 64.832272 MB (32.415612% of original size 200.003232 MB)
Querying trie...
Done!
total time: 10093.366765 ms, avg latency: 1009.336676 ns
topology: 9.978737 MB, link: 28.205211 MB, data: 26.320199 MB
--- Unary Path Analysis (Marisa, cutoff=3) ---
  branches: 15080896  |  single-char: 4578086 (30.4%)  short-unary: 1137672 (7.5%)  links: 9365138 (62.1%)
  link len: avg=9.96  max=236  total_chars=93261704
  link length distribution (len:count):  3:947829  4:986562  5:965254  6:903368  7:803217  8:675232  9:535160  10:448828  11:393655  12:313562  13:273926  14:228549  15:306731  16:216481  17:200904  18:144129  19:127804  20:110710  21:100724  22:84358  23:73263  24:61276  25:54434  26:48000  27:45573  28:38180  29:33095  30:28718  31:25581  32:22213  33:19884  34:17374  35:15159  36:13408  37:12318  38:10537  39:8786  40:7764  41:6832  42:6052  43:5427  44:4522  45:3945  46:3695  47:3344  48:2764  49:2509  50:2081  51:1977  52:1721  53:1517  54:1388  55:1255  56:1097  57:1012  58:930  59:785  60:751  61:645  62:578  63:614  64:560  65:436  66:431  67:412  68:392  69:332  70:320  71:285  72:270  73:233  74:225  75:193  76:195  77:155  78:178  79:164  80:147  81:126  82:131  83:112  84:98  85:95  86:92  87:89  88:91  89:63  90:58  91:59  92:55  93:61  94:54  95:48  96:42  97:53  98:43  99:42  100:44  101:35  102:30  103:20  104:25  105:38  106:22  107:19  108:21  109:27  110:17  111:18  112:16  113:20  114:20  115:15  116:18  117:20  118:11  119:16  120:19  121:14  122:12  123:5  124:13  125:12  126:8  127:9  128:8  129:10  130:13  131:6  132:9  133:1  134:8  135:7  136:5  137:7  138:4  139:7  140:6  141:3  142:3  143:1  144:5  145:3  146:5  147:2  148:3  149:3  150:8  151:6  152:3  153:6  154:5  155:4  156:5  157:4  158:2  159:2  160:3  161:6  163:6  164:1  165:1  166:3  167:3  168:6  169:2  170:1  171:1  172:3  173:1  174:1  175:3  176:1  177:1  178:2  179:2  180:4  181:1  183:1  185:3  186:1  189:2  190:1  192:1  194:4  195:2  196:1  199:3  200:3  201:1  202:1  205:3  206:2  207:1  209:1  210:4  211:1  212:1  214:1  215:1  216:1  218:1  224:1  225:2  229:1  230:1  231:1  232:1  234:1  235:1  236:1
  short unary avg len: 2.00
12728.436733,64.832272,1009.336676
[PASSED]
[time 30.70 s, user 29.07 s, sys 1.50 s, maxrss 1466496 KB]
[busy 3128 jiffies]
[exit 0]
--- c2 case 2 rec 0   load 1.00 1.17 1.17
[TEST C2-MARISA]
Processing dataset...
Done!
Building trie...
trie size: 23.317092 MB
Done!
build time: 10420.077257 ms (1042.007726 ns per key)
space cost: 78.192151 MB (39.095444% of original size 200.003232 MB)
Querying trie...
Done!
total time: 7846.567795 ms, avg latency: 784.656779 ns
topology: 7.694263 MB, link: 27.912508 MB, data: 42.257255 MB
--- Unary Path Analysis (Marisa, cutoff=3) ---
  branches: 15080896  |  single-char: 4578086 (30.4%)  short-unary: 1137672 (7.5%)  links: 9365138 (62.1%)
  link len: avg=9.96  max=236  total_chars=93261704
  link length distribution (len:count):  3:947829  4:986562  5:965254  6:903368  7:803217  8:675232  9:535160  10:448828  11:393655  12:313562  13:273926  14:228549  15:306731  16:216481  17:200904  18:144129  19:127804  20:110710  21:100724  22:84358  23:73263  24:61276  25:54434  26:48000  27:45573  28:38180  29:33095  30:28718  31:25581  32:22213  33:19884  34:17374  35:15159  36:13408  37:12318  38:10537  39:8786  40:7764  41:6832  42:6052  43:5427  44:4522  45:3945  46:3695  47:3344  48:2764  49:2509  50:2081  51:1977  52:1721  53:1517  54:1388  55:1255  56:1097  57:1012  58:930  59:785  60:751  61:645  62:578  63:614  64:560  65:436  66:431  67:412  68:392  69:332  70:320  71:285  72:270  73:233  74:225  75:193  76:195  77:155  78:178  79:164  80:147  81:126  82:131  83:112  84:98  85:95  86:92  87:89  88:91  89:63  90:58  91:59  92:55  93:61  94:54  95:48  96:42  97:53  98:43  99:42  100:44  101:35  102:30  103:20  104:25  105:38  106:22  107:19  108:21  109:27  110:17  111:18  112:16  113:20  114:20  115:15  116:18  117:20  118:11  119:16  120:19  121:14  122:12  123:5  124:13  125:12  126:8  127:9  128:8  129:10  130:13  131:6  132:9  133:1  134:8  135:7  136:5  137:7  138:4  139:7  140:6  141:3  142:3  143:1  144:5  145:3  146:5  147:2  148:3  149:3  150:8  151:6  152:3  153:6  154:5  155:4  156:5  157:4  158:2  159:2  160:3  161:6  163:6  164:1  165:1  166:3  167:3  168:6  169:2  170:1  171:1  172:3  173:1  174:1  175:3  176:1  177:1  178:2  179:2  180:4  181:1  183:1  185:3  186:1  189:2  190:1  192:1  194:4  195:2  196:1  199:3  200:3  201:1  202:1  205:3  206:2  207:1  209:1  210:4  211:1  212:1  214:1  215:1  216:1  218:1  224:1  225:2  229:1  230:1  231:1  232:1  234:1  235:1  236:1
  short unary avg len: 2.00
10420.077257,78.192151,784.656779
[PASSED]
[time 26.13 s, user 24.51 s, sys 1.50 s, maxrss 1608568 KB]
[busy 2662 jiffies]
[exit 0]
--- c2 case 1 rec 2   load 0.92 1.14 1.16
[TEST C2-CoCo(LOUDS-Sparse)]
Processing dataset...
Done!
Building trie...
trie size: 22.733012 MB
trie size: 3.280537 MB
Done!
build time: 26891.633596 ms (2689.163360 ns per key)
space cost: 87.170093 MB (43.584342% of original size 200.003232 MB)
Querying trie...
Done!
total time: 16542.563020 ms, avg latency: 1654.256302 ns
topology: 6.218388 MB, link: 32.751384 MB, data: 48.200322 MB
26891.633596,87.170093,1654.256302
[PASSED]
[time 51.25 s, user 48.94 s, sys 2.10 s, maxrss 3090108 KB]
[busy 5215 jiffies]
[exit 0]
--- c2 case 1 rec 1   load 0.97 1.11 1.15
[TEST C2-CoCo(LOUDS-Sparse)]
Processing dataset...
Done!
Building trie...
trie size: 22.733012 MB
Done!
build time: 26336.207153 ms (2633.620715 ns per key)
space cost: 87.170093 MB (43.584342% of original size 200.003232 MB)
Querying trie...
Done!
total time: 16521.699763 ms, avg latency: 1652.169976 ns
topology: 6.218388 MB, link: 32.751384 MB, data: 48.200322 MB
26336.207153,87.170093,1652.169976
[PASSED]
[time 50.77 s, user 48.42 s, sys 2.14 s, maxrss 3066472 KB]
[busy 5166 jiffies]
[exit 0]
--- c2 case 1 rec 0   load 0.99 1.09 1.14
[TEST C2-CoCo(LOUDS-Sparse)]
Processing dataset...
Done!
Building trie...
Done!
build time: 24629.504549 ms (2462.950455 ns per key)
space cost: 98.257762 MB (49.128087% of original size 200.003232 MB)
Querying trie...
Done!
total time: 14652.668038 ms, avg latency: 1465.266804 ns
topology: 4.410110 MB, link: 33.095964 MB, data: 60.751687 MB
24629.504549,98.257762,1465.266804
[PASSED]
[time 47.14 s, user 44.79 s, sys 2.15 s, maxrss 3193820 KB]
[busy 4797 jiffies]
[exit 0]
--- c2 case 0 rec 2   load 1.04 1.09 1.14
[TEST C2-FST]
Processing dataset...
Done!
Building trie...
trie size: 22.733012 MB
trie size: 3.280537 MB
Done!
build time: 12824.166167 ms (1282.416617 ns per key)
space cost: 75.770544 MB (37.884660% of original size 200.003232 MB)
Querying trie...
Done!
total time: 13779.932806 ms, avg latency: 1377.993281 ns
topology: 13.082478 MB, link: 20.816256 MB, data: 41.871811 MB
--- Unary Path Analysis (FST, cutoff=4) ---
  shared unary steps in main trie: 9042618
  terminal suffixes: inplace=1798982 (avg len=2.14)  links=6599643 (78.6% of terminal)
  link len: avg=9.93  max=234  total_chars=65543603
  link length distribution (len:count):  4:783104  5:760158  6:695828  7:589022  8:475587  9:402890  10:359960  11:287809  12:252754  13:211229  14:291790  15:204192  16:188465  17:134915  18:119234  19:103940  20:94864  21:79457  22:68801  23:57526  24:51335  25:45253  26:43170  27:36068  28:31115  29:26944  30:23808  31:20749  32:18599  33:16316  34:14256  35:12616  36:11654  37:10097  38:8350  39:7410  40:6438  41:5768  42:5227  43:4358  44:3828  45:3564  46:3239  47:2673  48:2418  49:2015  50:1930  51:1676  52:1473  53:1343  54:1226  55:1070  56:979  57:898  58:769  59:736  60:626  61:563  62:597  63:542  64:428  65:419  66:401  67:383  68:320  69:311  70:276  71:263  72:227  73:216  74:189  75:189  76:152  77:176  78:161  79:141  80:122  81:127  82:110  83:97  84:90  85:90  86:88  87:88  88:62  89:58  90:57  91:55  92:60  93:54  94:47  95:39  96:52  97:43  98:41  99:43  100:34  101:29  102:20  103:25  104:38  105:22  106:19  107:21  108:27  109:17  110:17  111:15  112:20  113:20  114:14  115:18  116:19  117:10  118:15  119:19  120:13  121:11  122:5  123:13  124:11  125:8  126:8  127:8  128:10  129:12  130:6  131:9  132:1  133:8  134:7  135:4  136:6  137:4  138:7  139:6  140:3  141:3  142:1  143:5  144:3  145:5  146:2  147:3  148:3  149:8  150:6  151:3  152:5  153:5  154:4  155:5  156:4  157:2  158:2  159:3  160:6  162:6  163:1  164:1  165:3  166:3  167:6  168:2  169:1  170:1  171:3  172:1  173:1  174:3  175:1  176:1  177:2  178:2  179:4  180:1  182:1  184:2  185:1  188:2  189:1  191:1  193:4  194:1  195:1  198:3  199:2  200:1  201:1  204:3  205:2  206:1  208:1  209:4  210:1  211:1  213:1  214:1  215:1  217:1  223:1  224:2  228:1  229:1  230:1  231:1  233:1  235:1
12824.166167,75.770544,1377.993281
[PASSED]
[time 34.47 s, user 32.99 s, sys 1.33 s, maxrss 1364228 KB]
[busy 3510 jiffies]
[exit 0]
--- c2 case 0 rec 1   load 1.02 1.08 1.13
[TEST C2-FST]
Processing dataset...
Done!
Building trie...
trie size: 22.733012 MB
Done!
build time: 12340.714216 ms (1234.071422 ns per key)
space cost: 75.770544 MB (37.884660% of original size 200.003232 MB)
Querying trie...
Done!
total time: 14048.710841 ms, avg latency: 1404.871084 ns
topology: 13.082478 MB, link: 20.816256 MB, data: 41.871811 MB
--- Unary Path Analysis (FST, cutoff=4) ---
  shared unary steps in main trie: 9042618
  terminal suffixes: inplace=1798982 (avg len=2.14)  links=6599643 (78.6% of terminal)
  link len: avg=9.93  max=234  total_chars=65543603
  link length distribution (len:count):  4:783104  5:760158  6:695828  7:589022  8:475587  9:402890  10:359960  11:287809  12:252754  13:211229  14:291790  15:204192  16:188465  17:134915  18:119234  19:103940  20:94864  21:79457  22:68801  23:57526  24:51335  25:45253  26:43170  27:36068  28:31115  29:26944  30:23808  31:20749  32:18599  33:16316  34:14256  35:12616  36:11654  37:10097  38:8350  39:7410  40:6438  41:5768  42:5227  43:4358  44:3828  45:3564  46:3239  47:2673  48:2418  49:2015  50:1930  51:1676  52:1473  53:1343  54:1226  55:1070  56:979  57:898  58:769  59:736  60:626  61:563  62:597  63:542  64:428  65:419  66:401  67:383  68:320  69:311  70:276  71:263  72:227  73:216  74:189  75:189  76:152  77:176  78:161  79:141  80:122  81:127  82:110  83:97  84:90  85:90  86:88  87:88  88:62  89:58  90:57  91:55  92:60  93:54  94:47  95:39  96:52  97:43  98:41  99:43  100:34  101:29  102:20  103:25  104:38  105:22  106:19  107:21  108:27  109:17  110:17  111:15  112:20  113:20  114:14  115:18  116:19  117:10  118:15  119:19  120:13  121:11  122:5  123:13  124:11  125:8  126:8  127:8  128:10  129:12  130:6  131:9  132:1  133:8  134:7  135:4  136:6  137:4  138:7  139:6  140:3  141:3  142:1  143:5  144:3  145:5  146:2  147:3  148:3  149:8  150:6  151:3  152:5  153:5  154:4  155:5  156:4  157:2  158:2  159:3  160:6  162:6  163:1  164:1  165:3  166:3  167:6  168:2  169:1  170:1  171:3  172:1  173:1  174:3  175:1  176:1  177:2  178:2  179:4  180:1  182:1  184:2  185:1  188:2  189:1  191:1  193:4  194:1  195:1  198:3  199:2  200:1  201:1  204:3  205:2  206:1  208:1  209:4  210:1  211:1  213:1  214:1  215:1  217:1  223:1  224:2  228:1  229:1  230:1  231:1  233:1  235:1
12340.714216,75.770544,1404.871084
[PASSED]
[time 34.25 s, user 32.79 s, sys 1.31 s, maxrss 1339004 KB]
[busy 3490 jiffies]
[exit 0]
--- c2 case 0 rec 0   load 1.01 1.07 1.12
[TEST C2-FST]
Processing dataset...
Done!
Building trie...
Done!
build time: 10520.069785 ms (1052.006979 ns per key)
space cost: 86.858212 MB (43.428404% of original size 200.003232 MB)
Querying trie...
Done!
total time: 11701.202707 ms, avg latency: 1170.120271 ns
topology: 11.274200 MB, link: 21.160836 MB, data: 54.423176 MB
--- Unary Path Analysis (FST, cutoff=4) ---
  shared unary steps in main trie: 9042618
  terminal suffixes: inplace=1798982 (avg len=2.14)  links=6599643 (78.6% of terminal)
  link len: avg=9.93  max=234  total_chars=65543603
  link length distribution (len:count):  4:783104  5:760158  6:695828  7:589022  8:475587  9:402890  10:359960  11:287809  12:252754  13:211229  14:291790  15:204192  16:188465  17:134915  18:119234  19:103940  20:94864  21:79457  22:68801  23:57526  24:51335  25:45253  26:43170  27:36068  28:31115  29:26944  30:23808  31:20749  32:18599  33:16316  34:14256  35:12616  36:11654  37:10097  38:8350  39:7410  40:6438  41:5768  42:5227  43:4358  44:3828  45:3564  46:3239  47:2673  48:2418  49:2015  50:1930  51:1676  52:1473  53:1343  54:1226  55:1070  56:979  57:898  58:769  59:736  60:626  61:563  62:597  63:542  64:428  65:419  66:401  67:383  68:320  69:311  70:276  71:263  72:227  73:216  74:189  75:189  76:152  77:176  78:161  79:141  80:122  81:127  82:110  83:97  84:90  85:90  86:88  87:88  88:62  89:58  90:57  91:55  92:60  93:54  94:47  95:39  96:52  97:43  98:41  99:43  100:34  101:29  102:20  103:25  104:38  105:22  106:19  107:21  108:27  109:17  110:17  111:15  112:20  113:20  114:14  115:18  116:19  117:10  118:15  119:19  120:13  121:11  122:5  123:13  124:11  125:8  126:8  127:8  128:10  129:12  130:6  131:9  132:1  133:8  134:7  135:4  136:6  137:4  138:7  139:6  140:3  141:3  142:1  143:5  144:3  145:5  146:2  147:3  148:3  149:8  150:6  151:3  152:5  153:5  154:4  155:5  156:4  157:2  158:2  159:3  160:6  162:6  163:1  164:1  165:3  166:3  167:6  168:2  169:1  170:1  171:3  172:1  173:1  174:3  175:1  176:1  177:2  178:2  179:4  180:1  182:1  184:2  185:1  188:2  189:1  191:1  193:4  194:1  195:1  198:3  199:2  200:1  201:1  204:3  205:2  206:1  208:1  209:4  210:1  211:1  213:1  214:1  215:1  217:1  223:1  224:2  228:1  229:1  230:1  231:1  233:1  235:1
10520.069785,86.858212,1170.120271
[PASSED]
[time 30.02 s, user 28.49 s, sys 1.39 s, maxrss 1462488 KB]
[busy 3054 jiffies]
[exit 0]
--- lexindex da   skipped: exit 3 in round 1
--- lexindex hashed16   load 1.01 1.06 1.12
10000000 keys
lexindex HashedDictIndex fp=16: build 3372 ms, size 103.856 MiB (10.890 B/key), latency cold 75.4 ns, then mean 76.7 / min 75.3 ns
3372.200,103.856079,75.413
[time 12.82 s, user 29.29 s, sys 1.32 s, maxrss 1753696 KB]
[busy 3111 jiffies]
[exit 0]
--- lexindex hashed8   load 1.00 1.06 1.12
10000000 keys
lexindex HashedDictIndex fp=8: build 3313 ms, size 94.319 MiB (9.890 B/key), latency cold 75.8 ns, then mean 76.3 / min 75.3 ns
3312.895,94.319336,75.762
[time 12.72 s, user 29.37 s, sys 1.31 s, maxrss 1743588 KB]
[busy 3113 jiffies]
[exit 0]
--- lexindex hashed0   load 1.00 1.05 1.11
10000000 keys
lexindex HashedDictIndex closed: build 3308 ms, size 84.783 MiB (8.890 B/key), latency cold 66.3 ns, then mean 66.2 / min 65.7 ns
3308.317,84.782593,66.265
[time 12.34 s, user 28.91 s, sys 1.28 s, maxrss 1736656 KB]
[busy 3066 jiffies]
[exit 0]
--- lexindex string   load 1.00 1.05 1.11
10000000 keys
lexindex StringIndex: build 7935 ms, size 126.354 MiB (13.249 B/key), latency cold 669.6 ns, then mean 669.1 / min 668.4 ns
7934.814,126.354340,669.596
[time 41.02 s, user 40.09 s, sys 0.77 s, maxrss 1572528 KB]
[busy 4178 jiffies]
[exit 0]
--- lexindex routed1024   load 1.00 1.04 1.10
10000000 keys
lexindex DictIndex block 1024 routed: build 2175 ms, size 54.623 MiB (5.728 B/key), latency cold 564.1 ns, then mean 563.0 / min 562.5 ns
2175.045,54.622946,564.136
[time 31.06 s, user 46.51 s, sys 1.12 s, maxrss 1695448 KB]
[busy 4847 jiffies]
[exit 0]
--- lexindex routed256   load 1.00 1.04 1.10
10000000 keys
lexindex DictIndex block 256 routed: build 2284 ms, size 58.660 MiB (6.151 B/key), latency cold 545.0 ns, then mean 542.3 / min 540.6 ns
2284.394,58.659641,545.023
[time 30.37 s, user 46.18 s, sys 1.19 s, maxrss 1709368 KB]
[busy 4817 jiffies]
[exit 0]
--- lexindex routed32   load 0.92 1.01 1.08
10000000 keys
lexindex DictIndex block 32 routed: build 2211 ms, size 63.164 MiB (6.623 B/key), latency cold 643.3 ns, then mean 641.4 / min 640.5 ns
2211.248,63.163577,643.320
[time 34.27 s, user 49.61 s, sys 1.16 s, maxrss 1716928 KB]
[busy 5165 jiffies]
[exit 0]
--- lexindex dict1024   load 1.60 1.22 1.15
10000000 keys
lexindex DictIndex block 1024: build 2203 ms, size 52.239 MiB (5.478 B/key), latency cold 676.0 ns, then mean 676.3 / min 675.6 ns
2202.644,52.238668,676.023
[time 35.62 s, user 51.01 s, sys 1.14 s, maxrss 1693036 KB]
[busy 5315 jiffies]
[exit 0]
--- lexindex dict256   load 1.33 1.19 1.15
10000000 keys
lexindex DictIndex block 256: build 2255 ms, size 53.891 MiB (5.651 B/key), latency cold 655.7 ns, then mean 652.7 / min 651.3 ns
2255.330,53.891209,655.694
[time 34.74 s, user 50.52 s, sys 1.21 s, maxrss 1703784 KB]
[busy 5267 jiffies]
[exit 0]
--- lexindex dict32   load 1.18 1.17 1.14
10000000 keys
lexindex DictIndex block 32: build 2179 ms, size 58.395 MiB (6.123 B/key), latency cold 700.8 ns, then mean 692.9 / min 685.2 ns
2179.179,58.395205,700.768
[time 36.35 s, user 51.54 s, sys 1.13 s, maxrss 1708644 KB]
[busy 5363 jiffies]
[exit 0]

##### opaque-10000000 (10000000 lines, 170000000 bytes)   round 2/3   2026-09-25T11:49:49+03:00
--- xcdat 16   load 1.01 1.13 1.13
build time: 10311.708826 ms
space cost: 209.774417 MiB (137.477762% of original size 152.587891 MiB)
avg latency: 358.902249 ns
10311.708826,209.774417,358.902249
[time 23.01 s, user 21.34 s, sys 1.57 s, maxrss 1681736 KB]
[busy 2344 jiffies]
[exit 0]
--- xcdat 15   load 1.01 1.12 1.12
build time: 10563.707131 ms
space cost: 206.548369 MiB (135.363539% of original size 152.587891 MiB)
avg latency: 322.744198 ns
10563.707131,206.548369,322.744198
[time 22.99 s, user 21.28 s, sys 1.61 s, maxrss 1675608 KB]
[busy 2342 jiffies]
[exit 0]
--- xcdat 8   load 1.00 1.11 1.12
build time: 10330.884560 ms
space cost: 194.729631 MiB (127.618011% of original size 152.587891 MiB)
avg latency: 412.928411 ns
10330.884560,194.729631,412.928411
[time 23.65 s, user 21.94 s, sys 1.61 s, maxrss 1658928 KB]
[busy 2408 jiffies]
[exit 0]
--- xcdat 7   load 1.00 1.10 1.11
build time: 10142.121871 ms
space cost: 200.245496 MiB (131.232888% of original size 152.587891 MiB)
avg latency: 389.079938 ns
10142.121871,200.245496,389.079938
[time 23.16 s, user 21.51 s, sys 1.55 s, maxrss 1677528 KB]
[busy 2359 jiffies]
[exit 0]
--- c2 case 8 rec 0   load 1.00 1.09 1.11
[TEST CART]
Processing dataset...
Done!
Building trie...
Done!
build time: 1933.413335 ms (193.341333 ns per key)
space cost: 110.237770 MB (72.245425% of original size 152.587891 MB)
Querying trie...
Done!
total time: 3386.747547 ms, avg latency: 338.674755 ns
not implemented
1933.413335,110.237770,338.674755
[PASSED]
[time 14.36 s, user 13.31 s, sys 1.00 s, maxrss 1556876 KB]
[busy 1462 jiffies]
[exit 0]
--- c2 case 7 rec 0   load 1.00 1.09 1.11
[TEST ART]
Processing dataset...
Done!
Building trie...
Done!
build time: 1549.486381 ms (154.948638 ns per key)
space cost: 281.783142 MB (184.669400% of original size 152.587891 MB)
Querying trie...
Done!
total time: 2573.859971 ms, avg latency: 257.385997 ns
not implemented
1549.486381,281.783142,257.385997
[PASSED]
[time 13.28 s, user 12.12 s, sys 1.11 s, maxrss 1719388 KB]
[busy 1350 jiffies]
[exit 0]
--- c2 case 6 rec 0   load 1.00 1.08 1.10
[TEST PDT]
Processing dataset...
Done!
Building trie...
dict size: 177886, stream size: 123770486
Done!
build time: 114505.996440 ms (11450.599644 ns per key)
space cost: 130.971906 MB (85.833748% of original size 152.587891 MB)
Querying trie...
Done!
total time: 9192.547585 ms, avg latency: 919.254758 ns
not implemented
114505.996440,130.971906,919.254758
[PASSED]
[time 132.78 s, user 130.48 s, sys 1.81 s, maxrss 2154036 KB]
[busy 13503 jiffies]
[exit 0]
--- c2 case 5 rec 2   load 0.92 1.03 1.08
[TEST MARISA]
Processing dataset...
Done!
Building trie...
Done!
build time: 12585.270820 ms (1258.527082 ns per key)
space cost: 174.781183 MB (114.544596% of original size 152.587891 MB)
Querying trie...
Done!
total time: 30889.143717 ms, avg latency: 3088.914372 ns
not implemented
12585.270820,174.781183,3088.914372
[PASSED]
[time 52.43 s, user 50.20 s, sys 2.01 s, maxrss 1801932 KB]
[busy 5335 jiffies]
[exit 0]
--- c2 case 5 rec 1   load 1.05 1.04 1.08
[TEST MARISA]
Processing dataset...
Done!
Building trie...
Done!
build time: 9536.647526 ms (953.664753 ns per key)
space cost: 174.772559 MB (114.538944% of original size 152.587891 MB)
Querying trie...
Done!
total time: 19011.369050 ms, avg latency: 1901.136905 ns
not implemented
9536.647526,174.772559,1901.136905
[PASSED]
[time 37.56 s, user 35.59 s, sys 1.81 s, maxrss 1746348 KB]
[busy 3822 jiffies]
[exit 0]
--- c2 case 5 rec 0   load 1.02 1.03 1.08
[TEST MARISA]
Processing dataset...
Done!
Building trie...
Done!
build time: 6131.256018 ms (613.125602 ns per key)
space cost: 172.390432 MB (112.977794% of original size 152.587891 MB)
Querying trie...
Done!
total time: 8930.798909 ms, avg latency: 893.079891 ns
not implemented
6131.256018,172.390432,893.079891
[PASSED]
[time 24.05 s, user 22.44 s, sys 1.51 s, maxrss 1756488 KB]
[busy 2451 jiffies]
[exit 0]
--- c2 case 4 rec 0   skipped: exit 134 in round 1
--- c2 case 3 rec 0   load 1.01 1.03 1.07
[TEST FST]
Processing dataset...
Done!
Building trie...
Done!
build time: 8679.417750 ms (867.941775 ns per key)
space cost: 166.730864 MB (109.268739% of original size 152.587891 MB)
Querying trie...
Done!
total time: 5350.547217 ms, avg latency: 535.054722 ns
not implemented
8679.417750,166.730864,535.054722
[PASSED]
[time 23.10 s, user 21.92 s, sys 1.08 s, maxrss 1424952 KB]
[busy 2357 jiffies]
[exit 0]
--- c2 case 2 rec 2   load 1.01 1.03 1.07
[TEST C2-MARISA]
Processing dataset...
Done!
Building trie...
trie size: 18.021462 MB
trie size: 46.255407 MB
Done!
build time: 21922.295107 ms (2192.229511 ns per key)
space cost: 165.523580 MB (108.477533% of original size 152.587891 MB)
Querying trie...
Done!
total time: 5641.044532 ms, avg latency: 564.104453 ns
topology: 5.929127 MB, link: 32.190027 MB, data: 127.076301 MB
--- Unary Path Analysis (Marisa, cutoff=3) ---
  branches: 12335636  |  single-char: 2309593 (18.7%)  short-unary: 25639 (0.2%)  links: 10000404 (81.1%)
  link len: avg=12.54  max=13  total_chars=125417760
  link length distribution (len:count):  3:398  4:6  9:18  10:1442  11:92299  12:4394462  13:5511779
  short unary avg len: 2.00
21922.295107,165.523580,564.104453
[PASSED]
[time 36.63 s, user 34.32 s, sys 2.15 s, maxrss 2779480 KB]
[busy 3730 jiffies]
[exit 0]
--- c2 case 2 rec 1   load 1.00 1.02 1.07
[TEST C2-MARISA]
Processing dataset...
Done!
Building trie...
trie size: 18.021462 MB
trie size: 46.255407 MB
Done!
build time: 21986.081986 ms (2198.608199 ns per key)
space cost: 165.523580 MB (108.477533% of original size 152.587891 MB)
Querying trie...
Done!
total time: 5624.264240 ms, avg latency: 562.426424 ns
topology: 5.929127 MB, link: 32.190027 MB, data: 127.076301 MB
--- Unary Path Analysis (Marisa, cutoff=3) ---
  branches: 12335636  |  single-char: 2309593 (18.7%)  short-unary: 25639 (0.2%)  links: 10000404 (81.1%)
  link len: avg=12.54  max=13  total_chars=125417760
  link length distribution (len:count):  3:398  4:6  9:18  10:1442  11:92299  12:4394462  13:5511779
  short unary avg len: 2.00
21986.081986,165.523580,562.426424
[PASSED]
[time 36.70 s, user 34.37 s, sys 2.18 s, maxrss 2779448 KB]
[busy 3740 jiffies]
[exit 0]
--- c2 case 2 rec 0   load 1.00 1.02 1.06
[TEST C2-MARISA]
Processing dataset...
Done!
Building trie...
trie size: 18.021462 MB
Done!
build time: 11178.724049 ms (1117.872405 ns per key)
space cost: 165.523580 MB (108.477533% of original size 152.587891 MB)
Querying trie...
Done!
total time: 5637.145042 ms, avg latency: 563.714504 ns
topology: 5.929127 MB, link: 32.190027 MB, data: 127.076301 MB
--- Unary Path Analysis (Marisa, cutoff=3) ---
  branches: 12335636  |  single-char: 2309593 (18.7%)  short-unary: 25639 (0.2%)  links: 10000404 (81.1%)
  link len: avg=12.54  max=13  total_chars=125417760
  link length distribution (len:count):  3:398  4:6  9:18  10:1442  11:92299  12:4394462  13:5511779
  short unary avg len: 2.00
11178.724049,165.523580,563.714504
[PASSED]
[time 25.96 s, user 24.03 s, sys 1.81 s, maxrss 2276288 KB]
[busy 2645 jiffies]
[exit 0]
--- c2 case 1 rec 2   load 1.00 1.02 1.06
[TEST C2-CoCo(LOUDS-Sparse)]
Processing dataset...
Done!
Building trie...
trie size: 46.253762 MB
Done!
build time: 26077.426854 ms (2607.742685 ns per key)
space cost: 161.439246 MB (105.800824% of original size 152.587891 MB)
Querying trie...
Done!
total time: 6826.323408 ms, avg latency: 682.632341 ns
topology: 3.310211 MB, link: 34.003298 MB, data: 124.125737 MB
26077.426854,161.439246,682.632341
[PASSED]
[time 41.95 s, user 39.04 s, sys 2.73 s, maxrss 3791332 KB]
[busy 4275 jiffies]
[exit 0]
--- c2 case 1 rec 1   load 1.00 1.01 1.06
[TEST C2-CoCo(LOUDS-Sparse)]
Processing dataset...
Done!
Building trie...
trie size: 46.253762 MB
Done!
build time: 25994.955253 ms (2599.495525 ns per key)
space cost: 161.439246 MB (105.800824% of original size 152.587891 MB)
Querying trie...
Done!
total time: 6934.420918 ms, avg latency: 693.442092 ns
topology: 3.310211 MB, link: 34.003298 MB, data: 124.125737 MB
25994.955253,161.439246,693.442092
[PASSED]
[time 41.98 s, user 39.08 s, sys 2.72 s, maxrss 3791492 KB]
[busy 4273 jiffies]
[exit 0]
--- c2 case 1 rec 0   load 0.92 0.99 1.05
[TEST C2-CoCo(LOUDS-Sparse)]
Processing dataset...
Done!
Building trie...
Done!
build time: 15112.236431 ms (1511.223643 ns per key)
space cost: 161.439246 MB (105.800824% of original size 152.587891 MB)
Querying trie...
Done!
total time: 7063.839574 ms, avg latency: 706.383957 ns
topology: 3.310211 MB, link: 34.003298 MB, data: 124.125737 MB
15112.236431,161.439246,706.383957
[PASSED]
[time 31.25 s, user 28.73 s, sys 2.38 s, maxrss 3322208 KB]
[busy 3179 jiffies]
[exit 0]
--- c2 case 0 rec 2   load 0.95 0.99 1.04
[TEST C2-FST]
Processing dataset...
Done!
Building trie...
trie size: 46.253762 MB
Done!
build time: 23267.732782 ms (2326.773278 ns per key)
space cost: 168.524103 MB (110.443956% of original size 152.587891 MB)
Querying trie...
Done!
total time: 6749.654244 ms, avg latency: 674.965424 ns
topology: 7.322502 MB, link: 33.678872 MB, data: 127.522729 MB
--- Unary Path Analysis (FST, cutoff=4) ---
  shared unary steps in main trie: 26453
  terminal suffixes: inplace=0 (avg len=0.00)  links=10000000 (100.0% of terminal)
  link len: avg=10.54  max=11  total_chars=105416542
  link length distribution (len:count):  8:18  9:1442  10:92299  11:4394462  12:5511779
23267.732782,168.524103,674.965424
[PASSED]
[time 39.11 s, user 36.77 s, sys 2.17 s, maxrss 2822600 KB]
[busy 3983 jiffies]
[exit 0]
--- c2 case 0 rec 1   load 1.04 1.01 1.05
[TEST C2-FST]
Processing dataset...
Done!
Building trie...
trie size: 46.253762 MB
Done!
build time: 23330.143906 ms (2333.014391 ns per key)
space cost: 168.524103 MB (110.443956% of original size 152.587891 MB)
Querying trie...
Done!
total time: 6628.428647 ms, avg latency: 662.842865 ns
topology: 7.322502 MB, link: 33.678872 MB, data: 127.522729 MB
--- Unary Path Analysis (FST, cutoff=4) ---
  shared unary steps in main trie: 26453
  terminal suffixes: inplace=0 (avg len=0.00)  links=10000000 (100.0% of terminal)
  link len: avg=10.54  max=11  total_chars=105416542
  link length distribution (len:count):  8:18  9:1442  10:92299  11:4394462  12:5511779
23330.143906,168.524103,662.842865
[PASSED]
[time 39.05 s, user 36.68 s, sys 2.20 s, maxrss 2822760 KB]
[busy 3977 jiffies]
[exit 0]
--- c2 case 0 rec 0   load 1.02 1.01 1.04
[TEST C2-FST]
Processing dataset...
Done!
Building trie...
Done!
build time: 12313.271186 ms (1231.327119 ns per key)
space cost: 168.524103 MB (110.443956% of original size 152.587891 MB)
Querying trie...
Done!
total time: 6690.685381 ms, avg latency: 669.068538 ns
topology: 7.322502 MB, link: 33.678872 MB, data: 127.522729 MB
--- Unary Path Analysis (FST, cutoff=4) ---
  shared unary steps in main trie: 26453
  terminal suffixes: inplace=0 (avg len=0.00)  links=10000000 (100.0% of terminal)
  link len: avg=10.54  max=11  total_chars=105416542
  link length distribution (len:count):  8:18  9:1442  10:92299  11:4394462  12:5511779
12313.271186,168.524103,669.068538
[PASSED]
[time 28.09 s, user 26.19 s, sys 1.78 s, maxrss 2353728 KB]
[busy 2864 jiffies]
[exit 0]
--- lexindex da   skipped: exit 3 in round 1
--- lexindex hashed16   load 1.01 1.01 1.04
10000000 keys
lexindex HashedDictIndex fp=16: build 2123 ms, size 145.775 MiB (15.286 B/key), latency cold 77.1 ns, then mean 81.1 / min 77.3 ns
2123.183,145.774851,77.091
[time 11.07 s, user 18.72 s, sys 2.03 s, maxrss 1472512 KB]
[busy 2119 jiffies]
[exit 0]
--- lexindex hashed8   load 1.09 1.02 1.04
10000000 keys
lexindex HashedDictIndex fp=8: build 2093 ms, size 136.238 MiB (14.286 B/key), latency cold 76.1 ns, then mean 79.8 / min 75.6 ns
2093.103,136.238108,76.060
[time 10.99 s, user 18.63 s, sys 2.03 s, maxrss 1462348 KB]
[busy 2104 jiffies]
[exit 0]
--- lexindex hashed0   load 1.07 1.02 1.04
10000000 keys
lexindex HashedDictIndex closed: build 2084 ms, size 126.701 MiB (13.286 B/key), latency cold 71.8 ns, then mean 71.4 / min 71.1 ns
2084.353,126.701365,71.773
[time 10.66 s, user 18.30 s, sys 1.88 s, maxrss 1452028 KB]
[busy 2055 jiffies]
[exit 0]
--- lexindex string   load 2.09 1.25 1.12
10000000 keys
lexindex StringIndex: build 10875 ms, size 204.743 MiB (21.469 B/key), latency cold 463.5 ns, then mean 460.5 / min 459.1 ns
10874.954,204.742606,463.481
[time 34.98 s, user 34.05 s, sys 0.79 s, maxrss 1502068 KB]
[busy 3559 jiffies]
[exit 0]
--- lexindex routed1024   load 1.61 1.22 1.11
10000000 keys
lexindex DictIndex block 1024 routed: build 1109 ms, size 97.308 MiB (10.203 B/key), latency cold 447.5 ns, then mean 447.3 / min 447.0 ns
1108.642,97.307977,447.537
[time 24.75 s, user 31.72 s, sys 1.98 s, maxrss 1408616 KB]
[busy 3435 jiffies]
[exit 0]
--- lexindex routed256   load 1.45 1.22 1.11
10000000 keys
lexindex DictIndex block 256 routed: build 1119 ms, size 100.577 MiB (10.546 B/key), latency cold 458.4 ns, then mean 458.5 / min 458.2 ns
1119.392,100.577050,458.407
[time 25.20 s, user 32.07 s, sys 1.90 s, maxrss 1428136 KB]
[busy 3459 jiffies]
[exit 0]
--- lexindex routed32   load 1.19 1.18 1.10
10000000 keys
lexindex DictIndex block 32 routed: build 1111 ms, size 102.934 MiB (10.793 B/key), latency cold 541.8 ns, then mean 537.5 / min 537.3 ns
1111.344,102.934408,541.761
[time 28.40 s, user 35.26 s, sys 1.89 s, maxrss 1429324 KB]
[busy 3790 jiffies]
[exit 0]
--- lexindex dict1024   load 1.04 1.14 1.09
10000000 keys
lexindex DictIndex block 1024: build 1089 ms, size 94.924 MiB (9.953 B/key), latency cold 544.7 ns, then mean 536.3 / min 536.0 ns
1088.899,94.923699,544.692
[time 28.34 s, user 35.17 s, sys 1.91 s, maxrss 1411512 KB]
[busy 3782 jiffies]
[exit 0]
--- lexindex dict256   load 1.02 1.13 1.09
10000000 keys
lexindex DictIndex block 256: build 1090 ms, size 95.809 MiB (10.046 B/key), latency cold 556.0 ns, then mean 555.1 / min 555.1 ns
1090.018,95.808618,556.014
[time 29.03 s, user 36.02 s, sys 1.86 s, maxrss 1419212 KB]
[busy 3865 jiffies]
[exit 0]
--- lexindex dict32   load 1.01 1.12 1.08
10000000 keys
lexindex DictIndex block 32: build 1096 ms, size 98.166 MiB (10.293 B/key), latency cold 559.7 ns, then mean 557.9 / min 557.6 ns
1095.788,98.166037,559.741
[time 29.17 s, user 36.04 s, sys 1.87 s, maxrss 1424012 KB]
[busy 3875 jiffies]
[exit 0]

##### numeric-10000000 (10000000 lines, 78888890 bytes)   round 2/3   2026-09-25T12:06:03+03:00
--- xcdat 16   load 1.01 1.10 1.08
build time: 1855.768468 ms
space cost: 71.808467 MiB (109.301565% of original size 65.697565 MiB)
avg latency: 238.807970 ns
1855.768468,71.808467,238.807970
[time 8.12 s, user 7.35 s, sys 0.73 s, maxrss 783928 KB]
[busy 831 jiffies]
[exit 0]
--- xcdat 15   load 1.00 1.10 1.08
build time: 2108.623266 ms
space cost: 67.281871 MiB (102.411514% of original size 65.697565 MiB)
avg latency: 199.038288 ns
2108.623266,67.281871,199.038288
[time 8.01 s, user 7.27 s, sys 0.70 s, maxrss 775876 KB]
[busy 818 jiffies]
[exit 0]
--- xcdat 8   load 1.00 1.10 1.08
build time: 1857.978903 ms
space cost: 46.072033 MiB (70.127459% of original size 65.697565 MiB)
avg latency: 299.814809 ns
1857.978903,46.072033,299.814809
[time 8.79 s, user 8.04 s, sys 0.71 s, maxrss 731956 KB]
[busy 897 jiffies]
[exit 0]
--- xcdat 7   load 1.00 1.09 1.08
build time: 2806.230953 ms
space cost: 52.854505 MiB (80.451238% of original size 65.697565 MiB)
avg latency: 352.117440 ns
2806.230953,52.854505,352.117440
[time 10.23 s, user 9.49 s, sys 0.70 s, maxrss 747516 KB]
[busy 1044 jiffies]
[exit 0]
--- c2 case 8 rec 0   load 1.00 1.09 1.08
[TEST CART]
Processing dataset...
Done!
Building trie...
Done!
build time: 835.723872 ms (83.572387 ns per key)
space cost: 111.770621 MB (170.129016% of original size 65.697565 MB)
Querying trie...
Done!
total time: 2139.494175 ms, avg latency: 213.949418 ns
not implemented
835.723872,111.770621,213.949418
[PASSED]
[time 6.86 s, user 6.11 s, sys 0.72 s, maxrss 940316 KB]
[busy 700 jiffies]
[exit 0]
--- c2 case 7 rec 0   load 1.00 1.09 1.07
[TEST ART]
Processing dataset...
Done!
Building trie...
Done!
build time: 645.132659 ms (64.513266 ns per key)
space cost: 200.653076 MB (305.419350% of original size 65.697565 MB)
Querying trie...
Done!
total time: 1431.864832 ms, avg latency: 143.186483 ns
not implemented
645.132659,200.653076,143.186483
[PASSED]
[time 5.95 s, user 5.23 s, sys 0.69 s, maxrss 924764 KB]
[busy 605 jiffies]
[exit 0]
--- c2 case 6 rec 0   load 1.00 1.08 1.07
[TEST PDT]
Processing dataset...
Done!
Building trie...
dict size: 130, stream size: 2965758
Done!
build time: 1192.391185 ms (119.239119 ns per key)
space cost: 15.594018 MB (23.736067% of original size 65.697565 MB)
Querying trie...
Done!
total time: 6401.527564 ms, avg latency: 640.152756 ns
not implemented
1192.391185,15.594018,640.152756
[PASSED]
[time 11.38 s, user 10.68 s, sys 0.65 s, maxrss 687800 KB]
[busy 1160 jiffies]
[exit 0]
--- c2 case 5 rec 2   load 1.16 1.11 1.08
[TEST MARISA]
Processing dataset...
Done!
Building trie...
Done!
build time: 1718.566631 ms (171.856663 ns per key)
space cost: 15.797803 MB (24.046253% of original size 65.697565 MB)
Querying trie...
Done!
total time: 2501.446723 ms, avg latency: 250.144672 ns
not implemented
1718.566631,15.797803,250.144672
[PASSED]
[time 8.03 s, user 7.22 s, sys 0.77 s, maxrss 978108 KB]
[busy 820 jiffies]
[exit 0]
--- c2 case 5 rec 1   load 1.05 1.09 1.08
[TEST MARISA]
Processing dataset...
Done!
Building trie...
Done!
build time: 1688.462886 ms (168.846289 ns per key)
space cost: 15.797803 MB (24.046253% of original size 65.697565 MB)
Querying trie...
Done!
total time: 2526.317542 ms, avg latency: 252.631754 ns
not implemented
1688.462886,15.797803,252.631754
[PASSED]
[time 8.10 s, user 7.30 s, sys 0.76 s, maxrss 977880 KB]
[busy 826 jiffies]
[exit 0]
--- c2 case 5 rec 0   load 1.05 1.09 1.08
[TEST MARISA]
Processing dataset...
Done!
Building trie...
Done!
build time: 1687.508261 ms (168.750826 ns per key)
space cost: 15.797803 MB (24.046253% of original size 65.697565 MB)
Querying trie...
Done!
total time: 2543.520348 ms, avg latency: 254.352035 ns
not implemented
1687.508261,15.797803,254.352035
[PASSED]
[time 8.11 s, user 7.29 s, sys 0.78 s, maxrss 977772 KB]
[busy 827 jiffies]
[exit 0]
--- c2 case 4 rec 0   load 1.04 1.09 1.08
[TEST COCO]
Processing dataset...
Done!
Building trie...
num nodes = 90001, average depth = 1.000033
ef = 0.000000, pa = 0.000000, bv = 0.000011, de = 0.999989
efr = 0.000000, par = 0.000000, bvr = 0.000000, der = 0.000000
Done!
build time: 7048.829039 ms (704.882904 ns per key)
space cost: 4.854946 MB (7.389841% of original size 65.697565 MB)
Querying trie...
Done!
total time: 3007.690023 ms, avg latency: 300.769002 ns
not implemented
7048.829039,4.854946,300.769002
[PASSED]
[time 14.05 s, user 11.72 s, sys 2.27 s, maxrss 4905724 KB]
[busy 1435 jiffies]
[exit 0]
--- c2 case 3 rec 0   load 1.03 1.08 1.07
[TEST FST]
Processing dataset...
Done!
Building trie...
Done!
build time: 2539.607423 ms (253.960742 ns per key)
space cost: 14.447110 MB (21.990328% of original size 65.697565 MB)
Querying trie...
Done!
total time: 3555.267869 ms, avg latency: 355.526787 ns
not implemented
2539.607423,14.447110,355.526787
[PASSED]
[time 9.96 s, user 9.31 s, sys 0.61 s, maxrss 661520 KB]
[busy 1014 jiffies]
[exit 0]
--- c2 case 2 rec 2   skipped: exit 139 in round 1
--- c2 case 2 rec 1   skipped: exit 139 in round 1
--- c2 case 2 rec 0   skipped: exit 139 in round 1
--- c2 case 1 rec 2   skipped: exit 139 in round 1
--- c2 case 1 rec 1   skipped: exit 139 in round 1
--- c2 case 1 rec 0   skipped: exit 139 in round 1
--- c2 case 0 rec 2   skipped: exit 139 in round 1
--- c2 case 0 rec 1   skipped: exit 139 in round 1
--- c2 case 0 rec 0   skipped: exit 139 in round 1
--- lexindex da   skipped: exit 3 in round 1
--- lexindex hashed16   load 1.03 1.08 1.07
10000000 keys
lexindex HashedDictIndex fp=16: build 1615 ms, size 59.651 MiB (6.255 B/key), latency cold 52.4 ns, then mean 51.9 / min 51.8 ns
1614.624,59.651057,52.429
[time 9.15 s, user 13.21 s, sys 0.89 s, maxrss 1211576 KB]
[busy 1439 jiffies]
[exit 0]
--- lexindex hashed8   load 1.02 1.08 1.07
10000000 keys
lexindex HashedDictIndex fp=8: build 1592 ms, size 50.114 MiB (5.255 B/key), latency cold 50.9 ns, then mean 50.3 / min 50.0 ns
1592.401,50.114314,50.925
[time 9.10 s, user 13.26 s, sys 0.87 s, maxrss 1200268 KB]
[busy 1440 jiffies]
[exit 0]
--- lexindex hashed0   load 1.02 1.07 1.07
10000000 keys
lexindex HashedDictIndex closed: build 1607 ms, size 40.578 MiB (4.255 B/key), latency cold 36.3 ns, then mean 35.8 / min 35.7 ns
1607.322,40.577571,36.348
[time 8.51 s, user 12.51 s, sys 0.82 s, maxrss 1191796 KB]
[busy 1362 jiffies]
[exit 0]
--- lexindex string   load 1.02 1.07 1.07
10000000 keys
lexindex StringIndex: build 1697 ms, size 0.000 MiB (0.000 B/key), latency cold 96.8 ns, then mean 96.8 / min 96.7 ns
1697.312,0.000340,96.765
[time 11.03 s, user 10.43 s, sys 0.55 s, maxrss 1125932 KB]
[busy 1123 jiffies]
[exit 0]
--- lexindex routed1024   load 1.01 1.07 1.07
10000000 keys
lexindex DictIndex block 1024 routed: build 653 ms, size 11.147 MiB (1.169 B/key), latency cold 234.2 ns, then mean 231.8 / min 231.4 ns
652.558,11.146594,234.171
[time 15.42 s, user 18.47 s, sys 0.74 s, maxrss 1155312 KB]
[busy 1958 jiffies]
[exit 0]
--- lexindex routed256   load 2.02 1.30 1.15
10000000 keys
lexindex DictIndex block 256 routed: build 689 ms, size 14.453 MiB (1.516 B/key), latency cold 263.3 ns, then mean 265.1 / min 263.5 ns
688.969,14.453472,263.255
[time 16.74 s, user 20.04 s, sys 0.77 s, maxrss 1160352 KB]
[busy 2127 jiffies]
[exit 0]
--- lexindex routed32   load 1.65 1.27 1.14
10000000 keys
lexindex DictIndex block 32 routed: build 686 ms, size 16.740 MiB (1.755 B/key), latency cold 337.7 ns, then mean 335.5 / min 334.5 ns
685.805,16.739965,337.688
[time 19.57 s, user 22.82 s, sys 0.75 s, maxrss 1171560 KB]
[busy 2402 jiffies]
[exit 0]
--- lexindex dict1024   load 1.47 1.25 1.13
10000000 keys
lexindex DictIndex block 1024: build 650 ms, size 8.762 MiB (0.919 B/key), latency cold 307.5 ns, then mean 307.0 / min 305.7 ns
649.552,8.762317,307.483
[time 18.41 s, user 21.62 s, sys 0.75 s, maxrss 1152228 KB]
[busy 2277 jiffies]
[exit 0]
--- lexindex dict256   load 1.25 1.21 1.13
10000000 keys
lexindex DictIndex block 256: build 664 ms, size 9.685 MiB (1.016 B/key), latency cold 303.3 ns, then mean 301.2 / min 300.7 ns
664.185,9.685040,303.305
[time 18.20 s, user 21.54 s, sys 0.78 s, maxrss 1157816 KB]
[busy 2279 jiffies]
[exit 0]
--- lexindex dict32   load 1.20 1.20 1.12
10000000 keys
lexindex DictIndex block 32: build 662 ms, size 11.972 MiB (1.255 B/key), latency cold 321.1 ns, then mean 318.9 / min 318.6 ns
661.718,11.971594,321.063
[time 18.93 s, user 22.23 s, sys 0.77 s, maxrss 1163080 KB]
[busy 2348 jiffies]
[exit 0]

##### dna-10000000 (10000000 lines, 250000000 bytes)   round 2/3   2026-09-25T12:10:38+03:00
--- xcdat 16   load 1.14 1.19 1.12
build time: 10359.347377 ms
space cost: 157.761472 MiB (68.927039% of original size 228.881836 MiB)
avg latency: 574.690211 ns
10359.347377,157.761472,574.690211
[time 25.41 s, user 23.65 s, sys 1.65 s, maxrss 1727888 KB]
[busy 2590 jiffies]
[exit 0]
--- xcdat 15   load 1.08 1.17 1.11
build time: 10606.521524 ms
space cost: 152.576344 MiB (66.661622% of original size 228.881836 MiB)
avg latency: 574.168940 ns
10606.521524,152.576344,574.168940
[time 25.64 s, user 23.92 s, sys 1.61 s, maxrss 1722528 KB]
[busy 2609 jiffies]
[exit 0]
--- xcdat 8   load 1.05 1.16 1.11
build time: 10373.824398 ms
space cost: 135.305025 MiB (59.115668% of original size 228.881836 MiB)
avg latency: 657.104590 ns
10373.824398,135.305025,657.104590
[time 26.30 s, user 24.56 s, sys 1.63 s, maxrss 1705184 KB]
[busy 2677 jiffies]
[exit 0]
--- xcdat 7   load 0.95 1.12 1.10
build time: 10696.413861 ms
space cost: 136.369071 MiB (59.580556% of original size 228.881836 MiB)
avg latency: 705.130859 ns
10696.413861,136.369071,705.130859
[time 27.10 s, user 25.37 s, sys 1.61 s, maxrss 1705944 KB]
[busy 2764 jiffies]
[exit 0]
--- c2 case 8 rec 0   load 0.97 1.11 1.09
[TEST CART]
Processing dataset...
Done!
Building trie...
Done!
build time: 2749.721127 ms (274.972113 ns per key)
space cost: 156.509016 MB (68.379833% of original size 228.881836 MB)
Querying trie...
Done!
total time: 7459.144644 ms, avg latency: 745.914464 ns
not implemented
2749.721127,156.509016,745.914464
[PASSED]
[time 19.69 s, user 18.38 s, sys 1.22 s, maxrss 2102880 KB]
[busy 2016 jiffies]
[exit 0]
--- c2 case 7 rec 0   load 0.98 1.10 1.09
[TEST ART]
Processing dataset...
Done!
Building trie...
Done!
build time: 2168.919119 ms (216.891912 ns per key)
space cost: 332.784225 MB (145.395647% of original size 228.881836 MB)
Querying trie...
Done!
total time: 6190.342751 ms, avg latency: 619.034275 ns
not implemented
2168.919119,332.784225,619.034275
[PASSED]
[time 17.83 s, user 16.54 s, sys 1.22 s, maxrss 2190612 KB]
[busy 1820 jiffies]
[exit 0]
--- c2 case 6 rec 0   load 0.99 1.10 1.09
[TEST PDT]
Processing dataset...
Done!
Building trie...
dict size: 151384, stream size: 57071972
Done!
build time: 24717.807428 ms (2471.780743 ns per key)
space cost: 67.337972 MB (29.420409% of original size 228.881836 MB)
Querying trie...
Done!
total time: 14183.564455 ms, avg latency: 1418.356446 ns
not implemented
24717.807428,67.337972,1418.356446
[PASSED]
[time 48.41 s, user 46.33 s, sys 1.89 s, maxrss 1637256 KB]
[busy 4922 jiffies]
[exit 0]
--- c2 case 5 rec 2   load 1.00 1.08 1.08
[TEST MARISA]
Processing dataset...
Done!
Building trie...
Done!
build time: 9748.439119 ms (974.843912 ns per key)
space cost: 64.374021 MB (28.125439% of original size 228.881836 MB)
Querying trie...
Done!
total time: 13585.947580 ms, avg latency: 1358.594758 ns
not implemented
9748.439119,64.374021,1358.594758
[PASSED]
[time 32.62 s, user 30.88 s, sys 1.60 s, maxrss 1910884 KB]
[busy 3325 jiffies]
[exit 0]
--- c2 case 5 rec 1   load 1.00 1.07 1.08
[TEST MARISA]
Processing dataset...
Done!
Building trie...
Done!
build time: 9721.287031 ms (972.128703 ns per key)
space cost: 65.397814 MB (28.572741% of original size 228.881836 MB)
Querying trie...
Done!
total time: 13230.579805 ms, avg latency: 1323.057980 ns
not implemented
9721.287031,65.397814,1323.057980
[PASSED]
[time 32.31 s, user 30.56 s, sys 1.61 s, maxrss 1910852 KB]
[busy 3290 jiffies]
[exit 0]
--- c2 case 5 rec 0   load 1.00 1.06 1.08
[TEST MARISA]
Processing dataset...
Done!
Building trie...
Done!
build time: 7758.367174 ms (775.836717 ns per key)
space cost: 147.956710 MB (64.643273% of original size 228.881836 MB)
Querying trie...
Done!
total time: 8879.541015 ms, avg latency: 887.954101 ns
not implemented
7758.367174,147.956710,887.954101
[PASSED]
[time 25.98 s, user 24.32 s, sys 1.55 s, maxrss 1989596 KB]
[busy 2646 jiffies]
[exit 0]
--- c2 case 4 rec 0   skipped: exit 134 in round 1
--- c2 case 3 rec 0   load 1.00 1.05 1.07
[TEST FST]
Processing dataset...
Done!
Building trie...
Done!
build time: 11918.235226 ms (1191.823523 ns per key)
space cost: 119.365768 MB (52.151700% of original size 228.881836 MB)
Querying trie...
Done!
total time: 8487.363770 ms, avg latency: 848.736377 ns
not implemented
11918.235226,119.365768,848.736377
[PASSED]
[time 29.88 s, user 28.54 s, sys 1.21 s, maxrss 1689164 KB]
[busy 3042 jiffies]
[exit 0]
--- c2 case 2 rec 2   skipped: exit 139 in round 1
--- c2 case 2 rec 1   load 1.00 1.05 1.07
[TEST C2-MARISA]
Processing dataset...
Done!
Building trie...
trie size: 24.434970 MB
trie size: 47.886275 MB
Done!
build time: 17256.778703 ms (1725.677870 ns per key)
space cost: 72.352404 MB (31.611248% of original size 228.881836 MB)
Querying trie...
Done!
total time: 9877.664401 ms, avg latency: 987.766440 ns
topology: 14.325905 MB, link: 29.140208 MB, data: 28.558166 MB
--- Unary Path Analysis (Marisa, cutoff=3) ---
  branches: 16819022  |  single-char: 6056704 (36.0%)  short-unary: 587781 (3.5%)  links: 10174537 (60.5%)
  link len: avg=12.30  max=15  total_chars=125137286
  link length distribution (len:count):  3:131739  4:32131  5:8322  6:3155  7:4877  8:17889  9:69612  10:272566  11:1019074  12:3104051  13:4591242  14:919171  15:708
  short unary avg len: 2.00
17256.778703,72.352404,987.766440
[PASSED]
[time 36.64 s, user 34.87 s, sys 1.62 s, maxrss 1667180 KB]
[busy 3734 jiffies]
[exit 0]
--- c2 case 2 rec 0   load 1.00 1.04 1.07
[TEST C2-MARISA]
Processing dataset...
Done!
Building trie...
trie size: 24.434970 MB
Done!
build time: 15234.897617 ms (1523.489762 ns per key)
space cost: 95.269694 MB (41.623965% of original size 228.881836 MB)
Querying trie...
Done!
total time: 6837.007540 ms, avg latency: 683.700754 ns
topology: 8.066944 MB, link: 31.537600 MB, data: 55.337026 MB
--- Unary Path Analysis (Marisa, cutoff=3) ---
  branches: 16819022  |  single-char: 6056704 (36.0%)  short-unary: 587781 (3.5%)  links: 10174537 (60.5%)
  link len: avg=12.30  max=15  total_chars=125137286
  link length distribution (len:count):  3:131739  4:32131  5:8322  6:3155  7:4877  8:17889  9:69612  10:272566  11:1019074  12:3104051  13:4591242  14:919171  15:708
  short unary avg len: 2.00
15234.897617,95.269694,683.700754
[PASSED]
[time 31.59 s, user 29.55 s, sys 1.90 s, maxrss 2244676 KB]
[busy 3220 jiffies]
[exit 0]
--- c2 case 1 rec 2   skipped: exit 139 in round 1
--- c2 case 1 rec 1   load 1.00 1.03 1.06
[TEST C2-CoCo(LOUDS-Sparse)]
Processing dataset...
Done!
Building trie...
trie size: 37.777167 MB
Done!
build time: 23318.246220 ms (2331.824622 ns per key)
space cost: 57.044919 MB (24.923306% of original size 228.881836 MB)
Querying trie...
Done!
total time: 9020.145444 ms, avg latency: 902.014544 ns
topology: 6.873493 MB, link: 30.304507 MB, data: 19.866919 MB
23318.246220,57.044919,902.014544
[PASSED]
[time 41.79 s, user 39.18 s, sys 2.44 s, maxrss 3069188 KB]
[busy 4247 jiffies]
[exit 0]
--- c2 case 1 rec 0   load 0.92 1.01 1.05
[TEST C2-CoCo(LOUDS-Sparse)]
Processing dataset...
Done!
Building trie...
Done!
build time: 21857.703968 ms (2185.770397 ns per key)
space cost: 72.822873 MB (31.816798% of original size 228.881836 MB)
Querying trie...
Done!
total time: 7611.857364 ms, avg latency: 761.185736 ns
topology: 3.420319 MB, link: 32.688608 MB, data: 36.713946 MB
21857.703968,72.822873,761.185736
[PASSED]
[time 38.90 s, user 36.27 s, sys 2.47 s, maxrss 3400496 KB]
[busy 3962 jiffies]
[exit 0]
--- c2 case 0 rec 2   skipped: exit 139 in round 1
--- c2 case 0 rec 1   load 0.88 0.99 1.04
[TEST C2-FST]
Processing dataset...
Done!
Building trie...
trie size: 37.777167 MB
Done!
build time: 17014.347963 ms (1701.434796 ns per key)
space cost: 74.159266 MB (32.400678% of original size 228.881836 MB)
Querying trie...
Done!
total time: 10525.028923 ms, avg latency: 1052.502892 ns
topology: 12.378445 MB, link: 28.910372 MB, data: 32.870449 MB
--- Unary Path Analysis (FST, cutoff=4) ---
  shared unary steps in main trie: 994037
  terminal suffixes: inplace=72 (avg len=2.67)  links=9999928 (100.0% of terminal)
  link len: avg=10.46  max=13  total_chars=104556373
  link length distribution (len:count):  4:308  5:1114  6:4343  7:17785  8:69577  9:272560  10:1019069  11:3104051  12:4591242  13:919171  14:708
17014.347963,74.159266,1052.502892
[PASSED]
[time 37.01 s, user 35.25 s, sys 1.60 s, maxrss 1758240 KB]
[busy 3777 jiffies]
[exit 0]
--- c2 case 0 rec 0   load 0.93 0.99 1.04
[TEST C2-FST]
Processing dataset...
Done!
Building trie...
Done!
build time: 15891.706042 ms (1589.170604 ns per key)
space cost: 89.937219 MB (39.294170% of original size 228.881836 MB)
Querying trie...
Done!
total time: 8975.083443 ms, avg latency: 897.508344 ns
topology: 8.925270 MB, link: 31.294473 MB, data: 49.717476 MB
--- Unary Path Analysis (FST, cutoff=4) ---
  shared unary steps in main trie: 994037
  terminal suffixes: inplace=72 (avg len=2.67)  links=9999928 (100.0% of terminal)
  link len: avg=10.46  max=13  total_chars=104556373
  link length distribution (len:count):  4:308  5:1114  6:4343  7:17785  8:69577  9:272560  10:1019069  11:3104051  12:4591242  13:919171  14:708
15891.706042,89.937219,897.508344
[PASSED]
[time 35.03 s, user 33.03 s, sys 1.83 s, maxrss 2128712 KB]
[busy 4212 jiffies]
[exit 0]
--- lexindex da   skipped: exit 3 in round 1
--- lexindex hashed16   load 1.25 1.06 1.06
10000000 keys
lexindex HashedDictIndex fp=16: build 1948 ms, size 87.616 MiB (9.187 B/key), latency cold 94.7 ns, then mean 105.0 / min 93.5 ns
1947.856,87.616193,94.680
[time 12.81 s, user 18.93 s, sys 1.12 s, maxrss 1565644 KB]
[busy 2578 jiffies]
[exit 0]
--- lexindex hashed8   load 1.42 1.11 1.08
10000000 keys
lexindex HashedDictIndex fp=8: build 1900 ms, size 78.079 MiB (8.187 B/key), latency cold 77.8 ns, then mean 86.6 / min 77.1 ns
1899.561,78.079450,77.770
[time 12.21 s, user 18.31 s, sys 1.11 s, maxrss 1551160 KB]
[busy 2255 jiffies]
[exit 0]
--- lexindex hashed0   load 1.33 1.10 1.07
10000000 keys
lexindex HashedDictIndex closed: build 1900 ms, size 68.543 MiB (7.187 B/key), latency cold 60.1 ns, then mean 60.0 / min 59.9 ns
1899.658,68.542706,60.096
[time 10.52 s, user 16.75 s, sys 1.02 s, maxrss 1543560 KB]
[busy 1811 jiffies]
[exit 0]
--- lexindex string   load 2.45 1.36 1.16
10000000 keys
lexindex StringIndex: build 10533 ms, size 152.422 MiB (15.983 B/key), latency cold 979.9 ns, then mean 779.6 / min 700.2 ns
10532.725,152.421832,979.893
[time 50.08 s, user 48.99 s, sys 0.85 s, maxrss 1604172 KB]
[busy 6432 jiffies]
[exit 0]
--- lexindex routed1024   load 1.68 1.32 1.16
10000000 keys
lexindex DictIndex block 1024 routed: build 859 ms, size 38.745 MiB (4.063 B/key), latency cold 430.2 ns, then mean 430.1 / min 428.5 ns
859.443,38.745214,430.226
[time 24.27 s, user 29.51 s, sys 0.92 s, maxrss 1519140 KB]
[busy 3101 jiffies]
[exit 0]
--- lexindex routed256   load 1.51 1.31 1.16
10000000 keys
lexindex DictIndex block 256 routed: build 996 ms, size 42.419 MiB (4.448 B/key), latency cold 439.9 ns, then mean 438.5 / min 438.0 ns
995.999,42.418646,439.900
[time 24.83 s, user 30.78 s, sys 0.98 s, maxrss 1517664 KB]
[busy 3289 jiffies]
[exit 0]
--- lexindex routed32   load 1.23 1.26 1.14
10000000 keys
lexindex DictIndex block 32 routed: build 887 ms, size 48.450 MiB (5.080 B/key), latency cold 717.1 ns, then mean 716.6 / min 714.5 ns
886.720,48.450328,717.111
[time 35.75 s, user 41.08 s, sys 0.97 s, maxrss 1540584 KB]
[busy 4310 jiffies]
[exit 0]
--- lexindex dict1024   load 1.13 1.23 1.14
10000000 keys
lexindex DictIndex block 1024: build 847 ms, size 36.361 MiB (3.813 B/key), latency cold 478.4 ns, then mean 478.7 / min 478.5 ns
847.473,36.360937,478.418
[time 26.19 s, user 31.49 s, sys 0.92 s, maxrss 1518404 KB]
[busy 3308 jiffies]
[exit 0]
--- lexindex dict256   load 1.08 1.21 1.13
10000000 keys
lexindex DictIndex block 256: build 867 ms, size 37.650 MiB (3.948 B/key), latency cold 497.5 ns, then mean 495.6 / min 494.9 ns
866.509,37.650213,497.524
[time 26.92 s, user 32.40 s, sys 0.93 s, maxrss 1510824 KB]
[busy 3401 jiffies]
[exit 0]
--- lexindex dict32   load 1.12 1.21 1.13
10000000 keys
lexindex DictIndex block 32: build 871 ms, size 43.682 MiB (4.580 B/key), latency cold 741.4 ns, then mean 738.0 / min 730.0 ns
871.276,43.681956,741.426
[time 36.62 s, user 41.94 s, sys 0.98 s, maxrss 1537508 KB]
[busy 4373 jiffies]
[exit 0]

##### dna-10000000 (10000000 lines, 250000000 bytes)   round 3/3   2026-09-25T12:24:18+03:00
--- lexindex dict32   load 1.07 1.18 1.13
10000000 keys
lexindex DictIndex block 32: build 876 ms, size 43.682 MiB (4.580 B/key), latency cold 751.4 ns, then mean 741.9 / min 735.5 ns
876.307,43.681956,751.408
[time 36.84 s, user 42.14 s, sys 0.98 s, maxrss 1539100 KB]
[busy 4394 jiffies]
[exit 0]
--- lexindex dict256   load 1.03 1.16 1.12
10000000 keys
lexindex DictIndex block 256: build 866 ms, size 37.650 MiB (3.948 B/key), latency cold 494.7 ns, then mean 491.8 / min 491.0 ns
865.832,37.650213,494.678
[time 26.77 s, user 32.19 s, sys 1.01 s, maxrss 1511628 KB]
[busy 3389 jiffies]
[exit 0]
--- lexindex dict1024   load 0.94 1.12 1.11
10000000 keys
lexindex DictIndex block 1024: build 848 ms, size 36.361 MiB (3.813 B/key), latency cold 476.6 ns, then mean 477.1 / min 476.3 ns
847.605,36.360937,476.635
[time 26.11 s, user 31.41 s, sys 0.97 s, maxrss 1520180 KB]
[busy 3301 jiffies]
[exit 0]
--- lexindex routed32   load 0.96 1.11 1.10
10000000 keys
lexindex DictIndex block 32 routed: build 890 ms, size 48.450 MiB (5.080 B/key), latency cold 712.0 ns, then mean 711.5 / min 709.7 ns
890.252,48.450328,711.953
[time 35.56 s, user 40.89 s, sys 0.95 s, maxrss 1543600 KB]
[busy 4263 jiffies]
[exit 0]
--- lexindex routed256   load 0.98 1.10 1.10
10000000 keys
lexindex DictIndex block 256 routed: build 886 ms, size 42.419 MiB (4.448 B/key), latency cold 439.1 ns, then mean 439.2 / min 438.6 ns
886.055,42.418646,439.147
[time 24.61 s, user 30.03 s, sys 0.97 s, maxrss 1516296 KB]
[busy 3165 jiffies]
[exit 0]
--- lexindex routed1024   load 0.99 1.09 1.09
10000000 keys
lexindex DictIndex block 1024 routed: build 856 ms, size 38.745 MiB (4.063 B/key), latency cold 428.6 ns, then mean 429.3 / min 428.7 ns
856.029,38.745214,428.601
[time 24.24 s, user 29.54 s, sys 0.95 s, maxrss 1518692 KB]
[busy 3106 jiffies]
[exit 0]
--- lexindex string   load 0.99 1.08 1.09
10000000 keys
lexindex StringIndex: build 9879 ms, size 152.422 MiB (15.983 B/key), latency cold 723.0 ns, then mean 720.4 / min 719.5 ns
9879.142,152.421832,722.980
[time 44.86 s, user 43.88 s, sys 0.81 s, maxrss 1604544 KB]
[busy 4569 jiffies]
[exit 0]
--- lexindex hashed0   load 0.92 1.05 1.08
10000000 keys
lexindex HashedDictIndex closed: build 1894 ms, size 68.543 MiB (7.187 B/key), latency cold 59.8 ns, then mean 59.7 / min 59.4 ns
1894.241,68.542706,59.815
[time 10.46 s, user 16.62 s, sys 1.07 s, maxrss 1545172 KB]
[busy 1802 jiffies]
[exit 0]
--- lexindex hashed8   load 0.93 1.05 1.08
10000000 keys
lexindex HashedDictIndex fp=8: build 1905 ms, size 78.079 MiB (8.187 B/key), latency cold 77.7 ns, then mean 86.9 / min 77.3 ns
1905.217,78.079450,77.667
[time 11.49 s, user 17.61 s, sys 1.12 s, maxrss 1552736 KB]
[busy 1911 jiffies]
[exit 0]
--- lexindex hashed16   load 0.94 1.05 1.08
10000000 keys
lexindex HashedDictIndex fp=16: build 1920 ms, size 87.616 MiB (9.187 B/key), latency cold 77.6 ns, then mean 87.7 / min 77.3 ns
1920.146,87.616193,77.625
[time 11.54 s, user 17.69 s, sys 1.09 s, maxrss 1563756 KB]
[busy 1909 jiffies]
[exit 0]
--- lexindex da   skipped: exit 3 in round 1
--- c2 case 0 rec 0   load 2.06 1.29 1.16
[TEST C2-FST]
Processing dataset...
Done!
Building trie...
Done!
build time: 15636.425531 ms (1563.642553 ns per key)
space cost: 89.937219 MB (39.294170% of original size 228.881836 MB)
Querying trie...
Done!
total time: 7759.085037 ms, avg latency: 775.908504 ns
topology: 8.925270 MB, link: 31.294473 MB, data: 49.717476 MB
--- Unary Path Analysis (FST, cutoff=4) ---
  shared unary steps in main trie: 994037
  terminal suffixes: inplace=72 (avg len=2.67)  links=9999928 (100.0% of terminal)
  link len: avg=10.46  max=13  total_chars=104556373
  link length distribution (len:count):  4:308  5:1114  6:4343  7:17785  8:69577  9:272560  10:1019069  11:3104051  12:4591242  13:919171  14:708
15636.425531,89.937219,775.908504
[PASSED]
[time 33.11 s, user 31.13 s, sys 1.85 s, maxrss 2128512 KB]
[busy 3370 jiffies]
[exit 0]
--- c2 case 0 rec 1   load 1.59 1.26 1.15
[TEST C2-FST]
Processing dataset...
Done!
Building trie...
trie size: 37.777167 MB
Done!
build time: 16963.255349 ms (1696.325535 ns per key)
space cost: 74.159266 MB (32.400678% of original size 228.881836 MB)
Querying trie...
Done!
total time: 10580.007502 ms, avg latency: 1058.000750 ns
topology: 12.378445 MB, link: 28.910372 MB, data: 32.870449 MB
--- Unary Path Analysis (FST, cutoff=4) ---
  shared unary steps in main trie: 994037
  terminal suffixes: inplace=72 (avg len=2.67)  links=9999928 (100.0% of terminal)
  link len: avg=10.46  max=13  total_chars=104556373
  link length distribution (len:count):  4:308  5:1114  6:4343  7:17785  8:69577  9:272560  10:1019069  11:3104051  12:4591242  13:919171  14:708
16963.255349,74.159266,1058.000750
[PASSED]
[time 36.98 s, user 35.27 s, sys 1.55 s, maxrss 1758316 KB]
[busy 3769 jiffies]
[exit 0]
--- c2 case 0 rec 2   skipped: exit 139 in round 1
--- c2 case 1 rec 0   load 1.33 1.23 1.14
[TEST C2-CoCo(LOUDS-Sparse)]
Processing dataset...
Done!
Building trie...
Done!
build time: 22060.581235 ms (2206.058123 ns per key)
space cost: 72.822873 MB (31.816798% of original size 228.881836 MB)
Querying trie...
Done!
total time: 7630.278647 ms, avg latency: 763.027865 ns
topology: 3.420319 MB, link: 32.688608 MB, data: 36.713946 MB
22060.581235,72.822873,763.027865
[PASSED]
[time 39.15 s, user 36.49 s, sys 2.49 s, maxrss 3400508 KB]
[busy 3988 jiffies]
[exit 0]
--- c2 case 1 rec 1   load 1.17 1.20 1.13
[TEST C2-CoCo(LOUDS-Sparse)]
Processing dataset...
Done!
Building trie...
trie size: 37.777167 MB
Done!
build time: 23364.874341 ms (2336.487434 ns per key)
space cost: 57.044919 MB (24.923306% of original size 228.881836 MB)
Querying trie...
Done!
total time: 9095.478392 ms, avg latency: 909.547839 ns
topology: 6.873493 MB, link: 30.304507 MB, data: 19.866919 MB
23364.874341,57.044919,909.547839
[PASSED]
[time 41.93 s, user 39.35 s, sys 2.41 s, maxrss 3069352 KB]
[busy 4280 jiffies]
[exit 0]
--- c2 case 1 rec 2   skipped: exit 139 in round 1
--- c2 case 2 rec 0   load 1.08 1.17 1.12
[TEST C2-MARISA]
Processing dataset...
Done!
Building trie...
trie size: 24.434970 MB
Done!
build time: 15212.113704 ms (1521.211370 ns per key)
space cost: 95.269694 MB (41.623965% of original size 228.881836 MB)
Querying trie...
Done!
total time: 6897.961676 ms, avg latency: 689.796168 ns
topology: 8.066944 MB, link: 31.537600 MB, data: 55.337026 MB
--- Unary Path Analysis (Marisa, cutoff=3) ---
  branches: 16819022  |  single-char: 6056704 (36.0%)  short-unary: 587781 (3.5%)  links: 10174537 (60.5%)
  link len: avg=12.30  max=15  total_chars=125137286
  link length distribution (len:count):  3:131739  4:32131  5:8322  6:3155  7:4877  8:17889  9:69612  10:272566  11:1019074  12:3104051  13:4591242  14:919171  15:708
  short unary avg len: 2.00
15212.113704,95.269694,689.796168
[PASSED]
[time 31.59 s, user 29.62 s, sys 1.84 s, maxrss 2244664 KB]
[busy 3215 jiffies]
[exit 0]
--- c2 case 2 rec 1   load 1.09 1.16 1.12
[TEST C2-MARISA]
Processing dataset...
Done!
Building trie...
trie size: 24.434970 MB
trie size: 47.886275 MB
Done!
build time: 17281.794064 ms (1728.179406 ns per key)
space cost: 72.352404 MB (31.611248% of original size 228.881836 MB)
Querying trie...
Done!
total time: 9859.288522 ms, avg latency: 985.928852 ns
topology: 14.325905 MB, link: 29.140208 MB, data: 28.558166 MB
--- Unary Path Analysis (Marisa, cutoff=3) ---
  branches: 16819022  |  single-char: 6056704 (36.0%)  short-unary: 587781 (3.5%)  links: 10174537 (60.5%)
  link len: avg=12.30  max=15  total_chars=125137286
  link length distribution (len:count):  3:131739  4:32131  5:8322  6:3155  7:4877  8:17889  9:69612  10:272566  11:1019074  12:3104051  13:4591242  14:919171  15:708
  short unary avg len: 2.00
17281.794064,72.352404,985.928852
[PASSED]
[time 36.63 s, user 34.84 s, sys 1.64 s, maxrss 1667052 KB]
[busy 3733 jiffies]
[exit 0]
--- c2 case 2 rec 2   skipped: exit 139 in round 1
--- c2 case 3 rec 0   load 1.05 1.14 1.12
[TEST FST]
Processing dataset...
Done!
Building trie...
Done!
build time: 11922.242066 ms (1192.224207 ns per key)
space cost: 119.365768 MB (52.151700% of original size 228.881836 MB)
Querying trie...
Done!
total time: 8483.934631 ms, avg latency: 848.393463 ns
not implemented
11922.242066,119.365768,848.393463
[PASSED]
[time 29.85 s, user 28.53 s, sys 1.20 s, maxrss 1689060 KB]
[busy 3040 jiffies]
[exit 0]
--- c2 case 4 rec 0   skipped: exit 134 in round 1
--- c2 case 5 rec 0   load 1.03 1.13 1.11
[TEST MARISA]
Processing dataset...
Done!
Building trie...
Done!
build time: 7788.579058 ms (778.857906 ns per key)
space cost: 147.956710 MB (64.643273% of original size 228.881836 MB)
Querying trie...
Done!
total time: 8874.476250 ms, avg latency: 887.447625 ns
not implemented
7788.579058,147.956710,887.447625
[PASSED]
[time 26.01 s, user 24.40 s, sys 1.50 s, maxrss 1989192 KB]
[busy 2654 jiffies]
[exit 0]
--- c2 case 5 rec 1   load 0.94 1.10 1.10
[TEST MARISA]
Processing dataset...
Done!
Building trie...
Done!
build time: 9748.958071 ms (974.895807 ns per key)
space cost: 65.397814 MB (28.572741% of original size 228.881836 MB)
Querying trie...
Done!
total time: 13206.031180 ms, avg latency: 1320.603118 ns
not implemented
9748.958071,65.397814,1320.603118
[PASSED]
[time 32.24 s, user 30.47 s, sys 1.63 s, maxrss 1910424 KB]
[busy 3280 jiffies]
[exit 0]
--- c2 case 5 rec 2   load 0.96 1.09 1.09
[TEST MARISA]
Processing dataset...
Done!
Building trie...
Done!
build time: 9754.353473 ms (975.435347 ns per key)
space cost: 64.374021 MB (28.125439% of original size 228.881836 MB)
Querying trie...
Done!
total time: 13812.977881 ms, avg latency: 1381.297788 ns
not implemented
9754.353473,64.374021,1381.297788
[PASSED]
[time 33.06 s, user 31.34 s, sys 1.58 s, maxrss 1910572 KB]
[busy 3374 jiffies]
[exit 0]
--- c2 case 6 rec 0   load 0.98 1.08 1.09
[TEST PDT]
Processing dataset...
Done!
Building trie...
dict size: 151384, stream size: 57071972
Done!
build time: 24746.972378 ms (2474.697238 ns per key)
space cost: 67.337972 MB (29.420409% of original size 228.881836 MB)
Querying trie...
Done!
total time: 14040.049471 ms, avg latency: 1404.004947 ns
not implemented
24746.972378,67.337972,1404.004947
[PASSED]
[time 48.29 s, user 46.27 s, sys 1.83 s, maxrss 1637220 KB]
[busy 4914 jiffies]
[exit 0]
--- c2 case 7 rec 0   load 0.99 1.06 1.08
[TEST ART]
Processing dataset...
Done!
Building trie...
Done!
build time: 2164.972061 ms (216.497206 ns per key)
space cost: 332.784225 MB (145.395647% of original size 228.881836 MB)
Querying trie...
Done!
total time: 6243.081294 ms, avg latency: 624.308129 ns
not implemented
2164.972061,332.784225,624.308129
[PASSED]
[time 17.91 s, user 16.59 s, sys 1.24 s, maxrss 2190384 KB]
[busy 1824 jiffies]
[exit 0]
--- c2 case 8 rec 0   load 1.00 1.06 1.08
[TEST CART]
Processing dataset...
Done!
Building trie...
Done!
build time: 2756.512732 ms (275.651273 ns per key)
space cost: 156.509016 MB (68.379833% of original size 228.881836 MB)
Querying trie...
Done!
total time: 7255.724039 ms, avg latency: 725.572404 ns
not implemented
2756.512732,156.509016,725.572404
[PASSED]
[time 19.43 s, user 18.13 s, sys 1.22 s, maxrss 2102708 KB]
[busy 1983 jiffies]
[exit 0]
--- xcdat 7   load 1.00 1.05 1.08
build time: 10704.457392 ms
space cost: 136.369071 MiB (59.580556% of original size 228.881836 MiB)
avg latency: 677.970556 ns
10704.457392,136.369071,677.970556
[time 26.85 s, user 25.12 s, sys 1.62 s, maxrss 1706092 KB]
[busy 2739 jiffies]
[exit 0]
--- xcdat 8   load 1.00 1.05 1.08
build time: 10350.748889 ms
space cost: 135.305025 MiB (59.115668% of original size 228.881836 MiB)
avg latency: 673.697602 ns
10350.748889,135.305025,673.697602
[time 26.47 s, user 24.76 s, sys 1.60 s, maxrss 1704956 KB]
[busy 2703 jiffies]
[exit 0]
--- xcdat 15   load 1.05 1.06 1.08
build time: 10621.241760 ms
space cost: 152.576344 MiB (66.661622% of original size 228.881836 MiB)
avg latency: 552.807774 ns
10621.241760,152.576344,552.807774
[time 25.47 s, user 23.74 s, sys 1.62 s, maxrss 1722136 KB]
[busy 2598 jiffies]
[exit 0]
--- xcdat 16   load 1.03 1.05 1.08
build time: 10405.621836 ms
space cost: 157.761472 MiB (68.927039% of original size 228.881836 MiB)
avg latency: 583.139085 ns
10405.621836,157.761472,583.139085
[time 25.56 s, user 23.80 s, sys 1.66 s, maxrss 1728148 KB]
[busy 2603 jiffies]
[exit 0]

##### numeric-10000000 (10000000 lines, 78888890 bytes)   round 3/3   2026-09-25T12:37:49+03:00
--- lexindex dict32   load 0.94 1.03 1.07
10000000 keys
lexindex DictIndex block 32: build 665 ms, size 11.972 MiB (1.255 B/key), latency cold 330.7 ns, then mean 329.5 / min 328.5 ns
664.701,11.971594,330.706
[time 19.34 s, user 22.52 s, sys 0.76 s, maxrss 1165060 KB]
[busy 2378 jiffies]
[exit 0]
--- lexindex dict256   load 0.88 1.01 1.06
10000000 keys
lexindex DictIndex block 256: build 667 ms, size 9.685 MiB (1.016 B/key), latency cold 301.5 ns, then mean 301.8 / min 301.1 ns
666.754,9.685040,301.485
[time 18.23 s, user 21.61 s, sys 0.73 s, maxrss 1156396 KB]
[busy 2278 jiffies]
[exit 0]
--- lexindex dict1024   load 0.90 1.01 1.06
10000000 keys
lexindex DictIndex block 1024: build 639 ms, size 8.762 MiB (0.919 B/key), latency cold 310.8 ns, then mean 309.1 / min 308.1 ns
639.172,8.762317,310.766
[time 18.49 s, user 21.57 s, sys 0.71 s, maxrss 1154340 KB]
[busy 2280 jiffies]
[exit 0]
--- lexindex routed32   load 0.93 1.01 1.06
10000000 keys
lexindex DictIndex block 32 routed: build 692 ms, size 16.740 MiB (1.755 B/key), latency cold 344.2 ns, then mean 343.2 / min 340.7 ns
691.741,16.739965,344.188
[time 19.93 s, user 23.21 s, sys 0.78 s, maxrss 1173412 KB]
[busy 2449 jiffies]
[exit 0]
--- lexindex routed256   load 0.88 0.99 1.05
10000000 keys
lexindex DictIndex block 256 routed: build 694 ms, size 14.453 MiB (1.516 B/key), latency cold 267.3 ns, then mean 264.1 / min 261.4 ns
694.434,14.453472,267.256
[time 16.80 s, user 20.07 s, sys 0.77 s, maxrss 1160784 KB]
[busy 2131 jiffies]
[exit 0]
--- lexindex routed1024   load 0.90 0.99 1.05
10000000 keys
lexindex DictIndex block 1024 routed: build 658 ms, size 11.147 MiB (1.169 B/key), latency cold 232.4 ns, then mean 234.4 / min 233.8 ns
657.772,11.146594,232.365
[time 15.50 s, user 18.67 s, sys 0.75 s, maxrss 1157780 KB]
[busy 1983 jiffies]
[exit 0]
--- lexindex string   load 0.93 0.99 1.05
10000000 keys
lexindex StringIndex: build 1729 ms, size 0.000 MiB (0.000 B/key), latency cold 96.9 ns, then mean 96.7 / min 96.5 ns
1729.126,0.000340,96.893
[time 11.06 s, user 10.47 s, sys 0.55 s, maxrss 1126104 KB]
[busy 1129 jiffies]
[exit 0]
--- lexindex hashed0   load 0.94 0.99 1.05
10000000 keys
lexindex HashedDictIndex closed: build 1614 ms, size 40.578 MiB (4.255 B/key), latency cold 36.1 ns, then mean 35.8 / min 35.7 ns
1614.280,40.577571,36.076
[time 8.54 s, user 12.61 s, sys 0.87 s, maxrss 1193088 KB]
[busy 1382 jiffies]
[exit 0]
--- lexindex hashed8   load 0.95 0.99 1.05
10000000 keys
lexindex HashedDictIndex fp=8: build 1604 ms, size 50.114 MiB (5.255 B/key), latency cold 50.1 ns, then mean 49.9 / min 49.8 ns
1603.834,50.114314,50.143
[time 9.08 s, user 13.02 s, sys 0.89 s, maxrss 1201772 KB]
[busy 1421 jiffies]
[exit 0]
--- lexindex hashed16   load 0.96 0.99 1.05
10000000 keys
lexindex HashedDictIndex fp=16: build 1634 ms, size 59.651 MiB (6.255 B/key), latency cold 52.0 ns, then mean 51.8 / min 51.8 ns
1634.425,59.651057,52.025
[time 9.20 s, user 13.32 s, sys 0.84 s, maxrss 1211636 KB]
[busy 1447 jiffies]
[exit 0]
--- lexindex da   skipped: exit 3 in round 1
--- c2 case 0 rec 0   skipped: exit 139 in round 1
--- c2 case 0 rec 1   skipped: exit 139 in round 1
--- c2 case 0 rec 2   skipped: exit 139 in round 1
--- c2 case 1 rec 0   skipped: exit 139 in round 1
--- c2 case 1 rec 1   skipped: exit 139 in round 1
--- c2 case 1 rec 2   skipped: exit 139 in round 1
--- c2 case 2 rec 0   skipped: exit 139 in round 1
--- c2 case 2 rec 1   skipped: exit 139 in round 1
--- c2 case 2 rec 2   skipped: exit 139 in round 1
--- c2 case 3 rec 0   load 2.00 1.22 1.12
[TEST FST]
Processing dataset...
Done!
Building trie...
Done!
build time: 2541.550804 ms (254.155080 ns per key)
space cost: 14.447110 MB (21.990328% of original size 65.697565 MB)
Querying trie...
Done!
total time: 3576.752082 ms, avg latency: 357.675208 ns
not implemented
2541.550804,14.447110,357.675208
[PASSED]
[time 9.97 s, user 9.28 s, sys 0.65 s, maxrss 661752 KB]
[busy 1015 jiffies]
[exit 0]
--- c2 case 4 rec 0   load 1.84 1.22 1.12
[TEST COCO]
Processing dataset...
Done!
Building trie...
num nodes = 90001, average depth = 1.000033
ef = 0.000000, pa = 0.000000, bv = 0.000011, de = 0.999989
efr = 0.000000, par = 0.000000, bvr = 0.000000, der = 0.000000
Done!
build time: 7110.286928 ms (711.028693 ns per key)
space cost: 4.854946 MB (7.389841% of original size 65.697565 MB)
Querying trie...
Done!
total time: 2975.199582 ms, avg latency: 297.519958 ns
not implemented
7110.286928,4.854946,297.519958
[PASSED]
[time 14.09 s, user 11.78 s, sys 2.25 s, maxrss 4905524 KB]
[busy 1438 jiffies]
[exit 0]
--- c2 case 5 rec 0   load 1.66 1.20 1.11
[TEST MARISA]
Processing dataset...
Done!
Building trie...
Done!
build time: 1693.688550 ms (169.368855 ns per key)
space cost: 15.797803 MB (24.046253% of original size 65.697565 MB)
Querying trie...
Done!
total time: 2523.173029 ms, avg latency: 252.317303 ns
not implemented
1693.688550,15.797803,252.317303
[PASSED]
[time 8.11 s, user 7.29 s, sys 0.78 s, maxrss 977828 KB]
[busy 830 jiffies]
[exit 0]
--- c2 case 5 rec 1   load 1.56 1.20 1.11
[TEST MARISA]
Processing dataset...
Done!
Building trie...
Done!
build time: 1698.907270 ms (169.890727 ns per key)
space cost: 15.797803 MB (24.046253% of original size 65.697565 MB)
Querying trie...
Done!
total time: 2504.830479 ms, avg latency: 250.483048 ns
not implemented
1698.907270,15.797803,250.483048
[PASSED]
[time 8.06 s, user 7.27 s, sys 0.76 s, maxrss 977844 KB]
[busy 833 jiffies]
[exit 0]
--- c2 case 5 rec 2   load 1.39 1.17 1.11
[TEST MARISA]
Processing dataset...
Done!
Building trie...
Done!
build time: 1689.608681 ms (168.960868 ns per key)
space cost: 15.797803 MB (24.046253% of original size 65.697565 MB)
Querying trie...
Done!
total time: 2538.208481 ms, avg latency: 253.820848 ns
not implemented
1689.608681,15.797803,253.820848
[PASSED]
[time 8.09 s, user 7.27 s, sys 0.78 s, maxrss 977920 KB]
[busy 829 jiffies]
[exit 0]
--- c2 case 6 rec 0   load 1.36 1.17 1.10
[TEST PDT]
Processing dataset...
Done!
Building trie...
dict size: 130, stream size: 2965758
Done!
build time: 1196.527687 ms (119.652769 ns per key)
space cost: 15.594018 MB (23.736067% of original size 65.697565 MB)
Querying trie...
Done!
total time: 6359.068658 ms, avg latency: 635.906866 ns
not implemented
1196.527687,15.594018,635.906866
[PASSED]
[time 11.42 s, user 10.74 s, sys 0.64 s, maxrss 687584 KB]
[busy 1164 jiffies]
[exit 0]
--- c2 case 7 rec 0   load 1.28 1.16 1.10
[TEST ART]
Processing dataset...
Done!
Building trie...
Done!
build time: 641.031139 ms (64.103114 ns per key)
space cost: 200.653076 MB (305.419350% of original size 65.697565 MB)
Querying trie...
Done!
total time: 1464.052739 ms, avg latency: 146.405274 ns
not implemented
641.031139,200.653076,146.405274
[PASSED]
[time 5.97 s, user 5.25 s, sys 0.69 s, maxrss 924728 KB]
[busy 607 jiffies]
[exit 0]
--- c2 case 8 rec 0   load 1.26 1.16 1.10
[TEST CART]
Processing dataset...
Done!
Building trie...
Done!
build time: 832.776747 ms (83.277675 ns per key)
space cost: 111.770621 MB (170.129016% of original size 65.697565 MB)
Querying trie...
Done!
total time: 2126.196934 ms, avg latency: 212.619693 ns
not implemented
832.776747,111.770621,212.619693
[PASSED]
[time 6.92 s, user 6.18 s, sys 0.71 s, maxrss 940012 KB]
[busy 704 jiffies]
[exit 0]
--- xcdat 7   load 1.22 1.15 1.10
build time: 2698.625981 ms
space cost: 52.854505 MiB (80.451238% of original size 65.697565 MiB)
avg latency: 341.110797 ns
2698.625981,52.854505,341.110797
[time 9.97 s, user 9.22 s, sys 0.70 s, maxrss 747056 KB]
[busy 1016 jiffies]
[exit 0]
--- xcdat 8   load 1.18 1.15 1.10
build time: 1759.563306 ms
space cost: 46.072033 MiB (70.127459% of original size 65.697565 MiB)
avg latency: 310.463997 ns
1759.563306,46.072033,310.463997
[time 8.78 s, user 8.07 s, sys 0.67 s, maxrss 731972 KB]
[busy 897 jiffies]
[exit 0]
--- xcdat 15   load 1.15 1.14 1.09
build time: 2047.903205 ms
space cost: 67.281871 MiB (102.411514% of original size 65.697565 MiB)
avg latency: 202.947390 ns
2047.903205,67.281871,202.947390
[time 7.92 s, user 7.17 s, sys 0.71 s, maxrss 775964 KB]
[busy 806 jiffies]
[exit 0]
--- xcdat 16   load 1.13 1.14 1.09
build time: 1812.256946 ms
space cost: 71.808467 MiB (109.301565% of original size 65.697565 MiB)
avg latency: 238.605168 ns
1812.256946,71.808467,238.605168
[time 8.13 s, user 7.35 s, sys 0.74 s, maxrss 783872 KB]
[busy 826 jiffies]
[exit 0]

##### opaque-10000000 (10000000 lines, 170000000 bytes)   round 3/3   2026-09-25T12:42:25+03:00
--- lexindex dict32   load 1.11 1.13 1.09
10000000 keys
lexindex DictIndex block 32: build 1092 ms, size 98.166 MiB (10.293 B/key), latency cold 568.9 ns, then mean 568.6 / min 568.3 ns
1091.891,98.166037,568.933
[time 29.55 s, user 36.41 s, sys 1.78 s, maxrss 1429684 KB]
[busy 3899 jiffies]
[exit 0]
--- lexindex dict256   load 1.86 1.35 1.17
10000000 keys
lexindex DictIndex block 256: build 1107 ms, size 95.809 MiB (10.046 B/key), latency cold 538.4 ns, then mean 534.0 / min 529.6 ns
1107.450,95.808618,538.367
[time 28.24 s, user 35.18 s, sys 1.86 s, maxrss 1419740 KB]
[busy 3780 jiffies]
[exit 0]
--- lexindex dict1024   load 1.59 1.33 1.17
10000000 keys
lexindex DictIndex block 1024: build 1079 ms, size 94.924 MiB (9.953 B/key), latency cold 545.1 ns, then mean 544.0 / min 543.9 ns
1078.838,94.923699,545.112
[time 28.59 s, user 35.44 s, sys 1.81 s, maxrss 1409836 KB]
[busy 3797 jiffies]
[exit 0]
--- lexindex routed32   load 2.02 1.49 1.23
10000000 keys
lexindex DictIndex block 32 routed: build 1108 ms, size 102.934 MiB (10.793 B/key), latency cold 541.0 ns, then mean 535.8 / min 534.2 ns
1107.607,102.934408,541.008
[time 28.36 s, user 35.24 s, sys 1.87 s, maxrss 1431580 KB]
[busy 3785 jiffies]
[exit 0]
--- lexindex routed256   load 1.53 1.43 1.21
10000000 keys
lexindex DictIndex block 256 routed: build 1121 ms, size 100.577 MiB (10.546 B/key), latency cold 460.8 ns, then mean 461.5 / min 461.4 ns
1121.265,100.577050,460.836
[time 25.32 s, user 32.30 s, sys 1.97 s, maxrss 1425856 KB]
[busy 3492 jiffies]
[exit 0]
--- lexindex routed1024   load 1.35 1.39 1.21
10000000 keys
lexindex DictIndex block 1024 routed: build 1105 ms, size 97.308 MiB (10.203 B/key), latency cold 447.9 ns, then mean 447.5 / min 447.0 ns
1104.751,97.307977,447.943
[time 24.79 s, user 31.76 s, sys 1.85 s, maxrss 1409012 KB]
[busy 3435 jiffies]
[exit 0]
--- lexindex string   load 2.03 1.58 1.27
10000000 keys
lexindex StringIndex: build 10701 ms, size 204.743 MiB (21.469 B/key), latency cold 476.0 ns, then mean 474.4 / min 473.4 ns
10701.213,204.742606,476.042
[time 35.38 s, user 34.48 s, sys 0.76 s, maxrss 1502108 KB]
[busy 3602 jiffies]
[exit 0]
--- lexindex hashed0   load 1.58 1.51 1.26
10000000 keys
lexindex HashedDictIndex closed: build 2092 ms, size 126.701 MiB (13.286 B/key), latency cold 71.8 ns, then mean 71.1 / min 70.8 ns
2092.201,126.701365,71.769
[time 10.69 s, user 18.45 s, sys 1.99 s, maxrss 1452288 KB]
[busy 2082 jiffies]
[exit 0]
--- lexindex hashed8   load 1.37 1.47 1.25
10000000 keys
lexindex HashedDictIndex fp=8: build 2104 ms, size 136.238 MiB (14.286 B/key), latency cold 76.5 ns, then mean 79.9 / min 76.1 ns
2104.454,136.238108,76.475
[time 11.02 s, user 18.74 s, sys 1.94 s, maxrss 1460560 KB]
[busy 2109 jiffies]
[exit 0]
--- lexindex hashed16   load 1.31 1.45 1.25
10000000 keys
lexindex HashedDictIndex fp=16: build 2124 ms, size 145.775 MiB (15.286 B/key), latency cold 77.8 ns, then mean 81.4 / min 77.0 ns
2123.949,145.774851,77.825
[time 11.12 s, user 18.86 s, sys 2.03 s, maxrss 1476416 KB]
[busy 2127 jiffies]
[exit 0]
--- lexindex da   skipped: exit 3 in round 1
--- c2 case 0 rec 0   load 1.26 1.44 1.25
[TEST C2-FST]
Processing dataset...
Done!
Building trie...
Done!
build time: 12380.329995 ms (1238.032999 ns per key)
space cost: 168.524103 MB (110.443956% of original size 152.587891 MB)
Querying trie...
Done!
total time: 6678.216135 ms, avg latency: 667.821614 ns
topology: 7.322502 MB, link: 33.678872 MB, data: 127.522729 MB
--- Unary Path Analysis (FST, cutoff=4) ---
  shared unary steps in main trie: 26453
  terminal suffixes: inplace=0 (avg len=0.00)  links=10000000 (100.0% of terminal)
  link len: avg=10.54  max=11  total_chars=105416542
  link length distribution (len:count):  8:18  9:1442  10:92299  11:4394462  12:5511779
12380.329995,168.524103,667.821614
[PASSED]
[time 28.11 s, user 26.20 s, sys 1.79 s, maxrss 2353848 KB]
[busy 2861 jiffies]
[exit 0]
--- c2 case 0 rec 1   load 1.16 1.40 1.24
[TEST C2-FST]
Processing dataset...
Done!
Building trie...
trie size: 46.253762 MB
Done!
build time: 23369.799313 ms (2336.979931 ns per key)
space cost: 168.524103 MB (110.443956% of original size 152.587891 MB)
Querying trie...
Done!
total time: 6772.471670 ms, avg latency: 677.247167 ns
topology: 7.322502 MB, link: 33.678872 MB, data: 127.522729 MB
--- Unary Path Analysis (FST, cutoff=4) ---
  shared unary steps in main trie: 26453
  terminal suffixes: inplace=0 (avg len=0.00)  links=10000000 (100.0% of terminal)
  link len: avg=10.54  max=11  total_chars=105416542
  link length distribution (len:count):  8:18  9:1442  10:92299  11:4394462  12:5511779
23369.799313,168.524103,677.247167
[PASSED]
[time 39.27 s, user 36.89 s, sys 2.21 s, maxrss 2822844 KB]
[busy 3994 jiffies]
[exit 0]
--- c2 case 0 rec 2   load 1.08 1.34 1.23
[TEST C2-FST]
Processing dataset...
Done!
Building trie...
trie size: 46.253762 MB
Done!
build time: 23359.559956 ms (2335.955996 ns per key)
space cost: 168.524103 MB (110.443956% of original size 152.587891 MB)
Querying trie...
Done!
total time: 6772.314023 ms, avg latency: 677.231402 ns
topology: 7.322502 MB, link: 33.678872 MB, data: 127.522729 MB
--- Unary Path Analysis (FST, cutoff=4) ---
  shared unary steps in main trie: 26453
  terminal suffixes: inplace=0 (avg len=0.00)  links=10000000 (100.0% of terminal)
  link len: avg=10.54  max=11  total_chars=105416542
  link length distribution (len:count):  8:18  9:1442  10:92299  11:4394462  12:5511779
23359.559956,168.524103,677.231402
[PASSED]
[time 39.25 s, user 36.93 s, sys 2.16 s, maxrss 2822524 KB]
[busy 4003 jiffies]
[exit 0]
--- c2 case 1 rec 0   load 1.04 1.30 1.21
[TEST C2-CoCo(LOUDS-Sparse)]
Processing dataset...
Done!
Building trie...
Done!
build time: 15207.656283 ms (1520.765628 ns per key)
space cost: 161.439246 MB (105.800824% of original size 152.587891 MB)
Querying trie...
Done!
total time: 7091.136352 ms, avg latency: 709.113635 ns
topology: 3.310211 MB, link: 34.003298 MB, data: 124.125737 MB
15207.656283,161.439246,709.113635
[PASSED]
[time 31.39 s, user 28.83 s, sys 2.42 s, maxrss 3322048 KB]
[busy 3200 jiffies]
[exit 0]
--- c2 case 1 rec 1   load 1.02 1.26 1.20
[TEST C2-CoCo(LOUDS-Sparse)]
Processing dataset...
Done!
Building trie...
trie size: 46.253762 MB
Done!
build time: 26090.920554 ms (2609.092055 ns per key)
space cost: 161.439246 MB (105.800824% of original size 152.587891 MB)
Querying trie...
Done!
total time: 6939.332832 ms, avg latency: 693.933283 ns
topology: 3.310211 MB, link: 34.003298 MB, data: 124.125737 MB
26090.920554,161.439246,693.933283
[PASSED]
[time 42.12 s, user 39.21 s, sys 2.74 s, maxrss 3790972 KB]
[busy 4296 jiffies]
[exit 0]
--- c2 case 1 rec 2   load 1.01 1.23 1.19
[TEST C2-CoCo(LOUDS-Sparse)]
Processing dataset...
Done!
Building trie...
trie size: 46.253762 MB
Done!
build time: 26164.268789 ms (2616.426879 ns per key)
space cost: 161.439246 MB (105.800824% of original size 152.587891 MB)
Querying trie...
Done!
total time: 6904.675426 ms, avg latency: 690.467543 ns
topology: 3.310211 MB, link: 34.003298 MB, data: 124.125737 MB
26164.268789,161.439246,690.467543
[PASSED]
[time 42.14 s, user 39.24 s, sys 2.72 s, maxrss 3791228 KB]
[busy 4290 jiffies]
[exit 0]
--- c2 case 2 rec 0   load 1.00 1.20 1.18
[TEST C2-MARISA]
Processing dataset...
Done!
Building trie...
trie size: 18.021462 MB
Done!
build time: 11166.041405 ms (1116.604141 ns per key)
space cost: 165.523580 MB (108.477533% of original size 152.587891 MB)
Querying trie...
Done!
total time: 5611.399222 ms, avg latency: 561.139922 ns
topology: 5.929127 MB, link: 32.190027 MB, data: 127.076301 MB
--- Unary Path Analysis (Marisa, cutoff=3) ---
  branches: 12335636  |  single-char: 2309593 (18.7%)  short-unary: 25639 (0.2%)  links: 10000404 (81.1%)
  link len: avg=12.54  max=13  total_chars=125417760
  link length distribution (len:count):  3:398  4:6  9:18  10:1442  11:92299  12:4394462  13:5511779
  short unary avg len: 2.00
11166.041405,165.523580,561.139922
[PASSED]
[time 25.89 s, user 23.98 s, sys 1.81 s, maxrss 2276412 KB]
[busy 2640 jiffies]
[exit 0]
--- c2 case 2 rec 1   load 1.00 1.18 1.18
[TEST C2-MARISA]
Processing dataset...
Done!
Building trie...
trie size: 18.021462 MB
trie size: 46.255407 MB
Done!
build time: 21981.910754 ms (2198.191075 ns per key)
space cost: 165.523580 MB (108.477533% of original size 152.587891 MB)
Querying trie...
Done!
total time: 5628.439903 ms, avg latency: 562.843990 ns
topology: 5.929127 MB, link: 32.190027 MB, data: 127.076301 MB
--- Unary Path Analysis (Marisa, cutoff=3) ---
  branches: 12335636  |  single-char: 2309593 (18.7%)  short-unary: 25639 (0.2%)  links: 10000404 (81.1%)
  link len: avg=12.54  max=13  total_chars=125417760
  link length distribution (len:count):  3:398  4:6  9:18  10:1442  11:92299  12:4394462  13:5511779
  short unary avg len: 2.00
21981.910754,165.523580,562.843990
[PASSED]
[time 36.73 s, user 34.43 s, sys 2.15 s, maxrss 2779368 KB]
[busy 3747 jiffies]
[exit 0]
--- c2 case 2 rec 2   load 1.00 1.15 1.17
[TEST C2-MARISA]
Processing dataset...
Done!
Building trie...
trie size: 18.021462 MB
trie size: 46.255407 MB
Done!
build time: 22027.779294 ms (2202.777929 ns per key)
space cost: 165.523580 MB (108.477533% of original size 152.587891 MB)
Querying trie...
Done!
total time: 5610.488589 ms, avg latency: 561.048859 ns
topology: 5.929127 MB, link: 32.190027 MB, data: 127.076301 MB
--- Unary Path Analysis (Marisa, cutoff=3) ---
  branches: 12335636  |  single-char: 2309593 (18.7%)  short-unary: 25639 (0.2%)  links: 10000404 (81.1%)
  link len: avg=12.54  max=13  total_chars=125417760
  link length distribution (len:count):  3:398  4:6  9:18  10:1442  11:92299  12:4394462  13:5511779
  short unary avg len: 2.00
22027.779294,165.523580,561.048859
[PASSED]
[time 36.77 s, user 34.40 s, sys 2.22 s, maxrss 2779472 KB]
[busy 3750 jiffies]
[exit 0]
--- c2 case 3 rec 0   load 0.97 1.13 1.16
[TEST FST]
Processing dataset...
Done!
Building trie...
Done!
build time: 8691.230539 ms (869.123054 ns per key)
space cost: 166.730864 MB (109.268739% of original size 152.587891 MB)
Querying trie...
Done!
total time: 5368.175988 ms, avg latency: 536.817599 ns
not implemented
8691.230539,166.730864,536.817599
[PASSED]
[time 23.19 s, user 22.00 s, sys 1.08 s, maxrss 1424956 KB]
[busy 2369 jiffies]
[exit 0]
--- c2 case 4 rec 0   skipped: exit 134 in round 1
--- c2 case 5 rec 0   load 0.98 1.12 1.16
[TEST MARISA]
Processing dataset...
Done!
Building trie...
Done!
build time: 6114.655876 ms (611.465588 ns per key)
space cost: 172.390432 MB (112.977794% of original size 152.587891 MB)
Querying trie...
Done!
total time: 9195.095638 ms, avg latency: 919.509564 ns
not implemented
6114.655876,172.390432,919.509564
[PASSED]
[time 24.37 s, user 22.76 s, sys 1.50 s, maxrss 1756236 KB]
[busy 2485 jiffies]
[exit 0]
--- c2 case 5 rec 1   load 0.99 1.11 1.15
[TEST MARISA]
Processing dataset...
Done!
Building trie...
Done!
build time: 9542.586916 ms (954.258692 ns per key)
space cost: 174.772559 MB (114.538944% of original size 152.587891 MB)
Querying trie...
Done!
total time: 19181.919438 ms, avg latency: 1918.191944 ns
not implemented
9542.586916,174.772559,1918.191944
[PASSED]
[time 37.78 s, user 35.85 s, sys 1.77 s, maxrss 1746152 KB]
[busy 3850 jiffies]
[exit 0]
--- c2 case 5 rec 2   load 0.99 1.10 1.14
[TEST MARISA]
Processing dataset...
Done!
Building trie...
Done!
build time: 12686.897257 ms (1268.689726 ns per key)
space cost: 174.781183 MB (114.544596% of original size 152.587891 MB)
Querying trie...
Done!
total time: 30564.599745 ms, avg latency: 3056.459975 ns
not implemented
12686.897257,174.781183,3056.459975
[PASSED]
[time 52.28 s, user 50.04 s, sys 2.03 s, maxrss 1802092 KB]
[busy 5323 jiffies]
[exit 0]
--- c2 case 6 rec 0   load 1.00 1.08 1.13
[TEST PDT]
Processing dataset...
Done!
Building trie...
dict size: 177886, stream size: 123770486
Done!
build time: 114583.172186 ms (11458.317219 ns per key)
space cost: 130.971906 MB (85.833748% of original size 152.587891 MB)
Querying trie...
Done!
total time: 9137.597457 ms, avg latency: 913.759746 ns
not implemented
114583.172186,130.971906,913.759746
[PASSED]
[time 132.82 s, user 130.48 s, sys 1.85 s, maxrss 2153816 KB]
[busy 13505 jiffies]
[exit 0]
--- c2 case 7 rec 0   load 1.00 1.04 1.11
[TEST ART]
Processing dataset...
Done!
Building trie...
Done!
build time: 1539.065812 ms (153.906581 ns per key)
space cost: 281.783142 MB (184.669400% of original size 152.587891 MB)
Querying trie...
Done!
total time: 2532.455111 ms, avg latency: 253.245511 ns
not implemented
1539.065812,281.783142,253.245511
[PASSED]
[time 13.24 s, user 12.12 s, sys 1.06 s, maxrss 1719220 KB]
[busy 1351 jiffies]
[exit 0]
--- c2 case 8 rec 0   load 0.92 1.03 1.10
[TEST CART]
Processing dataset...
Done!
Building trie...
Done!
build time: 1957.766675 ms (195.776668 ns per key)
space cost: 110.237770 MB (72.245425% of original size 152.587891 MB)
Querying trie...
Done!
total time: 3440.896752 ms, avg latency: 344.089675 ns
not implemented
1957.766675,110.237770,344.089675
[PASSED]
[time 14.55 s, user 13.54 s, sys 0.96 s, maxrss 1557144 KB]
[busy 1484 jiffies]
[exit 0]
--- xcdat 7   load 0.86 1.01 1.09
build time: 10153.286323 ms
space cost: 200.245496 MiB (131.232888% of original size 152.587891 MiB)
avg latency: 390.241609 ns
10153.286323,200.245496,390.241609
[time 23.26 s, user 21.60 s, sys 1.56 s, maxrss 1677908 KB]
[busy 2370 jiffies]
[exit 0]
--- xcdat 8   load 0.90 1.01 1.09
build time: 10399.302998 ms
space cost: 194.729631 MiB (127.618011% of original size 152.587891 MiB)
avg latency: 403.293228 ns
10399.302998,194.729631,403.293228
[time 23.60 s, user 21.95 s, sys 1.55 s, maxrss 1658844 KB]
[busy 2407 jiffies]
[exit 0]
--- xcdat 15   load 0.93 1.00 1.09
build time: 10601.539055 ms
space cost: 206.548369 MiB (135.363539% of original size 152.587891 MiB)
avg latency: 322.912646 ns
10601.539055,206.548369,322.912646
[time 23.03 s, user 21.35 s, sys 1.58 s, maxrss 1675520 KB]
[busy 2345 jiffies]
[exit 0]
--- xcdat 16   load 0.96 1.00 1.08
build time: 10372.367126 ms
space cost: 209.774417 MiB (137.477762% of original size 152.587891 MiB)
avg latency: 360.427600 ns
10372.367126,209.774417,360.427600
[time 23.17 s, user 21.47 s, sys 1.60 s, maxrss 1682092 KB]
[busy 2364 jiffies]
[exit 0]

##### titles-en-10000000 (10000000 lines, 219718589 bytes)   round 3/3   2026-09-25T12:58:42+03:00
--- lexindex dict32   load 0.97 1.00 1.08
10000000 keys
lexindex DictIndex block 32: build 2182 ms, size 58.395 MiB (6.123 B/key), latency cold 706.6 ns, then mean 699.4 / min 694.9 ns
2182.052,58.395205,706.630
[time 36.60 s, user 51.87 s, sys 1.17 s, maxrss 1711148 KB]
[busy 5403 jiffies]
[exit 0]
--- lexindex dict256   load 0.91 0.98 1.07
10000000 keys
lexindex DictIndex block 256: build 2263 ms, size 53.891 MiB (5.651 B/key), latency cold 651.0 ns, then mean 646.6 / min 643.2 ns
2262.504,53.891209,650.955
[time 34.56 s, user 50.43 s, sys 1.21 s, maxrss 1704780 KB]
[busy 5254 jiffies]
[exit 0]
--- lexindex dict1024   load 1.55 1.18 1.14
10000000 keys
lexindex DictIndex block 1024: build 2183 ms, size 52.239 MiB (5.478 B/key), latency cold 680.3 ns, then mean 679.6 / min 679.1 ns
2183.208,52.238668,680.290
[time 35.78 s, user 51.14 s, sys 1.19 s, maxrss 1695772 KB]
[busy 5328 jiffies]
[exit 0]
--- lexindex routed32   load 1.93 1.35 1.20
10000000 keys
lexindex DictIndex block 32 routed: build 2188 ms, size 63.164 MiB (6.623 B/key), latency cold 644.3 ns, then mean 641.5 / min 639.6 ns
2188.254,63.163577,644.281
[time 34.27 s, user 49.61 s, sys 1.09 s, maxrss 1715404 KB]
[busy 5157 jiffies]
[exit 0]
--- lexindex routed256   load 1.52 1.31 1.19
10000000 keys
lexindex DictIndex block 256 routed: build 2256 ms, size 58.660 MiB (6.151 B/key), latency cold 542.8 ns, then mean 540.7 / min 540.2 ns
2256.011,58.659641,542.774
[time 30.31 s, user 46.10 s, sys 1.24 s, maxrss 1708780 KB]
[busy 4815 jiffies]
[exit 0]
--- lexindex routed1024   load 1.31 1.28 1.18
10000000 keys
lexindex DictIndex block 1024 routed: build 2218 ms, size 54.623 MiB (5.728 B/key), latency cold 563.8 ns, then mean 563.8 / min 563.4 ns
2218.410,54.622946,563.840
[time 31.17 s, user 46.61 s, sys 1.13 s, maxrss 1696840 KB]
[busy 4859 jiffies]
[exit 0]
--- lexindex string   load 1.17 1.25 1.17
10000000 keys
lexindex StringIndex: build 7871 ms, size 126.354 MiB (13.249 B/key), latency cold 639.9 ns, then mean 639.4 / min 638.6 ns
7871.284,126.354340,639.910
[time 39.76 s, user 38.86 s, sys 0.74 s, maxrss 1572920 KB]
[busy 4042 jiffies]
[exit 0]
--- lexindex hashed0   load 1.09 1.21 1.16
10000000 keys
lexindex HashedDictIndex closed: build 3375 ms, size 84.783 MiB (8.890 B/key), latency cold 69.4 ns, then mean 69.0 / min 68.9 ns
3374.711,84.782593,69.409
[time 12.55 s, user 29.12 s, sys 1.27 s, maxrss 1732016 KB]
[busy 3083 jiffies]
[exit 0]
--- lexindex hashed8   load 0.99 1.19 1.16
10000000 keys
lexindex HashedDictIndex fp=8: build 3370 ms, size 94.319 MiB (9.890 B/key), latency cold 75.3 ns, then mean 76.5 / min 74.9 ns
3369.641,94.319336,75.268
[time 12.80 s, user 29.40 s, sys 1.26 s, maxrss 1744588 KB]
[busy 3111 jiffies]
[exit 0]
--- lexindex hashed16   load 2.09 1.43 1.23
10000000 keys
lexindex HashedDictIndex fp=16: build 3362 ms, size 103.856 MiB (10.890 B/key), latency cold 76.7 ns, then mean 78.0 / min 76.4 ns
3362.224,103.856079,76.665
[time 12.83 s, user 29.44 s, sys 1.31 s, maxrss 1751976 KB]
[busy 3125 jiffies]
[exit 0]
--- lexindex da   skipped: exit 3 in round 1
--- c2 case 0 rec 0   load 2.00 1.44 1.24
[TEST C2-FST]
Processing dataset...
Done!
Building trie...
Done!
build time: 10483.829820 ms (1048.382982 ns per key)
space cost: 86.858212 MB (43.428404% of original size 200.003232 MB)
Querying trie...
Done!
total time: 11832.572714 ms, avg latency: 1183.257271 ns
topology: 11.274200 MB, link: 21.160836 MB, data: 54.423176 MB
--- Unary Path Analysis (FST, cutoff=4) ---
  shared unary steps in main trie: 9042618
  terminal suffixes: inplace=1798982 (avg len=2.14)  links=6599643 (78.6% of terminal)
  link len: avg=9.93  max=234  total_chars=65543603
  link length distribution (len:count):  4:783104  5:760158  6:695828  7:589022  8:475587  9:402890  10:359960  11:287809  12:252754  13:211229  14:291790  15:204192  16:188465  17:134915  18:119234  19:103940  20:94864  21:79457  22:68801  23:57526  24:51335  25:45253  26:43170  27:36068  28:31115  29:26944  30:23808  31:20749  32:18599  33:16316  34:14256  35:12616  36:11654  37:10097  38:8350  39:7410  40:6438  41:5768  42:5227  43:4358  44:3828  45:3564  46:3239  47:2673  48:2418  49:2015  50:1930  51:1676  52:1473  53:1343  54:1226  55:1070  56:979  57:898  58:769  59:736  60:626  61:563  62:597  63:542  64:428  65:419  66:401  67:383  68:320  69:311  70:276  71:263  72:227  73:216  74:189  75:189  76:152  77:176  78:161  79:141  80:122  81:127  82:110  83:97  84:90  85:90  86:88  87:88  88:62  89:58  90:57  91:55  92:60  93:54  94:47  95:39  96:52  97:43  98:41  99:43  100:34  101:29  102:20  103:25  104:38  105:22  106:19  107:21  108:27  109:17  110:17  111:15  112:20  113:20  114:14  115:18  116:19  117:10  118:15  119:19  120:13  121:11  122:5  123:13  124:11  125:8  126:8  127:8  128:10  129:12  130:6  131:9  132:1  133:8  134:7  135:4  136:6  137:4  138:7  139:6  140:3  141:3  142:1  143:5  144:3  145:5  146:2  147:3  148:3  149:8  150:6  151:3  152:5  153:5  154:4  155:5  156:4  157:2  158:2  159:3  160:6  162:6  163:1  164:1  165:3  166:3  167:6  168:2  169:1  170:1  171:3  172:1  173:1  174:3  175:1  176:1  177:2  178:2  179:4  180:1  182:1  184:2  185:1  188:2  189:1  191:1  193:4  194:1  195:1  198:3  199:2  200:1  201:1  204:3  205:2  206:1  208:1  209:4  210:1  211:1  213:1  214:1  215:1  217:1  223:1  224:2  228:1  229:1  230:1  231:1  233:1  235:1
10483.829820,86.858212,1183.257271
[PASSED]
[time 30.11 s, user 28.63 s, sys 1.36 s, maxrss 1462424 KB]
[busy 3071 jiffies]
[exit 0]
--- c2 case 0 rec 1   load 1.60 1.39 1.23
[TEST C2-FST]
Processing dataset...
Done!
Building trie...
trie size: 22.733012 MB
Done!
build time: 12425.213844 ms (1242.521384 ns per key)
space cost: 75.770544 MB (37.884660% of original size 200.003232 MB)
Querying trie...
Done!
total time: 14177.330073 ms, avg latency: 1417.733007 ns
topology: 13.082478 MB, link: 20.816256 MB, data: 41.871811 MB
--- Unary Path Analysis (FST, cutoff=4) ---
  shared unary steps in main trie: 9042618
  terminal suffixes: inplace=1798982 (avg len=2.14)  links=6599643 (78.6% of terminal)
  link len: avg=9.93  max=234  total_chars=65543603
  link length distribution (len:count):  4:783104  5:760158  6:695828  7:589022  8:475587  9:402890  10:359960  11:287809  12:252754  13:211229  14:291790  15:204192  16:188465  17:134915  18:119234  19:103940  20:94864  21:79457  22:68801  23:57526  24:51335  25:45253  26:43170  27:36068  28:31115  29:26944  30:23808  31:20749  32:18599  33:16316  34:14256  35:12616  36:11654  37:10097  38:8350  39:7410  40:6438  41:5768  42:5227  43:4358  44:3828  45:3564  46:3239  47:2673  48:2418  49:2015  50:1930  51:1676  52:1473  53:1343  54:1226  55:1070  56:979  57:898  58:769  59:736  60:626  61:563  62:597  63:542  64:428  65:419  66:401  67:383  68:320  69:311  70:276  71:263  72:227  73:216  74:189  75:189  76:152  77:176  78:161  79:141  80:122  81:127  82:110  83:97  84:90  85:90  86:88  87:88  88:62  89:58  90:57  91:55  92:60  93:54  94:47  95:39  96:52  97:43  98:41  99:43  100:34  101:29  102:20  103:25  104:38  105:22  106:19  107:21  108:27  109:17  110:17  111:15  112:20  113:20  114:14  115:18  116:19  117:10  118:15  119:19  120:13  121:11  122:5  123:13  124:11  125:8  126:8  127:8  128:10  129:12  130:6  131:9  132:1  133:8  134:7  135:4  136:6  137:4  138:7  139:6  140:3  141:3  142:1  143:5  144:3  145:5  146:2  147:3  148:3  149:8  150:6  151:3  152:5  153:5  154:4  155:5  156:4  157:2  158:2  159:3  160:6  162:6  163:1  164:1  165:3  166:3  167:6  168:2  169:1  170:1  171:3  172:1  173:1  174:3  175:1  176:1  177:2  178:2  179:4  180:1  182:1  184:2  185:1  188:2  189:1  191:1  193:4  194:1  195:1  198:3  199:2  200:1  201:1  204:3  205:2  206:1  208:1  209:4  210:1  211:1  213:1  214:1  215:1  217:1  223:1  224:2  228:1  229:1  230:1  231:1  233:1  235:1
12425.213844,75.770544,1417.733007
[PASSED]
[time 34.46 s, user 32.99 s, sys 1.33 s, maxrss 1339284 KB]
[busy 3516 jiffies]
[exit 0]
--- c2 case 0 rec 2   load 1.30 1.34 1.22
[TEST C2-FST]
Processing dataset...
Done!
Building trie...
trie size: 22.733012 MB
trie size: 3.280537 MB
Done!
build time: 12857.329195 ms (1285.732919 ns per key)
space cost: 75.770544 MB (37.884660% of original size 200.003232 MB)
Querying trie...
Done!
total time: 14106.747610 ms, avg latency: 1410.674761 ns
topology: 13.082478 MB, link: 20.816256 MB, data: 41.871811 MB
--- Unary Path Analysis (FST, cutoff=4) ---
  shared unary steps in main trie: 9042618
  terminal suffixes: inplace=1798982 (avg len=2.14)  links=6599643 (78.6% of terminal)
  link len: avg=9.93  max=234  total_chars=65543603
  link length distribution (len:count):  4:783104  5:760158  6:695828  7:589022  8:475587  9:402890  10:359960  11:287809  12:252754  13:211229  14:291790  15:204192  16:188465  17:134915  18:119234  19:103940  20:94864  21:79457  22:68801  23:57526  24:51335  25:45253  26:43170  27:36068  28:31115  29:26944  30:23808  31:20749  32:18599  33:16316  34:14256  35:12616  36:11654  37:10097  38:8350  39:7410  40:6438  41:5768  42:5227  43:4358  44:3828  45:3564  46:3239  47:2673  48:2418  49:2015  50:1930  51:1676  52:1473  53:1343  54:1226  55:1070  56:979  57:898  58:769  59:736  60:626  61:563  62:597  63:542  64:428  65:419  66:401  67:383  68:320  69:311  70:276  71:263  72:227  73:216  74:189  75:189  76:152  77:176  78:161  79:141  80:122  81:127  82:110  83:97  84:90  85:90  86:88  87:88  88:62  89:58  90:57  91:55  92:60  93:54  94:47  95:39  96:52  97:43  98:41  99:43  100:34  101:29  102:20  103:25  104:38  105:22  106:19  107:21  108:27  109:17  110:17  111:15  112:20  113:20  114:14  115:18  116:19  117:10  118:15  119:19  120:13  121:11  122:5  123:13  124:11  125:8  126:8  127:8  128:10  129:12  130:6  131:9  132:1  133:8  134:7  135:4  136:6  137:4  138:7  139:6  140:3  141:3  142:1  143:5  144:3  145:5  146:2  147:3  148:3  149:8  150:6  151:3  152:5  153:5  154:4  155:5  156:4  157:2  158:2  159:3  160:6  162:6  163:1  164:1  165:3  166:3  167:6  168:2  169:1  170:1  171:3  172:1  173:1  174:3  175:1  176:1  177:2  178:2  179:4  180:1  182:1  184:2  185:1  188:2  189:1  191:1  193:4  194:1  195:1  198:3  199:2  200:1  201:1  204:3  205:2  206:1  208:1  209:4  210:1  211:1  213:1  214:1  215:1  217:1  223:1  224:2  228:1  229:1  230:1  231:1  233:1  235:1
12857.329195,75.770544,1410.674761
[PASSED]
[time 34.84 s, user 33.36 s, sys 1.33 s, maxrss 1364280 KB]
[busy 3545 jiffies]
[exit 0]
--- c2 case 1 rec 0   load 1.17 1.30 1.21
[TEST C2-CoCo(LOUDS-Sparse)]
Processing dataset...
Done!
Building trie...
Done!
build time: 24666.971597 ms (2466.697160 ns per key)
space cost: 98.257762 MB (49.128087% of original size 200.003232 MB)
Querying trie...
Done!
total time: 14733.419726 ms, avg latency: 1473.341973 ns
topology: 4.410110 MB, link: 33.095964 MB, data: 60.751687 MB
24666.971597,98.257762,1473.341973
[PASSED]
[time 47.24 s, user 44.91 s, sys 2.14 s, maxrss 3193552 KB]
[busy 4804 jiffies]
[exit 0]
--- c2 case 1 rec 1   load 1.08 1.26 1.20
[TEST C2-CoCo(LOUDS-Sparse)]
Processing dataset...
Done!
Building trie...
trie size: 22.733012 MB
Done!
build time: 26326.117651 ms (2632.611765 ns per key)
space cost: 87.170093 MB (43.584342% of original size 200.003232 MB)
Querying trie...
Done!
total time: 16905.073344 ms, avg latency: 1690.507334 ns
topology: 6.218388 MB, link: 32.751384 MB, data: 48.200322 MB
26326.117651,87.170093,1690.507334
[PASSED]
[time 51.11 s, user 48.70 s, sys 2.21 s, maxrss 3066340 KB]
[busy 5203 jiffies]
[exit 0]
--- c2 case 1 rec 2   load 1.03 1.21 1.18
[TEST C2-CoCo(LOUDS-Sparse)]
Processing dataset...
Done!
Building trie...
trie size: 22.733012 MB
trie size: 3.280537 MB
Done!
build time: 26965.783532 ms (2696.578353 ns per key)
space cost: 87.170093 MB (43.584342% of original size 200.003232 MB)
Querying trie...
Done!
total time: 16879.478874 ms, avg latency: 1687.947887 ns
topology: 6.218388 MB, link: 32.751384 MB, data: 48.200322 MB
26965.783532,87.170093,1687.947887
[PASSED]
[time 51.70 s, user 49.39 s, sys 2.10 s, maxrss 3090244 KB]
[busy 5258 jiffies]
[exit 0]
--- c2 case 2 rec 0   load 1.01 1.18 1.17
[TEST C2-MARISA]
Processing dataset...
Done!
Building trie...
trie size: 23.317092 MB
Done!
build time: 10565.244244 ms (1056.524424 ns per key)
space cost: 78.192151 MB (39.095444% of original size 200.003232 MB)
Querying trie...
Done!
total time: 7901.296398 ms, avg latency: 790.129640 ns
topology: 7.694263 MB, link: 27.912508 MB, data: 42.257255 MB
--- Unary Path Analysis (Marisa, cutoff=3) ---
  branches: 15080896  |  single-char: 4578086 (30.4%)  short-unary: 1137672 (7.5%)  links: 9365138 (62.1%)
  link len: avg=9.96  max=236  total_chars=93261704
  link length distribution (len:count):  3:947829  4:986562  5:965254  6:903368  7:803217  8:675232  9:535160  10:448828  11:393655  12:313562  13:273926  14:228549  15:306731  16:216481  17:200904  18:144129  19:127804  20:110710  21:100724  22:84358  23:73263  24:61276  25:54434  26:48000  27:45573  28:38180  29:33095  30:28718  31:25581  32:22213  33:19884  34:17374  35:15159  36:13408  37:12318  38:10537  39:8786  40:7764  41:6832  42:6052  43:5427  44:4522  45:3945  46:3695  47:3344  48:2764  49:2509  50:2081  51:1977  52:1721  53:1517  54:1388  55:1255  56:1097  57:1012  58:930  59:785  60:751  61:645  62:578  63:614  64:560  65:436  66:431  67:412  68:392  69:332  70:320  71:285  72:270  73:233  74:225  75:193  76:195  77:155  78:178  79:164  80:147  81:126  82:131  83:112  84:98  85:95  86:92  87:89  88:91  89:63  90:58  91:59  92:55  93:61  94:54  95:48  96:42  97:53  98:43  99:42  100:44  101:35  102:30  103:20  104:25  105:38  106:22  107:19  108:21  109:27  110:17  111:18  112:16  113:20  114:20  115:15  116:18  117:20  118:11  119:16  120:19  121:14  122:12  123:5  124:13  125:12  126:8  127:9  128:8  129:10  130:13  131:6  132:9  133:1  134:8  135:7  136:5  137:7  138:4  139:7  140:6  141:3  142:3  143:1  144:5  145:3  146:5  147:2  148:3  149:3  150:8  151:6  152:3  153:6  154:5  155:4  156:5  157:4  158:2  159:2  160:3  161:6  163:6  164:1  165:1  166:3  167:3  168:6  169:2  170:1  171:1  172:3  173:1  174:1  175:3  176:1  177:1  178:2  179:2  180:4  181:1  183:1  185:3  186:1  189:2  190:1  192:1  194:4  195:2  196:1  199:3  200:3  201:1  202:1  205:3  206:2  207:1  209:1  210:4  211:1  212:1  214:1  215:1  216:1  218:1  224:1  225:2  229:1  230:1  231:1  232:1  234:1  235:1  236:1
  short unary avg len: 2.00
10565.244244,78.192151,790.129640
[PASSED]
[time 26.28 s, user 24.64 s, sys 1.53 s, maxrss 1608692 KB]
[busy 2678 jiffies]
[exit 0]
--- c2 case 2 rec 1   load 1.01 1.16 1.17
[TEST C2-MARISA]
Processing dataset...
Done!
Building trie...
trie size: 23.317092 MB
trie size: 32.530715 MB
Done!
build time: 12703.048796 ms (1270.304880 ns per key)
space cost: 64.832272 MB (32.415612% of original size 200.003232 MB)
Querying trie...
Done!
total time: 10111.527750 ms, avg latency: 1011.152775 ns
topology: 9.978737 MB, link: 28.205211 MB, data: 26.320199 MB
--- Unary Path Analysis (Marisa, cutoff=3) ---
  branches: 15080896  |  single-char: 4578086 (30.4%)  short-unary: 1137672 (7.5%)  links: 9365138 (62.1%)
  link len: avg=9.96  max=236  total_chars=93261704
  link length distribution (len:count):  3:947829  4:986562  5:965254  6:903368  7:803217  8:675232  9:535160  10:448828  11:393655  12:313562  13:273926  14:228549  15:306731  16:216481  17:200904  18:144129  19:127804  20:110710  21:100724  22:84358  23:73263  24:61276  25:54434  26:48000  27:45573  28:38180  29:33095  30:28718  31:25581  32:22213  33:19884  34:17374  35:15159  36:13408  37:12318  38:10537  39:8786  40:7764  41:6832  42:6052  43:5427  44:4522  45:3945  46:3695  47:3344  48:2764  49:2509  50:2081  51:1977  52:1721  53:1517  54:1388  55:1255  56:1097  57:1012  58:930  59:785  60:751  61:645  62:578  63:614  64:560  65:436  66:431  67:412  68:392  69:332  70:320  71:285  72:270  73:233  74:225  75:193  76:195  77:155  78:178  79:164  80:147  81:126  82:131  83:112  84:98  85:95  86:92  87:89  88:91  89:63  90:58  91:59  92:55  93:61  94:54  95:48  96:42  97:53  98:43  99:42  100:44  101:35  102:30  103:20  104:25  105:38  106:22  107:19  108:21  109:27  110:17  111:18  112:16  113:20  114:20  115:15  116:18  117:20  118:11  119:16  120:19  121:14  122:12  123:5  124:13  125:12  126:8  127:9  128:8  129:10  130:13  131:6  132:9  133:1  134:8  135:7  136:5  137:7  138:4  139:7  140:6  141:3  142:3  143:1  144:5  145:3  146:5  147:2  148:3  149:3  150:8  151:6  152:3  153:6  154:5  155:4  156:5  157:4  158:2  159:2  160:3  161:6  163:6  164:1  165:1  166:3  167:3  168:6  169:2  170:1  171:1  172:3  173:1  174:1  175:3  176:1  177:1  178:2  179:2  180:4  181:1  183:1  185:3  186:1  189:2  190:1  192:1  194:4  195:2  196:1  199:3  200:3  201:1  202:1  205:3  206:2  207:1  209:1  210:4  211:1  212:1  214:1  215:1  216:1  218:1  224:1  225:2  229:1  230:1  231:1  232:1  234:1  235:1  236:1
  short unary avg len: 2.00
12703.048796,64.832272,1011.152775
[PASSED]
[time 30.65 s, user 29.06 s, sys 1.46 s, maxrss 1466480 KB]
[busy 3123 jiffies]
[exit 0]
--- c2 case 2 rec 2   load 1.00 1.14 1.16
[TEST C2-MARISA]
Processing dataset...
Done!
Building trie...
trie size: 23.317092 MB
trie size: 32.530715 MB
trie size: 4.028131 MB
Done!
build time: 13386.343636 ms (1338.634364 ns per key)
space cost: 64.832272 MB (32.415612% of original size 200.003232 MB)
Querying trie...
Done!
total time: 10096.657037 ms, avg latency: 1009.665704 ns
topology: 9.978737 MB, link: 28.205211 MB, data: 26.320199 MB
--- Unary Path Analysis (Marisa, cutoff=3) ---
  branches: 15080896  |  single-char: 4578086 (30.4%)  short-unary: 1137672 (7.5%)  links: 9365138 (62.1%)
  link len: avg=9.96  max=236  total_chars=93261704
  link length distribution (len:count):  3:947829  4:986562  5:965254  6:903368  7:803217  8:675232  9:535160  10:448828  11:393655  12:313562  13:273926  14:228549  15:306731  16:216481  17:200904  18:144129  19:127804  20:110710  21:100724  22:84358  23:73263  24:61276  25:54434  26:48000  27:45573  28:38180  29:33095  30:28718  31:25581  32:22213  33:19884  34:17374  35:15159  36:13408  37:12318  38:10537  39:8786  40:7764  41:6832  42:6052  43:5427  44:4522  45:3945  46:3695  47:3344  48:2764  49:2509  50:2081  51:1977  52:1721  53:1517  54:1388  55:1255  56:1097  57:1012  58:930  59:785  60:751  61:645  62:578  63:614  64:560  65:436  66:431  67:412  68:392  69:332  70:320  71:285  72:270  73:233  74:225  75:193  76:195  77:155  78:178  79:164  80:147  81:126  82:131  83:112  84:98  85:95  86:92  87:89  88:91  89:63  90:58  91:59  92:55  93:61  94:54  95:48  96:42  97:53  98:43  99:42  100:44  101:35  102:30  103:20  104:25  105:38  106:22  107:19  108:21  109:27  110:17  111:18  112:16  113:20  114:20  115:15  116:18  117:20  118:11  119:16  120:19  121:14  122:12  123:5  124:13  125:12  126:8  127:9  128:8  129:10  130:13  131:6  132:9  133:1  134:8  135:7  136:5  137:7  138:4  139:7  140:6  141:3  142:3  143:1  144:5  145:3  146:5  147:2  148:3  149:3  150:8  151:6  152:3  153:6  154:5  155:4  156:5  157:4  158:2  159:2  160:3  161:6  163:6  164:1  165:1  166:3  167:3  168:6  169:2  170:1  171:1  172:3  173:1  174:1  175:3  176:1  177:1  178:2  179:2  180:4  181:1  183:1  185:3  186:1  189:2  190:1  192:1  194:4  195:2  196:1  199:3  200:3  201:1  202:1  205:3  206:2  207:1  209:1  210:4  211:1  212:1  214:1  215:1  216:1  218:1  224:1  225:2  229:1  230:1  231:1  232:1  234:1  235:1  236:1
  short unary avg len: 2.00
13386.343636,64.832272,1009.665704
[PASSED]
[time 31.37 s, user 29.78 s, sys 1.46 s, maxrss 1497072 KB]
[busy 3199 jiffies]
[exit 0]
--- c2 case 3 rec 0   load 0.92 1.11 1.15
[TEST FST]
Processing dataset...
Done!
Building trie...
Done!
build time: 9675.938849 ms (967.593885 ns per key)
space cost: 86.740355 MB (43.369476% of original size 200.003232 MB)
Querying trie...
Done!
total time: 13734.267844 ms, avg latency: 1373.426784 ns
not implemented
9675.938849,86.740355,1373.426784
[PASSED]
[time 31.31 s, user 30.25 s, sys 0.93 s, maxrss 1233660 KB]
[busy 3191 jiffies]
[exit 0]
--- c2 case 4 rec 0   skipped: exit 134 in round 1
--- c2 case 5 rec 0   load 0.95 1.10 1.14
[TEST MARISA]
Processing dataset...
Done!
Building trie...
Done!
build time: 6588.623475 ms (658.862348 ns per key)
space cost: 79.225293 MB (39.612006% of original size 200.003232 MB)
Querying trie...
Done!
total time: 10075.631556 ms, avg latency: 1007.563156 ns
not implemented
6588.623475,79.225293,1007.563156
[PASSED]
[time 24.44 s, user 23.01 s, sys 1.32 s, maxrss 1612376 KB]
[busy 2491 jiffies]
[exit 0]
--- c2 case 5 rec 1   load 0.97 1.09 1.14
[TEST MARISA]
Processing dataset...
Done!
Building trie...
Done!
build time: 7824.045721 ms (782.404572 ns per key)
space cost: 58.000221 MB (28.999642% of original size 200.003232 MB)
Querying trie...
Done!
total time: 14107.676215 ms, avg latency: 1410.767621 ns
not implemented
7824.045721,58.000221,1410.767621
[PASSED]
[time 29.69 s, user 28.19 s, sys 1.38 s, maxrss 1612444 KB]
[busy 3026 jiffies]
[exit 0]
--- c2 case 5 rec 2   load 0.98 1.08 1.13
[TEST MARISA]
Processing dataset...
Done!
Building trie...
Done!
build time: 7964.167787 ms (796.416779 ns per key)
space cost: 54.499722 MB (27.249420% of original size 200.003232 MB)
Querying trie...
Done!
total time: 14812.777543 ms, avg latency: 1481.277754 ns
not implemented
7964.167787,54.499722,1481.277754
[PASSED]
[time 30.53 s, user 29.06 s, sys 1.34 s, maxrss 1612428 KB]
[busy 3116 jiffies]
[exit 0]
--- c2 case 6 rec 0   load 0.91 1.05 1.12
[TEST PDT]
Processing dataset...
Done!
Building trie...
dict size: 157532, stream size: 58361417
Done!
build time: 25744.388773 ms (2574.438877 ns per key)
space cost: 68.573545 MB (34.286219% of original size 200.003232 MB)
Querying trie...
Done!
total time: 10715.922853 ms, avg latency: 1071.592285 ns
not implemented
25744.388773,68.573545,1071.592285
[PASSED]
[time 44.28 s, user 42.69 s, sys 1.41 s, maxrss 1317068 KB]
[busy 4513 jiffies]
[exit 0]
--- c2 case 7 rec 0   load 0.88 1.03 1.10
[TEST ART]
Processing dataset...
Done!
Building trie...
Done!
build time: 1954.715802 ms (195.471580 ns per key)
space cost: 339.123360 MB (169.558940% of original size 200.003232 MB)
Querying trie...
Done!
total time: 6907.040889 ms, avg latency: 690.704089 ns
not implemented
1954.715802,339.123360,690.704089
[PASSED]
[time 16.79 s, user 15.59 s, sys 1.12 s, maxrss 1739600 KB]
[busy 1711 jiffies]
[exit 0]
--- c2 case 8 rec 0   load 0.91 1.02 1.10
[TEST CART]
Processing dataset...
Done!
Building trie...
Done!
build time: 2569.738122 ms (256.973812 ns per key)
space cost: 157.938812 MB (78.968130% of original size 200.003232 MB)
Querying trie...
Done!
total time: 7437.612637 ms, avg latency: 743.761264 ns
not implemented
2569.738122,157.938812,743.761264
[PASSED]
[time 17.94 s, user 16.87 s, sys 0.99 s, maxrss 1618120 KB]
[busy 1828 jiffies]
[exit 0]
--- xcdat 7   load 0.93 1.02 1.10
build time: 7437.969910 ms
space cost: 112.423756 MiB (56.210969% of original size 200.003232 MiB)
avg latency: 726.149661 ns
7437.969910,112.423756,726.149661
[time 22.67 s, user 21.16 s, sys 1.42 s, maxrss 1456972 KB]
[busy 2315 jiffies]
[exit 0]
--- xcdat 8   load 0.96 1.02 1.09
build time: 7075.263455 ms
space cost: 108.349843 MiB (54.174046% of original size 200.003232 MiB)
avg latency: 686.565474 ns
7075.263455,108.349843,686.565474
[time 21.92 s, user 20.38 s, sys 1.45 s, maxrss 1452540 KB]
[busy 2229 jiffies]
[exit 0]
--- xcdat 15   load 1.13 1.05 1.10
build time: 7389.628202 ms
space cost: 133.023680 MiB (66.510765% of original size 200.003232 MiB)
avg latency: 567.918867 ns
7389.628202,133.023680,567.918867
[time 21.07 s, user 19.53 s, sys 1.45 s, maxrss 1503808 KB]
[busy 2146 jiffies]
[exit 0]
--- xcdat 16   load 1.58 1.16 1.14
build time: 7094.405386 ms
space cost: 139.139603 MiB (69.568677% of original size 200.003232 MiB)
avg latency: 617.730012 ns
7094.405386,139.139603,617.730012
[time 21.23 s, user 19.68 s, sys 1.46 s, maxrss 1508088 KB]
[busy 2163 jiffies]
[exit 0]

##### urls-10000000 (10000000 lines, 533677969 bytes)   round 3/3   2026-09-25T13:14:13+03:00
--- lexindex dict32   load 1.57 1.18 1.14
10000000 keys
lexindex DictIndex block 32: build 2284 ms, size 68.020 MiB (7.132 B/key), latency cold 801.3 ns, then mean 803.4 / min 800.4 ns
2284.445,68.020096,801.336
[time 41.61 s, user 57.65 s, sys 1.41 s, maxrss 2288424 KB]
[busy 6014 jiffies]
[exit 0]
--- lexindex dict256   load 1.31 1.17 1.14
10000000 keys
lexindex DictIndex block 256: build 2336 ms, size 55.162 MiB (5.784 B/key), latency cold 728.3 ns, then mean 725.0 / min 720.9 ns
2336.212,55.161706,728.268
[time 38.55 s, user 55.16 s, sys 1.37 s, maxrss 2258364 KB]
[busy 5750 jiffies]
[exit 0]
--- lexindex dict1024   load 1.18 1.16 1.14
10000000 keys
lexindex DictIndex block 1024: build 2273 ms, size 52.739 MiB (5.530 B/key), latency cold 743.9 ns, then mean 742.5 / min 742.2 ns
2273.310,52.739459,743.887
[time 39.15 s, user 55.29 s, sys 1.38 s, maxrss 2248624 KB]
[busy 5769 jiffies]
[exit 0]
--- lexindex routed32   load 1.01 1.12 1.13
10000000 keys
lexindex DictIndex block 32 routed: build 2311 ms, size 72.788 MiB (7.632 B/key), latency cold 731.8 ns, then mean 728.0 / min 726.3 ns
2310.847,72.788467,731.826
[time 38.64 s, user 54.84 s, sys 1.41 s, maxrss 2300568 KB]
[busy 5723 jiffies]
[exit 0]
--- lexindex routed256   load 0.92 1.09 1.11
10000000 keys
lexindex DictIndex block 256 routed: build 2361 ms, size 59.930 MiB (6.284 B/key), latency cold 627.8 ns, then mean 624.5 / min 623.4 ns
2360.787,59.930139,627.848
[time 34.57 s, user 51.28 s, sys 1.43 s, maxrss 2262836 KB]
[busy 5369 jiffies]
[exit 0]
--- lexindex routed1024   load 1.68 1.30 1.18
10000000 keys
lexindex DictIndex block 1024 routed: build 2298 ms, size 55.124 MiB (5.780 B/key), latency cold 629.7 ns, then mean 628.4 / min 628.1 ns
2298.430,55.123736,629.738
[time 34.63 s, user 50.90 s, sys 1.29 s, maxrss 2249432 KB]
[busy 5321 jiffies]
[exit 0]
--- lexindex string   load 1.38 1.27 1.18
10000000 keys
lexindex StringIndex: build 8903 ms, size 124.922 MiB (13.099 B/key), latency cold 737.1 ns, then mean 731.9 / min 731.5 ns
8902.853,124.921756,737.136
[time 45.33 s, user 44.06 s, sys 1.09 s, maxrss 2138028 KB]
[busy 4617 jiffies]
[exit 0]
--- lexindex hashed0   load 1.18 1.23 1.17
10000000 keys
lexindex HashedDictIndex closed: build 3572 ms, size 86.056 MiB (9.024 B/key), latency cold 78.1 ns, then mean 78.0 / min 77.9 ns
3572.465,86.055507,78.131
[time 13.87 s, user 31.22 s, sys 1.49 s, maxrss 2289284 KB]
[busy 3324 jiffies]
[exit 0]
--- lexindex hashed8   load 1.14 1.22 1.16
10000000 keys
lexindex HashedDictIndex fp=8: build 3575 ms, size 95.592 MiB (10.024 B/key), latency cold 104.3 ns, then mean 103.5 / min 103.0 ns
3574.899,95.592250,104.311
[time 14.90 s, user 32.38 s, sys 1.45 s, maxrss 2297200 KB]
[busy 3439 jiffies]
[exit 0]
--- lexindex hashed16   load 1.11 1.20 1.16
10000000 keys
lexindex HashedDictIndex fp=16: build 3567 ms, size 105.129 MiB (11.024 B/key), latency cold 105.0 ns, then mean 104.6 / min 104.1 ns
3566.705,105.128993,104.990
[time 14.94 s, user 32.49 s, sys 1.51 s, maxrss 2307960 KB]
[busy 3457 jiffies]
[exit 0]
--- lexindex da   skipped: exit 3 in round 1
--- c2 case 0 rec 0   load 1.45 1.28 1.19
[TEST C2-FST]
Processing dataset...
Done!
Building trie...
Done!
build time: 12059.173493 ms (1205.917349 ns per key)
space cost: 89.769738 MB (17.974862% of original size 499.418229 MB)
Querying trie...
Done!
total time: 15823.994551 ms, avg latency: 1582.399455 ns
topology: 11.665031 MB, link: 21.507524 MB, data: 56.597183 MB
--- Unary Path Analysis (FST, cutoff=4) ---
  shared unary steps in main trie: 10222647
  terminal suffixes: inplace=1703226 (avg len=2.16)  links=6715973 (79.8% of terminal)
  link len: avg=10.80  max=659  total_chars=72556931
  link length distribution (len:count):  4:696901  5:673915  6:668087  7:559938  8:460143  9:408987  10:371411  11:317336  12:286791  13:230146  14:219886  15:194657  16:260212  17:141485  18:132694  19:152516  20:142603  21:91996  22:80093  23:71031  24:65911  25:55655  26:49759  27:43541  28:39655  29:33371  30:31744  31:26630  32:22544  33:19836  34:17416  35:15244  36:14777  37:12475  38:10684  39:9704  40:8252  41:7414  42:7187  43:6077  44:4975  45:4415  46:4008  47:3641  48:3548  49:3129  50:2543  51:2408  52:2048  53:1756  54:1822  55:1758  56:1478  57:1179  58:1174  59:1028  60:1021  61:1008  62:800  63:782  64:703  65:577  66:564  67:679  68:553  69:459  70:394  71:348  72:410  73:498  74:336  75:309  76:287  77:230  78:220  79:262  80:269  81:251  82:214  83:163  84:154  85:231  86:178  87:132  88:144  89:127  90:127  91:212  92:153  93:106  94:107  95:76  96:81  97:157  98:106  99:86  100:109  101:82  102:64  103:107  104:90  105:70  106:58  107:55  108:63  109:130  110:83  111:45  112:41  113:46  114:39  115:60  116:60  117:41  118:52  119:37  120:39  121:51  122:48  123:30  124:24  125:39  126:42  127:48  128:44  129:34  130:23  131:19  132:20  133:26  134:27  135:27  136:16  137:30  138:27  139:16  140:24  141:15  142:13  143:23  144:25  145:30  146:25  147:14  148:7  149:15  150:16  151:9  152:19  153:25  154:20  155:19  156:17  157:10  158:12  159:18  160:5  161:5  162:9  163:10  164:14  165:17  166:11  167:8  168:6  169:2  170:5  171:9  172:11  173:14  174:10  175:6  176:8  177:8  178:8  179:7  180:8  181:5  182:7  183:9  184:6  185:5  186:4  187:6  188:7  189:12  190:7  191:5  192:3  193:7  194:3  195:5  196:2  197:4  198:3  199:6  200:8  201:7  202:9  204:4  205:5  206:5  207:1  208:12  209:3  210:7  211:2  212:2  213:2  214:4  215:2  216:4  217:3  218:6  219:4  220:3  221:3  222:2  223:4  224:2  225:3  226:3  227:3  228:3  229:1  231:4  232:1  233:1  234:2  235:2  236:4  237:4  238:2  239:1  240:1  241:1  242:1  243:5  245:2  246:2  247:2  249:1  250:1  251:1  252:3  254:3  255:6  256:2  257:2  259:1  260:1  261:4  262:3  263:1  264:1  265:1  268:4  270:1  271:1  272:1  273:1  274:1  276:2  280:1  285:1  286:1  287:1  293:1  294:1  300:1  303:1  304:2  305:2  307:1  310:1  318:1  322:1  327:1  328:2  329:3  330:1  333:1  336:1  340:2  347:1  348:1  350:2  352:1  355:1  367:1  379:1  386:1  391:1  419:1  442:1  446:3  449:1  596:1  649:1  660:1
12059.173493,89.769738,1582.399455
[PASSED]
[time 38.00 s, user 36.07 s, sys 1.77 s, maxrss 2073384 KB]
[busy 3881 jiffies]
[exit 0]
--- c2 case 0 rec 1   load 1.23 1.24 1.18
[TEST C2-FST]
Processing dataset...
Done!
Building trie...
trie size: 23.143724 MB
Done!
build time: 14000.996287 ms (1400.099629 ns per key)
space cost: 78.247462 MB (15.667723% of original size 499.418229 MB)
Querying trie...
Done!
total time: 18290.317250 ms, avg latency: 1829.031725 ns
topology: 13.508587 MB, link: 21.314508 MB, data: 43.424367 MB
--- Unary Path Analysis (FST, cutoff=4) ---
  shared unary steps in main trie: 10222647
  terminal suffixes: inplace=1703226 (avg len=2.16)  links=6715973 (79.8% of terminal)
  link len: avg=10.80  max=659  total_chars=72556931
  link length distribution (len:count):  4:696901  5:673915  6:668087  7:559938  8:460143  9:408987  10:371411  11:317336  12:286791  13:230146  14:219886  15:194657  16:260212  17:141485  18:132694  19:152516  20:142603  21:91996  22:80093  23:71031  24:65911  25:55655  26:49759  27:43541  28:39655  29:33371  30:31744  31:26630  32:22544  33:19836  34:17416  35:15244  36:14777  37:12475  38:10684  39:9704  40:8252  41:7414  42:7187  43:6077  44:4975  45:4415  46:4008  47:3641  48:3548  49:3129  50:2543  51:2408  52:2048  53:1756  54:1822  55:1758  56:1478  57:1179  58:1174  59:1028  60:1021  61:1008  62:800  63:782  64:703  65:577  66:564  67:679  68:553  69:459  70:394  71:348  72:410  73:498  74:336  75:309  76:287  77:230  78:220  79:262  80:269  81:251  82:214  83:163  84:154  85:231  86:178  87:132  88:144  89:127  90:127  91:212  92:153  93:106  94:107  95:76  96:81  97:157  98:106  99:86  100:109  101:82  102:64  103:107  104:90  105:70  106:58  107:55  108:63  109:130  110:83  111:45  112:41  113:46  114:39  115:60  116:60  117:41  118:52  119:37  120:39  121:51  122:48  123:30  124:24  125:39  126:42  127:48  128:44  129:34  130:23  131:19  132:20  133:26  134:27  135:27  136:16  137:30  138:27  139:16  140:24  141:15  142:13  143:23  144:25  145:30  146:25  147:14  148:7  149:15  150:16  151:9  152:19  153:25  154:20  155:19  156:17  157:10  158:12  159:18  160:5  161:5  162:9  163:10  164:14  165:17  166:11  167:8  168:6  169:2  170:5  171:9  172:11  173:14  174:10  175:6  176:8  177:8  178:8  179:7  180:8  181:5  182:7  183:9  184:6  185:5  186:4  187:6  188:7  189:12  190:7  191:5  192:3  193:7  194:3  195:5  196:2  197:4  198:3  199:6  200:8  201:7  202:9  204:4  205:5  206:5  207:1  208:12  209:3  210:7  211:2  212:2  213:2  214:4  215:2  216:4  217:3  218:6  219:4  220:3  221:3  222:2  223:4  224:2  225:3  226:3  227:3  228:3  229:1  231:4  232:1  233:1  234:2  235:2  236:4  237:4  238:2  239:1  240:1  241:1  242:1  243:5  245:2  246:2  247:2  249:1  250:1  251:1  252:3  254:3  255:6  256:2  257:2  259:1  260:1  261:4  262:3  263:1  264:1  265:1  268:4  270:1  271:1  272:1  273:1  274:1  276:2  280:1  285:1  286:1  287:1  293:1  294:1  300:1  303:1  304:2  305:2  307:1  310:1  318:1  322:1  327:1  328:2  329:3  330:1  333:1  336:1  340:2  347:1  348:1  350:2  352:1  355:1  367:1  379:1  386:1  391:1  419:1  442:1  446:3  449:1  596:1  649:1  660:1
14000.996287,78.247462,1829.031725
[PASSED]
[time 42.39 s, user 40.49 s, sys 1.73 s, maxrss 2062220 KB]
[busy 4321 jiffies]
[exit 0]
--- c2 case 0 rec 2   load 1.11 1.20 1.17
[TEST C2-FST]
Processing dataset...
Done!
Building trie...
trie size: 23.143724 MB
trie size: 3.515203 MB
Done!
build time: 14631.632402 ms (1463.163240 ns per key)
space cost: 78.247462 MB (15.667723% of original size 499.418229 MB)
Querying trie...
Done!
total time: 18240.530126 ms, avg latency: 1824.053013 ns
topology: 13.508587 MB, link: 21.314508 MB, data: 43.424367 MB
--- Unary Path Analysis (FST, cutoff=4) ---
  shared unary steps in main trie: 10222647
  terminal suffixes: inplace=1703226 (avg len=2.16)  links=6715973 (79.8% of terminal)
  link len: avg=10.80  max=659  total_chars=72556931
  link length distribution (len:count):  4:696901  5:673915  6:668087  7:559938  8:460143  9:408987  10:371411  11:317336  12:286791  13:230146  14:219886  15:194657  16:260212  17:141485  18:132694  19:152516  20:142603  21:91996  22:80093  23:71031  24:65911  25:55655  26:49759  27:43541  28:39655  29:33371  30:31744  31:26630  32:22544  33:19836  34:17416  35:15244  36:14777  37:12475  38:10684  39:9704  40:8252  41:7414  42:7187  43:6077  44:4975  45:4415  46:4008  47:3641  48:3548  49:3129  50:2543  51:2408  52:2048  53:1756  54:1822  55:1758  56:1478  57:1179  58:1174  59:1028  60:1021  61:1008  62:800  63:782  64:703  65:577  66:564  67:679  68:553  69:459  70:394  71:348  72:410  73:498  74:336  75:309  76:287  77:230  78:220  79:262  80:269  81:251  82:214  83:163  84:154  85:231  86:178  87:132  88:144  89:127  90:127  91:212  92:153  93:106  94:107  95:76  96:81  97:157  98:106  99:86  100:109  101:82  102:64  103:107  104:90  105:70  106:58  107:55  108:63  109:130  110:83  111:45  112:41  113:46  114:39  115:60  116:60  117:41  118:52  119:37  120:39  121:51  122:48  123:30  124:24  125:39  126:42  127:48  128:44  129:34  130:23  131:19  132:20  133:26  134:27  135:27  136:16  137:30  138:27  139:16  140:24  141:15  142:13  143:23  144:25  145:30  146:25  147:14  148:7  149:15  150:16  151:9  152:19  153:25  154:20  155:19  156:17  157:10  158:12  159:18  160:5  161:5  162:9  163:10  164:14  165:17  166:11  167:8  168:6  169:2  170:5  171:9  172:11  173:14  174:10  175:6  176:8  177:8  178:8  179:7  180:8  181:5  182:7  183:9  184:6  185:5  186:4  187:6  188:7  189:12  190:7  191:5  192:3  193:7  194:3  195:5  196:2  197:4  198:3  199:6  200:8  201:7  202:9  204:4  205:5  206:5  207:1  208:12  209:3  210:7  211:2  212:2  213:2  214:4  215:2  216:4  217:3  218:6  219:4  220:3  221:3  222:2  223:4  224:2  225:3  226:3  227:3  228:3  229:1  231:4  232:1  233:1  234:2  235:2  236:4  237:4  238:2  239:1  240:1  241:1  242:1  243:5  245:2  246:2  247:2  249:1  250:1  251:1  252:3  254:3  255:6  256:2  257:2  259:1  260:1  261:4  262:3  263:1  264:1  265:1  268:4  270:1  271:1  272:1  273:1  274:1  276:2  280:1  285:1  286:1  287:1  293:1  294:1  300:1  303:1  304:2  305:2  307:1  310:1  318:1  322:1  327:1  328:2  329:3  330:1  333:1  336:1  340:2  347:1  348:1  350:2  352:1  355:1  367:1  379:1  386:1  391:1  419:1  442:1  446:3  449:1  596:1  649:1  660:1
14631.632402,78.247462,1824.053013
[PASSED]
[time 42.95 s, user 41.09 s, sys 1.68 s, maxrss 2062104 KB]
[busy 4373 jiffies]
[exit 0]
--- c2 case 1 rec 0   load 1.05 1.17 1.16
[TEST C2-CoCo(LOUDS-Sparse)]
Processing dataset...
Done!
Building trie...
Done!
build time: 28677.473572 ms (2867.747357 ns per key)
space cost: 94.593055 MB (18.940649% of original size 499.418229 MB)
Querying trie...
Done!
total time: 15717.755127 ms, avg latency: 1571.775513 ns
topology: 4.283638 MB, link: 32.108927 MB, data: 58.200490 MB
28677.473572,94.593055,1571.775513
[PASSED]
[time 54.48 s, user 51.70 s, sys 2.56 s, maxrss 3698404 KB]
[busy 5552 jiffies]
[exit 0]
--- c2 case 1 rec 1   load 1.02 1.14 1.15
[TEST C2-CoCo(LOUDS-Sparse)]
Processing dataset...
Done!
Building trie...
trie size: 23.143724 MB
Done!
build time: 30662.136291 ms (3066.213629 ns per key)
space cost: 83.070779 MB (16.633510% of original size 499.418229 MB)
Querying trie...
Done!
total time: 18461.167230 ms, avg latency: 1846.116723 ns
topology: 6.127193 MB, link: 31.915912 MB, data: 45.027674 MB
30662.136291,83.070779,1846.116723
[PASSED]
[time 59.22 s, user 56.47 s, sys 2.51 s, maxrss 3572064 KB]
[busy 6037 jiffies]
[exit 0]
--- c2 case 1 rec 2   load 1.05 1.13 1.14
[TEST C2-CoCo(LOUDS-Sparse)]
Processing dataset...
Done!
Building trie...
trie size: 23.143724 MB
trie size: 3.515203 MB
Done!
build time: 31280.209831 ms (3128.020983 ns per key)
space cost: 83.070779 MB (16.633510% of original size 499.418229 MB)
Querying trie...
Done!
total time: 18089.876738 ms, avg latency: 1808.987674 ns
topology: 6.127193 MB, link: 31.915912 MB, data: 45.027674 MB
31280.209831,83.070779,1808.987674
[PASSED]
[time 59.45 s, user 56.73 s, sys 2.48 s, maxrss 3593376 KB]
[busy 6053 jiffies]
[exit 0]
--- c2 case 2 rec 0   load 1.02 1.10 1.13
[TEST C2-MARISA]
Processing dataset...
Done!
Building trie...
trie size: 23.210503 MB
Done!
build time: 12017.525269 ms (1201.752527 ns per key)
space cost: 79.565398 MB (15.931617% of original size 499.418229 MB)
Querying trie...
Done!
total time: 8912.859080 ms, avg latency: 891.285908 ns
topology: 7.658741 MB, link: 28.820719 MB, data: 42.757813 MB
--- Unary Path Analysis (Marisa, cutoff=3) ---
  branches: 15006864  |  single-char: 4344202 (28.9%)  short-unary: 992777 (6.6%)  links: 9669885 (64.4%)
  link len: avg=10.53  max=661  total_chars=101846674
  link length distribution (len:count):  3:979135  4:1063854  5:889005  6:816748  7:783836  8:655792  9:527524  10:470175  11:410531  12:348158  13:310501  14:249595  15:236303  16:208521  17:272348  18:152006  19:142197  20:160137  21:150517  22:97740  23:85053  24:75097  25:69397  26:58698  27:52492  28:46035  29:41825  30:35181  31:33558  32:28138  33:24094  34:21147  35:18522  36:16174  37:15646  38:13222  39:11318  40:10241  41:8684  42:7727  43:7580  44:6353  45:5175  46:4565  47:4156  48:3773  49:3667  50:3232  51:2627  52:2472  53:2112  54:1827  55:1870  56:1795  57:1516  58:1219  59:1198  60:1058  61:1063  62:1033  63:824  64:809  65:724  66:596  67:588  68:699  69:566  70:477  71:404  72:358  73:423  74:508  75:343  76:316  77:296  78:242  79:228  80:271  81:278  82:260  83:218  84:168  85:161  86:237  87:180  88:132  89:149  90:129  91:130  92:217  93:157  94:107  95:107  96:78  97:83  98:157  99:108  100:88  101:113  102:83  103:68  104:108  105:90  106:73  107:60  108:55  109:66  110:134  111:84  112:45  113:42  114:46  115:41  116:61  117:60  118:41  119:55  120:38  121:39  122:51  123:48  124:32  125:24  126:41  127:42  128:50  129:45  130:34  131:23  132:21  133:21  134:26  135:27  136:27  137:16  138:30  139:28  140:17  141:24  142:16  143:13  144:23  145:25  146:30  147:25  148:14  149:7  150:15  151:16  152:9  153:20  154:26  155:21  156:19  157:17  158:10  159:13  160:18  161:5  162:5  163:10  164:10  165:15  166:17  167:11  168:8  169:6  170:2  171:5  172:9  173:11  174:14  175:10  176:6  177:8  178:9  179:8  180:7  181:8  182:5  183:7  184:9  185:7  186:5  187:4  188:6  189:7  190:12  191:7  192:5  193:3  194:7  195:3  196:5  197:2  198:4  199:3  200:7  201:8  202:7  203:9  205:4  206:5  207:5  208:2  209:13  210:3  211:8  212:2  213:2  214:2  215:4  216:2  217:4  218:3  219:6  220:5  221:4  222:3  223:2  224:4  225:2  226:3  227:3  228:3  229:3  230:1  232:4  233:1  234:1  235:2  236:2  237:4  238:5  239:2  240:1  241:1  242:2  243:1  244:5  246:2  247:2  248:2  250:1  251:1  252:1  253:3  255:3  256:6  257:2  258:2  260:1  261:1  262:4  263:3  264:1  265:1  266:1  269:4  271:1  272:1  273:1  274:1  275:1  277:2  281:1  286:1  287:1  288:1  294:1  295:1  301:1  304:1  305:2  306:2  308:1  309:1  311:1  319:1  323:1  328:1  329:2  330:3  331:1  334:1  337:1  341:2  348:1  349:1  351:2  353:1  356:1  368:1  380:1  387:1  392:1  420:1  443:1  447:3  450:1  597:1  650:1  661:1
  short unary avg len: 2.00
12017.525269,79.565398,891.285908
[PASSED]
[time 31.06 s, user 29.00 s, sys 1.93 s, maxrss 2063196 KB]
[busy 3166 jiffies]
[exit 0]
--- c2 case 2 rec 1   load 1.01 1.09 1.12
[TEST C2-MARISA]
Processing dataset...
Done!
Building trie...
trie size: 23.210503 MB
trie size: 33.431739 MB
Done!
build time: 14387.851826 ms (1438.785183 ns per key)
space cost: 66.026621 MB (13.220707% of original size 499.418229 MB)
Querying trie...
Done!
total time: 11921.804265 ms, avg latency: 1192.180427 ns
topology: 9.965065 MB, link: 29.247737 MB, data: 26.485694 MB
--- Unary Path Analysis (Marisa, cutoff=3) ---
  branches: 15006864  |  single-char: 4344202 (28.9%)  short-unary: 992777 (6.6%)  links: 9669885 (64.4%)
  link len: avg=10.53  max=661  total_chars=101846674
  link length distribution (len:count):  3:979135  4:1063854  5:889005  6:816748  7:783836  8:655792  9:527524  10:470175  11:410531  12:348158  13:310501  14:249595  15:236303  16:208521  17:272348  18:152006  19:142197  20:160137  21:150517  22:97740  23:85053  24:75097  25:69397  26:58698  27:52492  28:46035  29:41825  30:35181  31:33558  32:28138  33:24094  34:21147  35:18522  36:16174  37:15646  38:13222  39:11318  40:10241  41:8684  42:7727  43:7580  44:6353  45:5175  46:4565  47:4156  48:3773  49:3667  50:3232  51:2627  52:2472  53:2112  54:1827  55:1870  56:1795  57:1516  58:1219  59:1198  60:1058  61:1063  62:1033  63:824  64:809  65:724  66:596  67:588  68:699  69:566  70:477  71:404  72:358  73:423  74:508  75:343  76:316  77:296  78:242  79:228  80:271  81:278  82:260  83:218  84:168  85:161  86:237  87:180  88:132  89:149  90:129  91:130  92:217  93:157  94:107  95:107  96:78  97:83  98:157  99:108  100:88  101:113  102:83  103:68  104:108  105:90  106:73  107:60  108:55  109:66  110:134  111:84  112:45  113:42  114:46  115:41  116:61  117:60  118:41  119:55  120:38  121:39  122:51  123:48  124:32  125:24  126:41  127:42  128:50  129:45  130:34  131:23  132:21  133:21  134:26  135:27  136:27  137:16  138:30  139:28  140:17  141:24  142:16  143:13  144:23  145:25  146:30  147:25  148:14  149:7  150:15  151:16  152:9  153:20  154:26  155:21  156:19  157:17  158:10  159:13  160:18  161:5  162:5  163:10  164:10  165:15  166:17  167:11  168:8  169:6  170:2  171:5  172:9  173:11  174:14  175:10  176:6  177:8  178:9  179:8  180:7  181:8  182:5  183:7  184:9  185:7  186:5  187:4  188:6  189:7  190:12  191:7  192:5  193:3  194:7  195:3  196:5  197:2  198:4  199:3  200:7  201:8  202:7  203:9  205:4  206:5  207:5  208:2  209:13  210:3  211:8  212:2  213:2  214:2  215:4  216:2  217:4  218:3  219:6  220:5  221:4  222:3  223:2  224:4  225:2  226:3  227:3  228:3  229:3  230:1  232:4  233:1  234:1  235:2  236:2  237:4  238:5  239:2  240:1  241:1  242:2  243:1  244:5  246:2  247:2  248:2  250:1  251:1  252:1  253:3  255:3  256:6  257:2  258:2  260:1  261:1  262:4  263:3  264:1  265:1  266:1  269:4  271:1  272:1  273:1  274:1  275:1  277:2  281:1  286:1  287:1  288:1  294:1  295:1  301:1  304:1  305:2  306:2  308:1  309:1  311:1  319:1  323:1  328:1  329:2  330:3  331:1  334:1  337:1  341:2  348:1  349:1  351:2  353:1  356:1  368:1  380:1  387:1  392:1  420:1  443:1  447:3  450:1  597:1  650:1  661:1
  short unary avg len: 2.00
14387.851826,66.026621,1192.180427
[PASSED]
[time 36.40 s, user 34.39 s, sys 1.85 s, maxrss 2050044 KB]
[busy 3717 jiffies]
[exit 0]
--- c2 case 2 rec 2   load 1.00 1.08 1.12
[TEST C2-MARISA]
Processing dataset...
Done!
Building trie...
trie size: 23.210503 MB
trie size: 33.431739 MB
trie size: 4.248938 MB
Done!
build time: 15050.016283 ms (1505.001628 ns per key)
space cost: 66.026621 MB (13.220707% of original size 499.418229 MB)
Querying trie...
Done!
total time: 11823.021968 ms, avg latency: 1182.302197 ns
topology: 9.965065 MB, link: 29.247737 MB, data: 26.485694 MB
--- Unary Path Analysis (Marisa, cutoff=3) ---
  branches: 15006864  |  single-char: 4344202 (28.9%)  short-unary: 992777 (6.6%)  links: 9669885 (64.4%)
  link len: avg=10.53  max=661  total_chars=101846674
  link length distribution (len:count):  3:979135  4:1063854  5:889005  6:816748  7:783836  8:655792  9:527524  10:470175  11:410531  12:348158  13:310501  14:249595  15:236303  16:208521  17:272348  18:152006  19:142197  20:160137  21:150517  22:97740  23:85053  24:75097  25:69397  26:58698  27:52492  28:46035  29:41825  30:35181  31:33558  32:28138  33:24094  34:21147  35:18522  36:16174  37:15646  38:13222  39:11318  40:10241  41:8684  42:7727  43:7580  44:6353  45:5175  46:4565  47:4156  48:3773  49:3667  50:3232  51:2627  52:2472  53:2112  54:1827  55:1870  56:1795  57:1516  58:1219  59:1198  60:1058  61:1063  62:1033  63:824  64:809  65:724  66:596  67:588  68:699  69:566  70:477  71:404  72:358  73:423  74:508  75:343  76:316  77:296  78:242  79:228  80:271  81:278  82:260  83:218  84:168  85:161  86:237  87:180  88:132  89:149  90:129  91:130  92:217  93:157  94:107  95:107  96:78  97:83  98:157  99:108  100:88  101:113  102:83  103:68  104:108  105:90  106:73  107:60  108:55  109:66  110:134  111:84  112:45  113:42  114:46  115:41  116:61  117:60  118:41  119:55  120:38  121:39  122:51  123:48  124:32  125:24  126:41  127:42  128:50  129:45  130:34  131:23  132:21  133:21  134:26  135:27  136:27  137:16  138:30  139:28  140:17  141:24  142:16  143:13  144:23  145:25  146:30  147:25  148:14  149:7  150:15  151:16  152:9  153:20  154:26  155:21  156:19  157:17  158:10  159:13  160:18  161:5  162:5  163:10  164:10  165:15  166:17  167:11  168:8  169:6  170:2  171:5  172:9  173:11  174:14  175:10  176:6  177:8  178:9  179:8  180:7  181:8  182:5  183:7  184:9  185:7  186:5  187:4  188:6  189:7  190:12  191:7  192:5  193:3  194:7  195:3  196:5  197:2  198:4  199:3  200:7  201:8  202:7  203:9  205:4  206:5  207:5  208:2  209:13  210:3  211:8  212:2  213:2  214:2  215:4  216:2  217:4  218:3  219:6  220:5  221:4  222:3  223:2  224:4  225:2  226:3  227:3  228:3  229:3  230:1  232:4  233:1  234:1  235:2  236:2  237:4  238:5  239:2  240:1  241:1  242:2  243:1  244:5  246:2  247:2  248:2  250:1  251:1  252:1  253:3  255:3  256:6  257:2  258:2  260:1  261:1  262:4  263:3  264:1  265:1  266:1  269:4  271:1  272:1  273:1  274:1  275:1  277:2  281:1  286:1  287:1  288:1  294:1  295:1  301:1  304:1  305:2  306:2  308:1  309:1  311:1  319:1  323:1  328:1  329:2  330:3  331:1  334:1  337:1  341:2  348:1  349:1  351:2  353:1  356:1  368:1  380:1  387:1  392:1  420:1  443:1  447:3  450:1  597:1  650:1  661:1
  short unary avg len: 2.00
15050.016283,66.026621,1182.302197
[PASSED]
[time 36.95 s, user 34.97 s, sys 1.82 s, maxrss 2049868 KB]
[busy 3774 jiffies]
[exit 0]
--- c2 case 3 rec 0   load 1.00 1.07 1.11
[TEST FST]
Processing dataset...
Done!
Building trie...
Done!
build time: 15669.745465 ms (1566.974547 ns per key)
space cost: 90.985074 MB (18.218212% of original size 499.418229 MB)
Querying trie...
Done!
total time: 19554.781427 ms, avg latency: 1955.478143 ns
not implemented
15669.745465,90.985074,1955.478143
[PASSED]
[time 45.32 s, user 43.85 s, sys 1.29 s, maxrss 2073564 KB]
[busy 4614 jiffies]
[exit 0]
--- c2 case 4 rec 0   skipped: exit 134 in round 1
--- c2 case 5 rec 0   load 1.00 1.06 1.10
[TEST MARISA]
Processing dataset...
Done!
Building trie...
Done!
build time: 11037.821545 ms (1103.782154 ns per key)
space cost: 82.540893 MB (16.527409% of original size 499.418229 MB)
Querying trie...
Done!
total time: 11092.988110 ms, avg latency: 1109.298811 ns
not implemented
11037.821545,82.540893,1109.298811
[PASSED]
[time 31.92 s, user 30.14 s, sys 1.65 s, maxrss 2342356 KB]
[busy 3265 jiffies]
[exit 0]
--- c2 case 5 rec 1   load 1.00 1.05 1.09
[TEST MARISA]
Processing dataset...
Done!
Building trie...
Done!
build time: 11898.937303 ms (1189.893730 ns per key)
space cost: 59.449470 MB (11.903744% of original size 499.418229 MB)
Querying trie...
Done!
total time: 15073.119900 ms, avg latency: 1507.311990 ns
not implemented
11898.937303,59.449470,1507.311990
[PASSED]
[time 36.82 s, user 34.91 s, sys 1.75 s, maxrss 2342368 KB]
[busy 3759 jiffies]
[exit 0]
--- c2 case 5 rec 2   load 1.00 1.04 1.09
[TEST MARISA]
Processing dataset...
Done!
Building trie...
Done!
build time: 12164.976167 ms (1216.497617 ns per key)
space cost: 55.623455 MB (11.137650% of original size 499.418229 MB)
Querying trie...
Done!
total time: 16303.474533 ms, avg latency: 1630.347453 ns
not implemented
12164.976167,55.623455,1630.347453
[PASSED]
[time 38.28 s, user 36.40 s, sys 1.71 s, maxrss 2342444 KB]
[busy 3919 jiffies]
[exit 0]
--- c2 case 6 rec 0   load 1.00 1.03 1.08
[TEST PDT]
Processing dataset...
Done!
Building trie...
dict size: 156234, stream size: 59837983
Done!
build time: 27980.863279 ms (2798.086328 ns per key)
space cost: 69.980471 MB (14.012398% of original size 499.418229 MB)
Querying trie...
Done!
total time: 11488.621748 ms, avg latency: 1148.862175 ns
not implemented
27980.863279,69.980471,1148.862175
[PASSED]
[time 49.55 s, user 47.53 s, sys 1.81 s, maxrss 2053428 KB]
[busy 5041 jiffies]
[exit 0]
--- c2 case 7 rec 0   load 1.00 1.03 1.08
[TEST ART]
Processing dataset...
Done!
Building trie...
Done!
build time: 3613.671348 ms (361.367135 ns per key)
space cost: 341.430801 MB (68.365707% of original size 499.418229 MB)
Querying trie...
Done!
total time: 9710.407503 ms, avg latency: 971.040750 ns
not implemented
3613.671348,341.430801,971.040750
[PASSED]
[time 23.42 s, user 21.73 s, sys 1.58 s, maxrss 2884836 KB]
[busy 2390 jiffies]
[exit 0]
--- c2 case 8 rec 0   load 1.22 1.07 1.09
[TEST CART]
Processing dataset...
Done!
Building trie...
Done!
build time: 4200.223288 ms (420.022329 ns per key)
space cost: 160.654354 MB (32.168300% of original size 499.418229 MB)
Querying trie...
Done!
total time: 9487.010822 ms, avg latency: 948.701082 ns
not implemented
4200.223288,160.654354,948.701082
[PASSED]
[time 23.77 s, user 22.12 s, sys 1.55 s, maxrss 2766080 KB]
[busy 2421 jiffies]
[exit 0]
--- xcdat 7   load 1.27 1.10 1.10
build time: 12827.813408 ms
space cost: 117.959981 MiB (23.619478% of original size 499.418229 MiB)
avg latency: 885.512986 ns
12827.813408,117.959981,885.512986
[time 31.67 s, user 29.74 s, sys 1.80 s, maxrss 2101964 KB]
[busy 3229 jiffies]
[exit 0]
--- xcdat 8   load 1.16 1.09 1.10
build time: 12467.436500 ms
space cost: 114.082344 MiB (22.843048% of original size 499.418229 MiB)
avg latency: 801.521186 ns
12467.436500,114.082344,801.521186
[time 30.51 s, user 28.59 s, sys 1.79 s, maxrss 2098004 KB]
[busy 3114 jiffies]
[exit 0]
--- xcdat 15   load 1.01 1.06 1.08
build time: 12794.490772 ms
space cost: 140.648740 MiB (28.162516% of original size 499.418229 MiB)
avg latency: 691.913471 ns
12794.490772,140.648740,691.913471
[time 29.78 s, user 27.85 s, sys 1.80 s, maxrss 2125096 KB]
[busy 3035 jiffies]
[exit 0]
--- xcdat 16   load 1.00 1.05 1.08
build time: 12492.188466 ms
space cost: 147.118110 MiB (29.457897% of original size 499.418229 MiB)
avg latency: 759.126434 ns
12492.188466,147.118110,759.126434
[time 30.15 s, user 28.21 s, sys 1.81 s, maxrss 2131540 KB]
[busy 3076 jiffies]
[exit 0]

##### uuid-10000000 (10000000 lines, 370000000 bytes)   round 3/3   2026-09-25T13:32:52+03:00
--- lexindex dict32   load 1.00 1.05 1.08
10000000 keys
lexindex DictIndex block 32: build 1375 ms, size 173.033 MiB (18.144 B/key), latency cold 711.1 ns, then mean 709.7 / min 709.1 ns
1375.220,173.033094,711.111
[time 35.99 s, user 44.76 s, sys 2.05 s, maxrss 1921180 KB]
[busy 4775 jiffies]
[exit 0]
--- lexindex dict256   load 1.00 1.04 1.08
10000000 keys
lexindex DictIndex block 256: build 1398 ms, size 167.461 MiB (17.560 B/key), latency cold 630.1 ns, then mean 629.9 / min 627.0 ns
1398.420,167.461316,630.096
[time 32.83 s, user 42.02 s, sys 2.09 s, maxrss 1905780 KB]
[busy 4506 jiffies]
[exit 0]
--- lexindex dict1024   load 1.00 1.03 1.07
10000000 keys
lexindex DictIndex block 1024: build 1375 ms, size 166.102 MiB (17.417 B/key), latency cold 649.0 ns, then mean 647.3 / min 645.4 ns
1375.033,166.101995,649.046
[time 33.49 s, user 42.47 s, sys 2.03 s, maxrss 1901728 KB]
[busy 4550 jiffies]
[exit 0]
--- lexindex routed32   load 1.00 1.03 1.07
10000000 keys
lexindex DictIndex block 32 routed: build 1413 ms, size 177.801 MiB (18.644 B/key), latency cold 608.6 ns, then mean 604.9 / min 604.3 ns
1412.753,177.801466,608.642
[time 31.89 s, user 40.65 s, sys 2.04 s, maxrss 1926396 KB]
[busy 4351 jiffies]
[exit 0]
--- lexindex routed256   load 0.92 1.01 1.06
10000000 keys
lexindex DictIndex block 256 routed: build 1420 ms, size 172.230 MiB (18.060 B/key), latency cold 528.1 ns, then mean 528.7 / min 527.7 ns
1419.706,172.229749,528.071
[time 28.80 s, user 37.95 s, sys 2.08 s, maxrss 1910460 KB]
[busy 4092 jiffies]
[exit 0]
--- lexindex routed1024   load 1.61 1.20 1.12
10000000 keys
lexindex DictIndex block 1024 routed: build 1386 ms, size 168.486 MiB (17.667 B/key), latency cold 534.9 ns, then mean 534.3 / min 534.2 ns
1386.324,168.486272,534.893
[time 29.00 s, user 37.91 s, sys 2.01 s, maxrss 1905296 KB]
[busy 4072 jiffies]
[exit 0]
--- lexindex string   load 1.97 1.37 1.18
10000000 keys
lexindex StringIndex: build 23344 ms, size 343.964 MiB (36.067 B/key), latency cold 574.1 ns, then mean 575.9 / min 575.1 ns
23343.818,343.963631,574.083
[time 52.49 s, user 51.20 s, sys 1.08 s, maxrss 1956988 KB]
[busy 5333 jiffies]
[exit 0]
--- lexindex hashed0   load 1.42 1.31 1.17
10000000 keys
lexindex HashedDictIndex closed: build 2481 ms, size 198.354 MiB (20.799 B/key), latency cold 78.1 ns, then mean 78.1 / min 77.8 ns
2481.421,198.353765,78.134
[time 11.82 s, user 21.61 s, sys 2.24 s, maxrss 1937384 KB]
[busy 2436 jiffies]
[exit 0]
--- lexindex hashed8   load 1.33 1.29 1.17
10000000 keys
lexindex HashedDictIndex fp=8: build 2514 ms, size 207.891 MiB (21.799 B/key), latency cold 101.3 ns, then mean 99.4 / min 99.0 ns
2514.346,207.890509,101.297
[time 12.73 s, user 22.53 s, sys 2.27 s, maxrss 1947412 KB]
[busy 2526 jiffies]
[exit 0]
--- lexindex hashed16   load 1.17 1.26 1.16
10000000 keys
lexindex HashedDictIndex fp=16: build 2540 ms, size 217.427 MiB (22.799 B/key), latency cold 103.0 ns, then mean 102.2 / min 101.4 ns
2539.938,217.427252,102.972
[time 12.84 s, user 22.70 s, sys 2.23 s, maxrss 1957180 KB]
[busy 2537 jiffies]
[exit 0]
--- lexindex da   skipped: exit 3 in round 1
--- c2 case 0 rec 0   load 2.18 1.48 1.23
[TEST C2-FST]
Processing dataset...
Done!
Building trie...
Done!
build time: 13769.307921 ms (1376.930792 ns per key)
space cost: 224.266170 MB (65.322256% of original size 343.322754 MB)
Querying trie...
Done!
total time: 6981.927347 ms, avg latency: 698.192735 ns
topology: 7.652824 MB, link: 34.870965 MB, data: 181.742380 MB
--- Unary Path Analysis (FST, cutoff=4) ---
  shared unary steps in main trie: 126967
  terminal suffixes: inplace=0 (avg len=0.00)  links=10000000 (100.0% of terminal)
  link len: avg=28.51  max=30  total_chars=285103126
  link length distribution (len:count):  23:4  24:94  25:1324  26:21561  28:340409  29:4123330  30:5512548  31:730
13769.307921,224.266170,698.192735
[PASSED]
[time 29.88 s, user 27.60 s, sys 2.16 s, maxrss 3090252 KB]
[busy 3055 jiffies]
[exit 0]
--- c2 case 0 rec 1   load 1.57 1.41 1.22
[TEST C2-FST]
Processing dataset...
Done!
Building trie...
trie size: 47.664446 MB
Done!
build time: 25710.927320 ms (2571.092732 ns per key)
space cost: 224.266170 MB (65.322256% of original size 343.322754 MB)
Querying trie...
Done!
total time: 7052.879144 ms, avg latency: 705.287914 ns
topology: 7.652824 MB, link: 34.870965 MB, data: 181.742380 MB
--- Unary Path Analysis (FST, cutoff=4) ---
  shared unary steps in main trie: 126967
  terminal suffixes: inplace=0 (avg len=0.00)  links=10000000 (100.0% of terminal)
  link len: avg=28.51  max=30  total_chars=285103126
  link length distribution (len:count):  23:4  24:94  25:1324  26:21561  28:340409  29:4123330  30:5512548  31:730
25710.927320,224.266170,705.287914
[PASSED]
[time 41.91 s, user 39.21 s, sys 2.53 s, maxrss 3559668 KB]
[busy 4280 jiffies]
[exit 0]
--- c2 case 0 rec 2   load 1.29 1.36 1.21
[TEST C2-FST]
Processing dataset...
Done!
Building trie...
trie size: 47.664446 MB
Done!
build time: 25671.985943 ms (2567.198594 ns per key)
space cost: 224.266170 MB (65.322256% of original size 343.322754 MB)
Querying trie...
Done!
total time: 7042.804256 ms, avg latency: 704.280426 ns
topology: 7.652824 MB, link: 34.870965 MB, data: 181.742380 MB
--- Unary Path Analysis (FST, cutoff=4) ---
  shared unary steps in main trie: 126967
  terminal suffixes: inplace=0 (avg len=0.00)  links=10000000 (100.0% of terminal)
  link len: avg=28.51  max=30  total_chars=285103126
  link length distribution (len:count):  23:4  24:94  25:1324  26:21561  28:340409  29:4123330  30:5512548  31:730
25671.985943,224.266170,704.280426
[PASSED]
[time 41.87 s, user 39.17 s, sys 2.53 s, maxrss 3559372 KB]
[busy 4276 jiffies]
[exit 0]
--- c2 case 1 rec 0   load 1.14 1.30 1.19
[TEST C2-CoCo(LOUDS-Sparse)]
Processing dataset...
Done!
Building trie...
Done!
build time: 17363.628167 ms (1736.362817 ns per key)
space cost: 212.803069 MB (61.983386% of original size 343.322754 MB)
Querying trie...
Done!
total time: 7217.296366 ms, avg latency: 721.729637 ns
topology: 3.395058 MB, link: 36.016802 MB, data: 173.391209 MB
17363.628167,212.803069,721.729637
[PASSED]
[time 33.76 s, user 30.85 s, sys 2.77 s, maxrss 4160592 KB]
[busy 3443 jiffies]
[exit 0]
--- c2 case 1 rec 1   load 1.00 1.25 1.18
[TEST C2-CoCo(LOUDS-Sparse)]
Processing dataset...
Done!
Building trie...
trie size: 47.664446 MB
Done!
build time: 29370.028272 ms (2937.002827 ns per key)
space cost: 212.803069 MB (61.983386% of original size 343.322754 MB)
Querying trie...
Done!
total time: 7256.299459 ms, avg latency: 725.629946 ns
topology: 3.395058 MB, link: 36.016802 MB, data: 173.391209 MB
29370.028272,212.803069,725.629946
[PASSED]
[time 45.79 s, user 42.40 s, sys 3.21 s, maxrss 4630088 KB]
[busy 4666 jiffies]
[exit 0]
--- c2 case 1 rec 2   load 1.00 1.22 1.17
[TEST C2-CoCo(LOUDS-Sparse)]
Processing dataset...
Done!
Building trie...
trie size: 47.664446 MB
Done!
build time: 29368.580040 ms (2936.858004 ns per key)
space cost: 212.803069 MB (61.983386% of original size 343.322754 MB)
Querying trie...
Done!
total time: 7340.003816 ms, avg latency: 734.000382 ns
topology: 3.395058 MB, link: 36.016802 MB, data: 173.391209 MB
29368.580040,212.803069,734.000382
[PASSED]
[time 45.86 s, user 42.53 s, sys 3.14 s, maxrss 4630112 KB]
[busy 4670 jiffies]
[exit 0]
--- c2 case 2 rec 0   load 1.07 1.20 1.17
[TEST C2-MARISA]
Processing dataset...
Done!
Building trie...
trie size: 19.421587 MB
Done!
build time: 12817.654702 ms (1281.765470 ns per key)
space cost: 218.030363 MB (63.505946% of original size 343.322754 MB)
Querying trie...
Done!
total time: 5782.609330 ms, avg latency: 578.260933 ns
topology: 6.395802 MB, link: 33.418009 MB, data: 177.888428 MB
--- Unary Path Analysis (Marisa, cutoff=3) ---
  branches: 13314429  |  single-char: 3205780 (24.1%)  short-unary: 97508 (0.7%)  links: 10011141 (75.2%)
  link len: avg=30.48  max=32  total_chars=305143726
  link length distribution (len:count):  3:4393  4:6350  5:369  6:27  7:2  24:4  25:94  26:1324  27:21561  29:340409  30:4123330  31:5512548  32:730
  short unary avg len: 2.00
12817.654702,218.030363,578.260933
[PASSED]
[time 27.77 s, user 25.44 s, sys 2.20 s, maxrss 3004336 KB]
[busy 2829 jiffies]
[exit 0]
--- c2 case 2 rec 1   load 1.04 1.18 1.16
[TEST C2-MARISA]
Processing dataset...
Done!
Building trie...
trie size: 19.421587 MB
trie size: 47.697874 MB
Done!
build time: 24800.086335 ms (2480.008634 ns per key)
space cost: 218.030363 MB (63.505946% of original size 343.322754 MB)
Querying trie...
Done!
total time: 5830.110015 ms, avg latency: 583.011002 ns
topology: 6.395802 MB, link: 33.418009 MB, data: 177.888428 MB
--- Unary Path Analysis (Marisa, cutoff=3) ---
  branches: 13314429  |  single-char: 3205780 (24.1%)  short-unary: 97508 (0.7%)  links: 10011141 (75.2%)
  link len: avg=30.48  max=32  total_chars=305143726
  link length distribution (len:count):  3:4393  4:6350  5:369  6:27  7:2  24:4  25:94  26:1324  27:21561  29:340409  30:4123330  31:5512548  32:730
  short unary avg len: 2.00
24800.086335,218.030363,583.011002
[PASSED]
[time 39.85 s, user 37.13 s, sys 2.55 s, maxrss 3497460 KB]
[busy 4061 jiffies]
[exit 0]
--- c2 case 2 rec 2   load 1.02 1.16 1.15
[TEST C2-MARISA]
Processing dataset...
Done!
Building trie...
trie size: 19.421587 MB
trie size: 47.697874 MB
Done!
build time: 24787.539501 ms (2478.753950 ns per key)
space cost: 218.030363 MB (63.505946% of original size 343.322754 MB)
Querying trie...
Done!
total time: 5715.314587 ms, avg latency: 571.531459 ns
topology: 6.395802 MB, link: 33.418009 MB, data: 177.888428 MB
--- Unary Path Analysis (Marisa, cutoff=3) ---
  branches: 13314429  |  single-char: 3205780 (24.1%)  short-unary: 97508 (0.7%)  links: 10011141 (75.2%)
  link len: avg=30.48  max=32  total_chars=305143726
  link length distribution (len:count):  3:4393  4:6350  5:369  6:27  7:2  24:4  25:94  26:1324  27:21561  29:340409  30:4123330  31:5512548  32:730
  short unary avg len: 2.00
24787.539501,218.030363,571.531459
[PASSED]
[time 39.73 s, user 37.05 s, sys 2.52 s, maxrss 3497968 KB]
[busy 4046 jiffies]
[exit 0]
--- c2 case 3 rec 0   load 1.01 1.13 1.14
[TEST FST]
Processing dataset...
Done!
Building trie...
Done!
build time: 10470.363776 ms (1047.036378 ns per key)
space cost: 341.746040 MB (99.540749% of original size 343.322754 MB)
Querying trie...
Done!
total time: 6921.202224 ms, avg latency: 692.120222 ns
not implemented
10470.363776,341.746040,692.120222
[PASSED]
[time 26.59 s, user 24.92 s, sys 1.55 s, maxrss 1916864 KB]
[busy 2711 jiffies]
[exit 0]
--- c2 case 4 rec 0   skipped: exit 134 in round 1
--- c2 case 5 rec 0   load 1.00 1.12 1.14
[TEST MARISA]
Processing dataset...
Done!
Building trie...
Done!
build time: 7816.090514 ms (781.609051 ns per key)
space cost: 346.565342 MB (100.944472% of original size 343.322754 MB)
Querying trie...
Done!
total time: 7744.002632 ms, avg latency: 774.400263 ns
not implemented
7816.090514,346.565342,774.400263
[PASSED]
[time 24.49 s, user 22.57 s, sys 1.81 s, maxrss 2465320 KB]
[busy 2492 jiffies]
[exit 0]
--- c2 case 5 rec 1   load 1.00 1.11 1.13
[TEST MARISA]
Processing dataset...
Done!
Building trie...
Done!
build time: 12679.712454 ms (1267.971245 ns per key)
space cost: 330.987365 MB (96.407058% of original size 343.322754 MB)
Querying trie...
Done!
total time: 15360.316240 ms, avg latency: 1536.031624 ns
not implemented
12679.712454,330.987365,1536.031624
[PASSED]
[time 36.99 s, user 34.78 s, sys 2.05 s, maxrss 2416384 KB]
[busy 3777 jiffies]
[exit 0]
--- c2 case 5 rec 2   load 1.00 1.09 1.13
[TEST MARISA]
Processing dataset...
Done!
Building trie...
Done!
build time: 16420.912356 ms (1642.091236 ns per key)
space cost: 316.683807 MB (92.240844% of original size 343.322754 MB)
Querying trie...
Done!
total time: 23182.290693 ms, avg latency: 2318.229069 ns
not implemented
16420.912356,316.683807,2318.229069
[PASSED]
[time 48.53 s, user 46.00 s, sys 2.32 s, maxrss 2381324 KB]
[busy 4946 jiffies]
[exit 0]
--- c2 case 6 rec 0   load 0.92 1.06 1.11
[TEST PDT]
Processing dataset...
Done!
Building trie...
dict size: 166678, stream size: 192351068
Done!
build time: 125907.320936 ms (12590.732094 ns per key)
space cost: 196.364757 MB (57.195381% of original size 343.322754 MB)
Querying trie...
Done!
total time: 11268.885808 ms, avg latency: 1126.888581 ns
not implemented
125907.320936,196.364757,1126.888581
[PASSED]
[time 146.36 s, user 142.17 s, sys 3.63 s, maxrss 2858392 KB]
[busy 14919 jiffies]
[exit 0]
--- c2 case 7 rec 0   load 1.00 1.03 1.09
[TEST ART]
Processing dataset...
Done!
Building trie...
Done!
build time: 2140.527037 ms (214.052704 ns per key)
space cost: 274.100403 MB (79.837529% of original size 343.322754 MB)
Querying trie...
Done!
total time: 5171.808622 ms, avg latency: 517.180862 ns
not implemented
2140.527037,274.100403,517.180862
[PASSED]
[time 16.51 s, user 15.14 s, sys 1.29 s, maxrss 2232128 KB]
[busy 1685 jiffies]
[exit 0]
--- c2 case 8 rec 0   load 0.92 1.01 1.08
[TEST CART]
Processing dataset...
Done!
Building trie...
Done!
build time: 2451.258050 ms (245.125805 ns per key)
space cost: 120.320314 MB (35.045832% of original size 343.322754 MB)
Querying trie...
Done!
total time: 5181.530285 ms, avg latency: 518.153029 ns
not implemented
2451.258050,120.320314,518.153029
[PASSED]
[time 16.76 s, user 15.42 s, sys 1.26 s, maxrss 2096860 KB]
[busy 1707 jiffies]
[exit 0]
--- xcdat 7   load 0.94 1.01 1.08
build time: 11283.277180 ms
space cost: 365.827440 MiB (106.554965% of original size 343.322754 MiB)
avg latency: 657.903146 ns
11283.277180,365.827440,657.903146
[time 26.99 s, user 25.00 s, sys 1.87 s, maxrss 1989880 KB]
[busy 2752 jiffies]
[exit 0]
--- xcdat 8   load 0.96 1.01 1.07
build time: 10210.528761 ms
space cost: 357.688156 MiB (104.184227% of original size 343.322754 MiB)
avg latency: 611.095974 ns
10210.528761,357.688156,611.095974
[time 25.38 s, user 23.48 s, sys 1.79 s, maxrss 1959912 KB]
[busy 2584 jiffies]
[exit 0]
--- xcdat 15   load 0.98 1.00 1.07
build time: 10434.421567 ms
space cost: 367.954617 MiB (107.174550% of original size 343.322754 MiB)
avg latency: 542.496222 ns
10434.421567,367.954617,542.496222
[time 25.00 s, user 23.05 s, sys 1.85 s, maxrss 1946740 KB]
[busy 2545 jiffies]
[exit 0]
--- xcdat 16   load 0.99 1.00 1.07
build time: 10250.361864 ms
space cost: 371.930763 MiB (108.332687% of original size 343.322754 MiB)
avg latency: 557.896575 ns
10250.361864,371.930763,557.896575
[time 24.96 s, user 23.03 s, sys 1.82 s, maxrss 1955348 KB]
[busy 2550 jiffies]
[exit 0]

campaign done 2026-09-25T13:50:49+03:00, load 0.99 1.00 1.07
