frontier campaign
date: 2026-09-26T04:36:44+03:00
host: arz
commit: be75a38
table: frontier-10m
lexindex: 4.5.2
kernel: Linux 7.2.7-200.fc44.x86_64 x86_64
cpu: AMD Ryzen 7 5800HS with Radeon Graphics
cores/threads: 8 / 16
caches: L2 512 KiB, L3 16384 KiB
governor: powersave
transparent hugepages: always [madvise] never
compiler: c++ (GCC) 16.2.1 20260819 (Red Hat 16.2.1-2)
rustc: rustc 1.98.1 (48a229cea 2026-09-01)
load at start: 0.69 0.75 0.91
memory: 38.6 GiB total, 33.3 available
swap in use: 46 MiB
memory layout: not read (needs root)
rounds: 3, even rounds in the reverse order
quiet before each process: under 1.0 busy CPUs for 1 s
clock ticks: 100
address space cap: 28000000 KB
timeout: 7200 s a process
pin c2: 92c1b861456b https://github.com/alexztc/C2
pin c2/lib/sdsl-lite: 4312ea9c9370 https://github.com/vgteam/sdsl-lite
pin c2/lib/ds2i: 4f46606cc077 https://github.com/aboffa/ds2i (modified: compact_elias_fano.hpp,succinct)
pin c2/lib/sux: 5944f6b5c1c7 https://github.com/vigna/sux (modified: sux/util/Vector.hpp)
pin c2/lib/fsst: e638d4cf8c26 https://github.com/cwida/fsst
pin c2/baseline_marisa/marisa: e54f296bb52d https://github.com/s-yata/marisa-trie
pin c2/baseline_ctriepp/ctriepp: 52d2c16a7bb6 https://gitlab.com/ofek.gila1/ctriepp
pin xcdat: 2451441dcc09 https://github.com/kampersanda/xcdat
pin c2/lib/ds2i/succinct: ea74747a8b1c (gitlink)
pin c2/lib/sdsl-lite/external/googletest: 71815bbf7de6 (gitlink)
pin c2/lib/sdsl-lite/external/libdivsufsort: 0f24acd8de20 (gitlink)
pin coco adapted headers: ee860d4b1e62 https://github.com/aboffa/CoCo-trie (by sha256)

##### dna-10000000 (10000000 lines, 250000000 bytes)   round 1/3   2026-09-26T04:36:44+03:00
--- lexindex dict32   load 0.69 0.75 0.91
10000000 keys
lexindex DictIndex block 32: build 680 ms, size 43.682 MiB (4.580 B/key), latency cold 601.9 ns, then mean 601.5 / min 600.7 ns
679.941,43.681956,601.946
[time 30.89 s, user 36.69 s, sys 1.15 s, maxrss 1528440 KB]
[busy 3889 jiffies]
[exit 0]
--- lexindex dict256   load 1.61 1.01 0.99
10000000 keys
lexindex DictIndex block 256: build 680 ms, size 37.650 MiB (3.948 B/key), latency cold 498.7 ns, then mean 498.5 / min 497.5 ns
680.469,37.650213,498.731
[time 26.78 s, user 32.70 s, sys 1.12 s, maxrss 1518208 KB]
[busy 3479 jiffies]
[exit 0]
--- lexindex dict1024   load 1.37 1.00 1.00
10000000 keys
lexindex DictIndex block 1024: build 663 ms, size 36.361 MiB (3.813 B/key), latency cold 478.6 ns, then mean 478.6 / min 478.4 ns
663.423,36.360937,478.598
[time 25.98 s, user 31.74 s, sys 1.09 s, maxrss 1519356 KB]
[busy 3372 jiffies]
[exit 0]
--- lexindex routed32   load 2.04 1.22 1.07
10000000 keys
lexindex DictIndex block 32 routed: build 703 ms, size 48.450 MiB (5.080 B/key), latency cold 618.5 ns, then mean 612.5 / min 612.1 ns
703.042,48.450328,618.459
[time 31.42 s, user 37.17 s, sys 1.19 s, maxrss 1532824 KB]
[busy 3960 jiffies]
[exit 0]
--- lexindex routed256   load 1.50 1.18 1.06
10000000 keys
lexindex DictIndex block 256 routed: build 702 ms, size 42.419 MiB (4.448 B/key), latency cold 440.0 ns, then mean 440.6 / min 439.9 ns
701.666,42.418646,440.030
[time 24.49 s, user 30.40 s, sys 1.17 s, maxrss 1521204 KB]
[busy 3247 jiffies]
[exit 0]
--- lexindex routed1024   load 1.33 1.16 1.06
10000000 keys
lexindex DictIndex block 1024 routed: build 666 ms, size 38.745 MiB (4.063 B/key), latency cold 430.5 ns, then mean 429.0 / min 427.6 ns
666.326,38.745214,430.470
[time 24.00 s, user 29.71 s, sys 1.16 s, maxrss 1520988 KB]
[busy 3167 jiffies]
[exit 0]
--- lexindex string   load 1.96 1.35 1.12
10000000 keys
lexindex StringIndex: build 10137 ms, size 152.422 MiB (15.983 B/key), latency cold 708.8 ns, then mean 700.1 / min 695.3 ns
10137.462,152.421832,708.807
[time 44.31 s, user 43.33 s, sys 0.79 s, maxrss 1604616 KB]
[busy 4547 jiffies]
[exit 0]
--- lexindex hashed0   load 1.45 1.30 1.12
10000000 keys
lexindex HashedDictIndex closed: build 1665 ms, size 68.543 MiB (7.187 B/key), latency cold 60.3 ns, then mean 59.3 / min 59.0 ns
1665.160,68.542706,60.267
[time 10.24 s, user 16.94 s, sys 1.25 s, maxrss 1550908 KB]
[busy 1871 jiffies]
[exit 0]
--- lexindex hashed8   load 2.49 1.53 1.19
10000000 keys
lexindex HashedDictIndex fp=8: build 1656 ms, size 78.079 MiB (8.187 B/key), latency cold 77.2 ns, then mean 76.8 / min 76.7 ns
1655.884,78.079450,77.227
[time 10.95 s, user 17.53 s, sys 1.26 s, maxrss 1560428 KB]
[busy 1924 jiffies]
[exit 0]
--- lexindex hashed16   load 2.26 1.52 1.19
10000000 keys
lexindex HashedDictIndex fp=16: build 1682 ms, size 87.616 MiB (9.187 B/key), latency cold 77.5 ns, then mean 77.5 / min 77.4 ns
1681.640,87.616193,77.454
[time 10.97 s, user 17.50 s, sys 1.23 s, maxrss 1566000 KB]
[busy 1922 jiffies]
[exit 0]
--- lexindex da   load 1.98 1.49 1.19
10000000 keys
lexindex DoubleArrayIndex refused: format error: double-array: more than 8 388 608 keys; ids are 23 bits
Command exited with non-zero status 3
[time 3.71 s, user 3.32 s, sys 0.37 s, maxrss 784276 KB]
[busy 384 jiffies]
[exit 3]
--- c2 case 0 rec 0   load 1.90 1.48 1.19
[TEST C2-FST]
Processing dataset...
Done!
Building trie...
Done!
build time: 15830.419852 ms (1583.041985 ns per key)
space cost: 89.937219 MB (39.294170% of original size 228.881836 MB)
Querying trie...
Done!
total time: 7984.569183 ms, avg latency: 798.456918 ns
topology: 8.925270 MB, link: 31.294473 MB, data: 49.717476 MB
--- Unary Path Analysis (FST, cutoff=4) ---
  shared unary steps in main trie: 994037
  terminal suffixes: inplace=72 (avg len=2.67)  links=9999928 (100.0% of terminal)
  link len: avg=10.46  max=13  total_chars=104556373
  link length distribution (len:count):  4:308  5:1114  6:4343  7:17785  8:69577  9:272560  10:1019069  11:3104051  12:4591242  13:919171  14:708
15830.419852,89.937219,798.456918
[PASSED]
[time 33.36 s, user 31.34 s, sys 1.88 s, maxrss 2128348 KB]
[busy 3437 jiffies]
[exit 0]
--- c2 case 0 rec 1   load 1.42 1.41 1.17
[TEST C2-FST]
Processing dataset...
Done!
Building trie...
trie size: 37.777167 MB
Done!
build time: 17130.684647 ms (1713.068465 ns per key)
space cost: 74.159266 MB (32.400678% of original size 228.881836 MB)
Querying trie...
Done!
total time: 10823.394169 ms, avg latency: 1082.339417 ns
topology: 12.378445 MB, link: 28.910372 MB, data: 32.870449 MB
--- Unary Path Analysis (FST, cutoff=4) ---
  shared unary steps in main trie: 994037
  terminal suffixes: inplace=72 (avg len=2.67)  links=9999928 (100.0% of terminal)
  link len: avg=10.46  max=13  total_chars=104556373
  link length distribution (len:count):  4:308  5:1114  6:4343  7:17785  8:69577  9:272560  10:1019069  11:3104051  12:4591242  13:919171  14:708
17130.684647,74.159266,1082.339417
[PASSED]
[time 37.44 s, user 35.61 s, sys 1.66 s, maxrss 1758468 KB]
[busy 3853 jiffies]
[exit 0]
--- c2 case 0 rec 2   load 1.23 1.36 1.16
timeout: the monitored command dumped core
Command terminated by signal 11
[time 22.45 s, user 20.91 s, sys 1.38 s, maxrss 1758352 KB]
[busy 2308 jiffies]
[exit 139]
--- c2 case 1 rec 0   load 1.15 1.33 1.16
[TEST C2-CoCo(LOUDS-Sparse)]
Processing dataset...
Done!
Building trie...
Done!
build time: 22274.915439 ms (2227.491544 ns per key)
space cost: 72.822873 MB (31.816798% of original size 228.881836 MB)
Querying trie...
Done!
total time: 7694.850555 ms, avg latency: 769.485056 ns
topology: 3.420319 MB, link: 32.688608 MB, data: 36.713946 MB
22274.915439,72.822873,769.485056
[PASSED]
[time 39.74 s, user 36.96 s, sys 2.62 s, maxrss 3400040 KB]
[busy 4085 jiffies]
[exit 0]
--- c2 case 1 rec 1   load 1.08 1.29 1.15
[TEST C2-CoCo(LOUDS-Sparse)]
Processing dataset...
Done!
Building trie...
trie size: 37.777167 MB
Done!
build time: 23660.849572 ms (2366.084957 ns per key)
space cost: 57.044919 MB (24.923306% of original size 228.881836 MB)
Querying trie...
Done!
total time: 9212.010161 ms, avg latency: 921.201016 ns
topology: 6.873493 MB, link: 30.304507 MB, data: 19.866919 MB
23660.849572,57.044919,921.201016
[PASSED]
[time 42.41 s, user 39.70 s, sys 2.53 s, maxrss 3069428 KB]
[busy 4357 jiffies]
[exit 0]
--- c2 case 1 rec 2   load 1.03 1.25 1.14
timeout: the monitored command dumped core
Command terminated by signal 11
[time 29.08 s, user 26.70 s, sys 2.20 s, maxrss 3069028 KB]
[busy 2985 jiffies]
[exit 139]
--- c2 case 2 rec 0   load 1.02 1.22 1.14
[TEST C2-MARISA]
Processing dataset...
Done!
Building trie...
trie size: 24.434970 MB
Done!
build time: 15340.306670 ms (1534.030667 ns per key)
space cost: 95.269694 MB (41.623965% of original size 228.881836 MB)
Querying trie...
Done!
total time: 7000.312767 ms, avg latency: 700.031277 ns
topology: 8.066944 MB, link: 31.537600 MB, data: 55.337026 MB
--- Unary Path Analysis (Marisa, cutoff=3) ---
  branches: 16819022  |  single-char: 6056704 (36.0%)  short-unary: 587781 (3.5%)  links: 10174537 (60.5%)
  link len: avg=12.30  max=15  total_chars=125137286
  link length distribution (len:count):  3:131739  4:32131  5:8322  6:3155  7:4877  8:17889  9:69612  10:272566  11:1019074  12:3104051  13:4591242  14:919171  15:708
  short unary avg len: 2.00
15340.306670,95.269694,700.031277
[PASSED]
[time 31.83 s, user 29.75 s, sys 1.94 s, maxrss 2244528 KB]
[busy 3279 jiffies]
[exit 0]
--- c2 case 2 rec 1   load 1.07 1.22 1.14
[TEST C2-MARISA]
Processing dataset...
Done!
Building trie...
trie size: 24.434970 MB
trie size: 47.886275 MB
Done!
build time: 17568.830283 ms (1756.883028 ns per key)
space cost: 72.352404 MB (31.611248% of original size 228.881836 MB)
Querying trie...
Done!
total time: 10060.574860 ms, avg latency: 1006.057486 ns
topology: 14.325905 MB, link: 29.140208 MB, data: 28.558166 MB
--- Unary Path Analysis (Marisa, cutoff=3) ---
  branches: 16819022  |  single-char: 6056704 (36.0%)  short-unary: 587781 (3.5%)  links: 10174537 (60.5%)
  link len: avg=12.30  max=15  total_chars=125137286
  link length distribution (len:count):  3:131739  4:32131  5:8322  6:3155  7:4877  8:17889  9:69612  10:272566  11:1019074  12:3104051  13:4591242  14:919171  15:708
  short unary avg len: 2.00
17568.830283,72.352404,1006.057486
[PASSED]
[time 37.23 s, user 35.37 s, sys 1.70 s, maxrss 1666652 KB]
[busy 3902 jiffies]
[exit 0]
--- c2 case 2 rec 2   load 1.10 1.20 1.14
timeout: the monitored command dumped core
Command terminated by signal 11
[time 22.85 s, user 21.34 s, sys 1.35 s, maxrss 1667096 KB]
[busy 2357 jiffies]
[exit 139]
--- c2 case 3 rec 0   load 1.06 1.19 1.13
[TEST FST]
Processing dataset...
Done!
Building trie...
Done!
build time: 12064.722324 ms (1206.472232 ns per key)
space cost: 119.365768 MB (52.151700% of original size 228.881836 MB)
Querying trie...
Done!
total time: 8575.703600 ms, avg latency: 857.570360 ns
not implemented
12064.722324,119.365768,857.570360
[PASSED]
[time 30.23 s, user 28.82 s, sys 1.28 s, maxrss 1689184 KB]
[busy 3106 jiffies]
[exit 0]
--- c2 case 4 rec 0   load 1.18 1.20 1.14
terminate called after throwing an instance of 'std::bad_alloc'
  what():  std::bad_alloc
timeout: the monitored command dumped core
Command terminated by signal 6
[time 26.43 s, user 14.07 s, sys 12.19 s, maxrss 27784876 KB]
[busy 2970 jiffies]
[exit 134]
--- c2 case 5 rec 0   load 1.03 1.16 1.12
[TEST MARISA]
Processing dataset...
Done!
Building trie...
Done!
build time: 7850.529481 ms (785.052948 ns per key)
space cost: 147.956710 MB (64.643273% of original size 228.881836 MB)
Querying trie...
Done!
total time: 9095.555804 ms, avg latency: 909.555580 ns
not implemented
7850.529481,147.956710,909.555580
[PASSED]
[time 26.30 s, user 24.59 s, sys 1.60 s, maxrss 1989176 KB]
[busy 2708 jiffies]
[exit 0]
--- c2 case 5 rec 1   load 1.02 1.15 1.12
[TEST MARISA]
Processing dataset...
Done!
Building trie...
Done!
build time: 9829.006886 ms (982.900689 ns per key)
space cost: 65.397814 MB (28.572741% of original size 228.881836 MB)
Querying trie...
Done!
total time: 13648.316400 ms, avg latency: 1364.831640 ns
not implemented
9829.006886,65.397814,1364.831640
[PASSED]
[time 32.83 s, user 31.07 s, sys 1.62 s, maxrss 1910644 KB]
[busy 3384 jiffies]
[exit 0]
--- c2 case 5 rec 2   load 1.01 1.13 1.11
[TEST MARISA]
Processing dataset...
Done!
Building trie...
Done!
build time: 9790.862206 ms (979.086221 ns per key)
space cost: 64.374021 MB (28.125439% of original size 228.881836 MB)
Querying trie...
Done!
total time: 13958.313784 ms, avg latency: 1395.831378 ns
not implemented
9790.862206,64.374021,1395.831378
[PASSED]
[time 33.12 s, user 31.32 s, sys 1.65 s, maxrss 1910872 KB]
[busy 3424 jiffies]
[exit 0]
--- c2 case 6 rec 0   load 0.92 1.10 1.10
[TEST PDT]
Processing dataset...
Done!
Building trie...
dict size: 151384, stream size: 57071972
Done!
build time: 24973.819753 ms (2497.381975 ns per key)
space cost: 67.337972 MB (29.420409% of original size 228.881836 MB)
Querying trie...
Done!
total time: 14345.484730 ms, avg latency: 1434.548473 ns
not implemented
24973.819753,67.337972,1434.548473
[PASSED]
[time 48.90 s, user 46.79 s, sys 1.92 s, maxrss 1637364 KB]
[busy 5022 jiffies]
[exit 0]
--- c2 case 7 rec 0   load 0.89 1.06 1.09
[TEST ART]
Processing dataset...
Done!
Building trie...
Done!
build time: 2186.414122 ms (218.641412 ns per key)
space cost: 332.784225 MB (145.395647% of original size 228.881836 MB)
Querying trie...
Done!
total time: 6374.056893 ms, avg latency: 637.405689 ns
not implemented
2186.414122,332.784225,637.405689
[PASSED]
[time 18.11 s, user 16.73 s, sys 1.30 s, maxrss 2190620 KB]
[busy 1865 jiffies]
[exit 0]
--- c2 case 8 rec 0   load 0.99 1.08 1.09
[TEST CART]
Processing dataset...
Done!
Building trie...
Done!
build time: 2774.289975 ms (277.428997 ns per key)
space cost: 156.509016 MB (68.379833% of original size 228.881836 MB)
Querying trie...
Done!
total time: 7317.508279 ms, avg latency: 731.750828 ns
not implemented
2774.289975,156.509016,731.750828
[PASSED]
[time 19.60 s, user 18.18 s, sys 1.35 s, maxrss 2102476 KB]
[busy 2021 jiffies]
[exit 0]
--- xcdat 7   load 0.91 1.05 1.08
build time: 10872.032809 ms
space cost: 136.369071 MiB (59.580556% of original size 228.881836 MiB)
avg latency: 722.945555 ns
10872.032809,136.369071,722.945555
[time 27.48 s, user 25.66 s, sys 1.70 s, maxrss 1705512 KB]
[busy 2841 jiffies]
[exit 0]
--- xcdat 8   load 0.94 1.05 1.08
build time: 10476.358754 ms
space cost: 135.305025 MiB (59.115668% of original size 228.881836 MiB)
avg latency: 684.912014 ns
10476.358754,135.305025,684.912014
[time 26.78 s, user 24.99 s, sys 1.67 s, maxrss 1705020 KB]
[busy 2757 jiffies]
[exit 0]
--- xcdat 15   load 0.97 1.04 1.08
build time: 10731.799979 ms
space cost: 152.576344 MiB (66.661622% of original size 228.881836 MiB)
avg latency: 565.522944 ns
10731.799979,152.576344,565.522944
[time 25.79 s, user 23.97 s, sys 1.70 s, maxrss 1722712 KB]
[busy 2647 jiffies]
[exit 0]
--- xcdat 16   load 0.98 1.04 1.07
build time: 10513.549752 ms
space cost: 157.761472 MiB (68.927039% of original size 228.881836 MiB)
avg latency: 608.768731 ns
10513.549752,157.761472,608.768731
[time 25.99 s, user 24.20 s, sys 1.68 s, maxrss 1727820 KB]
[busy 2678 jiffies]
[exit 0]

##### numeric-10000000 (10000000 lines, 78888890 bytes)   round 1/3   2026-09-26T04:51:59+03:00
--- lexindex dict32   load 0.91 1.01 1.07
10000000 keys
lexindex DictIndex block 32: build 479 ms, size 11.972 MiB (1.255 B/key), latency cold 333.6 ns, then mean 333.6 / min 332.9 ns
479.351,11.971594,333.603
[time 19.28 s, user 22.50 s, sys 0.92 s, maxrss 1167312 KB]
[busy 2420 jiffies]
[exit 0]
--- lexindex dict256   load 0.85 1.00 1.06
10000000 keys
lexindex DictIndex block 256: build 485 ms, size 9.685 MiB (1.016 B/key), latency cold 306.8 ns, then mean 306.7 / min 306.2 ns
485.138,9.685040,306.839
[time 18.22 s, user 21.84 s, sys 0.97 s, maxrss 1158288 KB]
[busy 2346 jiffies]
[exit 0]
--- lexindex dict1024   load 0.82 0.98 1.05
10000000 keys
lexindex DictIndex block 1024: build 462 ms, size 8.762 MiB (0.919 B/key), latency cold 311.1 ns, then mean 310.9 / min 310.4 ns
461.680,8.762317,311.066
[time 18.38 s, user 21.92 s, sys 0.93 s, maxrss 1158060 KB]
[busy 2348 jiffies]
[exit 0]
--- lexindex routed32   load 0.86 0.98 1.05
10000000 keys
lexindex DictIndex block 32 routed: build 515 ms, size 16.740 MiB (1.755 B/key), latency cold 343.0 ns, then mean 343.6 / min 343.0 ns
514.713,16.739965,342.999
[time 19.70 s, user 23.33 s, sys 0.99 s, maxrss 1172176 KB]
[busy 2501 jiffies]
[exit 0]
--- lexindex routed256   load 0.83 0.97 1.04
10000000 keys
lexindex DictIndex block 256 routed: build 501 ms, size 14.453 MiB (1.516 B/key), latency cold 271.1 ns, then mean 271.0 / min 269.2 ns
500.733,14.453472,271.112
[time 16.81 s, user 20.41 s, sys 0.98 s, maxrss 1165664 KB]
[busy 2197 jiffies]
[exit 0]
--- lexindex routed1024   load 0.87 0.97 1.04
10000000 keys
lexindex DictIndex block 1024 routed: build 479 ms, size 11.147 MiB (1.169 B/key), latency cold 239.0 ns, then mean 236.5 / min 234.8 ns
478.878,11.146594,238.963
[time 15.44 s, user 19.01 s, sys 0.88 s, maxrss 1159332 KB]
[busy 2039 jiffies]
[exit 0]
--- lexindex string   load 0.90 0.97 1.04
10000000 keys
lexindex StringIndex: build 1747 ms, size 0.000 MiB (0.000 B/key), latency cold 96.9 ns, then mean 97.1 / min 97.0 ns
1746.533,0.000340,96.922
[time 11.06 s, user 10.45 s, sys 0.56 s, maxrss 1125760 KB]
[busy 1136 jiffies]
[exit 0]
--- lexindex hashed0   load 0.92 0.97 1.04
10000000 keys
lexindex HashedDictIndex closed: build 1376 ms, size 40.578 MiB (4.255 B/key), latency cold 35.9 ns, then mean 35.7 / min 35.6 ns
1375.842,40.577571,35.904
[time 8.28 s, user 12.57 s, sys 1.06 s, maxrss 1192852 KB]
[busy 1405 jiffies]
[exit 0]
--- lexindex hashed8   load 1.66 1.14 1.09
10000000 keys
lexindex HashedDictIndex fp=8: build 1362 ms, size 50.114 MiB (5.255 B/key), latency cold 49.1 ns, then mean 49.1 / min 48.8 ns
1361.941,50.114314,49.125
[time 8.78 s, user 12.87 s, sys 1.09 s, maxrss 1203576 KB]
[busy 1436 jiffies]
[exit 0]
--- lexindex hashed16   load 1.48 1.12 1.08
10000000 keys
lexindex HashedDictIndex fp=16: build 1391 ms, size 59.651 MiB (6.255 B/key), latency cold 51.2 ns, then mean 51.2 / min 51.0 ns
1390.826,59.651057,51.178
[time 8.89 s, user 13.16 s, sys 1.07 s, maxrss 1212012 KB]
[busy 1462 jiffies]
[exit 0]
--- lexindex da   load 1.33 1.10 1.08
10000000 keys
lexindex DoubleArrayIndex refused: format error: double-array: more than 8 388 608 keys; ids are 23 bits
Command exited with non-zero status 3
[time 3.33 s, user 3.01 s, sys 0.30 s, maxrss 627752 KB]
[busy 343 jiffies]
[exit 3]
--- c2 case 0 rec 0   load 1.22 1.08 1.07
timeout: the monitored command dumped core
Command terminated by signal 11
[time 3.60 s, user 2.84 s, sys 0.67 s, maxrss 734672 KB]
[busy 373 jiffies]
[exit 139]
--- c2 case 0 rec 1   load 1.22 1.08 1.07
timeout: the monitored command dumped core
Command terminated by signal 11
[time 3.63 s, user 2.89 s, sys 0.66 s, maxrss 734408 KB]
[busy 372 jiffies]
[exit 139]
--- c2 case 0 rec 2   load 1.20 1.08 1.07
timeout: the monitored command dumped core
Command terminated by signal 11
[time 3.67 s, user 2.94 s, sys 0.65 s, maxrss 734472 KB]
[busy 378 jiffies]
[exit 139]
--- c2 case 1 rec 0   load 1.18 1.07 1.07
timeout: the monitored command dumped core
Command terminated by signal 11
[time 4.10 s, user 3.33 s, sys 0.68 s, maxrss 734612 KB]
[busy 421 jiffies]
[exit 139]
--- c2 case 1 rec 1   load 1.17 1.07 1.07
timeout: the monitored command dumped core
Command terminated by signal 11
[time 4.12 s, user 3.35 s, sys 0.69 s, maxrss 734684 KB]
[busy 426 jiffies]
[exit 139]
--- c2 case 1 rec 2   load 1.16 1.07 1.07
timeout: the monitored command dumped core
Command terminated by signal 11
[time 4.10 s, user 3.34 s, sys 0.68 s, maxrss 734528 KB]
[busy 423 jiffies]
[exit 139]
--- c2 case 2 rec 0   load 1.14 1.07 1.07
timeout: the monitored command dumped core
Command terminated by signal 11
[time 3.73 s, user 2.99 s, sys 0.67 s, maxrss 734604 KB]
[busy 386 jiffies]
[exit 139]
--- c2 case 2 rec 1   load 1.13 1.07 1.07
timeout: the monitored command dumped core
Command terminated by signal 11
[time 3.70 s, user 3.00 s, sys 0.63 s, maxrss 734552 KB]
[busy 379 jiffies]
[exit 139]
--- c2 case 2 rec 2   load 1.12 1.07 1.07
timeout: the monitored command dumped core
Command terminated by signal 11
[time 3.69 s, user 2.94 s, sys 0.66 s, maxrss 734404 KB]
[busy 385 jiffies]
[exit 139]
--- c2 case 3 rec 0   load 1.11 1.06 1.07
[TEST FST]
Processing dataset...
Done!
Building trie...
Done!
build time: 2547.764548 ms (254.776455 ns per key)
space cost: 14.447110 MB (21.990328% of original size 65.697565 MB)
Querying trie...
Done!
total time: 3663.919710 ms, avg latency: 366.391971 ns
not implemented
2547.764548,14.447110,366.391971
[PASSED]
[time 10.10 s, user 9.41 s, sys 0.64 s, maxrss 661516 KB]
[busy 1044 jiffies]
[exit 0]
--- c2 case 4 rec 0   load 1.09 1.06 1.07
[TEST COCO]
Processing dataset...
Done!
Building trie...
num nodes = 90001, average depth = 1.000033
ef = 0.000000, pa = 0.000000, bv = 0.000011, de = 0.999989
efr = 0.000000, par = 0.000000, bvr = 0.000000, der = 0.000000
Done!
build time: 7226.750626 ms (722.675063 ns per key)
space cost: 4.854946 MB (7.389841% of original size 65.697565 MB)
Querying trie...
Done!
total time: 2938.325651 ms, avg latency: 293.832565 ns
not implemented
7226.750626,4.854946,293.832565
[PASSED]
[time 14.21 s, user 11.76 s, sys 2.39 s, maxrss 4905408 KB]
[busy 1462 jiffies]
[exit 0]
--- c2 case 5 rec 0   load 1.07 1.06 1.07
[TEST MARISA]
Processing dataset...
Done!
Building trie...
Done!
build time: 1702.759745 ms (170.275974 ns per key)
space cost: 15.797803 MB (24.046253% of original size 65.697565 MB)
Querying trie...
Done!
total time: 2560.394872 ms, avg latency: 256.039487 ns
not implemented
1702.759745,15.797803,256.039487
[PASSED]
[time 8.20 s, user 7.37 s, sys 0.79 s, maxrss 977804 KB]
[busy 843 jiffies]
[exit 0]
--- c2 case 5 rec 1   load 1.06 1.06 1.06
[TEST MARISA]
Processing dataset...
Done!
Building trie...
Done!
build time: 1689.692860 ms (168.969286 ns per key)
space cost: 15.797803 MB (24.046253% of original size 65.697565 MB)
Querying trie...
Done!
total time: 2548.850018 ms, avg latency: 254.885002 ns
not implemented
1689.692860,15.797803,254.885002
[PASSED]
[time 8.18 s, user 7.34 s, sys 0.80 s, maxrss 977768 KB]
[busy 841 jiffies]
[exit 0]
--- c2 case 5 rec 2   load 1.05 1.05 1.06
[TEST MARISA]
Processing dataset...
Done!
Building trie...
Done!
build time: 1669.108699 ms (166.910870 ns per key)
space cost: 15.797803 MB (24.046253% of original size 65.697565 MB)
Querying trie...
Done!
total time: 2541.100896 ms, avg latency: 254.110090 ns
not implemented
1669.108699,15.797803,254.110090
[PASSED]
[time 8.13 s, user 7.30 s, sys 0.79 s, maxrss 978044 KB]
[busy 837 jiffies]
[exit 0]
--- c2 case 6 rec 0   load 1.04 1.05 1.06
[TEST PDT]
Processing dataset...
Done!
Building trie...
dict size: 130, stream size: 2965758
Done!
build time: 1240.956907 ms (124.095691 ns per key)
space cost: 15.594018 MB (23.736067% of original size 65.697565 MB)
Querying trie...
Done!
total time: 6481.870465 ms, avg latency: 648.187046 ns
not implemented
1240.956907,15.594018,648.187046
[PASSED]
[time 11.62 s, user 10.90 s, sys 0.67 s, maxrss 687776 KB]
[busy 1196 jiffies]
[exit 0]
--- c2 case 7 rec 0   load 0.95 1.03 1.06
[TEST ART]
Processing dataset...
Done!
Building trie...
Done!
build time: 653.349288 ms (65.334929 ns per key)
space cost: 200.653076 MB (305.419350% of original size 65.697565 MB)
Querying trie...
Done!
total time: 1454.072108 ms, avg latency: 145.407211 ns
not implemented
653.349288,200.653076,145.407211
[PASSED]
[time 5.97 s, user 5.24 s, sys 0.70 s, maxrss 924888 KB]
[busy 617 jiffies]
[exit 0]
--- c2 case 8 rec 0   load 0.96 1.03 1.06
[TEST CART]
Processing dataset...
Done!
Building trie...
Done!
build time: 834.846824 ms (83.484682 ns per key)
space cost: 111.770621 MB (170.129016% of original size 65.697565 MB)
Querying trie...
Done!
total time: 2231.926482 ms, avg latency: 223.192648 ns
not implemented
834.846824,111.770621,223.192648
[PASSED]
[time 6.95 s, user 6.18 s, sys 0.74 s, maxrss 940076 KB]
[busy 714 jiffies]
[exit 0]
--- xcdat 7   load 0.88 1.01 1.05
build time: 2856.901290 ms
space cost: 52.854505 MiB (80.451238% of original size 65.697565 MiB)
avg latency: 348.951006 ns
2856.901290,52.854505,348.951006
[time 10.26 s, user 9.52 s, sys 0.69 s, maxrss 747476 KB]
[busy 1060 jiffies]
[exit 0]
--- xcdat 8   load 0.90 1.01 1.05
build time: 1863.339933 ms
space cost: 46.072033 MiB (70.127459% of original size 65.697565 MiB)
avg latency: 316.212428 ns
1863.339933,46.072033,316.212428
[time 8.95 s, user 8.21 s, sys 0.70 s, maxrss 732184 KB]
[busy 927 jiffies]
[exit 0]
--- xcdat 15   load 0.92 1.01 1.05
build time: 2140.130001 ms
space cost: 67.281871 MiB (102.411514% of original size 65.697565 MiB)
avg latency: 203.922761 ns
2140.130001,67.281871,203.922761
[time 8.13 s, user 7.39 s, sys 0.71 s, maxrss 775800 KB]
[busy 842 jiffies]
[exit 0]
--- xcdat 16   load 0.85 0.99 1.04
build time: 1870.954122 ms
space cost: 71.808467 MiB (109.301565% of original size 65.697565 MiB)
avg latency: 241.464162 ns
1870.954122,71.808467,241.464162
[time 8.19 s, user 7.41 s, sys 0.75 s, maxrss 783948 KB]
[busy 838 jiffies]
[exit 0]

##### opaque-10000000 (10000000 lines, 170000000 bytes)   round 1/3   2026-09-26T04:57:23+03:00
--- lexindex dict32   load 0.86 0.99 1.04
10000000 keys
lexindex DictIndex block 32: build 893 ms, size 98.166 MiB (10.293 B/key), latency cold 562.5 ns, then mean 550.6 / min 548.8 ns
892.541,98.166037,562.508
[time 28.77 s, user 35.77 s, sys 1.99 s, maxrss 1420968 KB]
[busy 3873 jiffies]
[exit 0]
--- lexindex dict256   load 0.92 1.00 1.04
10000000 keys
lexindex DictIndex block 256: build 883 ms, size 95.809 MiB (10.046 B/key), latency cold 552.4 ns, then mean 552.0 / min 551.5 ns
882.510,95.808618,552.410
[time 28.77 s, user 35.81 s, sys 2.04 s, maxrss 1425092 KB]
[busy 3892 jiffies]
[exit 0]
--- lexindex dict1024   load 0.95 1.00 1.03
10000000 keys
lexindex DictIndex block 1024: build 878 ms, size 94.924 MiB (9.953 B/key), latency cold 541.2 ns, then mean 538.7 / min 537.0 ns
877.732,94.923699,541.199
[time 28.21 s, user 35.19 s, sys 1.99 s, maxrss 1407576 KB]
[busy 3828 jiffies]
[exit 0]
--- lexindex routed32   load 0.97 1.00 1.03
10000000 keys
lexindex DictIndex block 32 routed: build 898 ms, size 102.934 MiB (10.793 B/key), latency cold 540.9 ns, then mean 535.7 / min 534.3 ns
897.764,102.934408,540.903
[time 28.11 s, user 35.04 s, sys 1.92 s, maxrss 1431584 KB]
[busy 3800 jiffies]
[exit 0]
--- lexindex routed256   load 0.98 1.00 1.03
10000000 keys
lexindex DictIndex block 256 routed: build 909 ms, size 100.577 MiB (10.546 B/key), latency cold 462.7 ns, then mean 463.0 / min 463.0 ns
908.674,100.577050,462.652
[time 25.15 s, user 32.31 s, sys 2.00 s, maxrss 1426904 KB]
[busy 3519 jiffies]
[exit 0]
--- lexindex routed1024   load 0.99 1.00 1.03
10000000 keys
lexindex DictIndex block 1024 routed: build 879 ms, size 97.308 MiB (10.203 B/key), latency cold 449.2 ns, then mean 450.0 / min 449.1 ns
879.015,97.307977,449.158
[time 24.67 s, user 31.74 s, sys 1.95 s, maxrss 1412404 KB]
[busy 3456 jiffies]
[exit 0]
--- lexindex string   load 1.00 1.00 1.02
10000000 keys
lexindex StringIndex: build 10936 ms, size 204.743 MiB (21.469 B/key), latency cold 470.6 ns, then mean 459.4 / min 459.1 ns
10936.025,204.742606,470.585
[time 35.11 s, user 34.21 s, sys 0.76 s, maxrss 1501816 KB]
[busy 3599 jiffies]
[exit 0]
--- lexindex hashed0   load 0.92 0.98 1.01
10000000 keys
lexindex HashedDictIndex closed: build 1872 ms, size 126.701 MiB (13.286 B/key), latency cold 72.3 ns, then mean 71.6 / min 71.5 ns
1872.316,126.701365,72.301
[time 10.52 s, user 18.25 s, sys 2.15 s, maxrss 1460132 KB]
[busy 2085 jiffies]
[exit 0]
--- lexindex hashed8   load 0.93 0.98 1.01
10000000 keys
lexindex HashedDictIndex fp=8: build 1870 ms, size 136.238 MiB (14.286 B/key), latency cold 77.5 ns, then mean 76.9 / min 76.3 ns
1870.171,136.238108,77.550
[time 10.71 s, user 18.56 s, sys 2.25 s, maxrss 1465312 KB]
[busy 2133 jiffies]
[exit 0]
--- lexindex hashed16   load 0.94 0.99 1.01
10000000 keys
lexindex HashedDictIndex fp=16: build 1946 ms, size 145.775 MiB (15.286 B/key), latency cold 77.4 ns, then mean 77.3 / min 76.8 ns
1945.717,145.774851,77.387
[time 10.78 s, user 18.62 s, sys 2.24 s, maxrss 1474940 KB]
[busy 2138 jiffies]
[exit 0]
--- lexindex da   load 0.88 0.97 1.01
10000000 keys
lexindex DoubleArrayIndex refused: format error: double-array: more than 8 388 608 keys; ids are 23 bits
Command exited with non-zero status 3
[time 3.38 s, user 3.07 s, sys 0.29 s, maxrss 628332 KB]
[busy 355 jiffies]
[exit 3]
--- c2 case 0 rec 0   load 0.81 0.95 1.00
[TEST C2-FST]
Processing dataset...
Done!
Building trie...
Done!
build time: 12661.253993 ms (1266.125399 ns per key)
space cost: 168.524103 MB (110.443956% of original size 152.587891 MB)
Querying trie...
Done!
total time: 6732.537072 ms, avg latency: 673.253707 ns
topology: 7.322502 MB, link: 33.678872 MB, data: 127.522729 MB
--- Unary Path Analysis (FST, cutoff=4) ---
  shared unary steps in main trie: 26453
  terminal suffixes: inplace=0 (avg len=0.00)  links=10000000 (100.0% of terminal)
  link len: avg=10.54  max=11  total_chars=105416542
  link length distribution (len:count):  8:18  9:1442  10:92299  11:4394462  12:5511779
12661.253993,168.524103,673.253707
[PASSED]
[time 28.55 s, user 26.58 s, sys 1.84 s, maxrss 2353680 KB]
[busy 2956 jiffies]
[exit 0]
--- c2 case 0 rec 1   load 0.87 0.96 1.00
[TEST C2-FST]
Processing dataset...
Done!
Building trie...
trie size: 46.253762 MB
Done!
build time: 23794.809182 ms (2379.480918 ns per key)
space cost: 168.524103 MB (110.443956% of original size 152.587891 MB)
Querying trie...
Done!
total time: 6707.815686 ms, avg latency: 670.781569 ns
topology: 7.322502 MB, link: 33.678872 MB, data: 127.522729 MB
--- Unary Path Analysis (FST, cutoff=4) ---
  shared unary steps in main trie: 26453
  terminal suffixes: inplace=0 (avg len=0.00)  links=10000000 (100.0% of terminal)
  link len: avg=10.54  max=11  total_chars=105416542
  link length distribution (len:count):  8:18  9:1442  10:92299  11:4394462  12:5511779
23794.809182,168.524103,670.781569
[PASSED]
[time 39.63 s, user 37.16 s, sys 2.30 s, maxrss 2822544 KB]
[busy 4081 jiffies]
[exit 0]
--- c2 case 0 rec 2   load 0.86 0.95 0.99
[TEST C2-FST]
Processing dataset...
Done!
Building trie...
trie size: 46.253762 MB
Done!
build time: 23742.457224 ms (2374.245722 ns per key)
space cost: 168.524103 MB (110.443956% of original size 152.587891 MB)
Querying trie...
Done!
total time: 6825.580286 ms, avg latency: 682.558029 ns
topology: 7.322502 MB, link: 33.678872 MB, data: 127.522729 MB
--- Unary Path Analysis (FST, cutoff=4) ---
  shared unary steps in main trie: 26453
  terminal suffixes: inplace=0 (avg len=0.00)  links=10000000 (100.0% of terminal)
  link len: avg=10.54  max=11  total_chars=105416542
  link length distribution (len:count):  8:18  9:1442  10:92299  11:4394462  12:5511779
23742.457224,168.524103,682.558029
[PASSED]
[time 39.70 s, user 37.18 s, sys 2.35 s, maxrss 2822908 KB]
[busy 4084 jiffies]
[exit 0]
--- c2 case 1 rec 0   load 0.93 0.96 1.00
[TEST C2-CoCo(LOUDS-Sparse)]
Processing dataset...
Done!
Building trie...
Done!
build time: 15437.001933 ms (1543.700193 ns per key)
space cost: 161.439246 MB (105.800824% of original size 152.587891 MB)
Querying trie...
Done!
total time: 7085.069552 ms, avg latency: 708.506955 ns
topology: 3.310211 MB, link: 34.003298 MB, data: 124.125737 MB
15437.001933,161.439246,708.506955
[PASSED]
[time 31.63 s, user 29.06 s, sys 2.44 s, maxrss 3322380 KB]
[busy 3252 jiffies]
[exit 0]
--- c2 case 1 rec 1   load 1.01 0.98 1.00
[TEST C2-CoCo(LOUDS-Sparse)]
Processing dataset...
Done!
Building trie...
trie size: 46.253762 MB
Done!
build time: 26509.856534 ms (2650.985653 ns per key)
space cost: 161.439246 MB (105.800824% of original size 152.587891 MB)
Querying trie...
Done!
total time: 7111.872439 ms, avg latency: 711.187244 ns
topology: 3.310211 MB, link: 34.003298 MB, data: 124.125737 MB
26509.856534,161.439246,711.187244
[PASSED]
[time 42.75 s, user 39.68 s, sys 2.89 s, maxrss 3791284 KB]
[busy 4399 jiffies]
[exit 0]
--- c2 case 1 rec 2   load 1.05 1.00 1.00
[TEST C2-CoCo(LOUDS-Sparse)]
Processing dataset...
Done!
Building trie...
trie size: 46.253762 MB
Done!
build time: 26458.569016 ms (2645.856902 ns per key)
space cost: 161.439246 MB (105.800824% of original size 152.587891 MB)
Querying trie...
Done!
total time: 7056.366804 ms, avg latency: 705.636680 ns
topology: 3.310211 MB, link: 34.003298 MB, data: 124.125737 MB
26458.569016,161.439246,705.636680
[PASSED]
[time 42.63 s, user 39.56 s, sys 2.90 s, maxrss 3790988 KB]
[busy 4387 jiffies]
[exit 0]
--- c2 case 2 rec 0   load 1.09 1.02 1.00
[TEST C2-MARISA]
Processing dataset...
Done!
Building trie...
trie size: 18.021462 MB
Done!
build time: 11297.304452 ms (1129.730445 ns per key)
space cost: 165.523580 MB (108.477533% of original size 152.587891 MB)
Querying trie...
Done!
total time: 5668.210104 ms, avg latency: 566.821010 ns
topology: 5.929127 MB, link: 32.190027 MB, data: 127.076301 MB
--- Unary Path Analysis (Marisa, cutoff=3) ---
  branches: 12335636  |  single-char: 2309593 (18.7%)  short-unary: 25639 (0.2%)  links: 10000404 (81.1%)
  link len: avg=12.54  max=13  total_chars=125417760
  link length distribution (len:count):  3:398  4:6  9:18  10:1442  11:92299  12:4394462  13:5511779
  short unary avg len: 2.00
11297.304452,165.523580,566.821010
[PASSED]
[time 26.11 s, user 24.10 s, sys 1.89 s, maxrss 2276080 KB]
[busy 2690 jiffies]
[exit 0]
--- c2 case 2 rec 1   load 1.06 1.01 1.00
[TEST C2-MARISA]
Processing dataset...
Done!
Building trie...
trie size: 18.021462 MB
trie size: 46.255407 MB
Done!
build time: 22189.310769 ms (2218.931077 ns per key)
space cost: 165.523580 MB (108.477533% of original size 152.587891 MB)
Querying trie...
Done!
total time: 5661.448107 ms, avg latency: 566.144811 ns
topology: 5.929127 MB, link: 32.190027 MB, data: 127.076301 MB
--- Unary Path Analysis (Marisa, cutoff=3) ---
  branches: 12335636  |  single-char: 2309593 (18.7%)  short-unary: 25639 (0.2%)  links: 10000404 (81.1%)
  link len: avg=12.54  max=13  total_chars=125417760
  link length distribution (len:count):  3:398  4:6  9:18  10:1442  11:92299  12:4394462  13:5511779
  short unary avg len: 2.00
22189.310769,165.523580,566.144811
[PASSED]
[time 37.06 s, user 34.60 s, sys 2.30 s, maxrss 2779328 KB]
[busy 3819 jiffies]
[exit 0]
--- c2 case 2 rec 2   load 1.03 1.01 1.00
[TEST C2-MARISA]
Processing dataset...
Done!
Building trie...
trie size: 18.021462 MB
trie size: 46.255407 MB
Done!
build time: 22171.420930 ms (2217.142093 ns per key)
space cost: 165.523580 MB (108.477533% of original size 152.587891 MB)
Querying trie...
Done!
total time: 5644.868651 ms, avg latency: 564.486865 ns
topology: 5.929127 MB, link: 32.190027 MB, data: 127.076301 MB
--- Unary Path Analysis (Marisa, cutoff=3) ---
  branches: 12335636  |  single-char: 2309593 (18.7%)  short-unary: 25639 (0.2%)  links: 10000404 (81.1%)
  link len: avg=12.54  max=13  total_chars=125417760
  link length distribution (len:count):  3:398  4:6  9:18  10:1442  11:92299  12:4394462  13:5511779
  short unary avg len: 2.00
22171.420930,165.523580,564.486865
[PASSED]
[time 36.94 s, user 34.48 s, sys 2.30 s, maxrss 2778976 KB]
[busy 3813 jiffies]
[exit 0]
--- c2 case 3 rec 0   load 1.02 1.01 1.00
[TEST FST]
Processing dataset...
Done!
Building trie...
Done!
build time: 8744.484003 ms (874.448400 ns per key)
space cost: 166.730864 MB (109.268739% of original size 152.587891 MB)
Querying trie...
Done!
total time: 5395.411968 ms, avg latency: 539.541197 ns
not implemented
8744.484003,166.730864,539.541197
[PASSED]
[time 23.27 s, user 21.99 s, sys 1.19 s, maxrss 1424940 KB]
[busy 2391 jiffies]
[exit 0]
--- c2 case 4 rec 0   load 1.01 1.00 1.00
terminate called after throwing an instance of 'std::bad_alloc'
  what():  std::bad_alloc
timeout: the monitored command dumped core
Command terminated by signal 6
[time 27.31 s, user 15.39 s, sys 11.75 s, maxrss 27784828 KB]
[busy 2869 jiffies]
[exit 134]
--- c2 case 5 rec 0   load 1.08 1.02 1.01
[TEST MARISA]
Processing dataset...
Done!
Building trie...
Done!
build time: 6216.738335 ms (621.673834 ns per key)
space cost: 172.390432 MB (112.977794% of original size 152.587891 MB)
Querying trie...
Done!
total time: 9206.271975 ms, avg latency: 920.627197 ns
not implemented
6216.738335,172.390432,920.627197
[PASSED]
[time 24.54 s, user 22.83 s, sys 1.60 s, maxrss 1756352 KB]
[busy 2529 jiffies]
[exit 0]
--- c2 case 5 rec 1   load 1.06 1.02 1.00
[TEST MARISA]
Processing dataset...
Done!
Building trie...
Done!
build time: 9642.295950 ms (964.229595 ns per key)
space cost: 174.772559 MB (114.538944% of original size 152.587891 MB)
Querying trie...
Done!
total time: 19215.267678 ms, avg latency: 1921.526768 ns
not implemented
9642.295950,174.772559,1921.526768
[PASSED]
[time 37.92 s, user 35.87 s, sys 1.88 s, maxrss 1746024 KB]
[busy 3897 jiffies]
[exit 0]
--- c2 case 5 rec 2   load 1.03 1.01 1.00
[TEST MARISA]
Processing dataset...
Done!
Building trie...
Done!
build time: 12765.320963 ms (1276.532096 ns per key)
space cost: 174.781183 MB (114.544596% of original size 152.587891 MB)
Querying trie...
Done!
total time: 30901.393675 ms, avg latency: 3090.139367 ns
not implemented
12765.320963,174.781183,3090.139367
[PASSED]
[time 52.67 s, user 50.35 s, sys 2.10 s, maxrss 1801608 KB]
[busy 5415 jiffies]
[exit 0]
--- c2 case 6 rec 0   load 0.93 0.99 0.99
[TEST PDT]
Processing dataset...
Done!
Building trie...
dict size: 177886, stream size: 123770486
Done!
build time: 113577.011786 ms (11357.701179 ns per key)
space cost: 130.971906 MB (85.833748% of original size 152.587891 MB)
Querying trie...
Done!
total time: 9361.787015 ms, avg latency: 936.178701 ns
not implemented
113577.011786,130.971906,936.178701
[PASSED]
[time 132.05 s, user 129.68 s, sys 1.87 s, maxrss 2153848 KB]
[busy 13535 jiffies]
[exit 0]
--- c2 case 7 rec 0   load 0.99 1.00 1.00
[TEST ART]
Processing dataset...
Done!
Building trie...
Done!
build time: 1566.890523 ms (156.689052 ns per key)
space cost: 281.783142 MB (184.669400% of original size 152.587891 MB)
Querying trie...
Done!
total time: 2637.277859 ms, avg latency: 263.727786 ns
not implemented
1566.890523,281.783142,263.727786
[PASSED]
[time 13.40 s, user 12.25 s, sys 1.09 s, maxrss 1719276 KB]
[busy 1379 jiffies]
[exit 0]
--- c2 case 8 rec 0   load 1.00 1.00 1.00
[TEST CART]
Processing dataset...
Done!
Building trie...
Done!
build time: 1969.685411 ms (196.968541 ns per key)
space cost: 110.237770 MB (72.245425% of original size 152.587891 MB)
Querying trie...
Done!
total time: 3520.929434 ms, avg latency: 352.092943 ns
not implemented
1969.685411,110.237770,352.092943
[PASSED]
[time 14.63 s, user 13.52 s, sys 1.04 s, maxrss 1557304 KB]
[busy 1505 jiffies]
[exit 0]
--- xcdat 7   load 1.00 1.00 1.00
build time: 10251.608157 ms
space cost: 200.245496 MiB (131.232888% of original size 152.587891 MiB)
avg latency: 397.501410 ns
10251.608157,200.245496,397.501410
[time 23.46 s, user 21.72 s, sys 1.64 s, maxrss 1677712 KB]
[busy 2413 jiffies]
[exit 0]
--- xcdat 8   load 1.00 1.00 1.00
build time: 10470.143585 ms
space cost: 194.729631 MiB (127.618011% of original size 152.587891 MiB)
avg latency: 414.998169 ns
10470.143585,194.729631,414.998169
[time 23.85 s, user 22.11 s, sys 1.64 s, maxrss 1659056 KB]
[busy 2458 jiffies]
[exit 0]
--- xcdat 15   load 1.00 1.00 1.00
build time: 10710.507573 ms
space cost: 206.548369 MiB (135.363539% of original size 152.587891 MiB)
avg latency: 330.111006 ns
10710.507573,206.548369,330.111006
[time 23.18 s, user 21.43 s, sys 1.65 s, maxrss 1675368 KB]
[busy 2378 jiffies]
[exit 0]
--- xcdat 16   load 1.00 1.00 1.00
build time: 10479.458500 ms
space cost: 209.774417 MiB (137.477762% of original size 152.587891 MiB)
avg latency: 363.794272 ns
10479.458500,209.774417,363.794272
[time 23.29 s, user 21.52 s, sys 1.66 s, maxrss 1681756 KB]
[busy 2396 jiffies]
[exit 0]

##### titles-en-10000000 (10000000 lines, 219718589 bytes)   round 1/3   2026-09-26T05:14:15+03:00
--- lexindex dict32   load 1.00 1.00 1.00
10000000 keys
lexindex DictIndex block 32: build 1930 ms, size 58.395 MiB (6.123 B/key), latency cold 672.2 ns, then mean 671.1 / min 670.4 ns
1929.956,58.395205,672.216
[time 35.16 s, user 50.63 s, sys 1.48 s, maxrss 1707676 KB]
[busy 5322 jiffies]
[exit 0]
--- lexindex dict256   load 1.63 1.19 1.07
10000000 keys
lexindex DictIndex block 256: build 1988 ms, size 53.891 MiB (5.651 B/key), latency cold 658.7 ns, then mean 656.4 / min 656.1 ns
1988.230,53.891209,658.697
[time 34.66 s, user 50.65 s, sys 1.48 s, maxrss 1701444 KB]
[busy 5339 jiffies]
[exit 0]
--- lexindex dict1024   load 1.35 1.17 1.06
10000000 keys
lexindex DictIndex block 1024: build 1903 ms, size 52.239 MiB (5.478 B/key), latency cold 687.3 ns, then mean 686.8 / min 686.3 ns
1902.702,52.238668,687.294
[time 35.76 s, user 51.37 s, sys 1.42 s, maxrss 1693076 KB]
[busy 5403 jiffies]
[exit 0]
--- lexindex routed32   load 1.19 1.15 1.06
10000000 keys
lexindex DictIndex block 32 routed: build 1958 ms, size 63.164 MiB (6.623 B/key), latency cold 631.6 ns, then mean 631.7 / min 631.4 ns
1957.917,63.163577,631.607
[time 33.62 s, user 49.19 s, sys 1.47 s, maxrss 1718488 KB]
[busy 5196 jiffies]
[exit 0]
--- lexindex routed256   load 1.11 1.13 1.06
10000000 keys
lexindex DictIndex block 256 routed: build 2003 ms, size 58.660 MiB (6.151 B/key), latency cold 550.3 ns, then mean 550.9 / min 550.6 ns
2003.080,58.659641,550.271
[time 30.46 s, user 46.57 s, sys 1.49 s, maxrss 1708756 KB]
[busy 4923 jiffies]
[exit 0]
--- lexindex routed1024   load 1.03 1.12 1.05
10000000 keys
lexindex DictIndex block 1024 routed: build 1946 ms, size 54.623 MiB (5.728 B/key), latency cold 570.6 ns, then mean 569.1 / min 568.3 ns
1945.597,54.622946,570.632
[time 31.11 s, user 46.81 s, sys 1.44 s, maxrss 1695644 KB]
[busy 4948 jiffies]
[exit 0]
--- lexindex string   load 1.02 1.10 1.05
10000000 keys
lexindex StringIndex: build 8062 ms, size 126.354 MiB (13.249 B/key), latency cold 651.6 ns, then mean 652.3 / min 650.6 ns
8061.590,126.354340,651.646
[time 40.47 s, user 39.48 s, sys 0.83 s, maxrss 1572656 KB]
[busy 4156 jiffies]
[exit 0]
--- lexindex hashed0   load 1.01 1.09 1.05
10000000 keys
lexindex HashedDictIndex closed: build 3075 ms, size 84.783 MiB (8.890 B/key), latency cold 67.2 ns, then mean 67.0 / min 66.8 ns
3074.932,84.782593,67.212
[time 12.12 s, user 28.93 s, sys 1.60 s, maxrss 1732224 KB]
[busy 3113 jiffies]
[exit 0]
--- lexindex hashed8   load 1.01 1.08 1.05
10000000 keys
lexindex HashedDictIndex fp=8: build 3083 ms, size 94.319 MiB (9.890 B/key), latency cold 75.1 ns, then mean 75.0 / min 74.5 ns
3083.420,94.319336,75.124
[time 12.45 s, user 29.30 s, sys 1.60 s, maxrss 1742412 KB]
[busy 3151 jiffies]
[exit 0]
--- lexindex hashed16   load 1.00 1.08 1.04
10000000 keys
lexindex HashedDictIndex fp=16: build 3077 ms, size 103.856 MiB (10.890 B/key), latency cold 75.9 ns, then mean 75.9 / min 75.5 ns
3076.884,103.856079,75.947
[time 12.52 s, user 29.22 s, sys 1.60 s, maxrss 1753752 KB]
[busy 3142 jiffies]
[exit 0]
--- lexindex da   load 1.00 1.08 1.04
10000000 keys
lexindex DoubleArrayIndex refused: format error: double-array: more than 8 388 608 keys; ids are 23 bits
Command exited with non-zero status 3
[time 3.75 s, user 3.40 s, sys 0.32 s, maxrss 692688 KB]
[busy 386 jiffies]
[exit 3]
--- c2 case 0 rec 0   load 1.00 1.07 1.04
[TEST C2-FST]
Processing dataset...
Done!
Building trie...
Done!
build time: 10629.520965 ms (1062.952096 ns per key)
space cost: 86.858212 MB (43.428404% of original size 200.003232 MB)
Querying trie...
Done!
total time: 12025.697077 ms, avg latency: 1202.569708 ns
topology: 11.274200 MB, link: 21.160836 MB, data: 54.423176 MB
--- Unary Path Analysis (FST, cutoff=4) ---
  shared unary steps in main trie: 9042618
  terminal suffixes: inplace=1798982 (avg len=2.14)  links=6599643 (78.6% of terminal)
  link len: avg=9.93  max=234  total_chars=65543603
  link length distribution (len:count):  4:783104  5:760158  6:695828  7:589022  8:475587  9:402890  10:359960  11:287809  12:252754  13:211229  14:291790  15:204192  16:188465  17:134915  18:119234  19:103940  20:94864  21:79457  22:68801  23:57526  24:51335  25:45253  26:43170  27:36068  28:31115  29:26944  30:23808  31:20749  32:18599  33:16316  34:14256  35:12616  36:11654  37:10097  38:8350  39:7410  40:6438  41:5768  42:5227  43:4358  44:3828  45:3564  46:3239  47:2673  48:2418  49:2015  50:1930  51:1676  52:1473  53:1343  54:1226  55:1070  56:979  57:898  58:769  59:736  60:626  61:563  62:597  63:542  64:428  65:419  66:401  67:383  68:320  69:311  70:276  71:263  72:227  73:216  74:189  75:189  76:152  77:176  78:161  79:141  80:122  81:127  82:110  83:97  84:90  85:90  86:88  87:88  88:62  89:58  90:57  91:55  92:60  93:54  94:47  95:39  96:52  97:43  98:41  99:43  100:34  101:29  102:20  103:25  104:38  105:22  106:19  107:21  108:27  109:17  110:17  111:15  112:20  113:20  114:14  115:18  116:19  117:10  118:15  119:19  120:13  121:11  122:5  123:13  124:11  125:8  126:8  127:8  128:10  129:12  130:6  131:9  132:1  133:8  134:7  135:4  136:6  137:4  138:7  139:6  140:3  141:3  142:1  143:5  144:3  145:5  146:2  147:3  148:3  149:8  150:6  151:3  152:5  153:5  154:4  155:5  156:4  157:2  158:2  159:3  160:6  162:6  163:1  164:1  165:3  166:3  167:6  168:2  169:1  170:1  171:3  172:1  173:1  174:3  175:1  176:1  177:2  178:2  179:4  180:1  182:1  184:2  185:1  188:2  189:1  191:1  193:4  194:1  195:1  198:3  199:2  200:1  201:1  204:3  205:2  206:1  208:1  209:4  210:1  211:1  213:1  214:1  215:1  217:1  223:1  224:2  228:1  229:1  230:1  231:1  233:1  235:1
10629.520965,86.858212,1202.569708
[PASSED]
[time 30.58 s, user 29.05 s, sys 1.40 s, maxrss 1462516 KB]
[busy 3145 jiffies]
[exit 0]
--- c2 case 0 rec 1   load 1.00 1.06 1.04
[TEST C2-FST]
Processing dataset...
Done!
Building trie...
trie size: 22.733012 MB
Done!
build time: 12475.015168 ms (1247.501517 ns per key)
space cost: 75.770544 MB (37.884660% of original size 200.003232 MB)
Querying trie...
Done!
total time: 14451.049380 ms, avg latency: 1445.104938 ns
topology: 13.082478 MB, link: 20.816256 MB, data: 41.871811 MB
--- Unary Path Analysis (FST, cutoff=4) ---
  shared unary steps in main trie: 9042618
  terminal suffixes: inplace=1798982 (avg len=2.14)  links=6599643 (78.6% of terminal)
  link len: avg=9.93  max=234  total_chars=65543603
  link length distribution (len:count):  4:783104  5:760158  6:695828  7:589022  8:475587  9:402890  10:359960  11:287809  12:252754  13:211229  14:291790  15:204192  16:188465  17:134915  18:119234  19:103940  20:94864  21:79457  22:68801  23:57526  24:51335  25:45253  26:43170  27:36068  28:31115  29:26944  30:23808  31:20749  32:18599  33:16316  34:14256  35:12616  36:11654  37:10097  38:8350  39:7410  40:6438  41:5768  42:5227  43:4358  44:3828  45:3564  46:3239  47:2673  48:2418  49:2015  50:1930  51:1676  52:1473  53:1343  54:1226  55:1070  56:979  57:898  58:769  59:736  60:626  61:563  62:597  63:542  64:428  65:419  66:401  67:383  68:320  69:311  70:276  71:263  72:227  73:216  74:189  75:189  76:152  77:176  78:161  79:141  80:122  81:127  82:110  83:97  84:90  85:90  86:88  87:88  88:62  89:58  90:57  91:55  92:60  93:54  94:47  95:39  96:52  97:43  98:41  99:43  100:34  101:29  102:20  103:25  104:38  105:22  106:19  107:21  108:27  109:17  110:17  111:15  112:20  113:20  114:14  115:18  116:19  117:10  118:15  119:19  120:13  121:11  122:5  123:13  124:11  125:8  126:8  127:8  128:10  129:12  130:6  131:9  132:1  133:8  134:7  135:4  136:6  137:4  138:7  139:6  140:3  141:3  142:1  143:5  144:3  145:5  146:2  147:3  148:3  149:8  150:6  151:3  152:5  153:5  154:4  155:5  156:4  157:2  158:2  159:3  160:6  162:6  163:1  164:1  165:3  166:3  167:6  168:2  169:1  170:1  171:3  172:1  173:1  174:3  175:1  176:1  177:2  178:2  179:4  180:1  182:1  184:2  185:1  188:2  189:1  191:1  193:4  194:1  195:1  198:3  199:2  200:1  201:1  204:3  205:2  206:1  208:1  209:4  210:1  211:1  213:1  214:1  215:1  217:1  223:1  224:2  228:1  229:1  230:1  231:1  233:1  235:1
12475.015168,75.770544,1445.104938
[PASSED]
[time 34.86 s, user 33.37 s, sys 1.34 s, maxrss 1339204 KB]
[busy 3589 jiffies]
[exit 0]
--- c2 case 0 rec 2   load 1.00 1.06 1.04
[TEST C2-FST]
Processing dataset...
Done!
Building trie...
trie size: 22.733012 MB
trie size: 3.280537 MB
Done!
build time: 12999.674589 ms (1299.967459 ns per key)
space cost: 75.770544 MB (37.884660% of original size 200.003232 MB)
Querying trie...
Done!
total time: 14401.265367 ms, avg latency: 1440.126537 ns
topology: 13.082478 MB, link: 20.816256 MB, data: 41.871811 MB
--- Unary Path Analysis (FST, cutoff=4) ---
  shared unary steps in main trie: 9042618
  terminal suffixes: inplace=1798982 (avg len=2.14)  links=6599643 (78.6% of terminal)
  link len: avg=9.93  max=234  total_chars=65543603
  link length distribution (len:count):  4:783104  5:760158  6:695828  7:589022  8:475587  9:402890  10:359960  11:287809  12:252754  13:211229  14:291790  15:204192  16:188465  17:134915  18:119234  19:103940  20:94864  21:79457  22:68801  23:57526  24:51335  25:45253  26:43170  27:36068  28:31115  29:26944  30:23808  31:20749  32:18599  33:16316  34:14256  35:12616  36:11654  37:10097  38:8350  39:7410  40:6438  41:5768  42:5227  43:4358  44:3828  45:3564  46:3239  47:2673  48:2418  49:2015  50:1930  51:1676  52:1473  53:1343  54:1226  55:1070  56:979  57:898  58:769  59:736  60:626  61:563  62:597  63:542  64:428  65:419  66:401  67:383  68:320  69:311  70:276  71:263  72:227  73:216  74:189  75:189  76:152  77:176  78:161  79:141  80:122  81:127  82:110  83:97  84:90  85:90  86:88  87:88  88:62  89:58  90:57  91:55  92:60  93:54  94:47  95:39  96:52  97:43  98:41  99:43  100:34  101:29  102:20  103:25  104:38  105:22  106:19  107:21  108:27  109:17  110:17  111:15  112:20  113:20  114:14  115:18  116:19  117:10  118:15  119:19  120:13  121:11  122:5  123:13  124:11  125:8  126:8  127:8  128:10  129:12  130:6  131:9  132:1  133:8  134:7  135:4  136:6  137:4  138:7  139:6  140:3  141:3  142:1  143:5  144:3  145:5  146:2  147:3  148:3  149:8  150:6  151:3  152:5  153:5  154:4  155:5  156:4  157:2  158:2  159:3  160:6  162:6  163:1  164:1  165:3  166:3  167:6  168:2  169:1  170:1  171:3  172:1  173:1  174:3  175:1  176:1  177:2  178:2  179:4  180:1  182:1  184:2  185:1  188:2  189:1  191:1  193:4  194:1  195:1  198:3  199:2  200:1  201:1  204:3  205:2  206:1  208:1  209:4  210:1  211:1  213:1  214:1  215:1  217:1  223:1  224:2  228:1  229:1  230:1  231:1  233:1  235:1
12999.674589,75.770544,1440.126537
[PASSED]
[time 35.30 s, user 33.75 s, sys 1.40 s, maxrss 1364460 KB]
[busy 3629 jiffies]
[exit 0]
--- c2 case 1 rec 0   load 1.00 1.05 1.03
[TEST C2-CoCo(LOUDS-Sparse)]
Processing dataset...
Done!
Building trie...
Done!
build time: 24928.477484 ms (2492.847748 ns per key)
space cost: 98.257762 MB (49.128087% of original size 200.003232 MB)
Querying trie...
Done!
total time: 14809.230738 ms, avg latency: 1480.923074 ns
topology: 4.410110 MB, link: 33.095964 MB, data: 60.751687 MB
24928.477484,98.257762,1480.923074
[PASSED]
[time 47.67 s, user 45.23 s, sys 2.25 s, maxrss 3194052 KB]
[busy 4895 jiffies]
[exit 0]
--- c2 case 1 rec 1   load 1.00 1.04 1.03
[TEST C2-CoCo(LOUDS-Sparse)]
Processing dataset...
Done!
Building trie...
trie size: 22.733012 MB
Done!
build time: 26716.292247 ms (2671.629225 ns per key)
space cost: 87.170093 MB (43.584342% of original size 200.003232 MB)
Querying trie...
Done!
total time: 17141.659231 ms, avg latency: 1714.165923 ns
topology: 6.218388 MB, link: 32.751384 MB, data: 48.200322 MB
26716.292247,87.170093,1714.165923
[PASSED]
[time 51.82 s, user 49.35 s, sys 2.26 s, maxrss 3066520 KB]
[busy 5311 jiffies]
[exit 0]
--- c2 case 1 rec 2   load 1.00 1.03 1.02
[TEST C2-CoCo(LOUDS-Sparse)]
Processing dataset...
Done!
Building trie...
trie size: 22.733012 MB
trie size: 3.280537 MB
Done!
build time: 27260.978312 ms (2726.097831 ns per key)
space cost: 87.170093 MB (43.584342% of original size 200.003232 MB)
Querying trie...
Done!
total time: 17064.090113 ms, avg latency: 1706.409011 ns
topology: 6.218388 MB, link: 32.751384 MB, data: 48.200322 MB
27260.978312,87.170093,1706.409011
[PASSED]
[time 52.24 s, user 49.80 s, sys 2.23 s, maxrss 3090040 KB]
[busy 5361 jiffies]
[exit 0]
--- c2 case 2 rec 0   load 1.00 1.02 1.02
[TEST C2-MARISA]
Processing dataset...
Done!
Building trie...
trie size: 23.317092 MB
Done!
build time: 10523.838128 ms (1052.383813 ns per key)
space cost: 78.192151 MB (39.095444% of original size 200.003232 MB)
Querying trie...
Done!
total time: 7975.709444 ms, avg latency: 797.570944 ns
topology: 7.694263 MB, link: 27.912508 MB, data: 42.257255 MB
--- Unary Path Analysis (Marisa, cutoff=3) ---
  branches: 15080896  |  single-char: 4578086 (30.4%)  short-unary: 1137672 (7.5%)  links: 9365138 (62.1%)
  link len: avg=9.96  max=236  total_chars=93261704
  link length distribution (len:count):  3:947829  4:986562  5:965254  6:903368  7:803217  8:675232  9:535160  10:448828  11:393655  12:313562  13:273926  14:228549  15:306731  16:216481  17:200904  18:144129  19:127804  20:110710  21:100724  22:84358  23:73263  24:61276  25:54434  26:48000  27:45573  28:38180  29:33095  30:28718  31:25581  32:22213  33:19884  34:17374  35:15159  36:13408  37:12318  38:10537  39:8786  40:7764  41:6832  42:6052  43:5427  44:4522  45:3945  46:3695  47:3344  48:2764  49:2509  50:2081  51:1977  52:1721  53:1517  54:1388  55:1255  56:1097  57:1012  58:930  59:785  60:751  61:645  62:578  63:614  64:560  65:436  66:431  67:412  68:392  69:332  70:320  71:285  72:270  73:233  74:225  75:193  76:195  77:155  78:178  79:164  80:147  81:126  82:131  83:112  84:98  85:95  86:92  87:89  88:91  89:63  90:58  91:59  92:55  93:61  94:54  95:48  96:42  97:53  98:43  99:42  100:44  101:35  102:30  103:20  104:25  105:38  106:22  107:19  108:21  109:27  110:17  111:18  112:16  113:20  114:20  115:15  116:18  117:20  118:11  119:16  120:19  121:14  122:12  123:5  124:13  125:12  126:8  127:9  128:8  129:10  130:13  131:6  132:9  133:1  134:8  135:7  136:5  137:7  138:4  139:7  140:6  141:3  142:3  143:1  144:5  145:3  146:5  147:2  148:3  149:3  150:8  151:6  152:3  153:6  154:5  155:4  156:5  157:4  158:2  159:2  160:3  161:6  163:6  164:1  165:1  166:3  167:3  168:6  169:2  170:1  171:1  172:3  173:1  174:1  175:3  176:1  177:1  178:2  179:2  180:4  181:1  183:1  185:3  186:1  189:2  190:1  192:1  194:4  195:2  196:1  199:3  200:3  201:1  202:1  205:3  206:2  207:1  209:1  210:4  211:1  212:1  214:1  215:1  216:1  218:1  224:1  225:2  229:1  230:1  231:1  232:1  234:1  235:1  236:1
  short unary avg len: 2.00
10523.838128,78.192151,797.570944
[PASSED]
[time 26.46 s, user 24.81 s, sys 1.53 s, maxrss 1608584 KB]
[busy 2730 jiffies]
[exit 0]
--- c2 case 2 rec 1   load 0.92 1.00 1.01
[TEST C2-MARISA]
Processing dataset...
Done!
Building trie...
trie size: 23.317092 MB
trie size: 32.530715 MB
Done!
build time: 12860.427769 ms (1286.042777 ns per key)
space cost: 64.832272 MB (32.415612% of original size 200.003232 MB)
Querying trie...
Done!
total time: 10277.655284 ms, avg latency: 1027.765528 ns
topology: 9.978737 MB, link: 28.205211 MB, data: 26.320199 MB
--- Unary Path Analysis (Marisa, cutoff=3) ---
  branches: 15080896  |  single-char: 4578086 (30.4%)  short-unary: 1137672 (7.5%)  links: 9365138 (62.1%)
  link len: avg=9.96  max=236  total_chars=93261704
  link length distribution (len:count):  3:947829  4:986562  5:965254  6:903368  7:803217  8:675232  9:535160  10:448828  11:393655  12:313562  13:273926  14:228549  15:306731  16:216481  17:200904  18:144129  19:127804  20:110710  21:100724  22:84358  23:73263  24:61276  25:54434  26:48000  27:45573  28:38180  29:33095  30:28718  31:25581  32:22213  33:19884  34:17374  35:15159  36:13408  37:12318  38:10537  39:8786  40:7764  41:6832  42:6052  43:5427  44:4522  45:3945  46:3695  47:3344  48:2764  49:2509  50:2081  51:1977  52:1721  53:1517  54:1388  55:1255  56:1097  57:1012  58:930  59:785  60:751  61:645  62:578  63:614  64:560  65:436  66:431  67:412  68:392  69:332  70:320  71:285  72:270  73:233  74:225  75:193  76:195  77:155  78:178  79:164  80:147  81:126  82:131  83:112  84:98  85:95  86:92  87:89  88:91  89:63  90:58  91:59  92:55  93:61  94:54  95:48  96:42  97:53  98:43  99:42  100:44  101:35  102:30  103:20  104:25  105:38  106:22  107:19  108:21  109:27  110:17  111:18  112:16  113:20  114:20  115:15  116:18  117:20  118:11  119:16  120:19  121:14  122:12  123:5  124:13  125:12  126:8  127:9  128:8  129:10  130:13  131:6  132:9  133:1  134:8  135:7  136:5  137:7  138:4  139:7  140:6  141:3  142:3  143:1  144:5  145:3  146:5  147:2  148:3  149:3  150:8  151:6  152:3  153:6  154:5  155:4  156:5  157:4  158:2  159:2  160:3  161:6  163:6  164:1  165:1  166:3  167:3  168:6  169:2  170:1  171:1  172:3  173:1  174:1  175:3  176:1  177:1  178:2  179:2  180:4  181:1  183:1  185:3  186:1  189:2  190:1  192:1  194:4  195:2  196:1  199:3  200:3  201:1  202:1  205:3  206:2  207:1  209:1  210:4  211:1  212:1  214:1  215:1  216:1  218:1  224:1  225:2  229:1  230:1  231:1  232:1  234:1  235:1  236:1
  short unary avg len: 2.00
12860.427769,64.832272,1027.765528
[PASSED]
[time 31.06 s, user 29.40 s, sys 1.52 s, maxrss 1466508 KB]
[busy 3190 jiffies]
[exit 0]
--- c2 case 2 rec 2   load 0.95 1.00 1.01
[TEST C2-MARISA]
Processing dataset...
Done!
Building trie...
trie size: 23.317092 MB
trie size: 32.530715 MB
trie size: 4.028131 MB
Done!
build time: 13392.183826 ms (1339.218383 ns per key)
space cost: 64.832272 MB (32.415612% of original size 200.003232 MB)
Querying trie...
Done!
total time: 10303.831214 ms, avg latency: 1030.383121 ns
topology: 9.978737 MB, link: 28.205211 MB, data: 26.320199 MB
--- Unary Path Analysis (Marisa, cutoff=3) ---
  branches: 15080896  |  single-char: 4578086 (30.4%)  short-unary: 1137672 (7.5%)  links: 9365138 (62.1%)
  link len: avg=9.96  max=236  total_chars=93261704
  link length distribution (len:count):  3:947829  4:986562  5:965254  6:903368  7:803217  8:675232  9:535160  10:448828  11:393655  12:313562  13:273926  14:228549  15:306731  16:216481  17:200904  18:144129  19:127804  20:110710  21:100724  22:84358  23:73263  24:61276  25:54434  26:48000  27:45573  28:38180  29:33095  30:28718  31:25581  32:22213  33:19884  34:17374  35:15159  36:13408  37:12318  38:10537  39:8786  40:7764  41:6832  42:6052  43:5427  44:4522  45:3945  46:3695  47:3344  48:2764  49:2509  50:2081  51:1977  52:1721  53:1517  54:1388  55:1255  56:1097  57:1012  58:930  59:785  60:751  61:645  62:578  63:614  64:560  65:436  66:431  67:412  68:392  69:332  70:320  71:285  72:270  73:233  74:225  75:193  76:195  77:155  78:178  79:164  80:147  81:126  82:131  83:112  84:98  85:95  86:92  87:89  88:91  89:63  90:58  91:59  92:55  93:61  94:54  95:48  96:42  97:53  98:43  99:42  100:44  101:35  102:30  103:20  104:25  105:38  106:22  107:19  108:21  109:27  110:17  111:18  112:16  113:20  114:20  115:15  116:18  117:20  118:11  119:16  120:19  121:14  122:12  123:5  124:13  125:12  126:8  127:9  128:8  129:10  130:13  131:6  132:9  133:1  134:8  135:7  136:5  137:7  138:4  139:7  140:6  141:3  142:3  143:1  144:5  145:3  146:5  147:2  148:3  149:3  150:8  151:6  152:3  153:6  154:5  155:4  156:5  157:4  158:2  159:2  160:3  161:6  163:6  164:1  165:1  166:3  167:3  168:6  169:2  170:1  171:1  172:3  173:1  174:1  175:3  176:1  177:1  178:2  179:2  180:4  181:1  183:1  185:3  186:1  189:2  190:1  192:1  194:4  195:2  196:1  199:3  200:3  201:1  202:1  205:3  206:2  207:1  209:1  210:4  211:1  212:1  214:1  215:1  216:1  218:1  224:1  225:2  229:1  230:1  231:1  232:1  234:1  235:1  236:1
  short unary avg len: 2.00
13392.183826,64.832272,1030.383121
[PASSED]
[time 31.59 s, user 29.96 s, sys 1.50 s, maxrss 1496576 KB]
[busy 3244 jiffies]
[exit 0]
--- c2 case 3 rec 0   load 0.89 0.98 1.00
[TEST FST]
Processing dataset...
Done!
Building trie...
Done!
build time: 9750.057141 ms (975.005714 ns per key)
space cost: 86.740355 MB (43.369476% of original size 200.003232 MB)
Querying trie...
Done!
total time: 14238.500632 ms, avg latency: 1423.850063 ns
not implemented
9750.057141,86.740355,1423.850063
[PASSED]
[time 31.96 s, user 30.87 s, sys 0.96 s, maxrss 1233712 KB]
[busy 3284 jiffies]
[exit 0]
--- c2 case 4 rec 0   load 0.94 0.99 1.00
terminate called after throwing an instance of 'std::bad_alloc'
  what():  std::bad_alloc
timeout: the monitored command dumped core
Command terminated by signal 6
[time 26.45 s, user 14.53 s, sys 11.75 s, maxrss 27784876 KB]
[busy 2762 jiffies]
[exit 134]
--- c2 case 5 rec 0   load 0.88 0.97 0.99
[TEST MARISA]
Processing dataset...
Done!
Building trie...
Done!
build time: 6680.057577 ms (668.005758 ns per key)
space cost: 79.225293 MB (39.612006% of original size 200.003232 MB)
Querying trie...
Done!
total time: 10721.143961 ms, avg latency: 1072.114396 ns
not implemented
6680.057577,79.225293,1072.114396
[PASSED]
[time 25.22 s, user 23.71 s, sys 1.39 s, maxrss 1612216 KB]
[busy 2598 jiffies]
[exit 0]
--- c2 case 5 rec 1   load 0.92 0.97 1.00
[TEST MARISA]
Processing dataset...
Done!
Building trie...
Done!
build time: 7831.947941 ms (783.194794 ns per key)
space cost: 58.000221 MB (28.999642% of original size 200.003232 MB)
Querying trie...
Done!
total time: 14473.197199 ms, avg latency: 1447.319720 ns
not implemented
7831.947941,58.000221,1447.319720
[PASSED]
[time 30.16 s, user 28.55 s, sys 1.48 s, maxrss 1612508 KB]
[busy 3094 jiffies]
[exit 0]
--- c2 case 5 rec 2   load 0.95 0.98 1.00
[TEST MARISA]
Processing dataset...
Done!
Building trie...
Done!
build time: 7986.426154 ms (798.642615 ns per key)
space cost: 54.499722 MB (27.249420% of original size 200.003232 MB)
Querying trie...
Done!
total time: 15178.894024 ms, avg latency: 1517.889402 ns
not implemented
7986.426154,54.499722,1517.889402
[PASSED]
[time 30.97 s, user 29.39 s, sys 1.45 s, maxrss 1612196 KB]
[busy 3183 jiffies]
[exit 0]
--- c2 case 6 rec 0   load 0.96 0.98 1.00
[TEST PDT]
Processing dataset...
Done!
Building trie...
dict size: 157532, stream size: 58361417
Done!
build time: 26577.381809 ms (2657.738181 ns per key)
space cost: 68.573545 MB (34.286219% of original size 200.003232 MB)
Querying trie...
Done!
total time: 10848.956515 ms, avg latency: 1084.895651 ns
not implemented
26577.381809,68.573545,1084.895651
[PASSED]
[time 45.35 s, user 43.69 s, sys 1.47 s, maxrss 1317008 KB]
[busy 4655 jiffies]
[exit 0]
--- c2 case 7 rec 0   load 1.05 1.00 1.00
[TEST ART]
Processing dataset...
Done!
Building trie...
Done!
build time: 2016.158182 ms (201.615818 ns per key)
space cost: 339.123360 MB (169.558940% of original size 200.003232 MB)
Querying trie...
Done!
total time: 6469.829730 ms, avg latency: 646.982973 ns
not implemented
2016.158182,339.123360,646.982973
[PASSED]
[time 16.53 s, user 15.32 s, sys 1.14 s, maxrss 1739408 KB]
[busy 1701 jiffies]
[exit 0]
--- c2 case 8 rec 0   load 1.03 1.00 1.00
[TEST CART]
Processing dataset...
Done!
Building trie...
Done!
build time: 2582.766543 ms (258.276654 ns per key)
space cost: 157.938812 MB (78.968130% of original size 200.003232 MB)
Querying trie...
Done!
total time: 7656.365709 ms, avg latency: 765.636571 ns
not implemented
2582.766543,157.938812,765.636571
[PASSED]
[time 18.24 s, user 17.13 s, sys 1.03 s, maxrss 1617996 KB]
[busy 1876 jiffies]
[exit 0]
--- xcdat 7   load 1.02 1.00 1.00
build time: 7473.445529 ms
space cost: 112.423756 MiB (56.210969% of original size 200.003232 MiB)
avg latency: 709.456482 ns
7473.445529,112.423756,709.456482
[time 22.60 s, user 21.04 s, sys 1.46 s, maxrss 1456580 KB]
[busy 2327 jiffies]
[exit 0]
--- xcdat 8   load 1.09 1.02 1.00
build time: 7149.203509 ms
space cost: 108.349843 MiB (54.174046% of original size 200.003232 MiB)
avg latency: 680.017768 ns
7149.203509,108.349843,680.017768
[time 21.90 s, user 20.37 s, sys 1.44 s, maxrss 1452484 KB]
[busy 2255 jiffies]
[exit 0]
--- xcdat 15   load 1.06 1.01 1.00
build time: 7461.083407 ms
space cost: 133.023680 MiB (66.510765% of original size 200.003232 MiB)
avg latency: 583.545802 ns
7461.083407,133.023680,583.545802
[time 21.32 s, user 19.74 s, sys 1.50 s, maxrss 1503632 KB]
[busy 2192 jiffies]
[exit 0]
--- xcdat 16   load 1.04 1.01 1.00
build time: 7170.063182 ms
space cost: 139.139603 MiB (69.568677% of original size 200.003232 MiB)
avg latency: 610.338197 ns
7170.063182,139.139603,610.338197
[time 21.29 s, user 19.71 s, sys 1.49 s, maxrss 1507716 KB]
[busy 2194 jiffies]
[exit 0]

##### urls-10000000 (10000000 lines, 533677969 bytes)   round 1/3   2026-09-26T05:30:23+03:00
--- lexindex dict32   load 1.03 1.01 1.00
10000000 keys
lexindex DictIndex block 32: build 2033 ms, size 68.020 MiB (7.132 B/key), latency cold 768.8 ns, then mean 766.3 / min 765.5 ns
2033.052,68.020096,768.777
[time 39.92 s, user 56.43 s, sys 1.76 s, maxrss 2296308 KB]
[busy 5963 jiffies]
[exit 0]
--- lexindex dict256   load 1.67 1.23 1.08
10000000 keys
lexindex DictIndex block 256: build 2091 ms, size 55.162 MiB (5.784 B/key), latency cold 726.8 ns, then mean 723.5 / min 721.7 ns
2090.707,55.161706,726.813
[time 38.27 s, user 55.38 s, sys 1.72 s, maxrss 2256492 KB]
[busy 5849 jiffies]
[exit 0]
--- lexindex dict1024   load 2.05 1.41 1.15
10000000 keys
lexindex DictIndex block 1024: build 2026 ms, size 52.739 MiB (5.530 B/key), latency cold 750.7 ns, then mean 749.1 / min 747.4 ns
2025.808,52.739459,750.712
[time 39.22 s, user 55.79 s, sys 1.68 s, maxrss 2246972 KB]
[busy 5896 jiffies]
[exit 0]
--- lexindex routed32   load 2.04 1.54 1.20
10000000 keys
lexindex DictIndex block 32 routed: build 2041 ms, size 72.788 MiB (7.632 B/key), latency cold 715.8 ns, then mean 715.3 / min 714.0 ns
2040.942,72.788467,715.758
[time 37.88 s, user 54.45 s, sys 1.71 s, maxrss 2299876 KB]
[busy 5753 jiffies]
[exit 0]
--- lexindex routed256   load 2.31 1.71 1.27
10000000 keys
lexindex DictIndex block 256 routed: build 2100 ms, size 59.930 MiB (6.284 B/key), latency cold 630.6 ns, then mean 630.3 / min 629.7 ns
2099.539,59.930139,630.586
[time 34.52 s, user 51.60 s, sys 1.69 s, maxrss 2261912 KB]
[busy 5454 jiffies]
[exit 0]
--- lexindex routed1024   load 1.73 1.63 1.26
10000000 keys
lexindex DictIndex block 1024 routed: build 2055 ms, size 55.124 MiB (5.780 B/key), latency cold 634.5 ns, then mean 634.0 / min 633.7 ns
2054.978,55.123736,634.530
[time 34.65 s, user 51.38 s, sys 1.70 s, maxrss 2248676 KB]
[busy 5432 jiffies]
[exit 0]
--- lexindex string   load 1.92 1.72 1.31
10000000 keys
lexindex StringIndex: build 9077 ms, size 124.922 MiB (13.099 B/key), latency cold 789.9 ns, then mean 785.2 / min 778.8 ns
9077.085,124.921756,789.863
[time 47.65 s, user 46.32 s, sys 1.13 s, maxrss 2137664 KB]
[busy 4886 jiffies]
[exit 0]
--- lexindex hashed0   load 1.43 1.62 1.29
10000000 keys
lexindex HashedDictIndex closed: build 3227 ms, size 86.056 MiB (9.024 B/key), latency cold 80.1 ns, then mean 80.3 / min 80.1 ns
3226.829,86.055507,80.102
[time 13.65 s, user 31.45 s, sys 1.88 s, maxrss 2288776 KB]
[busy 3396 jiffies]
[exit 0]
--- lexindex hashed8   load 1.34 1.59 1.29
10000000 keys
lexindex HashedDictIndex fp=8: build 3235 ms, size 95.592 MiB (10.024 B/key), latency cold 100.6 ns, then mean 99.3 / min 95.4 ns
3235.302,95.592250,100.649
[time 14.40 s, user 32.20 s, sys 1.78 s, maxrss 2296844 KB]
[busy 3470 jiffies]
[exit 0]
--- lexindex hashed16   load 1.26 1.56 1.28
10000000 keys
lexindex HashedDictIndex fp=16: build 3247 ms, size 105.129 MiB (11.024 B/key), latency cold 100.7 ns, then mean 100.8 / min 96.7 ns
3246.813,105.128993,100.721
[time 14.49 s, user 32.29 s, sys 1.84 s, maxrss 2310632 KB]
[busy 3483 jiffies]
[exit 0]
--- lexindex da   load 1.20 1.53 1.28
10000000 keys
lexindex DoubleArrayIndex refused: format error: double-array: more than 8 388 608 keys; ids are 23 bits
Command exited with non-zero status 3
[time 4.43 s, user 3.90 s, sys 0.51 s, maxrss 992224 KB]
[busy 460 jiffies]
[exit 3]
--- c2 case 0 rec 0   load 1.19 1.52 1.28
[TEST C2-FST]
Processing dataset...
Done!
Building trie...
Done!
build time: 12181.214968 ms (1218.121497 ns per key)
space cost: 89.769738 MB (17.974862% of original size 499.418229 MB)
Querying trie...
Done!
total time: 15987.074730 ms, avg latency: 1598.707473 ns
topology: 11.665031 MB, link: 21.507524 MB, data: 56.597183 MB
--- Unary Path Analysis (FST, cutoff=4) ---
  shared unary steps in main trie: 10222647
  terminal suffixes: inplace=1703226 (avg len=2.16)  links=6715973 (79.8% of terminal)
  link len: avg=10.80  max=659  total_chars=72556931
  link length distribution (len:count):  4:696901  5:673915  6:668087  7:559938  8:460143  9:408987  10:371411  11:317336  12:286791  13:230146  14:219886  15:194657  16:260212  17:141485  18:132694  19:152516  20:142603  21:91996  22:80093  23:71031  24:65911  25:55655  26:49759  27:43541  28:39655  29:33371  30:31744  31:26630  32:22544  33:19836  34:17416  35:15244  36:14777  37:12475  38:10684  39:9704  40:8252  41:7414  42:7187  43:6077  44:4975  45:4415  46:4008  47:3641  48:3548  49:3129  50:2543  51:2408  52:2048  53:1756  54:1822  55:1758  56:1478  57:1179  58:1174  59:1028  60:1021  61:1008  62:800  63:782  64:703  65:577  66:564  67:679  68:553  69:459  70:394  71:348  72:410  73:498  74:336  75:309  76:287  77:230  78:220  79:262  80:269  81:251  82:214  83:163  84:154  85:231  86:178  87:132  88:144  89:127  90:127  91:212  92:153  93:106  94:107  95:76  96:81  97:157  98:106  99:86  100:109  101:82  102:64  103:107  104:90  105:70  106:58  107:55  108:63  109:130  110:83  111:45  112:41  113:46  114:39  115:60  116:60  117:41  118:52  119:37  120:39  121:51  122:48  123:30  124:24  125:39  126:42  127:48  128:44  129:34  130:23  131:19  132:20  133:26  134:27  135:27  136:16  137:30  138:27  139:16  140:24  141:15  142:13  143:23  144:25  145:30  146:25  147:14  148:7  149:15  150:16  151:9  152:19  153:25  154:20  155:19  156:17  157:10  158:12  159:18  160:5  161:5  162:9  163:10  164:14  165:17  166:11  167:8  168:6  169:2  170:5  171:9  172:11  173:14  174:10  175:6  176:8  177:8  178:8  179:7  180:8  181:5  182:7  183:9  184:6  185:5  186:4  187:6  188:7  189:12  190:7  191:5  192:3  193:7  194:3  195:5  196:2  197:4  198:3  199:6  200:8  201:7  202:9  204:4  205:5  206:5  207:1  208:12  209:3  210:7  211:2  212:2  213:2  214:4  215:2  216:4  217:3  218:6  219:4  220:3  221:3  222:2  223:4  224:2  225:3  226:3  227:3  228:3  229:1  231:4  232:1  233:1  234:2  235:2  236:4  237:4  238:2  239:1  240:1  241:1  242:1  243:5  245:2  246:2  247:2  249:1  250:1  251:1  252:3  254:3  255:6  256:2  257:2  259:1  260:1  261:4  262:3  263:1  264:1  265:1  268:4  270:1  271:1  272:1  273:1  274:1  276:2  280:1  285:1  286:1  287:1  293:1  294:1  300:1  303:1  304:2  305:2  307:1  310:1  318:1  322:1  327:1  328:2  329:3  330:1  333:1  336:1  340:2  347:1  348:1  350:2  352:1  355:1  367:1  379:1  386:1  391:1  419:1  442:1  446:3  449:1  596:1  649:1  660:1
12181.214968,89.769738,1598.707473
[PASSED]
[time 38.32 s, user 36.31 s, sys 1.85 s, maxrss 2073488 KB]
[busy 3944 jiffies]
[exit 0]
--- c2 case 0 rec 1   load 1.09 1.46 1.26
[TEST C2-FST]
Processing dataset...
Done!
Building trie...
trie size: 23.143724 MB
Done!
build time: 14217.468696 ms (1421.746870 ns per key)
space cost: 78.247462 MB (15.667723% of original size 499.418229 MB)
Querying trie...
Done!
total time: 18690.344414 ms, avg latency: 1869.034441 ns
topology: 13.508587 MB, link: 21.314508 MB, data: 43.424367 MB
--- Unary Path Analysis (FST, cutoff=4) ---
  shared unary steps in main trie: 10222647
  terminal suffixes: inplace=1703226 (avg len=2.16)  links=6715973 (79.8% of terminal)
  link len: avg=10.80  max=659  total_chars=72556931
  link length distribution (len:count):  4:696901  5:673915  6:668087  7:559938  8:460143  9:408987  10:371411  11:317336  12:286791  13:230146  14:219886  15:194657  16:260212  17:141485  18:132694  19:152516  20:142603  21:91996  22:80093  23:71031  24:65911  25:55655  26:49759  27:43541  28:39655  29:33371  30:31744  31:26630  32:22544  33:19836  34:17416  35:15244  36:14777  37:12475  38:10684  39:9704  40:8252  41:7414  42:7187  43:6077  44:4975  45:4415  46:4008  47:3641  48:3548  49:3129  50:2543  51:2408  52:2048  53:1756  54:1822  55:1758  56:1478  57:1179  58:1174  59:1028  60:1021  61:1008  62:800  63:782  64:703  65:577  66:564  67:679  68:553  69:459  70:394  71:348  72:410  73:498  74:336  75:309  76:287  77:230  78:220  79:262  80:269  81:251  82:214  83:163  84:154  85:231  86:178  87:132  88:144  89:127  90:127  91:212  92:153  93:106  94:107  95:76  96:81  97:157  98:106  99:86  100:109  101:82  102:64  103:107  104:90  105:70  106:58  107:55  108:63  109:130  110:83  111:45  112:41  113:46  114:39  115:60  116:60  117:41  118:52  119:37  120:39  121:51  122:48  123:30  124:24  125:39  126:42  127:48  128:44  129:34  130:23  131:19  132:20  133:26  134:27  135:27  136:16  137:30  138:27  139:16  140:24  141:15  142:13  143:23  144:25  145:30  146:25  147:14  148:7  149:15  150:16  151:9  152:19  153:25  154:20  155:19  156:17  157:10  158:12  159:18  160:5  161:5  162:9  163:10  164:14  165:17  166:11  167:8  168:6  169:2  170:5  171:9  172:11  173:14  174:10  175:6  176:8  177:8  178:8  179:7  180:8  181:5  182:7  183:9  184:6  185:5  186:4  187:6  188:7  189:12  190:7  191:5  192:3  193:7  194:3  195:5  196:2  197:4  198:3  199:6  200:8  201:7  202:9  204:4  205:5  206:5  207:1  208:12  209:3  210:7  211:2  212:2  213:2  214:4  215:2  216:4  217:3  218:6  219:4  220:3  221:3  222:2  223:4  224:2  225:3  226:3  227:3  228:3  229:1  231:4  232:1  233:1  234:2  235:2  236:4  237:4  238:2  239:1  240:1  241:1  242:1  243:5  245:2  246:2  247:2  249:1  250:1  251:1  252:3  254:3  255:6  256:2  257:2  259:1  260:1  261:4  262:3  263:1  264:1  265:1  268:4  270:1  271:1  272:1  273:1  274:1  276:2  280:1  285:1  286:1  287:1  293:1  294:1  300:1  303:1  304:2  305:2  307:1  310:1  318:1  322:1  327:1  328:2  329:3  330:1  333:1  336:1  340:2  347:1  348:1  350:2  352:1  355:1  367:1  379:1  386:1  391:1  419:1  442:1  446:3  449:1  596:1  649:1  660:1
14217.468696,78.247462,1869.034441
[PASSED]
[time 43.07 s, user 41.08 s, sys 1.81 s, maxrss 2061856 KB]
[busy 4442 jiffies]
[exit 0]
--- c2 case 0 rec 2   load 1.12 1.41 1.26
[TEST C2-FST]
Processing dataset...
Done!
Building trie...
trie size: 23.143724 MB
trie size: 3.515203 MB
Done!
build time: 14745.815415 ms (1474.581541 ns per key)
space cost: 78.247462 MB (15.667723% of original size 499.418229 MB)
Querying trie...
Done!
total time: 18702.723046 ms, avg latency: 1870.272305 ns
topology: 13.508587 MB, link: 21.314508 MB, data: 43.424367 MB
--- Unary Path Analysis (FST, cutoff=4) ---
  shared unary steps in main trie: 10222647
  terminal suffixes: inplace=1703226 (avg len=2.16)  links=6715973 (79.8% of terminal)
  link len: avg=10.80  max=659  total_chars=72556931
  link length distribution (len:count):  4:696901  5:673915  6:668087  7:559938  8:460143  9:408987  10:371411  11:317336  12:286791  13:230146  14:219886  15:194657  16:260212  17:141485  18:132694  19:152516  20:142603  21:91996  22:80093  23:71031  24:65911  25:55655  26:49759  27:43541  28:39655  29:33371  30:31744  31:26630  32:22544  33:19836  34:17416  35:15244  36:14777  37:12475  38:10684  39:9704  40:8252  41:7414  42:7187  43:6077  44:4975  45:4415  46:4008  47:3641  48:3548  49:3129  50:2543  51:2408  52:2048  53:1756  54:1822  55:1758  56:1478  57:1179  58:1174  59:1028  60:1021  61:1008  62:800  63:782  64:703  65:577  66:564  67:679  68:553  69:459  70:394  71:348  72:410  73:498  74:336  75:309  76:287  77:230  78:220  79:262  80:269  81:251  82:214  83:163  84:154  85:231  86:178  87:132  88:144  89:127  90:127  91:212  92:153  93:106  94:107  95:76  96:81  97:157  98:106  99:86  100:109  101:82  102:64  103:107  104:90  105:70  106:58  107:55  108:63  109:130  110:83  111:45  112:41  113:46  114:39  115:60  116:60  117:41  118:52  119:37  120:39  121:51  122:48  123:30  124:24  125:39  126:42  127:48  128:44  129:34  130:23  131:19  132:20  133:26  134:27  135:27  136:16  137:30  138:27  139:16  140:24  141:15  142:13  143:23  144:25  145:30  146:25  147:14  148:7  149:15  150:16  151:9  152:19  153:25  154:20  155:19  156:17  157:10  158:12  159:18  160:5  161:5  162:9  163:10  164:14  165:17  166:11  167:8  168:6  169:2  170:5  171:9  172:11  173:14  174:10  175:6  176:8  177:8  178:8  179:7  180:8  181:5  182:7  183:9  184:6  185:5  186:4  187:6  188:7  189:12  190:7  191:5  192:3  193:7  194:3  195:5  196:2  197:4  198:3  199:6  200:8  201:7  202:9  204:4  205:5  206:5  207:1  208:12  209:3  210:7  211:2  212:2  213:2  214:4  215:2  216:4  217:3  218:6  219:4  220:3  221:3  222:2  223:4  224:2  225:3  226:3  227:3  228:3  229:1  231:4  232:1  233:1  234:2  235:2  236:4  237:4  238:2  239:1  240:1  241:1  242:1  243:5  245:2  246:2  247:2  249:1  250:1  251:1  252:3  254:3  255:6  256:2  257:2  259:1  260:1  261:4  262:3  263:1  264:1  265:1  268:4  270:1  271:1  272:1  273:1  274:1  276:2  280:1  285:1  286:1  287:1  293:1  294:1  300:1  303:1  304:2  305:2  307:1  310:1  318:1  322:1  327:1  328:2  329:3  330:1  333:1  336:1  340:2  347:1  348:1  350:2  352:1  355:1  367:1  379:1  386:1  391:1  419:1  442:1  446:3  449:1  596:1  649:1  660:1
14745.815415,78.247462,1870.272305
[PASSED]
[time 43.60 s, user 41.61 s, sys 1.80 s, maxrss 2062180 KB]
[busy 4480 jiffies]
[exit 0]
--- c2 case 1 rec 0   load 1.06 1.35 1.24
[TEST C2-CoCo(LOUDS-Sparse)]
Processing dataset...
Done!
Building trie...
Done!
build time: 28988.588683 ms (2898.858868 ns per key)
space cost: 94.593055 MB (18.940649% of original size 499.418229 MB)
Querying trie...
Done!
total time: 16017.426316 ms, avg latency: 1601.742632 ns
topology: 4.283638 MB, link: 32.108927 MB, data: 58.200490 MB
28988.588683,94.593055,1601.742632
[PASSED]
[time 55.16 s, user 52.23 s, sys 2.70 s, maxrss 3698848 KB]
[busy 5685 jiffies]
[exit 0]
--- c2 case 1 rec 1   load 1.02 1.29 1.23
[TEST C2-CoCo(LOUDS-Sparse)]
Processing dataset...
Done!
Building trie...
trie size: 23.143724 MB
Done!
build time: 31040.890889 ms (3104.089089 ns per key)
space cost: 83.070779 MB (16.633510% of original size 499.418229 MB)
Querying trie...
Done!
total time: 18659.604346 ms, avg latency: 1865.960435 ns
topology: 6.127193 MB, link: 31.915912 MB, data: 45.027674 MB
31040.890889,83.070779,1865.960435
[PASSED]
[time 59.82 s, user 56.97 s, sys 2.61 s, maxrss 3571724 KB]
[busy 6144 jiffies]
[exit 0]
--- c2 case 1 rec 2   load 1.01 1.23 1.21
[TEST C2-CoCo(LOUDS-Sparse)]
Processing dataset...
Done!
Building trie...
trie size: 23.143724 MB
trie size: 3.515203 MB
Done!
build time: 31586.941618 ms (3158.694162 ns per key)
space cost: 83.070779 MB (16.633510% of original size 499.418229 MB)
Querying trie...
Done!
total time: 18685.083618 ms, avg latency: 1868.508362 ns
topology: 6.127193 MB, link: 31.915912 MB, data: 45.027674 MB
31586.941618,83.070779,1868.508362
[PASSED]
[time 60.42 s, user 57.53 s, sys 2.64 s, maxrss 3592968 KB]
[busy 6212 jiffies]
[exit 0]
--- c2 case 2 rec 0   load 1.05 1.20 1.20
[TEST C2-MARISA]
Processing dataset...
Done!
Building trie...
trie size: 23.210503 MB
Done!
build time: 12143.536793 ms (1214.353679 ns per key)
space cost: 79.565398 MB (15.931617% of original size 499.418229 MB)
Querying trie...
Done!
total time: 9029.748623 ms, avg latency: 902.974862 ns
topology: 7.658741 MB, link: 28.820719 MB, data: 42.757813 MB
--- Unary Path Analysis (Marisa, cutoff=3) ---
  branches: 15006864  |  single-char: 4344202 (28.9%)  short-unary: 992777 (6.6%)  links: 9669885 (64.4%)
  link len: avg=10.53  max=661  total_chars=101846674
  link length distribution (len:count):  3:979135  4:1063854  5:889005  6:816748  7:783836  8:655792  9:527524  10:470175  11:410531  12:348158  13:310501  14:249595  15:236303  16:208521  17:272348  18:152006  19:142197  20:160137  21:150517  22:97740  23:85053  24:75097  25:69397  26:58698  27:52492  28:46035  29:41825  30:35181  31:33558  32:28138  33:24094  34:21147  35:18522  36:16174  37:15646  38:13222  39:11318  40:10241  41:8684  42:7727  43:7580  44:6353  45:5175  46:4565  47:4156  48:3773  49:3667  50:3232  51:2627  52:2472  53:2112  54:1827  55:1870  56:1795  57:1516  58:1219  59:1198  60:1058  61:1063  62:1033  63:824  64:809  65:724  66:596  67:588  68:699  69:566  70:477  71:404  72:358  73:423  74:508  75:343  76:316  77:296  78:242  79:228  80:271  81:278  82:260  83:218  84:168  85:161  86:237  87:180  88:132  89:149  90:129  91:130  92:217  93:157  94:107  95:107  96:78  97:83  98:157  99:108  100:88  101:113  102:83  103:68  104:108  105:90  106:73  107:60  108:55  109:66  110:134  111:84  112:45  113:42  114:46  115:41  116:61  117:60  118:41  119:55  120:38  121:39  122:51  123:48  124:32  125:24  126:41  127:42  128:50  129:45  130:34  131:23  132:21  133:21  134:26  135:27  136:27  137:16  138:30  139:28  140:17  141:24  142:16  143:13  144:23  145:25  146:30  147:25  148:14  149:7  150:15  151:16  152:9  153:20  154:26  155:21  156:19  157:17  158:10  159:13  160:18  161:5  162:5  163:10  164:10  165:15  166:17  167:11  168:8  169:6  170:2  171:5  172:9  173:11  174:14  175:10  176:6  177:8  178:9  179:8  180:7  181:8  182:5  183:7  184:9  185:7  186:5  187:4  188:6  189:7  190:12  191:7  192:5  193:3  194:7  195:3  196:5  197:2  198:4  199:3  200:7  201:8  202:7  203:9  205:4  206:5  207:5  208:2  209:13  210:3  211:8  212:2  213:2  214:2  215:4  216:2  217:4  218:3  219:6  220:5  221:4  222:3  223:2  224:4  225:2  226:3  227:3  228:3  229:3  230:1  232:4  233:1  234:1  235:2  236:2  237:4  238:5  239:2  240:1  241:1  242:2  243:1  244:5  246:2  247:2  248:2  250:1  251:1  252:1  253:3  255:3  256:6  257:2  258:2  260:1  261:1  262:4  263:3  264:1  265:1  266:1  269:4  271:1  272:1  273:1  274:1  275:1  277:2  281:1  286:1  287:1  288:1  294:1  295:1  301:1  304:1  305:2  306:2  308:1  309:1  311:1  319:1  323:1  328:1  329:2  330:3  331:1  334:1  337:1  341:2  348:1  349:1  351:2  353:1  356:1  368:1  380:1  387:1  392:1  420:1  443:1  447:3  450:1  597:1  650:1  661:1
  short unary avg len: 2.00
12143.536793,79.565398,902.974862
[PASSED]
[time 31.32 s, user 29.20 s, sys 1.99 s, maxrss 2063360 KB]
[busy 3227 jiffies]
[exit 0]
--- c2 case 2 rec 1   load 1.03 1.18 1.19
[TEST C2-MARISA]
Processing dataset...
Done!
Building trie...
trie size: 23.210503 MB
trie size: 33.431739 MB
Done!
build time: 14554.980869 ms (1455.498087 ns per key)
space cost: 66.026621 MB (13.220707% of original size 499.418229 MB)
Querying trie...
Done!
total time: 12039.127046 ms, avg latency: 1203.912705 ns
topology: 9.965065 MB, link: 29.247737 MB, data: 26.485694 MB
--- Unary Path Analysis (Marisa, cutoff=3) ---
  branches: 15006864  |  single-char: 4344202 (28.9%)  short-unary: 992777 (6.6%)  links: 9669885 (64.4%)
  link len: avg=10.53  max=661  total_chars=101846674
  link length distribution (len:count):  3:979135  4:1063854  5:889005  6:816748  7:783836  8:655792  9:527524  10:470175  11:410531  12:348158  13:310501  14:249595  15:236303  16:208521  17:272348  18:152006  19:142197  20:160137  21:150517  22:97740  23:85053  24:75097  25:69397  26:58698  27:52492  28:46035  29:41825  30:35181  31:33558  32:28138  33:24094  34:21147  35:18522  36:16174  37:15646  38:13222  39:11318  40:10241  41:8684  42:7727  43:7580  44:6353  45:5175  46:4565  47:4156  48:3773  49:3667  50:3232  51:2627  52:2472  53:2112  54:1827  55:1870  56:1795  57:1516  58:1219  59:1198  60:1058  61:1063  62:1033  63:824  64:809  65:724  66:596  67:588  68:699  69:566  70:477  71:404  72:358  73:423  74:508  75:343  76:316  77:296  78:242  79:228  80:271  81:278  82:260  83:218  84:168  85:161  86:237  87:180  88:132  89:149  90:129  91:130  92:217  93:157  94:107  95:107  96:78  97:83  98:157  99:108  100:88  101:113  102:83  103:68  104:108  105:90  106:73  107:60  108:55  109:66  110:134  111:84  112:45  113:42  114:46  115:41  116:61  117:60  118:41  119:55  120:38  121:39  122:51  123:48  124:32  125:24  126:41  127:42  128:50  129:45  130:34  131:23  132:21  133:21  134:26  135:27  136:27  137:16  138:30  139:28  140:17  141:24  142:16  143:13  144:23  145:25  146:30  147:25  148:14  149:7  150:15  151:16  152:9  153:20  154:26  155:21  156:19  157:17  158:10  159:13  160:18  161:5  162:5  163:10  164:10  165:15  166:17  167:11  168:8  169:6  170:2  171:5  172:9  173:11  174:14  175:10  176:6  177:8  178:9  179:8  180:7  181:8  182:5  183:7  184:9  185:7  186:5  187:4  188:6  189:7  190:12  191:7  192:5  193:3  194:7  195:3  196:5  197:2  198:4  199:3  200:7  201:8  202:7  203:9  205:4  206:5  207:5  208:2  209:13  210:3  211:8  212:2  213:2  214:2  215:4  216:2  217:4  218:3  219:6  220:5  221:4  222:3  223:2  224:4  225:2  226:3  227:3  228:3  229:3  230:1  232:4  233:1  234:1  235:2  236:2  237:4  238:5  239:2  240:1  241:1  242:2  243:1  244:5  246:2  247:2  248:2  250:1  251:1  252:1  253:3  255:3  256:6  257:2  258:2  260:1  261:1  262:4  263:3  264:1  265:1  266:1  269:4  271:1  272:1  273:1  274:1  275:1  277:2  281:1  286:1  287:1  288:1  294:1  295:1  301:1  304:1  305:2  306:2  308:1  309:1  311:1  319:1  323:1  328:1  329:2  330:3  331:1  334:1  337:1  341:2  348:1  349:1  351:2  353:1  356:1  368:1  380:1  387:1  392:1  420:1  443:1  447:3  450:1  597:1  650:1  661:1
  short unary avg len: 2.00
14554.980869,66.026621,1203.912705
[PASSED]
[time 36.75 s, user 34.66 s, sys 1.93 s, maxrss 2049944 KB]
[busy 3787 jiffies]
[exit 0]
--- c2 case 2 rec 2   load 1.09 1.17 1.18
[TEST C2-MARISA]
Processing dataset...
Done!
Building trie...
trie size: 23.210503 MB
trie size: 33.431739 MB
trie size: 4.248938 MB
Done!
build time: 15169.316448 ms (1516.931645 ns per key)
space cost: 66.026621 MB (13.220707% of original size 499.418229 MB)
Querying trie...
Done!
total time: 12105.715590 ms, avg latency: 1210.571559 ns
topology: 9.965065 MB, link: 29.247737 MB, data: 26.485694 MB
--- Unary Path Analysis (Marisa, cutoff=3) ---
  branches: 15006864  |  single-char: 4344202 (28.9%)  short-unary: 992777 (6.6%)  links: 9669885 (64.4%)
  link len: avg=10.53  max=661  total_chars=101846674
  link length distribution (len:count):  3:979135  4:1063854  5:889005  6:816748  7:783836  8:655792  9:527524  10:470175  11:410531  12:348158  13:310501  14:249595  15:236303  16:208521  17:272348  18:152006  19:142197  20:160137  21:150517  22:97740  23:85053  24:75097  25:69397  26:58698  27:52492  28:46035  29:41825  30:35181  31:33558  32:28138  33:24094  34:21147  35:18522  36:16174  37:15646  38:13222  39:11318  40:10241  41:8684  42:7727  43:7580  44:6353  45:5175  46:4565  47:4156  48:3773  49:3667  50:3232  51:2627  52:2472  53:2112  54:1827  55:1870  56:1795  57:1516  58:1219  59:1198  60:1058  61:1063  62:1033  63:824  64:809  65:724  66:596  67:588  68:699  69:566  70:477  71:404  72:358  73:423  74:508  75:343  76:316  77:296  78:242  79:228  80:271  81:278  82:260  83:218  84:168  85:161  86:237  87:180  88:132  89:149  90:129  91:130  92:217  93:157  94:107  95:107  96:78  97:83  98:157  99:108  100:88  101:113  102:83  103:68  104:108  105:90  106:73  107:60  108:55  109:66  110:134  111:84  112:45  113:42  114:46  115:41  116:61  117:60  118:41  119:55  120:38  121:39  122:51  123:48  124:32  125:24  126:41  127:42  128:50  129:45  130:34  131:23  132:21  133:21  134:26  135:27  136:27  137:16  138:30  139:28  140:17  141:24  142:16  143:13  144:23  145:25  146:30  147:25  148:14  149:7  150:15  151:16  152:9  153:20  154:26  155:21  156:19  157:17  158:10  159:13  160:18  161:5  162:5  163:10  164:10  165:15  166:17  167:11  168:8  169:6  170:2  171:5  172:9  173:11  174:14  175:10  176:6  177:8  178:9  179:8  180:7  181:8  182:5  183:7  184:9  185:7  186:5  187:4  188:6  189:7  190:12  191:7  192:5  193:3  194:7  195:3  196:5  197:2  198:4  199:3  200:7  201:8  202:7  203:9  205:4  206:5  207:5  208:2  209:13  210:3  211:8  212:2  213:2  214:2  215:4  216:2  217:4  218:3  219:6  220:5  221:4  222:3  223:2  224:4  225:2  226:3  227:3  228:3  229:3  230:1  232:4  233:1  234:1  235:2  236:2  237:4  238:5  239:2  240:1  241:1  242:2  243:1  244:5  246:2  247:2  248:2  250:1  251:1  252:1  253:3  255:3  256:6  257:2  258:2  260:1  261:1  262:4  263:3  264:1  265:1  266:1  269:4  271:1  272:1  273:1  274:1  275:1  277:2  281:1  286:1  287:1  288:1  294:1  295:1  301:1  304:1  305:2  306:2  308:1  309:1  311:1  319:1  323:1  328:1  329:2  330:3  331:1  334:1  337:1  341:2  348:1  349:1  351:2  353:1  356:1  368:1  380:1  387:1  392:1  420:1  443:1  447:3  450:1  597:1  650:1  661:1
  short unary avg len: 2.00
15169.316448,66.026621,1210.571559
[PASSED]
[time 37.38 s, user 35.32 s, sys 1.90 s, maxrss 2049868 KB]
[busy 3852 jiffies]
[exit 0]
--- c2 case 3 rec 0   load 1.05 1.15 1.18
[TEST FST]
Processing dataset...
Done!
Building trie...
Done!
build time: 15774.039423 ms (1577.403942 ns per key)
space cost: 90.985074 MB (18.218212% of original size 499.418229 MB)
Querying trie...
Done!
total time: 20171.228400 ms, avg latency: 2017.122840 ns
not implemented
15774.039423,90.985074,2017.122840
[PASSED]
[time 46.10 s, user 44.54 s, sys 1.36 s, maxrss 2073624 KB]
[busy 4742 jiffies]
[exit 0]
--- c2 case 4 rec 0   load 1.10 1.14 1.17
terminate called after throwing an instance of 'std::bad_alloc'
  what():  std::bad_alloc
timeout: the monitored command dumped core
Command terminated by signal 6
[time 31.48 s, user 19.65 s, sys 11.64 s, maxrss 27785252 KB]
[busy 3310 jiffies]
[exit 134]
--- c2 case 5 rec 0   load 1.06 1.13 1.17
[TEST MARISA]
Processing dataset...
Done!
Building trie...
Done!
build time: 11070.505322 ms (1107.050532 ns per key)
space cost: 82.540893 MB (16.527409% of original size 499.418229 MB)
Querying trie...
Done!
total time: 11394.877282 ms, avg latency: 1139.487728 ns
not implemented
11070.505322,82.540893,1139.487728
[PASSED]
[time 32.37 s, user 30.46 s, sys 1.77 s, maxrss 2342392 KB]
[busy 3334 jiffies]
[exit 0]
--- c2 case 5 rec 1   load 1.03 1.11 1.16
[TEST MARISA]
Processing dataset...
Done!
Building trie...
Done!
build time: 12347.591844 ms (1234.759184 ns per key)
space cost: 59.449470 MB (11.903744% of original size 499.418229 MB)
Querying trie...
Done!
total time: 15408.195409 ms, avg latency: 1540.819541 ns
not implemented
12347.591844,59.449470,1540.819541
[PASSED]
[time 37.59 s, user 35.67 s, sys 1.76 s, maxrss 2342256 KB]
[busy 3865 jiffies]
[exit 0]
--- c2 case 5 rec 2   load 1.02 1.10 1.15
[TEST MARISA]
Processing dataset...
Done!
Building trie...
Done!
build time: 12408.302301 ms (1240.830230 ns per key)
space cost: 55.623455 MB (11.137650% of original size 499.418229 MB)
Querying trie...
Done!
total time: 16327.486071 ms, avg latency: 1632.748607 ns
not implemented
12408.302301,55.623455,1632.748607
[PASSED]
[time 38.57 s, user 36.65 s, sys 1.76 s, maxrss 2342580 KB]
[busy 3977 jiffies]
[exit 0]
--- c2 case 6 rec 0   load 0.93 1.07 1.14
[TEST PDT]
Processing dataset...
Done!
Building trie...
dict size: 156234, stream size: 59837983
Done!
build time: 28239.938479 ms (2823.993848 ns per key)
space cost: 69.980471 MB (14.012398% of original size 499.418229 MB)
Querying trie...
Done!
total time: 11973.446381 ms, avg latency: 1197.344638 ns
not implemented
28239.938479,69.980471,1197.344638
[PASSED]
[time 50.35 s, user 48.24 s, sys 1.91 s, maxrss 2053620 KB]
[busy 5179 jiffies]
[exit 0]
--- c2 case 7 rec 0   load 0.97 1.05 1.13
[TEST ART]
Processing dataset...
Done!
Building trie...
Done!
build time: 3636.259369 ms (363.625937 ns per key)
space cost: 341.430801 MB (68.365707% of original size 499.418229 MB)
Querying trie...
Done!
total time: 8781.894039 ms, avg latency: 878.189404 ns
not implemented
3636.259369,341.430801,878.189404
[PASSED]
[time 22.69 s, user 20.88 s, sys 1.71 s, maxrss 2884836 KB]
[busy 2337 jiffies]
[exit 0]
--- c2 case 8 rec 0   load 0.98 1.05 1.12
[TEST CART]
Processing dataset...
Done!
Building trie...
Done!
build time: 4242.904782 ms (424.290478 ns per key)
space cost: 160.654354 MB (32.168300% of original size 499.418229 MB)
Querying trie...
Done!
total time: 9829.255173 ms, avg latency: 982.925517 ns
not implemented
4242.904782,160.654354,982.925517
[PASSED]
[time 24.33 s, user 22.66 s, sys 1.57 s, maxrss 2766600 KB]
[busy 2497 jiffies]
[exit 0]
--- xcdat 7   load 0.99 1.04 1.12
build time: 12788.966977 ms
space cost: 117.959981 MiB (23.619478% of original size 499.418229 MiB)
avg latency: 885.198307 ns
12788.966977,117.959981,885.198307
[time 31.72 s, user 29.76 s, sys 1.83 s, maxrss 2101600 KB]
[busy 3265 jiffies]
[exit 0]
--- xcdat 8   load 1.14 1.07 1.12
build time: 12423.949129 ms
space cost: 114.082344 MiB (22.843048% of original size 499.418229 MiB)
avg latency: 817.644365 ns
12423.949129,114.082344,817.644365
[time 30.70 s, user 28.75 s, sys 1.82 s, maxrss 2097924 KB]
[busy 3153 jiffies]
[exit 0]
--- xcdat 15   load 1.00 1.04 1.11
build time: 12753.015735 ms
space cost: 140.648740 MiB (28.162516% of original size 499.418229 MiB)
avg latency: 699.782679 ns
12753.015735,140.648740,699.782679
[time 29.84 s, user 27.80 s, sys 1.92 s, maxrss 2125208 KB]
[busy 3067 jiffies]
[exit 0]
--- xcdat 16   load 1.00 1.04 1.11
build time: 12435.612629 ms
space cost: 147.118110 MiB (29.457897% of original size 499.418229 MiB)
avg latency: 738.985938 ns
12435.612629,147.118110,738.985938
[time 29.88 s, user 27.86 s, sys 1.89 s, maxrss 2131704 KB]
[busy 3073 jiffies]
[exit 0]

##### uuid-10000000 (10000000 lines, 370000000 bytes)   round 1/3   2026-09-26T05:49:47+03:00
--- lexindex dict32   load 1.00 1.03 1.10
10000000 keys
lexindex DictIndex block 32: build 1157 ms, size 173.033 MiB (18.144 B/key), latency cold 723.0 ns, then mean 718.8 / min 718.6 ns
1157.001,173.033094,723.041
[time 36.21 s, user 45.11 s, sys 2.24 s, maxrss 1921688 KB]
[busy 4871 jiffies]
[exit 0]
--- lexindex dict256   load 0.92 1.01 1.09
10000000 keys
lexindex DictIndex block 256: build 1124 ms, size 167.461 MiB (17.560 B/key), latency cold 664.4 ns, then mean 663.5 / min 663.2 ns
1124.384,167.461316,664.360
[time 33.90 s, user 42.86 s, sys 2.30 s, maxrss 1906940 KB]
[busy 4644 jiffies]
[exit 0]
--- lexindex dict1024   load 0.95 1.01 1.08
10000000 keys
lexindex DictIndex block 1024: build 1108 ms, size 166.102 MiB (17.417 B/key), latency cold 660.7 ns, then mean 658.3 / min 658.2 ns
1108.243,166.101995,660.701
[time 33.70 s, user 42.41 s, sys 2.24 s, maxrss 1901600 KB]
[busy 4600 jiffies]
[exit 0]
--- lexindex routed32   load 0.97 1.00 1.08
10000000 keys
lexindex DictIndex block 32 routed: build 1161 ms, size 177.801 MiB (18.644 B/key), latency cold 617.4 ns, then mean 617.7 / min 613.5 ns
1160.610,177.801466,617.390
[time 32.11 s, user 40.88 s, sys 2.31 s, maxrss 1919884 KB]
[busy 4430 jiffies]
[exit 0]
--- lexindex routed256   load 0.99 1.00 1.08
10000000 keys
lexindex DictIndex block 256 routed: build 1131 ms, size 172.230 MiB (18.060 B/key), latency cold 539.4 ns, then mean 539.0 / min 538.4 ns
1130.567,172.229749,539.354
[time 28.92 s, user 37.66 s, sys 2.27 s, maxrss 1911196 KB]
[busy 4105 jiffies]
[exit 0]
--- lexindex routed1024   load 0.99 1.00 1.07
10000000 keys
lexindex DictIndex block 1024 routed: build 1118 ms, size 168.486 MiB (17.667 B/key), latency cold 540.6 ns, then mean 538.2 / min 537.6 ns
1118.018,168.486272,540.563
[time 28.90 s, user 37.75 s, sys 2.29 s, maxrss 1903816 KB]
[busy 4108 jiffies]
[exit 0]
--- lexindex string   load 1.00 1.00 1.07
10000000 keys
lexindex StringIndex: build 23682 ms, size 343.964 MiB (36.067 B/key), latency cold 558.3 ns, then mean 555.7 / min 553.4 ns
23681.670,343.963631,558.291
[time 52.08 s, user 50.79 s, sys 1.07 s, maxrss 1956972 KB]
[busy 5327 jiffies]
[exit 0]
--- lexindex hashed0   load 0.92 0.98 1.06
10000000 keys
lexindex HashedDictIndex closed: build 2186 ms, size 198.354 MiB (20.799 B/key), latency cold 79.3 ns, then mean 79.2 / min 79.1 ns
2186.177,198.353765,79.314
[time 11.58 s, user 21.07 s, sys 2.32 s, maxrss 1937848 KB]
[busy 2392 jiffies]
[exit 0]
--- lexindex hashed8   load 1.74 1.16 1.12
10000000 keys
lexindex HashedDictIndex fp=8: build 2187 ms, size 207.891 MiB (21.799 B/key), latency cold 96.3 ns, then mean 97.3 / min 93.4 ns
2187.429,207.890509,96.289
[time 12.29 s, user 21.83 s, sys 2.36 s, maxrss 1948600 KB]
[busy 2474 jiffies]
[exit 0]
--- lexindex hashed16   load 1.58 1.15 1.12
10000000 keys
lexindex HashedDictIndex fp=16: build 2187 ms, size 217.427 MiB (22.799 B/key), latency cold 97.5 ns, then mean 98.6 / min 93.7 ns
2187.259,217.427252,97.483
[time 12.35 s, user 21.89 s, sys 2.43 s, maxrss 1958516 KB]
[busy 2488 jiffies]
[exit 0]
--- lexindex da   load 2.74 1.43 1.20
10000000 keys
lexindex DoubleArrayIndex refused: format error: double-array: more than 8 388 608 keys; ids are 23 bits
Command exited with non-zero status 3
[time 3.64 s, user 3.21 s, sys 0.41 s, maxrss 784452 KB]
[busy 377 jiffies]
[exit 3]
--- c2 case 0 rec 0   load 2.60 1.42 1.20
[TEST C2-FST]
Processing dataset...
Done!
Building trie...
Done!
build time: 14012.338396 ms (1401.233840 ns per key)
space cost: 224.266170 MB (65.322256% of original size 343.322754 MB)
Querying trie...
Done!
total time: 7415.609791 ms, avg latency: 741.560979 ns
topology: 7.652824 MB, link: 34.870965 MB, data: 181.742380 MB
--- Unary Path Analysis (FST, cutoff=4) ---
  shared unary steps in main trie: 126967
  terminal suffixes: inplace=0 (avg len=0.00)  links=10000000 (100.0% of terminal)
  link len: avg=28.51  max=30  total_chars=285103126
  link length distribution (len:count):  23:4  24:94  25:1324  26:21561  28:340409  29:4123330  30:5512548  31:730
14012.338396,224.266170,741.560979
[PASSED]
[time 30.61 s, user 28.21 s, sys 2.27 s, maxrss 3090544 KB]
[busy 3150 jiffies]
[exit 0]
--- c2 case 0 rec 1   load 1.89 1.37 1.19
[TEST C2-FST]
Processing dataset...
Done!
Building trie...
trie size: 47.664446 MB
Done!
build time: 26073.370558 ms (2607.337056 ns per key)
space cost: 224.266170 MB (65.322256% of original size 343.322754 MB)
Querying trie...
Done!
total time: 7216.848730 ms, avg latency: 721.684873 ns
topology: 7.652824 MB, link: 34.870965 MB, data: 181.742380 MB
--- Unary Path Analysis (FST, cutoff=4) ---
  shared unary steps in main trie: 126967
  terminal suffixes: inplace=0 (avg len=0.00)  links=10000000 (100.0% of terminal)
  link len: avg=28.51  max=30  total_chars=285103126
  link length distribution (len:count):  23:4  24:94  25:1324  26:21561  28:340409  29:4123330  30:5512548  31:730
26073.370558,224.266170,721.684873
[PASSED]
[time 42.44 s, user 39.58 s, sys 2.68 s, maxrss 3559576 KB]
[busy 4355 jiffies]
[exit 0]
--- c2 case 0 rec 2   load 1.46 1.32 1.18
[TEST C2-FST]
Processing dataset...
Done!
Building trie...
trie size: 47.664446 MB
Done!
build time: 26111.551158 ms (2611.155116 ns per key)
space cost: 224.266170 MB (65.322256% of original size 343.322754 MB)
Querying trie...
Done!
total time: 7154.665494 ms, avg latency: 715.466549 ns
topology: 7.652824 MB, link: 34.870965 MB, data: 181.742380 MB
--- Unary Path Analysis (FST, cutoff=4) ---
  shared unary steps in main trie: 126967
  terminal suffixes: inplace=0 (avg len=0.00)  links=10000000 (100.0% of terminal)
  link len: avg=28.51  max=30  total_chars=285103126
  link length distribution (len:count):  23:4  24:94  25:1324  26:21561  28:340409  29:4123330  30:5512548  31:730
26111.551158,224.266170,715.466549
[PASSED]
[time 42.45 s, user 39.61 s, sys 2.67 s, maxrss 3559832 KB]
[busy 4354 jiffies]
[exit 0]
--- c2 case 1 rec 0   load 1.29 1.29 1.18
[TEST C2-CoCo(LOUDS-Sparse)]
Processing dataset...
Done!
Building trie...
Done!
build time: 17658.038257 ms (1765.803826 ns per key)
space cost: 212.803069 MB (61.983386% of original size 343.322754 MB)
Querying trie...
Done!
total time: 7359.096368 ms, avg latency: 735.909637 ns
topology: 3.395058 MB, link: 36.016802 MB, data: 173.391209 MB
17658.038257,212.803069,735.909637
[PASSED]
[time 34.22 s, user 31.12 s, sys 2.96 s, maxrss 4161100 KB]
[busy 3522 jiffies]
[exit 0]
--- c2 case 1 rec 1   load 1.16 1.26 1.17
[TEST C2-CoCo(LOUDS-Sparse)]
Processing dataset...
Done!
Building trie...
trie size: 47.664446 MB
Done!
build time: 29750.087797 ms (2975.008780 ns per key)
space cost: 212.803069 MB (61.983386% of original size 343.322754 MB)
Querying trie...
Done!
total time: 7265.952760 ms, avg latency: 726.595276 ns
topology: 3.395058 MB, link: 36.016802 MB, data: 173.391209 MB
29750.087797,212.803069,726.595276
[PASSED]
[time 46.25 s, user 42.64 s, sys 3.41 s, maxrss 4630376 KB]
[busy 4741 jiffies]
[exit 0]
--- c2 case 1 rec 2   load 0.99 1.20 1.16
[TEST C2-CoCo(LOUDS-Sparse)]
Processing dataset...
Done!
Building trie...
trie size: 47.664446 MB
Done!
build time: 29758.775183 ms (2975.877518 ns per key)
space cost: 212.803069 MB (61.983386% of original size 343.322754 MB)
Querying trie...
Done!
total time: 7253.467717 ms, avg latency: 725.346772 ns
topology: 3.395058 MB, link: 36.016802 MB, data: 173.391209 MB
29758.775183,212.803069,725.346772
[PASSED]
[time 46.22 s, user 42.72 s, sys 3.31 s, maxrss 4630028 KB]
[busy 4750 jiffies]
[exit 0]
--- c2 case 2 rec 0   load 1.00 1.17 1.15
[TEST C2-MARISA]
Processing dataset...
Done!
Building trie...
trie size: 19.421587 MB
Done!
build time: 12897.002542 ms (1289.700254 ns per key)
space cost: 218.030363 MB (63.505946% of original size 343.322754 MB)
Querying trie...
Done!
total time: 5765.026998 ms, avg latency: 576.502700 ns
topology: 6.395802 MB, link: 33.418009 MB, data: 177.888428 MB
--- Unary Path Analysis (Marisa, cutoff=3) ---
  branches: 13314429  |  single-char: 3205780 (24.1%)  short-unary: 97508 (0.7%)  links: 10011141 (75.2%)
  link len: avg=30.48  max=32  total_chars=305143726
  link length distribution (len:count):  3:4393  4:6350  5:369  6:27  7:2  24:4  25:94  26:1324  27:21561  29:340409  30:4123330  31:5512548  32:730
  short unary avg len: 2.00
12897.002542,218.030363,576.502700
[PASSED]
[time 27.92 s, user 25.54 s, sys 2.25 s, maxrss 3004672 KB]
[busy 2874 jiffies]
[exit 0]
--- c2 case 2 rec 1   load 1.00 1.15 1.14
[TEST C2-MARISA]
Processing dataset...
Done!
Building trie...
trie size: 19.421587 MB
trie size: 47.697874 MB
Done!
build time: 25240.918730 ms (2524.091873 ns per key)
space cost: 218.030363 MB (63.505946% of original size 343.322754 MB)
Querying trie...
Done!
total time: 5750.997473 ms, avg latency: 575.099747 ns
topology: 6.395802 MB, link: 33.418009 MB, data: 177.888428 MB
--- Unary Path Analysis (Marisa, cutoff=3) ---
  branches: 13314429  |  single-char: 3205780 (24.1%)  short-unary: 97508 (0.7%)  links: 10011141 (75.2%)
  link len: avg=30.48  max=32  total_chars=305143726
  link length distribution (len:count):  3:4393  4:6350  5:369  6:27  7:2  24:4  25:94  26:1324  27:21561  29:340409  30:4123330  31:5512548  32:730
  short unary avg len: 2.00
25240.918730,218.030363,575.099747
[PASSED]
[time 40.24 s, user 37.36 s, sys 2.70 s, maxrss 3497904 KB]
[busy 4139 jiffies]
[exit 0]
--- c2 case 2 rec 2   load 1.00 1.13 1.13
[TEST C2-MARISA]
Processing dataset...
Done!
Building trie...
trie size: 19.421587 MB
trie size: 47.697874 MB
Done!
build time: 25239.352276 ms (2523.935228 ns per key)
space cost: 218.030363 MB (63.505946% of original size 343.322754 MB)
Querying trie...
Done!
total time: 5786.238309 ms, avg latency: 578.623831 ns
topology: 6.395802 MB, link: 33.418009 MB, data: 177.888428 MB
--- Unary Path Analysis (Marisa, cutoff=3) ---
  branches: 13314429  |  single-char: 3205780 (24.1%)  short-unary: 97508 (0.7%)  links: 10011141 (75.2%)
  link len: avg=30.48  max=32  total_chars=305143726
  link length distribution (len:count):  3:4393  4:6350  5:369  6:27  7:2  24:4  25:94  26:1324  27:21561  29:340409  30:4123330  31:5512548  32:730
  short unary avg len: 2.00
25239.352276,218.030363,578.623831
[PASSED]
[time 40.23 s, user 37.34 s, sys 2.72 s, maxrss 3497924 KB]
[busy 4140 jiffies]
[exit 0]
--- c2 case 3 rec 0   load 1.00 1.11 1.13
[TEST FST]
Processing dataset...
Done!
Building trie...
Done!
build time: 10620.006637 ms (1062.000664 ns per key)
space cost: 341.746040 MB (99.540749% of original size 343.322754 MB)
Querying trie...
Done!
total time: 7058.161189 ms, avg latency: 705.816119 ns
not implemented
10620.006637,341.746040,705.816119
[PASSED]
[time 26.94 s, user 25.18 s, sys 1.64 s, maxrss 1916920 KB]
[busy 2762 jiffies]
[exit 0]
--- c2 case 4 rec 0   load 1.00 1.10 1.12
terminate called after throwing an instance of 'std::bad_alloc'
  what():  std::bad_alloc
timeout: the monitored command dumped core
Command terminated by signal 6
[time 28.09 s, user 16.22 s, sys 11.71 s, maxrss 27784932 KB]
[busy 2930 jiffies]
[exit 134]
--- c2 case 5 rec 0   load 1.00 1.09 1.11
[TEST MARISA]
Processing dataset...
Done!
Building trie...
Done!
build time: 7956.963656 ms (795.696366 ns per key)
space cost: 346.565342 MB (100.944472% of original size 343.322754 MB)
Querying trie...
Done!
total time: 7983.027556 ms, avg latency: 798.302756 ns
not implemented
7956.963656,346.565342,798.302756
[PASSED]
[time 24.91 s, user 22.78 s, sys 2.03 s, maxrss 2465236 KB]
[busy 2564 jiffies]
[exit 0]
--- c2 case 5 rec 1   load 1.00 1.08 1.11
[TEST MARISA]
Processing dataset...
Done!
Building trie...
Done!
build time: 12782.948016 ms (1278.294802 ns per key)
space cost: 330.987365 MB (96.407058% of original size 343.322754 MB)
Querying trie...
Done!
total time: 15552.014059 ms, avg latency: 1555.201406 ns
not implemented
12782.948016,330.987365,1555.201406
[PASSED]
[time 37.33 s, user 35.00 s, sys 2.18 s, maxrss 2416096 KB]
[busy 3841 jiffies]
[exit 0]
--- c2 case 5 rec 2   load 0.92 1.05 1.10
[TEST MARISA]
Processing dataset...
Done!
Building trie...
Done!
build time: 16602.422379 ms (1660.242238 ns per key)
space cost: 316.683807 MB (92.240844% of original size 343.322754 MB)
Querying trie...
Done!
total time: 23615.385210 ms, avg latency: 2361.538521 ns
not implemented
16602.422379,316.683807,2361.538521
[PASSED]
[time 49.17 s, user 46.63 s, sys 2.32 s, maxrss 2381324 KB]
[busy 5061 jiffies]
[exit 0]
--- c2 case 6 rec 0   load 0.89 1.03 1.08
[TEST PDT]
Processing dataset...
Done!
Building trie...
dict size: 166678, stream size: 192351068
Done!
build time: 126464.527823 ms (12646.452782 ns per key)
space cost: 196.364757 MB (57.195381% of original size 343.322754 MB)
Querying trie...
Done!
total time: 11444.275798 ms, avg latency: 1144.427580 ns
not implemented
126464.527823,196.364757,1144.427580
[PASSED]
[time 147.12 s, user 142.72 s, sys 3.82 s, maxrss 2858148 KB]
[busy 15121 jiffies]
[exit 0]
--- c2 case 7 rec 0   load 1.02 1.03 1.07
[TEST ART]
Processing dataset...
Done!
Building trie...
Done!
build time: 2170.156670 ms (217.015667 ns per key)
space cost: 274.100403 MB (79.837529% of original size 343.322754 MB)
Querying trie...
Done!
total time: 5208.625812 ms, avg latency: 520.862581 ns
not implemented
2170.156670,274.100403,520.862581
[PASSED]
[time 16.64 s, user 15.19 s, sys 1.38 s, maxrss 2231948 KB]
[busy 1712 jiffies]
[exit 0]
--- c2 case 8 rec 0   load 1.08 1.04 1.08
[TEST CART]
Processing dataset...
Done!
Building trie...
Done!
build time: 2479.160334 ms (247.916033 ns per key)
space cost: 120.320314 MB (35.045832% of original size 343.322754 MB)
Querying trie...
Done!
total time: 5280.261596 ms, avg latency: 528.026160 ns
not implemented
2479.160334,120.320314,528.026160
[PASSED]
[time 17.03 s, user 15.67 s, sys 1.28 s, maxrss 2096596 KB]
[busy 1750 jiffies]
[exit 0]
--- xcdat 7   load 1.06 1.04 1.08
build time: 11396.976490 ms
space cost: 365.827440 MiB (106.554965% of original size 343.322754 MiB)
avg latency: 672.318104 ns
11396.976490,365.827440,672.318104
[time 27.28 s, user 25.24 s, sys 1.92 s, maxrss 1989740 KB]
[busy 2804 jiffies]
[exit 0]
--- xcdat 8   load 1.04 1.03 1.07
build time: 10365.554961 ms
space cost: 357.688156 MiB (104.184227% of original size 343.322754 MiB)
avg latency: 608.103239 ns
10365.554961,357.688156,608.103239
[time 25.56 s, user 23.55 s, sys 1.90 s, maxrss 1959740 KB]
[busy 2625 jiffies]
[exit 0]
--- xcdat 15   load 1.02 1.03 1.07
build time: 10548.335467 ms
space cost: 367.954617 MiB (107.174550% of original size 343.322754 MiB)
avg latency: 553.065075 ns
10548.335467,367.954617,553.065075
[time 25.24 s, user 23.20 s, sys 1.93 s, maxrss 1946960 KB]
[busy 2596 jiffies]
[exit 0]
--- xcdat 16   load 0.93 1.01 1.06
build time: 10320.311806 ms
space cost: 371.930763 MiB (108.332687% of original size 343.322754 MiB)
avg latency: 560.233955 ns
10320.311806,371.930763,560.233955
[time 25.07 s, user 23.02 s, sys 1.94 s, maxrss 1955396 KB]
[busy 2577 jiffies]
[exit 0]

##### uuid-10000000 (10000000 lines, 370000000 bytes)   round 2/3   2026-09-26T06:08:26+03:00
--- xcdat 16   load 0.96 1.01 1.06
build time: 10370.257778 ms
space cost: 371.930763 MiB (108.332687% of original size 343.322754 MiB)
avg latency: 563.824879 ns
10370.257778,371.930763,563.824879
[time 25.22 s, user 23.18 s, sys 1.93 s, maxrss 1955308 KB]
[busy 2595 jiffies]
[exit 0]
--- xcdat 15   load 0.97 1.00 1.06
build time: 10581.745022 ms
space cost: 367.954617 MiB (107.174550% of original size 343.322754 MiB)
avg latency: 546.123635 ns
10581.745022,367.954617,546.123635
[time 25.18 s, user 23.10 s, sys 1.97 s, maxrss 1946848 KB]
[busy 2593 jiffies]
[exit 0]
--- xcdat 8   load 0.98 1.00 1.06
build time: 10375.099578 ms
space cost: 357.688156 MiB (104.184227% of original size 343.322754 MiB)
avg latency: 608.318289 ns
10375.099578,357.688156,608.318289
[time 25.62 s, user 23.59 s, sys 1.92 s, maxrss 1959692 KB]
[busy 2635 jiffies]
[exit 0]
--- xcdat 7   load 0.99 1.00 1.05
build time: 11440.466901 ms
space cost: 365.827440 MiB (106.554965% of original size 343.322754 MiB)
avg latency: 652.297569 ns
11440.466901,365.827440,652.297569
[time 27.09 s, user 25.09 s, sys 1.88 s, maxrss 1989708 KB]
[busy 2788 jiffies]
[exit 0]
--- c2 case 8 rec 0   load 1.00 1.00 1.05
[TEST CART]
Processing dataset...
Done!
Building trie...
Done!
build time: 2486.826491 ms (248.682649 ns per key)
space cost: 120.320314 MB (35.045832% of original size 343.322754 MB)
Querying trie...
Done!
total time: 5443.112057 ms, avg latency: 544.311206 ns
not implemented
2486.826491,120.320314,544.311206
[PASSED]
[time 17.22 s, user 15.79 s, sys 1.35 s, maxrss 2096808 KB]
[busy 1772 jiffies]
[exit 0]
--- c2 case 7 rec 0   load 1.00 1.00 1.05
[TEST ART]
Processing dataset...
Done!
Building trie...
Done!
build time: 2175.320795 ms (217.532080 ns per key)
space cost: 274.100403 MB (79.837529% of original size 343.322754 MB)
Querying trie...
Done!
total time: 5278.095555 ms, avg latency: 527.809555 ns
not implemented
2175.320795,274.100403,527.809555
[PASSED]
[time 16.72 s, user 15.26 s, sys 1.38 s, maxrss 2231908 KB]
[busy 1723 jiffies]
[exit 0]
--- c2 case 6 rec 0   load 0.99 1.00 1.05
[TEST PDT]
Processing dataset...
Done!
Building trie...
dict size: 166678, stream size: 192351068
Done!
build time: 127274.803208 ms (12727.480321 ns per key)
space cost: 196.364757 MB (57.195381% of original size 343.322754 MB)
Querying trie...
Done!
total time: 11579.443546 ms, avg latency: 1157.944355 ns
not implemented
127274.803208,196.364757,1157.944355
[PASSED]
[time 148.11 s, user 143.81 s, sys 3.72 s, maxrss 2858148 KB]
[busy 15209 jiffies]
[exit 0]
--- c2 case 5 rec 2   load 1.13 1.05 1.06
[TEST MARISA]
Processing dataset...
Done!
Building trie...
Done!
build time: 16605.782910 ms (1660.578291 ns per key)
space cost: 316.683807 MB (92.240844% of original size 343.322754 MB)
Querying trie...
Done!
total time: 24094.720064 ms, avg latency: 2409.472006 ns
not implemented
16605.782910,316.683807,2409.472006
[PASSED]
[time 49.70 s, user 47.15 s, sys 2.34 s, maxrss 2381424 KB]
[busy 5117 jiffies]
[exit 0]
--- c2 case 5 rec 1   load 1.06 1.04 1.05
[TEST MARISA]
Processing dataset...
Done!
Building trie...
Done!
build time: 12788.634293 ms (1278.863429 ns per key)
space cost: 330.987365 MB (96.407058% of original size 343.322754 MB)
Querying trie...
Done!
total time: 15455.460434 ms, avg latency: 1545.546043 ns
not implemented
12788.634293,330.987365,1545.546043
[PASSED]
[time 37.22 s, user 34.87 s, sys 2.19 s, maxrss 2416084 KB]
[busy 3828 jiffies]
[exit 0]
--- c2 case 5 rec 0   load 1.08 1.05 1.05
[TEST MARISA]
Processing dataset...
Done!
Building trie...
Done!
build time: 7930.851734 ms (793.085173 ns per key)
space cost: 346.565342 MB (100.944472% of original size 343.322754 MB)
Querying trie...
Done!
total time: 7939.594064 ms, avg latency: 793.959406 ns
not implemented
7930.851734,346.565342,793.959406
[PASSED]
[time 24.88 s, user 22.83 s, sys 1.95 s, maxrss 2465100 KB]
[busy 2562 jiffies]
[exit 0]
--- c2 case 4 rec 0   skipped: exit 134 in round 1
--- c2 case 3 rec 0   load 1.06 1.05 1.05
[TEST FST]
Processing dataset...
Done!
Building trie...
Done!
build time: 10641.850046 ms (1064.185005 ns per key)
space cost: 341.746040 MB (99.540749% of original size 343.322754 MB)
Querying trie...
Done!
total time: 7042.376761 ms, avg latency: 704.237676 ns
not implemented
10641.850046,341.746040,704.237676
[PASSED]
[time 26.91 s, user 25.14 s, sys 1.66 s, maxrss 1916928 KB]
[busy 2767 jiffies]
[exit 0]
--- c2 case 2 rec 2   load 1.03 1.04 1.05
[TEST C2-MARISA]
Processing dataset...
Done!
Building trie...
trie size: 19.421587 MB
trie size: 47.697874 MB
Done!
build time: 25261.823276 ms (2526.182328 ns per key)
space cost: 218.030363 MB (63.505946% of original size 343.322754 MB)
Querying trie...
Done!
total time: 5831.079376 ms, avg latency: 583.107938 ns
topology: 6.395802 MB, link: 33.418009 MB, data: 177.888428 MB
--- Unary Path Analysis (Marisa, cutoff=3) ---
  branches: 13314429  |  single-char: 3205780 (24.1%)  short-unary: 97508 (0.7%)  links: 10011141 (75.2%)
  link len: avg=30.48  max=32  total_chars=305143726
  link length distribution (len:count):  3:4393  4:6350  5:369  6:27  7:2  24:4  25:94  26:1324  27:21561  29:340409  30:4123330  31:5512548  32:730
  short unary avg len: 2.00
25261.823276,218.030363,583.107938
[PASSED]
[time 40.27 s, user 37.42 s, sys 2.68 s, maxrss 3497764 KB]
[busy 4144 jiffies]
[exit 0]
--- c2 case 2 rec 1   load 1.02 1.03 1.04
[TEST C2-MARISA]
Processing dataset...
Done!
Building trie...
trie size: 19.421587 MB
trie size: 47.697874 MB
Done!
build time: 25159.069684 ms (2515.906968 ns per key)
space cost: 218.030363 MB (63.505946% of original size 343.322754 MB)
Querying trie...
Done!
total time: 5847.586086 ms, avg latency: 584.758609 ns
topology: 6.395802 MB, link: 33.418009 MB, data: 177.888428 MB
--- Unary Path Analysis (Marisa, cutoff=3) ---
  branches: 13314429  |  single-char: 3205780 (24.1%)  short-unary: 97508 (0.7%)  links: 10011141 (75.2%)
  link len: avg=30.48  max=32  total_chars=305143726
  link length distribution (len:count):  3:4393  4:6350  5:369  6:27  7:2  24:4  25:94  26:1324  27:21561  29:340409  30:4123330  31:5512548  32:730
  short unary avg len: 2.00
25159.069684,218.030363,584.758609
[PASSED]
[time 40.21 s, user 37.32 s, sys 2.72 s, maxrss 3498044 KB]
[busy 4131 jiffies]
[exit 0]
--- c2 case 2 rec 0   load 1.01 1.03 1.04
[TEST C2-MARISA]
Processing dataset...
Done!
Building trie...
trie size: 19.421587 MB
Done!
build time: 12911.019880 ms (1291.101988 ns per key)
space cost: 218.030363 MB (63.505946% of original size 343.322754 MB)
Querying trie...
Done!
total time: 5858.303628 ms, avg latency: 585.830363 ns
topology: 6.395802 MB, link: 33.418009 MB, data: 177.888428 MB
--- Unary Path Analysis (Marisa, cutoff=3) ---
  branches: 13314429  |  single-char: 3205780 (24.1%)  short-unary: 97508 (0.7%)  links: 10011141 (75.2%)
  link len: avg=30.48  max=32  total_chars=305143726
  link length distribution (len:count):  3:4393  4:6350  5:369  6:27  7:2  24:4  25:94  26:1324  27:21561  29:340409  30:4123330  31:5512548  32:730
  short unary avg len: 2.00
12911.019880,218.030363,585.830363
[PASSED]
[time 28.01 s, user 25.58 s, sys 2.30 s, maxrss 3004204 KB]
[busy 2904 jiffies]
[exit 0]
--- c2 case 1 rec 2   load 1.00 1.02 1.04
[TEST C2-CoCo(LOUDS-Sparse)]
Processing dataset...
Done!
Building trie...
trie size: 47.664446 MB
Done!
build time: 29743.736061 ms (2974.373606 ns per key)
space cost: 212.803069 MB (61.983386% of original size 343.322754 MB)
Querying trie...
Done!
total time: 7156.280498 ms, avg latency: 715.628050 ns
topology: 3.395058 MB, link: 36.016802 MB, data: 173.391209 MB
29743.736061,212.803069,715.628050
[PASSED]
[time 46.06 s, user 42.53 s, sys 3.35 s, maxrss 4629976 KB]
[busy 4731 jiffies]
[exit 0]
--- c2 case 1 rec 1   load 0.92 1.00 1.03
[TEST C2-CoCo(LOUDS-Sparse)]
Processing dataset...
Done!
Building trie...
trie size: 47.664446 MB
Done!
build time: 29732.101637 ms (2973.210164 ns per key)
space cost: 212.803069 MB (61.983386% of original size 343.322754 MB)
Querying trie...
Done!
total time: 7368.580179 ms, avg latency: 736.858018 ns
topology: 3.395058 MB, link: 36.016802 MB, data: 173.391209 MB
29732.101637,212.803069,736.858018
[PASSED]
[time 46.32 s, user 42.70 s, sys 3.42 s, maxrss 4629940 KB]
[busy 4781 jiffies]
[exit 0]
--- c2 case 1 rec 0   load 0.96 1.00 1.02
[TEST C2-CoCo(LOUDS-Sparse)]
Processing dataset...
Done!
Building trie...
Done!
build time: 17654.904443 ms (1765.490444 ns per key)
space cost: 212.803069 MB (61.983386% of original size 343.322754 MB)
Querying trie...
Done!
total time: 7421.927643 ms, avg latency: 742.192764 ns
topology: 3.395058 MB, link: 36.016802 MB, data: 173.391209 MB
17654.904443,212.803069,742.192764
[PASSED]
[time 34.25 s, user 31.11 s, sys 3.00 s, maxrss 4160808 KB]
[busy 3524 jiffies]
[exit 0]
--- c2 case 0 rec 2   load 1.03 1.01 1.03
[TEST C2-FST]
Processing dataset...
Done!
Building trie...
trie size: 47.664446 MB
Done!
build time: 26119.562618 ms (2611.956262 ns per key)
space cost: 224.266170 MB (65.322256% of original size 343.322754 MB)
Querying trie...
Done!
total time: 7203.758442 ms, avg latency: 720.375844 ns
topology: 7.652824 MB, link: 34.870965 MB, data: 181.742380 MB
--- Unary Path Analysis (FST, cutoff=4) ---
  shared unary steps in main trie: 126967
  terminal suffixes: inplace=0 (avg len=0.00)  links=10000000 (100.0% of terminal)
  link len: avg=28.51  max=30  total_chars=285103126
  link length distribution (len:count):  23:4  24:94  25:1324  26:21561  28:340409  29:4123330  30:5512548  31:730
26119.562618,224.266170,720.375844
[PASSED]
[time 42.52 s, user 39.63 s, sys 2.71 s, maxrss 3559392 KB]
[busy 4374 jiffies]
[exit 0]
--- c2 case 0 rec 1   load 1.01 1.01 1.02
[TEST C2-FST]
Processing dataset...
Done!
Building trie...
trie size: 47.664446 MB
Done!
build time: 26095.533841 ms (2609.553384 ns per key)
space cost: 224.266170 MB (65.322256% of original size 343.322754 MB)
Querying trie...
Done!
total time: 7089.193413 ms, avg latency: 708.919341 ns
topology: 7.652824 MB, link: 34.870965 MB, data: 181.742380 MB
--- Unary Path Analysis (FST, cutoff=4) ---
  shared unary steps in main trie: 126967
  terminal suffixes: inplace=0 (avg len=0.00)  links=10000000 (100.0% of terminal)
  link len: avg=28.51  max=30  total_chars=285103126
  link length distribution (len:count):  23:4  24:94  25:1324  26:21561  28:340409  29:4123330  30:5512548  31:730
26095.533841,224.266170,708.919341
[PASSED]
[time 42.41 s, user 39.56 s, sys 2.67 s, maxrss 3559604 KB]
[busy 4352 jiffies]
[exit 0]
--- c2 case 0 rec 0   load 0.92 0.99 1.01
[TEST C2-FST]
Processing dataset...
Done!
Building trie...
Done!
build time: 13973.730278 ms (1397.373028 ns per key)
space cost: 224.266170 MB (65.322256% of original size 343.322754 MB)
Querying trie...
Done!
total time: 7256.829825 ms, avg latency: 725.682982 ns
topology: 7.652824 MB, link: 34.870965 MB, data: 181.742380 MB
--- Unary Path Analysis (FST, cutoff=4) ---
  shared unary steps in main trie: 126967
  terminal suffixes: inplace=0 (avg len=0.00)  links=10000000 (100.0% of terminal)
  link len: avg=28.51  max=30  total_chars=285103126
  link length distribution (len:count):  23:4  24:94  25:1324  26:21561  28:340409  29:4123330  30:5512548  31:730
13973.730278,224.266170,725.682982
[PASSED]
[time 30.44 s, user 28.03 s, sys 2.27 s, maxrss 3090380 KB]
[busy 3137 jiffies]
[exit 0]
--- lexindex da   skipped: exit 3 in round 1
--- lexindex hashed16   load 1.03 1.01 1.01
10000000 keys
lexindex HashedDictIndex fp=16: build 2211 ms, size 217.427 MiB (22.799 B/key), latency cold 97.1 ns, then mean 98.2 / min 93.6 ns
2210.737,217.427252,97.086
[time 12.37 s, user 22.02 s, sys 2.39 s, maxrss 1957656 KB]
[busy 2506 jiffies]
[exit 0]
--- lexindex hashed8   load 1.02 1.01 1.01
10000000 keys
lexindex HashedDictIndex fp=8: build 2174 ms, size 207.891 MiB (21.799 B/key), latency cold 95.9 ns, then mean 97.0 / min 92.5 ns
2174.070,207.890509,95.926
[time 12.30 s, user 21.70 s, sys 2.36 s, maxrss 1948568 KB]
[busy 2462 jiffies]
[exit 0]
--- lexindex hashed0   load 0.95 0.99 1.01
10000000 keys
lexindex HashedDictIndex closed: build 2197 ms, size 198.354 MiB (20.799 B/key), latency cold 79.2 ns, then mean 79.2 / min 79.1 ns
2197.392,198.353765,79.179
[time 11.62 s, user 21.07 s, sys 2.42 s, maxrss 1938060 KB]
[busy 2411 jiffies]
[exit 0]
--- lexindex string   load 0.88 0.97 1.00
10000000 keys
lexindex StringIndex: build 23772 ms, size 343.964 MiB (36.067 B/key), latency cold 580.9 ns, then mean 580.4 / min 579.8 ns
23771.875,343.963631,580.875
[time 53.18 s, user 51.94 s, sys 1.03 s, maxrss 1957400 KB]
[busy 5450 jiffies]
[exit 0]
--- lexindex routed1024   load 0.87 0.96 0.99
10000000 keys
lexindex DictIndex block 1024 routed: build 1111 ms, size 168.486 MiB (17.667 B/key), latency cold 535.6 ns, then mean 534.7 / min 534.5 ns
1110.558,168.486272,535.646
[time 28.76 s, user 37.52 s, sys 2.27 s, maxrss 1905088 KB]
[busy 4094 jiffies]
[exit 0]
--- lexindex routed256   load 0.98 0.98 1.00
10000000 keys
lexindex DictIndex block 256 routed: build 1136 ms, size 172.230 MiB (18.060 B/key), latency cold 523.3 ns, then mean 522.5 / min 521.5 ns
1135.640,172.229749,523.282
[time 28.28 s, user 37.17 s, sys 2.21 s, maxrss 1911492 KB]
[busy 4046 jiffies]
[exit 0]
--- lexindex routed32   load 0.99 0.99 1.00
10000000 keys
lexindex DictIndex block 32 routed: build 1181 ms, size 177.801 MiB (18.644 B/key), latency cold 635.5 ns, then mean 635.5 / min 634.9 ns
1180.843,177.801466,635.509
[time 32.86 s, user 41.66 s, sys 2.26 s, maxrss 1926504 KB]
[busy 4523 jiffies]
[exit 0]
--- lexindex dict1024   load 1.09 1.02 1.01
10000000 keys
lexindex DictIndex block 1024: build 1103 ms, size 166.102 MiB (17.417 B/key), latency cold 655.6 ns, then mean 652.7 / min 651.3 ns
1102.984,166.101995,655.595
[time 33.45 s, user 42.26 s, sys 2.28 s, maxrss 1901488 KB]
[busy 4603 jiffies]
[exit 0]
--- lexindex dict256   load 1.05 1.01 1.00
10000000 keys
lexindex DictIndex block 256: build 1123 ms, size 167.461 MiB (17.560 B/key), latency cold 664.7 ns, then mean 663.4 / min 662.2 ns
1122.685,167.461316,664.746
[time 33.92 s, user 42.78 s, sys 2.19 s, maxrss 1906836 KB]
[busy 4622 jiffies]
[exit 0]
--- lexindex dict32   load 1.03 1.01 1.00
10000000 keys
lexindex DictIndex block 32: build 1127 ms, size 173.033 MiB (18.144 B/key), latency cold 729.3 ns, then mean 727.4 / min 726.6 ns
1126.506,173.033094,729.267
[time 36.48 s, user 45.24 s, sys 2.27 s, maxrss 1920880 KB]
[busy 4886 jiffies]
[exit 0]

##### urls-10000000 (10000000 lines, 533677969 bytes)   round 2/3   2026-09-26T06:26:34+03:00
--- xcdat 16   load 0.93 0.99 0.99
build time: 12465.622193 ms
space cost: 147.118110 MiB (29.457897% of original size 499.418229 MiB)
avg latency: 761.407602 ns
12465.622193,147.118110,761.407602
[time 30.17 s, user 28.16 s, sys 1.89 s, maxrss 2131776 KB]
[busy 3111 jiffies]
[exit 0]
--- xcdat 15   load 0.96 0.99 1.00
build time: 12731.903934 ms
space cost: 140.648740 MiB (28.162516% of original size 499.418229 MiB)
avg latency: 708.622374 ns
12731.903934,140.648740,708.622374
[time 29.93 s, user 27.92 s, sys 1.88 s, maxrss 2124896 KB]
[busy 3084 jiffies]
[exit 0]
--- xcdat 8   load 0.98 0.99 1.00
build time: 12412.952476 ms
space cost: 114.082344 MiB (22.843048% of original size 499.418229 MiB)
avg latency: 829.969056 ns
12412.952476,114.082344,829.969056
[time 30.76 s, user 28.82 s, sys 1.81 s, maxrss 2097740 KB]
[busy 3166 jiffies]
[exit 0]
--- xcdat 7   load 0.99 1.00 1.00
build time: 12820.906647 ms
space cost: 117.959981 MiB (23.619478% of original size 499.418229 MiB)
avg latency: 861.115256 ns
12820.906647,117.959981,861.115256
[time 31.56 s, user 29.58 s, sys 1.84 s, maxrss 2101608 KB]
[busy 3245 jiffies]
[exit 0]
--- c2 case 8 rec 0   load 0.99 1.00 1.00
[TEST CART]
Processing dataset...
Done!
Building trie...
Done!
build time: 4296.801160 ms (429.680116 ns per key)
space cost: 160.654354 MB (32.168300% of original size 499.418229 MB)
Querying trie...
Done!
total time: 9147.386132 ms, avg latency: 914.738613 ns
not implemented
4296.801160,160.654354,914.738613
[PASSED]
[time 23.66 s, user 21.91 s, sys 1.65 s, maxrss 2765708 KB]
[busy 2446 jiffies]
[exit 0]
--- c2 case 7 rec 0   load 1.00 1.00 1.00
[TEST ART]
Processing dataset...
Done!
Building trie...
Done!
build time: 3632.103365 ms (363.210336 ns per key)
space cost: 341.430801 MB (68.365707% of original size 499.418229 MB)
Querying trie...
Done!
total time: 9573.788824 ms, avg latency: 957.378882 ns
not implemented
3632.103365,341.430801,957.378882
[PASSED]
[time 23.48 s, user 21.73 s, sys 1.65 s, maxrss 2884876 KB]
[busy 2405 jiffies]
[exit 0]
--- c2 case 6 rec 0   load 0.92 0.98 0.99
[TEST PDT]
Processing dataset...
Done!
Building trie...
dict size: 156234, stream size: 59837983
Done!
build time: 28083.202707 ms (2808.320271 ns per key)
space cost: 69.980471 MB (14.012398% of original size 499.418229 MB)
Querying trie...
Done!
total time: 11985.225034 ms, avg latency: 1198.522503 ns
not implemented
28083.202707,69.980471,1198.522503
[PASSED]
[time 50.19 s, user 48.12 s, sys 1.87 s, maxrss 2053732 KB]
[busy 5160 jiffies]
[exit 0]
--- c2 case 5 rec 2   load 0.97 0.99 1.00
[TEST MARISA]
Processing dataset...
Done!
Building trie...
Done!
build time: 12470.994620 ms (1247.099462 ns per key)
space cost: 55.623455 MB (11.137650% of original size 499.418229 MB)
Querying trie...
Done!
total time: 16489.244811 ms, avg latency: 1648.924481 ns
not implemented
12470.994620,55.623455,1648.924481
[PASSED]
[time 38.80 s, user 36.83 s, sys 1.81 s, maxrss 2342384 KB]
[busy 4001 jiffies]
[exit 0]
--- c2 case 5 rec 1   load 0.98 0.99 1.00
[TEST MARISA]
Processing dataset...
Done!
Building trie...
Done!
build time: 12297.112516 ms (1229.711252 ns per key)
space cost: 59.449470 MB (11.903744% of original size 499.418229 MB)
Querying trie...
Done!
total time: 15584.441391 ms, avg latency: 1558.444139 ns
not implemented
12297.112516,59.449470,1558.444139
[PASSED]
[time 37.78 s, user 35.82 s, sys 1.80 s, maxrss 2342556 KB]
[busy 3888 jiffies]
[exit 0]
--- c2 case 5 rec 0   load 0.91 0.98 0.99
[TEST MARISA]
Processing dataset...
Done!
Building trie...
Done!
build time: 11113.107253 ms (1111.310725 ns per key)
space cost: 82.540893 MB (16.527409% of original size 499.418229 MB)
Querying trie...
Done!
total time: 11292.402331 ms, avg latency: 1129.240233 ns
not implemented
11113.107253,82.540893,1129.240233
[PASSED]
[time 32.27 s, user 30.43 s, sys 1.70 s, maxrss 2342312 KB]
[busy 3325 jiffies]
[exit 0]
--- c2 case 4 rec 0   skipped: exit 134 in round 1
--- c2 case 3 rec 0   load 0.95 0.98 1.00
[TEST FST]
Processing dataset...
Done!
Building trie...
Done!
build time: 15766.424891 ms (1576.642489 ns per key)
space cost: 90.985074 MB (18.218212% of original size 499.418229 MB)
Querying trie...
Done!
total time: 20089.200087 ms, avg latency: 2008.920009 ns
not implemented
15766.424891,90.985074,2008.920009
[PASSED]
[time 46.01 s, user 44.45 s, sys 1.37 s, maxrss 2073932 KB]
[busy 4735 jiffies]
[exit 0]
--- c2 case 2 rec 2   load 0.90 0.97 0.99
[TEST C2-MARISA]
Processing dataset...
Done!
Building trie...
trie size: 23.210503 MB
trie size: 33.431739 MB
trie size: 4.248938 MB
Done!
build time: 15185.457249 ms (1518.545725 ns per key)
space cost: 66.026621 MB (13.220707% of original size 499.418229 MB)
Querying trie...
Done!
total time: 12050.754229 ms, avg latency: 1205.075423 ns
topology: 9.965065 MB, link: 29.247737 MB, data: 26.485694 MB
--- Unary Path Analysis (Marisa, cutoff=3) ---
  branches: 15006864  |  single-char: 4344202 (28.9%)  short-unary: 992777 (6.6%)  links: 9669885 (64.4%)
  link len: avg=10.53  max=661  total_chars=101846674
  link length distribution (len:count):  3:979135  4:1063854  5:889005  6:816748  7:783836  8:655792  9:527524  10:470175  11:410531  12:348158  13:310501  14:249595  15:236303  16:208521  17:272348  18:152006  19:142197  20:160137  21:150517  22:97740  23:85053  24:75097  25:69397  26:58698  27:52492  28:46035  29:41825  30:35181  31:33558  32:28138  33:24094  34:21147  35:18522  36:16174  37:15646  38:13222  39:11318  40:10241  41:8684  42:7727  43:7580  44:6353  45:5175  46:4565  47:4156  48:3773  49:3667  50:3232  51:2627  52:2472  53:2112  54:1827  55:1870  56:1795  57:1516  58:1219  59:1198  60:1058  61:1063  62:1033  63:824  64:809  65:724  66:596  67:588  68:699  69:566  70:477  71:404  72:358  73:423  74:508  75:343  76:316  77:296  78:242  79:228  80:271  81:278  82:260  83:218  84:168  85:161  86:237  87:180  88:132  89:149  90:129  91:130  92:217  93:157  94:107  95:107  96:78  97:83  98:157  99:108  100:88  101:113  102:83  103:68  104:108  105:90  106:73  107:60  108:55  109:66  110:134  111:84  112:45  113:42  114:46  115:41  116:61  117:60  118:41  119:55  120:38  121:39  122:51  123:48  124:32  125:24  126:41  127:42  128:50  129:45  130:34  131:23  132:21  133:21  134:26  135:27  136:27  137:16  138:30  139:28  140:17  141:24  142:16  143:13  144:23  145:25  146:30  147:25  148:14  149:7  150:15  151:16  152:9  153:20  154:26  155:21  156:19  157:17  158:10  159:13  160:18  161:5  162:5  163:10  164:10  165:15  166:17  167:11  168:8  169:6  170:2  171:5  172:9  173:11  174:14  175:10  176:6  177:8  178:9  179:8  180:7  181:8  182:5  183:7  184:9  185:7  186:5  187:4  188:6  189:7  190:12  191:7  192:5  193:3  194:7  195:3  196:5  197:2  198:4  199:3  200:7  201:8  202:7  203:9  205:4  206:5  207:5  208:2  209:13  210:3  211:8  212:2  213:2  214:2  215:4  216:2  217:4  218:3  219:6  220:5  221:4  222:3  223:2  224:4  225:2  226:3  227:3  228:3  229:3  230:1  232:4  233:1  234:1  235:2  236:2  237:4  238:5  239:2  240:1  241:1  242:2  243:1  244:5  246:2  247:2  248:2  250:1  251:1  252:1  253:3  255:3  256:6  257:2  258:2  260:1  261:1  262:4  263:3  264:1  265:1  266:1  269:4  271:1  272:1  273:1  274:1  275:1  277:2  281:1  286:1  287:1  288:1  294:1  295:1  301:1  304:1  305:2  306:2  308:1  309:1  311:1  319:1  323:1  328:1  329:2  330:3  331:1  334:1  337:1  341:2  348:1  349:1  351:2  353:1  356:1  368:1  380:1  387:1  392:1  420:1  443:1  447:3  450:1  597:1  650:1  661:1
  short unary avg len: 2.00
15185.457249,66.026621,1205.075423
[PASSED]
[time 37.34 s, user 35.28 s, sys 1.90 s, maxrss 2049312 KB]
[busy 3843 jiffies]
[exit 0]
--- c2 case 2 rec 1   load 0.94 0.97 1.00
[TEST C2-MARISA]
Processing dataset...
Done!
Building trie...
trie size: 23.210503 MB
trie size: 33.431739 MB
Done!
build time: 14552.801534 ms (1455.280153 ns per key)
space cost: 66.026621 MB (13.220707% of original size 499.418229 MB)
Querying trie...
Done!
total time: 12070.257294 ms, avg latency: 1207.025729 ns
topology: 9.965065 MB, link: 29.247737 MB, data: 26.485694 MB
--- Unary Path Analysis (Marisa, cutoff=3) ---
  branches: 15006864  |  single-char: 4344202 (28.9%)  short-unary: 992777 (6.6%)  links: 9669885 (64.4%)
  link len: avg=10.53  max=661  total_chars=101846674
  link length distribution (len:count):  3:979135  4:1063854  5:889005  6:816748  7:783836  8:655792  9:527524  10:470175  11:410531  12:348158  13:310501  14:249595  15:236303  16:208521  17:272348  18:152006  19:142197  20:160137  21:150517  22:97740  23:85053  24:75097  25:69397  26:58698  27:52492  28:46035  29:41825  30:35181  31:33558  32:28138  33:24094  34:21147  35:18522  36:16174  37:15646  38:13222  39:11318  40:10241  41:8684  42:7727  43:7580  44:6353  45:5175  46:4565  47:4156  48:3773  49:3667  50:3232  51:2627  52:2472  53:2112  54:1827  55:1870  56:1795  57:1516  58:1219  59:1198  60:1058  61:1063  62:1033  63:824  64:809  65:724  66:596  67:588  68:699  69:566  70:477  71:404  72:358  73:423  74:508  75:343  76:316  77:296  78:242  79:228  80:271  81:278  82:260  83:218  84:168  85:161  86:237  87:180  88:132  89:149  90:129  91:130  92:217  93:157  94:107  95:107  96:78  97:83  98:157  99:108  100:88  101:113  102:83  103:68  104:108  105:90  106:73  107:60  108:55  109:66  110:134  111:84  112:45  113:42  114:46  115:41  116:61  117:60  118:41  119:55  120:38  121:39  122:51  123:48  124:32  125:24  126:41  127:42  128:50  129:45  130:34  131:23  132:21  133:21  134:26  135:27  136:27  137:16  138:30  139:28  140:17  141:24  142:16  143:13  144:23  145:25  146:30  147:25  148:14  149:7  150:15  151:16  152:9  153:20  154:26  155:21  156:19  157:17  158:10  159:13  160:18  161:5  162:5  163:10  164:10  165:15  166:17  167:11  168:8  169:6  170:2  171:5  172:9  173:11  174:14  175:10  176:6  177:8  178:9  179:8  180:7  181:8  182:5  183:7  184:9  185:7  186:5  187:4  188:6  189:7  190:12  191:7  192:5  193:3  194:7  195:3  196:5  197:2  198:4  199:3  200:7  201:8  202:7  203:9  205:4  206:5  207:5  208:2  209:13  210:3  211:8  212:2  213:2  214:2  215:4  216:2  217:4  218:3  219:6  220:5  221:4  222:3  223:2  224:4  225:2  226:3  227:3  228:3  229:3  230:1  232:4  233:1  234:1  235:2  236:2  237:4  238:5  239:2  240:1  241:1  242:2  243:1  244:5  246:2  247:2  248:2  250:1  251:1  252:1  253:3  255:3  256:6  257:2  258:2  260:1  261:1  262:4  263:3  264:1  265:1  266:1  269:4  271:1  272:1  273:1  274:1  275:1  277:2  281:1  286:1  287:1  288:1  294:1  295:1  301:1  304:1  305:2  306:2  308:1  309:1  311:1  319:1  323:1  328:1  329:2  330:3  331:1  334:1  337:1  341:2  348:1  349:1  351:2  353:1  356:1  368:1  380:1  387:1  392:1  420:1  443:1  447:3  450:1  597:1  650:1  661:1
  short unary avg len: 2.00
14552.801534,66.026621,1207.025729
[PASSED]
[time 36.76 s, user 34.67 s, sys 1.93 s, maxrss 2049892 KB]
[busy 3787 jiffies]
[exit 0]
--- c2 case 2 rec 0   load 1.02 0.99 1.00
[TEST C2-MARISA]
Processing dataset...
Done!
Building trie...
trie size: 23.210503 MB
Done!
build time: 12134.657889 ms (1213.465789 ns per key)
space cost: 79.565398 MB (15.931617% of original size 499.418229 MB)
Querying trie...
Done!
total time: 9070.635917 ms, avg latency: 907.063592 ns
topology: 7.658741 MB, link: 28.820719 MB, data: 42.757813 MB
--- Unary Path Analysis (Marisa, cutoff=3) ---
  branches: 15006864  |  single-char: 4344202 (28.9%)  short-unary: 992777 (6.6%)  links: 9669885 (64.4%)
  link len: avg=10.53  max=661  total_chars=101846674
  link length distribution (len:count):  3:979135  4:1063854  5:889005  6:816748  7:783836  8:655792  9:527524  10:470175  11:410531  12:348158  13:310501  14:249595  15:236303  16:208521  17:272348  18:152006  19:142197  20:160137  21:150517  22:97740  23:85053  24:75097  25:69397  26:58698  27:52492  28:46035  29:41825  30:35181  31:33558  32:28138  33:24094  34:21147  35:18522  36:16174  37:15646  38:13222  39:11318  40:10241  41:8684  42:7727  43:7580  44:6353  45:5175  46:4565  47:4156  48:3773  49:3667  50:3232  51:2627  52:2472  53:2112  54:1827  55:1870  56:1795  57:1516  58:1219  59:1198  60:1058  61:1063  62:1033  63:824  64:809  65:724  66:596  67:588  68:699  69:566  70:477  71:404  72:358  73:423  74:508  75:343  76:316  77:296  78:242  79:228  80:271  81:278  82:260  83:218  84:168  85:161  86:237  87:180  88:132  89:149  90:129  91:130  92:217  93:157  94:107  95:107  96:78  97:83  98:157  99:108  100:88  101:113  102:83  103:68  104:108  105:90  106:73  107:60  108:55  109:66  110:134  111:84  112:45  113:42  114:46  115:41  116:61  117:60  118:41  119:55  120:38  121:39  122:51  123:48  124:32  125:24  126:41  127:42  128:50  129:45  130:34  131:23  132:21  133:21  134:26  135:27  136:27  137:16  138:30  139:28  140:17  141:24  142:16  143:13  144:23  145:25  146:30  147:25  148:14  149:7  150:15  151:16  152:9  153:20  154:26  155:21  156:19  157:17  158:10  159:13  160:18  161:5  162:5  163:10  164:10  165:15  166:17  167:11  168:8  169:6  170:2  171:5  172:9  173:11  174:14  175:10  176:6  177:8  178:9  179:8  180:7  181:8  182:5  183:7  184:9  185:7  186:5  187:4  188:6  189:7  190:12  191:7  192:5  193:3  194:7  195:3  196:5  197:2  198:4  199:3  200:7  201:8  202:7  203:9  205:4  206:5  207:5  208:2  209:13  210:3  211:8  212:2  213:2  214:2  215:4  216:2  217:4  218:3  219:6  220:5  221:4  222:3  223:2  224:4  225:2  226:3  227:3  228:3  229:3  230:1  232:4  233:1  234:1  235:2  236:2  237:4  238:5  239:2  240:1  241:1  242:2  243:1  244:5  246:2  247:2  248:2  250:1  251:1  252:1  253:3  255:3  256:6  257:2  258:2  260:1  261:1  262:4  263:3  264:1  265:1  266:1  269:4  271:1  272:1  273:1  274:1  275:1  277:2  281:1  286:1  287:1  288:1  294:1  295:1  301:1  304:1  305:2  306:2  308:1  309:1  311:1  319:1  323:1  328:1  329:2  330:3  331:1  334:1  337:1  341:2  348:1  349:1  351:2  353:1  356:1  368:1  380:1  387:1  392:1  420:1  443:1  447:3  450:1  597:1  650:1  661:1
  short unary avg len: 2.00
12134.657889,79.565398,907.063592
[PASSED]
[time 31.40 s, user 29.28 s, sys 1.99 s, maxrss 2063796 KB]
[busy 3232 jiffies]
[exit 0]
--- c2 case 1 rec 2   load 1.01 1.00 1.00
[TEST C2-CoCo(LOUDS-Sparse)]
Processing dataset...
Done!
Building trie...
trie size: 23.143724 MB
trie size: 3.515203 MB
Done!
build time: 31532.773348 ms (3153.277335 ns per key)
space cost: 83.070779 MB (16.633510% of original size 499.418229 MB)
Querying trie...
Done!
total time: 18628.887821 ms, avg latency: 1862.888782 ns
topology: 6.127193 MB, link: 31.915912 MB, data: 45.027674 MB
31532.773348,83.070779,1862.888782
[PASSED]
[time 60.27 s, user 57.34 s, sys 2.68 s, maxrss 3593064 KB]
[busy 6196 jiffies]
[exit 0]
--- c2 case 1 rec 1   load 0.92 0.98 0.99
[TEST C2-CoCo(LOUDS-Sparse)]
Processing dataset...
Done!
Building trie...
trie size: 23.143724 MB
Done!
build time: 30989.760338 ms (3098.976034 ns per key)
space cost: 83.070779 MB (16.633510% of original size 499.418229 MB)
Querying trie...
Done!
total time: 18389.006508 ms, avg latency: 1838.900651 ns
topology: 6.127193 MB, link: 31.915912 MB, data: 45.027674 MB
30989.760338,83.070779,1838.900651
[PASSED]
[time 59.55 s, user 56.66 s, sys 2.64 s, maxrss 3572108 KB]
[busy 6125 jiffies]
[exit 0]
--- c2 case 1 rec 0   load 1.02 1.00 1.00
[TEST C2-CoCo(LOUDS-Sparse)]
Processing dataset...
Done!
Building trie...
Done!
build time: 28974.056399 ms (2897.405640 ns per key)
space cost: 94.593055 MB (18.940649% of original size 499.418229 MB)
Querying trie...
Done!
total time: 15837.463892 ms, avg latency: 1583.746389 ns
topology: 4.283638 MB, link: 32.108927 MB, data: 58.200490 MB
28974.056399,94.593055,1583.746389
[PASSED]
[time 54.92 s, user 51.99 s, sys 2.71 s, maxrss 3698672 KB]
[busy 5649 jiffies]
[exit 0]
--- c2 case 0 rec 2   load 1.00 1.00 1.00
[TEST C2-FST]
Processing dataset...
Done!
Building trie...
trie size: 23.143724 MB
trie size: 3.515203 MB
Done!
build time: 14712.723973 ms (1471.272397 ns per key)
space cost: 78.247462 MB (15.667723% of original size 499.418229 MB)
Querying trie...
Done!
total time: 18642.411588 ms, avg latency: 1864.241159 ns
topology: 13.508587 MB, link: 21.314508 MB, data: 43.424367 MB
--- Unary Path Analysis (FST, cutoff=4) ---
  shared unary steps in main trie: 10222647
  terminal suffixes: inplace=1703226 (avg len=2.16)  links=6715973 (79.8% of terminal)
  link len: avg=10.80  max=659  total_chars=72556931
  link length distribution (len:count):  4:696901  5:673915  6:668087  7:559938  8:460143  9:408987  10:371411  11:317336  12:286791  13:230146  14:219886  15:194657  16:260212  17:141485  18:132694  19:152516  20:142603  21:91996  22:80093  23:71031  24:65911  25:55655  26:49759  27:43541  28:39655  29:33371  30:31744  31:26630  32:22544  33:19836  34:17416  35:15244  36:14777  37:12475  38:10684  39:9704  40:8252  41:7414  42:7187  43:6077  44:4975  45:4415  46:4008  47:3641  48:3548  49:3129  50:2543  51:2408  52:2048  53:1756  54:1822  55:1758  56:1478  57:1179  58:1174  59:1028  60:1021  61:1008  62:800  63:782  64:703  65:577  66:564  67:679  68:553  69:459  70:394  71:348  72:410  73:498  74:336  75:309  76:287  77:230  78:220  79:262  80:269  81:251  82:214  83:163  84:154  85:231  86:178  87:132  88:144  89:127  90:127  91:212  92:153  93:106  94:107  95:76  96:81  97:157  98:106  99:86  100:109  101:82  102:64  103:107  104:90  105:70  106:58  107:55  108:63  109:130  110:83  111:45  112:41  113:46  114:39  115:60  116:60  117:41  118:52  119:37  120:39  121:51  122:48  123:30  124:24  125:39  126:42  127:48  128:44  129:34  130:23  131:19  132:20  133:26  134:27  135:27  136:16  137:30  138:27  139:16  140:24  141:15  142:13  143:23  144:25  145:30  146:25  147:14  148:7  149:15  150:16  151:9  152:19  153:25  154:20  155:19  156:17  157:10  158:12  159:18  160:5  161:5  162:9  163:10  164:14  165:17  166:11  167:8  168:6  169:2  170:5  171:9  172:11  173:14  174:10  175:6  176:8  177:8  178:8  179:7  180:8  181:5  182:7  183:9  184:6  185:5  186:4  187:6  188:7  189:12  190:7  191:5  192:3  193:7  194:3  195:5  196:2  197:4  198:3  199:6  200:8  201:7  202:9  204:4  205:5  206:5  207:1  208:12  209:3  210:7  211:2  212:2  213:2  214:4  215:2  216:4  217:3  218:6  219:4  220:3  221:3  222:2  223:4  224:2  225:3  226:3  227:3  228:3  229:1  231:4  232:1  233:1  234:2  235:2  236:4  237:4  238:2  239:1  240:1  241:1  242:1  243:5  245:2  246:2  247:2  249:1  250:1  251:1  252:3  254:3  255:6  256:2  257:2  259:1  260:1  261:4  262:3  263:1  264:1  265:1  268:4  270:1  271:1  272:1  273:1  274:1  276:2  280:1  285:1  286:1  287:1  293:1  294:1  300:1  303:1  304:2  305:2  307:1  310:1  318:1  322:1  327:1  328:2  329:3  330:1  333:1  336:1  340:2  347:1  348:1  350:2  352:1  355:1  367:1  379:1  386:1  391:1  419:1  442:1  446:3  449:1  596:1  649:1  660:1
14712.723973,78.247462,1864.241159
[PASSED]
[time 43.54 s, user 41.61 s, sys 1.75 s, maxrss 2062168 KB]
[busy 4484 jiffies]
[exit 0]
--- c2 case 0 rec 1   load 1.00 1.00 1.00
[TEST C2-FST]
Processing dataset...
Done!
Building trie...
trie size: 23.143724 MB
Done!
build time: 14222.985751 ms (1422.298575 ns per key)
space cost: 78.247462 MB (15.667723% of original size 499.418229 MB)
Querying trie...
Done!
total time: 18666.036138 ms, avg latency: 1866.603614 ns
topology: 13.508587 MB, link: 21.314508 MB, data: 43.424367 MB
--- Unary Path Analysis (FST, cutoff=4) ---
  shared unary steps in main trie: 10222647
  terminal suffixes: inplace=1703226 (avg len=2.16)  links=6715973 (79.8% of terminal)
  link len: avg=10.80  max=659  total_chars=72556931
  link length distribution (len:count):  4:696901  5:673915  6:668087  7:559938  8:460143  9:408987  10:371411  11:317336  12:286791  13:230146  14:219886  15:194657  16:260212  17:141485  18:132694  19:152516  20:142603  21:91996  22:80093  23:71031  24:65911  25:55655  26:49759  27:43541  28:39655  29:33371  30:31744  31:26630  32:22544  33:19836  34:17416  35:15244  36:14777  37:12475  38:10684  39:9704  40:8252  41:7414  42:7187  43:6077  44:4975  45:4415  46:4008  47:3641  48:3548  49:3129  50:2543  51:2408  52:2048  53:1756  54:1822  55:1758  56:1478  57:1179  58:1174  59:1028  60:1021  61:1008  62:800  63:782  64:703  65:577  66:564  67:679  68:553  69:459  70:394  71:348  72:410  73:498  74:336  75:309  76:287  77:230  78:220  79:262  80:269  81:251  82:214  83:163  84:154  85:231  86:178  87:132  88:144  89:127  90:127  91:212  92:153  93:106  94:107  95:76  96:81  97:157  98:106  99:86  100:109  101:82  102:64  103:107  104:90  105:70  106:58  107:55  108:63  109:130  110:83  111:45  112:41  113:46  114:39  115:60  116:60  117:41  118:52  119:37  120:39  121:51  122:48  123:30  124:24  125:39  126:42  127:48  128:44  129:34  130:23  131:19  132:20  133:26  134:27  135:27  136:16  137:30  138:27  139:16  140:24  141:15  142:13  143:23  144:25  145:30  146:25  147:14  148:7  149:15  150:16  151:9  152:19  153:25  154:20  155:19  156:17  157:10  158:12  159:18  160:5  161:5  162:9  163:10  164:14  165:17  166:11  167:8  168:6  169:2  170:5  171:9  172:11  173:14  174:10  175:6  176:8  177:8  178:8  179:7  180:8  181:5  182:7  183:9  184:6  185:5  186:4  187:6  188:7  189:12  190:7  191:5  192:3  193:7  194:3  195:5  196:2  197:4  198:3  199:6  200:8  201:7  202:9  204:4  205:5  206:5  207:1  208:12  209:3  210:7  211:2  212:2  213:2  214:4  215:2  216:4  217:3  218:6  219:4  220:3  221:3  222:2  223:4  224:2  225:3  226:3  227:3  228:3  229:1  231:4  232:1  233:1  234:2  235:2  236:4  237:4  238:2  239:1  240:1  241:1  242:1  243:5  245:2  246:2  247:2  249:1  250:1  251:1  252:3  254:3  255:6  256:2  257:2  259:1  260:1  261:4  262:3  263:1  264:1  265:1  268:4  270:1  271:1  272:1  273:1  274:1  276:2  280:1  285:1  286:1  287:1  293:1  294:1  300:1  303:1  304:2  305:2  307:1  310:1  318:1  322:1  327:1  328:2  329:3  330:1  333:1  336:1  340:2  347:1  348:1  350:2  352:1  355:1  367:1  379:1  386:1  391:1  419:1  442:1  446:3  449:1  596:1  649:1  660:1
14222.985751,78.247462,1866.603614
[PASSED]
[time 43.01 s, user 41.07 s, sys 1.75 s, maxrss 2062000 KB]
[busy 4437 jiffies]
[exit 0]
--- c2 case 0 rec 0   load 0.92 0.98 0.99
[TEST C2-FST]
Processing dataset...
Done!
Building trie...
Done!
build time: 12246.076532 ms (1224.607653 ns per key)
space cost: 89.769738 MB (17.974862% of original size 499.418229 MB)
Querying trie...
Done!
total time: 15898.827431 ms, avg latency: 1589.882743 ns
topology: 11.665031 MB, link: 21.507524 MB, data: 56.597183 MB
--- Unary Path Analysis (FST, cutoff=4) ---
  shared unary steps in main trie: 10222647
  terminal suffixes: inplace=1703226 (avg len=2.16)  links=6715973 (79.8% of terminal)
  link len: avg=10.80  max=659  total_chars=72556931
  link length distribution (len:count):  4:696901  5:673915  6:668087  7:559938  8:460143  9:408987  10:371411  11:317336  12:286791  13:230146  14:219886  15:194657  16:260212  17:141485  18:132694  19:152516  20:142603  21:91996  22:80093  23:71031  24:65911  25:55655  26:49759  27:43541  28:39655  29:33371  30:31744  31:26630  32:22544  33:19836  34:17416  35:15244  36:14777  37:12475  38:10684  39:9704  40:8252  41:7414  42:7187  43:6077  44:4975  45:4415  46:4008  47:3641  48:3548  49:3129  50:2543  51:2408  52:2048  53:1756  54:1822  55:1758  56:1478  57:1179  58:1174  59:1028  60:1021  61:1008  62:800  63:782  64:703  65:577  66:564  67:679  68:553  69:459  70:394  71:348  72:410  73:498  74:336  75:309  76:287  77:230  78:220  79:262  80:269  81:251  82:214  83:163  84:154  85:231  86:178  87:132  88:144  89:127  90:127  91:212  92:153  93:106  94:107  95:76  96:81  97:157  98:106  99:86  100:109  101:82  102:64  103:107  104:90  105:70  106:58  107:55  108:63  109:130  110:83  111:45  112:41  113:46  114:39  115:60  116:60  117:41  118:52  119:37  120:39  121:51  122:48  123:30  124:24  125:39  126:42  127:48  128:44  129:34  130:23  131:19  132:20  133:26  134:27  135:27  136:16  137:30  138:27  139:16  140:24  141:15  142:13  143:23  144:25  145:30  146:25  147:14  148:7  149:15  150:16  151:9  152:19  153:25  154:20  155:19  156:17  157:10  158:12  159:18  160:5  161:5  162:9  163:10  164:14  165:17  166:11  167:8  168:6  169:2  170:5  171:9  172:11  173:14  174:10  175:6  176:8  177:8  178:8  179:7  180:8  181:5  182:7  183:9  184:6  185:5  186:4  187:6  188:7  189:12  190:7  191:5  192:3  193:7  194:3  195:5  196:2  197:4  198:3  199:6  200:8  201:7  202:9  204:4  205:5  206:5  207:1  208:12  209:3  210:7  211:2  212:2  213:2  214:4  215:2  216:4  217:3  218:6  219:4  220:3  221:3  222:2  223:4  224:2  225:3  226:3  227:3  228:3  229:1  231:4  232:1  233:1  234:2  235:2  236:4  237:4  238:2  239:1  240:1  241:1  242:1  243:5  245:2  246:2  247:2  249:1  250:1  251:1  252:3  254:3  255:6  256:2  257:2  259:1  260:1  261:4  262:3  263:1  264:1  265:1  268:4  270:1  271:1  272:1  273:1  274:1  276:2  280:1  285:1  286:1  287:1  293:1  294:1  300:1  303:1  304:2  305:2  307:1  310:1  318:1  322:1  327:1  328:2  329:3  330:1  333:1  336:1  340:2  347:1  348:1  350:2  352:1  355:1  367:1  379:1  386:1  391:1  419:1  442:1  446:3  449:1  596:1  649:1  660:1
12246.076532,89.769738,1589.882743
[PASSED]
[time 38.28 s, user 36.31 s, sys 1.80 s, maxrss 2073604 KB]
[busy 3945 jiffies]
[exit 0]
--- lexindex da   skipped: exit 3 in round 1
--- lexindex hashed16   load 0.94 0.98 1.00
10000000 keys
lexindex HashedDictIndex fp=16: build 3248 ms, size 105.129 MiB (11.024 B/key), latency cold 99.8 ns, then mean 100.3 / min 96.4 ns
3248.042,105.128993,99.782
[time 14.48 s, user 32.40 s, sys 1.79 s, maxrss 2311016 KB]
[busy 3491 jiffies]
[exit 0]
--- lexindex hashed8   load 1.89 1.21 1.07
10000000 keys
lexindex HashedDictIndex fp=8: build 3198 ms, size 95.592 MiB (10.024 B/key), latency cold 99.6 ns, then mean 99.8 / min 96.4 ns
3198.175,95.592250,99.598
[time 14.44 s, user 32.28 s, sys 1.78 s, maxrss 2298432 KB]
[busy 3477 jiffies]
[exit 0]
--- lexindex hashed0   load 2.56 1.41 1.14
10000000 keys
lexindex HashedDictIndex closed: build 3223 ms, size 86.056 MiB (9.024 B/key), latency cold 80.0 ns, then mean 79.8 / min 79.8 ns
3223.158,86.055507,79.954
[time 13.62 s, user 31.44 s, sys 1.86 s, maxrss 2288488 KB]
[busy 3393 jiffies]
[exit 0]
--- lexindex string   load 2.13 1.37 1.13
10000000 keys
lexindex StringIndex: build 9221 ms, size 124.922 MiB (13.099 B/key), latency cold 749.5 ns, then mean 743.2 / min 742.1 ns
9220.712,124.921756,749.514
[time 46.10 s, user 44.80 s, sys 1.11 s, maxrss 2137896 KB]
[busy 4731 jiffies]
[exit 0]
--- lexindex routed1024   load 1.53 1.32 1.12
10000000 keys
lexindex DictIndex block 1024 routed: build 2043 ms, size 55.124 MiB (5.780 B/key), latency cold 636.5 ns, then mean 636.7 / min 635.9 ns
2043.414,55.123736,636.509
[time 34.71 s, user 51.24 s, sys 1.71 s, maxrss 2248852 KB]
[busy 5410 jiffies]
[exit 0]
--- lexindex routed256   load 1.30 1.28 1.11
10000000 keys
lexindex DictIndex block 256 routed: build 2089 ms, size 59.930 MiB (6.284 B/key), latency cold 631.6 ns, then mean 631.3 / min 630.6 ns
2088.682,59.930139,631.571
[time 34.56 s, user 51.50 s, sys 1.71 s, maxrss 2261876 KB]
[busy 5454 jiffies]
[exit 0]
--- lexindex routed32   load 1.16 1.25 1.11
10000000 keys
lexindex DictIndex block 32 routed: build 2064 ms, size 72.788 MiB (7.632 B/key), latency cold 716.8 ns, then mean 711.9 / min 709.7 ns
2064.237,72.788467,716.823
[time 37.79 s, user 54.38 s, sys 1.70 s, maxrss 2294332 KB]
[busy 5748 jiffies]
[exit 0]
--- lexindex dict1024   load 1.08 1.21 1.10
10000000 keys
lexindex DictIndex block 1024: build 2039 ms, size 52.739 MiB (5.530 B/key), latency cold 749.8 ns, then mean 748.2 / min 747.6 ns
2038.663,52.739459,749.847
[time 39.19 s, user 55.80 s, sys 1.68 s, maxrss 2247136 KB]
[busy 5880 jiffies]
[exit 0]
--- lexindex dict256   load 1.04 1.19 1.09
10000000 keys
lexindex DictIndex block 256: build 2083 ms, size 55.162 MiB (5.784 B/key), latency cold 735.2 ns, then mean 732.6 / min 731.5 ns
2082.727,55.161706,735.158
[time 38.60 s, user 55.59 s, sys 1.74 s, maxrss 2257644 KB]
[busy 5868 jiffies]
[exit 0]
--- lexindex dict32   load 1.09 1.18 1.09
10000000 keys
lexindex DictIndex block 32: build 1995 ms, size 68.020 MiB (7.132 B/key), latency cold 772.8 ns, then mean 761.7 / min 759.5 ns
1995.001,68.020096,772.832
[time 39.80 s, user 56.46 s, sys 1.69 s, maxrss 2296100 KB]
[busy 5957 jiffies]
[exit 0]

##### titles-en-10000000 (10000000 lines, 219718589 bytes)   round 2/3   2026-09-26T06:45:18+03:00
--- xcdat 16   load 1.04 1.15 1.09
build time: 7162.375862 ms
space cost: 139.139603 MiB (69.568677% of original size 200.003232 MiB)
avg latency: 628.541271 ns
7162.375862,139.139603,628.541271
[time 21.42 s, user 19.84 s, sys 1.49 s, maxrss 1507792 KB]
[busy 2196 jiffies]
[exit 0]
--- xcdat 15   load 0.95 1.12 1.08
build time: 7468.989453 ms
space cost: 133.023680 MiB (66.510765% of original size 200.003232 MiB)
avg latency: 580.241105 ns
7468.989453,133.023680,580.241105
[time 21.22 s, user 19.61 s, sys 1.52 s, maxrss 1503764 KB]
[busy 2176 jiffies]
[exit 0]
--- xcdat 8   load 1.04 1.13 1.08
build time: 7137.363172 ms
space cost: 108.349843 MiB (54.174046% of original size 200.003232 MiB)
avg latency: 674.611911 ns
7137.363172,108.349843,674.611911
[time 21.92 s, user 20.36 s, sys 1.46 s, maxrss 1451956 KB]
[busy 2251 jiffies]
[exit 0]
--- xcdat 7   load 1.03 1.12 1.08
build time: 7478.154157 ms
space cost: 112.423756 MiB (56.210969% of original size 200.003232 MiB)
avg latency: 736.481371 ns
7478.154157,112.423756,736.481371
[time 22.77 s, user 21.18 s, sys 1.50 s, maxrss 1456856 KB]
[busy 2338 jiffies]
[exit 0]
--- c2 case 8 rec 0   load 1.02 1.11 1.08
[TEST CART]
Processing dataset...
Done!
Building trie...
Done!
build time: 2597.100028 ms (259.710003 ns per key)
space cost: 157.938812 MB (78.968130% of original size 200.003232 MB)
Querying trie...
Done!
total time: 7326.205309 ms, avg latency: 732.620531 ns
not implemented
2597.100028,157.938812,732.620531
[PASSED]
[time 17.91 s, user 16.77 s, sys 1.06 s, maxrss 1617856 KB]
[busy 1844 jiffies]
[exit 0]
--- c2 case 7 rec 0   load 1.01 1.10 1.08
[TEST ART]
Processing dataset...
Done!
Building trie...
Done!
build time: 1966.853499 ms (196.685350 ns per key)
space cost: 339.123360 MB (169.558940% of original size 200.003232 MB)
Querying trie...
Done!
total time: 6510.157808 ms, avg latency: 651.015781 ns
not implemented
1966.853499,339.123360,651.015781
[PASSED]
[time 16.51 s, user 15.33 s, sys 1.11 s, maxrss 1739484 KB]
[busy 1701 jiffies]
[exit 0]
--- c2 case 6 rec 0   load 1.01 1.09 1.08
[TEST PDT]
Processing dataset...
Done!
Building trie...
dict size: 157532, stream size: 58361417
Done!
build time: 26746.034605 ms (2674.603460 ns per key)
space cost: 68.573545 MB (34.286219% of original size 200.003232 MB)
Querying trie...
Done!
total time: 10995.151476 ms, avg latency: 1099.515148 ns
not implemented
26746.034605,68.573545,1099.515148
[PASSED]
[time 45.67 s, user 44.04 s, sys 1.44 s, maxrss 1316880 KB]
[busy 4702 jiffies]
[exit 0]
--- c2 case 5 rec 2   load 1.00 1.08 1.07
[TEST MARISA]
Processing dataset...
Done!
Building trie...
Done!
build time: 7988.963271 ms (798.896327 ns per key)
space cost: 54.499722 MB (27.249420% of original size 200.003232 MB)
Querying trie...
Done!
total time: 15347.423522 ms, avg latency: 1534.742352 ns
not implemented
7988.963271,54.499722,1534.742352
[PASSED]
[time 31.17 s, user 29.62 s, sys 1.42 s, maxrss 1612328 KB]
[busy 3209 jiffies]
[exit 0]
--- c2 case 5 rec 1   load 0.92 1.05 1.06
[TEST MARISA]
Processing dataset...
Done!
Building trie...
Done!
build time: 7832.945496 ms (783.294550 ns per key)
space cost: 58.000221 MB (28.999642% of original size 200.003232 MB)
Querying trie...
Done!
total time: 14377.820803 ms, avg latency: 1437.782080 ns
not implemented
7832.945496,58.000221,1437.782080
[PASSED]
[time 30.05 s, user 28.41 s, sys 1.52 s, maxrss 1612148 KB]
[busy 3098 jiffies]
[exit 0]
--- c2 case 5 rec 0   load 0.95 1.05 1.06
[TEST MARISA]
Processing dataset...
Done!
Building trie...
Done!
build time: 6647.684451 ms (664.768445 ns per key)
space cost: 79.225293 MB (39.612006% of original size 200.003232 MB)
Querying trie...
Done!
total time: 10744.164962 ms, avg latency: 1074.416496 ns
not implemented
6647.684451,79.225293,1074.416496
[PASSED]
[time 25.23 s, user 23.66 s, sys 1.46 s, maxrss 1612268 KB]
[busy 2605 jiffies]
[exit 0]
--- c2 case 4 rec 0   skipped: exit 134 in round 1
--- c2 case 3 rec 0   load 1.05 1.06 1.06
[TEST FST]
Processing dataset...
Done!
Building trie...
Done!
build time: 9788.279034 ms (978.827903 ns per key)
space cost: 86.740355 MB (43.369476% of original size 200.003232 MB)
Querying trie...
Done!
total time: 14144.509208 ms, avg latency: 1414.450921 ns
not implemented
9788.279034,86.740355,1414.450921
[PASSED]
[time 31.86 s, user 30.72 s, sys 1.00 s, maxrss 1233840 KB]
[busy 3275 jiffies]
[exit 0]
--- c2 case 2 rec 2   load 0.95 1.04 1.05
[TEST C2-MARISA]
Processing dataset...
Done!
Building trie...
trie size: 23.317092 MB
trie size: 32.530715 MB
trie size: 4.028131 MB
Done!
build time: 13477.800951 ms (1347.780095 ns per key)
space cost: 64.832272 MB (32.415612% of original size 200.003232 MB)
Querying trie...
Done!
total time: 10278.811239 ms, avg latency: 1027.881124 ns
topology: 9.978737 MB, link: 28.205211 MB, data: 26.320199 MB
--- Unary Path Analysis (Marisa, cutoff=3) ---
  branches: 15080896  |  single-char: 4578086 (30.4%)  short-unary: 1137672 (7.5%)  links: 9365138 (62.1%)
  link len: avg=9.96  max=236  total_chars=93261704
  link length distribution (len:count):  3:947829  4:986562  5:965254  6:903368  7:803217  8:675232  9:535160  10:448828  11:393655  12:313562  13:273926  14:228549  15:306731  16:216481  17:200904  18:144129  19:127804  20:110710  21:100724  22:84358  23:73263  24:61276  25:54434  26:48000  27:45573  28:38180  29:33095  30:28718  31:25581  32:22213  33:19884  34:17374  35:15159  36:13408  37:12318  38:10537  39:8786  40:7764  41:6832  42:6052  43:5427  44:4522  45:3945  46:3695  47:3344  48:2764  49:2509  50:2081  51:1977  52:1721  53:1517  54:1388  55:1255  56:1097  57:1012  58:930  59:785  60:751  61:645  62:578  63:614  64:560  65:436  66:431  67:412  68:392  69:332  70:320  71:285  72:270  73:233  74:225  75:193  76:195  77:155  78:178  79:164  80:147  81:126  82:131  83:112  84:98  85:95  86:92  87:89  88:91  89:63  90:58  91:59  92:55  93:61  94:54  95:48  96:42  97:53  98:43  99:42  100:44  101:35  102:30  103:20  104:25  105:38  106:22  107:19  108:21  109:27  110:17  111:18  112:16  113:20  114:20  115:15  116:18  117:20  118:11  119:16  120:19  121:14  122:12  123:5  124:13  125:12  126:8  127:9  128:8  129:10  130:13  131:6  132:9  133:1  134:8  135:7  136:5  137:7  138:4  139:7  140:6  141:3  142:3  143:1  144:5  145:3  146:5  147:2  148:3  149:3  150:8  151:6  152:3  153:6  154:5  155:4  156:5  157:4  158:2  159:2  160:3  161:6  163:6  164:1  165:1  166:3  167:3  168:6  169:2  170:1  171:1  172:3  173:1  174:1  175:3  176:1  177:1  178:2  179:2  180:4  181:1  183:1  185:3  186:1  189:2  190:1  192:1  194:4  195:2  196:1  199:3  200:3  201:1  202:1  205:3  206:2  207:1  209:1  210:4  211:1  212:1  214:1  215:1  216:1  218:1  224:1  225:2  229:1  230:1  231:1  232:1  234:1  235:1  236:1
  short unary avg len: 2.00
13477.800951,64.832272,1027.881124
[PASSED]
[time 31.61 s, user 30.00 s, sys 1.47 s, maxrss 1496768 KB]
[busy 3254 jiffies]
[exit 0]
--- c2 case 2 rec 1   load 0.97 1.03 1.05
[TEST C2-MARISA]
Processing dataset...
Done!
Building trie...
trie size: 23.317092 MB
trie size: 32.530715 MB
Done!
build time: 12818.405449 ms (1281.840545 ns per key)
space cost: 64.832272 MB (32.415612% of original size 200.003232 MB)
Querying trie...
Done!
total time: 10310.266597 ms, avg latency: 1031.026660 ns
topology: 9.978737 MB, link: 28.205211 MB, data: 26.320199 MB
--- Unary Path Analysis (Marisa, cutoff=3) ---
  branches: 15080896  |  single-char: 4578086 (30.4%)  short-unary: 1137672 (7.5%)  links: 9365138 (62.1%)
  link len: avg=9.96  max=236  total_chars=93261704
  link length distribution (len:count):  3:947829  4:986562  5:965254  6:903368  7:803217  8:675232  9:535160  10:448828  11:393655  12:313562  13:273926  14:228549  15:306731  16:216481  17:200904  18:144129  19:127804  20:110710  21:100724  22:84358  23:73263  24:61276  25:54434  26:48000  27:45573  28:38180  29:33095  30:28718  31:25581  32:22213  33:19884  34:17374  35:15159  36:13408  37:12318  38:10537  39:8786  40:7764  41:6832  42:6052  43:5427  44:4522  45:3945  46:3695  47:3344  48:2764  49:2509  50:2081  51:1977  52:1721  53:1517  54:1388  55:1255  56:1097  57:1012  58:930  59:785  60:751  61:645  62:578  63:614  64:560  65:436  66:431  67:412  68:392  69:332  70:320  71:285  72:270  73:233  74:225  75:193  76:195  77:155  78:178  79:164  80:147  81:126  82:131  83:112  84:98  85:95  86:92  87:89  88:91  89:63  90:58  91:59  92:55  93:61  94:54  95:48  96:42  97:53  98:43  99:42  100:44  101:35  102:30  103:20  104:25  105:38  106:22  107:19  108:21  109:27  110:17  111:18  112:16  113:20  114:20  115:15  116:18  117:20  118:11  119:16  120:19  121:14  122:12  123:5  124:13  125:12  126:8  127:9  128:8  129:10  130:13  131:6  132:9  133:1  134:8  135:7  136:5  137:7  138:4  139:7  140:6  141:3  142:3  143:1  144:5  145:3  146:5  147:2  148:3  149:3  150:8  151:6  152:3  153:6  154:5  155:4  156:5  157:4  158:2  159:2  160:3  161:6  163:6  164:1  165:1  166:3  167:3  168:6  169:2  170:1  171:1  172:3  173:1  174:1  175:3  176:1  177:1  178:2  179:2  180:4  181:1  183:1  185:3  186:1  189:2  190:1  192:1  194:4  195:2  196:1  199:3  200:3  201:1  202:1  205:3  206:2  207:1  209:1  210:4  211:1  212:1  214:1  215:1  216:1  218:1  224:1  225:2  229:1  230:1  231:1  232:1  234:1  235:1  236:1
  short unary avg len: 2.00
12818.405449,64.832272,1031.026660
[PASSED]
[time 31.12 s, user 29.47 s, sys 1.51 s, maxrss 1466588 KB]
[busy 3205 jiffies]
[exit 0]
--- c2 case 2 rec 0   load 0.90 1.01 1.04
[TEST C2-MARISA]
Processing dataset...
Done!
Building trie...
trie size: 23.317092 MB
Done!
build time: 10528.752227 ms (1052.875223 ns per key)
space cost: 78.192151 MB (39.095444% of original size 200.003232 MB)
Querying trie...
Done!
total time: 8034.634578 ms, avg latency: 803.463458 ns
topology: 7.694263 MB, link: 27.912508 MB, data: 42.257255 MB
--- Unary Path Analysis (Marisa, cutoff=3) ---
  branches: 15080896  |  single-char: 4578086 (30.4%)  short-unary: 1137672 (7.5%)  links: 9365138 (62.1%)
  link len: avg=9.96  max=236  total_chars=93261704
  link length distribution (len:count):  3:947829  4:986562  5:965254  6:903368  7:803217  8:675232  9:535160  10:448828  11:393655  12:313562  13:273926  14:228549  15:306731  16:216481  17:200904  18:144129  19:127804  20:110710  21:100724  22:84358  23:73263  24:61276  25:54434  26:48000  27:45573  28:38180  29:33095  30:28718  31:25581  32:22213  33:19884  34:17374  35:15159  36:13408  37:12318  38:10537  39:8786  40:7764  41:6832  42:6052  43:5427  44:4522  45:3945  46:3695  47:3344  48:2764  49:2509  50:2081  51:1977  52:1721  53:1517  54:1388  55:1255  56:1097  57:1012  58:930  59:785  60:751  61:645  62:578  63:614  64:560  65:436  66:431  67:412  68:392  69:332  70:320  71:285  72:270  73:233  74:225  75:193  76:195  77:155  78:178  79:164  80:147  81:126  82:131  83:112  84:98  85:95  86:92  87:89  88:91  89:63  90:58  91:59  92:55  93:61  94:54  95:48  96:42  97:53  98:43  99:42  100:44  101:35  102:30  103:20  104:25  105:38  106:22  107:19  108:21  109:27  110:17  111:18  112:16  113:20  114:20  115:15  116:18  117:20  118:11  119:16  120:19  121:14  122:12  123:5  124:13  125:12  126:8  127:9  128:8  129:10  130:13  131:6  132:9  133:1  134:8  135:7  136:5  137:7  138:4  139:7  140:6  141:3  142:3  143:1  144:5  145:3  146:5  147:2  148:3  149:3  150:8  151:6  152:3  153:6  154:5  155:4  156:5  157:4  158:2  159:2  160:3  161:6  163:6  164:1  165:1  166:3  167:3  168:6  169:2  170:1  171:1  172:3  173:1  174:1  175:3  176:1  177:1  178:2  179:2  180:4  181:1  183:1  185:3  186:1  189:2  190:1  192:1  194:4  195:2  196:1  199:3  200:3  201:1  202:1  205:3  206:2  207:1  209:1  210:4  211:1  212:1  214:1  215:1  216:1  218:1  224:1  225:2  229:1  230:1  231:1  232:1  234:1  235:1  236:1
  short unary avg len: 2.00
10528.752227,78.192151,803.463458
[PASSED]
[time 26.48 s, user 24.78 s, sys 1.59 s, maxrss 1608688 KB]
[busy 2724 jiffies]
[exit 0]
--- c2 case 1 rec 2   load 0.94 1.01 1.04
[TEST C2-CoCo(LOUDS-Sparse)]
Processing dataset...
Done!
Building trie...
trie size: 22.733012 MB
trie size: 3.280537 MB
Done!
build time: 27282.769124 ms (2728.276912 ns per key)
space cost: 87.170093 MB (43.584342% of original size 200.003232 MB)
Querying trie...
Done!
total time: 17129.886900 ms, avg latency: 1712.988690 ns
topology: 6.218388 MB, link: 32.751384 MB, data: 48.200322 MB
27282.769124,87.170093,1712.988690
[PASSED]
[time 52.25 s, user 49.82 s, sys 2.22 s, maxrss 3090080 KB]
[busy 5367 jiffies]
[exit 0]
--- c2 case 1 rec 1   load 0.97 1.00 1.03
[TEST C2-CoCo(LOUDS-Sparse)]
Processing dataset...
Done!
Building trie...
trie size: 22.733012 MB
Done!
build time: 26768.949742 ms (2676.894974 ns per key)
space cost: 87.170093 MB (43.584342% of original size 200.003232 MB)
Querying trie...
Done!
total time: 16766.112138 ms, avg latency: 1676.611214 ns
topology: 6.218388 MB, link: 32.751384 MB, data: 48.200322 MB
26768.949742,87.170093,1676.611214
[PASSED]
[time 51.43 s, user 49.00 s, sys 2.22 s, maxrss 3066480 KB]
[busy 5288 jiffies]
[exit 0]
--- c2 case 1 rec 0   load 0.99 1.00 1.03
[TEST C2-CoCo(LOUDS-Sparse)]
Processing dataset...
Done!
Building trie...
Done!
build time: 24923.930232 ms (2492.393023 ns per key)
space cost: 98.257762 MB (49.128087% of original size 200.003232 MB)
Querying trie...
Done!
total time: 14614.435937 ms, avg latency: 1461.443594 ns
topology: 4.410110 MB, link: 33.095964 MB, data: 60.751687 MB
24923.930232,98.257762,1461.443594
[PASSED]
[time 47.46 s, user 44.99 s, sys 2.28 s, maxrss 3193584 KB]
[busy 4858 jiffies]
[exit 0]
--- c2 case 0 rec 2   load 1.00 1.00 1.02
[TEST C2-FST]
Processing dataset...
Done!
Building trie...
trie size: 22.733012 MB
trie size: 3.280537 MB
Done!
build time: 12985.298584 ms (1298.529858 ns per key)
space cost: 75.770544 MB (37.884660% of original size 200.003232 MB)
Querying trie...
Done!
total time: 14424.670113 ms, avg latency: 1442.467011 ns
topology: 13.082478 MB, link: 20.816256 MB, data: 41.871811 MB
--- Unary Path Analysis (FST, cutoff=4) ---
  shared unary steps in main trie: 9042618
  terminal suffixes: inplace=1798982 (avg len=2.14)  links=6599643 (78.6% of terminal)
  link len: avg=9.93  max=234  total_chars=65543603
  link length distribution (len:count):  4:783104  5:760158  6:695828  7:589022  8:475587  9:402890  10:359960  11:287809  12:252754  13:211229  14:291790  15:204192  16:188465  17:134915  18:119234  19:103940  20:94864  21:79457  22:68801  23:57526  24:51335  25:45253  26:43170  27:36068  28:31115  29:26944  30:23808  31:20749  32:18599  33:16316  34:14256  35:12616  36:11654  37:10097  38:8350  39:7410  40:6438  41:5768  42:5227  43:4358  44:3828  45:3564  46:3239  47:2673  48:2418  49:2015  50:1930  51:1676  52:1473  53:1343  54:1226  55:1070  56:979  57:898  58:769  59:736  60:626  61:563  62:597  63:542  64:428  65:419  66:401  67:383  68:320  69:311  70:276  71:263  72:227  73:216  74:189  75:189  76:152  77:176  78:161  79:141  80:122  81:127  82:110  83:97  84:90  85:90  86:88  87:88  88:62  89:58  90:57  91:55  92:60  93:54  94:47  95:39  96:52  97:43  98:41  99:43  100:34  101:29  102:20  103:25  104:38  105:22  106:19  107:21  108:27  109:17  110:17  111:15  112:20  113:20  114:14  115:18  116:19  117:10  118:15  119:19  120:13  121:11  122:5  123:13  124:11  125:8  126:8  127:8  128:10  129:12  130:6  131:9  132:1  133:8  134:7  135:4  136:6  137:4  138:7  139:6  140:3  141:3  142:1  143:5  144:3  145:5  146:2  147:3  148:3  149:8  150:6  151:3  152:5  153:5  154:4  155:5  156:4  157:2  158:2  159:3  160:6  162:6  163:1  164:1  165:3  166:3  167:6  168:2  169:1  170:1  171:3  172:1  173:1  174:3  175:1  176:1  177:2  178:2  179:4  180:1  182:1  184:2  185:1  188:2  189:1  191:1  193:4  194:1  195:1  198:3  199:2  200:1  201:1  204:3  205:2  206:1  208:1  209:4  210:1  211:1  213:1  214:1  215:1  217:1  223:1  224:2  228:1  229:1  230:1  231:1  233:1  235:1
12985.298584,75.770544,1442.467011
[PASSED]
[time 35.32 s, user 33.79 s, sys 1.38 s, maxrss 1364348 KB]
[busy 3648 jiffies]
[exit 0]
--- c2 case 0 rec 1   load 1.00 1.00 1.02
[TEST C2-FST]
Processing dataset...
Done!
Building trie...
trie size: 22.733012 MB
Done!
build time: 12471.993979 ms (1247.199398 ns per key)
space cost: 75.770544 MB (37.884660% of original size 200.003232 MB)
Querying trie...
Done!
total time: 14418.774012 ms, avg latency: 1441.877401 ns
topology: 13.082478 MB, link: 20.816256 MB, data: 41.871811 MB
--- Unary Path Analysis (FST, cutoff=4) ---
  shared unary steps in main trie: 9042618
  terminal suffixes: inplace=1798982 (avg len=2.14)  links=6599643 (78.6% of terminal)
  link len: avg=9.93  max=234  total_chars=65543603
  link length distribution (len:count):  4:783104  5:760158  6:695828  7:589022  8:475587  9:402890  10:359960  11:287809  12:252754  13:211229  14:291790  15:204192  16:188465  17:134915  18:119234  19:103940  20:94864  21:79457  22:68801  23:57526  24:51335  25:45253  26:43170  27:36068  28:31115  29:26944  30:23808  31:20749  32:18599  33:16316  34:14256  35:12616  36:11654  37:10097  38:8350  39:7410  40:6438  41:5768  42:5227  43:4358  44:3828  45:3564  46:3239  47:2673  48:2418  49:2015  50:1930  51:1676  52:1473  53:1343  54:1226  55:1070  56:979  57:898  58:769  59:736  60:626  61:563  62:597  63:542  64:428  65:419  66:401  67:383  68:320  69:311  70:276  71:263  72:227  73:216  74:189  75:189  76:152  77:176  78:161  79:141  80:122  81:127  82:110  83:97  84:90  85:90  86:88  87:88  88:62  89:58  90:57  91:55  92:60  93:54  94:47  95:39  96:52  97:43  98:41  99:43  100:34  101:29  102:20  103:25  104:38  105:22  106:19  107:21  108:27  109:17  110:17  111:15  112:20  113:20  114:14  115:18  116:19  117:10  118:15  119:19  120:13  121:11  122:5  123:13  124:11  125:8  126:8  127:8  128:10  129:12  130:6  131:9  132:1  133:8  134:7  135:4  136:6  137:4  138:7  139:6  140:3  141:3  142:1  143:5  144:3  145:5  146:2  147:3  148:3  149:8  150:6  151:3  152:5  153:5  154:4  155:5  156:4  157:2  158:2  159:3  160:6  162:6  163:1  164:1  165:3  166:3  167:6  168:2  169:1  170:1  171:3  172:1  173:1  174:3  175:1  176:1  177:2  178:2  179:4  180:1  182:1  184:2  185:1  188:2  189:1  191:1  193:4  194:1  195:1  198:3  199:2  200:1  201:1  204:3  205:2  206:1  208:1  209:4  210:1  211:1  213:1  214:1  215:1  217:1  223:1  224:2  228:1  229:1  230:1  231:1  233:1  235:1
12471.993979,75.770544,1441.877401
[PASSED]
[time 34.84 s, user 33.29 s, sys 1.40 s, maxrss 1339132 KB]
[busy 3592 jiffies]
[exit 0]
--- c2 case 0 rec 0   load 1.00 1.00 1.02
[TEST C2-FST]
Processing dataset...
Done!
Building trie...
Done!
build time: 10695.149261 ms (1069.514926 ns per key)
space cost: 86.858212 MB (43.428404% of original size 200.003232 MB)
Querying trie...
Done!
total time: 11840.012984 ms, avg latency: 1184.001298 ns
topology: 11.274200 MB, link: 21.160836 MB, data: 54.423176 MB
--- Unary Path Analysis (FST, cutoff=4) ---
  shared unary steps in main trie: 9042618
  terminal suffixes: inplace=1798982 (avg len=2.14)  links=6599643 (78.6% of terminal)
  link len: avg=9.93  max=234  total_chars=65543603
  link length distribution (len:count):  4:783104  5:760158  6:695828  7:589022  8:475587  9:402890  10:359960  11:287809  12:252754  13:211229  14:291790  15:204192  16:188465  17:134915  18:119234  19:103940  20:94864  21:79457  22:68801  23:57526  24:51335  25:45253  26:43170  27:36068  28:31115  29:26944  30:23808  31:20749  32:18599  33:16316  34:14256  35:12616  36:11654  37:10097  38:8350  39:7410  40:6438  41:5768  42:5227  43:4358  44:3828  45:3564  46:3239  47:2673  48:2418  49:2015  50:1930  51:1676  52:1473  53:1343  54:1226  55:1070  56:979  57:898  58:769  59:736  60:626  61:563  62:597  63:542  64:428  65:419  66:401  67:383  68:320  69:311  70:276  71:263  72:227  73:216  74:189  75:189  76:152  77:176  78:161  79:141  80:122  81:127  82:110  83:97  84:90  85:90  86:88  87:88  88:62  89:58  90:57  91:55  92:60  93:54  94:47  95:39  96:52  97:43  98:41  99:43  100:34  101:29  102:20  103:25  104:38  105:22  106:19  107:21  108:27  109:17  110:17  111:15  112:20  113:20  114:14  115:18  116:19  117:10  118:15  119:19  120:13  121:11  122:5  123:13  124:11  125:8  126:8  127:8  128:10  129:12  130:6  131:9  132:1  133:8  134:7  135:4  136:6  137:4  138:7  139:6  140:3  141:3  142:1  143:5  144:3  145:5  146:2  147:3  148:3  149:8  150:6  151:3  152:5  153:5  154:4  155:5  156:4  157:2  158:2  159:3  160:6  162:6  163:1  164:1  165:3  166:3  167:6  168:2  169:1  170:1  171:3  172:1  173:1  174:3  175:1  176:1  177:2  178:2  179:4  180:1  182:1  184:2  185:1  188:2  189:1  191:1  193:4  194:1  195:1  198:3  199:2  200:1  201:1  204:3  205:2  206:1  208:1  209:4  210:1  211:1  213:1  214:1  215:1  217:1  223:1  224:2  228:1  229:1  230:1  231:1  233:1  235:1
10695.149261,86.858212,1184.001298
[PASSED]
[time 30.42 s, user 28.86 s, sys 1.43 s, maxrss 1462596 KB]
[busy 3136 jiffies]
[exit 0]
--- lexindex da   skipped: exit 3 in round 1
--- lexindex hashed16   load 0.98 1.00 1.02
10000000 keys
lexindex HashedDictIndex fp=16: build 3073 ms, size 103.856 MiB (10.890 B/key), latency cold 77.0 ns, then mean 76.1 / min 75.7 ns
3072.688,103.856079,77.030
[time 12.54 s, user 29.33 s, sys 1.63 s, maxrss 1752720 KB]
[busy 3157 jiffies]
[exit 0]
--- lexindex hashed8   load 2.02 1.23 1.09
10000000 keys
lexindex HashedDictIndex fp=8: build 3048 ms, size 94.319 MiB (9.890 B/key), latency cold 75.2 ns, then mean 74.6 / min 74.1 ns
3048.144,94.319336,75.217
[time 12.44 s, user 29.04 s, sys 1.60 s, maxrss 1743484 KB]
[busy 3120 jiffies]
[exit 0]
--- lexindex hashed0   load 1.79 1.22 1.09
10000000 keys
lexindex HashedDictIndex closed: build 3093 ms, size 84.783 MiB (8.890 B/key), latency cold 67.4 ns, then mean 67.2 / min 67.0 ns
3093.047,84.782593,67.400
[time 12.19 s, user 28.97 s, sys 1.66 s, maxrss 1736372 KB]
[busy 3129 jiffies]
[exit 0]
--- lexindex string   load 1.53 1.19 1.08
10000000 keys
lexindex StringIndex: build 8162 ms, size 126.354 MiB (13.249 B/key), latency cold 696.0 ns, then mean 695.0 / min 694.0 ns
8161.545,126.354340,695.984
[time 42.27 s, user 41.30 s, sys 0.80 s, maxrss 1572172 KB]
[busy 4327 jiffies]
[exit 0]
--- lexindex routed1024   load 1.27 1.16 1.08
10000000 keys
lexindex DictIndex block 1024 routed: build 1958 ms, size 54.623 MiB (5.728 B/key), latency cold 572.2 ns, then mean 572.2 / min 572.1 ns
1957.668,54.622946,572.187
[time 31.22 s, user 46.74 s, sys 1.52 s, maxrss 1695536 KB]
[busy 4937 jiffies]
[exit 0]
--- lexindex routed256   load 1.15 1.14 1.07
10000000 keys
lexindex DictIndex block 256 routed: build 1992 ms, size 58.660 MiB (6.151 B/key), latency cold 547.0 ns, then mean 547.3 / min 546.3 ns
1991.753,58.659641,546.980
[time 30.31 s, user 46.33 s, sys 1.49 s, maxrss 1707180 KB]
[busy 4901 jiffies]
[exit 0]
--- lexindex routed32   load 1.88 1.36 1.15
10000000 keys
lexindex DictIndex block 32 routed: build 1955 ms, size 63.164 MiB (6.623 B/key), latency cold 636.3 ns, then mean 634.7 / min 634.4 ns
1955.489,63.163577,636.285
[time 33.73 s, user 49.18 s, sys 1.48 s, maxrss 1714164 KB]
[busy 5202 jiffies]
[exit 0]
--- lexindex dict1024   load 1.56 1.33 1.15
10000000 keys
lexindex DictIndex block 1024: build 1936 ms, size 52.239 MiB (5.478 B/key), latency cold 688.2 ns, then mean 687.9 / min 687.4 ns
1936.453,52.238668,688.210
[time 35.98 s, user 51.57 s, sys 1.43 s, maxrss 1694356 KB]
[busy 5428 jiffies]
[exit 0]
--- lexindex dict256   load 1.31 1.29 1.14
10000000 keys
lexindex DictIndex block 256: build 1985 ms, size 53.891 MiB (5.651 B/key), latency cold 649.4 ns, then mean 647.4 / min 646.2 ns
1984.881,53.891209,649.415
[time 34.30 s, user 50.37 s, sys 1.46 s, maxrss 1699900 KB]
[busy 5305 jiffies]
[exit 0]
--- lexindex dict32   load 1.17 1.26 1.14
10000000 keys
lexindex DictIndex block 32: build 1930 ms, size 58.395 MiB (6.123 B/key), latency cold 675.2 ns, then mean 673.2 / min 672.0 ns
1930.322,58.395205,675.178
[time 35.28 s, user 50.85 s, sys 1.44 s, maxrss 1711672 KB]
[busy 5355 jiffies]
[exit 0]

##### opaque-10000000 (10000000 lines, 170000000 bytes)   round 2/3   2026-09-26T07:00:56+03:00
--- xcdat 16   load 1.01 1.21 1.12
build time: 10489.914514 ms
space cost: 209.774417 MiB (137.477762% of original size 152.587891 MiB)
avg latency: 359.384212 ns
10489.914514,209.774417,359.384212
[time 23.29 s, user 21.47 s, sys 1.72 s, maxrss 1681868 KB]
[busy 2404 jiffies]
[exit 0]
--- xcdat 15   load 0.92 1.18 1.11
build time: 10680.140670 ms
space cost: 206.548369 MiB (135.363539% of original size 152.587891 MiB)
avg latency: 330.167283 ns
10680.140670,206.548369,330.167283
[time 23.17 s, user 21.40 s, sys 1.67 s, maxrss 1675688 KB]
[busy 2385 jiffies]
[exit 0]
--- xcdat 8   load 0.95 1.16 1.11
build time: 10478.505379 ms
space cost: 194.729631 MiB (127.618011% of original size 152.587891 MiB)
avg latency: 403.493882 ns
10478.505379,194.729631,403.493882
[time 23.78 s, user 22.05 s, sys 1.63 s, maxrss 1659004 KB]
[busy 2446 jiffies]
[exit 0]
--- xcdat 7   load 0.97 1.15 1.10
build time: 10278.571676 ms
space cost: 200.245496 MiB (131.232888% of original size 152.587891 MiB)
avg latency: 393.732273 ns
10278.571676,200.245496,393.732273
[time 23.44 s, user 21.67 s, sys 1.67 s, maxrss 1677752 KB]
[busy 2414 jiffies]
[exit 0]
--- c2 case 8 rec 0   load 0.98 1.14 1.10
[TEST CART]
Processing dataset...
Done!
Building trie...
Done!
build time: 1962.751254 ms (196.275125 ns per key)
space cost: 110.237770 MB (72.245425% of original size 152.587891 MB)
Querying trie...
Done!
total time: 3510.688378 ms, avg latency: 351.068838 ns
not implemented
1962.751254,110.237770,351.068838
[PASSED]
[time 14.60 s, user 13.51 s, sys 1.02 s, maxrss 1556852 KB]
[busy 1501 jiffies]
[exit 0]
--- c2 case 7 rec 0   load 0.98 1.13 1.10
[TEST ART]
Processing dataset...
Done!
Building trie...
Done!
build time: 1574.205991 ms (157.420599 ns per key)
space cost: 281.783142 MB (184.669400% of original size 152.587891 MB)
Querying trie...
Done!
total time: 2555.637473 ms, avg latency: 255.563747 ns
not implemented
1574.205991,281.783142,255.563747
[PASSED]
[time 13.36 s, user 12.19 s, sys 1.12 s, maxrss 1719192 KB]
[busy 1374 jiffies]
[exit 0]
--- c2 case 6 rec 0   load 0.99 1.12 1.09
[TEST PDT]
Processing dataset...
Done!
Building trie...
dict size: 177886, stream size: 123770486
Done!
build time: 115626.552601 ms (11562.655260 ns per key)
space cost: 130.971906 MB (85.833748% of original size 152.587891 MB)
Querying trie...
Done!
total time: 9265.058281 ms, avg latency: 926.505828 ns
not implemented
115626.552601,130.971906,926.505828
[PASSED]
[time 134.02 s, user 131.63 s, sys 1.89 s, maxrss 2154020 KB]
[busy 13753 jiffies]
[exit 0]
--- c2 case 5 rec 2   load 1.09 1.10 1.09
[TEST MARISA]
Processing dataset...
Done!
Building trie...
Done!
build time: 12749.174873 ms (1274.917487 ns per key)
space cost: 174.781183 MB (114.544596% of original size 152.587891 MB)
Querying trie...
Done!
total time: 30943.167837 ms, avg latency: 3094.316784 ns
not implemented
12749.174873,174.781183,3094.316784
[PASSED]
[time 52.77 s, user 50.51 s, sys 2.05 s, maxrss 1801776 KB]
[busy 5415 jiffies]
[exit 0]
--- c2 case 5 rec 1   load 1.11 1.10 1.09
[TEST MARISA]
Processing dataset...
Done!
Building trie...
Done!
build time: 9603.701874 ms (960.370187 ns per key)
space cost: 174.772559 MB (114.538944% of original size 152.587891 MB)
Querying trie...
Done!
total time: 19228.925181 ms, avg latency: 1922.892518 ns
not implemented
9603.701874,174.772559,1922.892518
[PASSED]
[time 37.87 s, user 35.85 s, sys 1.86 s, maxrss 1745768 KB]
[busy 3893 jiffies]
[exit 0]
--- c2 case 5 rec 0   load 1.11 1.10 1.09
[TEST MARISA]
Processing dataset...
Done!
Building trie...
Done!
build time: 6186.712670 ms (618.671267 ns per key)
space cost: 172.390432 MB (112.977794% of original size 152.587891 MB)
Querying trie...
Done!
total time: 9172.631377 ms, avg latency: 917.263138 ns
not implemented
6186.712670,172.390432,917.263138
[PASSED]
[time 24.36 s, user 22.70 s, sys 1.56 s, maxrss 1756232 KB]
[busy 2515 jiffies]
[exit 0]
--- c2 case 4 rec 0   skipped: exit 134 in round 1
--- c2 case 3 rec 0   load 1.07 1.09 1.09
[TEST FST]
Processing dataset...
Done!
Building trie...
Done!
build time: 8720.164522 ms (872.016452 ns per key)
space cost: 166.730864 MB (109.268739% of original size 152.587891 MB)
Querying trie...
Done!
total time: 5423.632030 ms, avg latency: 542.363203 ns
not implemented
8720.164522,166.730864,542.363203
[PASSED]
[time 23.29 s, user 22.03 s, sys 1.16 s, maxrss 1425064 KB]
[busy 2393 jiffies]
[exit 0]
--- c2 case 2 rec 2   load 1.04 1.08 1.08
[TEST C2-MARISA]
Processing dataset...
Done!
Building trie...
trie size: 18.021462 MB
trie size: 46.255407 MB
Done!
build time: 22281.858284 ms (2228.185828 ns per key)
space cost: 165.523580 MB (108.477533% of original size 152.587891 MB)
Querying trie...
Done!
total time: 5679.331003 ms, avg latency: 567.933100 ns
topology: 5.929127 MB, link: 32.190027 MB, data: 127.076301 MB
--- Unary Path Analysis (Marisa, cutoff=3) ---
  branches: 12335636  |  single-char: 2309593 (18.7%)  short-unary: 25639 (0.2%)  links: 10000404 (81.1%)
  link len: avg=12.54  max=13  total_chars=125417760
  link length distribution (len:count):  3:398  4:6  9:18  10:1442  11:92299  12:4394462  13:5511779
  short unary avg len: 2.00
22281.858284,165.523580,567.933100
[PASSED]
[time 37.06 s, user 34.53 s, sys 2.37 s, maxrss 2779064 KB]
[busy 3814 jiffies]
[exit 0]
--- c2 case 2 rec 1   load 1.02 1.07 1.08
[TEST C2-MARISA]
Processing dataset...
Done!
Building trie...
trie size: 18.021462 MB
trie size: 46.255407 MB
Done!
build time: 22254.681500 ms (2225.468150 ns per key)
space cost: 165.523580 MB (108.477533% of original size 152.587891 MB)
Querying trie...
Done!
total time: 5678.259690 ms, avg latency: 567.825969 ns
topology: 5.929127 MB, link: 32.190027 MB, data: 127.076301 MB
--- Unary Path Analysis (Marisa, cutoff=3) ---
  branches: 12335636  |  single-char: 2309593 (18.7%)  short-unary: 25639 (0.2%)  links: 10000404 (81.1%)
  link len: avg=12.54  max=13  total_chars=125417760
  link length distribution (len:count):  3:398  4:6  9:18  10:1442  11:92299  12:4394462  13:5511779
  short unary avg len: 2.00
22254.681500,165.523580,567.825969
[PASSED]
[time 37.09 s, user 34.67 s, sys 2.27 s, maxrss 2778832 KB]
[busy 3809 jiffies]
[exit 0]
--- c2 case 2 rec 0   load 1.09 1.08 1.08
[TEST C2-MARISA]
Processing dataset...
Done!
Building trie...
trie size: 18.021462 MB
Done!
build time: 11359.020170 ms (1135.902017 ns per key)
space cost: 165.523580 MB (108.477533% of original size 152.587891 MB)
Querying trie...
Done!
total time: 5629.168212 ms, avg latency: 562.916821 ns
topology: 5.929127 MB, link: 32.190027 MB, data: 127.076301 MB
--- Unary Path Analysis (Marisa, cutoff=3) ---
  branches: 12335636  |  single-char: 2309593 (18.7%)  short-unary: 25639 (0.2%)  links: 10000404 (81.1%)
  link len: avg=12.54  max=13  total_chars=125417760
  link length distribution (len:count):  3:398  4:6  9:18  10:1442  11:92299  12:4394462  13:5511779
  short unary avg len: 2.00
11359.020170,165.523580,562.916821
[PASSED]
[time 26.16 s, user 24.15 s, sys 1.90 s, maxrss 2276328 KB]
[busy 2693 jiffies]
[exit 0]
--- c2 case 1 rec 2   load 1.06 1.07 1.08
[TEST C2-CoCo(LOUDS-Sparse)]
Processing dataset...
Done!
Building trie...
trie size: 46.253762 MB
Done!
build time: 26452.700524 ms (2645.270052 ns per key)
space cost: 161.439246 MB (105.800824% of original size 152.587891 MB)
Querying trie...
Done!
total time: 7025.970791 ms, avg latency: 702.597079 ns
topology: 3.310211 MB, link: 34.003298 MB, data: 124.125737 MB
26452.700524,161.439246,702.597079
[PASSED]
[time 42.55 s, user 39.51 s, sys 2.86 s, maxrss 3790992 KB]
[busy 4367 jiffies]
[exit 0]
--- c2 case 1 rec 1   load 1.03 1.06 1.08
[TEST C2-CoCo(LOUDS-Sparse)]
Processing dataset...
Done!
Building trie...
trie size: 46.253762 MB
Done!
build time: 26488.596797 ms (2648.859680 ns per key)
space cost: 161.439246 MB (105.800824% of original size 152.587891 MB)
Querying trie...
Done!
total time: 7064.787655 ms, avg latency: 706.478766 ns
topology: 3.310211 MB, link: 34.003298 MB, data: 124.125737 MB
26488.596797,161.439246,706.478766
[PASSED]
[time 42.60 s, user 39.62 s, sys 2.80 s, maxrss 3790996 KB]
[busy 4377 jiffies]
[exit 0]
--- c2 case 1 rec 0   load 1.01 1.05 1.07
[TEST C2-CoCo(LOUDS-Sparse)]
Processing dataset...
Done!
Building trie...
Done!
build time: 15340.463819 ms (1534.046382 ns per key)
space cost: 161.439246 MB (105.800824% of original size 152.587891 MB)
Querying trie...
Done!
total time: 6950.306036 ms, avg latency: 695.030604 ns
topology: 3.310211 MB, link: 34.003298 MB, data: 124.125737 MB
15340.463819,161.439246,695.030604
[PASSED]
[time 31.35 s, user 28.76 s, sys 2.45 s, maxrss 3322004 KB]
[busy 3213 jiffies]
[exit 0]
--- c2 case 0 rec 2   load 1.01 1.04 1.07
[TEST C2-FST]
Processing dataset...
Done!
Building trie...
trie size: 46.253762 MB
Done!
build time: 23739.911554 ms (2373.991155 ns per key)
space cost: 168.524103 MB (110.443956% of original size 152.587891 MB)
Querying trie...
Done!
total time: 6796.235110 ms, avg latency: 679.623511 ns
topology: 7.322502 MB, link: 33.678872 MB, data: 127.522729 MB
--- Unary Path Analysis (FST, cutoff=4) ---
  shared unary steps in main trie: 26453
  terminal suffixes: inplace=0 (avg len=0.00)  links=10000000 (100.0% of terminal)
  link len: avg=10.54  max=11  total_chars=105416542
  link length distribution (len:count):  8:18  9:1442  10:92299  11:4394462  12:5511779
23739.911554,168.524103,679.623511
[PASSED]
[time 39.71 s, user 37.28 s, sys 2.26 s, maxrss 2822996 KB]
[busy 4084 jiffies]
[exit 0]
--- c2 case 0 rec 1   load 1.00 1.04 1.07
[TEST C2-FST]
Processing dataset...
Done!
Building trie...
trie size: 46.253762 MB
Done!
build time: 23736.361993 ms (2373.636199 ns per key)
space cost: 168.524103 MB (110.443956% of original size 152.587891 MB)
Querying trie...
Done!
total time: 6943.941542 ms, avg latency: 694.394154 ns
topology: 7.322502 MB, link: 33.678872 MB, data: 127.522729 MB
--- Unary Path Analysis (FST, cutoff=4) ---
  shared unary steps in main trie: 26453
  terminal suffixes: inplace=0 (avg len=0.00)  links=10000000 (100.0% of terminal)
  link len: avg=10.54  max=11  total_chars=105416542
  link length distribution (len:count):  8:18  9:1442  10:92299  11:4394462  12:5511779
23736.361993,168.524103,694.394154
[PASSED]
[time 39.81 s, user 37.37 s, sys 2.27 s, maxrss 2822556 KB]
[busy 4096 jiffies]
[exit 0]
--- c2 case 0 rec 0   load 0.92 1.01 1.06
[TEST C2-FST]
Processing dataset...
Done!
Building trie...
Done!
build time: 12622.181495 ms (1262.218149 ns per key)
space cost: 168.524103 MB (110.443956% of original size 152.587891 MB)
Querying trie...
Done!
total time: 6735.789044 ms, avg latency: 673.578904 ns
topology: 7.322502 MB, link: 33.678872 MB, data: 127.522729 MB
--- Unary Path Analysis (FST, cutoff=4) ---
  shared unary steps in main trie: 26453
  terminal suffixes: inplace=0 (avg len=0.00)  links=10000000 (100.0% of terminal)
  link len: avg=10.54  max=11  total_chars=105416542
  link length distribution (len:count):  8:18  9:1442  10:92299  11:4394462  12:5511779
12622.181495,168.524103,673.578904
[PASSED]
[time 28.66 s, user 26.63 s, sys 1.90 s, maxrss 2353592 KB]
[busy 2950 jiffies]
[exit 0]
--- lexindex da   skipped: exit 3 in round 1
--- lexindex hashed16   load 0.87 0.99 1.05
10000000 keys
lexindex HashedDictIndex fp=16: build 1855 ms, size 145.775 MiB (15.286 B/key), latency cold 79.2 ns, then mean 78.5 / min 77.8 ns
1854.702,145.774851,79.229
[time 10.78 s, user 18.48 s, sys 2.18 s, maxrss 1475280 KB]
[busy 2113 jiffies]
[exit 0]
--- lexindex hashed8   load 0.89 0.99 1.05
10000000 keys
lexindex HashedDictIndex fp=8: build 1840 ms, size 136.238 MiB (14.286 B/key), latency cold 77.8 ns, then mean 77.7 / min 77.1 ns
1840.341,136.238108,77.837
[time 10.71 s, user 18.43 s, sys 2.18 s, maxrss 1468524 KB]
[busy 2116 jiffies]
[exit 0]
--- lexindex hashed0   load 0.91 0.99 1.05
10000000 keys
lexindex HashedDictIndex closed: build 1864 ms, size 126.701 MiB (13.286 B/key), latency cold 71.9 ns, then mean 72.2 / min 71.8 ns
1863.632,126.701365,71.891
[time 10.48 s, user 18.27 s, sys 2.10 s, maxrss 1454872 KB]
[busy 2080 jiffies]
[exit 0]
--- lexindex string   load 0.85 0.98 1.04
10000000 keys
lexindex StringIndex: build 10915 ms, size 204.743 MiB (21.469 B/key), latency cold 478.8 ns, then mean 477.7 / min 477.2 ns
10915.217,204.742606,478.759
[time 35.68 s, user 34.73 s, sys 0.81 s, maxrss 1502316 KB]
[busy 3665 jiffies]
[exit 0]
--- lexindex routed1024   load 0.92 0.98 1.04
10000000 keys
lexindex DictIndex block 1024 routed: build 881 ms, size 97.308 MiB (10.203 B/key), latency cold 447.5 ns, then mean 447.7 / min 447.2 ns
881.460,97.307977,447.537
[time 24.47 s, user 31.45 s, sys 2.00 s, maxrss 1407908 KB]
[busy 3436 jiffies]
[exit 0]
--- lexindex routed256   load 0.95 0.98 1.03
10000000 keys
lexindex DictIndex block 256 routed: build 895 ms, size 100.577 MiB (10.546 B/key), latency cold 460.8 ns, then mean 460.8 / min 460.0 ns
894.805,100.577050,460.834
[time 25.09 s, user 32.24 s, sys 1.91 s, maxrss 1435008 KB]
[busy 3506 jiffies]
[exit 0]
--- lexindex routed32   load 0.97 0.99 1.03
10000000 keys
lexindex DictIndex block 32 routed: build 911 ms, size 102.934 MiB (10.793 B/key), latency cold 551.8 ns, then mean 547.2 / min 546.8 ns
911.049,102.934408,551.822
[time 28.58 s, user 35.67 s, sys 1.97 s, maxrss 1431608 KB]
[busy 3862 jiffies]
[exit 0]
--- lexindex dict1024   load 0.98 0.99 1.03
10000000 keys
lexindex DictIndex block 1024: build 866 ms, size 94.924 MiB (9.953 B/key), latency cold 552.7 ns, then mean 553.1 / min 553.1 ns
865.697,94.923699,552.676
[time 28.74 s, user 35.74 s, sys 1.98 s, maxrss 1405312 KB]
[busy 3882 jiffies]
[exit 0]
--- lexindex dict256   load 0.99 0.99 1.02
10000000 keys
lexindex DictIndex block 256: build 875 ms, size 95.809 MiB (10.046 B/key), latency cold 569.0 ns, then mean 567.3 / min 566.2 ns
874.822,95.808618,569.033
[time 29.33 s, user 36.35 s, sys 1.97 s, maxrss 1427696 KB]
[busy 3935 jiffies]
[exit 0]
--- lexindex dict32   load 1.00 1.00 1.02
10000000 keys
lexindex DictIndex block 32: build 889 ms, size 98.166 MiB (10.293 B/key), latency cold 567.8 ns, then mean 564.8 / min 564.2 ns
888.636,98.166037,567.831
[time 29.28 s, user 36.29 s, sys 2.05 s, maxrss 1419856 KB]
[busy 3938 jiffies]
[exit 0]

##### numeric-10000000 (10000000 lines, 78888890 bytes)   round 2/3   2026-09-26T07:17:19+03:00
--- xcdat 16   load 1.00 1.00 1.02
build time: 1909.192858 ms
space cost: 71.808467 MiB (109.301565% of original size 65.697565 MiB)
avg latency: 241.917240 ns
1909.192858,71.808467,241.917240
[time 8.30 s, user 7.53 s, sys 0.73 s, maxrss 783976 KB]
[busy 850 jiffies]
[exit 0]
--- xcdat 15   load 1.00 1.00 1.02
build time: 2139.551059 ms
space cost: 67.281871 MiB (102.411514% of original size 65.697565 MiB)
avg latency: 202.281972 ns
2139.551059,67.281871,202.281972
[time 8.02 s, user 7.24 s, sys 0.74 s, maxrss 775828 KB]
[busy 821 jiffies]
[exit 0]
--- xcdat 8   load 1.00 1.00 1.02
build time: 1856.294294 ms
space cost: 46.072033 MiB (70.127459% of original size 65.697565 MiB)
avg latency: 308.571197 ns
1856.294294,46.072033,308.571197
[time 8.91 s, user 8.13 s, sys 0.74 s, maxrss 732240 KB]
[busy 919 jiffies]
[exit 0]
--- xcdat 7   load 1.00 1.00 1.02
build time: 2851.373810 ms
space cost: 52.854505 MiB (80.451238% of original size 65.697565 MiB)
avg latency: 349.557508 ns
2851.373810,52.854505,349.557508
[time 10.29 s, user 9.51 s, sys 0.74 s, maxrss 747132 KB]
[busy 1057 jiffies]
[exit 0]
--- c2 case 8 rec 0   load 1.00 1.00 1.01
[TEST CART]
Processing dataset...
Done!
Building trie...
Done!
build time: 831.945339 ms (83.194534 ns per key)
space cost: 111.770621 MB (170.129016% of original size 65.697565 MB)
Querying trie...
Done!
total time: 2109.954986 ms, avg latency: 210.995499 ns
not implemented
831.945339,111.770621,210.995499
[PASSED]
[time 7.24 s, user 6.45 s, sys 0.75 s, maxrss 940184 KB]
[busy 748 jiffies]
[exit 0]
--- c2 case 7 rec 0   load 1.00 1.00 1.01
[TEST ART]
Processing dataset...
Done!
Building trie...
Done!
build time: 656.195147 ms (65.619515 ns per key)
space cost: 200.653076 MB (305.419350% of original size 65.697565 MB)
Querying trie...
Done!
total time: 1450.512736 ms, avg latency: 145.051274 ns
not implemented
656.195147,200.653076,145.051274
[PASSED]
[time 6.43 s, user 5.65 s, sys 0.75 s, maxrss 924636 KB]
[busy 664 jiffies]
[exit 0]
--- c2 case 6 rec 0   load 1.00 1.00 1.01
[TEST PDT]
Processing dataset...
Done!
Building trie...
dict size: 130, stream size: 2965758
Done!
build time: 1208.490570 ms (120.849057 ns per key)
space cost: 15.594018 MB (23.736067% of original size 65.697565 MB)
Querying trie...
Done!
total time: 6497.917190 ms, avg latency: 649.791719 ns
not implemented
1208.490570,15.594018,649.791719
[PASSED]
[time 11.97 s, user 11.27 s, sys 0.65 s, maxrss 687768 KB]
[busy 1226 jiffies]
[exit 0]
--- c2 case 5 rec 2   load 1.00 1.00 1.01
[TEST MARISA]
Processing dataset...
Done!
Building trie...
Done!
build time: 1675.782841 ms (167.578284 ns per key)
space cost: 15.797803 MB (24.046253% of original size 65.697565 MB)
Querying trie...
Done!
total time: 2542.994281 ms, avg latency: 254.299428 ns
not implemented
1675.782841,15.797803,254.299428
[PASSED]
[time 8.54 s, user 7.68 s, sys 0.82 s, maxrss 977580 KB]
[busy 878 jiffies]
[exit 0]
--- c2 case 5 rec 1   load 1.00 1.00 1.01
[TEST MARISA]
Processing dataset...
Done!
Building trie...
Done!
build time: 1679.601399 ms (167.960140 ns per key)
space cost: 15.797803 MB (24.046253% of original size 65.697565 MB)
Querying trie...
Done!
total time: 2586.809872 ms, avg latency: 258.680987 ns
not implemented
1679.601399,15.797803,258.680987
[PASSED]
[time 8.53 s, user 7.67 s, sys 0.81 s, maxrss 977840 KB]
[busy 880 jiffies]
[exit 0]
--- c2 case 5 rec 0   load 0.92 0.98 1.00
[TEST MARISA]
Processing dataset...
Done!
Building trie...
Done!
build time: 1683.106168 ms (168.310617 ns per key)
space cost: 15.797803 MB (24.046253% of original size 65.697565 MB)
Querying trie...
Done!
total time: 2603.278608 ms, avg latency: 260.327861 ns
not implemented
1683.106168,15.797803,260.327861
[PASSED]
[time 8.59 s, user 7.77 s, sys 0.77 s, maxrss 977900 KB]
[busy 880 jiffies]
[exit 0]
--- c2 case 4 rec 0   load 0.85 0.97 1.00
[TEST COCO]
Processing dataset...
Done!
Building trie...
num nodes = 90001, average depth = 1.000033
ef = 0.000000, pa = 0.000000, bv = 0.000011, de = 0.999989
efr = 0.000000, par = 0.000000, bvr = 0.000000, der = 0.000000
Done!
build time: 7235.354670 ms (723.535467 ns per key)
space cost: 4.854946 MB (7.389841% of original size 65.697565 MB)
Querying trie...
Done!
total time: 2964.501899 ms, avg latency: 296.450190 ns
not implemented
7235.354670,4.854946,296.450190
[PASSED]
[time 14.67 s, user 12.22 s, sys 2.39 s, maxrss 4905548 KB]
[busy 1512 jiffies]
[exit 0]
--- c2 case 3 rec 0   load 0.89 0.97 1.00
[TEST FST]
Processing dataset...
Done!
Building trie...
Done!
build time: 2527.583262 ms (252.758326 ns per key)
space cost: 14.447110 MB (21.990328% of original size 65.697565 MB)
Querying trie...
Done!
total time: 3602.092385 ms, avg latency: 360.209239 ns
not implemented
2527.583262,14.447110,360.209239
[PASSED]
[time 10.43 s, user 9.75 s, sys 0.64 s, maxrss 661680 KB]
[busy 1066 jiffies]
[exit 0]
--- c2 case 2 rec 2   skipped: exit 139 in round 1
--- c2 case 2 rec 1   skipped: exit 139 in round 1
--- c2 case 2 rec 0   skipped: exit 139 in round 1
--- c2 case 1 rec 2   skipped: exit 139 in round 1
--- c2 case 1 rec 1   skipped: exit 139 in round 1
--- c2 case 1 rec 0   skipped: exit 139 in round 1
--- c2 case 0 rec 2   skipped: exit 139 in round 1
--- c2 case 0 rec 1   skipped: exit 139 in round 1
--- c2 case 0 rec 0   skipped: exit 139 in round 1
--- lexindex da   skipped: exit 3 in round 1
--- lexindex hashed16   load 0.98 0.99 1.01
10000000 keys
lexindex HashedDictIndex fp=16: build 1406 ms, size 59.651 MiB (6.255 B/key), latency cold 52.9 ns, then mean 52.8 / min 52.7 ns
1406.314,59.651057,52.927
[time 8.98 s, user 13.25 s, sys 1.11 s, maxrss 1214220 KB]
[busy 1477 jiffies]
[exit 0]
--- lexindex hashed8   load 0.99 0.99 1.00
10000000 keys
lexindex HashedDictIndex fp=8: build 1385 ms, size 50.114 MiB (5.255 B/key), latency cold 51.2 ns, then mean 50.9 / min 50.8 ns
1384.637,50.114314,51.234
[time 8.91 s, user 13.18 s, sys 1.06 s, maxrss 1204304 KB]
[busy 1462 jiffies]
[exit 0]
--- lexindex hashed0   load 0.99 0.99 1.00
10000000 keys
lexindex HashedDictIndex closed: build 1367 ms, size 40.578 MiB (4.255 B/key), latency cold 36.8 ns, then mean 36.8 / min 36.7 ns
1366.877,40.577571,36.813
[time 8.32 s, user 12.53 s, sys 1.06 s, maxrss 1194680 KB]
[busy 1401 jiffies]
[exit 0]
--- lexindex string   load 1.07 1.01 1.01
10000000 keys
lexindex StringIndex: build 1739 ms, size 0.000 MiB (0.000 B/key), latency cold 97.3 ns, then mean 97.4 / min 97.3 ns
1739.299,0.000340,97.301
[time 11.06 s, user 10.46 s, sys 0.56 s, maxrss 1126340 KB]
[busy 1141 jiffies]
[exit 0]
--- lexindex routed1024   load 1.06 1.01 1.01
10000000 keys
lexindex DictIndex block 1024 routed: build 475 ms, size 11.147 MiB (1.169 B/key), latency cold 235.9 ns, then mean 235.4 / min 235.0 ns
475.453,11.146594,235.903
[time 15.35 s, user 18.87 s, sys 0.90 s, maxrss 1158984 KB]
[busy 2035 jiffies]
[exit 0]
--- lexindex routed256   load 0.96 0.99 1.00
10000000 keys
lexindex DictIndex block 256 routed: build 499 ms, size 14.453 MiB (1.516 B/key), latency cold 268.2 ns, then mean 266.3 / min 265.7 ns
499.324,14.453472,268.203
[time 16.60 s, user 20.21 s, sys 0.94 s, maxrss 1162760 KB]
[busy 2176 jiffies]
[exit 0]
--- lexindex routed32   load 0.97 0.99 1.00
10000000 keys
lexindex DictIndex block 32 routed: build 508 ms, size 16.740 MiB (1.755 B/key), latency cold 341.0 ns, then mean 341.3 / min 340.3 ns
507.815,16.739965,340.989
[time 19.59 s, user 23.12 s, sys 0.94 s, maxrss 1171876 KB]
[busy 2471 jiffies]
[exit 0]
--- lexindex dict1024   load 0.98 0.99 1.00
10000000 keys
lexindex DictIndex block 1024: build 463 ms, size 8.762 MiB (0.919 B/key), latency cold 312.4 ns, then mean 313.8 / min 313.2 ns
463.068,8.762317,312.428
[time 18.40 s, user 21.81 s, sys 0.93 s, maxrss 1157180 KB]
[busy 2342 jiffies]
[exit 0]
--- lexindex dict256   load 0.99 0.99 1.00
10000000 keys
lexindex DictIndex block 256: build 476 ms, size 9.685 MiB (1.016 B/key), latency cold 308.6 ns, then mean 308.3 / min 307.8 ns
476.382,9.685040,308.569
[time 18.29 s, user 21.89 s, sys 0.96 s, maxrss 1160872 KB]
[busy 2347 jiffies]
[exit 0]
--- lexindex dict32   load 0.99 1.00 1.00
10000000 keys
lexindex DictIndex block 32: build 480 ms, size 11.972 MiB (1.255 B/key), latency cold 332.9 ns, then mean 331.2 / min 330.5 ns
480.470,11.971594,332.923
[time 19.19 s, user 22.76 s, sys 0.93 s, maxrss 1164752 KB]
[busy 2436 jiffies]
[exit 0]

##### dna-10000000 (10000000 lines, 250000000 bytes)   round 2/3   2026-09-26T07:21:58+03:00
--- xcdat 16   load 1.06 1.01 1.00
build time: 10563.232296 ms
space cost: 157.761472 MiB (68.927039% of original size 228.881836 MiB)
avg latency: 607.003620 ns
10563.232296,157.761472,607.003620
[time 26.04 s, user 24.19 s, sys 1.74 s, maxrss 1728112 KB]
[busy 2690 jiffies]
[exit 0]
--- xcdat 15   load 1.04 1.01 1.00
build time: 10705.560003 ms
space cost: 152.576344 MiB (66.661622% of original size 228.881836 MiB)
avg latency: 555.201576 ns
10705.560003,152.576344,555.201576
[time 25.60 s, user 23.80 s, sys 1.69 s, maxrss 1722616 KB]
[busy 2627 jiffies]
[exit 0]
--- xcdat 8   load 1.02 1.01 1.00
build time: 10484.855018 ms
space cost: 135.305025 MiB (59.115668% of original size 228.881836 MiB)
avg latency: 669.033266 ns
10484.855018,135.305025,669.033266
[time 26.57 s, user 24.77 s, sys 1.69 s, maxrss 1705128 KB]
[busy 2734 jiffies]
[exit 0]
--- xcdat 7   load 1.01 1.00 1.00
build time: 10858.336922 ms
space cost: 136.369071 MiB (59.580556% of original size 228.881836 MiB)
avg latency: 693.968981 ns
10858.336922,136.369071,693.968981
[time 27.48 s, user 25.67 s, sys 1.69 s, maxrss 1705840 KB]
[busy 2828 jiffies]
[exit 0]
--- c2 case 8 rec 0   load 1.07 1.02 1.00
[TEST CART]
Processing dataset...
Done!
Building trie...
Done!
build time: 2759.415203 ms (275.941520 ns per key)
space cost: 156.509016 MB (68.379833% of original size 228.881836 MB)
Querying trie...
Done!
total time: 7639.535779 ms, avg latency: 763.953578 ns
not implemented
2759.415203,156.509016,763.953578
[PASSED]
[time 20.01 s, user 18.65 s, sys 1.26 s, maxrss 2102016 KB]
[busy 2056 jiffies]
[exit 0]
--- c2 case 7 rec 0   load 1.05 1.02 1.00
[TEST ART]
Processing dataset...
Done!
Building trie...
Done!
build time: 2181.562890 ms (218.156289 ns per key)
space cost: 332.784225 MB (145.395647% of original size 228.881836 MB)
Querying trie...
Done!
total time: 6119.255930 ms, avg latency: 611.925593 ns
not implemented
2181.562890,332.784225,611.925593
[PASSED]
[time 17.88 s, user 16.46 s, sys 1.34 s, maxrss 2190604 KB]
[busy 1837 jiffies]
[exit 0]
--- c2 case 6 rec 0   load 1.03 1.01 1.00
[TEST PDT]
Processing dataset...
Done!
Building trie...
dict size: 151384, stream size: 57071972
Done!
build time: 25021.072566 ms (2502.107257 ns per key)
space cost: 67.337972 MB (29.420409% of original size 228.881836 MB)
Querying trie...
Done!
total time: 14053.235664 ms, avg latency: 1405.323566 ns
not implemented
25021.072566,67.337972,1405.323566
[PASSED]
[time 48.64 s, user 46.47 s, sys 1.98 s, maxrss 1637596 KB]
[busy 4991 jiffies]
[exit 0]
--- c2 case 5 rec 2   load 1.01 1.01 1.00
[TEST MARISA]
Processing dataset...
Done!
Building trie...
Done!
build time: 9776.759312 ms (977.675931 ns per key)
space cost: 64.374021 MB (28.125439% of original size 228.881836 MB)
Querying trie...
Done!
total time: 13858.084343 ms, avg latency: 1385.808434 ns
not implemented
9776.759312,64.374021,1385.808434
[PASSED]
[time 32.95 s, user 31.19 s, sys 1.63 s, maxrss 1910488 KB]
[busy 3391 jiffies]
[exit 0]
--- c2 case 5 rec 1   load 0.93 0.99 0.99
[TEST MARISA]
Processing dataset...
Done!
Building trie...
Done!
build time: 9789.272775 ms (978.927277 ns per key)
space cost: 65.397814 MB (28.572741% of original size 228.881836 MB)
Querying trie...
Done!
total time: 13415.975911 ms, avg latency: 1341.597591 ns
not implemented
9789.272775,65.397814,1341.597591
[PASSED]
[time 32.58 s, user 30.80 s, sys 1.64 s, maxrss 1910532 KB]
[busy 3355 jiffies]
[exit 0]
--- c2 case 5 rec 0   load 0.96 0.99 1.00
[TEST MARISA]
Processing dataset...
Done!
Building trie...
Done!
build time: 7841.438842 ms (784.143884 ns per key)
space cost: 147.956710 MB (64.643273% of original size 228.881836 MB)
Querying trie...
Done!
total time: 9121.484998 ms, avg latency: 912.148500 ns
not implemented
7841.438842,147.956710,912.148500
[PASSED]
[time 26.33 s, user 24.61 s, sys 1.60 s, maxrss 1989480 KB]
[busy 2700 jiffies]
[exit 0]
--- c2 case 4 rec 0   skipped: exit 134 in round 1
--- c2 case 3 rec 0   load 1.05 1.01 1.00
[TEST FST]
Processing dataset...
Done!
Building trie...
Done!
build time: 12010.768537 ms (1201.076854 ns per key)
space cost: 119.365768 MB (52.151700% of original size 228.881836 MB)
Querying trie...
Done!
total time: 8633.344868 ms, avg latency: 863.334487 ns
not implemented
12010.768537,119.365768,863.334487
[PASSED]
[time 30.25 s, user 28.83 s, sys 1.28 s, maxrss 1689176 KB]
[busy 3110 jiffies]
[exit 0]
--- c2 case 2 rec 2   skipped: exit 139 in round 1
--- c2 case 2 rec 1   load 1.03 1.01 1.00
[TEST C2-MARISA]
Processing dataset...
Done!
Building trie...
trie size: 24.434970 MB
trie size: 47.886275 MB
Done!
build time: 17344.950895 ms (1734.495089 ns per key)
space cost: 72.352404 MB (31.611248% of original size 228.881836 MB)
Querying trie...
Done!
total time: 10052.382168 ms, avg latency: 1005.238217 ns
topology: 14.325905 MB, link: 29.140208 MB, data: 28.558166 MB
--- Unary Path Analysis (Marisa, cutoff=3) ---
  branches: 16819022  |  single-char: 6056704 (36.0%)  short-unary: 587781 (3.5%)  links: 10174537 (60.5%)
  link len: avg=12.30  max=15  total_chars=125137286
  link length distribution (len:count):  3:131739  4:32131  5:8322  6:3155  7:4877  8:17889  9:69612  10:272566  11:1019074  12:3104051  13:4591242  14:919171  15:708
  short unary avg len: 2.00
17344.950895,72.352404,1005.238217
[PASSED]
[time 36.89 s, user 35.04 s, sys 1.69 s, maxrss 1666980 KB]
[busy 3791 jiffies]
[exit 0]
--- c2 case 2 rec 0   load 1.13 1.04 1.01
[TEST C2-MARISA]
Processing dataset...
Done!
Building trie...
trie size: 24.434970 MB
Done!
build time: 15304.598813 ms (1530.459881 ns per key)
space cost: 95.269694 MB (41.623965% of original size 228.881836 MB)
Querying trie...
Done!
total time: 7010.285151 ms, avg latency: 701.028515 ns
topology: 8.066944 MB, link: 31.537600 MB, data: 55.337026 MB
--- Unary Path Analysis (Marisa, cutoff=3) ---
  branches: 16819022  |  single-char: 6056704 (36.0%)  short-unary: 587781 (3.5%)  links: 10174537 (60.5%)
  link len: avg=12.30  max=15  total_chars=125137286
  link length distribution (len:count):  3:131739  4:32131  5:8322  6:3155  7:4877  8:17889  9:69612  10:272566  11:1019074  12:3104051  13:4591242  14:919171  15:708
  short unary avg len: 2.00
15304.598813,95.269694,701.028515
[PASSED]
[time 31.79 s, user 29.68 s, sys 1.98 s, maxrss 2244788 KB]
[busy 3267 jiffies]
[exit 0]
--- c2 case 1 rec 2   skipped: exit 139 in round 1
--- c2 case 1 rec 1   load 1.08 1.03 1.01
[TEST C2-CoCo(LOUDS-Sparse)]
Processing dataset...
Done!
Building trie...
trie size: 37.777167 MB
Done!
build time: 23678.464451 ms (2367.846445 ns per key)
space cost: 57.044919 MB (24.923306% of original size 228.881836 MB)
Querying trie...
Done!
total time: 9261.086450 ms, avg latency: 926.108645 ns
topology: 6.873493 MB, link: 30.304507 MB, data: 19.866919 MB
23678.464451,57.044919,926.108645
[PASSED]
[time 42.49 s, user 39.82 s, sys 2.49 s, maxrss 3069384 KB]
[busy 4366 jiffies]
[exit 0]
--- c2 case 1 rec 0   load 1.04 1.03 1.00
[TEST C2-CoCo(LOUDS-Sparse)]
Processing dataset...
Done!
Building trie...
Done!
build time: 22333.451035 ms (2233.345103 ns per key)
space cost: 72.822873 MB (31.816798% of original size 228.881836 MB)
Querying trie...
Done!
total time: 7662.840256 ms, avg latency: 766.284026 ns
topology: 3.420319 MB, link: 32.688608 MB, data: 36.713946 MB
22333.451035,72.822873,766.284026
[PASSED]
[time 39.51 s, user 36.69 s, sys 2.65 s, maxrss 3400452 KB]
[busy 4068 jiffies]
[exit 0]
--- c2 case 0 rec 2   skipped: exit 139 in round 1
--- c2 case 0 rec 1   load 1.02 1.02 1.00
[TEST C2-FST]
Processing dataset...
Done!
Building trie...
trie size: 37.777167 MB
Done!
build time: 17130.623684 ms (1713.062368 ns per key)
space cost: 74.159266 MB (32.400678% of original size 228.881836 MB)
Querying trie...
Done!
total time: 10819.302303 ms, avg latency: 1081.930230 ns
topology: 12.378445 MB, link: 28.910372 MB, data: 32.870449 MB
--- Unary Path Analysis (FST, cutoff=4) ---
  shared unary steps in main trie: 994037
  terminal suffixes: inplace=72 (avg len=2.67)  links=9999928 (100.0% of terminal)
  link len: avg=10.46  max=13  total_chars=104556373
  link length distribution (len:count):  4:308  5:1114  6:4343  7:17785  8:69577  9:272560  10:1019069  11:3104051  12:4591242  13:919171  14:708
17130.623684,74.159266,1081.930230
[PASSED]
[time 37.48 s, user 35.64 s, sys 1.68 s, maxrss 1758492 KB]
[busy 3862 jiffies]
[exit 0]
--- c2 case 0 rec 0   load 1.01 1.02 1.00
[TEST C2-FST]
Processing dataset...
Done!
Building trie...
Done!
build time: 15799.187872 ms (1579.918787 ns per key)
space cost: 89.937219 MB (39.294170% of original size 228.881836 MB)
Querying trie...
Done!
total time: 7953.795085 ms, avg latency: 795.379509 ns
topology: 8.925270 MB, link: 31.294473 MB, data: 49.717476 MB
--- Unary Path Analysis (FST, cutoff=4) ---
  shared unary steps in main trie: 994037
  terminal suffixes: inplace=72 (avg len=2.67)  links=9999928 (100.0% of terminal)
  link len: avg=10.46  max=13  total_chars=104556373
  link length distribution (len:count):  4:308  5:1114  6:4343  7:17785  8:69577  9:272560  10:1019069  11:3104051  12:4591242  13:919171  14:708
15799.187872,89.937219,795.379509
[PASSED]
[time 33.19 s, user 31.22 s, sys 1.83 s, maxrss 2128624 KB]
[busy 3423 jiffies]
[exit 0]
--- lexindex da   skipped: exit 3 in round 1
--- lexindex hashed16   load 0.92 1.00 0.99
10000000 keys
lexindex HashedDictIndex fp=16: build 1691 ms, size 87.616 MiB (9.187 B/key), latency cold 77.9 ns, then mean 77.4 / min 77.1 ns
1691.485,87.616193,77.876
[time 10.97 s, user 17.37 s, sys 1.25 s, maxrss 1567088 KB]
[busy 1907 jiffies]
[exit 0]
--- lexindex hashed8   load 0.93 1.00 1.00
10000000 keys
lexindex HashedDictIndex fp=8: build 1661 ms, size 78.079 MiB (8.187 B/key), latency cold 77.1 ns, then mean 77.2 / min 77.1 ns
1660.658,78.079450,77.131
[time 10.92 s, user 17.31 s, sys 1.22 s, maxrss 1559172 KB]
[busy 1899 jiffies]
[exit 0]
--- lexindex hashed0   load 0.95 1.00 1.00
10000000 keys
lexindex HashedDictIndex closed: build 1672 ms, size 68.543 MiB (7.187 B/key), latency cold 60.1 ns, then mean 59.7 / min 59.6 ns
1672.239,68.542706,60.052
[time 10.25 s, user 16.69 s, sys 1.19 s, maxrss 1548848 KB]
[busy 1835 jiffies]
[exit 0]
--- lexindex string   load 0.88 0.98 0.99
10000000 keys
lexindex StringIndex: build 10086 ms, size 152.422 MiB (15.983 B/key), latency cold 732.3 ns, then mean 730.5 / min 730.2 ns
10085.818,152.421832,732.350
[time 45.45 s, user 44.42 s, sys 0.84 s, maxrss 1604224 KB]
[busy 4665 jiffies]
[exit 0]
--- lexindex routed1024   load 0.94 0.99 1.00
10000000 keys
lexindex DictIndex block 1024 routed: build 655 ms, size 38.745 MiB (4.063 B/key), latency cold 434.0 ns, then mean 433.0 / min 432.8 ns
654.894,38.745214,433.971
[time 24.15 s, user 29.81 s, sys 1.08 s, maxrss 1519768 KB]
[busy 3170 jiffies]
[exit 0]
--- lexindex routed256   load 0.96 0.99 1.00
10000000 keys
lexindex DictIndex block 256 routed: build 693 ms, size 42.419 MiB (4.448 B/key), latency cold 442.5 ns, then mean 441.0 / min 440.3 ns
692.697,42.418646,442.529
[time 24.54 s, user 30.28 s, sys 1.15 s, maxrss 1520688 KB]
[busy 3231 jiffies]
[exit 0]
--- lexindex routed32   load 0.98 0.99 1.00
10000000 keys
lexindex DictIndex block 32 routed: build 692 ms, size 48.450 MiB (5.080 B/key), latency cold 615.2 ns, then mean 615.4 / min 614.0 ns
691.685,48.450328,615.242
[time 31.48 s, user 37.09 s, sys 1.16 s, maxrss 1533268 KB]
[busy 3925 jiffies]
[exit 0]
--- lexindex dict1024   load 0.91 0.98 0.99
10000000 keys
lexindex DictIndex block 1024: build 647 ms, size 36.361 MiB (3.813 B/key), latency cold 481.2 ns, then mean 480.5 / min 479.8 ns
646.605,36.360937,481.175
[time 26.07 s, user 31.70 s, sys 1.08 s, maxrss 1520400 KB]
[busy 3367 jiffies]
[exit 0]
--- lexindex dict256   load 0.94 0.98 1.00
10000000 keys
lexindex DictIndex block 256: build 672 ms, size 37.650 MiB (3.948 B/key), latency cold 509.3 ns, then mean 507.7 / min 507.1 ns
671.904,37.650213,509.291
[time 27.17 s, user 32.87 s, sys 1.13 s, maxrss 1514640 KB]
[busy 3488 jiffies]
[exit 0]
--- lexindex dict32   load 0.96 0.98 1.00
10000000 keys
lexindex DictIndex block 32: build 674 ms, size 43.682 MiB (4.580 B/key), latency cold 605.9 ns, then mean 603.7 / min 602.7 ns
673.883,43.681956,605.886
[time 31.01 s, user 36.61 s, sys 1.22 s, maxrss 1528576 KB]
[busy 3888 jiffies]
[exit 0]

##### dna-10000000 (10000000 lines, 250000000 bytes)   round 3/3   2026-09-26T07:35:23+03:00
--- lexindex dict32   load 0.98 0.99 1.00
10000000 keys
lexindex DictIndex block 32: build 668 ms, size 43.682 MiB (4.580 B/key), latency cold 602.0 ns, then mean 600.7 / min 600.0 ns
668.220,43.681956,602.001
[time 30.94 s, user 36.56 s, sys 1.17 s, maxrss 1528404 KB]
[busy 3878 jiffies]
[exit 0]
--- lexindex dict256   load 0.99 0.99 1.00
10000000 keys
lexindex DictIndex block 256: build 668 ms, size 37.650 MiB (3.948 B/key), latency cold 505.8 ns, then mean 503.4 / min 503.2 ns
668.461,37.650213,505.774
[time 27.01 s, user 32.74 s, sys 1.17 s, maxrss 1517940 KB]
[busy 3487 jiffies]
[exit 0]
--- lexindex dict1024   load 0.99 0.99 1.00
10000000 keys
lexindex DictIndex block 1024: build 645 ms, size 36.361 MiB (3.813 B/key), latency cold 479.3 ns, then mean 480.1 / min 479.4 ns
644.569,36.360937,479.294
[time 26.04 s, user 31.63 s, sys 1.14 s, maxrss 1519812 KB]
[busy 3357 jiffies]
[exit 0]
--- lexindex routed32   load 1.00 1.00 1.00
10000000 keys
lexindex DictIndex block 32 routed: build 689 ms, size 48.450 MiB (5.080 B/key), latency cold 609.8 ns, then mean 612.1 / min 610.3 ns
688.830,48.450328,609.786
[time 31.36 s, user 36.94 s, sys 1.16 s, maxrss 1536084 KB]
[busy 3914 jiffies]
[exit 0]
--- lexindex routed256   load 1.00 1.00 1.00
10000000 keys
lexindex DictIndex block 256 routed: build 680 ms, size 42.419 MiB (4.448 B/key), latency cold 443.8 ns, then mean 444.0 / min 443.3 ns
680.131,42.418646,443.751
[time 24.63 s, user 30.35 s, sys 1.18 s, maxrss 1520304 KB]
[busy 3239 jiffies]
[exit 0]
--- lexindex routed1024   load 1.00 1.00 1.00
10000000 keys
lexindex DictIndex block 1024 routed: build 656 ms, size 38.745 MiB (4.063 B/key), latency cold 433.5 ns, then mean 433.1 / min 432.7 ns
655.605,38.745214,433.550
[time 24.17 s, user 29.74 s, sys 1.17 s, maxrss 1520700 KB]
[busy 3174 jiffies]
[exit 0]
--- lexindex string   load 1.00 1.00 1.00
10000000 keys
lexindex StringIndex: build 10086 ms, size 152.422 MiB (15.983 B/key), latency cold 706.2 ns, then mean 720.4 / min 712.4 ns
10086.051,152.421832,706.170
[time 44.88 s, user 43.84 s, sys 0.86 s, maxrss 1604584 KB]
[busy 4608 jiffies]
[exit 0]
--- lexindex hashed0   load 1.07 1.02 1.00
10000000 keys
lexindex HashedDictIndex closed: build 1644 ms, size 68.543 MiB (7.187 B/key), latency cold 59.8 ns, then mean 59.2 / min 59.0 ns
1643.597,68.542706,59.751
[time 10.22 s, user 16.57 s, sys 1.27 s, maxrss 1548484 KB]
[busy 1834 jiffies]
[exit 0]
--- lexindex hashed8   load 0.98 1.00 1.00
10000000 keys
lexindex HashedDictIndex fp=8: build 1671 ms, size 78.079 MiB (8.187 B/key), latency cold 76.7 ns, then mean 76.3 / min 76.2 ns
1671.134,78.079450,76.714
[time 10.88 s, user 17.31 s, sys 1.21 s, maxrss 1558728 KB]
[busy 1897 jiffies]
[exit 0]
--- lexindex hashed16   load 0.98 1.00 1.00
10000000 keys
lexindex HashedDictIndex fp=16: build 1696 ms, size 87.616 MiB (9.187 B/key), latency cold 77.8 ns, then mean 77.7 / min 77.6 ns
1695.640,87.616193,77.795
[time 11.00 s, user 17.41 s, sys 1.27 s, maxrss 1564872 KB]
[busy 1908 jiffies]
[exit 0]
--- lexindex da   skipped: exit 3 in round 1
--- c2 case 0 rec 0   load 0.98 1.00 1.00
[TEST C2-FST]
Processing dataset...
Done!
Building trie...
Done!
build time: 15846.553298 ms (1584.655330 ns per key)
space cost: 89.937219 MB (39.294170% of original size 228.881836 MB)
Querying trie...
Done!
total time: 7887.671903 ms, avg latency: 788.767190 ns
topology: 8.925270 MB, link: 31.294473 MB, data: 49.717476 MB
--- Unary Path Analysis (FST, cutoff=4) ---
  shared unary steps in main trie: 994037
  terminal suffixes: inplace=72 (avg len=2.67)  links=9999928 (100.0% of terminal)
  link len: avg=10.46  max=13  total_chars=104556373
  link length distribution (len:count):  4:308  5:1114  6:4343  7:17785  8:69577  9:272560  10:1019069  11:3104051  12:4591242  13:919171  14:708
15846.553298,89.937219,788.767190
[PASSED]
[time 33.27 s, user 31.24 s, sys 1.89 s, maxrss 2128388 KB]
[busy 3430 jiffies]
[exit 0]
--- c2 case 0 rec 1   load 0.99 1.00 1.00
[TEST C2-FST]
Processing dataset...
Done!
Building trie...
trie size: 37.777167 MB
Done!
build time: 17090.497002 ms (1709.049700 ns per key)
space cost: 74.159266 MB (32.400678% of original size 228.881836 MB)
Querying trie...
Done!
total time: 10791.588433 ms, avg latency: 1079.158843 ns
topology: 12.378445 MB, link: 28.910372 MB, data: 32.870449 MB
--- Unary Path Analysis (FST, cutoff=4) ---
  shared unary steps in main trie: 994037
  terminal suffixes: inplace=72 (avg len=2.67)  links=9999928 (100.0% of terminal)
  link len: avg=10.46  max=13  total_chars=104556373
  link length distribution (len:count):  4:308  5:1114  6:4343  7:17785  8:69577  9:272560  10:1019069  11:3104051  12:4591242  13:919171  14:708
17090.497002,74.159266,1079.158843
[PASSED]
[time 37.37 s, user 35.52 s, sys 1.69 s, maxrss 1758332 KB]
[busy 3842 jiffies]
[exit 0]
--- c2 case 0 rec 2   skipped: exit 139 in round 1
--- c2 case 1 rec 0   load 1.00 1.00 1.00
[TEST C2-CoCo(LOUDS-Sparse)]
Processing dataset...
Done!
Building trie...
Done!
build time: 22347.747086 ms (2234.774709 ns per key)
space cost: 72.822873 MB (31.816798% of original size 228.881836 MB)
Querying trie...
Done!
total time: 7725.362822 ms, avg latency: 772.536282 ns
topology: 3.420319 MB, link: 32.688608 MB, data: 36.713946 MB
22347.747086,72.822873,772.536282
[PASSED]
[time 39.84 s, user 37.06 s, sys 2.62 s, maxrss 3400264 KB]
[busy 4089 jiffies]
[exit 0]
--- c2 case 1 rec 1   load 1.00 1.00 1.00
[TEST C2-CoCo(LOUDS-Sparse)]
Processing dataset...
Done!
Building trie...
trie size: 37.777167 MB
Done!
build time: 23683.560083 ms (2368.356008 ns per key)
space cost: 57.044919 MB (24.923306% of original size 228.881836 MB)
Querying trie...
Done!
total time: 9246.673034 ms, avg latency: 924.667303 ns
topology: 6.873493 MB, link: 30.304507 MB, data: 19.866919 MB
23683.560083,57.044919,924.667303
[PASSED]
[time 42.43 s, user 39.74 s, sys 2.51 s, maxrss 3069228 KB]
[busy 4362 jiffies]
[exit 0]
--- c2 case 1 rec 2   skipped: exit 139 in round 1
--- c2 case 2 rec 0   load 1.00 1.00 1.00
[TEST C2-MARISA]
Processing dataset...
Done!
Building trie...
trie size: 24.434970 MB
Done!
build time: 15352.443998 ms (1535.244400 ns per key)
space cost: 95.269694 MB (41.623965% of original size 228.881836 MB)
Querying trie...
Done!
total time: 6966.578618 ms, avg latency: 696.657862 ns
topology: 8.066944 MB, link: 31.537600 MB, data: 55.337026 MB
--- Unary Path Analysis (Marisa, cutoff=3) ---
  branches: 16819022  |  single-char: 6056704 (36.0%)  short-unary: 587781 (3.5%)  links: 10174537 (60.5%)
  link len: avg=12.30  max=15  total_chars=125137286
  link length distribution (len:count):  3:131739  4:32131  5:8322  6:3155  7:4877  8:17889  9:69612  10:272566  11:1019074  12:3104051  13:4591242  14:919171  15:708
  short unary avg len: 2.00
15352.443998,95.269694,696.657862
[PASSED]
[time 31.85 s, user 29.81 s, sys 1.91 s, maxrss 2244692 KB]
[busy 3265 jiffies]
[exit 0]
--- c2 case 2 rec 1   load 1.00 1.00 1.00
[TEST C2-MARISA]
Processing dataset...
Done!
Building trie...
trie size: 24.434970 MB
trie size: 47.886275 MB
Done!
build time: 17449.633472 ms (1744.963347 ns per key)
space cost: 72.352404 MB (31.611248% of original size 228.881836 MB)
Querying trie...
Done!
total time: 10043.128865 ms, avg latency: 1004.312886 ns
topology: 14.325905 MB, link: 29.140208 MB, data: 28.558166 MB
--- Unary Path Analysis (Marisa, cutoff=3) ---
  branches: 16819022  |  single-char: 6056704 (36.0%)  short-unary: 587781 (3.5%)  links: 10174537 (60.5%)
  link len: avg=12.30  max=15  total_chars=125137286
  link length distribution (len:count):  3:131739  4:32131  5:8322  6:3155  7:4877  8:17889  9:69612  10:272566  11:1019074  12:3104051  13:4591242  14:919171  15:708
  short unary avg len: 2.00
17449.633472,72.352404,1004.312886
[PASSED]
[time 37.01 s, user 35.19 s, sys 1.67 s, maxrss 1666836 KB]
[busy 3811 jiffies]
[exit 0]
--- c2 case 2 rec 2   skipped: exit 139 in round 1
--- c2 case 3 rec 0   load 1.00 1.00 1.00
[TEST FST]
Processing dataset...
Done!
Building trie...
Done!
build time: 12016.147231 ms (1201.614723 ns per key)
space cost: 119.365768 MB (52.151700% of original size 228.881836 MB)
Querying trie...
Done!
total time: 8661.414322 ms, avg latency: 866.141432 ns
not implemented
12016.147231,119.365768,866.141432
[PASSED]
[time 30.25 s, user 28.86 s, sys 1.26 s, maxrss 1689128 KB]
[busy 3112 jiffies]
[exit 0]
--- c2 case 4 rec 0   skipped: exit 134 in round 1
--- c2 case 5 rec 0   load 1.00 1.00 1.00
[TEST MARISA]
Processing dataset...
Done!
Building trie...
Done!
build time: 7820.291156 ms (782.029116 ns per key)
space cost: 147.956710 MB (64.643273% of original size 228.881836 MB)
Querying trie...
Done!
total time: 9063.146303 ms, avg latency: 906.314630 ns
not implemented
7820.291156,147.956710,906.314630
[PASSED]
[time 26.25 s, user 24.49 s, sys 1.65 s, maxrss 1989472 KB]
[busy 2705 jiffies]
[exit 0]
--- c2 case 5 rec 1   load 0.92 0.98 0.99
[TEST MARISA]
Processing dataset...
Done!
Building trie...
Done!
build time: 9797.507453 ms (979.750745 ns per key)
space cost: 65.397814 MB (28.572741% of original size 228.881836 MB)
Querying trie...
Done!
total time: 13573.222846 ms, avg latency: 1357.322285 ns
not implemented
9797.507453,65.397814,1357.322285
[PASSED]
[time 32.77 s, user 30.94 s, sys 1.69 s, maxrss 1910612 KB]
[busy 3372 jiffies]
[exit 0]
--- c2 case 5 rec 2   load 0.95 0.99 1.00
[TEST MARISA]
Processing dataset...
Done!
Building trie...
Done!
build time: 9796.401784 ms (979.640178 ns per key)
space cost: 64.374021 MB (28.125439% of original size 228.881836 MB)
Querying trie...
Done!
total time: 13734.087602 ms, avg latency: 1373.408760 ns
not implemented
9796.401784,64.374021,1373.408760
[PASSED]
[time 32.87 s, user 31.11 s, sys 1.62 s, maxrss 1910740 KB]
[busy 3390 jiffies]
[exit 0]
--- c2 case 6 rec 0   load 0.97 0.99 1.00
[TEST PDT]
Processing dataset...
Done!
Building trie...
dict size: 151384, stream size: 57071972
Done!
build time: 25022.437520 ms (2502.243752 ns per key)
space cost: 67.337972 MB (29.420409% of original size 228.881836 MB)
Querying trie...
Done!
total time: 14099.111357 ms, avg latency: 1409.911136 ns
not implemented
25022.437520,67.337972,1409.911136
[PASSED]
[time 48.60 s, user 46.43 s, sys 1.98 s, maxrss 1637228 KB]
[busy 4987 jiffies]
[exit 0]
--- c2 case 7 rec 0   load 0.99 0.99 1.00
[TEST ART]
Processing dataset...
Done!
Building trie...
Done!
build time: 2182.493048 ms (218.249305 ns per key)
space cost: 332.784225 MB (145.395647% of original size 228.881836 MB)
Querying trie...
Done!
total time: 6321.255641 ms, avg latency: 632.125564 ns
not implemented
2182.493048,332.784225,632.125564
[PASSED]
[time 18.10 s, user 16.64 s, sys 1.38 s, maxrss 2190556 KB]
[busy 1863 jiffies]
[exit 0]
--- c2 case 8 rec 0   load 0.99 1.00 1.00
[TEST CART]
Processing dataset...
Done!
Building trie...
Done!
build time: 2772.746728 ms (277.274673 ns per key)
space cost: 156.509016 MB (68.379833% of original size 228.881836 MB)
Querying trie...
Done!
total time: 7334.736575 ms, avg latency: 733.473657 ns
not implemented
2772.746728,156.509016,733.473657
[PASSED]
[time 19.60 s, user 18.18 s, sys 1.33 s, maxrss 2102584 KB]
[busy 2017 jiffies]
[exit 0]
--- xcdat 7   load 1.00 1.00 1.00
build time: 10819.603829 ms
space cost: 136.369071 MiB (59.580556% of original size 228.881836 MiB)
avg latency: 714.984005 ns
10819.603829,136.369071,714.984005
[time 27.33 s, user 25.56 s, sys 1.66 s, maxrss 1705872 KB]
[busy 2803 jiffies]
[exit 0]
--- xcdat 8   load 0.92 0.98 0.99
build time: 10450.831437 ms
space cost: 135.305025 MiB (59.115668% of original size 228.881836 MiB)
avg latency: 668.283341 ns
10450.831437,135.305025,668.283341
[time 26.54 s, user 24.78 s, sys 1.65 s, maxrss 1704772 KB]
[busy 2724 jiffies]
[exit 0]
--- xcdat 15   load 0.95 0.99 1.00
build time: 10723.543027 ms
space cost: 152.576344 MiB (66.661622% of original size 228.881836 MiB)
avg latency: 560.759968 ns
10723.543027,152.576344,560.759968
[time 25.70 s, user 23.91 s, sys 1.68 s, maxrss 1722660 KB]
[busy 2644 jiffies]
[exit 0]
--- xcdat 16   load 0.89 0.97 0.99
build time: 10509.820860 ms
space cost: 157.761472 MiB (68.927039% of original size 228.881836 MiB)
avg latency: 586.499561 ns
10509.820860,157.761472,586.499561
[time 25.74 s, user 23.92 s, sys 1.71 s, maxrss 1728032 KB]
[busy 2649 jiffies]
[exit 0]

##### numeric-10000000 (10000000 lines, 78888890 bytes)   round 3/3   2026-09-26T07:48:47+03:00
--- lexindex dict32   load 0.93 0.97 1.00
10000000 keys
lexindex DictIndex block 32: build 486 ms, size 11.972 MiB (1.255 B/key), latency cold 328.3 ns, then mean 327.5 / min 325.6 ns
486.290,11.971594,328.272
[time 19.05 s, user 22.59 s, sys 0.93 s, maxrss 1165664 KB]
[busy 2416 jiffies]
[exit 0]
--- lexindex dict256   load 0.95 0.98 1.00
10000000 keys
lexindex DictIndex block 256: build 478 ms, size 9.685 MiB (1.016 B/key), latency cold 308.4 ns, then mean 307.1 / min 305.8 ns
478.309,9.685040,308.396
[time 18.24 s, user 21.89 s, sys 0.93 s, maxrss 1156180 KB]
[busy 2343 jiffies]
[exit 0]
--- lexindex dict1024   load 0.96 0.98 1.00
10000000 keys
lexindex DictIndex block 1024: build 467 ms, size 8.762 MiB (0.919 B/key), latency cold 312.6 ns, then mean 311.3 / min 310.9 ns
466.587,8.762317,312.586
[time 18.33 s, user 21.85 s, sys 0.93 s, maxrss 1160768 KB]
[busy 2340 jiffies]
[exit 0]
--- lexindex routed32   load 0.89 0.96 0.99
10000000 keys
lexindex DictIndex block 32 routed: build 506 ms, size 16.740 MiB (1.755 B/key), latency cold 342.5 ns, then mean 341.4 / min 339.5 ns
506.027,16.739965,342.505
[time 19.63 s, user 23.16 s, sys 0.95 s, maxrss 1167280 KB]
[busy 2484 jiffies]
[exit 0]
--- lexindex routed256   load 0.93 0.97 1.00
10000000 keys
lexindex DictIndex block 256 routed: build 505 ms, size 14.453 MiB (1.516 B/key), latency cold 268.9 ns, then mean 266.9 / min 265.2 ns
504.768,14.453472,268.937
[time 16.67 s, user 20.35 s, sys 0.93 s, maxrss 1164444 KB]
[busy 2195 jiffies]
[exit 0]
--- lexindex routed1024   load 0.94 0.97 1.00
10000000 keys
lexindex DictIndex block 1024 routed: build 477 ms, size 11.147 MiB (1.169 B/key), latency cold 238.1 ns, then mean 235.8 / min 234.1 ns
477.191,11.146594,238.127
[time 15.38 s, user 18.91 s, sys 0.94 s, maxrss 1159384 KB]
[busy 2041 jiffies]
[exit 0]
--- lexindex string   load 0.88 0.95 0.99
10000000 keys
lexindex StringIndex: build 1733 ms, size 0.000 MiB (0.000 B/key), latency cold 97.3 ns, then mean 97.2 / min 97.1 ns
1732.646,0.000340,97.271
[time 11.06 s, user 10.45 s, sys 0.56 s, maxrss 1126136 KB]
[busy 1138 jiffies]
[exit 0]
--- lexindex hashed0   load 0.90 0.96 1.00
10000000 keys
lexindex HashedDictIndex closed: build 1388 ms, size 40.578 MiB (4.255 B/key), latency cold 36.7 ns, then mean 36.4 / min 36.3 ns
1387.663,40.577571,36.729
[time 8.28 s, user 12.56 s, sys 1.03 s, maxrss 1194316 KB]
[busy 1397 jiffies]
[exit 0]
--- lexindex hashed8   load 0.91 0.96 1.00
10000000 keys
lexindex HashedDictIndex fp=8: build 1376 ms, size 50.114 MiB (5.255 B/key), latency cold 50.9 ns, then mean 50.7 / min 50.6 ns
1375.886,50.114314,50.884
[time 8.89 s, user 13.04 s, sys 1.03 s, maxrss 1201104 KB]
[busy 1449 jiffies]
[exit 0]
--- lexindex hashed16   load 0.93 0.96 1.00
10000000 keys
lexindex HashedDictIndex fp=16: build 1393 ms, size 59.651 MiB (6.255 B/key), latency cold 53.2 ns, then mean 52.9 / min 52.9 ns
1392.739,59.651057,53.171
[time 8.95 s, user 13.27 s, sys 1.09 s, maxrss 1211036 KB]
[busy 1481 jiffies]
[exit 0]
--- lexindex da   skipped: exit 3 in round 1
--- c2 case 0 rec 0   skipped: exit 139 in round 1
--- c2 case 0 rec 1   skipped: exit 139 in round 1
--- c2 case 0 rec 2   skipped: exit 139 in round 1
--- c2 case 1 rec 0   skipped: exit 139 in round 1
--- c2 case 1 rec 1   skipped: exit 139 in round 1
--- c2 case 1 rec 2   skipped: exit 139 in round 1
--- c2 case 2 rec 0   skipped: exit 139 in round 1
--- c2 case 2 rec 1   skipped: exit 139 in round 1
--- c2 case 2 rec 2   skipped: exit 139 in round 1
--- c2 case 3 rec 0   load 2.04 1.21 1.08
[TEST FST]
Processing dataset...
Done!
Building trie...
Done!
build time: 2543.077188 ms (254.307719 ns per key)
space cost: 14.447110 MB (21.990328% of original size 65.697565 MB)
Querying trie...
Done!
total time: 3608.640966 ms, avg latency: 360.864097 ns
not implemented
2543.077188,14.447110,360.864097
[PASSED]
[time 10.46 s, user 9.73 s, sys 0.68 s, maxrss 661656 KB]
[busy 1076 jiffies]
[exit 0]
--- c2 case 4 rec 0   load 1.88 1.20 1.08
[TEST COCO]
Processing dataset...
Done!
Building trie...
num nodes = 90001, average depth = 1.000033
ef = 0.000000, pa = 0.000000, bv = 0.000011, de = 0.999989
efr = 0.000000, par = 0.000000, bvr = 0.000000, der = 0.000000
Done!
build time: 7356.866639 ms (735.686664 ns per key)
space cost: 4.854946 MB (7.389841% of original size 65.697565 MB)
Querying trie...
Done!
total time: 2964.192748 ms, avg latency: 296.419275 ns
not implemented
7356.866639,4.854946,296.419275
[PASSED]
[time 14.79 s, user 12.36 s, sys 2.36 s, maxrss 4905616 KB]
[busy 1522 jiffies]
[exit 0]
--- c2 case 5 rec 0   load 1.69 1.19 1.08
[TEST MARISA]
Processing dataset...
Done!
Building trie...
Done!
build time: 1680.350429 ms (168.035043 ns per key)
space cost: 15.797803 MB (24.046253% of original size 65.697565 MB)
Querying trie...
Done!
total time: 2553.452658 ms, avg latency: 255.345266 ns
not implemented
1680.350429,15.797803,255.345266
[PASSED]
[time 8.51 s, user 7.65 s, sys 0.82 s, maxrss 977792 KB]
[busy 872 jiffies]
[exit 0]
--- c2 case 5 rec 1   load 1.58 1.18 1.07
[TEST MARISA]
Processing dataset...
Done!
Building trie...
Done!
build time: 1689.544700 ms (168.954470 ns per key)
space cost: 15.797803 MB (24.046253% of original size 65.697565 MB)
Querying trie...
Done!
total time: 2593.914716 ms, avg latency: 259.391472 ns
not implemented
1689.544700,15.797803,259.391472
[PASSED]
[time 8.60 s, user 7.74 s, sys 0.82 s, maxrss 977828 KB]
[busy 886 jiffies]
[exit 0]
--- c2 case 5 rec 2   load 1.49 1.18 1.07
[TEST MARISA]
Processing dataset...
Done!
Building trie...
Done!
build time: 1687.896982 ms (168.789698 ns per key)
space cost: 15.797803 MB (24.046253% of original size 65.697565 MB)
Querying trie...
Done!
total time: 2546.163609 ms, avg latency: 254.616361 ns
not implemented
1687.896982,15.797803,254.616361
[PASSED]
[time 8.56 s, user 7.72 s, sys 0.79 s, maxrss 977708 KB]
[busy 879 jiffies]
[exit 0]
--- c2 case 6 rec 0   load 1.41 1.17 1.07
[TEST PDT]
Processing dataset...
Done!
Building trie...
dict size: 130, stream size: 2965758
Done!
build time: 1241.193261 ms (124.119326 ns per key)
space cost: 15.594018 MB (23.736067% of original size 65.697565 MB)
Querying trie...
Done!
total time: 6482.194098 ms, avg latency: 648.219410 ns
not implemented
1241.193261,15.594018,648.219410
[PASSED]
[time 11.94 s, user 11.21 s, sys 0.68 s, maxrss 687664 KB]
[busy 1222 jiffies]
[exit 0]
--- c2 case 7 rec 0   load 1.24 1.14 1.07
[TEST ART]
Processing dataset...
Done!
Building trie...
Done!
build time: 646.416148 ms (64.641615 ns per key)
space cost: 200.653076 MB (305.419350% of original size 65.697565 MB)
Querying trie...
Done!
total time: 1443.841414 ms, avg latency: 144.384141 ns
not implemented
646.416148,200.653076,144.384141
[PASSED]
[time 6.35 s, user 5.58 s, sys 0.74 s, maxrss 924752 KB]
[busy 652 jiffies]
[exit 0]
--- c2 case 8 rec 0   load 1.22 1.14 1.06
[TEST CART]
Processing dataset...
Done!
Building trie...
Done!
build time: 831.892687 ms (83.189269 ns per key)
space cost: 111.770621 MB (170.129016% of original size 65.697565 MB)
Querying trie...
Done!
total time: 2243.928834 ms, avg latency: 224.392883 ns
not implemented
831.892687,111.770621,224.392883
[PASSED]
[time 7.36 s, user 6.61 s, sys 0.72 s, maxrss 940224 KB]
[busy 753 jiffies]
[exit 0]
--- xcdat 7   load 1.19 1.14 1.06
build time: 2755.215869 ms
space cost: 52.854505 MiB (80.451238% of original size 65.697565 MiB)
avg latency: 348.306527 ns
2755.215869,52.854505,348.306527
[time 10.11 s, user 9.35 s, sys 0.71 s, maxrss 747428 KB]
[busy 1035 jiffies]
[exit 0]
--- xcdat 8   load 1.16 1.13 1.06
build time: 1871.255321 ms
space cost: 46.072033 MiB (70.127459% of original size 65.697565 MiB)
avg latency: 303.132438 ns
1871.255321,46.072033,303.132438
[time 8.87 s, user 8.10 s, sys 0.73 s, maxrss 731980 KB]
[busy 916 jiffies]
[exit 0]
--- xcdat 15   load 1.13 1.13 1.06
build time: 2086.363223 ms
space cost: 67.281871 MiB (102.411514% of original size 65.697565 MiB)
avg latency: 204.922757 ns
2086.363223,67.281871,204.922757
[time 8.04 s, user 7.29 s, sys 0.72 s, maxrss 775684 KB]
[busy 825 jiffies]
[exit 0]
--- xcdat 16   load 1.11 1.12 1.06
build time: 1872.717519 ms
space cost: 71.808467 MiB (109.301565% of original size 65.697565 MiB)
avg latency: 240.880266 ns
1872.717519,71.808467,240.880266
[time 8.23 s, user 7.48 s, sys 0.71 s, maxrss 784028 KB]
[busy 846 jiffies]
[exit 0]

##### opaque-10000000 (10000000 lines, 170000000 bytes)   round 3/3   2026-09-26T07:53:26+03:00
--- lexindex dict32   load 1.02 1.10 1.05
10000000 keys
lexindex DictIndex block 32: build 876 ms, size 98.166 MiB (10.293 B/key), latency cold 573.1 ns, then mean 567.9 / min 566.7 ns
876.391,98.166037,573.061
[time 29.36 s, user 36.32 s, sys 1.96 s, maxrss 1421396 KB]
[busy 3931 jiffies]
[exit 0]
--- lexindex dict256   load 1.01 1.09 1.05
10000000 keys
lexindex DictIndex block 256: build 879 ms, size 95.809 MiB (10.046 B/key), latency cold 546.0 ns, then mean 536.6 / min 535.8 ns
878.820,95.808618,545.953
[time 28.18 s, user 35.32 s, sys 2.00 s, maxrss 1426912 KB]
[busy 3824 jiffies]
[exit 0]
--- lexindex dict1024   load 0.92 1.06 1.04
10000000 keys
lexindex DictIndex block 1024: build 879 ms, size 94.924 MiB (9.953 B/key), latency cold 547.9 ns, then mean 547.4 / min 546.8 ns
879.118,94.923699,547.874
[time 28.54 s, user 35.60 s, sys 2.03 s, maxrss 1401320 KB]
[busy 3860 jiffies]
[exit 0]
--- lexindex routed32   load 0.95 1.06 1.04
10000000 keys
lexindex DictIndex block 32 routed: build 908 ms, size 102.934 MiB (10.793 B/key), latency cold 553.5 ns, then mean 550.6 / min 549.9 ns
907.852,102.934408,553.500
[time 28.71 s, user 35.73 s, sys 2.00 s, maxrss 1428272 KB]
[busy 3887 jiffies]
[exit 0]
--- lexindex routed256   load 0.97 1.05 1.04
10000000 keys
lexindex DictIndex block 256 routed: build 901 ms, size 100.577 MiB (10.546 B/key), latency cold 457.3 ns, then mean 456.9 / min 456.1 ns
900.647,100.577050,457.345
[time 24.91 s, user 32.02 s, sys 2.01 s, maxrss 1429248 KB]
[busy 3489 jiffies]
[exit 0]
--- lexindex routed1024   load 0.90 1.03 1.03
10000000 keys
lexindex DictIndex block 1024 routed: build 886 ms, size 97.308 MiB (10.203 B/key), latency cold 450.2 ns, then mean 449.9 / min 449.3 ns
886.195,97.307977,450.164
[time 24.64 s, user 31.67 s, sys 2.03 s, maxrss 1415128 KB]
[busy 3462 jiffies]
[exit 0]
--- lexindex string   load 1.05 1.06 1.04
10000000 keys
lexindex StringIndex: build 11086 ms, size 204.743 MiB (21.469 B/key), latency cold 482.1 ns, then mean 471.3 / min 469.4 ns
11085.618,204.742606,482.137
[time 35.76 s, user 34.81 s, sys 0.81 s, maxrss 1502412 KB]
[busy 3671 jiffies]
[exit 0]
--- lexindex hashed0   load 1.03 1.05 1.04
10000000 keys
lexindex HashedDictIndex closed: build 1859 ms, size 126.701 MiB (13.286 B/key), latency cold 72.3 ns, then mean 72.3 / min 71.9 ns
1858.795,126.701365,72.258
[time 10.47 s, user 18.25 s, sys 2.16 s, maxrss 1458084 KB]
[busy 2093 jiffies]
[exit 0]
--- lexindex hashed8   load 1.02 1.05 1.03
10000000 keys
lexindex HashedDictIndex fp=8: build 1857 ms, size 136.238 MiB (14.286 B/key), latency cold 77.4 ns, then mean 77.2 / min 76.6 ns
1856.772,136.238108,77.360
[time 10.69 s, user 18.51 s, sys 2.17 s, maxrss 1466340 KB]
[busy 2115 jiffies]
[exit 0]
--- lexindex hashed16   load 1.02 1.04 1.03
10000000 keys
lexindex HashedDictIndex fp=16: build 1882 ms, size 145.775 MiB (15.286 B/key), latency cold 78.0 ns, then mean 77.9 / min 77.3 ns
1882.405,145.774851,78.007
[time 10.76 s, user 18.68 s, sys 2.17 s, maxrss 1472732 KB]
[busy 2140 jiffies]
[exit 0]
--- lexindex da   skipped: exit 3 in round 1
--- c2 case 0 rec 0   load 1.97 1.26 1.10
[TEST C2-FST]
Processing dataset...
Done!
Building trie...
Done!
build time: 12545.138604 ms (1254.513860 ns per key)
space cost: 168.524103 MB (110.443956% of original size 152.587891 MB)
Querying trie...
Done!
total time: 6884.230338 ms, avg latency: 688.423034 ns
topology: 7.322502 MB, link: 33.678872 MB, data: 127.522729 MB
--- Unary Path Analysis (FST, cutoff=4) ---
  shared unary steps in main trie: 26453
  terminal suffixes: inplace=0 (avg len=0.00)  links=10000000 (100.0% of terminal)
  link len: avg=10.54  max=11  total_chars=105416542
  link length distribution (len:count):  8:18  9:1442  10:92299  11:4394462  12:5511779
12545.138604,168.524103,688.423034
[PASSED]
[time 28.54 s, user 26.57 s, sys 1.85 s, maxrss 2353720 KB]
[busy 2929 jiffies]
[exit 0]
--- c2 case 0 rec 1   load 1.59 1.23 1.10
[TEST C2-FST]
Processing dataset...
Done!
Building trie...
trie size: 46.253762 MB
Done!
build time: 23605.492802 ms (2360.549280 ns per key)
space cost: 168.524103 MB (110.443956% of original size 152.587891 MB)
Querying trie...
Done!
total time: 6850.823220 ms, avg latency: 685.082322 ns
topology: 7.322502 MB, link: 33.678872 MB, data: 127.522729 MB
--- Unary Path Analysis (FST, cutoff=4) ---
  shared unary steps in main trie: 26453
  terminal suffixes: inplace=0 (avg len=0.00)  links=10000000 (100.0% of terminal)
  link len: avg=10.54  max=11  total_chars=105416542
  link length distribution (len:count):  8:18  9:1442  10:92299  11:4394462  12:5511779
23605.492802,168.524103,685.082322
[PASSED]
[time 39.55 s, user 37.10 s, sys 2.29 s, maxrss 2822624 KB]
[busy 4072 jiffies]
[exit 0]
--- c2 case 0 rec 2   load 1.30 1.20 1.09
[TEST C2-FST]
Processing dataset...
Done!
Building trie...
trie size: 46.253762 MB
Done!
build time: 23723.753631 ms (2372.375363 ns per key)
space cost: 168.524103 MB (110.443956% of original size 152.587891 MB)
Querying trie...
Done!
total time: 6870.974163 ms, avg latency: 687.097416 ns
topology: 7.322502 MB, link: 33.678872 MB, data: 127.522729 MB
--- Unary Path Analysis (FST, cutoff=4) ---
  shared unary steps in main trie: 26453
  terminal suffixes: inplace=0 (avg len=0.00)  links=10000000 (100.0% of terminal)
  link len: avg=10.54  max=11  total_chars=105416542
  link length distribution (len:count):  8:18  9:1442  10:92299  11:4394462  12:5511779
23723.753631,168.524103,687.097416
[PASSED]
[time 39.73 s, user 37.24 s, sys 2.32 s, maxrss 2822512 KB]
[busy 4091 jiffies]
[exit 0]
--- c2 case 1 rec 0   load 1.15 1.17 1.09
[TEST C2-CoCo(LOUDS-Sparse)]
Processing dataset...
Done!
Building trie...
Done!
build time: 15381.439981 ms (1538.143998 ns per key)
space cost: 161.439246 MB (105.800824% of original size 152.587891 MB)
Querying trie...
Done!
total time: 7056.762539 ms, avg latency: 705.676254 ns
topology: 3.310211 MB, link: 34.003298 MB, data: 124.125737 MB
15381.439981,161.439246,705.676254
[PASSED]
[time 31.55 s, user 28.90 s, sys 2.52 s, maxrss 3322232 KB]
[busy 3237 jiffies]
[exit 0]
--- c2 case 1 rec 1   load 1.08 1.15 1.08
[TEST C2-CoCo(LOUDS-Sparse)]
Processing dataset...
Done!
Building trie...
trie size: 46.253762 MB
Done!
build time: 26470.326857 ms (2647.032686 ns per key)
space cost: 161.439246 MB (105.800824% of original size 152.587891 MB)
Querying trie...
Done!
total time: 7103.229012 ms, avg latency: 710.322901 ns
topology: 3.310211 MB, link: 34.003298 MB, data: 124.125737 MB
26470.326857,161.439246,710.322901
[PASSED]
[time 42.62 s, user 39.60 s, sys 2.84 s, maxrss 3790852 KB]
[busy 4378 jiffies]
[exit 0]
--- c2 case 1 rec 2   load 1.04 1.13 1.08
[TEST C2-CoCo(LOUDS-Sparse)]
Processing dataset...
Done!
Building trie...
trie size: 46.253762 MB
Done!
build time: 26428.758609 ms (2642.875861 ns per key)
space cost: 161.439246 MB (105.800824% of original size 152.587891 MB)
Querying trie...
Done!
total time: 6949.667195 ms, avg latency: 694.966719 ns
topology: 3.310211 MB, link: 34.003298 MB, data: 124.125737 MB
26428.758609,161.439246,694.966719
[PASSED]
[time 42.65 s, user 39.63 s, sys 2.85 s, maxrss 3790872 KB]
[busy 4386 jiffies]
[exit 0]
--- c2 case 2 rec 0   load 1.08 1.13 1.08
[TEST C2-MARISA]
Processing dataset...
Done!
Building trie...
trie size: 18.021462 MB
Done!
build time: 11316.737176 ms (1131.673718 ns per key)
space cost: 165.523580 MB (108.477533% of original size 152.587891 MB)
Querying trie...
Done!
total time: 5624.025937 ms, avg latency: 562.402594 ns
topology: 5.929127 MB, link: 32.190027 MB, data: 127.076301 MB
--- Unary Path Analysis (Marisa, cutoff=3) ---
  branches: 12335636  |  single-char: 2309593 (18.7%)  short-unary: 25639 (0.2%)  links: 10000404 (81.1%)
  link len: avg=12.54  max=13  total_chars=125417760
  link length distribution (len:count):  3:398  4:6  9:18  10:1442  11:92299  12:4394462  13:5511779
  short unary avg len: 2.00
11316.737176,165.523580,562.402594
[PASSED]
[time 26.08 s, user 24.11 s, sys 1.85 s, maxrss 2276368 KB]
[busy 2688 jiffies]
[exit 0]
--- c2 case 2 rec 1   load 0.97 1.10 1.07
[TEST C2-MARISA]
Processing dataset...
Done!
Building trie...
trie size: 18.021462 MB
trie size: 46.255407 MB
Done!
build time: 22189.050083 ms (2218.905008 ns per key)
space cost: 165.523580 MB (108.477533% of original size 152.587891 MB)
Querying trie...
Done!
total time: 5628.779561 ms, avg latency: 562.877956 ns
topology: 5.929127 MB, link: 32.190027 MB, data: 127.076301 MB
--- Unary Path Analysis (Marisa, cutoff=3) ---
  branches: 12335636  |  single-char: 2309593 (18.7%)  short-unary: 25639 (0.2%)  links: 10000404 (81.1%)
  link len: avg=12.54  max=13  total_chars=125417760
  link length distribution (len:count):  3:398  4:6  9:18  10:1442  11:92299  12:4394462  13:5511779
  short unary avg len: 2.00
22189.050083,165.523580,562.877956
[PASSED]
[time 36.93 s, user 34.51 s, sys 2.26 s, maxrss 2779040 KB]
[busy 3801 jiffies]
[exit 0]
--- c2 case 2 rec 2   load 1.06 1.10 1.07
[TEST C2-MARISA]
Processing dataset...
Done!
Building trie...
trie size: 18.021462 MB
trie size: 46.255407 MB
Done!
build time: 22190.976313 ms (2219.097631 ns per key)
space cost: 165.523580 MB (108.477533% of original size 152.587891 MB)
Querying trie...
Done!
total time: 5665.818815 ms, avg latency: 566.581882 ns
topology: 5.929127 MB, link: 32.190027 MB, data: 127.076301 MB
--- Unary Path Analysis (Marisa, cutoff=3) ---
  branches: 12335636  |  single-char: 2309593 (18.7%)  short-unary: 25639 (0.2%)  links: 10000404 (81.1%)
  link len: avg=12.54  max=13  total_chars=125417760
  link length distribution (len:count):  3:398  4:6  9:18  10:1442  11:92299  12:4394462  13:5511779
  short unary avg len: 2.00
22190.976313,165.523580,566.581882
[PASSED]
[time 37.01 s, user 34.52 s, sys 2.32 s, maxrss 2779344 KB]
[busy 3808 jiffies]
[exit 0]
--- c2 case 3 rec 0   load 1.03 1.08 1.07
[TEST FST]
Processing dataset...
Done!
Building trie...
Done!
build time: 8735.449822 ms (873.544982 ns per key)
space cost: 166.730864 MB (109.268739% of original size 152.587891 MB)
Querying trie...
Done!
total time: 5451.512119 ms, avg latency: 545.151212 ns
not implemented
8735.449822,166.730864,545.151212
[PASSED]
[time 23.28 s, user 22.00 s, sys 1.19 s, maxrss 1425228 KB]
[busy 2390 jiffies]
[exit 0]
--- c2 case 4 rec 0   skipped: exit 134 in round 1
--- c2 case 5 rec 0   load 1.02 1.08 1.07
[TEST MARISA]
Processing dataset...
Done!
Building trie...
Done!
build time: 6200.939083 ms (620.093908 ns per key)
space cost: 172.390432 MB (112.977794% of original size 152.587891 MB)
Querying trie...
Done!
total time: 9223.440522 ms, avg latency: 922.344052 ns
not implemented
6200.939083,172.390432,922.344052
[PASSED]
[time 24.47 s, user 22.79 s, sys 1.57 s, maxrss 1756076 KB]
[busy 2525 jiffies]
[exit 0]
--- c2 case 5 rec 1   load 1.08 1.09 1.07
[TEST MARISA]
Processing dataset...
Done!
Building trie...
Done!
build time: 9605.692337 ms (960.569234 ns per key)
space cost: 174.772559 MB (114.538944% of original size 152.587891 MB)
Querying trie...
Done!
total time: 19050.449469 ms, avg latency: 1905.044947 ns
not implemented
9605.692337,174.772559,1905.044947
[PASSED]
[time 37.74 s, user 35.69 s, sys 1.89 s, maxrss 1745996 KB]
[busy 3878 jiffies]
[exit 0]
--- c2 case 5 rec 2   load 0.96 1.06 1.06
[TEST MARISA]
Processing dataset...
Done!
Building trie...
Done!
build time: 12728.029948 ms (1272.802995 ns per key)
space cost: 174.781183 MB (114.544596% of original size 152.587891 MB)
Querying trie...
Done!
total time: 30719.273845 ms, avg latency: 3071.927384 ns
not implemented
12728.029948,174.781183,3071.927384
[PASSED]
[time 52.53 s, user 50.24 s, sys 2.07 s, maxrss 1801780 KB]
[busy 5408 jiffies]
[exit 0]
--- c2 case 6 rec 0   load 0.98 1.05 1.06
[TEST PDT]
Processing dataset...
Done!
Building trie...
dict size: 177886, stream size: 123770486
Done!
build time: 115523.360141 ms (11552.336014 ns per key)
space cost: 130.971906 MB (85.833748% of original size 152.587891 MB)
Querying trie...
Done!
total time: 9298.197243 ms, avg latency: 929.819724 ns
not implemented
115523.360141,130.971906,929.819724
[PASSED]
[time 133.93 s, user 131.54 s, sys 1.88 s, maxrss 2154000 KB]
[busy 13753 jiffies]
[exit 0]
--- c2 case 7 rec 0   load 1.00 1.03 1.04
[TEST ART]
Processing dataset...
Done!
Building trie...
Done!
build time: 1572.050782 ms (157.205078 ns per key)
space cost: 281.783142 MB (184.669400% of original size 152.587891 MB)
Querying trie...
Done!
total time: 2534.784220 ms, avg latency: 253.478422 ns
not implemented
1572.050782,281.783142,253.478422
[PASSED]
[time 13.30 s, user 12.09 s, sys 1.15 s, maxrss 1719136 KB]
[busy 1365 jiffies]
[exit 0]
--- c2 case 8 rec 0   load 1.00 1.02 1.04
[TEST CART]
Processing dataset...
Done!
Building trie...
Done!
build time: 1950.760296 ms (195.076030 ns per key)
space cost: 110.237770 MB (72.245425% of original size 152.587891 MB)
Querying trie...
Done!
total time: 3509.512803 ms, avg latency: 350.951280 ns
not implemented
1950.760296,110.237770,350.951280
[PASSED]
[time 14.62 s, user 13.52 s, sys 1.03 s, maxrss 1556896 KB]
[busy 1504 jiffies]
[exit 0]
--- xcdat 7   load 1.00 1.02 1.04
build time: 10257.869302 ms
space cost: 200.245496 MiB (131.232888% of original size 152.587891 MiB)
avg latency: 399.042197 ns
10257.869302,200.245496,399.042197
[time 23.45 s, user 21.66 s, sys 1.68 s, maxrss 1677640 KB]
[busy 2412 jiffies]
[exit 0]
--- xcdat 8   load 1.00 1.02 1.04
build time: 10481.495091 ms
space cost: 194.729631 MiB (127.618011% of original size 152.587891 MiB)
avg latency: 407.548109 ns
10481.495091,194.729631,407.548109
[time 23.82 s, user 22.04 s, sys 1.67 s, maxrss 1658644 KB]
[busy 2449 jiffies]
[exit 0]
--- xcdat 15   load 1.00 1.02 1.04
build time: 10673.285250 ms
space cost: 206.548369 MiB (135.363539% of original size 152.587891 MiB)
avg latency: 332.461080 ns
10673.285250,206.548369,332.461080
[time 23.23 s, user 21.42 s, sys 1.71 s, maxrss 1675528 KB]
[busy 2392 jiffies]
[exit 0]
--- xcdat 16   load 1.00 1.02 1.03
build time: 10463.851963 ms
space cost: 209.774417 MiB (137.477762% of original size 152.587891 MiB)
avg latency: 356.643030 ns
10463.851963,209.774417,356.643030
[time 23.18 s, user 21.44 s, sys 1.64 s, maxrss 1682016 KB]
[busy 2380 jiffies]
[exit 0]

##### titles-en-10000000 (10000000 lines, 219718589 bytes)   round 3/3   2026-09-26T08:09:47+03:00
--- lexindex dict32   load 1.00 1.01 1.03
10000000 keys
lexindex DictIndex block 32: build 1922 ms, size 58.395 MiB (6.123 B/key), latency cold 670.8 ns, then mean 668.3 / min 667.7 ns
1922.380,58.395205,670.756
[time 35.09 s, user 50.60 s, sys 1.52 s, maxrss 1711152 KB]
[busy 5344 jiffies]
[exit 0]
--- lexindex dict256   load 1.00 1.01 1.03
10000000 keys
lexindex DictIndex block 256: build 1985 ms, size 53.891 MiB (5.651 B/key), latency cold 648.8 ns, then mean 646.8 / min 646.1 ns
1985.097,53.891209,648.834
[time 34.27 s, user 50.25 s, sys 1.45 s, maxrss 1701720 KB]
[busy 5289 jiffies]
[exit 0]
--- lexindex dict1024   load 1.00 1.01 1.02
10000000 keys
lexindex DictIndex block 1024: build 1936 ms, size 52.239 MiB (5.478 B/key), latency cold 688.9 ns, then mean 689.2 / min 687.6 ns
1936.054,52.238668,688.927
[time 35.89 s, user 51.51 s, sys 1.53 s, maxrss 1696932 KB]
[busy 5440 jiffies]
[exit 0]
--- lexindex routed32   load 1.07 1.02 1.03
10000000 keys
lexindex DictIndex block 32 routed: build 1940 ms, size 63.164 MiB (6.623 B/key), latency cold 628.7 ns, then mean 625.1 / min 623.9 ns
1939.966,63.163577,628.693
[time 33.37 s, user 48.86 s, sys 1.46 s, maxrss 1718376 KB]
[busy 5149 jiffies]
[exit 0]
--- lexindex routed256   load 1.04 1.02 1.02
10000000 keys
lexindex DictIndex block 256 routed: build 2005 ms, size 58.660 MiB (6.151 B/key), latency cold 548.3 ns, then mean 548.5 / min 547.7 ns
2004.672,58.659641,548.348
[time 30.33 s, user 46.35 s, sys 1.47 s, maxrss 1703840 KB]
[busy 4896 jiffies]
[exit 0]
--- lexindex routed1024   load 0.94 1.00 1.01
10000000 keys
lexindex DictIndex block 1024 routed: build 1953 ms, size 54.623 MiB (5.728 B/key), latency cold 574.7 ns, then mean 573.6 / min 572.5 ns
1953.029,54.622946,574.723
[time 31.29 s, user 46.86 s, sys 1.48 s, maxrss 1698332 KB]
[busy 4950 jiffies]
[exit 0]
--- lexindex string   load 1.70 1.21 1.09
10000000 keys
lexindex StringIndex: build 8116 ms, size 126.354 MiB (13.249 B/key), latency cold 685.3 ns, then mean 680.8 / min 680.2 ns
8116.358,126.354340,685.295
[time 41.68 s, user 40.73 s, sys 0.78 s, maxrss 1572360 KB]
[busy 4273 jiffies]
[exit 0]
--- lexindex hashed0   load 1.25 1.16 1.08
10000000 keys
lexindex HashedDictIndex closed: build 3037 ms, size 84.783 MiB (8.890 B/key), latency cold 66.9 ns, then mean 66.8 / min 66.7 ns
3036.860,84.782593,66.853
[time 12.13 s, user 29.03 s, sys 1.60 s, maxrss 1731604 KB]
[busy 3119 jiffies]
[exit 0]
--- lexindex hashed8   load 2.24 1.38 1.15
10000000 keys
lexindex HashedDictIndex fp=8: build 3054 ms, size 94.319 MiB (9.890 B/key), latency cold 75.7 ns, then mean 75.3 / min 74.9 ns
3054.024,94.319336,75.713
[time 12.51 s, user 29.15 s, sys 1.64 s, maxrss 1742896 KB]
[busy 3146 jiffies]
[exit 0]
--- lexindex hashed16   load 1.97 1.37 1.15
10000000 keys
lexindex HashedDictIndex fp=16: build 3072 ms, size 103.856 MiB (10.890 B/key), latency cold 76.3 ns, then mean 76.3 / min 75.9 ns
3071.862,103.856079,76.275
[time 12.54 s, user 29.19 s, sys 1.63 s, maxrss 1749788 KB]
[busy 3140 jiffies]
[exit 0]
--- lexindex da   skipped: exit 3 in round 1
--- c2 case 0 rec 0   load 1.67 1.33 1.14
[TEST C2-FST]
Processing dataset...
Done!
Building trie...
Done!
build time: 10714.830524 ms (1071.483052 ns per key)
space cost: 86.858212 MB (43.428404% of original size 200.003232 MB)
Querying trie...
Done!
total time: 11923.165009 ms, avg latency: 1192.316501 ns
topology: 11.274200 MB, link: 21.160836 MB, data: 54.423176 MB
--- Unary Path Analysis (FST, cutoff=4) ---
  shared unary steps in main trie: 9042618
  terminal suffixes: inplace=1798982 (avg len=2.14)  links=6599643 (78.6% of terminal)
  link len: avg=9.93  max=234  total_chars=65543603
  link length distribution (len:count):  4:783104  5:760158  6:695828  7:589022  8:475587  9:402890  10:359960  11:287809  12:252754  13:211229  14:291790  15:204192  16:188465  17:134915  18:119234  19:103940  20:94864  21:79457  22:68801  23:57526  24:51335  25:45253  26:43170  27:36068  28:31115  29:26944  30:23808  31:20749  32:18599  33:16316  34:14256  35:12616  36:11654  37:10097  38:8350  39:7410  40:6438  41:5768  42:5227  43:4358  44:3828  45:3564  46:3239  47:2673  48:2418  49:2015  50:1930  51:1676  52:1473  53:1343  54:1226  55:1070  56:979  57:898  58:769  59:736  60:626  61:563  62:597  63:542  64:428  65:419  66:401  67:383  68:320  69:311  70:276  71:263  72:227  73:216  74:189  75:189  76:152  77:176  78:161  79:141  80:122  81:127  82:110  83:97  84:90  85:90  86:88  87:88  88:62  89:58  90:57  91:55  92:60  93:54  94:47  95:39  96:52  97:43  98:41  99:43  100:34  101:29  102:20  103:25  104:38  105:22  106:19  107:21  108:27  109:17  110:17  111:15  112:20  113:20  114:14  115:18  116:19  117:10  118:15  119:19  120:13  121:11  122:5  123:13  124:11  125:8  126:8  127:8  128:10  129:12  130:6  131:9  132:1  133:8  134:7  135:4  136:6  137:4  138:7  139:6  140:3  141:3  142:1  143:5  144:3  145:5  146:2  147:3  148:3  149:8  150:6  151:3  152:5  153:5  154:4  155:5  156:4  157:2  158:2  159:3  160:6  162:6  163:1  164:1  165:3  166:3  167:6  168:2  169:1  170:1  171:3  172:1  173:1  174:3  175:1  176:1  177:2  178:2  179:4  180:1  182:1  184:2  185:1  188:2  189:1  191:1  193:4  194:1  195:1  198:3  199:2  200:1  201:1  204:3  205:2  206:1  208:1  209:4  210:1  211:1  213:1  214:1  215:1  217:1  223:1  224:2  228:1  229:1  230:1  231:1  233:1  235:1
10714.830524,86.858212,1192.316501
[PASSED]
[time 30.57 s, user 29.04 s, sys 1.40 s, maxrss 1462416 KB]
[busy 3138 jiffies]
[exit 0]
--- c2 case 0 rec 1   load 1.41 1.30 1.13
[TEST C2-FST]
Processing dataset...
Done!
Building trie...
trie size: 22.733012 MB
Done!
build time: 12530.240657 ms (1253.024066 ns per key)
space cost: 75.770544 MB (37.884660% of original size 200.003232 MB)
Querying trie...
Done!
total time: 14236.402760 ms, avg latency: 1423.640276 ns
topology: 13.082478 MB, link: 20.816256 MB, data: 41.871811 MB
--- Unary Path Analysis (FST, cutoff=4) ---
  shared unary steps in main trie: 9042618
  terminal suffixes: inplace=1798982 (avg len=2.14)  links=6599643 (78.6% of terminal)
  link len: avg=9.93  max=234  total_chars=65543603
  link length distribution (len:count):  4:783104  5:760158  6:695828  7:589022  8:475587  9:402890  10:359960  11:287809  12:252754  13:211229  14:291790  15:204192  16:188465  17:134915  18:119234  19:103940  20:94864  21:79457  22:68801  23:57526  24:51335  25:45253  26:43170  27:36068  28:31115  29:26944  30:23808  31:20749  32:18599  33:16316  34:14256  35:12616  36:11654  37:10097  38:8350  39:7410  40:6438  41:5768  42:5227  43:4358  44:3828  45:3564  46:3239  47:2673  48:2418  49:2015  50:1930  51:1676  52:1473  53:1343  54:1226  55:1070  56:979  57:898  58:769  59:736  60:626  61:563  62:597  63:542  64:428  65:419  66:401  67:383  68:320  69:311  70:276  71:263  72:227  73:216  74:189  75:189  76:152  77:176  78:161  79:141  80:122  81:127  82:110  83:97  84:90  85:90  86:88  87:88  88:62  89:58  90:57  91:55  92:60  93:54  94:47  95:39  96:52  97:43  98:41  99:43  100:34  101:29  102:20  103:25  104:38  105:22  106:19  107:21  108:27  109:17  110:17  111:15  112:20  113:20  114:14  115:18  116:19  117:10  118:15  119:19  120:13  121:11  122:5  123:13  124:11  125:8  126:8  127:8  128:10  129:12  130:6  131:9  132:1  133:8  134:7  135:4  136:6  137:4  138:7  139:6  140:3  141:3  142:1  143:5  144:3  145:5  146:2  147:3  148:3  149:8  150:6  151:3  152:5  153:5  154:4  155:5  156:4  157:2  158:2  159:3  160:6  162:6  163:1  164:1  165:3  166:3  167:6  168:2  169:1  170:1  171:3  172:1  173:1  174:3  175:1  176:1  177:2  178:2  179:4  180:1  182:1  184:2  185:1  188:2  189:1  191:1  193:4  194:1  195:1  198:3  199:2  200:1  201:1  204:3  205:2  206:1  208:1  209:4  210:1  211:1  213:1  214:1  215:1  217:1  223:1  224:2  228:1  229:1  230:1  231:1  233:1  235:1
12530.240657,75.770544,1423.640276
[PASSED]
[time 34.73 s, user 33.18 s, sys 1.40 s, maxrss 1338732 KB]
[busy 3569 jiffies]
[exit 0]
--- c2 case 0 rec 2   load 1.29 1.28 1.13
[TEST C2-FST]
Processing dataset...
Done!
Building trie...
trie size: 22.733012 MB
trie size: 3.280537 MB
Done!
build time: 12988.752039 ms (1298.875204 ns per key)
space cost: 75.770544 MB (37.884660% of original size 200.003232 MB)
Querying trie...
Done!
total time: 14376.902620 ms, avg latency: 1437.690262 ns
topology: 13.082478 MB, link: 20.816256 MB, data: 41.871811 MB
--- Unary Path Analysis (FST, cutoff=4) ---
  shared unary steps in main trie: 9042618
  terminal suffixes: inplace=1798982 (avg len=2.14)  links=6599643 (78.6% of terminal)
  link len: avg=9.93  max=234  total_chars=65543603
  link length distribution (len:count):  4:783104  5:760158  6:695828  7:589022  8:475587  9:402890  10:359960  11:287809  12:252754  13:211229  14:291790  15:204192  16:188465  17:134915  18:119234  19:103940  20:94864  21:79457  22:68801  23:57526  24:51335  25:45253  26:43170  27:36068  28:31115  29:26944  30:23808  31:20749  32:18599  33:16316  34:14256  35:12616  36:11654  37:10097  38:8350  39:7410  40:6438  41:5768  42:5227  43:4358  44:3828  45:3564  46:3239  47:2673  48:2418  49:2015  50:1930  51:1676  52:1473  53:1343  54:1226  55:1070  56:979  57:898  58:769  59:736  60:626  61:563  62:597  63:542  64:428  65:419  66:401  67:383  68:320  69:311  70:276  71:263  72:227  73:216  74:189  75:189  76:152  77:176  78:161  79:141  80:122  81:127  82:110  83:97  84:90  85:90  86:88  87:88  88:62  89:58  90:57  91:55  92:60  93:54  94:47  95:39  96:52  97:43  98:41  99:43  100:34  101:29  102:20  103:25  104:38  105:22  106:19  107:21  108:27  109:17  110:17  111:15  112:20  113:20  114:14  115:18  116:19  117:10  118:15  119:19  120:13  121:11  122:5  123:13  124:11  125:8  126:8  127:8  128:10  129:12  130:6  131:9  132:1  133:8  134:7  135:4  136:6  137:4  138:7  139:6  140:3  141:3  142:1  143:5  144:3  145:5  146:2  147:3  148:3  149:8  150:6  151:3  152:5  153:5  154:4  155:5  156:4  157:2  158:2  159:3  160:6  162:6  163:1  164:1  165:3  166:3  167:6  168:2  169:1  170:1  171:3  172:1  173:1  174:3  175:1  176:1  177:2  178:2  179:4  180:1  182:1  184:2  185:1  188:2  189:1  191:1  193:4  194:1  195:1  198:3  199:2  200:1  201:1  204:3  205:2  206:1  208:1  209:4  210:1  211:1  213:1  214:1  215:1  217:1  223:1  224:2  228:1  229:1  230:1  231:1  233:1  235:1
12988.752039,75.770544,1437.690262
[PASSED]
[time 35.29 s, user 33.79 s, sys 1.34 s, maxrss 1364208 KB]
[busy 3639 jiffies]
[exit 0]
--- c2 case 1 rec 0   load 1.16 1.25 1.13
[TEST C2-CoCo(LOUDS-Sparse)]
Processing dataset...
Done!
Building trie...
Done!
build time: 24797.475020 ms (2479.747502 ns per key)
space cost: 98.257762 MB (49.128087% of original size 200.003232 MB)
Querying trie...
Done!
total time: 14948.316629 ms, avg latency: 1494.831663 ns
topology: 4.410110 MB, link: 33.095964 MB, data: 60.751687 MB
24797.475020,98.257762,1494.831663
[PASSED]
[time 47.67 s, user 45.19 s, sys 2.27 s, maxrss 3193736 KB]
[busy 4910 jiffies]
[exit 0]
--- c2 case 1 rec 1   load 1.07 1.21 1.12
[TEST C2-CoCo(LOUDS-Sparse)]
Processing dataset...
Done!
Building trie...
trie size: 22.733012 MB
Done!
build time: 26728.617907 ms (2672.861791 ns per key)
space cost: 87.170093 MB (43.584342% of original size 200.003232 MB)
Querying trie...
Done!
total time: 16946.259923 ms, avg latency: 1694.625992 ns
topology: 6.218388 MB, link: 32.751384 MB, data: 48.200322 MB
26728.617907,87.170093,1694.625992
[PASSED]
[time 51.60 s, user 49.13 s, sys 2.25 s, maxrss 3066336 KB]
[busy 5308 jiffies]
[exit 0]
--- c2 case 1 rec 2   load 0.94 1.15 1.10
[TEST C2-CoCo(LOUDS-Sparse)]
Processing dataset...
Done!
Building trie...
trie size: 22.733012 MB
trie size: 3.280537 MB
Done!
build time: 27280.939425 ms (2728.093943 ns per key)
space cost: 87.170093 MB (43.584342% of original size 200.003232 MB)
Querying trie...
Done!
total time: 16732.696166 ms, avg latency: 1673.269617 ns
topology: 6.218388 MB, link: 32.751384 MB, data: 48.200322 MB
27280.939425,87.170093,1673.269617
[PASSED]
[time 51.90 s, user 49.46 s, sys 2.23 s, maxrss 3089996 KB]
[busy 5331 jiffies]
[exit 0]
--- c2 case 2 rec 0   load 0.98 1.13 1.09
[TEST C2-MARISA]
Processing dataset...
Done!
Building trie...
trie size: 23.317092 MB
Done!
build time: 10523.442942 ms (1052.344294 ns per key)
space cost: 78.192151 MB (39.095444% of original size 200.003232 MB)
Querying trie...
Done!
total time: 7979.938254 ms, avg latency: 797.993825 ns
topology: 7.694263 MB, link: 27.912508 MB, data: 42.257255 MB
--- Unary Path Analysis (Marisa, cutoff=3) ---
  branches: 15080896  |  single-char: 4578086 (30.4%)  short-unary: 1137672 (7.5%)  links: 9365138 (62.1%)
  link len: avg=9.96  max=236  total_chars=93261704
  link length distribution (len:count):  3:947829  4:986562  5:965254  6:903368  7:803217  8:675232  9:535160  10:448828  11:393655  12:313562  13:273926  14:228549  15:306731  16:216481  17:200904  18:144129  19:127804  20:110710  21:100724  22:84358  23:73263  24:61276  25:54434  26:48000  27:45573  28:38180  29:33095  30:28718  31:25581  32:22213  33:19884  34:17374  35:15159  36:13408  37:12318  38:10537  39:8786  40:7764  41:6832  42:6052  43:5427  44:4522  45:3945  46:3695  47:3344  48:2764  49:2509  50:2081  51:1977  52:1721  53:1517  54:1388  55:1255  56:1097  57:1012  58:930  59:785  60:751  61:645  62:578  63:614  64:560  65:436  66:431  67:412  68:392  69:332  70:320  71:285  72:270  73:233  74:225  75:193  76:195  77:155  78:178  79:164  80:147  81:126  82:131  83:112  84:98  85:95  86:92  87:89  88:91  89:63  90:58  91:59  92:55  93:61  94:54  95:48  96:42  97:53  98:43  99:42  100:44  101:35  102:30  103:20  104:25  105:38  106:22  107:19  108:21  109:27  110:17  111:18  112:16  113:20  114:20  115:15  116:18  117:20  118:11  119:16  120:19  121:14  122:12  123:5  124:13  125:12  126:8  127:9  128:8  129:10  130:13  131:6  132:9  133:1  134:8  135:7  136:5  137:7  138:4  139:7  140:6  141:3  142:3  143:1  144:5  145:3  146:5  147:2  148:3  149:3  150:8  151:6  152:3  153:6  154:5  155:4  156:5  157:4  158:2  159:2  160:3  161:6  163:6  164:1  165:1  166:3  167:3  168:6  169:2  170:1  171:1  172:3  173:1  174:1  175:3  176:1  177:1  178:2  179:2  180:4  181:1  183:1  185:3  186:1  189:2  190:1  192:1  194:4  195:2  196:1  199:3  200:3  201:1  202:1  205:3  206:2  207:1  209:1  210:4  211:1  212:1  214:1  215:1  216:1  218:1  224:1  225:2  229:1  230:1  231:1  232:1  234:1  235:1  236:1
  short unary avg len: 2.00
10523.442942,78.192151,797.993825
[PASSED]
[time 26.42 s, user 24.75 s, sys 1.55 s, maxrss 1608544 KB]
[busy 2724 jiffies]
[exit 0]
--- c2 case 2 rec 1   load 0.99 1.11 1.09
[TEST C2-MARISA]
Processing dataset...
Done!
Building trie...
trie size: 23.317092 MB
trie size: 32.530715 MB
Done!
build time: 12830.787029 ms (1283.078703 ns per key)
space cost: 64.832272 MB (32.415612% of original size 200.003232 MB)
Querying trie...
Done!
total time: 10323.074895 ms, avg latency: 1032.307489 ns
topology: 9.978737 MB, link: 28.205211 MB, data: 26.320199 MB
--- Unary Path Analysis (Marisa, cutoff=3) ---
  branches: 15080896  |  single-char: 4578086 (30.4%)  short-unary: 1137672 (7.5%)  links: 9365138 (62.1%)
  link len: avg=9.96  max=236  total_chars=93261704
  link length distribution (len:count):  3:947829  4:986562  5:965254  6:903368  7:803217  8:675232  9:535160  10:448828  11:393655  12:313562  13:273926  14:228549  15:306731  16:216481  17:200904  18:144129  19:127804  20:110710  21:100724  22:84358  23:73263  24:61276  25:54434  26:48000  27:45573  28:38180  29:33095  30:28718  31:25581  32:22213  33:19884  34:17374  35:15159  36:13408  37:12318  38:10537  39:8786  40:7764  41:6832  42:6052  43:5427  44:4522  45:3945  46:3695  47:3344  48:2764  49:2509  50:2081  51:1977  52:1721  53:1517  54:1388  55:1255  56:1097  57:1012  58:930  59:785  60:751  61:645  62:578  63:614  64:560  65:436  66:431  67:412  68:392  69:332  70:320  71:285  72:270  73:233  74:225  75:193  76:195  77:155  78:178  79:164  80:147  81:126  82:131  83:112  84:98  85:95  86:92  87:89  88:91  89:63  90:58  91:59  92:55  93:61  94:54  95:48  96:42  97:53  98:43  99:42  100:44  101:35  102:30  103:20  104:25  105:38  106:22  107:19  108:21  109:27  110:17  111:18  112:16  113:20  114:20  115:15  116:18  117:20  118:11  119:16  120:19  121:14  122:12  123:5  124:13  125:12  126:8  127:9  128:8  129:10  130:13  131:6  132:9  133:1  134:8  135:7  136:5  137:7  138:4  139:7  140:6  141:3  142:3  143:1  144:5  145:3  146:5  147:2  148:3  149:3  150:8  151:6  152:3  153:6  154:5  155:4  156:5  157:4  158:2  159:2  160:3  161:6  163:6  164:1  165:1  166:3  167:3  168:6  169:2  170:1  171:1  172:3  173:1  174:1  175:3  176:1  177:1  178:2  179:2  180:4  181:1  183:1  185:3  186:1  189:2  190:1  192:1  194:4  195:2  196:1  199:3  200:3  201:1  202:1  205:3  206:2  207:1  209:1  210:4  211:1  212:1  214:1  215:1  216:1  218:1  224:1  225:2  229:1  230:1  231:1  232:1  234:1  235:1  236:1
  short unary avg len: 2.00
12830.787029,64.832272,1032.307489
[PASSED]
[time 31.12 s, user 29.49 s, sys 1.50 s, maxrss 1466524 KB]
[busy 3206 jiffies]
[exit 0]
--- c2 case 2 rec 2   load 0.99 1.10 1.08
[TEST C2-MARISA]
Processing dataset...
Done!
Building trie...
trie size: 23.317092 MB
trie size: 32.530715 MB
trie size: 4.028131 MB
Done!
build time: 13467.090033 ms (1346.709003 ns per key)
space cost: 64.832272 MB (32.415612% of original size 200.003232 MB)
Querying trie...
Done!
total time: 10281.277896 ms, avg latency: 1028.127790 ns
topology: 9.978737 MB, link: 28.205211 MB, data: 26.320199 MB
--- Unary Path Analysis (Marisa, cutoff=3) ---
  branches: 15080896  |  single-char: 4578086 (30.4%)  short-unary: 1137672 (7.5%)  links: 9365138 (62.1%)
  link len: avg=9.96  max=236  total_chars=93261704
  link length distribution (len:count):  3:947829  4:986562  5:965254  6:903368  7:803217  8:675232  9:535160  10:448828  11:393655  12:313562  13:273926  14:228549  15:306731  16:216481  17:200904  18:144129  19:127804  20:110710  21:100724  22:84358  23:73263  24:61276  25:54434  26:48000  27:45573  28:38180  29:33095  30:28718  31:25581  32:22213  33:19884  34:17374  35:15159  36:13408  37:12318  38:10537  39:8786  40:7764  41:6832  42:6052  43:5427  44:4522  45:3945  46:3695  47:3344  48:2764  49:2509  50:2081  51:1977  52:1721  53:1517  54:1388  55:1255  56:1097  57:1012  58:930  59:785  60:751  61:645  62:578  63:614  64:560  65:436  66:431  67:412  68:392  69:332  70:320  71:285  72:270  73:233  74:225  75:193  76:195  77:155  78:178  79:164  80:147  81:126  82:131  83:112  84:98  85:95  86:92  87:89  88:91  89:63  90:58  91:59  92:55  93:61  94:54  95:48  96:42  97:53  98:43  99:42  100:44  101:35  102:30  103:20  104:25  105:38  106:22  107:19  108:21  109:27  110:17  111:18  112:16  113:20  114:20  115:15  116:18  117:20  118:11  119:16  120:19  121:14  122:12  123:5  124:13  125:12  126:8  127:9  128:8  129:10  130:13  131:6  132:9  133:1  134:8  135:7  136:5  137:7  138:4  139:7  140:6  141:3  142:3  143:1  144:5  145:3  146:5  147:2  148:3  149:3  150:8  151:6  152:3  153:6  154:5  155:4  156:5  157:4  158:2  159:2  160:3  161:6  163:6  164:1  165:1  166:3  167:3  168:6  169:2  170:1  171:1  172:3  173:1  174:1  175:3  176:1  177:1  178:2  179:2  180:4  181:1  183:1  185:3  186:1  189:2  190:1  192:1  194:4  195:2  196:1  199:3  200:3  201:1  202:1  205:3  206:2  207:1  209:1  210:4  211:1  212:1  214:1  215:1  216:1  218:1  224:1  225:2  229:1  230:1  231:1  232:1  234:1  235:1  236:1
  short unary avg len: 2.00
13467.090033,64.832272,1028.127790
[PASSED]
[time 31.69 s, user 30.06 s, sys 1.49 s, maxrss 1496528 KB]
[busy 3260 jiffies]
[exit 0]
--- c2 case 3 rec 0   load 0.92 1.07 1.08
[TEST FST]
Processing dataset...
Done!
Building trie...
Done!
build time: 9758.538961 ms (975.853896 ns per key)
space cost: 86.740355 MB (43.369476% of original size 200.003232 MB)
Querying trie...
Done!
total time: 14223.849800 ms, avg latency: 1422.384980 ns
not implemented
9758.538961,86.740355,1422.384980
[PASSED]
[time 31.96 s, user 30.85 s, sys 0.97 s, maxrss 1233372 KB]
[busy 3282 jiffies]
[exit 0]
--- c2 case 4 rec 0   skipped: exit 134 in round 1
--- c2 case 5 rec 0   load 0.95 1.06 1.07
[TEST MARISA]
Processing dataset...
Done!
Building trie...
Done!
build time: 6676.255683 ms (667.625568 ns per key)
space cost: 79.225293 MB (39.612006% of original size 200.003232 MB)
Querying trie...
Done!
total time: 10661.709184 ms, avg latency: 1066.170918 ns
not implemented
6676.255683,79.225293,1066.170918
[PASSED]
[time 25.15 s, user 23.61 s, sys 1.43 s, maxrss 1612440 KB]
[busy 2590 jiffies]
[exit 0]
--- c2 case 5 rec 1   load 0.97 1.06 1.07
[TEST MARISA]
Processing dataset...
Done!
Building trie...
Done!
build time: 7838.907197 ms (783.890720 ns per key)
space cost: 58.000221 MB (28.999642% of original size 200.003232 MB)
Querying trie...
Done!
total time: 14319.877398 ms, avg latency: 1431.987740 ns
not implemented
7838.907197,58.000221,1431.987740
[PASSED]
[time 30.02 s, user 28.44 s, sys 1.45 s, maxrss 1612276 KB]
[busy 3089 jiffies]
[exit 0]
--- c2 case 5 rec 2   load 0.98 1.05 1.07
[TEST MARISA]
Processing dataset...
Done!
Building trie...
Done!
build time: 8010.796538 ms (801.079654 ns per key)
space cost: 54.499722 MB (27.249420% of original size 200.003232 MB)
Querying trie...
Done!
total time: 15325.080162 ms, avg latency: 1532.508016 ns
not implemented
8010.796538,54.499722,1532.508016
[PASSED]
[time 31.19 s, user 29.60 s, sys 1.46 s, maxrss 1612188 KB]
[busy 3217 jiffies]
[exit 0]
--- c2 case 6 rec 0   load 0.99 1.04 1.06
[TEST PDT]
Processing dataset...
Done!
Building trie...
dict size: 157532, stream size: 58361417
Done!
build time: 26048.172291 ms (2604.817229 ns per key)
space cost: 68.573545 MB (34.286219% of original size 200.003232 MB)
Querying trie...
Done!
total time: 10850.773231 ms, avg latency: 1085.077323 ns
not implemented
26048.172291,68.573545,1085.077323
[PASSED]
[time 44.81 s, user 43.18 s, sys 1.45 s, maxrss 1317044 KB]
[busy 4591 jiffies]
[exit 0]
--- c2 case 7 rec 0   load 1.00 1.03 1.06
[TEST ART]
Processing dataset...
Done!
Building trie...
Done!
build time: 1967.965801 ms (196.796580 ns per key)
space cost: 339.123360 MB (169.558940% of original size 200.003232 MB)
Querying trie...
Done!
total time: 7052.252983 ms, avg latency: 705.225298 ns
not implemented
1967.965801,339.123360,705.225298
[PASSED]
[time 17.05 s, user 15.82 s, sys 1.16 s, maxrss 1739728 KB]
[busy 1749 jiffies]
[exit 0]
--- c2 case 8 rec 0   load 1.00 1.03 1.06
[TEST CART]
Processing dataset...
Done!
Building trie...
Done!
build time: 2593.279445 ms (259.327945 ns per key)
space cost: 157.938812 MB (78.968130% of original size 200.003232 MB)
Querying trie...
Done!
total time: 7244.925997 ms, avg latency: 724.492600 ns
not implemented
2593.279445,157.938812,724.492600
[PASSED]
[time 17.78 s, user 16.59 s, sys 1.10 s, maxrss 1617860 KB]
[busy 1825 jiffies]
[exit 0]
--- xcdat 7   load 0.99 1.03 1.06
build time: 7509.129562 ms
space cost: 112.423756 MiB (56.210969% of original size 200.003232 MiB)
avg latency: 736.875208 ns
7509.129562,112.423756,736.875208
[time 22.92 s, user 21.36 s, sys 1.46 s, maxrss 1456408 KB]
[busy 2360 jiffies]
[exit 0]
--- xcdat 8   load 1.00 1.03 1.05
build time: 7216.309885 ms
space cost: 108.349843 MiB (54.174046% of original size 200.003232 MiB)
avg latency: 696.394444 ns
7216.309885,108.349843,696.394444
[time 22.15 s, user 20.59 s, sys 1.46 s, maxrss 1452356 KB]
[busy 2331 jiffies]
[exit 0]
--- xcdat 15   load 1.00 1.02 1.05
build time: 7449.604528 ms
space cost: 133.023680 MiB (66.510765% of original size 200.003232 MiB)
avg latency: 564.146613 ns
7449.604528,133.023680,564.146613
[time 21.09 s, user 19.52 s, sys 1.48 s, maxrss 1503844 KB]
[busy 2172 jiffies]
[exit 0]
--- xcdat 16   load 0.92 1.00 1.04
build time: 7145.255788 ms
space cost: 139.139603 MiB (69.568677% of original size 200.003232 MiB)
avg latency: 604.113348 ns
7145.255788,139.139603,604.113348
[time 21.22 s, user 19.65 s, sys 1.48 s, maxrss 1507844 KB]
[busy 2185 jiffies]
[exit 0]

##### urls-10000000 (10000000 lines, 533677969 bytes)   round 3/3   2026-09-26T08:25:23+03:00
--- lexindex dict32   load 0.94 1.00 1.04
10000000 keys
lexindex DictIndex block 32: build 2032 ms, size 68.020 MiB (7.132 B/key), latency cold 760.4 ns, then mean 758.4 / min 757.9 ns
2032.417,68.020096,760.424
[time 39.61 s, user 56.12 s, sys 1.73 s, maxrss 2294280 KB]
[busy 5926 jiffies]
[exit 0]
--- lexindex dict256   load 0.97 1.00 1.04
10000000 keys
lexindex DictIndex block 256: build 2077 ms, size 55.162 MiB (5.784 B/key), latency cold 741.9 ns, then mean 739.3 / min 738.6 ns
2077.185,55.161706,741.895
[time 38.88 s, user 55.93 s, sys 1.74 s, maxrss 2256624 KB]
[busy 5913 jiffies]
[exit 0]
--- lexindex dict1024   load 0.99 1.00 1.03
10000000 keys
lexindex DictIndex block 1024: build 2034 ms, size 52.739 MiB (5.530 B/key), latency cold 745.8 ns, then mean 744.2 / min 742.7 ns
2033.593,52.739459,745.843
[time 39.02 s, user 55.54 s, sys 1.74 s, maxrss 2245204 KB]
[busy 5871 jiffies]
[exit 0]
--- lexindex routed32   load 1.00 1.00 1.03
10000000 keys
lexindex DictIndex block 32 routed: build 2048 ms, size 72.788 MiB (7.632 B/key), latency cold 709.3 ns, then mean 708.2 / min 707.4 ns
2047.931,72.788467,709.324
[time 37.59 s, user 54.10 s, sys 1.74 s, maxrss 2288068 KB]
[busy 5719 jiffies]
[exit 0]
--- lexindex routed256   load 1.00 1.00 1.03
10000000 keys
lexindex DictIndex block 256 routed: build 2104 ms, size 59.930 MiB (6.284 B/key), latency cold 627.8 ns, then mean 628.7 / min 626.7 ns
2103.668,59.930139,627.775
[time 34.45 s, user 51.47 s, sys 1.75 s, maxrss 2263384 KB]
[busy 5454 jiffies]
[exit 0]
--- lexindex routed1024   load 1.00 1.00 1.02
10000000 keys
lexindex DictIndex block 1024 routed: build 2053 ms, size 55.124 MiB (5.780 B/key), latency cold 633.9 ns, then mean 633.9 / min 633.8 ns
2052.524,55.123736,633.884
[time 34.59 s, user 51.30 s, sys 1.68 s, maxrss 2248420 KB]
[busy 5439 jiffies]
[exit 0]
--- lexindex string   load 1.00 1.00 1.02
10000000 keys
lexindex StringIndex: build 9221 ms, size 124.922 MiB (13.099 B/key), latency cold 743.1 ns, then mean 741.9 / min 740.6 ns
9221.487,124.921756,743.080
[time 46.00 s, user 44.68 s, sys 1.14 s, maxrss 2137620 KB]
[busy 4713 jiffies]
[exit 0]
--- lexindex hashed0   load 1.00 1.00 1.02
10000000 keys
lexindex HashedDictIndex closed: build 3239 ms, size 86.056 MiB (9.024 B/key), latency cold 78.8 ns, then mean 78.6 / min 78.5 ns
3238.602,86.055507,78.774
[time 13.59 s, user 31.47 s, sys 1.81 s, maxrss 2289284 KB]
[busy 3394 jiffies]
[exit 0]
--- lexindex hashed8   load 2.03 1.23 1.09
10000000 keys
lexindex HashedDictIndex fp=8: build 3213 ms, size 95.592 MiB (10.024 B/key), latency cold 99.9 ns, then mean 99.0 / min 95.7 ns
3213.031,95.592250,99.931
[time 14.41 s, user 32.12 s, sys 1.85 s, maxrss 2298284 KB]
[busy 3466 jiffies]
[exit 0]
--- lexindex hashed16   load 2.61 1.40 1.15
10000000 keys
lexindex HashedDictIndex fp=16: build 3249 ms, size 105.129 MiB (11.024 B/key), latency cold 99.8 ns, then mean 100.4 / min 96.2 ns
3249.068,105.128993,99.786
[time 14.46 s, user 32.25 s, sys 1.84 s, maxrss 2306600 KB]
[busy 3478 jiffies]
[exit 0]
--- lexindex da   skipped: exit 3 in round 1
--- c2 case 0 rec 0   load 3.02 1.58 1.21
[TEST C2-FST]
Processing dataset...
Done!
Building trie...
Done!
build time: 12141.870625 ms (1214.187062 ns per key)
space cost: 89.769738 MB (17.974862% of original size 499.418229 MB)
Querying trie...
Done!
total time: 15965.826036 ms, avg latency: 1596.582604 ns
topology: 11.665031 MB, link: 21.507524 MB, data: 56.597183 MB
--- Unary Path Analysis (FST, cutoff=4) ---
  shared unary steps in main trie: 10222647
  terminal suffixes: inplace=1703226 (avg len=2.16)  links=6715973 (79.8% of terminal)
  link len: avg=10.80  max=659  total_chars=72556931
  link length distribution (len:count):  4:696901  5:673915  6:668087  7:559938  8:460143  9:408987  10:371411  11:317336  12:286791  13:230146  14:219886  15:194657  16:260212  17:141485  18:132694  19:152516  20:142603  21:91996  22:80093  23:71031  24:65911  25:55655  26:49759  27:43541  28:39655  29:33371  30:31744  31:26630  32:22544  33:19836  34:17416  35:15244  36:14777  37:12475  38:10684  39:9704  40:8252  41:7414  42:7187  43:6077  44:4975  45:4415  46:4008  47:3641  48:3548  49:3129  50:2543  51:2408  52:2048  53:1756  54:1822  55:1758  56:1478  57:1179  58:1174  59:1028  60:1021  61:1008  62:800  63:782  64:703  65:577  66:564  67:679  68:553  69:459  70:394  71:348  72:410  73:498  74:336  75:309  76:287  77:230  78:220  79:262  80:269  81:251  82:214  83:163  84:154  85:231  86:178  87:132  88:144  89:127  90:127  91:212  92:153  93:106  94:107  95:76  96:81  97:157  98:106  99:86  100:109  101:82  102:64  103:107  104:90  105:70  106:58  107:55  108:63  109:130  110:83  111:45  112:41  113:46  114:39  115:60  116:60  117:41  118:52  119:37  120:39  121:51  122:48  123:30  124:24  125:39  126:42  127:48  128:44  129:34  130:23  131:19  132:20  133:26  134:27  135:27  136:16  137:30  138:27  139:16  140:24  141:15  142:13  143:23  144:25  145:30  146:25  147:14  148:7  149:15  150:16  151:9  152:19  153:25  154:20  155:19  156:17  157:10  158:12  159:18  160:5  161:5  162:9  163:10  164:14  165:17  166:11  167:8  168:6  169:2  170:5  171:9  172:11  173:14  174:10  175:6  176:8  177:8  178:8  179:7  180:8  181:5  182:7  183:9  184:6  185:5  186:4  187:6  188:7  189:12  190:7  191:5  192:3  193:7  194:3  195:5  196:2  197:4  198:3  199:6  200:8  201:7  202:9  204:4  205:5  206:5  207:1  208:12  209:3  210:7  211:2  212:2  213:2  214:4  215:2  216:4  217:3  218:6  219:4  220:3  221:3  222:2  223:4  224:2  225:3  226:3  227:3  228:3  229:1  231:4  232:1  233:1  234:2  235:2  236:4  237:4  238:2  239:1  240:1  241:1  242:1  243:5  245:2  246:2  247:2  249:1  250:1  251:1  252:3  254:3  255:6  256:2  257:2  259:1  260:1  261:4  262:3  263:1  264:1  265:1  268:4  270:1  271:1  272:1  273:1  274:1  276:2  280:1  285:1  286:1  287:1  293:1  294:1  300:1  303:1  304:2  305:2  307:1  310:1  318:1  322:1  327:1  328:2  329:3  330:1  333:1  336:1  340:2  347:1  348:1  350:2  352:1  355:1  367:1  379:1  386:1  391:1  419:1  442:1  446:3  449:1  596:1  649:1  660:1
12141.870625,89.769738,1596.582604
[PASSED]
[time 38.24 s, user 36.24 s, sys 1.83 s, maxrss 2073528 KB]
[busy 3940 jiffies]
[exit 0]
--- c2 case 0 rec 1   load 2.13 1.51 1.20
[TEST C2-FST]
Processing dataset...
Done!
Building trie...
trie size: 23.143724 MB
Done!
build time: 14227.628501 ms (1422.762850 ns per key)
space cost: 78.247462 MB (15.667723% of original size 499.418229 MB)
Querying trie...
Done!
total time: 18670.141946 ms, avg latency: 1867.014195 ns
topology: 13.508587 MB, link: 21.314508 MB, data: 43.424367 MB
--- Unary Path Analysis (FST, cutoff=4) ---
  shared unary steps in main trie: 10222647
  terminal suffixes: inplace=1703226 (avg len=2.16)  links=6715973 (79.8% of terminal)
  link len: avg=10.80  max=659  total_chars=72556931
  link length distribution (len:count):  4:696901  5:673915  6:668087  7:559938  8:460143  9:408987  10:371411  11:317336  12:286791  13:230146  14:219886  15:194657  16:260212  17:141485  18:132694  19:152516  20:142603  21:91996  22:80093  23:71031  24:65911  25:55655  26:49759  27:43541  28:39655  29:33371  30:31744  31:26630  32:22544  33:19836  34:17416  35:15244  36:14777  37:12475  38:10684  39:9704  40:8252  41:7414  42:7187  43:6077  44:4975  45:4415  46:4008  47:3641  48:3548  49:3129  50:2543  51:2408  52:2048  53:1756  54:1822  55:1758  56:1478  57:1179  58:1174  59:1028  60:1021  61:1008  62:800  63:782  64:703  65:577  66:564  67:679  68:553  69:459  70:394  71:348  72:410  73:498  74:336  75:309  76:287  77:230  78:220  79:262  80:269  81:251  82:214  83:163  84:154  85:231  86:178  87:132  88:144  89:127  90:127  91:212  92:153  93:106  94:107  95:76  96:81  97:157  98:106  99:86  100:109  101:82  102:64  103:107  104:90  105:70  106:58  107:55  108:63  109:130  110:83  111:45  112:41  113:46  114:39  115:60  116:60  117:41  118:52  119:37  120:39  121:51  122:48  123:30  124:24  125:39  126:42  127:48  128:44  129:34  130:23  131:19  132:20  133:26  134:27  135:27  136:16  137:30  138:27  139:16  140:24  141:15  142:13  143:23  144:25  145:30  146:25  147:14  148:7  149:15  150:16  151:9  152:19  153:25  154:20  155:19  156:17  157:10  158:12  159:18  160:5  161:5  162:9  163:10  164:14  165:17  166:11  167:8  168:6  169:2  170:5  171:9  172:11  173:14  174:10  175:6  176:8  177:8  178:8  179:7  180:8  181:5  182:7  183:9  184:6  185:5  186:4  187:6  188:7  189:12  190:7  191:5  192:3  193:7  194:3  195:5  196:2  197:4  198:3  199:6  200:8  201:7  202:9  204:4  205:5  206:5  207:1  208:12  209:3  210:7  211:2  212:2  213:2  214:4  215:2  216:4  217:3  218:6  219:4  220:3  221:3  222:2  223:4  224:2  225:3  226:3  227:3  228:3  229:1  231:4  232:1  233:1  234:2  235:2  236:4  237:4  238:2  239:1  240:1  241:1  242:1  243:5  245:2  246:2  247:2  249:1  250:1  251:1  252:3  254:3  255:6  256:2  257:2  259:1  260:1  261:4  262:3  263:1  264:1  265:1  268:4  270:1  271:1  272:1  273:1  274:1  276:2  280:1  285:1  286:1  287:1  293:1  294:1  300:1  303:1  304:2  305:2  307:1  310:1  318:1  322:1  327:1  328:2  329:3  330:1  333:1  336:1  340:2  347:1  348:1  350:2  352:1  355:1  367:1  379:1  386:1  391:1  419:1  442:1  446:3  449:1  596:1  649:1  660:1
14227.628501,78.247462,1867.014195
[PASSED]
[time 43.02 s, user 41.08 s, sys 1.76 s, maxrss 2062156 KB]
[busy 4435 jiffies]
[exit 0]
--- c2 case 0 rec 2   load 1.53 1.44 1.19
[TEST C2-FST]
Processing dataset...
Done!
Building trie...
trie size: 23.143724 MB
trie size: 3.515203 MB
Done!
build time: 14742.577252 ms (1474.257725 ns per key)
space cost: 78.247462 MB (15.667723% of original size 499.418229 MB)
Querying trie...
Done!
total time: 18611.194608 ms, avg latency: 1861.119461 ns
topology: 13.508587 MB, link: 21.314508 MB, data: 43.424367 MB
--- Unary Path Analysis (FST, cutoff=4) ---
  shared unary steps in main trie: 10222647
  terminal suffixes: inplace=1703226 (avg len=2.16)  links=6715973 (79.8% of terminal)
  link len: avg=10.80  max=659  total_chars=72556931
  link length distribution (len:count):  4:696901  5:673915  6:668087  7:559938  8:460143  9:408987  10:371411  11:317336  12:286791  13:230146  14:219886  15:194657  16:260212  17:141485  18:132694  19:152516  20:142603  21:91996  22:80093  23:71031  24:65911  25:55655  26:49759  27:43541  28:39655  29:33371  30:31744  31:26630  32:22544  33:19836  34:17416  35:15244  36:14777  37:12475  38:10684  39:9704  40:8252  41:7414  42:7187  43:6077  44:4975  45:4415  46:4008  47:3641  48:3548  49:3129  50:2543  51:2408  52:2048  53:1756  54:1822  55:1758  56:1478  57:1179  58:1174  59:1028  60:1021  61:1008  62:800  63:782  64:703  65:577  66:564  67:679  68:553  69:459  70:394  71:348  72:410  73:498  74:336  75:309  76:287  77:230  78:220  79:262  80:269  81:251  82:214  83:163  84:154  85:231  86:178  87:132  88:144  89:127  90:127  91:212  92:153  93:106  94:107  95:76  96:81  97:157  98:106  99:86  100:109  101:82  102:64  103:107  104:90  105:70  106:58  107:55  108:63  109:130  110:83  111:45  112:41  113:46  114:39  115:60  116:60  117:41  118:52  119:37  120:39  121:51  122:48  123:30  124:24  125:39  126:42  127:48  128:44  129:34  130:23  131:19  132:20  133:26  134:27  135:27  136:16  137:30  138:27  139:16  140:24  141:15  142:13  143:23  144:25  145:30  146:25  147:14  148:7  149:15  150:16  151:9  152:19  153:25  154:20  155:19  156:17  157:10  158:12  159:18  160:5  161:5  162:9  163:10  164:14  165:17  166:11  167:8  168:6  169:2  170:5  171:9  172:11  173:14  174:10  175:6  176:8  177:8  178:8  179:7  180:8  181:5  182:7  183:9  184:6  185:5  186:4  187:6  188:7  189:12  190:7  191:5  192:3  193:7  194:3  195:5  196:2  197:4  198:3  199:6  200:8  201:7  202:9  204:4  205:5  206:5  207:1  208:12  209:3  210:7  211:2  212:2  213:2  214:4  215:2  216:4  217:3  218:6  219:4  220:3  221:3  222:2  223:4  224:2  225:3  226:3  227:3  228:3  229:1  231:4  232:1  233:1  234:2  235:2  236:4  237:4  238:2  239:1  240:1  241:1  242:1  243:5  245:2  246:2  247:2  249:1  250:1  251:1  252:3  254:3  255:6  256:2  257:2  259:1  260:1  261:4  262:3  263:1  264:1  265:1  268:4  270:1  271:1  272:1  273:1  274:1  276:2  280:1  285:1  286:1  287:1  293:1  294:1  300:1  303:1  304:2  305:2  307:1  310:1  318:1  322:1  327:1  328:2  329:3  330:1  333:1  336:1  340:2  347:1  348:1  350:2  352:1  355:1  367:1  379:1  386:1  391:1  419:1  442:1  446:3  449:1  596:1  649:1  660:1
14742.577252,78.247462,1861.119461
[PASSED]
[time 43.48 s, user 41.53 s, sys 1.77 s, maxrss 2061928 KB]
[busy 4480 jiffies]
[exit 0]
--- c2 case 1 rec 0   load 1.25 1.38 1.18
[TEST C2-CoCo(LOUDS-Sparse)]
Processing dataset...
Done!
Building trie...
Done!
build time: 28998.625816 ms (2899.862582 ns per key)
space cost: 94.593055 MB (18.940649% of original size 499.418229 MB)
Querying trie...
Done!
total time: 16058.420834 ms, avg latency: 1605.842083 ns
topology: 4.283638 MB, link: 32.108927 MB, data: 58.200490 MB
28998.625816,94.593055,1605.842083
[PASSED]
[time 55.19 s, user 52.27 s, sys 2.69 s, maxrss 3698612 KB]
[busy 5681 jiffies]
[exit 0]
--- c2 case 1 rec 1   load 1.10 1.31 1.17
[TEST C2-CoCo(LOUDS-Sparse)]
Processing dataset...
Done!
Building trie...
trie size: 23.143724 MB
Done!
build time: 30918.777708 ms (3091.877771 ns per key)
space cost: 83.070779 MB (16.633510% of original size 499.418229 MB)
Querying trie...
Done!
total time: 18579.009156 ms, avg latency: 1857.900916 ns
topology: 6.127193 MB, link: 31.915912 MB, data: 45.027674 MB
30918.777708,83.070779,1857.900916
[PASSED]
[time 59.64 s, user 56.74 s, sys 2.66 s, maxrss 3571908 KB]
[busy 6119 jiffies]
[exit 0]
--- c2 case 1 rec 2   load 1.03 1.25 1.16
[TEST C2-CoCo(LOUDS-Sparse)]
Processing dataset...
Done!
Building trie...
trie size: 23.143724 MB
trie size: 3.515203 MB
Done!
build time: 31506.017210 ms (3150.601721 ns per key)
space cost: 83.070779 MB (16.633510% of original size 499.418229 MB)
Querying trie...
Done!
total time: 18671.043981 ms, avg latency: 1867.104398 ns
topology: 6.127193 MB, link: 31.915912 MB, data: 45.027674 MB
31506.017210,83.070779,1867.104398
[PASSED]
[time 60.31 s, user 57.44 s, sys 2.62 s, maxrss 3592980 KB]
[busy 6196 jiffies]
[exit 0]
--- c2 case 2 rec 0   load 1.01 1.20 1.14
[TEST C2-MARISA]
Processing dataset...
Done!
Building trie...
trie size: 23.210503 MB
Done!
build time: 12100.577684 ms (1210.057768 ns per key)
space cost: 79.565398 MB (15.931617% of original size 499.418229 MB)
Querying trie...
Done!
total time: 9061.501466 ms, avg latency: 906.150147 ns
topology: 7.658741 MB, link: 28.820719 MB, data: 42.757813 MB
--- Unary Path Analysis (Marisa, cutoff=3) ---
  branches: 15006864  |  single-char: 4344202 (28.9%)  short-unary: 992777 (6.6%)  links: 9669885 (64.4%)
  link len: avg=10.53  max=661  total_chars=101846674
  link length distribution (len:count):  3:979135  4:1063854  5:889005  6:816748  7:783836  8:655792  9:527524  10:470175  11:410531  12:348158  13:310501  14:249595  15:236303  16:208521  17:272348  18:152006  19:142197  20:160137  21:150517  22:97740  23:85053  24:75097  25:69397  26:58698  27:52492  28:46035  29:41825  30:35181  31:33558  32:28138  33:24094  34:21147  35:18522  36:16174  37:15646  38:13222  39:11318  40:10241  41:8684  42:7727  43:7580  44:6353  45:5175  46:4565  47:4156  48:3773  49:3667  50:3232  51:2627  52:2472  53:2112  54:1827  55:1870  56:1795  57:1516  58:1219  59:1198  60:1058  61:1063  62:1033  63:824  64:809  65:724  66:596  67:588  68:699  69:566  70:477  71:404  72:358  73:423  74:508  75:343  76:316  77:296  78:242  79:228  80:271  81:278  82:260  83:218  84:168  85:161  86:237  87:180  88:132  89:149  90:129  91:130  92:217  93:157  94:107  95:107  96:78  97:83  98:157  99:108  100:88  101:113  102:83  103:68  104:108  105:90  106:73  107:60  108:55  109:66  110:134  111:84  112:45  113:42  114:46  115:41  116:61  117:60  118:41  119:55  120:38  121:39  122:51  123:48  124:32  125:24  126:41  127:42  128:50  129:45  130:34  131:23  132:21  133:21  134:26  135:27  136:27  137:16  138:30  139:28  140:17  141:24  142:16  143:13  144:23  145:25  146:30  147:25  148:14  149:7  150:15  151:16  152:9  153:20  154:26  155:21  156:19  157:17  158:10  159:13  160:18  161:5  162:5  163:10  164:10  165:15  166:17  167:11  168:8  169:6  170:2  171:5  172:9  173:11  174:14  175:10  176:6  177:8  178:9  179:8  180:7  181:8  182:5  183:7  184:9  185:7  186:5  187:4  188:6  189:7  190:12  191:7  192:5  193:3  194:7  195:3  196:5  197:2  198:4  199:3  200:7  201:8  202:7  203:9  205:4  206:5  207:5  208:2  209:13  210:3  211:8  212:2  213:2  214:2  215:4  216:2  217:4  218:3  219:6  220:5  221:4  222:3  223:2  224:4  225:2  226:3  227:3  228:3  229:3  230:1  232:4  233:1  234:1  235:2  236:2  237:4  238:5  239:2  240:1  241:1  242:2  243:1  244:5  246:2  247:2  248:2  250:1  251:1  252:1  253:3  255:3  256:6  257:2  258:2  260:1  261:1  262:4  263:3  264:1  265:1  266:1  269:4  271:1  272:1  273:1  274:1  275:1  277:2  281:1  286:1  287:1  288:1  294:1  295:1  301:1  304:1  305:2  306:2  308:1  309:1  311:1  319:1  323:1  328:1  329:2  330:3  331:1  334:1  337:1  341:2  348:1  349:1  351:2  353:1  356:1  368:1  380:1  387:1  392:1  420:1  443:1  447:3  450:1  597:1  650:1  661:1
  short unary avg len: 2.00
12100.577684,79.565398,906.150147
[PASSED]
[time 31.35 s, user 29.21 s, sys 2.01 s, maxrss 2063608 KB]
[busy 3238 jiffies]
[exit 0]
--- c2 case 2 rec 1   load 1.00 1.18 1.14
[TEST C2-MARISA]
Processing dataset...
Done!
Building trie...
trie size: 23.210503 MB
trie size: 33.431739 MB
Done!
build time: 14404.037351 ms (1440.403735 ns per key)
space cost: 66.026621 MB (13.220707% of original size 499.418229 MB)
Querying trie...
Done!
total time: 12057.642044 ms, avg latency: 1205.764204 ns
topology: 9.965065 MB, link: 29.247737 MB, data: 26.485694 MB
--- Unary Path Analysis (Marisa, cutoff=3) ---
  branches: 15006864  |  single-char: 4344202 (28.9%)  short-unary: 992777 (6.6%)  links: 9669885 (64.4%)
  link len: avg=10.53  max=661  total_chars=101846674
  link length distribution (len:count):  3:979135  4:1063854  5:889005  6:816748  7:783836  8:655792  9:527524  10:470175  11:410531  12:348158  13:310501  14:249595  15:236303  16:208521  17:272348  18:152006  19:142197  20:160137  21:150517  22:97740  23:85053  24:75097  25:69397  26:58698  27:52492  28:46035  29:41825  30:35181  31:33558  32:28138  33:24094  34:21147  35:18522  36:16174  37:15646  38:13222  39:11318  40:10241  41:8684  42:7727  43:7580  44:6353  45:5175  46:4565  47:4156  48:3773  49:3667  50:3232  51:2627  52:2472  53:2112  54:1827  55:1870  56:1795  57:1516  58:1219  59:1198  60:1058  61:1063  62:1033  63:824  64:809  65:724  66:596  67:588  68:699  69:566  70:477  71:404  72:358  73:423  74:508  75:343  76:316  77:296  78:242  79:228  80:271  81:278  82:260  83:218  84:168  85:161  86:237  87:180  88:132  89:149  90:129  91:130  92:217  93:157  94:107  95:107  96:78  97:83  98:157  99:108  100:88  101:113  102:83  103:68  104:108  105:90  106:73  107:60  108:55  109:66  110:134  111:84  112:45  113:42  114:46  115:41  116:61  117:60  118:41  119:55  120:38  121:39  122:51  123:48  124:32  125:24  126:41  127:42  128:50  129:45  130:34  131:23  132:21  133:21  134:26  135:27  136:27  137:16  138:30  139:28  140:17  141:24  142:16  143:13  144:23  145:25  146:30  147:25  148:14  149:7  150:15  151:16  152:9  153:20  154:26  155:21  156:19  157:17  158:10  159:13  160:18  161:5  162:5  163:10  164:10  165:15  166:17  167:11  168:8  169:6  170:2  171:5  172:9  173:11  174:14  175:10  176:6  177:8  178:9  179:8  180:7  181:8  182:5  183:7  184:9  185:7  186:5  187:4  188:6  189:7  190:12  191:7  192:5  193:3  194:7  195:3  196:5  197:2  198:4  199:3  200:7  201:8  202:7  203:9  205:4  206:5  207:5  208:2  209:13  210:3  211:8  212:2  213:2  214:2  215:4  216:2  217:4  218:3  219:6  220:5  221:4  222:3  223:2  224:4  225:2  226:3  227:3  228:3  229:3  230:1  232:4  233:1  234:1  235:2  236:2  237:4  238:5  239:2  240:1  241:1  242:2  243:1  244:5  246:2  247:2  248:2  250:1  251:1  252:1  253:3  255:3  256:6  257:2  258:2  260:1  261:1  262:4  263:3  264:1  265:1  266:1  269:4  271:1  272:1  273:1  274:1  275:1  277:2  281:1  286:1  287:1  288:1  294:1  295:1  301:1  304:1  305:2  306:2  308:1  309:1  311:1  319:1  323:1  328:1  329:2  330:3  331:1  334:1  337:1  341:2  348:1  349:1  351:2  353:1  356:1  368:1  380:1  387:1  392:1  420:1  443:1  447:3  450:1  597:1  650:1  661:1
  short unary avg len: 2.00
14404.037351,66.026621,1205.764204
[PASSED]
[time 36.63 s, user 34.57 s, sys 1.91 s, maxrss 2050016 KB]
[busy 3769 jiffies]
[exit 0]
--- c2 case 2 rec 2   load 1.05 1.17 1.13
[TEST C2-MARISA]
Processing dataset...
Done!
Building trie...
trie size: 23.210503 MB
trie size: 33.431739 MB
trie size: 4.248938 MB
Done!
build time: 15132.073191 ms (1513.207319 ns per key)
space cost: 66.026621 MB (13.220707% of original size 499.418229 MB)
Querying trie...
Done!
total time: 12038.540407 ms, avg latency: 1203.854041 ns
topology: 9.965065 MB, link: 29.247737 MB, data: 26.485694 MB
--- Unary Path Analysis (Marisa, cutoff=3) ---
  branches: 15006864  |  single-char: 4344202 (28.9%)  short-unary: 992777 (6.6%)  links: 9669885 (64.4%)
  link len: avg=10.53  max=661  total_chars=101846674
  link length distribution (len:count):  3:979135  4:1063854  5:889005  6:816748  7:783836  8:655792  9:527524  10:470175  11:410531  12:348158  13:310501  14:249595  15:236303  16:208521  17:272348  18:152006  19:142197  20:160137  21:150517  22:97740  23:85053  24:75097  25:69397  26:58698  27:52492  28:46035  29:41825  30:35181  31:33558  32:28138  33:24094  34:21147  35:18522  36:16174  37:15646  38:13222  39:11318  40:10241  41:8684  42:7727  43:7580  44:6353  45:5175  46:4565  47:4156  48:3773  49:3667  50:3232  51:2627  52:2472  53:2112  54:1827  55:1870  56:1795  57:1516  58:1219  59:1198  60:1058  61:1063  62:1033  63:824  64:809  65:724  66:596  67:588  68:699  69:566  70:477  71:404  72:358  73:423  74:508  75:343  76:316  77:296  78:242  79:228  80:271  81:278  82:260  83:218  84:168  85:161  86:237  87:180  88:132  89:149  90:129  91:130  92:217  93:157  94:107  95:107  96:78  97:83  98:157  99:108  100:88  101:113  102:83  103:68  104:108  105:90  106:73  107:60  108:55  109:66  110:134  111:84  112:45  113:42  114:46  115:41  116:61  117:60  118:41  119:55  120:38  121:39  122:51  123:48  124:32  125:24  126:41  127:42  128:50  129:45  130:34  131:23  132:21  133:21  134:26  135:27  136:27  137:16  138:30  139:28  140:17  141:24  142:16  143:13  144:23  145:25  146:30  147:25  148:14  149:7  150:15  151:16  152:9  153:20  154:26  155:21  156:19  157:17  158:10  159:13  160:18  161:5  162:5  163:10  164:10  165:15  166:17  167:11  168:8  169:6  170:2  171:5  172:9  173:11  174:14  175:10  176:6  177:8  178:9  179:8  180:7  181:8  182:5  183:7  184:9  185:7  186:5  187:4  188:6  189:7  190:12  191:7  192:5  193:3  194:7  195:3  196:5  197:2  198:4  199:3  200:7  201:8  202:7  203:9  205:4  206:5  207:5  208:2  209:13  210:3  211:8  212:2  213:2  214:2  215:4  216:2  217:4  218:3  219:6  220:5  221:4  222:3  223:2  224:4  225:2  226:3  227:3  228:3  229:3  230:1  232:4  233:1  234:1  235:2  236:2  237:4  238:5  239:2  240:1  241:1  242:2  243:1  244:5  246:2  247:2  248:2  250:1  251:1  252:1  253:3  255:3  256:6  257:2  258:2  260:1  261:1  262:4  263:3  264:1  265:1  266:1  269:4  271:1  272:1  273:1  274:1  275:1  277:2  281:1  286:1  287:1  288:1  294:1  295:1  301:1  304:1  305:2  306:2  308:1  309:1  311:1  319:1  323:1  328:1  329:2  330:3  331:1  334:1  337:1  341:2  348:1  349:1  351:2  353:1  356:1  368:1  380:1  387:1  392:1  420:1  443:1  447:3  450:1  597:1  650:1  661:1
  short unary avg len: 2.00
15132.073191,66.026621,1203.854041
[PASSED]
[time 37.33 s, user 35.26 s, sys 1.91 s, maxrss 2050016 KB]
[busy 3844 jiffies]
[exit 0]
--- c2 case 3 rec 0   load 1.02 1.15 1.13
[TEST FST]
Processing dataset...
Done!
Building trie...
Done!
build time: 15812.262480 ms (1581.226248 ns per key)
space cost: 90.985074 MB (18.218212% of original size 499.418229 MB)
Querying trie...
Done!
total time: 20118.410759 ms, avg latency: 2011.841076 ns
not implemented
15812.262480,90.985074,2011.841076
[PASSED]
[time 46.08 s, user 44.53 s, sys 1.36 s, maxrss 2073580 KB]
[busy 4736 jiffies]
[exit 0]
--- c2 case 4 rec 0   skipped: exit 134 in round 1
--- c2 case 5 rec 0   load 1.01 1.12 1.12
[TEST MARISA]
Processing dataset...
Done!
Building trie...
Done!
build time: 11086.946787 ms (1108.694679 ns per key)
space cost: 82.540893 MB (16.527409% of original size 499.418229 MB)
Querying trie...
Done!
total time: 11387.625046 ms, avg latency: 1138.762505 ns
not implemented
11086.946787,82.540893,1138.762505
[PASSED]
[time 32.38 s, user 30.52 s, sys 1.71 s, maxrss 2342416 KB]
[busy 3338 jiffies]
[exit 0]
--- c2 case 5 rec 1   load 1.00 1.11 1.11
[TEST MARISA]
Processing dataset...
Done!
Building trie...
Done!
build time: 12356.722087 ms (1235.672209 ns per key)
space cost: 59.449470 MB (11.903744% of original size 499.418229 MB)
Querying trie...
Done!
total time: 15208.807831 ms, avg latency: 1520.880783 ns
not implemented
12356.722087,59.449470,1520.880783
[PASSED]
[time 37.39 s, user 35.45 s, sys 1.78 s, maxrss 2342188 KB]
[busy 3846 jiffies]
[exit 0]
--- c2 case 5 rec 2   load 1.00 1.10 1.10
[TEST MARISA]
Processing dataset...
Done!
Building trie...
Done!
build time: 12442.945252 ms (1244.294525 ns per key)
space cost: 55.623455 MB (11.137650% of original size 499.418229 MB)
Querying trie...
Done!
total time: 16439.453733 ms, avg latency: 1643.945373 ns
not implemented
12442.945252,55.623455,1643.945373
[PASSED]
[time 38.71 s, user 36.78 s, sys 1.76 s, maxrss 2342264 KB]
[busy 3987 jiffies]
[exit 0]
--- c2 case 6 rec 0   load 1.00 1.08 1.10
[TEST PDT]
Processing dataset...
Done!
Building trie...
dict size: 156234, stream size: 59837983
Done!
build time: 27990.620044 ms (2799.062004 ns per key)
space cost: 69.980471 MB (14.012398% of original size 499.418229 MB)
Querying trie...
Done!
total time: 11986.441265 ms, avg latency: 1198.644127 ns
not implemented
27990.620044,69.980471,1198.644127
[PASSED]
[time 50.08 s, user 48.00 s, sys 1.87 s, maxrss 2053716 KB]
[busy 5133 jiffies]
[exit 0]
--- c2 case 7 rec 0   load 1.04 1.08 1.09
[TEST ART]
Processing dataset...
Done!
Building trie...
Done!
build time: 3632.984170 ms (363.298417 ns per key)
space cost: 341.430801 MB (68.365707% of original size 499.418229 MB)
Querying trie...
Done!
total time: 8716.206739 ms, avg latency: 871.620674 ns
not implemented
3632.984170,341.430801,871.620674
[PASSED]
[time 22.59 s, user 20.84 s, sys 1.64 s, maxrss 2884876 KB]
[busy 2318 jiffies]
[exit 0]
--- c2 case 8 rec 0   load 1.02 1.07 1.09
[TEST CART]
Processing dataset...
Done!
Building trie...
Done!
build time: 4221.878347 ms (422.187835 ns per key)
space cost: 160.654354 MB (32.168300% of original size 499.418229 MB)
Querying trie...
Done!
total time: 9640.693402 ms, avg latency: 964.069340 ns
not implemented
4221.878347,160.654354,964.069340
[PASSED]
[time 24.10 s, user 22.35 s, sys 1.65 s, maxrss 2766172 KB]
[busy 2481 jiffies]
[exit 0]
--- xcdat 7   load 1.01 1.07 1.09
build time: 12790.164424 ms
space cost: 117.959981 MiB (23.619478% of original size 499.418229 MiB)
avg latency: 887.743843 ns
12790.164424,117.959981,887.743843
[time 31.75 s, user 29.77 s, sys 1.85 s, maxrss 2101592 KB]
[busy 3255 jiffies]
[exit 0]
--- xcdat 8   load 1.01 1.06 1.08
build time: 12384.888932 ms
space cost: 114.082344 MiB (22.843048% of original size 499.418229 MiB)
avg latency: 824.507560 ns
12384.888932,114.082344,824.507560
[time 30.73 s, user 28.74 s, sys 1.86 s, maxrss 2097948 KB]
[busy 3165 jiffies]
[exit 0]
--- xcdat 15   load 1.00 1.05 1.08
build time: 12735.426621 ms
space cost: 140.648740 MiB (28.162516% of original size 499.418229 MiB)
avg latency: 690.365166 ns
12735.426621,140.648740,690.365166
[time 29.76 s, user 27.74 s, sys 1.89 s, maxrss 2125248 KB]
[busy 3059 jiffies]
[exit 0]
--- xcdat 16   load 1.00 1.05 1.08
build time: 12442.143175 ms
space cost: 147.118110 MiB (29.457897% of original size 499.418229 MiB)
avg latency: 730.648422 ns
12442.143175,147.118110,730.648422
[time 29.79 s, user 27.74 s, sys 1.92 s, maxrss 2131596 KB]
[busy 3061 jiffies]
[exit 0]

##### uuid-10000000 (10000000 lines, 370000000 bytes)   round 3/3   2026-09-26T08:44:05+03:00
--- lexindex dict32   load 1.05 1.06 1.08
10000000 keys
lexindex DictIndex block 32: build 1134 ms, size 173.033 MiB (18.144 B/key), latency cold 715.2 ns, then mean 712.5 / min 712.4 ns
1134.008,173.033094,715.198
[time 35.88 s, user 44.65 s, sys 2.30 s, maxrss 1921488 KB]
[busy 4817 jiffies]
[exit 0]
--- lexindex dict256   load 0.94 1.03 1.07
10000000 keys
lexindex DictIndex block 256: build 1117 ms, size 167.461 MiB (17.560 B/key), latency cold 662.8 ns, then mean 661.4 / min 660.7 ns
1116.763,167.461316,662.818
[time 33.82 s, user 42.60 s, sys 2.22 s, maxrss 1906720 KB]
[busy 4614 jiffies]
[exit 0]
--- lexindex dict1024   load 1.57 1.22 1.14
10000000 keys
lexindex DictIndex block 1024: build 1113 ms, size 166.102 MiB (17.417 B/key), latency cold 619.1 ns, then mean 614.4 / min 614.2 ns
1113.231,166.101995,619.058
[time 32.00 s, user 40.72 s, sys 2.31 s, maxrss 1903080 KB]
[busy 4416 jiffies]
[exit 0]
--- lexindex routed32   load 2.08 1.41 1.20
10000000 keys
lexindex DictIndex block 32 routed: build 1170 ms, size 177.801 MiB (18.644 B/key), latency cold 615.4 ns, then mean 613.9 / min 613.5 ns
1169.653,177.801466,615.417
[time 31.98 s, user 40.84 s, sys 2.28 s, maxrss 1927104 KB]
[busy 4430 jiffies]
[exit 0]
--- lexindex routed256   load 1.60 1.36 1.19
10000000 keys
lexindex DictIndex block 256 routed: build 1143 ms, size 172.230 MiB (18.060 B/key), latency cold 534.4 ns, then mean 533.6 / min 532.2 ns
1142.855,172.229749,534.372
[time 28.76 s, user 37.57 s, sys 2.16 s, maxrss 1910572 KB]
[busy 4082 jiffies]
[exit 0]
--- lexindex routed1024   load 1.36 1.33 1.18
10000000 keys
lexindex DictIndex block 1024 routed: build 1110 ms, size 168.486 MiB (17.667 B/key), latency cold 535.7 ns, then mean 536.7 / min 535.6 ns
1110.055,168.486272,535.669
[time 28.79 s, user 37.47 s, sys 2.35 s, maxrss 1903864 KB]
[busy 4107 jiffies]
[exit 0]
--- lexindex string   load 2.01 1.52 1.26
10000000 keys
lexindex StringIndex: build 23422 ms, size 343.964 MiB (36.067 B/key), latency cold 576.6 ns, then mean 574.5 / min 573.2 ns
23421.534,343.963631,576.590
[time 52.56 s, user 51.29 s, sys 1.06 s, maxrss 1957136 KB]
[busy 5412 jiffies]
[exit 0]
--- lexindex hashed0   load 1.44 1.44 1.24
10000000 keys
lexindex HashedDictIndex closed: build 2163 ms, size 198.354 MiB (20.799 B/key), latency cold 80.0 ns, then mean 79.6 / min 79.6 ns
2162.672,198.353765,79.977
[time 11.62 s, user 21.12 s, sys 2.43 s, maxrss 1938064 KB]
[busy 2408 jiffies]
[exit 0]
--- lexindex hashed8   load 1.34 1.42 1.24
10000000 keys
lexindex HashedDictIndex fp=8: build 2176 ms, size 207.891 MiB (21.799 B/key), latency cold 95.9 ns, then mean 97.3 / min 93.1 ns
2176.118,207.890509,95.913
[time 12.29 s, user 21.70 s, sys 2.25 s, maxrss 1947548 KB]
[busy 2457 jiffies]
[exit 0]
--- lexindex hashed16   load 1.18 1.38 1.23
10000000 keys
lexindex HashedDictIndex fp=16: build 2231 ms, size 217.427 MiB (22.799 B/key), latency cold 96.4 ns, then mean 97.7 / min 93.3 ns
2231.463,217.427252,96.391
[time 12.36 s, user 21.90 s, sys 2.36 s, maxrss 1957648 KB]
[busy 2489 jiffies]
[exit 0]
--- lexindex da   skipped: exit 3 in round 1
--- c2 case 0 rec 0   load 2.26 1.61 1.30
[TEST C2-FST]
Processing dataset...
Done!
Building trie...
Done!
build time: 14014.120101 ms (1401.412010 ns per key)
space cost: 224.266170 MB (65.322256% of original size 343.322754 MB)
Querying trie...
Done!
total time: 7062.656006 ms, avg latency: 706.265601 ns
topology: 7.652824 MB, link: 34.870965 MB, data: 181.742380 MB
--- Unary Path Analysis (FST, cutoff=4) ---
  shared unary steps in main trie: 126967
  terminal suffixes: inplace=0 (avg len=0.00)  links=10000000 (100.0% of terminal)
  link len: avg=28.51  max=30  total_chars=285103126
  link length distribution (len:count):  23:4  24:94  25:1324  26:21561  28:340409  29:4123330  30:5512548  31:730
14014.120101,224.266170,706.265601
[PASSED]
[time 30.26 s, user 27.86 s, sys 2.28 s, maxrss 3090368 KB]
[busy 3115 jiffies]
[exit 0]
--- c2 case 0 rec 1   load 1.62 1.53 1.29
[TEST C2-FST]
Processing dataset...
Done!
Building trie...
trie size: 47.664446 MB
Done!
build time: 26143.612304 ms (2614.361230 ns per key)
space cost: 224.266170 MB (65.322256% of original size 343.322754 MB)
Querying trie...
Done!
total time: 7118.197038 ms, avg latency: 711.819704 ns
topology: 7.652824 MB, link: 34.870965 MB, data: 181.742380 MB
--- Unary Path Analysis (FST, cutoff=4) ---
  shared unary steps in main trie: 126967
  terminal suffixes: inplace=0 (avg len=0.00)  links=10000000 (100.0% of terminal)
  link len: avg=28.51  max=30  total_chars=285103126
  link length distribution (len:count):  23:4  24:94  25:1324  26:21561  28:340409  29:4123330  30:5512548  31:730
26143.612304,224.266170,711.819704
[PASSED]
[time 42.44 s, user 39.54 s, sys 2.72 s, maxrss 3559760 KB]
[busy 4369 jiffies]
[exit 0]
--- c2 case 0 rec 2   load 1.32 1.46 1.27
[TEST C2-FST]
Processing dataset...
Done!
Building trie...
trie size: 47.664446 MB
Done!
build time: 25954.789025 ms (2595.478903 ns per key)
space cost: 224.266170 MB (65.322256% of original size 343.322754 MB)
Querying trie...
Done!
total time: 7188.182392 ms, avg latency: 718.818239 ns
topology: 7.652824 MB, link: 34.870965 MB, data: 181.742380 MB
--- Unary Path Analysis (FST, cutoff=4) ---
  shared unary steps in main trie: 126967
  terminal suffixes: inplace=0 (avg len=0.00)  links=10000000 (100.0% of terminal)
  link len: avg=28.51  max=30  total_chars=285103126
  link length distribution (len:count):  23:4  24:94  25:1324  26:21561  28:340409  29:4123330  30:5512548  31:730
25954.789025,224.266170,718.818239
[PASSED]
[time 42.29 s, user 39.46 s, sys 2.65 s, maxrss 3559728 KB]
[busy 4345 jiffies]
[exit 0]
--- c2 case 1 rec 0   load 1.15 1.39 1.26
[TEST C2-CoCo(LOUDS-Sparse)]
Processing dataset...
Done!
Building trie...
Done!
build time: 17681.501198 ms (1768.150120 ns per key)
space cost: 212.803069 MB (61.983386% of original size 343.322754 MB)
Querying trie...
Done!
total time: 7244.422861 ms, avg latency: 724.442286 ns
topology: 3.395058 MB, link: 36.016802 MB, data: 173.391209 MB
17681.501198,212.803069,724.442286
[PASSED]
[time 34.09 s, user 31.04 s, sys 2.91 s, maxrss 4160660 KB]
[busy 3504 jiffies]
[exit 0]
--- c2 case 1 rec 1   load 1.08 1.35 1.25
[TEST C2-CoCo(LOUDS-Sparse)]
Processing dataset...
Done!
Building trie...
trie size: 47.664446 MB
Done!
build time: 29649.815447 ms (2964.981545 ns per key)
space cost: 212.803069 MB (61.983386% of original size 343.322754 MB)
Querying trie...
Done!
total time: 7178.993701 ms, avg latency: 717.899370 ns
topology: 3.395058 MB, link: 36.016802 MB, data: 173.391209 MB
29649.815447,212.803069,717.899370
[PASSED]
[time 45.97 s, user 42.50 s, sys 3.27 s, maxrss 4630312 KB]
[busy 4729 jiffies]
[exit 0]
--- c2 case 1 rec 2   load 1.04 1.30 1.23
[TEST C2-CoCo(LOUDS-Sparse)]
Processing dataset...
Done!
Building trie...
trie size: 47.664446 MB
Done!
build time: 30058.790704 ms (3005.879070 ns per key)
space cost: 212.803069 MB (61.983386% of original size 343.322754 MB)
Querying trie...
Done!
total time: 7332.670052 ms, avg latency: 733.267005 ns
topology: 3.395058 MB, link: 36.016802 MB, data: 173.391209 MB
30058.790704,212.803069,733.267005
[PASSED]
[time 46.52 s, user 42.97 s, sys 3.35 s, maxrss 4629536 KB]
[busy 4782 jiffies]
[exit 0]
--- c2 case 2 rec 0   load 1.01 1.25 1.22
[TEST C2-MARISA]
Processing dataset...
Done!
Building trie...
trie size: 19.421587 MB
Done!
build time: 12895.628208 ms (1289.562821 ns per key)
space cost: 218.030363 MB (63.505946% of original size 343.322754 MB)
Querying trie...
Done!
total time: 5781.759706 ms, avg latency: 578.175971 ns
topology: 6.395802 MB, link: 33.418009 MB, data: 177.888428 MB
--- Unary Path Analysis (Marisa, cutoff=3) ---
  branches: 13314429  |  single-char: 3205780 (24.1%)  short-unary: 97508 (0.7%)  links: 10011141 (75.2%)
  link len: avg=30.48  max=32  total_chars=305143726
  link length distribution (len:count):  3:4393  4:6350  5:369  6:27  7:2  24:4  25:94  26:1324  27:21561  29:340409  30:4123330  31:5512548  32:730
  short unary avg len: 2.00
12895.628208,218.030363,578.175971
[PASSED]
[time 27.92 s, user 25.55 s, sys 2.25 s, maxrss 3004348 KB]
[busy 2870 jiffies]
[exit 0]
--- c2 case 2 rec 1   load 0.93 1.21 1.20
[TEST C2-MARISA]
Processing dataset...
Done!
Building trie...
trie size: 19.421587 MB
trie size: 47.697874 MB
Done!
build time: 25242.325470 ms (2524.232547 ns per key)
space cost: 218.030363 MB (63.505946% of original size 343.322754 MB)
Querying trie...
Done!
total time: 5790.359632 ms, avg latency: 579.035963 ns
topology: 6.395802 MB, link: 33.418009 MB, data: 177.888428 MB
--- Unary Path Analysis (Marisa, cutoff=3) ---
  branches: 13314429  |  single-char: 3205780 (24.1%)  short-unary: 97508 (0.7%)  links: 10011141 (75.2%)
  link len: avg=30.48  max=32  total_chars=305143726
  link length distribution (len:count):  3:4393  4:6350  5:369  6:27  7:2  24:4  25:94  26:1324  27:21561  29:340409  30:4123330  31:5512548  32:730
  short unary avg len: 2.00
25242.325470,218.030363,579.035963
[PASSED]
[time 40.30 s, user 37.43 s, sys 2.70 s, maxrss 3497960 KB]
[busy 4142 jiffies]
[exit 0]
--- c2 case 2 rec 2   load 0.96 1.18 1.19
[TEST C2-MARISA]
Processing dataset...
Done!
Building trie...
trie size: 19.421587 MB
trie size: 47.697874 MB
Done!
build time: 25163.493135 ms (2516.349313 ns per key)
space cost: 218.030363 MB (63.505946% of original size 343.322754 MB)
Querying trie...
Done!
total time: 5773.296928 ms, avg latency: 577.329693 ns
topology: 6.395802 MB, link: 33.418009 MB, data: 177.888428 MB
--- Unary Path Analysis (Marisa, cutoff=3) ---
  branches: 13314429  |  single-char: 3205780 (24.1%)  short-unary: 97508 (0.7%)  links: 10011141 (75.2%)
  link len: avg=30.48  max=32  total_chars=305143726
  link length distribution (len:count):  3:4393  4:6350  5:369  6:27  7:2  24:4  25:94  26:1324  27:21561  29:340409  30:4123330  31:5512548  32:730
  short unary avg len: 2.00
25163.493135,218.030363,577.329693
[PASSED]
[time 40.15 s, user 37.29 s, sys 2.70 s, maxrss 3498120 KB]
[busy 4132 jiffies]
[exit 0]
--- c2 case 3 rec 0   load 1.03 1.17 1.19
[TEST FST]
Processing dataset...
Done!
Building trie...
Done!
build time: 10528.626994 ms (1052.862699 ns per key)
space cost: 341.746040 MB (99.540749% of original size 343.322754 MB)
Querying trie...
Done!
total time: 7031.891978 ms, avg latency: 703.189198 ns
not implemented
10528.626994,341.746040,703.189198
[PASSED]
[time 26.79 s, user 25.04 s, sys 1.63 s, maxrss 1916792 KB]
[busy 2748 jiffies]
[exit 0]
--- c2 case 4 rec 0   skipped: exit 134 in round 1
--- c2 case 5 rec 0   load 1.01 1.15 1.18
[TEST MARISA]
Processing dataset...
Done!
Building trie...
Done!
build time: 7912.481005 ms (791.248100 ns per key)
space cost: 346.565342 MB (100.944472% of original size 343.322754 MB)
Querying trie...
Done!
total time: 8012.940863 ms, avg latency: 801.294086 ns
not implemented
7912.481005,346.565342,801.294086
[PASSED]
[time 24.92 s, user 22.90 s, sys 1.91 s, maxrss 2465088 KB]
[busy 2561 jiffies]
[exit 0]
--- c2 case 5 rec 1   load 1.01 1.14 1.17
[TEST MARISA]
Processing dataset...
Done!
Building trie...
Done!
build time: 12813.415179 ms (1281.341518 ns per key)
space cost: 330.987365 MB (96.407058% of original size 343.322754 MB)
Querying trie...
Done!
total time: 15398.064499 ms, avg latency: 1539.806450 ns
not implemented
12813.415179,330.987365,1539.806450
[PASSED]
[time 37.20 s, user 34.88 s, sys 2.16 s, maxrss 2416484 KB]
[busy 3824 jiffies]
[exit 0]
--- c2 case 5 rec 2   load 0.92 1.10 1.16
[TEST MARISA]
Processing dataset...
Done!
Building trie...
Done!
build time: 16559.644463 ms (1655.964446 ns per key)
space cost: 316.683807 MB (92.240844% of original size 343.322754 MB)
Querying trie...
Done!
total time: 23424.267934 ms, avg latency: 2342.426793 ns
not implemented
16559.644463,316.683807,2342.426793
[PASSED]
[time 48.89 s, user 46.31 s, sys 2.38 s, maxrss 2381616 KB]
[busy 5026 jiffies]
[exit 0]
--- c2 case 6 rec 0   load 0.89 1.07 1.15
[TEST PDT]
Processing dataset...
Done!
Building trie...
dict size: 166678, stream size: 192351068
Done!
build time: 127195.616728 ms (12719.561673 ns per key)
space cost: 196.364757 MB (57.195381% of original size 343.322754 MB)
Querying trie...
Done!
total time: 11553.384363 ms, avg latency: 1155.338436 ns
not implemented
127195.616728,196.364757,1155.338436
[PASSED]
[time 147.91 s, user 143.57 s, sys 3.76 s, maxrss 2858380 KB]
[busy 15207 jiffies]
[exit 0]
--- c2 case 7 rec 0   load 1.12 1.07 1.13
[TEST ART]
Processing dataset...
Done!
Building trie...
Done!
build time: 2180.918293 ms (218.091829 ns per key)
space cost: 274.100403 MB (79.837529% of original size 343.322754 MB)
Querying trie...
Done!
total time: 5120.149150 ms, avg latency: 512.014915 ns
not implemented
2180.918293,274.100403,512.014915
[PASSED]
[time 16.62 s, user 15.18 s, sys 1.37 s, maxrss 2232156 KB]
[busy 1704 jiffies]
[exit 0]
--- c2 case 8 rec 0   load 1.08 1.06 1.13
[TEST CART]
Processing dataset...
Done!
Building trie...
Done!
build time: 2476.098038 ms (247.609804 ns per key)
space cost: 120.320314 MB (35.045832% of original size 343.322754 MB)
Querying trie...
Done!
total time: 5345.285183 ms, avg latency: 534.528518 ns
not implemented
2476.098038,120.320314,534.528518
[PASSED]
[time 17.02 s, user 15.65 s, sys 1.30 s, maxrss 2096684 KB]
[busy 1749 jiffies]
[exit 0]
--- xcdat 7   load 1.06 1.06 1.12
build time: 11431.358087 ms
space cost: 365.827440 MiB (106.554965% of original size 343.322754 MiB)
avg latency: 668.990004 ns
11431.358087,365.827440,668.990004
[time 27.27 s, user 25.22 s, sys 1.94 s, maxrss 1989332 KB]
[busy 2803 jiffies]
[exit 0]
--- xcdat 8   load 1.04 1.05 1.12
build time: 10359.689061 ms
space cost: 357.688156 MiB (104.184227% of original size 343.322754 MiB)
avg latency: 616.684524 ns
10359.689061,357.688156,616.684524
[time 25.68 s, user 23.62 s, sys 1.95 s, maxrss 1959780 KB]
[busy 2644 jiffies]
[exit 0]
--- xcdat 15   load 1.02 1.05 1.11
build time: 10539.150738 ms
space cost: 367.954617 MiB (107.174550% of original size 343.322754 MiB)
avg latency: 553.748674 ns
10539.150738,367.954617,553.748674
[time 25.24 s, user 23.17 s, sys 1.96 s, maxrss 1946604 KB]
[busy 2584 jiffies]
[exit 0]
--- xcdat 16   load 1.01 1.04 1.11
build time: 10386.019926 ms
space cost: 371.930763 MiB (108.332687% of original size 343.322754 MiB)
avg latency: 563.394535 ns
10386.019926,371.930763,563.394535
[time 25.19 s, user 23.15 s, sys 1.92 s, maxrss 1955380 KB]
[busy 2594 jiffies]
[exit 0]

campaign done 2026-09-26T09:02:08+03:00, load 1.13 1.07 1.11
